0.41185200214385986,0.7094006538391113,4.624477583092812e-07,0.48176321387290955,0.6204249858856201,0.0037451100070029497,0.5346662998199463,0.5209412574768066,-0.011082698591053486,0.5820500254631042,0.4672711193561554,-0.033872004598379135,0.6344443559646606,0.4225998520851135,-0.05825096741318703,0.4297308921813965,0.37969720363616943,-0.008762496523559093,0.4292568862438202,0.25974440574645996,-0.042888715863227844,0.4582365155220032,0.19828404486179352,-0.06874829530715942,0.496591717004776,0.15888595581054688,-0.08657533675432205,0.40406855940818787,0.39675652980804443,-0.03822757676243782,0.4026471674442291,0.25012868642807007,-0.07239019125699997,0.44808024168014526,0.18491390347480774,-0.09675105661153793,0.49974700808525085,0.15460145473480225,-0.11315848678350449,0.3883049786090851,0.4313930869102478,-0.07040729373693466,0.3900063633918762,0.2818189263343811,-0.10171906650066376,0.4325045347213745,0.21091005206108093,-0.11921755224466324,0.4784972369670868,0.16817837953567505,-0.13059549033641815,0.3876205086708069,0.4775260090827942,-0.10300933569669724,0.3944459557533264,0.36765992641448975,-0.13084672391414642,0.41193222999572754,0.2899104058742523,-0.14585323631763458,0.43280982971191406,0.22917598485946655,-0.15631930530071259
0.3836749196052551,0.6929130554199219,5.449001605484227e-07,0.45045316219329834,0.6179229021072388,-0.0028663245029747486,0.5006173253059387,0.5237950086593628,-0.025091763585805893,0.5526105165481567,0.4742373526096344,-0.05390257015824318,0.6067538857460022,0.43545737862586975,-0.08544395864009857,0.4035463333129883,0.3814747631549835,-0.031805962324142456,0.40410667657852173,0.2585078477859497,-0.0737888514995575,0.44774362444877625,0.21108849346637726,-0.10478971153497696,0.49569255113601685,0.18939948081970215,-0.12605862319469452,0.379584401845932,0.4031004309654236,-0.0601092167198658,0.3801656663417816,0.2528163492679596,-0.10486254096031189,0.440585732460022,0.20689897239208221,-0.13739286363124847,0.49715349078178406,0.2001587599515915,-0.15899649262428284,0.3604823648929596,0.44219720363616943,-0.08988655358552933,0.3576924204826355,0.29189085960388184,-0.1276010423898697,0.4123096168041229,0.23747360706329346,-0.15162746608257294,0.46381160616874695,0.21605192124843597,-0.16757632791996002,0.350640207529068,0.49367332458496094,-0.12004909664392471,0.3528786599636078,0.38881081342697144,-0.15426072478294373,0.38134366273880005,0.31478774547576904,-0.17604772746562958,0.4128890335559845,0.2616316080093384,-0.19170226156711578
0.3794398903846741,0.6980865001678467,5.112182748234773e-07,0.4476092457771301,0.6179363131523132,0.0011449529556557536,0.4975978136062622,0.5219447612762451,-0.018643537536263466,0.547760546207428,0.47168031334877014,-0.0457824245095253,0.6010711193084717,0.4334627687931061,-0.07570034265518188,0.3993103802204132,0.3832712769508362,-0.0282294824719429,0.39967289566993713,0.26273754239082336,-0.06931710243225098,0.44173693656921387,0.21485896408557892,-0.09949866682291031,0.489047646522522,0.19291314482688904,-0.12007642537355423,0.37455010414123535,0.40600600838661194,-0.05803360417485237,0.37647104263305664,0.25714871287345886,-0.10123908519744873,0.43512946367263794,0.20742696523666382,-0.13232572376728058,0.4911113381385803,0.19727823138237,-0.15299345552921295,0.35592156648635864,0.4451897144317627,-0.08915627002716064,0.3561041057109833,0.2948310971260071,-0.12636448442935944,0.4095364212989807,0.23671165108680725,-0.1500222235918045,0.46080970764160156,0.2116037905216217,-0.1655248999595642,0.3483736217021942,0.49574941396713257,-0.12027536332607269,0.3533620238304138,0.390582799911499,-0.15420933067798615,0.37996596097946167,0.3162696957588196,-0.17553408443927765,0.41011756658554077,0.2629573345184326,-0.19057367742061615
0.37912625074386597,0.6911277770996094,5.332530577106809e-07,0.4452495872974396,0.6156104803085327,-0.0017377887852489948,0.4967041015625,0.5214744210243225,-0.021608300507068634,0.547840416431427,0.471824049949646,-0.04808458313345909,0.6016955375671387,0.43469080328941345,-0.07674400508403778,0.39880406856536865,0.3808717727661133,-0.026246681809425354,0.4025847315788269,0.2635883688926697,-0.065970778465271,0.4429941773414612,0.21472591161727905,-0.09500184655189514,0.4888383448123932,0.1915377378463745,-0.11443319916725159,0.37398606538772583,0.40025436878204346,-0.053381867706775665,0.3783365488052368,0.25493621826171875,-0.09380459040403366,0.43385353684425354,0.20332546532154083,-0.1220633015036583,0.4885675013065338,0.1912948042154312,-0.1404505968093872,0.3558674156665802,0.43697553873062134,-0.08235429227352142,0.35888195037841797,0.2899271845817566,-0.1172371581196785,0.40959399938583374,0.23037073016166687,-0.13776633143424988,0.4597759544849396,0.2027473747730255,-0.15065938234329224,0.34913918375968933,0.48583295941352844,-0.11177130788564682,0.35683661699295044,0.38142168521881104,-0.14270813763141632,0.3814787268638611,0.3080311417579651,-0.16071845591068268,0.4102537930011749,0.25541952252388,-0.17291885614395142
0.36516809463500977,0.6986404657363892,4.7212813569785794e-07,0.43914371728897095,0.6219925284385681,0.003155210055410862,0.494880348443985,0.5291876792907715,-0.017226126044988632,0.5454859733581543,0.4815311133861542,-0.04569827392697334,0.5970863103866577,0.4394356906414032,-0.07721327245235443,0.394131064414978,0.38586658239364624,-0.029568759724497795,0.4062233865261078,0.2692510187625885,-0.07272370159626007,0.45696020126342773,0.23421160876750946,-0.10583098232746124,0.5107927322387695,0.22900663316249847,-0.12871360778808594,0.3687303364276886,0.4102526903152466,-0.06220727413892746,0.3855457901954651,0.2619645297527313,-0.11005116999149323,0.45283669233322144,0.2303299456834793,-0.14739152789115906,0.5132783651351929,0.23727963864803314,-0.1721317023038864,0.35236284136772156,0.4502298831939697,-0.09550829976797104,0.3659592866897583,0.30499589443206787,-0.13582082092761993,0.4291330575942993,0.2578318119049072,-0.16555997729301453,0.48680973052978516,0.24524614214897156,-0.18528862297534943,0.3489520251750946,0.5018842220306396,-0.12832330167293549,0.3656502366065979,0.39693179726600647,-0.16266565024852753,0.3972071409225464,0.32576072216033936,-0.18714496493339539,0.4308769404888153,0.27836790680885315,-0.20532700419425964
0.3669944405555725,0.6898244619369507,5.672202405548887e-07,0.4406966269016266,0.6137262582778931,0.0009475699043832719,0.49625539779663086,0.525336742401123,-0.022072207182645798,0.5515755414962769,0.4836202561855316,-0.05247490108013153,0.6082413792610168,0.45163270831108093,-0.08596211671829224,0.39343777298927307,0.37913787364959717,-0.037143491208553314,0.408272922039032,0.26229292154312134,-0.08284930884838104,0.4593513309955597,0.22217655181884766,-0.11703070998191833,0.5137431025505066,0.2115083634853363,-0.14031992852687836,0.3690415620803833,0.40386804938316345,-0.0685882642865181,0.38834095001220703,0.25557780265808105,-0.11709052324295044,0.45549580454826355,0.22002296149730682,-0.15243837237358093,0.5167427062988281,0.22182464599609375,-0.1759280115365982,0.35450634360313416,0.4451290965080261,-0.10054908692836761,0.37135204672813416,0.3010965585708618,-0.14134672284126282,0.43266743421554565,0.2529546022415161,-0.1687813401222229,0.48858872056007385,0.2371489256620407,-0.1868506520986557,0.35415324568748474,0.49837157130241394,-0.13221299648284912,0.3741720914840698,0.3958189785480499,-0.1666753888130188,0.4055519104003906,0.32728880643844604,-0.18909478187561035,0.43838632106781006,0.2812422513961792,-0.20543833076953888
0.3640403747558594,0.6899738311767578,5.95483811594022e-07,0.4397618770599365,0.6145020127296448,0.0008380668587051332,0.4969392418861389,0.5237619280815125,-0.02179793454706669,0.5515393018722534,0.4794079661369324,-0.05214556306600571,0.6091434359550476,0.4460431933403015,-0.0853695496916771,0.391463041305542,0.37537726759910583,-0.03357432782649994,0.4117549657821655,0.2541840076446533,-0.0796312540769577,0.4613182544708252,0.2087050825357437,-0.1141546294093132,0.5152249932289124,0.19206911325454712,-0.13796286284923553,0.3675963282585144,0.4006684124469757,-0.06598209589719772,0.3906613886356354,0.24890977144241333,-0.11649970710277557,0.4578718841075897,0.21154896914958954,-0.1532597541809082,0.5205159187316895,0.20995411276817322,-0.17722168564796448,0.35374540090560913,0.44156354665756226,-0.09939943253993988,0.37479349970817566,0.2931733727455139,-0.14252127707004547,0.437833309173584,0.24301664531230927,-0.17129555344581604,0.4955473840236664,0.22379596531391144,-0.1897430717945099,0.35407647490501404,0.4934016466140747,-0.13257858157157898,0.37603768706321716,0.3900217115879059,-0.1685214787721634,0.4071500301361084,0.3199256360530853,-0.19224992394447327,0.43889668583869934,0.27077382802963257,-0.20952993631362915
0.3670423626899719,0.6899091005325317,5.635139359583263e-07,0.4407692849636078,0.6107473373413086,0.004018012434244156,0.49683985114097595,0.5182210206985474,-0.016838913783431053,0.5513718724250793,0.47182974219322205,-0.04507608339190483,0.6088467836380005,0.4358901083469391,-0.07626460492610931,0.38901418447494507,0.37590962648391724,-0.03304808959364891,0.40922972559928894,0.25433745980262756,-0.0760626569390297,0.4533352255821228,0.20147451758384705,-0.10640924423933029,0.5014930367469788,0.17571067810058594,-0.12706784904003143,0.3644305169582367,0.40010470151901245,-0.06528216600418091,0.3833669126033783,0.24509531259536743,-0.10976442694664001,0.44421476125717163,0.1918792724609375,-0.13879910111427307,0.5026827454566956,0.17560870945453644,-0.15797506272792816,0.3519197106361389,0.4408293664455414,-0.09834093600511551,0.37022629380226135,0.2873471677303314,-0.13795430958271027,0.42598405480384827,0.22480860352516174,-0.16095897555351257,0.4787333905696869,0.19162313640117645,-0.17586223781108856,0.3563828766345978,0.4919508099555969,-0.13086576759815216,0.37557846307754517,0.3875148296356201,-0.1670735627412796,0.40348687767982483,0.31564176082611084,-0.18831650912761688,0.43278154730796814,0.26204991340637207,-0.20303961634635925
0.3739149868488312,0.6931686401367188,6.029967494214361e-07,0.4440421462059021,0.6196568012237549,-0.006423571612685919,0.4960101246833801,0.5299742817878723,-0.025120723992586136,0.5498037338256836,0.4859301745891571,-0.048277273774147034,0.6036233901977539,0.45516782999038696,-0.07484830915927887,0.4042576551437378,0.3886820673942566,-0.031952761113643646,0.4158022999763489,0.2664124369621277,-0.06891784816980362,0.4311108887195587,0.18568474054336548,-0.0961097851395607,0.45057764649391174,0.1190258264541626,-0.11648466438055038,0.3800855875015259,0.40519243478775024,-0.058043256402015686,0.39198780059814453,0.26165929436683655,-0.09495878219604492,0.4172603487968445,0.1718827486038208,-0.123279869556427,0.4432579278945923,0.09551286697387695,-0.1447150707244873,0.3608689308166504,0.4421294927597046,-0.08609708398580551,0.3692629337310791,0.297414630651474,-0.1229545921087265,0.39292001724243164,0.2079937607049942,-0.14757855236530304,0.41573190689086914,0.13492581248283386,-0.16477523744106293,0.3516838252544403,0.4927447438240051,-0.1145174503326416,0.362937331199646,0.38829684257507324,-0.14918117225170135,0.379087895154953,0.31168270111083984,-0.1690036505460739,0.3951995372772217,0.24477817118167877,-0.18353384733200073
0.37518447637557983,0.6989291906356812,6.525934281853552e-07,0.4420722723007202,0.6272580623626709,-0.010027328506112099,0.4964037835597992,0.5389528870582581,-0.032171618193387985,0.5509645342826843,0.4951220750808716,-0.05828144773840904,0.6060466766357422,0.4629814326763153,-0.08762390166521072,0.40418219566345215,0.39538997411727905,-0.037969306111335754,0.4197652339935303,0.27441859245300293,-0.07700646668672562,0.43968266248703003,0.19757080078125,-0.10513704270124435,0.4643445611000061,0.13451984524726868,-0.12575839459896088,0.37913572788238525,0.4128555357456207,-0.06225401908159256,0.39224153757095337,0.27093756198883057,-0.09957965463399887,0.421537846326828,0.18663129210472107,-0.12708868086338043,0.4525151252746582,0.11652261018753052,-0.148004412651062,0.36073434352874756,0.4510901868343353,-0.08884020149707794,0.37067949771881104,0.3075696527957916,-0.12587937712669373,0.3971724510192871,0.2222319394350052,-0.15036678314208984,0.42439404129981995,0.15315744280815125,-0.16763339936733246,0.35423511266708374,0.5032547116279602,-0.116085946559906,0.3678881824016571,0.4009358286857605,-0.15082214772701263,0.3843911290168762,0.325173944234848,-0.17128758132457733,0.4013521075248718,0.25856372714042664,-0.18642300367355347
0.3725704550743103,0.6929693818092346,6.573027349077165e-07,0.4390334188938141,0.6215591430664062,-0.010479544289410114,0.4933384656906128,0.5313620567321777,-0.03300241380929947,0.5461413860321045,0.4866131544113159,-0.05919087678194046,0.6016854047775269,0.45419183373451233,-0.08806338906288147,0.39797016978263855,0.38647353649139404,-0.038021184504032135,0.414096474647522,0.2696154713630676,-0.07673539966344833,0.4366908669471741,0.19682228565216064,-0.10449382662773132,0.4647621214389801,0.1382899284362793,-0.1244327500462532,0.37114769220352173,0.4042394757270813,-0.061239540576934814,0.3874873220920563,0.26490795612335205,-0.09761112183332443,0.42208969593048096,0.18642258644104004,-0.1231527328491211,0.4588432013988495,0.1247098445892334,-0.14227819442749023,0.3531780242919922,0.44158780574798584,-0.08682556450366974,0.36681246757507324,0.300883412361145,-0.12298240512609482,0.3991505801677704,0.22038453817367554,-0.14514465630054474,0.4328882396221161,0.15808841586112976,-0.16026106476783752,0.3480779528617859,0.49241209030151367,-0.1131996139883995,0.36265963315963745,0.39034563302993774,-0.14658905565738678,0.3809664249420166,0.3166760802268982,-0.16528387367725372,0.40103206038475037,0.2535792887210846,-0.17860007286071777
0.3635581433773041,0.6962114572525024,5.030747161072213e-07,0.42921000719070435,0.6033617258071899,0.008425121195614338,0.47582337260246277,0.503935694694519,-0.005475484766066074,0.5233756303787231,0.4536316692829132,-0.02948113903403282,0.5753925442695618,0.4133647680282593,-0.05576973408460617,0.36896196007728577,0.373900443315506,-0.0008994609815999866,0.3663609027862549,0.2589144706726074,-0.034271739423274994,0.40379276871681213,0.20657667517662048,-0.061539385467767715,0.44821447134017944,0.18049828708171844,-0.07998400181531906,0.344794899225235,0.3943348228931427,-0.032630886882543564,0.33859264850616455,0.25248780846595764,-0.06730124354362488,0.38990122079849243,0.19486208260059357,-0.09503459930419922,0.44535499811172485,0.18058674037456512,-0.11300664395093918,0.32992175221443176,0.4291611611843109,-0.06663724035024643,0.32396483421325684,0.2849028706550598,-0.09679444879293442,0.371627539396286,0.22018598020076752,-0.11705654114484787,0.4228960871696472,0.19130370020866394,-0.12986961007118225,0.3290797472000122,0.4734909236431122,-0.10082872211933136,0.3348373472690582,0.367484450340271,-0.1281035840511322,0.3619200885295868,0.2958698570728302,-0.14403456449508667,0.39540770649909973,0.24699126183986664,-0.15455953776836395
0.3607838451862335,0.6908196806907654,4.815875058739039e-07,0.4285740554332733,0.6001666188240051,0.006304432172328234,0.4749562442302704,0.4987492859363556,-0.005965060088783503,0.5231966972351074,0.4469037353992462,-0.027864981442689896,0.5739786624908447,0.4043838679790497,-0.05154389515519142,0.3718227446079254,0.37015271186828613,0.0015016504330560565,0.3703097701072693,0.2552667260169983,-0.030508412048220634,0.4079324007034302,0.2063264399766922,-0.056634075939655304,0.45250993967056274,0.18536676466464996,-0.07391834259033203,0.34563347697257996,0.38851332664489746,-0.027771931141614914,0.3351050615310669,0.24919484555721283,-0.06237036734819412,0.3865731358528137,0.19704720377922058,-0.0897202417254448,0.44275790452957153,0.19156625866889954,-0.10622852295637131,0.3279992938041687,0.4220944046974182,-0.05967564135789871,0.31343531608581543,0.2797619700431824,-0.08959238231182098,0.36022499203681946,0.21962440013885498,-0.10932739824056625,0.4125112295150757,0.19777564704418182,-0.120743528008461,0.3241270184516907,0.46577775478363037,-0.09208089858293533,0.3236832618713379,0.3618885278701782,-0.11958801001310349,0.34962937235832214,0.29139912128448486,-0.13609768450260162,0.3831963837146759,0.24523577094078064,-0.14633622765541077
0.36164629459381104,0.6907991170883179,5.012103656554245e-07,0.4273872375488281,0.6021121740341187,0.004206217359751463,0.4751564562320709,0.5037720799446106,-0.011319005861878395,0.5240339636802673,0.4534245431423187,-0.0361967608332634,0.5757024884223938,0.4097185432910919,-0.0628931000828743,0.37081021070480347,0.3723953068256378,-0.0033396664075553417,0.36644941568374634,0.2593730092048645,-0.03652961179614067,0.4053219258785248,0.213070809841156,-0.06400228291749954,0.4507875442504883,0.19455064833164215,-0.08240678906440735,0.3445652425289154,0.3917926251888275,-0.032389700412750244,0.3358919620513916,0.25486671924591064,-0.06660783290863037,0.38905325531959534,0.2042209357023239,-0.09443600475788116,0.4456157088279724,0.19777438044548035,-0.11242636293172836,0.32803428173065186,0.42581185698509216,-0.06399095058441162,0.3188600242137909,0.28531211614608765,-0.09314670413732529,0.367983341217041,0.22726447880268097,-0.11272841691970825,0.4210197925567627,0.20648057758808136,-0.12504681944847107,0.32559934258461,0.47031405568122864,-0.09624316543340683,0.32998335361480713,0.3658024072647095,-0.12193059921264648,0.3586605191230774,0.2975939214229584,-0.13684208691120148,0.3936956226825714,0.2537785768508911,-0.1466265767812729
0.3627971112728119,0.6824182271957397,4.916731768389582e-07,0.43080592155456543,0.5942654609680176,0.007310883607715368,0.48186028003692627,0.4956483840942383,-0.007462882436811924,0.5308904647827148,0.44501057267189026,-0.031954675912857056,0.5828741192817688,0.40180888772010803,-0.0583827830851078,0.3786732852458954,0.3599410653114319,-0.0025635636411607265,0.3801172375679016,0.24602919816970825,-0.03574332594871521,0.42168399691581726,0.20110848546028137,-0.06302765756845474,0.46840453147888184,0.18463967740535736,-0.08114514499902725,0.35308927297592163,0.3790237307548523,-0.03300866484642029,0.349417120218277,0.23829148709774017,-0.06714966893196106,0.404796838760376,0.18906937539577484,-0.09422885626554489,0.4618797302246094,0.18557630479335785,-0.11158706992864609,0.33660799264907837,0.4131668210029602,-0.06562976539134979,0.33278828859329224,0.26866668462753296,-0.0944933295249939,0.3842318654060364,0.2121732234954834,-0.11332886666059494,0.4380462169647217,0.19388291239738464,-0.1251721829175949,0.3346063494682312,0.4582008719444275,-0.09857850521802902,0.34444519877433777,0.3527160882949829,-0.12449648976325989,0.3753013610839844,0.28450411558151245,-0.13959647715091705,0.41115254163742065,0.24132518470287323,-0.14941248297691345
0.36516496539115906,0.6773731708526611,5.10175368617638e-07,0.4352266490459442,0.5899385213851929,0.007436402607709169,0.4880945086479187,0.4933382272720337,-0.008197537623345852,0.5382992029190063,0.4448171555995941,-0.03382754325866699,0.5918437242507935,0.40192294120788574,-0.061615489423274994,0.3865731954574585,0.3569946885108948,-0.0030564111657440662,0.3929654061794281,0.24023698270320892,-0.035696208477020264,0.43354299664497375,0.19390814006328583,-0.06214224174618721,0.4790272116661072,0.1757718324661255,-0.0797819197177887,0.3604339361190796,0.375188410282135,-0.034062985330820084,0.35915717482566833,0.23187580704689026,-0.06685607880353928,0.41290906071662903,0.18099384009838104,-0.09262188524007797,0.4692144989967346,0.17581665515899658,-0.109434574842453,0.34372812509536743,0.4088677763938904,-0.06727433949708939,0.3408432602882385,0.26287466287612915,-0.09487567096948624,0.38983577489852905,0.20365598797798157,-0.11246933043003082,0.44220301508903503,0.1824268400669098,-0.12396857887506485,0.34197473526000977,0.45311781764030457,-0.10090984404087067,0.3512531816959381,0.34757986664772034,-0.12581469118595123,0.3808349668979645,0.2780185639858246,-0.13993266224861145,0.4156591594219208,0.23311126232147217,-0.14932607114315033
0.3708295226097107,0.6806493997573853,4.279319227862288e-07,0.4422694742679596,0.6025298237800598,0.004952172748744488,0.4981963038444519,0.5178713798522949,-0.0084243044257164,0.5471200346946716,0.47585198283195496,-0.030547499656677246,0.594917356967926,0.43024879693984985,-0.054325226694345474,0.40964099764823914,0.35533493757247925,-0.0009755316423252225,0.41484326124191284,0.23788230121135712,-0.031935710459947586,0.4517984092235565,0.18910865485668182,-0.05846220999956131,0.4950731694698334,0.16893979907035828,-0.07579363882541656,0.383624792098999,0.3705895245075226,-0.02940257266163826,0.37860289216041565,0.23010653257369995,-0.06073736026883125,0.4282211363315582,0.1787821501493454,-0.08794093877077103,0.48362264037132263,0.17046944797039032,-0.10601653158664703,0.36601826548576355,0.40273383259773254,-0.06036702170968056,0.3582506477832794,0.2601098120212555,-0.08750167489051819,0.4019330143928528,0.19968189299106598,-0.10851241648197174,0.45329299569129944,0.1791742742061615,-0.12232081592082977,0.3617018163204193,0.4482313394546509,-0.09183783084154129,0.36718714237213135,0.33992457389831543,-0.11653319746255875,0.39302152395248413,0.2684652805328369,-0.13230495154857635,0.4253590703010559,0.22574523091316223,-0.14291726052761078
0.368834912776947,0.6745496988296509,5.207044182498066e-07,0.4387022852897644,0.6018804311752319,-0.0008400701335631311,0.5009970664978027,0.5234478712081909,-0.022678285837173462,0.5587361454963684,0.4981842637062073,-0.052394937723875046,0.6163088083267212,0.47692787647247314,-0.084032341837883,0.42334431409835815,0.3492513597011566,-0.019902389496564865,0.42875936627388,0.22817090153694153,-0.05965428426861763,0.4726715683937073,0.1855856478214264,-0.09157423675060272,0.5209181904792786,0.1750519722700119,-0.11218366026878357,0.3968639373779297,0.36787402629852295,-0.047916993498802185,0.3984675407409668,0.22062021493911743,-0.08851099759340286,0.4558337330818176,0.17918428778648376,-0.119919553399086,0.5131402015686035,0.18296416103839874,-0.139998659491539,0.3756357431411743,0.40437811613082886,-0.07797996699810028,0.37791478633880615,0.25483137369155884,-0.11106180399656296,0.43250545859336853,0.20531736314296722,-0.13466063141822815,0.48801591992378235,0.1952851116657257,-0.14942964911460876,0.36648595333099365,0.45701152086257935,-0.1086815670132637,0.38133352994918823,0.3525136113166809,-0.13717801868915558,0.41292116045951843,0.2865825295448303,-0.15520314872264862,0.44660255312919617,0.24917815625667572,-0.16706542670726776
0.3674147129058838,0.6775649785995483,5.191953960093088e-07,0.44014209508895874,0.6036312580108643,0.00048546952893957496,0.5028784275054932,0.5289291143417358,-0.02184886857867241,0.5604540109634399,0.5073426365852356,-0.052237048745155334,0.6198986172676086,0.4897502660751343,-0.08462677896022797,0.42890796065330505,0.3490569293498993,-0.020726051181554794,0.4297525882720947,0.22968913614749908,-0.06290435791015625,0.4732353091239929,0.18219776451587677,-0.09648413956165314,0.523281991481781,0.16562265157699585,-0.11836733669042587,0.4043281078338623,0.36763620376586914,-0.05068523436784744,0.40564680099487305,0.22007890045642853,-0.09289924800395966,0.46433693170547485,0.17617002129554749,-0.12533584237098694,0.5223938226699829,0.1755334436893463,-0.1464259922504425,0.38428518176078796,0.4048709273338318,-0.08273494988679886,0.386377215385437,0.25663408637046814,-0.11801592260599136,0.44345712661743164,0.20976945757865906,-0.1425287425518036,0.49932441115379333,0.20079627633094788,-0.15785153210163116,0.3756471276283264,0.4596911668777466,-0.11525709927082062,0.3864869475364685,0.35645851492881775,-0.14574550092220306,0.41871047019958496,0.2923562228679657,-0.16486617922782898,0.4527232050895691,0.2544722557067871,-0.17756837606430054
0.36712586879730225,0.6748625636100769,5.097375606055721e-07,0.4432604908943176,0.6016401052474976,0.0022866609506309032,0.5044898986816406,0.5276334285736084,-0.01980804093182087,0.5616745948791504,0.5056501626968384,-0.05048249289393425,0.6217613220214844,0.48823273181915283,-0.08365114033222198,0.42970898747444153,0.3495926260948181,-0.023277847096323967,0.4305342435836792,0.2286567986011505,-0.06668592244386673,0.4737471044063568,0.1810975819826126,-0.10079580545425415,0.5236781239509583,0.16527241468429565,-0.12342087924480438,0.4052295386791229,0.36909735202789307,-0.0553002804517746,0.4089243412017822,0.21899370849132538,-0.10015629976987839,0.46892136335372925,0.17649638652801514,-0.13477006554603577,0.5273916721343994,0.17615477740764618,-0.1573677808046341,0.3858606219291687,0.4075295031070709,-0.08901531994342804,0.3903464078903198,0.25765782594680786,-0.12675069272518158,0.44927778840065,0.2115771472454071,-0.153792142868042,0.5057464838027954,0.20371407270431519,-0.17077840864658356,0.3784013092517853,0.4636363387107849,-0.1228102371096611,0.38947319984436035,0.35961511731147766,-0.15538211166858673,0.4211660623550415,0.2948252558708191,-0.1766798347234726,0.4540717899799347,0.25666433572769165,-0.19120697677135468
0.370158314704895,0.6565571427345276,5.515470888894924e-07,0.44633957743644714,0.5824897289276123,-0.0007064449600875378,0.5088086128234863,0.5042587518692017,-0.024464517831802368,0.565583348274231,0.4778507649898529,-0.0568438395857811,0.6238997578620911,0.4551420211791992,-0.09199518710374832,0.42592641711235046,0.33869385719299316,-0.029087204486131668,0.4275423288345337,0.21693216264247894,-0.07593901455402374,0.4792545735836029,0.17807811498641968,-0.11416713893413544,0.533682107925415,0.17137467861175537,-0.13934628665447235,0.39943039417266846,0.3596136271953583,-0.060527678579092026,0.4020371437072754,0.20541690289974213,-0.1115531474351883,0.46977850794792175,0.1828712522983551,-0.15264256298542023,0.5297673344612122,0.20069387555122375,-0.1785975694656372,0.3791378140449524,0.39697766304016113,-0.09307490289211273,0.38203147053718567,0.24928225576877594,-0.1351415365934372,0.4504604637622833,0.21854804456233978,-0.16685931384563446,0.510545015335083,0.22888565063476562,-0.18576949834823608,0.37018582224845886,0.45170077681541443,-0.12577103078365326,0.38386833667755127,0.3480694890022278,-0.15981923043727875,0.42816323041915894,0.2983819246292114,-0.18279317021369934,0.4714806377887726,0.27993860840797424,-0.19829028844833374
0.3713054656982422,0.6412385702133179,5.227724955148005e-07,0.44290608167648315,0.5788937211036682,-0.010834346525371075,0.5017655491828918,0.49897587299346924,-0.037059083580970764,0.5586339831352234,0.46576032042503357,-0.06949133425951004,0.614768385887146,0.44234704971313477,-0.10404124110937119,0.42580193281173706,0.34804847836494446,-0.03668719902634621,0.433561772108078,0.22274675965309143,-0.08326017111539841,0.4898473918437958,0.21131514012813568,-0.11971689015626907,0.5416040420532227,0.23321445286273956,-0.14250093698501587,0.40104442834854126,0.36172524094581604,-0.06061006709933281,0.40618807077407837,0.21073003113269806,-0.10914108157157898,0.47738829255104065,0.20468871295452118,-0.14684006571769714,0.5310181975364685,0.24052487313747406,-0.16968992352485657,0.37721166014671326,0.3929073214530945,-0.08620088547468185,0.37390851974487305,0.247272789478302,-0.12422434985637665,0.44430527091026306,0.22923539578914642,-0.14975643157958984,0.5007169842720032,0.2509478032588959,-0.1642797887325287,0.3575138747692108,0.439547061920166,-0.11305161565542221,0.3537960648536682,0.3381124436855316,-0.1442522555589676,0.39596232771873474,0.28752902150154114,-0.16411668062210083,0.43810924887657166,0.26817989349365234,-0.17695537209510803
0.36618971824645996,0.6347659826278687,4.95553706514329e-07,0.436403751373291,0.5746412873268127,-0.0094144307076931,0.4940490424633026,0.4911537170410156,-0.03414080664515495,0.5529302954673767,0.45610955357551575,-0.06590570509433746,0.6104110479354858,0.4285179376602173,-0.09991400688886642,0.41996270418167114,0.3500535786151886,-0.03016696684062481,0.4331261217594147,0.22489461302757263,-0.07628829032182693,0.4904852509498596,0.2172352820634842,-0.11226833611726761,0.5395839810371399,0.24171048402786255,-0.13400016725063324,0.39379844069480896,0.3620922863483429,-0.054234493523836136,0.40328946709632874,0.21301735937595367,-0.10528881102800369,0.4765869975090027,0.2201886773109436,-0.14417695999145508,0.5270668864250183,0.2676590085029602,-0.1651524156332016,0.36816707253456116,0.39007481932640076,-0.08004558086395264,0.3691805601119995,0.2519853711128235,-0.11814730614423752,0.4412551522254944,0.24326510727405548,-0.1415756344795227,0.49480581283569336,0.27136826515197754,-0.15272870659828186,0.3466099500656128,0.4315486550331116,-0.10730033367872238,0.3454728126525879,0.32918089628219604,-0.13706929981708527,0.39091336727142334,0.28272509574890137,-0.15444427728652954,0.43322455883026123,0.26642927527427673,-0.1644943803548813
0.3588390052318573,0.6340663433074951,6.130782139734947e-07,0.43108370900154114,0.5715028047561646,-0.007964289747178555,0.4933455288410187,0.4868162274360657,-0.032132793217897415,0.5529648065567017,0.44807904958724976,-0.06261195987462997,0.6115255951881409,0.4203925132751465,-0.09609202295541763,0.40977221727371216,0.34481140971183777,-0.029514525085687637,0.4426664710044861,0.23900486528873444,-0.07126294821500778,0.4978437125682831,0.21414287388324738,-0.10504830628633499,0.5516273379325867,0.21740520000457764,-0.1274593472480774,0.3826500177383423,0.3564736247062683,-0.05359969288110733,0.405701220035553,0.21554197371006012,-0.10082778334617615,0.47432440519332886,0.19894520938396454,-0.1382199376821518,0.5320867896080017,0.22491662204265594,-0.16064468026161194,0.36018404364585876,0.3867597281932831,-0.0789002925157547,0.36709603667259216,0.24544331431388855,-0.11807817220687866,0.43166425824165344,0.21747447550296783,-0.1457918882369995,0.4880450963973999,0.22738897800445557,-0.16151326894760132,0.3466649353504181,0.4327965974807739,-0.10478243976831436,0.35744497179985046,0.33351951837539673,-0.1365450769662857,0.4002480208873749,0.28133052587509155,-0.15697456896305084,0.44416892528533936,0.2552345395088196,-0.17030224204063416
0.355840802192688,0.6358407139778137,5.736324055760633e-07,0.42889755964279175,0.5676805973052979,-0.00011776167957577854,0.4920293986797333,0.4802270531654358,-0.021419141441583633,0.5507115125656128,0.43922969698905945,-0.05039002001285553,0.6093721985816956,0.40801310539245605,-0.08215683698654175,0.40778833627700806,0.3324336111545563,-0.020537981763482094,0.44572925567626953,0.22801510989665985,-0.059293750673532486,0.5018752217292786,0.2060442417860031,-0.09072484821081161,0.5548917651176453,0.21327339112758636,-0.11165229231119156,0.3790947496891022,0.3455953001976013,-0.048039574176073074,0.40747353434562683,0.20558270812034607,-0.08947267383337021,0.47442322969436646,0.1841675192117691,-0.12195812165737152,0.5311278104782104,0.20679284632205963,-0.14219066500663757,0.3561062216758728,0.3779119849205017,-0.0766979232430458,0.37374797463417053,0.2340930551290512,-0.11182142794132233,0.43693649768829346,0.20065933465957642,-0.1358344703912735,0.49275705218315125,0.20434358716011047,-0.1503908932209015,0.3449699878692627,0.42496857047080994,-0.10539042949676514,0.36882683634757996,0.32767730951309204,-0.13517698645591736,0.4117286801338196,0.27564874291419983,-0.1531631052494049,0.4542956054210663,0.2482808381319046,-0.16503895819187164
0.37272077798843384,0.641497015953064,7.178643386396288e-07,0.43928346037864685,0.5833665132522583,-0.017996979877352715,0.49870774149894714,0.4996550679206848,-0.04102826863527298,0.5591839551925659,0.4652583599090576,-0.06665518879890442,0.6180941462516785,0.4441406726837158,-0.09441549330949783,0.4286646544933319,0.3458619713783264,-0.03542580455541611,0.4479427635669708,0.22826874256134033,-0.07419128715991974,0.4764275550842285,0.16119489073753357,-0.10334547609090805,0.5099622011184692,0.10608473420143127,-0.12418542057275772,0.4012909233570099,0.3547888398170471,-0.05372306704521179,0.41555580496788025,0.22270812094211578,-0.08865536004304886,0.4531734883785248,0.1516631692647934,-0.11270450800657272,0.4941624402999878,0.09583637118339539,-0.13036954402923584,0.37412211298942566,0.38831743597984314,-0.07594002038240433,0.38167983293533325,0.24906131625175476,-0.11127373576164246,0.4120800793170929,0.17225809395313263,-0.13109628856182098,0.4470539689064026,0.11058762669563293,-0.14409323036670685,0.3525473475456238,0.4395313560962677,-0.10001448541879654,0.36165255308151245,0.343818724155426,-0.13329795002937317,0.37963196635246277,0.27424556016921997,-0.15033014118671417,0.39975762367248535,0.21390676498413086,-0.16198144853115082
0.37618833780288696,0.6926684975624084,6.652101092186058e-07,0.44541576504707336,0.6314586997032166,-0.018682468682527542,0.5041502714157104,0.5500974655151367,-0.04416448995471001,0.5658284425735474,0.5142639875411987,-0.0713881403207779,0.6242067813873291,0.49490928649902344,-0.10239261388778687,0.4282532334327698,0.39922860264778137,-0.048766739666461945,0.44899383187294006,0.27897390723228455,-0.08871345221996307,0.46749499440193176,0.20429828763008118,-0.11843065172433853,0.4892064034938812,0.13964417576789856,-0.1407383233308792,0.4019620418548584,0.4141770005226135,-0.06874211877584457,0.41911476850509644,0.27951446175575256,-0.10714316368103027,0.444282591342926,0.1977723240852356,-0.13643977046012878,0.4701477587223053,0.12245950102806091,-0.1591954231262207,0.3766222298145294,0.45236936211586,-0.09094563871622086,0.3895474374294281,0.31745338439941406,-0.12759622931480408,0.4141407907009125,0.23591123521327972,-0.1517561823129654,0.4387314021587372,0.16621878743171692,-0.16925188899040222,0.35771074891090393,0.5062705278396606,-0.11455260962247849,0.3682674169540405,0.4095022678375244,-0.1475856751203537,0.3831419050693512,0.3392321765422821,-0.166028693318367,0.39830878376960754,0.2764694094657898,-0.18014836311340332
0.3794018626213074,0.6829656362533569,7.213015464913042e-07,0.44871366024017334,0.6218358874320984,-0.019473206251859665,0.5073847770690918,0.5423940420150757,-0.04669748619198799,0.5680859088897705,0.5072256326675415,-0.07551990449428558,0.6273555159568787,0.4879131317138672,-0.10782948136329651,0.42982906103134155,0.3946782350540161,-0.05433202162384987,0.44942834973335266,0.278190016746521,-0.09882562607526779,0.47387462854385376,0.20726348459720612,-0.13149477541446686,0.5040081739425659,0.1480136215686798,-0.15517382323741913,0.4021609425544739,0.41193094849586487,-0.07453945279121399,0.4190036952495575,0.2780243754386902,-0.11690596491098404,0.4522870182991028,0.2016681581735611,-0.14710530638694763,0.4884091913700104,0.1339217722415924,-0.1699063777923584,0.3778543174266815,0.45253419876098633,-0.09709279239177704,0.3915601372718811,0.3153572380542755,-0.13764867186546326,0.42198437452316284,0.23516766726970673,-0.1621333211660385,0.4534590244293213,0.16825076937675476,-0.17892715334892273,0.3619375228881836,0.5087725520133972,-0.12096353620290756,0.37483566999435425,0.40956223011016846,-0.15664955973625183,0.3889380097389221,0.3351031541824341,-0.17616939544677734,0.4028930068016052,0.2697526216506958,-0.19050605595111847
0.37008145451545715,0.6664109230041504,5.761893362432602e-07,0.4432431161403656,0.5969256162643433,-0.0007978851208463311,0.5013547539710999,0.5071524381637573,-0.02497403882443905,0.5591558218002319,0.4673236608505249,-0.05627749115228653,0.6187054514884949,0.4397006630897522,-0.09121731668710709,0.4097420871257782,0.35594654083251953,-0.036866527050733566,0.4248884320259094,0.2378944754600525,-0.0811627060174942,0.47337546944618225,0.19425711035728455,-0.11462391167879105,0.5230306386947632,0.1776542216539383,-0.1378626972436905,0.38348841667175293,0.3790404200553894,-0.0680178627371788,0.4031580090522766,0.22752094268798828,-0.11605078727006912,0.4710189402103424,0.19232842326164246,-0.1513679027557373,0.5292861461639404,0.19538071751594543,-0.17452934384346008,0.36412203311920166,0.4189504384994507,-0.09981932491064072,0.3812606930732727,0.2676278352737427,-0.1408688873052597,0.44663703441619873,0.223435640335083,-0.16777437925338745,0.5029905438423157,0.21168911457061768,-0.18512217700481415,0.3568529486656189,0.47220659255981445,-0.13137342035770416,0.3731982111930847,0.3694996237754822,-0.1670791208744049,0.40918734669685364,0.3057277500629425,-0.18947315216064453,0.44469067454338074,0.2635074257850647,-0.20547565817832947
0.3685954809188843,0.66484534740448,5.999342533868912e-07,0.4406396448612213,0.5952228307723999,-0.001221621292643249,0.49967098236083984,0.5051079392433167,-0.02468119002878666,0.556854784488678,0.46418535709381104,-0.05493801832199097,0.6166726350784302,0.43507760763168335,-0.08854828774929047,0.4079637825489044,0.35560524463653564,-0.0329834446310997,0.4276834726333618,0.24011044204235077,-0.07551185041666031,0.4732861816883087,0.1935550570487976,-0.10752540826797485,0.5208662748336792,0.1724187433719635,-0.12968739867210388,0.3812551498413086,0.3764265775680542,-0.06301702558994293,0.40217503905296326,0.22911469638347626,-0.10733552277088165,0.4661346971988678,0.18654833734035492,-0.13948942720890045,0.5236656665802002,0.18125443160533905,-0.1608712077140808,0.3616534471511841,0.41483426094055176,-0.094203419983387,0.37980917096138,0.2673686146736145,-0.13301420211791992,0.439652681350708,0.21602089703083038,-0.1576634645462036,0.4936907887458801,0.19436821341514587,-0.1738099753856659,0.3548991084098816,0.46652233600616455,-0.1253046989440918,0.37224793434143066,0.36677086353302,-0.15955807268619537,0.4056597054004669,0.30265435576438904,-0.17993687093257904,0.4393799304962158,0.2570750415325165,-0.19437244534492493
0.37094151973724365,0.6661583185195923,6.311087759058864e-07,0.4413662850856781,0.5962285995483398,-0.002670678310096264,0.5009761452674866,0.5060350894927979,-0.027188783511519432,0.5579859018325806,0.46383753418922424,-0.058197617530822754,0.61683589220047,0.4354014992713928,-0.09255468100309372,0.40980374813079834,0.3557513952255249,-0.03654980659484863,0.4332846999168396,0.23819492757320404,-0.08049188554286957,0.4820494055747986,0.19480927288532257,-0.11333364248275757,0.5316904783248901,0.17670100927352905,-0.1357443779706955,0.3826643228530884,0.3760713040828705,-0.06574643403291702,0.40750744938850403,0.22734896838665009,-0.11081819981336594,0.47361451387405396,0.18619950115680695,-0.14284935593605042,0.5327159762382507,0.1815323680639267,-0.16414445638656616,0.36240893602371216,0.4144124686717987,-0.09601129591464996,0.3840930461883545,0.265112966299057,-0.13574860990047455,0.44684454798698425,0.21704228222370148,-0.159839928150177,0.5036017298698425,0.1987404227256775,-0.17540359497070312,0.3543119430541992,0.46661680936813354,-0.12629947066307068,0.3734961152076721,0.367133766412735,-0.16137386858463287,0.4096561670303345,0.3049159646034241,-0.18142524361610413,0.44666677713394165,0.2617110013961792,-0.19535289704799652
0.3706541955471039,0.6532434821128845,6.234782290448493e-07,0.4434848129749298,0.5832222700119019,-0.0011058723321184516,0.5034977793693542,0.49525827169418335,-0.025659000501036644,0.5608102679252625,0.4542693793773651,-0.057046204805374146,0.6206269264221191,0.4236465096473694,-0.09202983230352402,0.41107967495918274,0.34859907627105713,-0.03776480257511139,0.4336012899875641,0.22962765395641327,-0.08190996199846268,0.4797934591770172,0.1825854331254959,-0.11392901837825775,0.5280728340148926,0.15987364947795868,-0.13586844503879547,0.3844928741455078,0.3695910573005676,-0.0684058666229248,0.4062540829181671,0.21884647011756897,-0.11405538022518158,0.4705268144607544,0.17442157864570618,-0.1453952193260193,0.529162585735321,0.16654688119888306,-0.16627757251262665,0.36498045921325684,0.4077717065811157,-0.10010212659835815,0.38311663269996643,0.2572873830795288,-0.13985763490200043,0.4420406222343445,0.20216751098632812,-0.1642298698425293,0.4963567852973938,0.17740856111049652,-0.18023549020290375,0.3582261800765991,0.45827826857566833,-0.1317024827003479,0.3744457960128784,0.35538816452026367,-0.16686125099658966,0.40805333852767944,0.28899306058883667,-0.1877504289150238,0.44266968965530396,0.24230161309242249,-0.2026471644639969
0.36382436752319336,0.6648445129394531,5.776088869424711e-07,0.44288915395736694,0.5997138023376465,-0.0039587770588696,0.5043424963951111,0.5188301205635071,-0.0271923765540123,0.5594338774681091,0.4815817177295685,-0.05632658302783966,0.6140292286872864,0.445695698261261,-0.0886915773153305,0.41993236541748047,0.35770153999328613,-0.03435352072119713,0.4443797469139099,0.24426351487636566,-0.07685180753469467,0.48107999563217163,0.18941836059093475,-0.10845368355512619,0.5241486430168152,0.15488702058792114,-0.13034023344516754,0.3929309844970703,0.3738850951194763,-0.06230098009109497,0.41941529512405396,0.23435848951339722,-0.10279970616102219,0.47224801778793335,0.17508535087108612,-0.13251006603240967,0.5260864496231079,0.14345937967300415,-0.15374146401882172,0.37340912222862244,0.4098495543003082,-0.09208006411790848,0.39786162972450256,0.26668626070022583,-0.12853790819644928,0.44614729285240173,0.19862797856330872,-0.1518065631389618,0.49320098757743835,0.15408477187156677,-0.16784945130348206,0.3675737679004669,0.4608094394207001,-0.12210428714752197,0.3882116675376892,0.3566756844520569,-0.15267513692378998,0.4129157066345215,0.28355321288108826,-0.17027725279331207,0.4383760988712311,0.22498595714569092,-0.183390811085701
0.3613709807395935,0.663658857345581,5.97840994487342e-07,0.43927744030952454,0.6003016829490662,-0.00606069341301918,0.5007577538490295,0.5243808627128601,-0.02959975227713585,0.556250810623169,0.488971084356308,-0.057912714779376984,0.610938310623169,0.4542122185230255,-0.08921875804662704,0.4209563136100769,0.3613508641719818,-0.039617545902729034,0.4491718113422394,0.24755221605300903,-0.08293063938617706,0.48662692308425903,0.1936386078596115,-0.11427774280309677,0.5307030081748962,0.16074997186660767,-0.13592158257961273,0.3943119943141937,0.3771105110645294,-0.06566991657018661,0.4264677166938782,0.23911882936954498,-0.1073274090886116,0.47969478368759155,0.18324235081672668,-0.13704372942447662,0.5334156155586243,0.15255287289619446,-0.1581640988588333,0.3744652271270752,0.4138076901435852,-0.09332183003425598,0.4025331735610962,0.27325719594955444,-0.13129499554634094,0.44948887825012207,0.20719511806964874,-0.15522807836532593,0.49532821774482727,0.16257843375205994,-0.17149555683135986,0.36727049946784973,0.46634480357170105,-0.1211298257112503,0.3885379731655121,0.3649355471134186,-0.1535693258047104,0.41196683049201965,0.2929978370666504,-0.1722724884748459,0.4359077215194702,0.23384931683540344,-0.18591655790805817
0.369932621717453,0.6773738265037537,6.103145437919011e-07,0.44564875960350037,0.6105286478996277,-0.00680798664689064,0.49891918897628784,0.5196306109428406,-0.02700331248342991,0.5432460308074951,0.4711657464504242,-0.051708173006772995,0.5860440135002136,0.41988080739974976,-0.07869140058755875,0.4149206280708313,0.3697374165058136,-0.033518124371767044,0.44334307312965393,0.2534681260585785,-0.07414912432432175,0.47845473885536194,0.19366110861301422,-0.10403459519147873,0.5188702344894409,0.15279033780097961,-0.12486991286277771,0.3872324526309967,0.38567379117012024,-0.05823376029729843,0.41684621572494507,0.24802884459495544,-0.0972980186343193,0.46796032786369324,0.18511131405830383,-0.12527693808078766,0.5190485715866089,0.14427337050437927,-0.1450430452823639,0.36812466382980347,0.4231548607349396,-0.0853128507733345,0.3943464159965515,0.28321588039398193,-0.12159339338541031,0.4389464855194092,0.20999892055988312,-0.1439983993768692,0.4816972315311432,0.15485334396362305,-0.1594037562608719,0.3625085949897766,0.4767870604991913,-0.11280054599046707,0.38296496868133545,0.3767389953136444,-0.14410722255706787,0.40467625856399536,0.3038661479949951,-0.16155096888542175,0.4257124662399292,0.24139989912509918,-0.17434826493263245
0.37360572814941406,0.6802430748939514,6.2926835653343e-07,0.4477018415927887,0.6106729507446289,-0.009089395403862,0.5007466673851013,0.5191876888275146,-0.030098069459199905,0.543487012386322,0.46956905722618103,-0.05522657185792923,0.5871248245239258,0.4169324040412903,-0.08261030912399292,0.4184485971927643,0.37194880843162537,-0.034401681274175644,0.445649653673172,0.25550299882888794,-0.07546167820692062,0.4807552695274353,0.19372624158859253,-0.10584541410207748,0.5208701491355896,0.14934679865837097,-0.12700322270393372,0.39082056283950806,0.387239545583725,-0.057977866381406784,0.4182831346988678,0.2503480017185211,-0.09637558460235596,0.4672562777996063,0.18564480543136597,-0.1246071457862854,0.516399621963501,0.14031627774238586,-0.144994854927063,0.37117817997932434,0.42441555857658386,-0.08420207351446152,0.39508289098739624,0.28624477982521057,-0.12059098482131958,0.4373912513256073,0.2109227031469345,-0.14351223409175873,0.47875508666038513,0.15267765522003174,-0.1593852937221527,0.364365816116333,0.47832804918289185,-0.11104249954223633,0.3826521933078766,0.3778449296951294,-0.14282527565956116,0.40361908078193665,0.3049207925796509,-0.16067683696746826,0.4240536093711853,0.2417614758014679,-0.17383195459842682
0.3738378882408142,0.6823903322219849,5.944780241406988e-07,0.44794774055480957,0.6088709831237793,-0.002549967262893915,0.5025321245193481,0.5212409496307373,-0.02323412150144577,0.5481200218200684,0.47559159994125366,-0.05013685300946236,0.5914446711540222,0.42353567481040955,-0.07921446859836578,0.41295158863067627,0.3722541332244873,-0.02764752320945263,0.44087332487106323,0.2542053759098053,-0.06843137741088867,0.48184219002723694,0.20229572057724,-0.09888508170843124,0.5273151397705078,0.17412430047988892,-0.11951198428869247,0.38524043560028076,0.3888154625892639,-0.054707661271095276,0.4120693504810333,0.24423925578594208,-0.0949743315577507,0.4689987301826477,0.19510091841220856,-0.12564796209335327,0.5246556997299194,0.1776447594165802,-0.14653423428535461,0.3669944703578949,0.4243890345096588,-0.08358623087406158,0.38968122005462646,0.2803983688354492,-0.11903225630521774,0.4404497742652893,0.22007563710212708,-0.1429876983165741,0.4897783398628235,0.18667301535606384,-0.15918084979057312,0.3634897470474243,0.47594261169433594,-0.11257292330265045,0.38403332233428955,0.375141978263855,-0.14235031604766846,0.41241654753685,0.30793410539627075,-0.16051174700260162,0.442079097032547,0.2575964331626892,-0.1738090217113495
0.3768295645713806,0.6741484999656677,4.5865914444220834e-07,0.45091190934181213,0.5959655046463013,-0.00018288906721863896,0.5034163594245911,0.5103245973587036,-0.02119705080986023,0.5457038879394531,0.46564343571662903,-0.050257399678230286,0.5868368744850159,0.4150926172733307,-0.08188200742006302,0.41687873005867004,0.3562668263912201,-0.02297530695796013,0.4283998906612396,0.2391153872013092,-0.06524801254272461,0.48194220662117004,0.21144799888134003,-0.1004737988114357,0.5357999205589294,0.21286161243915558,-0.12386541813611984,0.38856807351112366,0.37452244758605957,-0.05170943960547447,0.39523428678512573,0.2277030497789383,-0.09514137357473373,0.4625312387943268,0.20161566138267517,-0.13285738229751587,0.5215287804603577,0.21383319795131683,-0.15830805897712708,0.3682849109172821,0.41039204597473145,-0.08156809210777283,0.3716135025024414,0.2668130099773407,-0.11779996752738953,0.43710291385650635,0.2291448563337326,-0.14597618579864502,0.49585264921188354,0.22950096428394318,-0.16462205350399017,0.3605329096317291,0.46370869874954224,-0.1114838570356369,0.3738519847393036,0.361890971660614,-0.14188078045845032,0.41553929448127747,0.3047933876514435,-0.16217435896396637,0.45819199085235596,0.2746272385120392,-0.17673474550247192
0.3707382082939148,0.6597054600715637,4.6849589807607117e-07,0.44691815972328186,0.5833048224449158,0.0026340249460190535,0.5026418566703796,0.5039705634117126,-0.01666281186044216,0.546258807182312,0.46661558747291565,-0.04580273479223251,0.5756974220275879,0.41189104318618774,-0.07727562636137009,0.4131336212158203,0.3492998480796814,-0.01536842342466116,0.42079758644104004,0.22718913853168488,-0.057146236300468445,0.4777555465698242,0.2081228792667389,-0.0925014466047287,0.5332332849502563,0.22112016379833221,-0.11473779380321503,0.38642463088035583,0.3659493327140808,-0.046094536781311035,0.3896082043647766,0.21685494482517242,-0.08855855464935303,0.46247488260269165,0.1959051787853241,-0.12787777185440063,0.5226826071739197,0.22007010877132416,-0.15354673564434052,0.36635446548461914,0.3972824513912201,-0.07826486974954605,0.3673666715621948,0.25302398204803467,-0.11232472956180573,0.43893513083457947,0.22004643082618713,-0.14202655851840973,0.4990859627723694,0.23268768191337585,-0.16085371375083923,0.3590688109397888,0.4445430338382721,-0.11058446764945984,0.37169575691223145,0.33724644780158997,-0.13809312880039215,0.4192003905773163,0.2873968482017517,-0.1574055701494217,0.46506696939468384,0.27319300174713135,-0.17058776319026947
0.37062492966651917,0.6518592238426208,4.012174201761809e-07,0.4450848698616028,0.5786573886871338,0.003345503006130457,0.5021188855171204,0.4942895174026489,-0.015753833577036858,0.5486800670623779,0.4551585018634796,-0.04443810507655144,0.588911771774292,0.40417808294296265,-0.07511068135499954,0.4214462637901306,0.3401452600955963,-0.018184030428528786,0.42703232169151306,0.21322056651115417,-0.061039455235004425,0.4839118421077728,0.19802655279636383,-0.0960312932729721,0.5380288362503052,0.21702179312705994,-0.11777397990226746,0.3935838043689728,0.3562569320201874,-0.04855463653802872,0.39439913630485535,0.20393238961696625,-0.09349978715181351,0.46606186032295227,0.19303222000598907,-0.13178624212741852,0.5219918489456177,0.22572389245033264,-0.15568038821220398,0.3719666302204132,0.38777273893356323,-0.08015657961368561,0.36803877353668213,0.24178732931613922,-0.11611395329236984,0.43873316049575806,0.21686911582946777,-0.14344283938407898,0.49583208560943604,0.23610423505306244,-0.1598537415266037,0.3618970513343811,0.4359586238861084,-0.11181293427944183,0.37215617299079895,0.3325820565223694,-0.14215263724327087,0.4213215708732605,0.2852414548397064,-0.1624864637851715,0.46774497628211975,0.2706102728843689,-0.17574049532413483
0.37181368470191956,0.646914005279541,3.966201802541036e-07,0.4465748071670532,0.5773569345474243,0.00024397167726419866,0.5035879015922546,0.49139681458473206,-0.0194221381098032,0.5525627136230469,0.44916269183158875,-0.04761262610554695,0.5943538546562195,0.3993811309337616,-0.0774657353758812,0.4212847352027893,0.3385544419288635,-0.022178890183568,0.42519038915634155,0.21116089820861816,-0.0662788674235344,0.4830250144004822,0.19730746746063232,-0.10203015059232712,0.5374990701675415,0.21859511733055115,-0.123956598341465,0.39463725686073303,0.35400521755218506,-0.049862246960401535,0.39696985483169556,0.20124518871307373,-0.09620756655931473,0.4693652391433716,0.1954713612794876,-0.13471633195877075,0.524416983127594,0.23016415536403656,-0.15814974904060364,0.37408265471458435,0.3849536180496216,-0.07873532176017761,0.36922067403793335,0.24066761136054993,-0.11527198553085327,0.44117283821105957,0.21983975172042847,-0.1419752985239029,0.49788522720336914,0.2409110963344574,-0.15735715627670288,0.36420881748199463,0.43308746814727783,-0.10788510739803314,0.37369078397750854,0.33036452531814575,-0.13735368847846985,0.4230521321296692,0.28547707200050354,-0.1565161645412445,0.4689592123031616,0.2718151807785034,-0.16876845061779022
0.37158945202827454,0.6388940811157227,4.1944508666347247e-07,0.4468657374382019,0.5706335306167603,-0.000754266104195267,0.5049676895141602,0.4837791621685028,-0.02121177688241005,0.5540187358856201,0.44186168909072876,-0.0500839427113533,0.5982056856155396,0.39458203315734863,-0.08060949295759201,0.421546071767807,0.3324553966522217,-0.023904377594590187,0.4300178289413452,0.20452144742012024,-0.06835421919822693,0.48876553773880005,0.19023796916007996,-0.1041150838136673,0.5430900454521179,0.21259786188602448,-0.12602499127388,0.39439523220062256,0.3482385277748108,-0.05150085687637329,0.40059900283813477,0.19297289848327637,-0.09859045594930649,0.4738062024116516,0.1878989040851593,-0.13793422281742096,0.5283687114715576,0.22404465079307556,-0.16172409057617188,0.374099463224411,0.379631906747818,-0.08017918467521667,0.3721168637275696,0.23453189432621002,-0.11768132448196411,0.44505056738853455,0.21333354711532593,-0.14562024176120758,0.5018501877784729,0.23467087745666504,-0.16163420677185059,0.36468878388404846,0.42819294333457947,-0.10903726518154144,0.37714052200317383,0.3257092237472534,-0.1393425464630127,0.426441490650177,0.2804909646511078,-0.1594586968421936,0.4714416563510895,0.2665735185146332,-0.1723429262638092
0.3737923204898834,0.6188743710517883,4.206419248475868e-07,0.44858551025390625,0.5540722608566284,-0.0007354127592407167,0.5047780871391296,0.4782542586326599,-0.021907582879066467,0.5499544739723206,0.4435446262359619,-0.05175736919045448,0.5857508182525635,0.3904688060283661,-0.0832628682255745,0.43099313974380493,0.31983596086502075,-0.022047795355319977,0.4422413408756256,0.19544868171215057,-0.0655832514166832,0.49997079372406006,0.18728122115135193,-0.10097149014472961,0.5521306991577148,0.21177683770656586,-0.12292951345443726,0.40340760350227356,0.33260294795036316,-0.05002318322658539,0.40992486476898193,0.1823631227016449,-0.09395655989646912,0.48215797543525696,0.18030260503292084,-0.13159140944480896,0.536520779132843,0.2153603434562683,-0.15563972294330597,0.38044434785842896,0.36175552010536194,-0.07946093380451202,0.3806494474411011,0.21857909858226776,-0.11506323516368866,0.45245933532714844,0.2018442451953888,-0.14113132655620575,0.5084168314933777,0.22339500486850739,-0.15702831745147705,0.3672693967819214,0.4092848002910614,-0.10925532132387161,0.3811458945274353,0.30978626012802124,-0.13864000141620636,0.43158993124961853,0.2691240608692169,-0.15722809731960297,0.47690045833587646,0.2577613592147827,-0.16954830288887024
0.3729816675186157,0.6262782216072083,3.535793098308204e-07,0.4484504759311676,0.5666024088859558,0.00013559582293964922,0.5046880841255188,0.49611878395080566,-0.01924986019730568,0.5485795736312866,0.4676719307899475,-0.0474565364420414,0.5650452375411987,0.4133870005607605,-0.07666764408349991,0.43052738904953003,0.3302747309207916,-0.016049737110733986,0.4394494295120239,0.2062983512878418,-0.05831746384501457,0.49742886424064636,0.20173348486423492,-0.0948009267449379,0.5449541807174683,0.23849037289619446,-0.11652131378650665,0.4041874408721924,0.34249627590179443,-0.04310639202594757,0.4068569540977478,0.1915597766637802,-0.08681827038526535,0.47753921151161194,0.19384053349494934,-0.12782390415668488,0.5241839289665222,0.24048368632793427,-0.15321367979049683,0.38215070962905884,0.3700920641422272,-0.0715668722987175,0.3781433701515198,0.2300647348165512,-0.10388673096895218,0.44959044456481934,0.21545074880123138,-0.13314110040664673,0.49921947717666626,0.24479979276657104,-0.15104900300502777,0.37040624022483826,0.41802841424942017,-0.1003323346376419,0.38417133688926697,0.3216071128845215,-0.12645794451236725,0.43477359414100647,0.28013402223587036,-0.14720477163791656,0.4774250090122223,0.2696959674358368,-0.161492720246315
0.37633216381073,0.629580557346344,3.350048700667685e-07,0.45143067836761475,0.5685145854949951,0.003361399983987212,0.5066643953323364,0.4977821409702301,-0.013997306115925312,0.5500827431678772,0.4681975245475769,-0.04055705666542053,0.5732612609863281,0.4183908998966217,-0.06827405095100403,0.436328262090683,0.3326663076877594,-0.015757529065012932,0.438444584608078,0.20732779800891876,-0.05745398625731468,0.494594931602478,0.20414525270462036,-0.09154954552650452,0.5438192486763,0.23666048049926758,-0.11192628741264343,0.41013553738594055,0.3454160690307617,-0.04459336772561073,0.4069453477859497,0.19479717314243317,-0.08551537990570068,0.47715476155281067,0.19277600944042206,-0.12067896872758865,0.5275297164916992,0.23014168441295624,-0.14297597110271454,0.3874020576477051,0.3737627863883972,-0.07510870695114136,0.3824968934059143,0.23207353055477142,-0.10804322361946106,0.45409226417541504,0.2154001146554947,-0.1328301876783371,0.5072195529937744,0.23880290985107422,-0.14777971804141998,0.37478283047676086,0.4204651415348053,-0.10577594488859177,0.38682085275650024,0.3202708661556244,-0.1343051940202713,0.4384681284427643,0.2798476815223694,-0.15321791172027588,0.4835098087787628,0.2696244418621063,-0.16566042602062225
0.3785080015659332,0.6277141571044922,3.4420233419041324e-07,0.45452311635017395,0.5657947063446045,0.002825264586135745,0.5093327164649963,0.4946352541446686,-0.016525762155652046,0.5520540475845337,0.46549129486083984,-0.045072704553604126,0.5767013430595398,0.41371631622314453,-0.07504536956548691,0.44196605682373047,0.3312632143497467,-0.019563859328627586,0.44772469997406006,0.20462390780448914,-0.06331159174442291,0.5048297643661499,0.20374593138694763,-0.09908539801836014,0.5528172850608826,0.23974300920963287,-0.12044689804315567,0.41379982233047485,0.344965398311615,-0.04896514490246773,0.4133811891078949,0.19205687940120697,-0.09259019792079926,0.4836987257003784,0.19488570094108582,-0.13001732528209686,0.532714307308197,0.2361118644475937,-0.1535825878381729,0.389218270778656,0.37455570697784424,-0.07977891713380814,0.3849950134754181,0.23112092912197113,-0.11428199708461761,0.4561808407306671,0.21768805384635925,-0.14020505547523499,0.5081138014793396,0.24349817633628845,-0.15593895316123962,0.374811053276062,0.4225074052810669,-0.11066719889640808,0.38788583874702454,0.32328832149505615,-0.14040134847164154,0.43930310010910034,0.2835003733634949,-0.16019238531589508,0.48351943492889404,0.27324870228767395,-0.1734408289194107
0.3784257769584656,0.6243826150894165,4.1236648939957377e-07,0.45420098304748535,0.5642281770706177,-0.0009233548771589994,0.5100854635238647,0.4933807849884033,-0.021735789254307747,0.5547534823417664,0.4637942910194397,-0.05098847672343254,0.5788597464561462,0.4110056459903717,-0.08143338561058044,0.43922361731529236,0.32858672738075256,-0.023857595399022102,0.44612839818000793,0.20348899066448212,-0.07000727206468582,0.5046796202659607,0.19997771084308624,-0.10786725580692291,0.555695652961731,0.2354806512594223,-0.1302751898765564,0.4111500680446625,0.34275346994400024,-0.05163642391562462,0.4123689830303192,0.18963366746902466,-0.09748946875333786,0.48386144638061523,0.189979687333107,-0.13719791173934937,0.5345989465713501,0.23094366490840912,-0.16198429465293884,0.3882293701171875,0.37319695949554443,-0.08096163719892502,0.38607609272003174,0.23330673575401306,-0.11734385043382645,0.4587220251560211,0.21803554892539978,-0.14591069519519806,0.5115636587142944,0.24244597554206848,-0.16295522451400757,0.37576067447662354,0.4229920506477356,-0.11052277684211731,0.39099472761154175,0.32530733942985535,-0.14031574130058289,0.44232940673828125,0.284919798374176,-0.1609121561050415,0.4863789975643158,0.2734040915966034,-0.174647718667984
0.3794274926185608,0.6226853132247925,3.747750838556385e-07,0.4558914303779602,0.5629262328147888,-0.002231602557003498,0.5119529366493225,0.4916873574256897,-0.02408609353005886,0.5565826296806335,0.4606648087501526,-0.0541677363216877,0.5842734575271606,0.4111799895763397,-0.0853177011013031,0.4379379153251648,0.33042311668395996,-0.027325604110956192,0.4449298083782196,0.20273318886756897,-0.07505130022764206,0.5050633549690247,0.204461470246315,-0.11354046314954758,0.5546479225158691,0.2431953251361847,-0.13615235686302185,0.41108232736587524,0.34493616223335266,-0.054571185261011124,0.4155937433242798,0.1911085993051529,-0.1032903864979744,0.48920074105262756,0.19892020523548126,-0.14400357007980347,0.538141131401062,0.24406133592128754,-0.16850923001766205,0.3886992037296295,0.3758503496646881,-0.08316763490438461,0.3880867063999176,0.23635366559028625,-0.12104499340057373,0.463319331407547,0.22514067590236664,-0.14952845871448517,0.5165828466415405,0.2527325749397278,-0.1657264083623886,0.37572750449180603,0.4259791672229767,-0.11205083131790161,0.3906252980232239,0.32825562357902527,-0.14227639138698578,0.44275397062301636,0.288751482963562,-0.1626567244529724,0.48697730898857117,0.2791177034378052,-0.1758253127336502
0.380163311958313,0.6013251543045044,1.670516383001086e-07,0.4616471230983734,0.5483986139297485,0.0039060090202838182,0.5172824859619141,0.47572875022888184,-0.015284157358109951,0.5635784864425659,0.4448400139808655,-0.04363950341939926,0.5923746228218079,0.3952200412750244,-0.07383200526237488,0.4505319893360138,0.32225316762924194,-0.033389367163181305,0.4614938199520111,0.18774059414863586,-0.07429733872413635,0.5191961526870728,0.20277602970600128,-0.10362780094146729,0.5505865216255188,0.2523931562900543,-0.11995647847652435,0.423569917678833,0.3348489999771118,-0.06270734965801239,0.43075644969940186,0.17235560715198517,-0.10617484897375107,0.5027060508728027,0.20138296484947205,-0.14103053510189056,0.5337765216827393,0.2614796757698059,-0.16247881948947906,0.39734673500061035,0.36058634519577026,-0.09146681427955627,0.39459294080734253,0.208358496427536,-0.12389498203992844,0.47017720341682434,0.22039088606834412,-0.14646388590335846,0.5078129172325134,0.27228376269340515,-0.16031748056411743,0.37763530015945435,0.4038975238800049,-0.11976038664579391,0.3888300955295563,0.2981824278831482,-0.15004973113536835,0.4457901418209076,0.2771976590156555,-0.16853752732276917,0.4841180443763733,0.2935270369052887,-0.1808849573135376
0.3718990087509155,0.5977956652641296,6.862168788757117e-08,0.45950451493263245,0.5432011485099792,0.008908926509320736,0.5148768424987793,0.4738595485687256,-0.004793948028236628,0.5644528269767761,0.43889284133911133,-0.027075374498963356,0.5877113342285156,0.4010309875011444,-0.0501139834523201,0.4456416368484497,0.31679481267929077,-0.03218124061822891,0.463527113199234,0.17771492898464203,-0.0789518803358078,0.523561954498291,0.19702738523483276,-0.11383161693811417,0.5530842542648315,0.2585384249687195,-0.13195836544036865,0.4228251278400421,0.3261021673679352,-0.059078432619571686,0.4352831542491913,0.16300234198570251,-0.10872524976730347,0.506769597530365,0.2014789879322052,-0.14533765614032745,0.5311612486839294,0.2740480303764343,-0.16569393873214722,0.39571478962898254,0.35324618220329285,-0.08449092507362366,0.39150524139404297,0.20118220150470734,-0.12407712638378143,0.46659091114997864,0.21895450353622437,-0.14654001593589783,0.5022929310798645,0.28175216913223267,-0.1568470448255539,0.3809833824634552,0.3994944989681244,-0.10779277980327606,0.3865167498588562,0.29344022274017334,-0.14007088541984558,0.4437531530857086,0.2802005112171173,-0.15579992532730103,0.4802113473415375,0.30678433179855347,-0.1646878868341446
0.3752903938293457,0.6013785600662231,5.847281769888468e-08,0.4572318196296692,0.5517042875289917,0.0020870729349553585,0.5111250877380371,0.4790217876434326,-0.01739550568163395,0.557754397392273,0.4470611810684204,-0.045752380043268204,0.5849536657333374,0.39811551570892334,-0.07520310580730438,0.45351025462150574,0.32092925906181335,-0.037604935467243195,0.4671308398246765,0.17814873158931732,-0.07995963841676712,0.5230090618133545,0.20600318908691406,-0.10841171443462372,0.5445181131362915,0.2675563097000122,-0.12277300655841827,0.42392122745513916,0.331900030374527,-0.06515319645404816,0.4276684820652008,0.16617314517498016,-0.10915283858776093,0.4963326156139374,0.21164101362228394,-0.14070981740951538,0.5189972519874573,0.28173398971557617,-0.15826429426670074,0.3939187824726105,0.3580465614795685,-0.09200721234083176,0.384181410074234,0.20280423760414124,-0.12373868376016617,0.45706865191459656,0.22784772515296936,-0.14082138240337372,0.4873299300670624,0.2882216274738312,-0.14982394874095917,0.36887750029563904,0.40032899379730225,-0.11843765527009964,0.37682241201400757,0.29439300298690796,-0.1476479023694992,0.43312788009643555,0.28698647022247314,-0.16088369488716125,0.4653341472148895,0.3154868185520172,-0.1682852953672409
0.37660735845565796,0.5976893305778503,2.2367659369137982e-07,0.4556680917739868,0.5498759746551514,0.00010324045433662832,0.5101572871208191,0.4775197505950928,-0.019932115450501442,0.5557106137275696,0.44756031036376953,-0.04815910384058952,0.5756381750106812,0.39703798294067383,-0.07760800421237946,0.4461481273174286,0.3189082443714142,-0.03970695286989212,0.456201434135437,0.17781391739845276,-0.08574864268302917,0.5167734622955322,0.19129906594753265,-0.11943939328193665,0.5494877099990845,0.24624945223331451,-0.13744455575942993,0.4189254939556122,0.32981184124946594,-0.06655433773994446,0.42133739590644836,0.16241700947284698,-0.1154005229473114,0.4946223199367523,0.19215171039104462,-0.15266631543636322,0.5237753987312317,0.26191246509552,-0.17361679673194885,0.3911255896091461,0.35612696409225464,-0.09301484376192093,0.3781202435493469,0.2014700323343277,-0.12775090336799622,0.45347654819488525,0.2119622677564621,-0.15076638758182526,0.4906706213951111,0.26873841881752014,-0.16313737630844116,0.3702491521835327,0.3997124433517456,-0.11919292062520981,0.37396013736724854,0.29619601368904114,-0.14987404644489288,0.430040180683136,0.27433621883392334,-0.16857211291790009,0.46781912446022034,0.2926812767982483,-0.17993570864200592
0.37799379229545593,0.5932756662368774,2.789265352021175e-07,0.45414257049560547,0.5425020456314087,-0.00422273762524128,0.5107098817825317,0.47371745109558105,-0.02693241648375988,0.554733395576477,0.4452161490917206,-0.05772426724433899,0.5646857023239136,0.39068156480789185,-0.09024909883737564,0.4402717351913452,0.31635111570358276,-0.03828125074505806,0.4546409845352173,0.17929832637310028,-0.08379656076431274,0.516036331653595,0.19326557219028473,-0.12042119354009628,0.5544514060020447,0.24227818846702576,-0.14141611754894257,0.41456180810928345,0.32867762446403503,-0.06342629343271255,0.4269065260887146,0.16443325579166412,-0.11169802397489548,0.503106951713562,0.1885690689086914,-0.15456506609916687,0.5381193161010742,0.25131502747535706,-0.18110467493534088,0.38969886302948,0.35298505425453186,-0.0883336141705513,0.3874202370643616,0.19939397275447845,-0.12198550999164581,0.46595659852027893,0.2081843912601471,-0.15102925896644592,0.5079817771911621,0.2634408473968506,-0.16903044283390045,0.37362372875213623,0.39604899287223816,-0.11342182755470276,0.38500529527664185,0.29326725006103516,-0.1396365612745285,0.4427517354488373,0.27146199345588684,-0.15895618498325348,0.48348620533943176,0.29111459851264954,-0.17267301678657532
0.37516850233078003,0.5973770022392273,3.354970488089748e-07,0.4538196325302124,0.5439314842224121,-0.0006267100106924772,0.509828507900238,0.4725275933742523,-0.021379956975579262,0.5540058612823486,0.43889105319976807,-0.051079217344522476,0.579465389251709,0.3883858621120453,-0.0836731493473053,0.4462987184524536,0.31329748034477234,-0.034399740397930145,0.45894718170166016,0.17285072803497314,-0.07897571474313736,0.5188418030738831,0.16933698952198029,-0.11481272429227829,0.5636979341506958,0.2002759575843811,-0.13612666726112366,0.4186912775039673,0.32692211866378784,-0.06143006309866905,0.4259189963340759,0.1607806384563446,-0.11151326447725296,0.501806914806366,0.18340235948562622,-0.15303587913513184,0.5414045453071594,0.24446722865104675,-0.17717470228672028,0.3934643268585205,0.35386601090431213,-0.08794096857309341,0.38691961765289307,0.19855457544326782,-0.12556830048561096,0.4654732346534729,0.20733390748500824,-0.15406914055347443,0.5095309615135193,0.2609088718891144,-0.16942885518074036,0.37563565373420715,0.39744657278060913,-0.11408878117799759,0.38311657309532166,0.291007399559021,-0.14416106045246124,0.4412521719932556,0.26785603165626526,-0.16386161744594574,0.4832068681716919,0.2844458222389221,-0.17617927491664886
0.38218027353286743,0.6110410690307617,5.840833523507172e-07,0.4575413763523102,0.5537360310554504,-0.006763904821127653,0.5175063610076904,0.47026193141937256,-0.027701690793037415,0.5697613954544067,0.42805343866348267,-0.05470381677150726,0.6213440299034119,0.3830453157424927,-0.08429579436779022,0.4415116608142853,0.31201761960983276,-0.028669005259871483,0.4620203971862793,0.1955462247133255,-0.06674837321043015,0.5105872750282288,0.15700046718120575,-0.09685120731592178,0.558069109916687,0.1439334750175476,-0.11692598462104797,0.41228142380714417,0.32269349694252014,-0.05299026891589165,0.4245338439941406,0.17640040814876556,-0.09305817633867264,0.4888727366924286,0.14692610502243042,-0.12583209574222565,0.5452301502227783,0.15717419981956482,-0.14745226502418518,0.3862854838371277,0.3542745113372803,-0.07884684950113297,0.38745617866516113,0.20712193846702576,-0.11450627446174622,0.4469732642173767,0.17112918198108673,-0.14056946337223053,0.501577615737915,0.17484839260578156,-0.15700136125087738,0.3682311475276947,0.4026695787906647,-0.10522003471851349,0.37833094596862793,0.2988850176334381,-0.1373727172613144,0.41892367601394653,0.2420801818370819,-0.1583394855260849,0.4603431522846222,0.2155776172876358,-0.17250283062458038
0.3806576728820801,0.6166455149650574,5.979208026474225e-07,0.455574095249176,0.5588991641998291,-0.008136316202580929,0.5152035355567932,0.47578078508377075,-0.028709378093481064,0.5676414370536804,0.4348618984222412,-0.05496564134955406,0.6182208061218262,0.392253041267395,-0.08386962115764618,0.4374292194843292,0.3156512379646301,-0.027762094512581825,0.45862269401550293,0.2001020908355713,-0.06577080488204956,0.5030554533004761,0.15675657987594604,-0.09562341123819351,0.5494174957275391,0.1399056315422058,-0.11533603817224503,0.40697309374809265,0.32765889167785645,-0.050764020532369614,0.4169486463069916,0.18678762018680573,-0.08896816521883011,0.4709271490573883,0.14696647226810455,-0.1204206570982933,0.5248217582702637,0.14600975811481476,-0.1417759507894516,0.38038066029548645,0.3607412278652191,-0.07588879019021988,0.37918317317962646,0.2180587351322174,-0.11051275581121445,0.4261549413204193,0.16930784285068512,-0.136824369430542,0.4760615825653076,0.15926122665405273,-0.15397976338863373,0.36316320300102234,0.4098625183105469,-0.10167853534221649,0.3758641183376312,0.3066352903842926,-0.13336344063282013,0.40892282128334045,0.24141019582748413,-0.15480409562587738,0.4454028606414795,0.20483393967151642,-0.16975565254688263
0.3786070644855499,0.6284188032150269,6.455670131799707e-07,0.4525257349014282,0.5710784196853638,-0.009450010024011135,0.5120694637298584,0.487079918384552,-0.030404429882764816,0.5651334524154663,0.44472551345825195,-0.0566072054207325,0.6171416640281677,0.40322214365005493,-0.08565358817577362,0.43023356795310974,0.33041343092918396,-0.029299113899469376,0.4542151093482971,0.2188866287469864,-0.06691038608551025,0.49532753229141235,0.17156995832920074,-0.0965951606631279,0.5399645566940308,0.1472826451063156,-0.11722081154584885,0.40004920959472656,0.3430790603160858,-0.05258864536881447,0.4109624922275543,0.2056695520877838,-0.09060508012771606,0.4624055027961731,0.16108578443527222,-0.12170407921075821,0.517108142375946,0.1504063755273819,-0.14363768696784973,0.3737839460372925,0.37836241722106934,-0.07822464406490326,0.37259045243263245,0.24027033150196075,-0.11364684998989105,0.4156097173690796,0.1856757402420044,-0.14001041650772095,0.46403688192367554,0.16357071697711945,-0.15790139138698578,0.35772228240966797,0.4290662109851837,-0.10469043999910355,0.3727492690086365,0.3253776729106903,-0.137191504240036,0.40323078632354736,0.25676584243774414,-0.1589856892824173,0.43686118721961975,0.2122841775417328,-0.17491130530834198
0.37943652272224426,0.6420011520385742,6.660819735770929e-07,0.4516366720199585,0.5781373977661133,-0.0060517992824316025,0.5111761689186096,0.4947510063648224,-0.028750291094183922,0.5638328194618225,0.4526229202747345,-0.057702191174030304,0.6189450025558472,0.41499975323677063,-0.08889774233102798,0.42423632740974426,0.3415708541870117,-0.02741261199116707,0.44894281029701233,0.22460855543613434,-0.0660790503025055,0.4923047721385956,0.17678263783454895,-0.09518453478813171,0.5377323031425476,0.1521710902452469,-0.11477800458669662,0.3950593173503876,0.35699883103370667,-0.05311713367700577,0.4093781113624573,0.21446020901203156,-0.09260618686676025,0.4662092924118042,0.16734938323497772,-0.12098029255867004,0.5226296186447144,0.15733955800533295,-0.13970230519771576,0.3720945715904236,0.3919402062892914,-0.08107887208461761,0.37914374470710754,0.24824298918247223,-0.11598473787307739,0.4298403263092041,0.19193589687347412,-0.13738904893398285,0.48226484656333923,0.16715149581432343,-0.1510629653930664,0.36110591888427734,0.44078636169433594,-0.10988099873065948,0.3772188723087311,0.3369174897670746,-0.14035727083683014,0.4088189899921417,0.2683410346508026,-0.15793681144714355,0.44249412417411804,0.22265812754631042,-0.16998976469039917
0.3730262815952301,0.6589350700378418,6.310315256996546e-07,0.445810467004776,0.5894412398338318,-0.001984622096642852,0.5059743523597717,0.5042922496795654,-0.02545206993818283,0.562387228012085,0.46571752429008484,-0.055712614208459854,0.6207326650619507,0.434665322303772,-0.08900148421525955,0.4161164462566376,0.35550060868263245,-0.03170020878314972,0.4398346543312073,0.23930935561656952,-0.07460131496191025,0.4852789342403412,0.19170385599136353,-0.10639217495918274,0.5332832336425781,0.1694040596485138,-0.1277119219303131,0.3885345160961151,0.3745300769805908,-0.06076823174953461,0.40970078110694885,0.2300230711698532,-0.10426832735538483,0.47068798542022705,0.18517905473709106,-0.13485129177570343,0.5283588171005249,0.1772499680519104,-0.15508945286273956,0.3676619827747345,0.4113083481788635,-0.09147287160158157,0.3847939372062683,0.26649853587150574,-0.12958908081054688,0.44020119309425354,0.2123258262872696,-0.1529010832309723,0.4932321310043335,0.18814760446548462,-0.16798135638237,0.3594774901866913,0.4615057706832886,-0.12231198698282242,0.37738123536109924,0.36053457856178284,-0.15518836677074432,0.4094453752040863,0.2946998178958893,-0.17414453625679016,0.4428669214248657,0.24868124723434448,-0.1874672770500183
0.3881940245628357,0.6674082279205322,5.798171969217947e-07,0.45640742778778076,0.5990159511566162,-0.0038258861750364304,0.5100234150886536,0.5073493123054504,-0.02123156748712063,0.5620729923248291,0.46151411533355713,-0.04498795047402382,0.6168417930603027,0.4284098744392395,-0.07097820937633514,0.4206160306930542,0.3637212812900543,-0.01801321469247341,0.43595996499061584,0.24777470529079437,-0.054012034088373184,0.47730764746665955,0.2003948837518692,-0.0811316967010498,0.5221207737922668,0.17653793096542358,-0.09890065342187881,0.3939777910709381,0.37801215052604675,-0.04207593575119972,0.4002017378807068,0.2393648773431778,-0.07846599072217941,0.4535271227359772,0.18960519134998322,-0.10398881137371063,0.5076298713684082,0.17866282165050507,-0.12011267244815826,0.371609628200531,0.4115079641342163,-0.0688028559088707,0.3692680597305298,0.27074679732322693,-0.10153453052043915,0.4163679778575897,0.21396760642528534,-0.12006916850805283,0.4666713774204254,0.1903647929430008,-0.13096189498901367,0.3577069044113159,0.4576108753681183,-0.09647375345230103,0.3611353039741516,0.3534475564956665,-0.12711776793003082,0.39135023951530457,0.2848703861236572,-0.14376316964626312,0.4277513921260834,0.2403755933046341,-0.15409976243972778
0.3939606547355652,0.6743526458740234,5.348807690097601e-07,0.46101778745651245,0.5998607277870178,-0.00330644054338336,0.5115348100662231,0.49997958540916443,-0.014196340925991535,0.5601507425308228,0.4422338008880615,-0.03149275481700897,0.6087286472320557,0.3970704972743988,-0.04979227855801582,0.41626960039138794,0.36005640029907227,0.0035282562021166086,0.4322963356971741,0.25234609842300415,-0.024421654641628265,0.4702264368534088,0.20603223145008087,-0.04853774234652519,0.5125167369842529,0.18598870933055878,-0.06415844708681107,0.38783881068229675,0.36939388513565063,-0.016714582219719887,0.3904207646846771,0.239406019449234,-0.04592805728316307,0.43975093960762024,0.19358505308628082,-0.06963543593883514,0.4941423237323761,0.19076643884181976,-0.08357175439596176,0.3642709255218506,0.39734888076782227,-0.04054367169737816,0.3561258018016815,0.2646986246109009,-0.0675467923283577,0.4006933569908142,0.2130422592163086,-0.08397628366947174,0.45201918482780457,0.19672991335391998,-0.09274593740701675,0.3489436209201813,0.438454806804657,-0.06574951112270355,0.3483954071998596,0.33743390440940857,-0.092109315097332,0.3780979514122009,0.27454671263694763,-0.10629010200500488,0.41652774810791016,0.23696649074554443,-0.11399056762456894
0.40440863370895386,0.6554311513900757,5.131141165293229e-07,0.47275421023368835,0.5714243054389954,-0.0011022387770935893,0.520939826965332,0.468011736869812,-0.011501895263791084,0.5671390295028687,0.4039122462272644,-0.02981254644691944,0.6138900518417358,0.3496994376182556,-0.04891689121723175,0.4226222336292267,0.3363422453403473,0.01200027484446764,0.43114545941352844,0.2279047966003418,-0.015760531648993492,0.47053971886634827,0.1857917159795761,-0.04134726524353027,0.5142951607704163,0.1739448755979538,-0.05734170600771904,0.39412742853164673,0.34340375661849976,-0.00962801557034254,0.38668543100357056,0.20923012495040894,-0.03837241604924202,0.4362450838088989,0.1653374284505844,-0.06458969414234161,0.49089205265045166,0.17155295610427856,-0.07970786094665527,0.3697682023048401,0.3688982427120209,-0.03503481671214104,0.35316911339759827,0.23446111381053925,-0.061477307230234146,0.39897382259368896,0.18602535128593445,-0.07977339625358582,0.45077070593833923,0.17960193753242493,-0.0890791267156601,0.3544451892375946,0.4070618748664856,-0.06164994463324547,0.3516503572463989,0.304812490940094,-0.08630020171403885,0.3830438554286957,0.24565686285495758,-0.10000975430011749,0.4228007197380066,0.21591196954250336,-0.10699790716171265
0.4145662188529968,0.6693326234817505,5.252193773230829e-07,0.48341935873031616,0.5942738056182861,-0.008133631199598312,0.5359508395195007,0.4867352247238159,-0.01745155081152916,0.5865072011947632,0.4234119653701782,-0.03249948099255562,0.6346772313117981,0.37700745463371277,-0.04841459542512894,0.4362753629684448,0.3342956006526947,0.006677586585283279,0.4331419765949249,0.21844664216041565,-0.022038716822862625,0.46293485164642334,0.15789426863193512,-0.04921598359942436,0.5027157068252563,0.1254633367061615,-0.06638213992118835,0.4078858196735382,0.3429277241230011,-0.011252369731664658,0.39667704701423645,0.20791588723659515,-0.03950578346848488,0.43669697642326355,0.14586734771728516,-0.0662345290184021,0.48881280422210693,0.1268703043460846,-0.0829671174287796,0.3839810788631439,0.3691973388195038,-0.03387972339987755,0.3662685751914978,0.2300519049167633,-0.06125543266534805,0.40410518646240234,0.16616001725196838,-0.0825842022895813,0.45511308312416077,0.14361634850502014,-0.09436304867267609,0.3653673231601715,0.4088153541088104,-0.05842147022485733,0.3575197458267212,0.29627537727355957,-0.0842951089143753,0.3802998960018158,0.22491084039211273,-0.09970580041408539,0.4158860146999359,0.18410731852054596,-0.10826976597309113
0.4233681857585907,0.6687783002853394,5.908399884901883e-07,0.48968517780303955,0.6002504825592041,-0.013015136122703552,0.5474311709403992,0.5083141922950745,-0.02894599735736847,0.6036477088928223,0.46466299891471863,-0.04887327179312706,0.6539963483810425,0.4313552677631378,-0.06994464248418808,0.45895183086395264,0.34229591488838196,-0.015423891134560108,0.4553735852241516,0.2228345423936844,-0.048772793263196945,0.4796513617038727,0.1623338758945465,-0.0749819204211235,0.5161328315734863,0.11952203512191772,-0.09225933253765106,0.4304479658603668,0.3525998592376709,-0.033049359917640686,0.4207896292209625,0.21615302562713623,-0.06354425847530365,0.4546961486339569,0.150578573346138,-0.08611369878053665,0.5000985264778137,0.11537912487983704,-0.10109130293130875,0.4047219157218933,0.38542643189430237,-0.05504274368286133,0.390584796667099,0.24730348587036133,-0.08429941534996033,0.4192415475845337,0.17895501852035522,-0.10085873305797577,0.4589579105377197,0.13608425855636597,-0.11042744666337967,0.3843199610710144,0.43471354246139526,-0.07924249023199081,0.37859201431274414,0.327760249376297,-0.10713440924882889,0.3905515968799591,0.2521623969078064,-0.12146603316068649,0.4101964235305786,0.19389623403549194,-0.13015758991241455
0.42234012484550476,0.67198646068573,6.106355954216269e-07,0.48930925130844116,0.6064319610595703,-0.014832230284810066,0.5463045835494995,0.5165136456489563,-0.03407437354326248,0.6027279496192932,0.47606468200683594,-0.05676746740937233,0.6554765105247498,0.4467598795890808,-0.08101359754800797,0.4665270447731018,0.34491509199142456,-0.027353864163160324,0.4618608057498932,0.22109030187129974,-0.06336097419261932,0.4818499684333801,0.15460273623466492,-0.08999968320131302,0.5137923359870911,0.10238024592399597,-0.10825712233781815,0.4366986155509949,0.3562741279602051,-0.04552064463496208,0.4294329881668091,0.21667040884494781,-0.07855968922376633,0.46290355920791626,0.14637333154678345,-0.10144974291324615,0.5062519311904907,0.10024502873420715,-0.11774227768182755,0.40911954641342163,0.39164090156555176,-0.06757882237434387,0.39790529012680054,0.25092005729675293,-0.10068551450967789,0.4249095022678375,0.1802484393119812,-0.11949709802865982,0.46111536026000977,0.1312170922756195,-0.13112778961658478,0.3869069814682007,0.44452396035194397,-0.0914854183793068,0.38416266441345215,0.33753758668899536,-0.12300106883049011,0.3963881731033325,0.2627962827682495,-0.1398267149925232,0.4136407673358917,0.20285558700561523,-0.1507728546857834
0.4287232458591461,0.685815691947937,6.303084774117451e-07,0.4958963096141815,0.6209627985954285,-0.01738089695572853,0.5533677935600281,0.5274685621261597,-0.036514539271593094,0.6096959710121155,0.48435816168785095,-0.05818033963441849,0.662251889705658,0.4561038613319397,-0.08170470595359802,0.4747326374053955,0.35991939902305603,-0.03133334219455719,0.47582271695137024,0.23494093120098114,-0.0677638128399849,0.49269774556159973,0.1606242060661316,-0.09516292065382004,0.5194743275642395,0.09691581130027771,-0.11461187899112701,0.44435930252075195,0.37250661849975586,-0.04861123859882355,0.4407346248626709,0.23225432634353638,-0.08190755546092987,0.46912911534309387,0.15429475903511047,-0.10475204139947891,0.5072091221809387,0.09162476658821106,-0.12143048644065857,0.4160976707935333,0.40947285294532776,-0.0698419064283371,0.40752366185188293,0.26765280961990356,-0.1047244593501091,0.4300493896007538,0.19026479125022888,-0.1239437386393547,0.4617845416069031,0.13063406944274902,-0.13572156429290771,0.39339131116867065,0.46352091431617737,-0.09303921461105347,0.3935648202896118,0.35541555285453796,-0.1268879473209381,0.40423882007598877,0.2808886170387268,-0.14413151144981384,0.4189113676548004,0.21957775950431824,-0.15517909824848175
0.4261486232280731,0.687522292137146,5.755578058597166e-07,0.4957108497619629,0.6249150037765503,-0.01649521477520466,0.5551478862762451,0.532120406627655,-0.035325199365615845,0.6110588908195496,0.48821333050727844,-0.05679718032479286,0.6641958951950073,0.458077996969223,-0.07985886186361313,0.481096088886261,0.3648633062839508,-0.030095769092440605,0.4816458821296692,0.2429000437259674,-0.06650162488222122,0.5000484585762024,0.1722116470336914,-0.09419659525156021,0.5289213061332703,0.11308872699737549,-0.11413145810365677,0.45045042037963867,0.37599581480026245,-0.047543302178382874,0.4460347592830658,0.2372487485408783,-0.08082608133554459,0.4753292500972748,0.16473111510276794,-0.10405997931957245,0.5149118900299072,0.10875850915908813,-0.12153127044439316,0.4214341342449188,0.4114617109298706,-0.06904000043869019,0.41373682022094727,0.26967090368270874,-0.1039506122469902,0.4375956356525421,0.1949959695339203,-0.12392730265855789,0.4705725908279419,0.13859814405441284,-0.13690057396888733,0.3974272310733795,0.46470052003860474,-0.09237590432167053,0.39919987320899963,0.3598785400390625,-0.1271187961101532,0.4093179404735565,0.2837570905685425,-0.14668971300125122,0.4229457378387451,0.219208225607872,-0.15989135205745697
0.42210501432418823,0.6798973083496094,6.280556021920347e-07,0.4889122545719147,0.6168989539146423,-0.01889757439494133,0.5473652482032776,0.5243407487869263,-0.03833004832267761,0.6032877564430237,0.4800417125225067,-0.05983935669064522,0.6562690734863281,0.4494384825229645,-0.08324597775936127,0.4707561135292053,0.3601270318031311,-0.0317952036857605,0.47329434752464294,0.23654495179653168,-0.06719154119491577,0.4886794686317444,0.1639624536037445,-0.09413985162973404,0.5125985145568848,0.09993040561676025,-0.11349205672740936,0.4402622580528259,0.3713293671607971,-0.04775864630937576,0.44082701206207275,0.233845517039299,-0.07981453835964203,0.46724724769592285,0.15865865349769592,-0.10264761000871658,0.5018871426582336,0.09679374098777771,-0.11972694098949432,0.41071486473083496,0.40630680322647095,-0.06772670149803162,0.4060918688774109,0.2667391300201416,-0.10131542384624481,0.42607685923576355,0.19069316983222961,-0.12052032351493835,0.4540190100669861,0.131544291973114,-0.13268987834453583,0.38464492559432983,0.4586620330810547,-0.08973786234855652,0.3862861692905426,0.3514449894428253,-0.12238802760839462,0.3969368040561676,0.2774907350540161,-0.13949339091777802,0.41134411096572876,0.2154049277305603,-0.15072867274284363
0.4167899489402771,0.6762107014656067,6.544553343701409e-07,0.48400866985321045,0.6110117435455322,-0.01790679059922695,0.5399209260940552,0.5194333791732788,-0.03736868500709534,0.5947637557983398,0.47307121753692627,-0.0595102496445179,0.6486518383026123,0.44014790654182434,-0.08330551534891129,0.45660287141799927,0.3577442467212677,-0.028899721801280975,0.4619852900505066,0.23859906196594238,-0.06551813334226608,0.4855347275733948,0.17338277399539948,-0.09317605942487717,0.5182878375053406,0.12098142504692078,-0.11234301328659058,0.4248414933681488,0.3684229552745819,-0.04564472660422325,0.4221416413784027,0.23316232860088348,-0.08009492605924606,0.4584583044052124,0.16690315306186676,-0.10409504175186157,0.5034899115562439,0.12142056226730347,-0.12096056342124939,0.3965017795562744,0.40385234355926514,-0.06646045297384262,0.3884444236755371,0.2669473886489868,-0.10144126415252686,0.41845065355300903,0.19896961748600006,-0.12040204554796219,0.4577837586402893,0.1530247926712036,-0.13173358142375946,0.3729771375656128,0.45656368136405945,-0.08931914716959,0.37178122997283936,0.3519262671470642,-0.12159986793994904,0.3889283537864685,0.279133141040802,-0.1380678117275238,0.41301262378692627,0.22137576341629028,-0.14867503941059113
0.4100996255874634,0.6696914434432983,5.646674026138498e-07,0.4766015410423279,0.5993368625640869,-0.012145272456109524,0.5314427614212036,0.5045944452285767,-0.02990776114165783,0.585450291633606,0.4498698115348816,-0.052767202258110046,0.6357090473175049,0.40706393122673035,-0.07751544564962387,0.4387446641921997,0.3684214651584625,-0.013979149982333183,0.4485684335231781,0.25821900367736816,-0.049089424312114716,0.49563682079315186,0.22767437994480133,-0.07837239652872086,0.543084442615509,0.22438660264015198,-0.09589999914169312,0.40923142433166504,0.3758000433444977,-0.03048497810959816,0.4102618098258972,0.24046076834201813,-0.06736311316490173,0.4702356159687042,0.21244296431541443,-0.09705214202404022,0.5247480273246765,0.2332639992237091,-0.11277403682470322,0.38146013021469116,0.4015730619430542,-0.049871571362018585,0.3696814179420471,0.26717203855514526,-0.08080834895372391,0.4227876365184784,0.23067502677440643,-0.10022366046905518,0.47390276193618774,0.2379222959280014,-0.10866706073284149,0.35815805196762085,0.44248658418655396,-0.0709255114197731,0.35173529386520386,0.34055912494659424,-0.0977071225643158,0.38729655742645264,0.2888537049293518,-0.11130370199680328,0.42824453115463257,0.2697940468788147,-0.11707279086112976
0.39751681685447693,0.6482762694358826,5.824398954246135e-07,0.46317753195762634,0.5831679105758667,-0.012702016159892082,0.518338680267334,0.48875313997268677,-0.03205094486474991,0.5698404312133789,0.43525367975234985,-0.05616181343793869,0.6178320646286011,0.3839651644229889,-0.08173790574073792,0.4280681312084198,0.3411805033683777,-0.016682839021086693,0.4398582875728607,0.22734664380550385,-0.04951724782586098,0.4805471897125244,0.19180789589881897,-0.07650364190340042,0.5241878628730774,0.1839972287416458,-0.09360850602388382,0.397431880235672,0.35019510984420776,-0.03395280987024307,0.39590761065483093,0.21234136819839478,-0.06986433267593384,0.45121046900749207,0.1802264302968979,-0.09945809841156006,0.5073826909065247,0.19400127232074738,-0.11665701866149902,0.3706551194190979,0.37954047322273254,-0.05422379449009895,0.3511793613433838,0.2386431097984314,-0.0866551324725151,0.39859259128570557,0.1950288563966751,-0.11004400998353958,0.4514595568180084,0.19208383560180664,-0.12282353639602661,0.3513662815093994,0.42444178462028503,-0.07577087730169296,0.34900209307670593,0.32138949632644653,-0.1056448295712471,0.38448935747146606,0.2648469805717468,-0.12420335412025452,0.42796117067337036,0.2379886507987976,-0.13491863012313843
0.397477924823761,0.6646414995193481,5.836968739458825e-07,0.46500110626220703,0.6018124222755432,-0.014586759731173515,0.5207849740982056,0.5161237120628357,-0.036935534328222275,0.5641428828239441,0.47071999311447144,-0.06375864893198013,0.5888930559158325,0.40668708086013794,-0.09259018301963806,0.4353032410144806,0.3538227379322052,-0.028920138254761696,0.4468602240085602,0.2354559600353241,-0.06723132729530334,0.4901105761528015,0.19439885020256042,-0.09957122057676315,0.5346616506576538,0.18280832469463348,-0.12044288218021393,0.40286293625831604,0.36556875705718994,-0.04796844720840454,0.4040786325931549,0.22001239657402039,-0.08940033614635468,0.46379196643829346,0.18894243240356445,-0.12756288051605225,0.5203390121459961,0.20211580395698547,-0.1520630568265915,0.3746502697467804,0.39762264490127563,-0.0691249743103981,0.3617514967918396,0.25444042682647705,-0.10500538349151611,0.4155099093914032,0.21253474056720734,-0.13773082196712494,0.46931201219558716,0.21431607007980347,-0.15833570063114166,0.35487642884254456,0.44746074080467224,-0.09114719927310944,0.35991179943084717,0.34465181827545166,-0.12296263128519058,0.3966630697250366,0.2867315411567688,-0.14721807837486267,0.43733394145965576,0.2600567936897278,-0.16359947621822357
0.3923813998699188,0.6660575866699219,5.810553034280019e-07,0.4623109996318817,0.5998677015304565,-0.010655862279236317,0.5177573561668396,0.5123535990715027,-0.032637257128953934,0.5632913708686829,0.4653516709804535,-0.059994667768478394,0.5977373719215393,0.40268102288246155,-0.08963770419359207,0.4299061596393585,0.3550854027271271,-0.025794409215450287,0.4418920874595642,0.23648597300052643,-0.06320352852344513,0.484669953584671,0.1917673796415329,-0.09452757984399796,0.528560996055603,0.1776246726512909,-0.11480609327554703,0.39803755283355713,0.36699289083480835,-0.04726972058415413,0.3976133465766907,0.22166237235069275,-0.0880962535738945,0.45823782682418823,0.18837055563926697,-0.12483827769756317,0.5148255228996277,0.20196600258350372,-0.14822286367416382,0.3709038496017456,0.39955073595046997,-0.07062818109989166,0.3572366535663605,0.2548448443412781,-0.1062697097659111,0.4122360050678253,0.21210098266601562,-0.13719987869262695,0.46643349528312683,0.21440760791301727,-0.15650475025177002,0.35304689407348633,0.4495241045951843,-0.0944826602935791,0.356982946395874,0.3466099500656128,-0.1261157989501953,0.39401325583457947,0.2883777916431427,-0.1490507423877716,0.43426957726478577,0.2617388069629669,-0.1643267124891281
0.3996533155441284,0.6530417203903198,6.687878908451239e-07,0.4683275818824768,0.5902550220489502,-0.01652338169515133,0.5284801721572876,0.5017421841621399,-0.03822161629796028,0.5876625776290894,0.4608590304851532,-0.06346828490495682,0.6424040794372559,0.4261249601840973,-0.09056785702705383,0.44296637177467346,0.3381965756416321,-0.02801406942307949,0.4566167891025543,0.2233017534017563,-0.06573907285928726,0.4903111457824707,0.1712738573551178,-0.09471845626831055,0.5311019420623779,0.13817042112350464,-0.11384855955839157,0.4111366271972656,0.35086745023727417,-0.04555967077612877,0.40864428877830505,0.2152382731437683,-0.08373017609119415,0.45383262634277344,0.16403450071811676,-0.10986137390136719,0.5053509473800659,0.14602550864219666,-0.12576110661029816,0.38363057374954224,0.38729146122932434,-0.06687599420547485,0.3709484040737152,0.24616210162639618,-0.10300520807504654,0.4092673361301422,0.18594244122505188,-0.12275084853172302,0.4557096064090729,0.15347450971603394,-0.13312196731567383,0.36478090286254883,0.4405749440193176,-0.09000851958990097,0.36772242188453674,0.33543410897254944,-0.12234526127576828,0.3900025486946106,0.2652967572212219,-0.13889192044734955,0.418125182390213,0.2159046083688736,-0.14856143295764923
0.40418896079063416,0.6478465795516968,7.025159334261843e-07,0.4703216254711151,0.5927162170410156,-0.024259280413389206,0.5336545705795288,0.505471408367157,-0.04687608778476715,0.5946517586708069,0.4650785028934479,-0.07078156620264053,0.6509861946105957,0.4374842643737793,-0.09644818305969238,0.45711055397987366,0.34266775846481323,-0.033886201679706573,0.47078442573547363,0.2286217361688614,-0.0700293630361557,0.49306103587150574,0.1642708033323288,-0.09860435128211975,0.5223225355148315,0.10705935955047607,-0.11890407651662827,0.4264267086982727,0.35005247592926025,-0.0470438227057457,0.4388447701931,0.22209574282169342,-0.07812527567148209,0.46844443678855896,0.1537099927663803,-0.10085512697696686,0.5055906772613525,0.09701362252235413,-0.11787974834442139,0.3962628245353699,0.38062596321105957,-0.06472714245319366,0.4038066864013672,0.24854500591754913,-0.09607438743114471,0.4291582405567169,0.17709748446941376,-0.1129845380783081,0.46215584874153137,0.12085813283920288,-0.1237238273024559,0.36791354417800903,0.42939653992652893,-0.08523669093847275,0.37577760219573975,0.32762736082077026,-0.11471942067146301,0.38981786370277405,0.25677287578582764,-0.12885946035385132,0.4085442125797272,0.19729100167751312,-0.1379443109035492
0.4074355363845825,0.6535844206809998,7.361718985521293e-07,0.4726601839065552,0.5946726202964783,-0.025472478941082954,0.5356168746948242,0.5125676393508911,-0.051604099571704865,0.6005195379257202,0.47636768221855164,-0.0784970372915268,0.6591319441795349,0.452964723110199,-0.10817179828882217,0.4585663080215454,0.3506554067134857,-0.04405326023697853,0.47479599714279175,0.22783824801445007,-0.08191364258527756,0.49080026149749756,0.15248876810073853,-0.11151012033224106,0.5079538226127625,0.08292689919471741,-0.13318975269794464,0.4296075105667114,0.3603150546550751,-0.05907679721713066,0.44546788930892944,0.22230137884616852,-0.09330737590789795,0.4650906026363373,0.13489991426467896,-0.12030263245105743,0.4838040769100189,0.053878068923950195,-0.1408708393573761,0.3997346758842468,0.3928408920764923,-0.07744307816028595,0.40958574414253235,0.2522355318069458,-0.11083011329174042,0.428804874420166,0.16680756211280823,-0.1323331743478775,0.4470449686050415,0.09052440524101257,-0.1470668613910675,0.37074875831604004,0.4432254433631897,-0.09813658893108368,0.3802601993083954,0.3413795232772827,-0.12829571962356567,0.3956587314605713,0.2709232568740845,-0.14314091205596924,0.41075077652931213,0.205849289894104,-0.15350982546806335
0.4096102714538574,0.6611901521682739,7.21563822025928e-07,0.4747770428657532,0.6038289666175842,-0.02510177157819271,0.53846275806427,0.5200398564338684,-0.050298139452934265,0.6033191084861755,0.48378869891166687,-0.07618310302495956,0.6616385579109192,0.4605632424354553,-0.10455404967069626,0.4650770127773285,0.356717050075531,-0.04335637018084526,0.4793827533721924,0.2348649501800537,-0.08144060522317886,0.4982811510562897,0.16251708567142487,-0.11071787774562836,0.520431637763977,0.0959177017211914,-0.13183017075061798,0.4350321292877197,0.36663684248924255,-0.057478707283735275,0.449664831161499,0.23163455724716187,-0.09053123742341995,0.4742482602596283,0.15181300044059753,-0.11466015875339508,0.5003923177719116,0.07880142331123352,-0.13308709859848022,0.4043457806110382,0.3999711573123932,-0.07529953122138977,0.4142732620239258,0.26275330781936646,-0.10753773897886276,0.43647414445877075,0.18209140002727509,-0.12599623203277588,0.4599106013774872,0.11218202114105225,-0.13850629329681396,0.3751596510410309,0.45167189836502075,-0.09570109099149704,0.3847399652004242,0.34967002272605896,-0.12538854777812958,0.40015506744384766,0.27894678711891174,-0.13940009474754333,0.41623371839523315,0.21543173491954803,-0.14896339178085327
0.40921056270599365,0.6605167388916016,7.144991513996501e-07,0.47490090131759644,0.6040937304496765,-0.02429264597594738,0.5382766723632812,0.5174229741096497,-0.04760746657848358,0.6011567711830139,0.47848546504974365,-0.07207001745700836,0.6598650813102722,0.4539179503917694,-0.09843582659959793,0.4657117426395416,0.35540100932121277,-0.03740972280502319,0.4812384247779846,0.23807063698768616,-0.07430719584226608,0.5023078918457031,0.16886578500270844,-0.10305947065353394,0.5284003615379333,0.10603386163711548,-0.1240699514746666,0.43536657094955444,0.36384761333465576,-0.0515766516327858,0.4493178427219391,0.23227563500404358,-0.0840117335319519,0.47798922657966614,0.1591193974018097,-0.10734426230192184,0.5116073489189148,0.09429803490638733,-0.12509842216968536,0.40457284450531006,0.39625898003578186,-0.07004246860742569,0.4144075810909271,0.2608734965324402,-0.10296060889959335,0.44007396697998047,0.18562684953212738,-0.12111351639032364,0.47001591324806213,0.12386509776115417,-0.13294845819473267,0.37593966722488403,0.44689446687698364,-0.09117685258388519,0.3880358636379242,0.3453295826911926,-0.12185103446245193,0.40354230999946594,0.27377042174339294,-0.13705524802207947,0.4208155870437622,0.21194124221801758,-0.14733487367630005
0.4076853394508362,0.6335940361022949,6.568257617800555e-07,0.47681209444999695,0.5751452445983887,-0.014492211863398552,0.5368160009384155,0.490672767162323,-0.03784537687897682,0.5947067737579346,0.4510943293571472,-0.06594881415367126,0.6502523422241211,0.4190784692764282,-0.09625406563282013,0.45350193977355957,0.3335592746734619,-0.03167956694960594,0.45932066440582275,0.21102628111839294,-0.070511095225811,0.503007173538208,0.1716538369655609,-0.0998954102396965,0.5487712025642395,0.15889014303684235,-0.11821567267179489,0.42169490456581116,0.3449336886405945,-0.05011555179953575,0.4182441830635071,0.19677065312862396,-0.09102947264909744,0.4777609705924988,0.16448110342025757,-0.12131040543317795,0.5329628586769104,0.17482103407382965,-0.1388900727033615,0.3940860629081726,0.37533295154571533,-0.07094695419073105,0.3789873719215393,0.2245839536190033,-0.10709690302610397,0.4375954568386078,0.1863396167755127,-0.13104523718357086,0.49539071321487427,0.1899869441986084,-0.1434723138809204,0.37349992990493774,0.4213580787181854,-0.09307624399662018,0.37297236919403076,0.3144616484642029,-0.125418558716774,0.4136180281639099,0.26224058866500854,-0.1444857120513916,0.45844563841819763,0.241679847240448,-0.1551622599363327
0.4005611538887024,0.6280025839805603,5.204237822908908e-07,0.4692710340023041,0.5670446753501892,-0.009010384790599346,0.5298036336898804,0.47697898745536804,-0.03040170855820179,0.5883690118789673,0.4373435080051422,-0.05793384090065956,0.6426703929901123,0.4043745994567871,-0.08830920606851578,0.44535666704177856,0.3229059875011444,-0.028187155723571777,0.44828036427497864,0.2019660472869873,-0.06765435636043549,0.4958209991455078,0.17297516763210297,-0.09944579750299454,0.5436904430389404,0.17871354520320892,-0.11879347264766693,0.41547635197639465,0.33562394976615906,-0.04984989017248154,0.40963372588157654,0.18656222522258759,-0.09070973843336105,0.4705823063850403,0.1613759696483612,-0.12367218732833862,0.5252473950386047,0.1886468529701233,-0.1434774249792099,0.3881625235080719,0.3664907217025757,-0.073374442756176,0.37310364842414856,0.21352726221084595,-0.10774935781955719,0.43124353885650635,0.18364150822162628,-0.13318631052970886,0.4849567711353302,0.20192743837833405,-0.14735014736652374,0.3674789071083069,0.4125080704689026,-0.09772495180368423,0.36810755729675293,0.30456313490867615,-0.1283673346042633,0.4095073342323303,0.2548220753669739,-0.14818012714385986,0.4535435140132904,0.24219290912151337,-0.16002139449119568
0.3924291431903839,0.6225425601005554,5.372127702685248e-07,0.4616222381591797,0.5581483840942383,-0.00821763277053833,0.5234159827232361,0.4691839814186096,-0.0294088963419199,0.5812896490097046,0.4286453425884247,-0.05698962137103081,0.6362817287445068,0.3934963345527649,-0.08705486357212067,0.4374307096004486,0.3173888921737671,-0.02450510486960411,0.44237658381462097,0.20091038942337036,-0.06317580491304398,0.489729642868042,0.16987311840057373,-0.094162717461586,0.5373873114585876,0.17303615808486938,-0.11249053478240967,0.4073105752468109,0.3285418450832367,-0.046489421278238297,0.39955857396125793,0.18140268325805664,-0.08535442501306534,0.4589405655860901,0.152370423078537,-0.11545073240995407,0.5129011273384094,0.18065054714679718,-0.13272768259048462,0.3801065683364868,0.35877224802970886,-0.07065529376268387,0.364020973443985,0.21003589034080505,-0.10386333614587784,0.42036861181259155,0.17644670605659485,-0.126033753156662,0.47325658798217773,0.19259344041347504,-0.13728928565979004,0.36033251881599426,0.40417641401290894,-0.09579508006572723,0.35967177152633667,0.29585492610931396,-0.125255286693573,0.40071895718574524,0.24590179324150085,-0.14241547882556915,0.4444054067134857,0.23355670273303986,-0.15156012773513794
0.392622709274292,0.6200817227363586,5.224028427619487e-07,0.46180421113967896,0.5595270395278931,-0.008909652009606361,0.5224590301513672,0.47019028663635254,-0.030593402683734894,0.5804246664047241,0.4291415214538574,-0.05864065885543823,0.6339219808578491,0.39503148198127747,-0.08913509547710419,0.43716537952423096,0.3180873394012451,-0.029350584372878075,0.4408192038536072,0.1982172429561615,-0.0695285052061081,0.4910036325454712,0.17092710733413696,-0.10128897428512573,0.5396178960800171,0.18017391860485077,-0.1198812872171402,0.40810027718544006,0.3291781544685364,-0.05109889805316925,0.4019491970539093,0.1779363453388214,-0.09190869331359863,0.4652593731880188,0.15302473306655884,-0.12380103021860123,0.5186242461204529,0.18598085641860962,-0.142216295003891,0.3807560205459595,0.35872069001197815,-0.07457698881626129,0.36488020420074463,0.2068711668252945,-0.10834846645593643,0.42606043815612793,0.17946341633796692,-0.13071690499782562,0.47902345657348633,0.2028351128101349,-0.14196473360061646,0.35992199182510376,0.4034980535507202,-0.09904270619153976,0.3581780195236206,0.292936772108078,-0.12876364588737488,0.40044960379600525,0.24556362628936768,-0.14620649814605713,0.44357192516326904,0.2390022873878479,-0.15549148619174957
0.4004020690917969,0.6082566976547241,5.342690201359801e-07,0.47127825021743774,0.5467203855514526,-0.00781610980629921,0.535204291343689,0.4602869153022766,-0.030042288824915886,0.5959718227386475,0.42339763045310974,-0.05948355421423912,0.6517767906188965,0.38851431012153625,-0.09124607592821121,0.45371127128601074,0.3045184314250946,-0.023566028103232384,0.4610671103000641,0.18583741784095764,-0.06375046819448471,0.5123538374900818,0.1648872345685959,-0.09548890590667725,0.5604434013366699,0.1801455020904541,-0.11354527622461319,0.42404094338417053,0.31450793147087097,-0.04598744213581085,0.421494722366333,0.16469529271125793,-0.08554258942604065,0.48626911640167236,0.1448669135570526,-0.11579041182994843,0.5388271808624268,0.18164697289466858,-0.1325015127658844,0.3965080678462982,0.3421486020088196,-0.07064986228942871,0.38710129261016846,0.19140931963920593,-0.10393264144659042,0.4510106146335602,0.1678333878517151,-0.12452252954244614,0.5045455098152161,0.1934760957956314,-0.13390611112117767,0.3762356638908386,0.38537272810935974,-0.09636693447828293,0.37936750054359436,0.27735280990600586,-0.12467458099126816,0.4258221387863159,0.2335469126701355,-0.13962635397911072,0.471168577671051,0.22904366254806519,-0.14664050936698914
0.40366628766059875,0.6087530255317688,5.437589152279543e-07,0.4767853319644928,0.5486001372337341,-0.0057595521211624146,0.5407236218452454,0.4643476903438568,-0.027792567387223244,0.5992361307144165,0.4269365668296814,-0.05740981921553612,0.6523345708847046,0.3845597803592682,-0.08935563266277313,0.4608325958251953,0.3014528155326843,-0.02296086587011814,0.46956148743629456,0.17987272143363953,-0.06281481683254242,0.5209484100341797,0.1559172421693802,-0.09471991658210754,0.5698609948158264,0.1665518581867218,-0.1136188954114914,0.4312843680381775,0.3107646703720093,-0.047373466193675995,0.4319779574871063,0.1579636186361313,-0.0868111252784729,0.49744680523872375,0.1346595734357834,-0.1191151961684227,0.5511029362678528,0.16724030673503876,-0.1383058875799179,0.4039055407047272,0.3388558030128479,-0.07375141978263855,0.39819297194480896,0.18580473959445953,-0.1068035215139389,0.4631059765815735,0.15814873576164246,-0.13023629784584045,0.5176525115966797,0.1789301484823227,-0.1427643746137619,0.38467761874198914,0.3836621046066284,-0.10079995542764664,0.3911452293395996,0.27484604716300964,-0.12894965708255768,0.43828168511390686,0.22673378884792328,-0.14582934975624084,0.4840514063835144,0.21606339514255524,-0.15528930723667145
0.3997340202331543,0.6190532445907593,4.976508307663607e-07,0.4736320674419403,0.5584656000137329,-0.005321906413882971,0.5353874564170837,0.47554588317871094,-0.027187485247850418,0.5890278816223145,0.43557873368263245,-0.056317903101444244,0.6349173784255981,0.3845602571964264,-0.0875147208571434,0.454872727394104,0.3093305230140686,-0.024830417707562447,0.4621666669845581,0.186320960521698,-0.06554877758026123,0.5133309364318848,0.16109170019626617,-0.09812528640031815,0.562352180480957,0.17045947909355164,-0.11742300540208817,0.4252024292945862,0.32007211446762085,-0.04917493835091591,0.42609703540802,0.16733121871948242,-0.08914843946695328,0.4913332462310791,0.14574413001537323,-0.12207425385713577,0.5450087189674377,0.17568941414356232,-0.14215901494026184,0.39870309829711914,0.3489634096622467,-0.07526949793100357,0.39321258664131165,0.19625027477741241,-0.10892126709222794,0.4570203423500061,0.16909442842006683,-0.13292458653450012,0.511038601398468,0.18992753326892853,-0.146287739276886,0.38091546297073364,0.39511069655418396,-0.10186830163002014,0.3888397514820099,0.2882281243801117,-0.13065506517887115,0.4341151714324951,0.23937959969043732,-0.148200124502182,0.4783630073070526,0.2276919186115265,-0.15834803879261017
0.39449959993362427,0.6309789419174194,4.69836265892809e-07,0.46900323033332825,0.5654515027999878,-0.001765330322086811,0.528160572052002,0.4865168333053589,-0.02165740542113781,0.5742065906524658,0.4493747353553772,-0.04938856512308121,0.6033301949501038,0.3914225697517395,-0.0790938064455986,0.4514082968235016,0.3141983151435852,-0.021000763401389122,0.4592853784561157,0.19048161804676056,-0.06039338931441307,0.5096043944358826,0.1616917997598648,-0.09275311976671219,0.5592955350875854,0.16468629240989685,-0.11296816915273666,0.42088523507118225,0.32647979259490967,-0.04795124754309654,0.42088228464126587,0.17332561314105988,-0.08816993981599808,0.4862007796764374,0.1502094715833664,-0.12260564416646957,0.5437249541282654,0.1729726940393448,-0.14483462274074554,0.39399194717407227,0.35670575499534607,-0.07650246471166611,0.3904445767402649,0.20562495291233063,-0.11091310530900955,0.45441240072250366,0.1759933978319168,-0.13717065751552582,0.5111052393913269,0.18990862369537354,-0.15333224833011627,0.3772340714931488,0.40563395619392395,-0.10525774210691452,0.3895586431026459,0.29884374141693115,-0.13500405848026276,0.43363893032073975,0.24905246496200562,-0.15405400097370148,0.4770962595939636,0.2328185886144638,-0.16638827323913574
0.39792150259017944,0.6363375186920166,5.09238532231393e-07,0.47133615612983704,0.5722163915634155,-0.004430815577507019,0.5300038456916809,0.4946782886981964,-0.025228366255760193,0.5747761130332947,0.4597626030445099,-0.05347004905343056,0.5967018604278564,0.3999755382537842,-0.08405294269323349,0.4530181586742401,0.3194710910320282,-0.02237379364669323,0.4610897898674011,0.1925872415304184,-0.061552200466394424,0.5109525322914124,0.1573396772146225,-0.09526020288467407,0.5593225955963135,0.15188930928707123,-0.11727844923734665,0.42276349663734436,0.33218371868133545,-0.04840067774057388,0.42411941289901733,0.17625601589679718,-0.09092739224433899,0.4907435476779938,0.1557615101337433,-0.1303548365831375,0.546877920627594,0.17858394980430603,-0.15618015825748444,0.3958476185798645,0.3621225953102112,-0.07588846981525421,0.3916585445404053,0.20946601033210754,-0.11037780344486237,0.4576226770877838,0.1812117099761963,-0.1413935124874115,0.5143218040466309,0.1955161690711975,-0.1615312099456787,0.3785307705402374,0.41118258237838745,-0.10382688790559769,0.3895370066165924,0.30678120255470276,-0.13363796472549438,0.43523555994033813,0.2566721439361572,-0.15647263824939728,0.47960367798805237,0.23763275146484375,-0.17266476154327393
0.39768490195274353,0.6430686712265015,5.122033712723351e-07,0.47063395380973816,0.5784429907798767,-0.00601178640499711,0.5281841158866882,0.4962038993835449,-0.02832465060055256,0.5742666125297546,0.45708927512168884,-0.05772005766630173,0.606243371963501,0.3987845778465271,-0.08962271362543106,0.451048880815506,0.3256932199001312,-0.026085184887051582,0.45956113934516907,0.20026376843452454,-0.06655101478099823,0.5087699294090271,0.16439899802207947,-0.1009306088089943,0.5577616691589355,0.15772593021392822,-0.12360145151615143,0.4204234778881073,0.3392423391342163,-0.05171995982527733,0.42261576652526855,0.1855871081352234,-0.09521317481994629,0.4879736304283142,0.16242435574531555,-0.13473773002624512,0.5449213981628418,0.18029378354549408,-0.16086481511592865,0.3933980464935303,0.37054643034935,-0.07877673208713531,0.3906139135360718,0.2190656065940857,-0.11482495069503784,0.4549604058265686,0.18715886771678925,-0.14584045112133026,0.5118664503097534,0.19664950668811798,-0.16601182520389557,0.3758920133113861,0.42092621326446533,-0.10624387860298157,0.3885398209095001,0.31591862440109253,-0.13676655292510986,0.43180155754089355,0.26265743374824524,-0.15904057025909424,0.4743698835372925,0.2395273596048355,-0.17485423386096954
0.3948867619037628,0.6439716815948486,5.088026000521495e-07,0.470548540353775,0.5745235681533813,-0.004396185278892517,0.5287262797355652,0.4899589717388153,-0.02630002610385418,0.575787365436554,0.4487902522087097,-0.05580367147922516,0.6111697554588318,0.3903666138648987,-0.08781594783067703,0.4488426744937897,0.320392906665802,-0.024129286408424377,0.457001268863678,0.193312868475914,-0.06466072797775269,0.5067163109779358,0.15726405382156372,-0.09925670176744461,0.5563011765480042,0.15214289724826813,-0.12188565731048584,0.41797634959220886,0.3346650302410126,-0.05092020705342293,0.41982951760292053,0.18038707971572876,-0.0936330184340477,0.48577216267585754,0.15524207055568695,-0.13276304304599762,0.5436222553253174,0.17421752214431763,-0.15868622064590454,0.3912585377693176,0.3674819767475128,-0.07914198935031891,0.3879435956478119,0.21672207117080688,-0.11465193331241608,0.4523461163043976,0.18348756432533264,-0.14504198729991913,0.5099848508834839,0.19370640814304352,-0.16481521725654602,0.3743460178375244,0.4187672436237335,-0.10772711783647537,0.3864266872406006,0.3123500347137451,-0.1379368156194687,0.428796648979187,0.2577199935913086,-0.15946424007415771,0.4710691571235657,0.23478513956069946,-0.1745123416185379
0.3959428071975708,0.6365622282028198,4.874710270996729e-07,0.47032272815704346,0.5683703422546387,-0.0033316456247121096,0.5297269821166992,0.48505690693855286,-0.024071481078863144,0.5766519904136658,0.44400835037231445,-0.052726149559020996,0.6113647818565369,0.38328781723976135,-0.08336666971445084,0.451564222574234,0.3199952244758606,-0.021188531070947647,0.45857590436935425,0.1937917172908783,-0.06094563007354736,0.5100998878479004,0.16698959469795227,-0.09378837794065475,0.5591671466827393,0.17318986356258392,-0.11380421370267868,0.4211130142211914,0.3305854797363281,-0.047135621309280396,0.4216201603412628,0.17513705790042877,-0.08751320093870163,0.4887837767601013,0.1535232812166214,-0.12292730808258057,0.5442789793014526,0.18235169351100922,-0.14513178169727325,0.393725723028183,0.35922086238861084,-0.07467225193977356,0.3887794613838196,0.2051783800125122,-0.10799610614776611,0.4549802839756012,0.17741823196411133,-0.134368434548378,0.5111543536186218,0.1974201798439026,-0.15019050240516663,0.37566545605659485,0.4060458540916443,-0.10262758284807205,0.38427066802978516,0.29852616786956787,-0.13140353560447693,0.43185481429100037,0.2504207193851471,-0.15019924938678741,0.4783543348312378,0.23910431563854218,-0.16188327968120575
0.3983057141304016,0.6231063604354858,4.6693494937244395e-07,0.4726932644844055,0.5552672743797302,-0.002808121033012867,0.5307716131210327,0.4742409884929657,-0.022632349282503128,0.5762547254562378,0.43347644805908203,-0.05042091757059097,0.6105832457542419,0.37375298142433167,-0.08023184537887573,0.45249247550964355,0.3077889084815979,-0.019406815990805626,0.4567464590072632,0.1833963543176651,-0.05799753963947296,0.5055778622627258,0.15486691892147064,-0.0897190123796463,0.5535155534744263,0.15881645679473877,-0.10911522805690765,0.4222741425037384,0.3186206817626953,-0.045276205986738205,0.41948091983795166,0.16422531008720398,-0.08436817675828934,0.4835458993911743,0.1397135853767395,-0.11852247267961502,0.5386884212493896,0.16432875394821167,-0.1400974690914154,0.3950830101966858,0.3472628891468048,-0.07290816307067871,0.3876681625843048,0.19474279880523682,-0.1060149222612381,0.4513717293739319,0.1648133546113968,-0.13172686100006104,0.5072322487831116,0.18169206380844116,-0.14706365764141083,0.3769982159137726,0.39362189173698425,-0.10089851915836334,0.38389652967453003,0.285403311252594,-0.12946633994579315,0.4293631613254547,0.2365042269229889,-0.1477155238389969,0.4749293029308319,0.2245243787765503,-0.15899315476417542
0.4047064483165741,0.6177077889442444,4.40993318306937e-07,0.47737282514572144,0.5530314445495605,-0.0030913352966308594,0.5344198942184448,0.470763623714447,-0.024525504559278488,0.5813990831375122,0.4310065507888794,-0.054495345801115036,0.6171315312385559,0.3706372380256653,-0.08602311462163925,0.46032199263572693,0.31219482421875,-0.02264830283820629,0.463060200214386,0.18073993921279907,-0.06458837538957596,0.5191128253936768,0.1661924570798874,-0.09761052578687668,0.5677237510681152,0.1928980052471161,-0.11592070013284683,0.4313558042049408,0.32132044434547424,-0.0487372986972332,0.4292110800743103,0.1613643914461136,-0.090065136551857,0.5011032819747925,0.1486242562532425,-0.12443152815103531,0.5527928471565247,0.18983979523181915,-0.14438927173614502,0.4037342071533203,0.34617313742637634,-0.07651276141405106,0.39697325229644775,0.18895159661769867,-0.10946028679609299,0.46752962470054626,0.167942076921463,-0.13303424417972565,0.5203090906143188,0.19740842282772064,-0.14569103717803955,0.3831082284450531,0.3880622982978821,-0.10481712222099304,0.38806086778640747,0.2773076891899109,-0.13299299776554108,0.43803974986076355,0.23509255051612854,-0.14957600831985474,0.4826371967792511,0.2341911792755127,-0.15857698023319244
0.40360188484191895,0.6226261854171753,5.34668458840315e-07,0.47651156783103943,0.5587043762207031,-0.013411642983555794,0.5348872542381287,0.47476136684417725,-0.0358840748667717,0.5871670246124268,0.4298822581768036,-0.06311259418725967,0.6279781460762024,0.3683135509490967,-0.092609703540802,0.4544733464717865,0.307833731174469,-0.024713288992643356,0.48144373297691345,0.1925276517868042,-0.06214716657996178,0.5305358171463013,0.16230687499046326,-0.09360302239656448,0.576964259147644,0.1547095626592636,-0.11410853266716003,0.4244462251663208,0.3144170045852661,-0.04470708221197128,0.43936094641685486,0.1675005406141281,-0.08408407866954803,0.5033554434776306,0.15050040185451508,-0.11796164512634277,0.5583947896957397,0.1746997833251953,-0.1386495679616928,0.39500969648361206,0.34351590275764465,-0.06692634522914886,0.39576447010040283,0.2043205201625824,-0.09942730516195297,0.4544692933559418,0.17449261248111725,-0.12153242528438568,0.5074703693389893,0.17975986003875732,-0.13453036546707153,0.36991143226623535,0.3906155526638031,-0.09073734283447266,0.36481595039367676,0.2859117388725281,-0.11987214535474777,0.40209993720054626,0.2296493798494339,-0.13628914952278137,0.4434548020362854,0.2002355307340622,-0.14640234410762787
0.39943909645080566,0.6199741363525391,6.016614975123957e-07,0.47311362624168396,0.5611968040466309,-0.012405851855874062,0.5346419811248779,0.4729069471359253,-0.032910119742155075,0.5886763334274292,0.42279914021492004,-0.05806061998009682,0.63899165391922,0.371548593044281,-0.08498335629701614,0.4530986249446869,0.3105281889438629,-0.02207382768392563,0.4801616370677948,0.19313855469226837,-0.05658834055066109,0.5263795852661133,0.15407508611679077,-0.08430346101522446,0.5706368684768677,0.1383686661720276,-0.10219356417655945,0.4220409095287323,0.3168858289718628,-0.04103495925664902,0.43184784054756165,0.16891759634017944,-0.0764397382736206,0.49185892939567566,0.13438226282596588,-0.10390786826610565,0.5467755198478699,0.143402099609375,-0.12061585485935211,0.39318251609802246,0.34581831097602844,-0.06272660195827484,0.3955673575401306,0.19913804531097412,-0.09478285908699036,0.45269644260406494,0.1557348072528839,-0.11433114856481552,0.5069170594215393,0.1492026150226593,-0.1252836138010025,0.3699248433113098,0.3912598788738251,-0.08582472801208496,0.3780500888824463,0.28392839431762695,-0.1163930594921112,0.4162144958972931,0.22392484545707703,-0.13270607590675354,0.45648276805877686,0.19138090312480927,-0.14201369881629944
0.3988855183124542,0.6203845739364624,5.824024356115842e-07,0.47211501002311707,0.5626073479652405,-0.009557953104376793,0.5316368341445923,0.4726959466934204,-0.029879063367843628,0.5868082046508789,0.42471984028816223,-0.055440034717321396,0.6402016282081604,0.3793753981590271,-0.08347378671169281,0.4527932107448578,0.3145730495452881,-0.02383216843008995,0.4768533706665039,0.19633422791957855,-0.05858304351568222,0.5205684900283813,0.15435683727264404,-0.08607571572065353,0.5638232827186584,0.1342981457710266,-0.10446937382221222,0.4230819642543793,0.323356032371521,-0.044702496379613876,0.4381296634674072,0.17893633246421814,-0.07956980168819427,0.4963197112083435,0.14028146862983704,-0.10669306665658951,0.550238847732544,0.13953797519207,-0.12437997758388519,0.39566105604171753,0.35310494899749756,-0.06794630736112595,0.40290960669517517,0.20835493505001068,-0.09942175447940826,0.45622575283050537,0.1612071543931961,-0.11952438205480576,0.5076748132705688,0.14640851318836212,-0.13205508887767792,0.3741445541381836,0.39878609776496887,-0.09234105795621872,0.3835224509239197,0.29132622480392456,-0.1215365007519722,0.4191126823425293,0.22914664447307587,-0.13771258294582367,0.45763882994651794,0.19183824956417084,-0.14812535047531128
0.400027334690094,0.6277497410774231,7.279993496922543e-07,0.46801912784576416,0.5712733864784241,-0.02092675492167473,0.5276214480400085,0.48170268535614014,-0.04509850963950157,0.5856186151504517,0.43444424867630005,-0.07166603952646255,0.6413434743881226,0.3917693495750427,-0.10025724768638611,0.45059558749198914,0.3234093189239502,-0.03491229563951492,0.47315630316734314,0.2122250348329544,-0.07370908558368683,0.5043674111366272,0.15167468786239624,-0.10356517136096954,0.541146993637085,0.10264834761619568,-0.12456873059272766,0.4178011119365692,0.332029789686203,-0.05192146450281143,0.42930084466934204,0.19920840859413147,-0.0875723585486412,0.4699314832687378,0.136905238032341,-0.1132759228348732,0.5162625908851624,0.09396559000015259,-0.13172085583209991,0.38914769887924194,0.36584407091140747,-0.07304191589355469,0.3957446217536926,0.2290608137845993,-0.1093524843454361,0.4352900981903076,0.16066406667232513,-0.12944945693016052,0.48069486021995544,0.11062416434288025,-0.14202776551246643,0.3686498701572418,0.4172339141368866,-0.09618335962295532,0.38090980052948,0.3151331841945648,-0.1284637749195099,0.4061635732650757,0.24665677547454834,-0.14429916441440582,0.4352322220802307,0.191158264875412,-0.15490031242370605
0.39909547567367554,0.6246505975723267,6.478875889115443e-07,0.4678415358066559,0.5644199848175049,-0.01168568804860115,0.5275211930274963,0.4745369553565979,-0.035098955035209656,0.5848215818405151,0.4278462827205658,-0.06326345354318619,0.6405714750289917,0.38627633452415466,-0.09391062706708908,0.44628703594207764,0.3257772922515869,-0.030800998210906982,0.4678458571434021,0.20905238389968872,-0.0680202767252922,0.5125647783279419,0.17053842544555664,-0.09656534343957901,0.5565499067306519,0.15241378545761108,-0.11598001420497894,0.41577720642089844,0.33755412697792053,-0.05188119783997536,0.42974334955215454,0.19518637657165527,-0.08956678211688995,0.4897622764110565,0.15815894305706024,-0.11738937348127365,0.5446012616157532,0.15622250735759735,-0.13567009568214417,0.3882043957710266,0.36955633759498596,-0.07529157400131226,0.3952670395374298,0.22493985295295715,-0.10922496765851974,0.4499903917312622,0.1773943305015564,-0.1298002302646637,0.5022569298744202,0.15954506397247314,-0.1427117884159088,0.36791253089904785,0.4171876609325409,-0.09988925606012344,0.37912577390670776,0.3142688274383545,-0.13091039657592773,0.41635507345199585,0.25453537702560425,-0.14783580601215363,0.45581334829330444,0.21680262684822083,-0.15890942513942719
0.39624011516571045,0.6224605441093445,4.5415939098347735e-07,0.4687959551811218,0.5578106641769409,-0.002256492618471384,0.5289170742034912,0.4674447476863861,-0.022578194737434387,0.5862885117530823,0.42262983322143555,-0.05142851918935776,0.6399044394493103,0.3799608647823334,-0.08241964131593704,0.4465997815132141,0.32405370473861694,-0.01992347463965416,0.46159806847572327,0.20457176864147186,-0.06099202111363411,0.5200244188308716,0.19352823495864868,-0.09398666769266129,0.5718129873275757,0.21439002454280853,-0.11386297643184662,0.4182562828063965,0.33447518944740295,-0.0458391048014164,0.430762380361557,0.1877860128879547,-0.08944500982761383,0.5052191615104675,0.18612931668758392,-0.12278326600790024,0.5582777857780457,0.22908037900924683,-0.14138424396514893,0.39264434576034546,0.3600710332393646,-0.073355533182621,0.39696401357650757,0.2156626582145691,-0.1081320121884346,0.4718063175678253,0.20575447380542755,-0.12848711013793945,0.5277879238128662,0.23690877854824066,-0.1382603943347931,0.373870313167572,0.40051037073135376,-0.10174340009689331,0.3818422555923462,0.2957472503185272,-0.13033512234687805,0.43350329995155334,0.2583892345428467,-0.14505428075790405,0.4807981252670288,0.2565430998802185,-0.15275068581104279
0.39491569995880127,0.6184560060501099,4.541163320936903e-07,0.4675219655036926,0.5551772117614746,-0.0029984074644744396,0.5277636051177979,0.46564599871635437,-0.023205606266856194,0.5847710371017456,0.4210256338119507,-0.05167254060506821,0.6363813877105713,0.37738877534866333,-0.0822661966085434,0.4441854655742645,0.3225588798522949,-0.02018495462834835,0.457226037979126,0.20472437143325806,-0.06113794818520546,0.514783501625061,0.1915927231311798,-0.09371055662631989,0.5661923289299011,0.2141801118850708,-0.11279215663671494,0.41582155227661133,0.332660436630249,-0.045292653143405914,0.4260818362236023,0.18568529188632965,-0.08849377930164337,0.4990369975566864,0.1822396069765091,-0.12170468270778656,0.551113486289978,0.2264641374349594,-0.13986557722091675,0.39015042781829834,0.357694536447525,-0.07204292714595795,0.3913235366344452,0.21271248161792755,-0.10661012679338455,0.46411100029945374,0.20060071349143982,-0.1274438053369522,0.5186303853988647,0.2325279265642166,-0.1372506320476532,0.3711046874523163,0.3976384997367859,-0.09960950165987015,0.37727993726730347,0.2925734519958496,-0.12842851877212524,0.4279184639453888,0.25506335496902466,-0.1436115950345993,0.4745014011859894,0.2552056610584259,-0.15129245817661285
0.39234721660614014,0.6217358112335205,4.2498032826188137e-07,0.4645927846431732,0.560300350189209,-0.004438964184373617,0.5255404710769653,0.4688796103000641,-0.02341889590024948,0.5825936198234558,0.4235328733921051,-0.04994060844182968,0.6334424018859863,0.38050568103790283,-0.0783422663807869,0.4439650774002075,0.3225129246711731,-0.017906231805682182,0.45567360520362854,0.20621389150619507,-0.056588754057884216,0.5099785923957825,0.18840672075748444,-0.08789387345314026,0.5597068071365356,0.2070346474647522,-0.1062031164765358,0.41424810886383057,0.3330806493759155,-0.04089830815792084,0.41857895255088806,0.1877164989709854,-0.08122680336236954,0.48524099588394165,0.17818771302700043,-0.11250627785921097,0.5355398058891296,0.21816085278987885,-0.12953448295593262,0.38845059275627136,0.3589880168437958,-0.06582513451576233,0.3860522210597992,0.21524327993392944,-0.09878862649202347,0.4535728394985199,0.19717960059642792,-0.11892498284578323,0.507138192653656,0.22357389330863953,-0.12826399505138397,0.37024614214897156,0.40011635422706604,-0.09165216237306595,0.37727490067481995,0.2970087230205536,-0.11951469630002975,0.42436814308166504,0.2567777633666992,-0.13437242805957794,0.46901729702949524,0.2515581250190735,-0.14169256389141083
0.39229297637939453,0.6248505115509033,4.597314955390175e-07,0.46232205629348755,0.5634957551956177,-0.007589797023683786,0.5192854404449463,0.48541268706321716,-0.027180595323443413,0.5627025961875916,0.44732728600502014,-0.05352845415472984,0.5796408653259277,0.38491660356521606,-0.08136630803346634,0.44643670320510864,0.31360289454460144,-0.01624758541584015,0.4612165093421936,0.19514749944210052,-0.053407687693834305,0.5075470209121704,0.1676933914422989,-0.0857841819524765,0.553415060043335,0.17230062186717987,-0.10627473890781403,0.4166454076766968,0.32203033566474915,-0.0391087606549263,0.4232684373855591,0.17437058687210083,-0.07756435126066208,0.48281142115592957,0.15053291618824005,-0.11441297829151154,0.536433756351471,0.1726960688829422,-0.13795559108257294,0.3899383246898651,0.3496745526790619,-0.06429751217365265,0.38770169019699097,0.20356008410453796,-0.09603514522314072,0.44434869289398193,0.16734403371810913,-0.1242884024977684,0.49722692370414734,0.1736389696598053,-0.14210164546966553,0.3719067871570587,0.3963031470775604,-0.09039568156003952,0.3811093866825104,0.2930448055267334,-0.11810823529958725,0.4185062348842621,0.2357170283794403,-0.13836213946342468,0.45798927545547485,0.2082490473985672,-0.1519280970096588
0.39302635192871094,0.6269409656524658,4.837870619667228e-07,0.46314945816993713,0.5650018453598022,-0.00779531616717577,0.5197699069976807,0.4872855842113495,-0.028144683688879013,0.5631839632987976,0.4496923089027405,-0.05526140332221985,0.5808606147766113,0.38837119936943054,-0.08411218971014023,0.44521811604499817,0.3148905634880066,-0.018333008512854576,0.45808255672454834,0.19479110836982727,-0.055931493639945984,0.5050246119499207,0.16557922959327698,-0.08841122686862946,0.5513852834701538,0.16778779029846191,-0.10882174968719482,0.4153306186199188,0.3242051303386688,-0.04133190959692001,0.42037954926490784,0.17538949847221375,-0.0802297368645668,0.48129862546920776,0.15003004670143127,-0.11720283329486847,0.5360276699066162,0.17143291234970093,-0.14077700674533844,0.388571560382843,0.35228583216667175,-0.06646779179573059,0.38540613651275635,0.20586077868938446,-0.09812857210636139,0.44452106952667236,0.16932782530784607,-0.1262970268726349,0.4995203912258148,0.1766328066587448,-0.1440393477678299,0.37032264471054077,0.39894089102745056,-0.09252636879682541,0.3778899610042572,0.2945381999015808,-0.11995106935501099,0.41733983159065247,0.23811498284339905,-0.13981206715106964,0.45922499895095825,0.21368259191513062,-0.15301889181137085
0.3917521834373474,0.6291276216506958,5.001578529117978e-07,0.46402013301849365,0.5632311105728149,-0.006159754004329443,0.5224096179008484,0.4827295243740082,-0.02622404880821705,0.5673970580101013,0.4421989917755127,-0.05319732800126076,0.594562292098999,0.38176846504211426,-0.08198472112417221,0.44403430819511414,0.31334739923477173,-0.018113719299435616,0.45884329080581665,0.19430901110172272,-0.055000901222229004,0.5058971047401428,0.16203409433364868,-0.08628559112548828,0.5526368618011475,0.15923480689525604,-0.10610742121934891,0.4139183461666107,0.3233143091201782,-0.04209118336439133,0.42048949003219604,0.17384067177772522,-0.08105447143316269,0.48241090774536133,0.1469336301088333,-0.11678431928157806,0.5382328629493713,0.16635702550411224,-0.13931922614574432,0.3874014616012573,0.3522586226463318,-0.06797671318054199,0.3854371905326843,0.2045336216688156,-0.1007869616150856,0.4453601837158203,0.16760790348052979,-0.12825541198253632,0.5012540221214294,0.17432627081871033,-0.1450466364622116,0.36955496668815613,0.39959850907325745,-0.09450902789831161,0.37806904315948486,0.2937209904193878,-0.12288747727870941,0.417574405670166,0.23610089719295502,-0.14248988032341003,0.4595473110675812,0.2105557918548584,-0.15512362122535706
0.407944917678833,0.6322591304779053,6.538891739182873e-07,0.4743565320968628,0.5769057273864746,-0.020727528259158134,0.5380479097366333,0.4931986927986145,-0.04233812540769577,0.5999009013175964,0.4577787518501282,-0.06611553579568863,0.6560057401657104,0.43427205085754395,-0.09167499095201492,0.4624839127063751,0.3316776156425476,-0.03108578734099865,0.47887861728668213,0.21766696870326996,-0.06917158514261246,0.5133237242698669,0.170753613114357,-0.09876158833503723,0.554282546043396,0.1390870362520218,-0.11796324700117111,0.433135062456131,0.3382844924926758,-0.04442678019404411,0.44703489542007446,0.20800314843654633,-0.07699926942586899,0.4876736104488373,0.1527436375617981,-0.09987936913967133,0.5336719751358032,0.12326285243034363,-0.11555491387844086,0.4030095338821411,0.36749571561813354,-0.06209345906972885,0.41156673431396484,0.2330223172903061,-0.09147863835096359,0.44669002294540405,0.17098623514175415,-0.10771322250366211,0.4874446392059326,0.1312883049249649,-0.11765064299106598,0.37414824962615967,0.4128754436969757,-0.08241365849971771,0.38180217146873474,0.3106352686882019,-0.1103864461183548,0.4024224579334259,0.24182206392288208,-0.1244870126247406,0.4285809397697449,0.18885843455791473,-0.13301406800746918
0.4079224765300751,0.6306246519088745,6.578686679858947e-07,0.4745403230190277,0.5764329433441162,-0.020372657105326653,0.5395504832267761,0.49343568086624146,-0.040998153388500214,0.6010072231292725,0.45958077907562256,-0.0639839917421341,0.6572253704071045,0.43713054060935974,-0.08839979022741318,0.46467354893684387,0.3296358585357666,-0.026508428156375885,0.48180389404296875,0.21914824843406677,-0.06274354457855225,0.5143639445304871,0.1717195361852646,-0.09162083268165588,0.5543575882911682,0.13712798058986664,-0.11095291376113892,0.4351660907268524,0.33441659808158875,-0.03989791125059128,0.4489081799983978,0.20854929089546204,-0.0701281800866127,0.48611560463905334,0.15411606431007385,-0.09209612011909485,0.5310236215591431,0.12088474631309509,-0.10773663967847824,0.4050246477127075,0.36155691742897034,-0.057847749441862106,0.41337141394615173,0.23015974462032318,-0.08566804230213165,0.4453727602958679,0.1707223355770111,-0.10014166682958603,0.4854368269443512,0.1311098039150238,-0.10920056700706482,0.3765193819999695,0.40541282296180725,-0.07870186120271683,0.384638249874115,0.3067767322063446,-0.10461435467004776,0.40245234966278076,0.23900218307971954,-0.1170770451426506,0.4266534447669983,0.18541690707206726,-0.12483144551515579
0.4073619842529297,0.630120575428009,6.603812607863802e-07,0.4744199514389038,0.5768036842346191,-0.019077396020293236,0.5393363237380981,0.4937334954738617,-0.03934916853904724,0.6005612015724182,0.45987409353256226,-0.06222841516137123,0.657595157623291,0.4388573169708252,-0.08659731596708298,0.4650091528892517,0.3315240442752838,-0.025918615981936455,0.48171311616897583,0.22115370631217957,-0.06203538179397583,0.5138824582099915,0.17239521443843842,-0.09051305800676346,0.5532934069633484,0.13593024015426636,-0.10978605598211288,0.43600788712501526,0.3355709910392761,-0.040414661169052124,0.45162683725357056,0.2095400094985962,-0.0709386020898819,0.48933669924736023,0.152925044298172,-0.09280303120613098,0.533764660358429,0.11563614010810852,-0.10845915973186493,0.4061286151409149,0.3612862825393677,-0.05944535508751869,0.4174361228942871,0.22921904921531677,-0.08793357759714127,0.44959646463394165,0.1669871062040329,-0.10244342684745789,0.48854872584342957,0.12318786978721619,-0.11151953041553497,0.37761256098747253,0.4041428565979004,-0.0812641903758049,0.3874565362930298,0.3044632077217102,-0.10773325711488724,0.40515899658203125,0.2364102005958557,-0.1202203631401062,0.42841199040412903,0.18109117448329926,-0.12804226577281952
0.40875905752182007,0.6302412152290344,6.555854383805126e-07,0.47487443685531616,0.5791763067245483,-0.0202400553971529,0.539826512336731,0.49615171551704407,-0.041146114468574524,0.6011443138122559,0.4610145390033722,-0.06435953080654144,0.6582446694374084,0.43957364559173584,-0.08899439871311188,0.46852195262908936,0.3327144980430603,-0.02747957967221737,0.48350146412849426,0.2206221967935562,-0.06352102756500244,0.5158407688140869,0.17208677530288696,-0.09216833859682083,0.5553123354911804,0.1367480754852295,-0.11131683737039566,0.4398936331272125,0.3375367820262909,-0.04106621444225311,0.45455309748649597,0.21038557589054108,-0.07099861651659012,0.4922153949737549,0.15356026589870453,-0.09274347126483917,0.5363356471061707,0.11728277802467346,-0.10823476314544678,0.41045549511909485,0.36379578709602356,-0.059059444814920425,0.4218069016933441,0.23126575350761414,-0.08619161695241928,0.45477327704429626,0.16897788643836975,-0.10015817731618881,0.4940956234931946,0.1265278160572052,-0.1089216098189354,0.3819751739501953,0.406976580619812,-0.07994411140680313,0.3921380639076233,0.30598223209381104,-0.10477637499570847,0.4102649688720703,0.23751652240753174,-0.1161315068602562,0.4331172704696655,0.1833057850599289,-0.12309923022985458
0.4077799320220947,0.6345237493515015,6.800408414164849e-07,0.4752000868320465,0.5836601853370667,-0.02209392562508583,0.5417371392250061,0.5019466876983643,-0.04405283182859421,0.6043171286582947,0.4668583273887634,-0.06785355508327484,0.6615567207336426,0.44327497482299805,-0.09309563785791397,0.46866530179977417,0.3385676443576813,-0.030058695003390312,0.4848581850528717,0.22662018239498138,-0.06644856184720993,0.515290379524231,0.1730700433254242,-0.09522901475429535,0.5527769327163696,0.13119828701019287,-0.11489320546388626,0.43958422541618347,0.3437757194042206,-0.04326194152235985,0.4546299874782562,0.21716544032096863,-0.07317452877759933,0.4904978275299072,0.15632900595664978,-0.0953071117401123,0.5335603952407837,0.11243900656700134,-0.11182991415262222,0.4102131724357605,0.371336966753006,-0.06099103018641472,0.42181286215782166,0.24133019149303436,-0.08926267176866531,0.45319244265556335,0.17661696672439575,-0.10433582216501236,0.4911627173423767,0.12946853041648865,-0.11419842392206192,0.3828761875629425,0.41550350189208984,-0.08166354894638062,0.3954915702342987,0.31518757343292236,-0.1076299399137497,0.41312941908836365,0.24554800987243652,-0.12010391056537628,0.43466120958328247,0.18893933296203613,-0.12825310230255127
0.4058836102485657,0.6367647051811218,6.883487344566674e-07,0.4734044671058655,0.5858277082443237,-0.02215864509344101,0.5389470458030701,0.5003271102905273,-0.04505312442779541,0.6018426418304443,0.4638901948928833,-0.06960371881723404,0.6612101197242737,0.4433252513408661,-0.09595044702291489,0.4666669964790344,0.34066903591156006,-0.03516149893403053,0.4870205521583557,0.22945453226566315,-0.07271638512611389,0.5141574144363403,0.16590921580791473,-0.10172542184591293,0.546586811542511,0.11095425486564636,-0.12236617505550385,0.4369228780269623,0.3465780019760132,-0.05027478188276291,0.4547129273414612,0.21834444999694824,-0.08288503438234329,0.48875558376312256,0.14966444671154022,-0.10557600110769272,0.5278632044792175,0.09297734498977661,-0.1225985437631607,0.40724995732307434,0.37578293681144714,-0.06977394223213196,0.42319631576538086,0.24151474237442017,-0.10249079763889313,0.45505478978157043,0.17002905905246735,-0.11960234493017197,0.4902632236480713,0.11256158351898193,-0.13068625330924988,0.38143855333328247,0.4226124584674835,-0.09185200929641724,0.39759141206741333,0.3226354718208313,-0.1224924847483635,0.41460928320884705,0.25069332122802734,-0.13755397498607635,0.43274304270744324,0.18826651573181152,-0.14768372476100922
0.4061566889286041,0.6365810036659241,7.055639912323386e-07,0.4732789397239685,0.5861607789993286,-0.022573914378881454,0.5380629897117615,0.500996470451355,-0.04555217921733856,0.6005220413208008,0.4651753902435303,-0.07015834003686905,0.6594125628471375,0.4442560374736786,-0.09647847712039948,0.46701082587242126,0.3386986553668976,-0.0351804755628109,0.4886176884174347,0.2264757752418518,-0.07300679385662079,0.5160561800003052,0.16136591136455536,-0.10214431583881378,0.5485116243362427,0.105081707239151,-0.12293632328510284,0.43752461671829224,0.34476712346076965,-0.05037137493491173,0.45483535528182983,0.21668323874473572,-0.08356047421693802,0.48899680376052856,0.14703676104545593,-0.10676147043704987,0.527561604976654,0.08868756890296936,-0.1240788921713829,0.4081217646598816,0.37443262338638306,-0.07008039951324463,0.42306655645370483,0.24027104675769806,-0.10365955531597137,0.45491334795951843,0.1675732582807541,-0.12160652875900269,0.48977774381637573,0.10832679271697998,-0.13313765823841095,0.3827710747718811,0.42205411195755005,-0.0923643633723259,0.3976843059062958,0.32244396209716797,-0.12382204085588455,0.41479507088661194,0.25030088424682617,-0.13959889113903046,0.43285366892814636,0.18713609874248505,-0.15023654699325562
0.40500956773757935,0.6327859163284302,6.772496021767438e-07,0.4721992611885071,0.5810093879699707,-0.01999642327427864,0.5347830653190613,0.49476358294487,-0.04183807596564293,0.597174882888794,0.4569956660270691,-0.066325344145298,0.657086968421936,0.4345180094242096,-0.09250842779874802,0.4632915258407593,0.33698132634162903,-0.02884240262210369,0.4813918173313141,0.22728367149829865,-0.06575548648834229,0.5131636261940002,0.17357009649276733,-0.09492095559835434,0.5519857406616211,0.13148200511932373,-0.11513832956552505,0.43419310450553894,0.3420475721359253,-0.04429534450173378,0.45016276836395264,0.21647411584854126,-0.07606509327888489,0.48858246207237244,0.1565101593732834,-0.09901043772697449,0.5330060124397278,0.11533135175704956,-0.11566472798585892,0.4061187505722046,0.37040969729423523,-0.06421036273241043,0.4189339280128479,0.24007630348205566,-0.09436456114053726,0.4541352093219757,0.17535489797592163,-0.11022287607192993,0.4948550760746002,0.12957286834716797,-0.12039821594953537,0.38191840052604675,0.41602179408073425,-0.0868622437119484,0.393428236246109,0.31731799244880676,-0.1136792004108429,0.4137694537639618,0.24768102169036865,-0.12658049166202545,0.43845197558403015,0.1908588409423828,-0.1352575421333313
0.40414509177207947,0.6309586763381958,6.671718324469111e-07,0.4720820486545563,0.5754278898239136,-0.016394302248954773,0.5335279703140259,0.49133747816085815,-0.040097691118717194,0.5951119661331177,0.4542359411716461,-0.06714842468500137,0.6527024507522583,0.42363232374191284,-0.09596680104732513,0.4595021605491638,0.33497849106788635,-0.034748684614896774,0.47779226303100586,0.21935395896434784,-0.07442276924848557,0.521510899066925,0.17985190451145172,-0.10428208112716675,0.567026674747467,0.1631118655204773,-0.12360915541648865,0.4291956424713135,0.34344685077667236,-0.052397940307855606,0.4364055395126343,0.2046349048614502,-0.09149764478206635,0.49126505851745605,0.1660582274198532,-0.11841358244419098,0.544176459312439,0.1659040004014969,-0.13500705361366272,0.4013789892196655,0.3760826587677002,-0.0729711577296257,0.3998580574989319,0.23387323319911957,-0.10657589137554169,0.44680818915367126,0.18527859449386597,-0.12450050562620163,0.4954878091812134,0.16919530928134918,-0.134604349732399,0.3796762228012085,0.4257246255874634,-0.09547814726829529,0.38726237416267395,0.3228386342525482,-0.12611712515354156,0.4173595905303955,0.2545897364616394,-0.14241984486579895,0.4516107141971588,0.2086002081632614,-0.15234972536563873
0.3973391652107239,0.6295967698097229,5.483925633598119e-07,0.46983087062835693,0.5707454085350037,-0.007002803962677717,0.5318125486373901,0.48734620213508606,-0.029767418280243874,0.5858810544013977,0.4467114210128784,-0.059032637625932693,0.6342218518257141,0.3961002826690674,-0.09055381268262863,0.45512884855270386,0.32836300134658813,-0.02431897446513176,0.4773053228855133,0.2107256054878235,-0.06425084918737411,0.531423807144165,0.18858569860458374,-0.0970107689499855,0.5821466445922852,0.19521309435367584,-0.11779000610113144,0.42676013708114624,0.337313711643219,-0.04824955016374588,0.4432268738746643,0.1870855987071991,-0.08987309783697128,0.5121650099754333,0.16787360608577728,-0.12506119906902313,0.5686963796615601,0.1946326345205307,-0.1468513160943985,0.40017151832580566,0.3645535111427307,-0.0738077461719513,0.40798434615135193,0.21480664610862732,-0.1079799011349678,0.4733979105949402,0.18554355204105377,-0.13295798003673553,0.5287543535232544,0.19611856341362,-0.14793144166469574,0.37989160418510437,0.40905335545539856,-0.10006291419267654,0.38996821641921997,0.3045080304145813,-0.1296059638261795,0.43297457695007324,0.2505974769592285,-0.14808863401412964,0.47573328018188477,0.22614064812660217,-0.15982826054096222
0.3963400721549988,0.6330316066741943,5.263486855255906e-07,0.4694163501262665,0.5743840336799622,-0.006941657979041338,0.5317831039428711,0.4900813698768616,-0.02893884852528572,0.586510419845581,0.44907546043395996,-0.05728128179907799,0.6337919235229492,0.39913803339004517,-0.0879499688744545,0.45181697607040405,0.32971248030662537,-0.02550998516380787,0.4743562340736389,0.20988428592681885,-0.06666424870491028,0.5272248983383179,0.184115931391716,-0.0998404398560524,0.577770471572876,0.19265268743038177,-0.12023535370826721,0.4245139956474304,0.3395009934902191,-0.04892357438802719,0.440175324678421,0.1898951381444931,-0.09123779833316803,0.5057551860809326,0.16682663559913635,-0.12698298692703247,0.560818076133728,0.19251945614814758,-0.1487869769334793,0.3993632197380066,0.36854875087738037,-0.07395404577255249,0.4033542573451996,0.21932239830493927,-0.10848607867956161,0.46434420347213745,0.18337424099445343,-0.13498984277248383,0.5178530812263489,0.19128045439720154,-0.15074820816516876,0.3809048533439636,0.414692223072052,-0.09955024719238281,0.38961878418922424,0.3108651041984558,-0.1300332248210907,0.42956629395484924,0.25228750705718994,-0.15040743350982666,0.4709901809692383,0.22478915750980377,-0.16319580376148224
0.3975621163845062,0.6363097429275513,6.00851137733116e-07,0.469800740480423,0.5793521404266357,-0.010122451931238174,0.5285782814025879,0.4973837733268738,-0.03191560506820679,0.5798990726470947,0.4565114974975586,-0.05888357758522034,0.620868444442749,0.40104541182518005,-0.08816616982221603,0.45185989141464233,0.3325083553791046,-0.02766266092658043,0.47311368584632874,0.21315068006515503,-0.0657115951180458,0.518937885761261,0.17140497267246246,-0.09656465798616409,0.5652559995651245,0.15545623004436493,-0.11682447791099548,0.42278456687927246,0.3411938548088074,-0.04942023381590843,0.4335554838180542,0.19612431526184082,-0.08869248628616333,0.4941532015800476,0.1606762409210205,-0.12192701548337936,0.5511202812194824,0.1659214049577713,-0.1435973197221756,0.39655882120132446,0.37238335609436035,-0.07319579273462296,0.3966365456581116,0.22563506662845612,-0.10714299976825714,0.44960299134254456,0.1777624934911728,-0.13307738304138184,0.5016670227050781,0.1673855036497116,-0.14963190257549286,0.3778477907180786,0.4218212366104126,-0.09776664525270462,0.38741204142570496,0.3156258463859558,-0.1282721310853958,0.42217615246772766,0.2504044771194458,-0.14804595708847046,0.45962774753570557,0.21285215020179749,-0.161343514919281
0.404178649187088,0.6469056010246277,6.188845986798697e-07,0.47678297758102417,0.5817534327507019,-0.008768170140683651,0.5350333452224731,0.49665114283561707,-0.030138768255710602,0.5871086120605469,0.4499206840991974,-0.05704173445701599,0.6338925361633301,0.39565858244895935,-0.0859854444861412,0.45227015018463135,0.33819103240966797,-0.02330099605023861,0.473290354013443,0.22041797637939453,-0.060153521597385406,0.5184061527252197,0.1800534427165985,-0.08938030153512955,0.5642511248588562,0.16357798874378204,-0.10853409767150879,0.4227752983570099,0.3484504520893097,-0.04536985605955124,0.4299020767211914,0.2063038945198059,-0.08265481144189835,0.48915836215019226,0.16618305444717407,-0.11154933273792267,0.5457316040992737,0.16674759984016418,-0.12991963326931,0.39645901322364807,0.381571888923645,-0.06998904049396515,0.39415794610977173,0.23577162623405457,-0.1030132845044136,0.4454042613506317,0.18407219648361206,-0.1238066703081131,0.49672502279281616,0.1668277084827423,-0.13632871210575104,0.3785536289215088,0.43299993872642517,-0.09565740078687668,0.38504037261009216,0.326608270406723,-0.12614008784294128,0.41747406125068665,0.26028645038604736,-0.1431059092283249,0.4529072642326355,0.21929679811000824,-0.15365703403949738
0.4063251316547394,0.6471811532974243,6.654242383774545e-07,0.47819605469703674,0.5876904726028442,-0.01689973846077919,0.5378517508506775,0.49924594163894653,-0.03901265934109688,0.5940374135971069,0.4514252245426178,-0.06439557671546936,0.6466264128684998,0.40585991740226746,-0.09145426005125046,0.46084269881248474,0.3339669704437256,-0.029619352892041206,0.48023533821105957,0.2189556062221527,-0.06760017573833466,0.514346718788147,0.16356965899467468,-0.0970969945192337,0.5545311570167542,0.12309494614601135,-0.11734677106142044,0.4285655617713928,0.34272637963294983,-0.04762391000986099,0.43422770500183105,0.20540620386600494,-0.08298955112695694,0.4782881736755371,0.14925739169120789,-0.10796452313661575,0.5279717445373535,0.11968940496444702,-0.1252862960100174,0.40051087737083435,0.37733912467956543,-0.06945955753326416,0.40050411224365234,0.23774069547653198,-0.10415584594011307,0.44090861082077026,0.17637233436107635,-0.1221492737531662,0.48693934082984924,0.13891878724098206,-0.13313521444797516,0.38039132952690125,0.4299473166465759,-0.09318035840988159,0.38929760456085205,0.32497382164001465,-0.12494434416294098,0.4151309132575989,0.25500744581222534,-0.14024187624454498,0.4446641504764557,0.2016594558954239,-0.15008452534675598
0.4061310291290283,0.6468170285224915,6.478150567090779e-07,0.47880253195762634,0.5825860500335693,-0.016349243000149727,0.5396559238433838,0.4969572424888611,-0.03867378458380699,0.5962364673614502,0.45213961601257324,-0.06446799635887146,0.6485641002655029,0.4064491093158722,-0.09218952059745789,0.46487560868263245,0.3340451419353485,-0.028892861679196358,0.4827622175216675,0.2203025370836258,-0.06657712161540985,0.5128176808357239,0.16249172389507294,-0.09619679301977158,0.5505334138870239,0.11627203226089478,-0.11700303852558136,0.43149054050445557,0.34418240189552307,-0.04779280349612236,0.43686234951019287,0.21089304983615875,-0.08169388025999069,0.47411105036735535,0.1512758433818817,-0.10683128237724304,0.5192816853523254,0.11206561326980591,-0.12554402649402618,0.40189725160598755,0.3791412115097046,-0.07070979475975037,0.4041527211666107,0.24344879388809204,-0.10464870184659958,0.43779051303863525,0.17632293701171875,-0.12373188883066177,0.47895514965057373,0.12903621792793274,-0.13640713691711426,0.3800814747810364,0.43231290578842163,-0.09551020711660385,0.38848555088043213,0.32953786849975586,-0.12579546868801117,0.4096098244190216,0.2597564458847046,-0.14094050228595734,0.4349551796913147,0.20332668721675873,-0.1516105681657791
0.4068005084991455,0.6445532441139221,6.496475180028938e-07,0.47837474942207336,0.5830928087234497,-0.016375668346881866,0.5412163138389587,0.4972319006919861,-0.03731299564242363,0.5977289080619812,0.4522199034690857,-0.06145888566970825,0.6501261591911316,0.4082045257091522,-0.08732512593269348,0.46585381031036377,0.3338494598865509,-0.026561439037322998,0.48674601316452026,0.2226683795452118,-0.0627390444278717,0.5156731009483337,0.16202816367149353,-0.09118950366973877,0.5513136386871338,0.11180788278579712,-0.11139705777168274,0.43404871225357056,0.34217900037765503,-0.044843584299087524,0.4430173635482788,0.2126781940460205,-0.07690510153770447,0.4779859483242035,0.14819703996181488,-0.10065426677465439,0.5198343396186829,0.10001075267791748,-0.11868657916784286,0.40468326210975647,0.3753454387187958,-0.06741133332252502,0.40923911333084106,0.24026158452033997,-0.1010877788066864,0.4409327208995819,0.16999980807304382,-0.11988585442304611,0.479253888130188,0.11720821261405945,-0.13227559626102448,0.38171494007110596,0.4270358085632324,-0.09185703098773956,0.3914993405342102,0.3254862427711487,-0.12312451750040054,0.41102996468544006,0.2554434537887573,-0.13884663581848145,0.43403151631355286,0.1970217525959015,-0.1496485471725464
0.40604108572006226,0.6420210599899292,6.522367357320036e-07,0.4771972894668579,0.5840740203857422,-0.017973169684410095,0.5401155352592468,0.49680811166763306,-0.03936823457479477,0.5970326662063599,0.45190712809562683,-0.06339208036661148,0.6498503684997559,0.409832626581192,-0.08907253295183182,0.4658665657043457,0.332399845123291,-0.029547208920121193,0.4867038130760193,0.21910230815410614,-0.06563320755958557,0.5130723714828491,0.1533314287662506,-0.09398950636386871,0.5450767874717712,0.09728389978408813,-0.1145094633102417,0.434703528881073,0.34000542759895325,-0.04708099737763405,0.4471060037612915,0.21092656254768372,-0.078907310962677,0.481431782245636,0.14294973015785217,-0.10270452499389648,0.5210447907447815,0.08876895904541016,-0.1211148053407669,0.40532344579696655,0.37205401062965393,-0.06880136579275131,0.4144151210784912,0.2370358407497406,-0.10212818533182144,0.4461286962032318,0.16456465423107147,-0.12125688791275024,0.48226121068000793,0.10799935460090637,-0.13427574932575226,0.38176390528678894,0.4228275716304779,-0.09250933676958084,0.3930097222328186,0.3221113979816437,-0.12431465089321136,0.4117342233657837,0.2516833543777466,-0.14083805680274963,0.43264347314834595,0.19150906801223755,-0.15231503546237946
0.40833431482315063,0.6417670249938965,6.650789714512939e-07,0.4782074987888336,0.5846226811408997,-0.019725043326616287,0.5398128628730774,0.4975169003009796,-0.04152698442339897,0.5973416566848755,0.452860951423645,-0.06535368412733078,0.650034487247467,0.41209879517555237,-0.09104792028665543,0.4674069583415985,0.332190603017807,-0.03204023838043213,0.48729097843170166,0.21594618260860443,-0.06828267127275467,0.5116056799888611,0.1469314694404602,-0.09627359360456467,0.5407151579856873,0.08734425902366638,-0.11646295338869095,0.43697410821914673,0.33987724781036377,-0.0487188920378685,0.45038777589797974,0.20851069688796997,-0.08094345778226852,0.48214980959892273,0.13569307327270508,-0.10516519099473953,0.5175414085388184,0.07511737942695618,-0.1237015500664711,0.407680869102478,0.37168529629707336,-0.06951970607042313,0.41807132959365845,0.23476727306842804,-0.10336750745773315,0.44870156049728394,0.1587936282157898,-0.12330303341150284,0.4819507598876953,0.09742280840873718,-0.13674908876419067,0.38270583748817444,0.42252522706985474,-0.09226617217063904,0.39255958795547485,0.322096586227417,-0.1246868222951889,0.4126816689968109,0.2523226737976074,-0.14123626053333282,0.4348543584346771,0.19099543988704681,-0.15257735550403595
0.4039577543735504,0.6475151181221008,6.790255042687932e-07,0.47471603751182556,0.5918102264404297,-0.020323459059000015,0.5377277135848999,0.5043770670890808,-0.04247662052512169,0.5976101160049438,0.45959413051605225,-0.0666465237736702,0.6529125571250916,0.42142727971076965,-0.09280993789434433,0.4676014482975006,0.33992689847946167,-0.034146759659051895,0.4902768135070801,0.22618478536605835,-0.07196950912475586,0.5175083875656128,0.15756167471408844,-0.10156318545341492,0.5493483543395996,0.09868904948234558,-0.12279840558767319,0.4364595413208008,0.3481844961643219,-0.05063391849398613,0.4527994394302368,0.21906235814094543,-0.08407795429229736,0.4870585501194,0.14819005131721497,-0.10909964144229889,0.5256507396697998,0.08826586604118347,-0.12812381982803345,0.40654072165489197,0.38112252950668335,-0.07116441428661346,0.4199109673500061,0.2475779950618744,-0.1057467833161354,0.452225923538208,0.17325066030025482,-0.12563049793243408,0.4877999722957611,0.1135571300983429,-0.13876648247241974,0.3819933533668518,0.4327065050601959,-0.09377218037843704,0.39713647961616516,0.33124613761901855,-0.1258421689271927,0.41727134585380554,0.2599404454231262,-0.14213812351226807,0.4388071298599243,0.19848302006721497,-0.15327586233615875
0.40595313906669617,0.6435638070106506,6.900435209900024e-07,0.47441136837005615,0.5896368622779846,-0.02049851045012474,0.5364290475845337,0.5011535882949829,-0.04310847818851471,0.594719409942627,0.4566560387611389,-0.06779745221138,0.6505836248397827,0.4193260967731476,-0.09441418945789337,0.46584025025367737,0.339850515127182,-0.03436772897839546,0.4890564978122711,0.2298063039779663,-0.07249639183282852,0.5182448029518127,0.16620512306690216,-0.10197283327579498,0.5526609420776367,0.11210939288139343,-0.1230718269944191,0.4338310658931732,0.3479781448841095,-0.051002662628889084,0.45102715492248535,0.22067376971244812,-0.08484029024839401,0.48779094219207764,0.15505658090114594,-0.10939808189868927,0.5294974446296692,0.10181626677513123,-0.1278717815876007,0.4038040339946747,0.38112565875053406,-0.07181118428707123,0.4175310730934143,0.2482094019651413,-0.10687077790498734,0.4522535502910614,0.17805591225624084,-0.1260519176721573,0.49148237705230713,0.1227484941482544,-0.13854210078716278,0.37981104850769043,0.4330669641494751,-0.09472666680812836,0.3947792053222656,0.3327785134315491,-0.12716928124427795,0.41599854826927185,0.26268470287323,-0.14337705075740814,0.439767450094223,0.202705517411232,-0.15439239144325256
0.4041786193847656,0.6359099745750427,6.902088216520497e-07,0.47245845198631287,0.5748118758201599,-0.011798321269452572,0.5328220725059509,0.4848426282405853,-0.03547285124659538,0.5921531915664673,0.4404173493385315,-0.06393571943044662,0.6512320041656494,0.4050184190273285,-0.09461283683776855,0.450617253780365,0.3349307179450989,-0.029177755117416382,0.47381332516670227,0.21576640009880066,-0.06669098138809204,0.5168348550796509,0.17212176322937012,-0.09500445425510406,0.5603303909301758,0.14875884354114532,-0.11421797424554825,0.4204680621623993,0.3458143472671509,-0.05061408132314682,0.43508508801460266,0.20189706981182098,-0.08854800462722778,0.4934060573577881,0.15900303423404694,-0.1150650829076767,0.5487399697303772,0.15145017206668854,-0.13214774429798126,0.3929159641265869,0.3779991865158081,-0.07478053867816925,0.4011528789997101,0.23080776631832123,-0.10864894092082977,0.4538514018058777,0.1791715919971466,-0.12719835340976715,0.5058892965316772,0.15591247379779816,-0.13848070800304413,0.3738023042678833,0.42568421363830566,-0.10036763548851013,0.3864448666572571,0.32134100794792175,-0.13081713020801544,0.4206734001636505,0.2572494149208069,-0.14639148116111755,0.45697206258773804,0.21354371309280396,-0.15645012259483337
0.39987578988075256,0.6174800992012024,6.810165587012307e-07,0.4707501530647278,0.5596849322319031,-0.015188226476311684,0.5323438048362732,0.47218459844589233,-0.038825247436761856,0.591814398765564,0.4275341033935547,-0.06667687743902206,0.648419976234436,0.38951897621154785,-0.09650468081235886,0.449727326631546,0.3189542591571808,-0.02880008891224861,0.469252347946167,0.20485039055347443,-0.06538931280374527,0.5114281177520752,0.1648535132408142,-0.0939408466219902,0.5554876327514648,0.1453462541103363,-0.1128978431224823,0.4180302917957306,0.3261311948299408,-0.047112759202718735,0.42779722809791565,0.18749968707561493,-0.08362982422113419,0.483845055103302,0.14983487129211426,-0.110708087682724,0.5390527844429016,0.14905834197998047,-0.12771692872047424,0.3901660442352295,0.35509249567985535,-0.06817827373743057,0.391557514667511,0.2127930223941803,-0.0996265858411789,0.44311097264289856,0.16604121029376984,-0.11738260835409164,0.4961138367652893,0.15040305256843567,-0.12774667143821716,0.370893657207489,0.4009671211242676,-0.0910954475402832,0.37989798188209534,0.29637575149536133,-0.11770216375589371,0.4127180278301239,0.23414278030395508,-0.13061030209064484,0.4492868483066559,0.19451254606246948,-0.13857431709766388
0.3975750207901001,0.6154227256774902,5.548267836275045e-07,0.46812447905540466,0.55655437707901,-0.008200505748391151,0.5300859808921814,0.46632227301597595,-0.02853667363524437,0.5879434943199158,0.4203471541404724,-0.054742731153964996,0.6433682441711426,0.3826107978820801,-0.08303532004356384,0.44698861241340637,0.3138759136199951,-0.019739652052521706,0.46870285272598267,0.19764545559883118,-0.05509855970740318,0.5178232192993164,0.16882240772247314,-0.08328236639499664,0.5654653906822205,0.16475841403007507,-0.10108917951583862,0.4198596179485321,0.3216809928417206,-0.04088561609387398,0.42994803190231323,0.17666205763816833,-0.07579570263624191,0.49066030979156494,0.14837168157100677,-0.1030179038643837,0.5439807772636414,0.16558273136615753,-0.11926556378602982,0.39435967803001404,0.3491175174713135,-0.06425908207893372,0.3969470262527466,0.20815233886241913,-0.09332896769046783,0.4549615681171417,0.17233522236347198,-0.11049909889698029,0.5073930621147156,0.17311348021030426,-0.11995863169431686,0.37467777729034424,0.39233437180519104,-0.08904958516359329,0.3762536644935608,0.2890436053276062,-0.11482977122068405,0.41516342759132385,0.2329464554786682,-0.12809431552886963,0.4572293758392334,0.2041616588830948,-0.13565468788146973
0.39979156851768494,0.6061064004898071,6.484320351773931e-07,0.4718596041202545,0.5504263043403625,-0.013287127017974854,0.5344954133033752,0.45997077226638794,-0.0346083827316761,0.5924612879753113,0.41122519969940186,-0.06057000160217285,0.6491174697875977,0.3721001148223877,-0.08834104239940643,0.4540031850337982,0.30589696764945984,-0.023656364530324936,0.4745030999183655,0.1878933310508728,-0.059131357818841934,0.5172390937805176,0.13816700875759125,-0.08734165132045746,0.5609714984893799,0.11154133081436157,-0.10597938299179077,0.42468351125717163,0.3131108283996582,-0.0433286689221859,0.42889153957366943,0.16741599142551422,-0.08247769623994827,0.4884943962097168,0.12859055399894714,-0.11165403574705124,0.5454710721969604,0.13246013224124908,-0.12866945564746857,0.3980388343334198,0.3413137197494507,-0.06573233008384705,0.3956126272678375,0.1950606405735016,-0.09935241937637329,0.4527742564678192,0.15068955719470978,-0.1191319152712822,0.5094779133796692,0.14261296391487122,-0.12956346571445465,0.37828415632247925,0.3850436508655548,-0.08980283886194229,0.38351061940193176,0.277339905500412,-0.11845913529396057,0.4187713861465454,0.2131664901971817,-0.13403014838695526,0.4573688507080078,0.17548488080501556,-0.14332589507102966
0.39792120456695557,0.604772686958313,6.169267408040469e-07,0.4716663658618927,0.5490996837615967,-0.010375309735536575,0.5339099168777466,0.4584968686103821,-0.03056812472641468,0.5922237038612366,0.41043195128440857,-0.055892735719680786,0.6493035554885864,0.37152260541915894,-0.08323848247528076,0.45427921414375305,0.3052048683166504,-0.021798713132739067,0.475908488035202,0.18809299170970917,-0.056439876556396484,0.5190004110336304,0.13895227015018463,-0.08416900038719177,0.5625060796737671,0.11300557851791382,-0.10289736837148666,0.42507946491241455,0.31253817677497864,-0.043098848313093185,0.4287740886211395,0.16643282771110535,-0.08215221762657166,0.4893220067024231,0.12950050830841064,-0.11152496933937073,0.5467084050178528,0.1350513994693756,-0.12894628942012787,0.39824092388153076,0.3408328890800476,-0.06684059649705887,0.3962066173553467,0.19423244893550873,-0.10037373006343842,0.45487844944000244,0.15119895339012146,-0.12054932117462158,0.5122948288917542,0.14394408464431763,-0.13166607916355133,0.37855225801467896,0.3841487169265747,-0.09194619953632355,0.3846936821937561,0.2765440344810486,-0.12130749225616455,0.4205600917339325,0.2119528353214264,-0.13788005709648132,0.45909640192985535,0.17348094284534454,-0.14823925495147705
0.3991106450557709,0.6070910692214966,6.306187287918874e-07,0.47279107570648193,0.5495383143424988,-0.010970638133585453,0.5357263088226318,0.46074092388153076,-0.03100547380745411,0.5927129983901978,0.4124414920806885,-0.05624690279364586,0.6485611796379089,0.37285810708999634,-0.08316010236740112,0.4540386497974396,0.3051784634590149,-0.018731534481048584,0.47548624873161316,0.18849629163742065,-0.0526190921664238,0.5198932886123657,0.14303797483444214,-0.08035703748464584,0.5644675493240356,0.12145151197910309,-0.09898710250854492,0.42497652769088745,0.311943918466568,-0.03924642875790596,0.43089568614959717,0.16800089180469513,-0.07655943930149078,0.4913337826728821,0.13112132251262665,-0.105748251080513,0.5490123629570007,0.13733606040477753,-0.12347012013196945,0.39830344915390015,0.33891624212265015,-0.06249035522341728,0.3978830575942993,0.19335448741912842,-0.09464705735445023,0.4559987485408783,0.1500566452741623,-0.11465073376893997,0.5136154890060425,0.14286114275455475,-0.1259850114583969,0.3784749507904053,0.38144171237945557,-0.0872582495212555,0.3867300748825073,0.27443838119506836,-0.11542288959026337,0.4236639142036438,0.21123039722442627,-0.13127532601356506,0.46337905526161194,0.17442211508750916,-0.1411430984735489
0.40069177746772766,0.604515790939331,6.449667466768005e-07,0.47364720702171326,0.5479539036750793,-0.012357323430478573,0.5366901755332947,0.46001070737838745,-0.03349786624312401,0.5950062274932861,0.41221216320991516,-0.059418950229883194,0.6516197323799133,0.37270522117614746,-0.08705689758062363,0.4553127884864807,0.30434250831604004,-0.022426951676607132,0.47670385241508484,0.18532295525074005,-0.0574117936193943,0.5204288959503174,0.1398266702890396,-0.08527273684740067,0.5649216175079346,0.11824800074100494,-0.10372880101203918,0.42669591307640076,0.31119364500045776,-0.04214191809296608,0.4329261779785156,0.1670716404914856,-0.07867040485143661,0.4913400411605835,0.12713095545768738,-0.10657402127981186,0.5480865836143494,0.12921233475208282,-0.12389206886291504,0.4001385271549225,0.3390325903892517,-0.06470935791730881,0.3992314040660858,0.1937037855386734,-0.09640157222747803,0.45420214533805847,0.14752735197544098,-0.11550508439540863,0.5100361704826355,0.13681714236736298,-0.1265893429517746,0.3802450895309448,0.38229846954345703,-0.08892577141523361,0.3878706991672516,0.27551090717315674,-0.11686651408672333,0.42304202914237976,0.21086697280406952,-0.13214057683944702,0.4615963101387024,0.17231698334217072,-0.14171195030212402
0.39971333742141724,0.6060220003128052,6.538347179230186e-07,0.47515690326690674,0.5470860004425049,-0.009324564598500729,0.5393582582473755,0.4606640040874481,-0.030460454523563385,0.5980256199836731,0.4144875407218933,-0.05702615901827812,0.6543514728546143,0.3701619505882263,-0.08539728075265884,0.4568662643432617,0.3017042875289917,-0.019397443160414696,0.48157429695129395,0.18416637182235718,-0.05345182120800018,0.5245406031608582,0.13799281418323517,-0.08107544481754303,0.568366289138794,0.11406299471855164,-0.10014349222183228,0.42762628197669983,0.30891358852386475,-0.04165682941675186,0.43822193145751953,0.16500940918922424,-0.07798905670642853,0.4982208013534546,0.12450070679187775,-0.10623684525489807,0.5569479465484619,0.12364795804023743,-0.12435813248157501,0.4013329744338989,0.3375902473926544,-0.06664378196001053,0.40589937567710876,0.19108358025550842,-0.09853251278400421,0.4627295732498169,0.1435987800359726,-0.11767235398292542,0.5198451280593872,0.1282954216003418,-0.12935060262680054,0.38353589177131653,0.3828354775905609,-0.09299767017364502,0.3960585594177246,0.2745727002620697,-0.12133565545082092,0.4318445026874542,0.20879434049129486,-0.1366170197725296,0.469558984041214,0.1668005883693695,-0.1466282308101654
0.4010201692581177,0.6097291111946106,6.427031848943443e-07,0.47615116834640503,0.548592209815979,-0.007776519749313593,0.5394126772880554,0.46117863059043884,-0.02763119526207447,0.5959113836288452,0.41477715969085693,-0.05338765308260918,0.6509292125701904,0.3696460425853729,-0.08076255023479462,0.45837298035621643,0.3023724853992462,-0.017022687941789627,0.48411962389945984,0.18462029099464417,-0.050878532230854034,0.528791606426239,0.1380937099456787,-0.07826027274131775,0.5735263824462891,0.11390285193920135,-0.09684410691261292,0.4283835291862488,0.30960288643836975,-0.03977910056710243,0.43988507986068726,0.1656372994184494,-0.07612752914428711,0.5009269714355469,0.12673377990722656,-0.10466203093528748,0.559088945388794,0.12743528187274933,-0.12254711985588074,0.4018964171409607,0.3377983868122101,-0.06521295756101608,0.40702635049819946,0.1918056756258011,-0.09733226895332336,0.46476420760154724,0.14495596289634705,-0.11725085228681564,0.5216602087020874,0.13158030807971954,-0.12897728383541107,0.3841744065284729,0.3821514844894409,-0.09183762222528458,0.39796096086502075,0.273846834897995,-0.11998854577541351,0.43501365184783936,0.20921531319618225,-0.13551205396652222,0.47369450330734253,0.16960537433624268,-0.14543157815933228
0.40220391750335693,0.6105909943580627,6.111511652306945e-07,0.4774197041988373,0.548731803894043,-0.008512059226632118,0.5397160649299622,0.4641503393650055,-0.02926495112478733,0.5950123071670532,0.417232483625412,-0.055590301752090454,0.6480352282524109,0.3695274293422699,-0.08368385583162308,0.45877915620803833,0.3062148094177246,-0.021921802312135696,0.48300886154174805,0.18506625294685364,-0.05696801841259003,0.5273181200027466,0.14016008377075195,-0.08461631834506989,0.5716760754585266,0.11730509996414185,-0.10337252914905548,0.42954158782958984,0.3137969672679901,-0.04428939148783684,0.4418065547943115,0.16793590784072876,-0.08094209432601929,0.5024542808532715,0.1284945011138916,-0.10974287241697311,0.5599796772003174,0.12637995183467865,-0.12850479781627655,0.4037509262561798,0.34256067872047424,-0.06904890388250351,0.4090966582298279,0.1952602118253708,-0.10157189518213272,0.4660482108592987,0.14836597442626953,-0.12187544256448746,0.5222857594490051,0.13429835438728333,-0.13437800109386444,0.3857678771018982,0.387246310710907,-0.09489046037197113,0.39704281091690063,0.27915307879447937,-0.1237148568034172,0.4329184293746948,0.21361595392227173,-0.13975277543067932,0.4711747169494629,0.1732199639081955,-0.1502879112958908
0.4023142457008362,0.6950099468231201,4.480392874484096e-07,0.4706997871398926,0.6351374387741089,-0.01793038472533226,0.5294474363327026,0.5463427305221558,-0.04069248586893082,0.5845144987106323,0.5010815858840942,-0.06640066206455231,0.6405910849571228,0.46761101484298706,-0.09348803758621216,0.44721493124961853,0.3890898823738098,-0.03566413372755051,0.4551967978477478,0.27172842621803284,-0.07500337064266205,0.4887945353984833,0.22027722001075745,-0.1047898605465889,0.529564380645752,0.18712277710437775,-0.1252199113368988,0.41541385650634766,0.4017788767814636,-0.05397460609674454,0.418183296918869,0.26550474762916565,-0.09170453995466232,0.46181970834732056,0.21453462541103363,-0.11816757917404175,0.5109071731567383,0.18874230980873108,-0.1365932822227478,0.3882553279399872,0.4366829991340637,-0.07577000558376312,0.38925859332084656,0.2998179793357849,-0.11173906922340393,0.42969685792922974,0.24007125198841095,-0.13169369101524353,0.4756193161010742,0.20401957631111145,-0.144143208861351,0.3682485520839691,0.48821547627449036,-0.09937174618244171,0.37560826539993286,0.3840799629688263,-0.1299295872449875,0.3971385955810547,0.3143984079360962,-0.14575302600860596,0.4232998490333557,0.2605091333389282,-0.15676668286323547
0.4094172716140747,0.7117899656295776,7.146409757297079e-07,0.4756526052951813,0.6540136933326721,-0.024970050901174545,0.5373642444610596,0.5660606026649475,-0.04812242090702057,0.598260760307312,0.5256062150001526,-0.07302229106426239,0.6540899276733398,0.49679699540138245,-0.09908253699541092,0.4523509740829468,0.4057752192020416,-0.029356734827160835,0.46101677417755127,0.2924889326095581,-0.06598703563213348,0.48677369952201843,0.23577448725700378,-0.09566458314657211,0.5202761292457581,0.18931233882904053,-0.11599336564540863,0.42128196358680725,0.4143495559692383,-0.041724350303411484,0.4278402328491211,0.28819847106933594,-0.071953184902668,0.45907384157180786,0.22165334224700928,-0.09469649195671082,0.4985828995704651,0.1709439754486084,-0.11131413280963898,0.39284151792526245,0.44639936089515686,-0.05906335264444351,0.39474281668663025,0.31388556957244873,-0.08822345733642578,0.4209217429161072,0.24426481127738953,-0.10326256603002548,0.45525944232940674,0.19028764963150024,-0.11246919631958008,0.36851951479911804,0.49689334630966187,-0.07966406643390656,0.37227708101272583,0.396124005317688,-0.1049828752875328,0.384068101644516,0.3250991702079773,-0.11596568673849106,0.4004207253456116,0.2663153409957886,-0.12283160537481308
0.42205867171287537,0.7349067330360413,6.343359473248711e-07,0.48561230301856995,0.682846188545227,-0.021418726071715355,0.5454550981521606,0.5953536629676819,-0.041223373264074326,0.6040939688682556,0.5557417869567871,-0.06293756514787674,0.6598176956176758,0.5318468809127808,-0.08615085482597351,0.4676963686943054,0.44137561321258545,-0.02494695596396923,0.47879359126091003,0.3373309373855591,-0.058272894471883774,0.5052850842475891,0.2876218557357788,-0.08541924506425858,0.5393196940422058,0.2478908747434616,-0.1042211502790451,0.43769752979278564,0.4498974680900574,-0.03729816898703575,0.4470404386520386,0.33384037017822266,-0.06625135987997055,0.47887659072875977,0.2789440155029297,-0.0878622755408287,0.5185598731040955,0.2403581142425537,-0.10331705212593079,0.40966910123825073,0.4794418513774872,-0.05410601198673248,0.4163148105144501,0.358686238527298,-0.08194006979465485,0.4444761872291565,0.29882699251174927,-0.09596703946590424,0.48012876510620117,0.2559942603111267,-0.10435741394758224,0.3845371901988983,0.5250599980354309,-0.07380828261375427,0.3914017379283905,0.4294646680355072,-0.09838902205228806,0.4068603813648224,0.3636440932750702,-0.1091623306274414,0.4282876253128052,0.3106116056442261,-0.11577144265174866
0.4211316704750061,0.7356156706809998,6.392221507667273e-07,0.4846785366535187,0.6830965280532837,-0.021051404997706413,0.5442662835121155,0.5954150557518005,-0.040971022099256516,0.602925717830658,0.5554043650627136,-0.06284761428833008,0.6590219736099243,0.5320398211479187,-0.08629634976387024,0.4659394323825836,0.4425387978553772,-0.025742311030626297,0.47615405917167664,0.3394298553466797,-0.05937188118696213,0.5025379657745361,0.2900763750076294,-0.0866386890411377,0.5369265675544739,0.25087153911590576,-0.1053750216960907,0.43615981936454773,0.45119208097457886,-0.03820618614554405,0.44531214237213135,0.3348502814769745,-0.06757529079914093,0.4782734811306,0.281540185213089,-0.08911425620317459,0.5192343592643738,0.24609676003456116,-0.10432020574808121,0.4082670509815216,0.48075103759765625,-0.0550088956952095,0.41368603706359863,0.3590419590473175,-0.08306802064180374,0.44267967343330383,0.3010209798812866,-0.09716952592134476,0.4798148572444916,0.26169681549072266,-0.10542934387922287,0.38288265466690063,0.526139497756958,-0.07463255524635315,0.388610303401947,0.4293487071990967,-0.0993778333067894,0.4044724106788635,0.3635961413383484,-0.11038987338542938,0.4269354045391083,0.3122192323207855,-0.11705083400011063
0.42085549235343933,0.7300975322723389,6.086073653932544e-07,0.4839129149913788,0.6778745651245117,-0.019872743636369705,0.5435428619384766,0.5917580127716064,-0.039064355194568634,0.6017909049987793,0.5512872934341431,-0.060436878353357315,0.6558383703231812,0.525194525718689,-0.08326170593500137,0.4658088982105255,0.4366094470024109,-0.023737840354442596,0.47421711683273315,0.3332742750644684,-0.056615833193063736,0.5007990002632141,0.28750574588775635,-0.08313801139593124,0.5354374051094055,0.2548956573009491,-0.10114014893770218,0.43572187423706055,0.4459582567214966,-0.036351509392261505,0.44308164715766907,0.3285991847515106,-0.0666470006108284,0.4774559736251831,0.2802383601665497,-0.08921462297439575,0.5188243389129639,0.2544085383415222,-0.10434214770793915,0.40777090191841125,0.4756307303905487,-0.053036194294691086,0.4108898341655731,0.3543638586997986,-0.08121057599782944,0.4421778917312622,0.30123287439346313,-0.09589650481939316,0.48066383600234985,0.2696249485015869,-0.10414265841245651,0.38241660594940186,0.5214311480522156,-0.07235383987426758,0.3869672417640686,0.42649057507514954,-0.0968647226691246,0.4041197896003723,0.3622610569000244,-0.10820893943309784,0.42813438177108765,0.31337887048721313,-0.11492550373077393
0.4222531318664551,0.7004010677337646,6.439516369027842e-07,0.48668643832206726,0.6475366950035095,-0.017070449888706207,0.5458054542541504,0.5537072420120239,-0.03590252995491028,0.6033033728599548,0.5072833299636841,-0.05802644416689873,0.656875729560852,0.47169795632362366,-0.08163228631019592,0.4643586575984955,0.40685951709747314,-0.020615125074982643,0.4745591878890991,0.3003726005554199,-0.055552687495946884,0.5135106444358826,0.2645968794822693,-0.0832766517996788,0.5569849014282227,0.25031012296676636,-0.10052080452442169,0.4354391396045685,0.4145820736885071,-0.03416835144162178,0.4443555474281311,0.29090577363967896,-0.06863681972026825,0.494943231344223,0.25595659017562866,-0.09413379430770874,0.5453783273696899,0.25863105058670044,-0.10848738253116608,0.4092293977737427,0.44294440746307373,-0.051375627517700195,0.4105735421180725,0.3148529529571533,-0.0814177542924881,0.4558168649673462,0.2720884084701538,-0.09753169864416122,0.5030096173286438,0.2596453130245209,-0.10493523627519608,0.38693109154701233,0.48803409934043884,-0.07078324258327484,0.38999807834625244,0.39139580726623535,-0.09790079295635223,0.416232168674469,0.3323938548564911,-0.1108875721693039,0.44888612627983093,0.2939750552177429,-0.11695022881031036
0.4191295802593231,0.6923938989639282,5.568061851590755e-07,0.4874933362007141,0.6400647163391113,-0.013448605313897133,0.548035740852356,0.5486536026000977,-0.030422642827033997,0.6047054529190063,0.501966118812561,-0.05111515149474144,0.6572924852371216,0.46517884731292725,-0.07310178130865097,0.46579355001449585,0.3938724100589752,-0.015828032046556473,0.47903141379356384,0.2919645309448242,-0.04844140633940697,0.5172852873802185,0.25403234362602234,-0.07530657947063446,0.5600159764289856,0.23827865719795227,-0.09308244287967682,0.43716537952423096,0.401211678981781,-0.031619876623153687,0.44767194986343384,0.2784377336502075,-0.06534546613693237,0.49936485290527344,0.24428978562355042,-0.0915275365114212,0.5519118309020996,0.24589599668979645,-0.10719850659370422,0.41150903701782227,0.428763747215271,-0.05078394338488579,0.41530928015708923,0.30241093039512634,-0.0799778401851654,0.4607611298561096,0.2611309885978699,-0.09683264791965485,0.5082240104675293,0.24799087643623352,-0.10599521547555923,0.39104971289634705,0.47373658418655396,-0.07191845029592514,0.3965854048728943,0.37873053550720215,-0.09798791259527206,0.42281001806259155,0.3182814419269562,-0.11171602457761765,0.45468389987945557,0.2761281728744507,-0.11970043182373047
0.42039644718170166,0.6866504549980164,5.522257424672716e-07,0.4882129728794098,0.631384015083313,-0.0131568294018507,0.5487538576126099,0.5415859222412109,-0.030469805002212524,0.6058252453804016,0.4952532649040222,-0.05172785371541977,0.6577779650688171,0.45593690872192383,-0.07402440905570984,0.46832752227783203,0.3873584270477295,-0.014465541578829288,0.4825589954853058,0.28228065371513367,-0.04717761650681496,0.5208474397659302,0.24522915482521057,-0.07416580617427826,0.5631359219551086,0.23067565262317657,-0.09188759326934814,0.43978509306907654,0.39349156618118286,-0.030626608058810234,0.4508412182331085,0.2687610387802124,-0.06416193395853043,0.5016278624534607,0.23450903594493866,-0.09061751514673233,0.5528051853179932,0.23685616254806519,-0.10656628012657166,0.4134906232357025,0.4192959666252136,-0.05028613656759262,0.418865442276001,0.29208868741989136,-0.07896781712770462,0.46416181325912476,0.2501275837421417,-0.0956479087471962,0.5112658739089966,0.23712608218193054,-0.10490860790014267,0.391765296459198,0.4620731770992279,-0.07196154445409775,0.3975721299648285,0.36733946204185486,-0.09717515110969543,0.423976868391037,0.3066658079624176,-0.1103563904762268,0.455963134765625,0.26416802406311035,-0.11811891198158264
0.4213961958885193,0.6821023225784302,5.490117018780438e-07,0.4890737533569336,0.627938985824585,-0.012785067781805992,0.5493581891059875,0.537104606628418,-0.03038354590535164,0.606889009475708,0.4901994466781616,-0.05200405791401863,0.6590684652328491,0.4504604637622833,-0.07466954737901688,0.46878084540367126,0.38064447045326233,-0.015464184805750847,0.484108567237854,0.27416229248046875,-0.048542458564043045,0.5243101716041565,0.23847445845603943,-0.07566459476947784,0.5680143237113953,0.22595623135566711,-0.09342744946479797,0.4405943751335144,0.3871890902519226,-0.03212768957018852,0.45042264461517334,0.26094019412994385,-0.06522218883037567,0.5021408200263977,0.2262372225522995,-0.09120065718889236,0.5540076494216919,0.22881729900836945,-0.1071183905005455,0.4147939682006836,0.41416603326797485,-0.05223125219345093,0.4187973141670227,0.28625959157943726,-0.08038561046123505,0.4654512107372284,0.24276694655418396,-0.09658901393413544,0.5137098431587219,0.22901906073093414,-0.10586138814687729,0.393910676240921,0.45818838477134705,-0.07437007874250412,0.3983595371246338,0.36244040727615356,-0.09927932918071747,0.4253256320953369,0.3004356324672699,-0.11218030005693436,0.4577658772468567,0.25763100385665894,-0.11990837752819061
0.42070284485816956,0.6791393756866455,5.885859764021006e-07,0.4878847002983093,0.6258307695388794,-0.014690574258565903,0.5490091443061829,0.5328043103218079,-0.03250092267990112,0.6068981885910034,0.4839566946029663,-0.05389652028679848,0.6597520112991333,0.44378530979156494,-0.07597794383764267,0.46681681275367737,0.37322551012039185,-0.015446498058736324,0.48357242345809937,0.2667188048362732,-0.04850931838154793,0.5244252681732178,0.2298097461462021,-0.07555515319108963,0.5681211948394775,0.21684953570365906,-0.09295067191123962,0.43678271770477295,0.37943971157073975,-0.030886348336935043,0.4486140310764313,0.2531362473964691,-0.0637454017996788,0.5006657838821411,0.2178041785955429,-0.08878735452890396,0.5529772043228149,0.2213868796825409,-0.10356133431196213,0.41030973196029663,0.4063909351825714,-0.05005037784576416,0.41554829478263855,0.2786690592765808,-0.0783773735165596,0.461982786655426,0.23501211404800415,-0.09343758225440979,0.5107066631317139,0.22280795872211456,-0.10126562416553497,0.389467716217041,0.4508744478225708,-0.07148493081331253,0.39781713485717773,0.3534042239189148,-0.09670844674110413,0.4259737432003021,0.2915060520172119,-0.10882071405649185,0.4595627784729004,0.2507651150226593,-0.11526710540056229
0.41805362701416016,0.6791478991508484,5.769705921920831e-07,0.4855920374393463,0.6224247217178345,-0.014208194799721241,0.5467259883880615,0.529933512210846,-0.03201562911272049,0.604857325553894,0.4814910888671875,-0.05361885204911232,0.6570662260055542,0.4413544833660126,-0.0757456049323082,0.4625621438026428,0.3711186647415161,-0.014937249943614006,0.47554099559783936,0.2624122202396393,-0.0485725924372673,0.5167067646980286,0.22533057630062103,-0.07573249936103821,0.5606793761253357,0.21427036821842194,-0.09244433045387268,0.4327932894229889,0.37781891226768494,-0.030249031260609627,0.4390681982040405,0.24915319681167603,-0.06256190687417984,0.4905545711517334,0.21046888828277588,-0.08657561242580414,0.5422118902206421,0.2145395278930664,-0.10018683224916458,0.4071750044822693,0.40541884303092957,-0.04929139465093613,0.40817683935165405,0.27492469549179077,-0.07717881351709366,0.4543132781982422,0.22846083343029022,-0.09113999456167221,0.5025978684425354,0.21648427844047546,-0.09759197384119034,0.3873368501663208,0.45061051845550537,-0.07057156413793564,0.3933812975883484,0.35106217861175537,-0.0956513062119484,0.4221206605434418,0.28777939081192017,-0.10691331326961517,0.4564000964164734,0.24813607335090637,-0.11198333650827408
0.41727566719055176,0.6772398352622986,5.990553972878843e-07,0.48445388674736023,0.618635892868042,-0.01482959184795618,0.5451159477233887,0.5240694284439087,-0.0330839566886425,0.6035977005958557,0.4750063121318817,-0.05517983436584473,0.6571741104125977,0.4349120855331421,-0.07776352018117905,0.458842396736145,0.3635621964931488,-0.013301055878400803,0.47603487968444824,0.25727778673171997,-0.04682108014822006,0.5186555981636047,0.22302614152431488,-0.0746767595410347,0.5633935928344727,0.21301622688770294,-0.09239912033081055,0.42810529470443726,0.3700341284275055,-0.028584005311131477,0.440521776676178,0.24444369971752167,-0.06111357733607292,0.4934491813182831,0.20885758101940155,-0.08595802634954453,0.5458950996398926,0.21223387122154236,-0.10032743960618973,0.40163034200668335,0.3975468873977661,-0.04778788238763809,0.4061824083328247,0.2683754563331604,-0.07581629604101181,0.45272719860076904,0.22254835069179535,-0.08980214595794678,0.5014476180076599,0.20817583799362183,-0.09647057950496674,0.3814251124858856,0.4432549774646759,-0.0694168284535408,0.3900364637374878,0.3443239629268646,-0.09441528469324112,0.41855719685554504,0.2810244560241699,-0.10549933463335037,0.45269906520843506,0.23888123035430908,-0.11065848916769028
0.3978918194770813,0.6619924902915955,5.942749226051092e-07,0.465638667345047,0.5928080081939697,-0.008087716065347195,0.5211427807807922,0.4878297746181488,-0.02465508133172989,0.5781977772712708,0.43204301595687866,-0.04718272387981415,0.6311132907867432,0.3833780288696289,-0.0707700252532959,0.4217563271522522,0.34097519516944885,-0.007523215375840664,0.43838194012641907,0.2259676456451416,-0.04078420624136925,0.4825136065483093,0.18551529943943024,-0.0682917982339859,0.5295513868331909,0.1745259016752243,-0.08540468662977219,0.3925541937351227,0.35000404715538025,-0.027932431548833847,0.39883163571357727,0.2115030288696289,-0.061283379793167114,0.4537874460220337,0.1684097945690155,-0.08767983317375183,0.5105639100074768,0.17492105066776276,-0.10262513905763626,0.36887744069099426,0.38015100359916687,-0.05190654471516609,0.36516088247299194,0.24127672612667084,-0.07910311967134476,0.41227221488952637,0.18801042437553406,-0.09462707489728928,0.463725745677948,0.17407719790935516,-0.10280757397413254,0.35376206040382385,0.42640501260757446,-0.0778617188334465,0.3543415367603302,0.3203151226043701,-0.10327953845262527,0.3838604986667633,0.2506542205810547,-0.11625022441148758,0.42213520407676697,0.20813260972499847,-0.12297774851322174
0.3966708779335022,0.6498891115188599,6.067253934816108e-07,0.46831583976745605,0.5806796550750732,-0.010477312840521336,0.527579128742218,0.47519657015800476,-0.026835812255740166,0.5853508710861206,0.41698819398880005,-0.048626888543367386,0.6395131349563599,0.36690789461135864,-0.07142152637243271,0.4304100275039673,0.3219764828681946,-0.005731040146201849,0.4514964818954468,0.20717522501945496,-0.03697066754102707,0.49266085028648376,0.16161218285560608,-0.06358883529901505,0.5371173024177551,0.14589929580688477,-0.08056928217411041,0.40113839507102966,0.32858800888061523,-0.02423643134534359,0.40513503551483154,0.18900994956493378,-0.05749130621552467,0.4591290056705475,0.1454932987689972,-0.08432658761739731,0.5175179839134216,0.15102651715278625,-0.09953811019659042,0.3759250044822693,0.35762134194374084,-0.0465741902589798,0.367969274520874,0.21460898220539093,-0.07492052763700485,0.4143511950969696,0.1612333059310913,-0.09231887757778168,0.4677499532699585,0.14526717364788055,-0.10146736353635788,0.3585035800933838,0.4028379023075104,-0.07088281214237213,0.3622340261936188,0.29306894540786743,-0.09711509943008423,0.3904709219932556,0.22110725939273834,-0.11148684471845627,0.4268830120563507,0.175523042678833,-0.11940480023622513
0.3993479013442993,0.6413159370422363,6.072639280318981e-07,0.4712086319923401,0.5732301473617554,-0.010625580325722694,0.5296233296394348,0.46857935190200806,-0.028287706896662712,0.5862212181091309,0.40974366664886475,-0.051360633224248886,0.6391664147377014,0.357477605342865,-0.07551982998847961,0.4307546615600586,0.3154282867908478,-0.01062715332955122,0.45221203565597534,0.2017131894826889,-0.04401697963476181,0.4951651394367218,0.15781047940254211,-0.07198178768157959,0.5417290925979614,0.14081954956054688,-0.09019291400909424,0.40065741539001465,0.3239833116531372,-0.030512036755681038,0.4072507619857788,0.18596702814102173,-0.06477289646863937,0.46159034967422485,0.14177554845809937,-0.09199967980384827,0.5197316408157349,0.14147861301898956,-0.10823377221822739,0.37610211968421936,0.35477131605148315,-0.05406633019447327,0.37074920535087585,0.21492646634578705,-0.08318685740232468,0.4175248444080353,0.15994305908679962,-0.10028353333473206,0.4705210030078888,0.1407267451286316,-0.10977374017238617,0.3606281280517578,0.4021587073802948,-0.07967007160186768,0.36367109417915344,0.292275607585907,-0.10535874962806702,0.39143723249435425,0.2204992026090622,-0.11874240636825562,0.4271732568740845,0.17435653507709503,-0.12651316821575165
0.4028332531452179,0.6601506471633911,6.12087774243264e-07,0.47638314962387085,0.5846267938613892,-0.007308875676244497,0.5362483263015747,0.4778435230255127,-0.02601519785821438,0.5924807190895081,0.4171657860279083,-0.0508757121860981,0.6457424163818359,0.35988277196884155,-0.07681118696928024,0.4326830506324768,0.3245640993118286,-0.010879413224756718,0.4576120376586914,0.20203956961631775,-0.045188553631305695,0.5033917427062988,0.1578296571969986,-0.07332681119441986,0.5521031618118286,0.14221639931201935,-0.09172828495502472,0.4029616117477417,0.33552229404449463,-0.03306885436177254,0.4174598455429077,0.18620675802230835,-0.06940028816461563,0.4764556288719177,0.14174653589725494,-0.09767410159111023,0.5370755791664124,0.14374904334545135,-0.1145077496767044,0.3792869448661804,0.36712685227394104,-0.058398280292749405,0.3822428584098816,0.21524204313755035,-0.08872109651565552,0.4335523545742035,0.16033034026622772,-0.10655099153518677,0.4885680377483368,0.14227178692817688,-0.11681078374385834,0.3656476140022278,0.41414767503738403,-0.08532070368528366,0.37606263160705566,0.2995973527431488,-0.11214170604944229,0.4068518579006195,0.2262575477361679,-0.1262878030538559,0.44365304708480835,0.17950357496738434,-0.13474437594413757
0.40383225679397583,0.660697877407074,6.122322702140082e-07,0.47882941365242004,0.5860303640365601,-0.005685134325176477,0.5380247831344604,0.4796698987483978,-0.023914439603686333,0.5975738763809204,0.4213281273841858,-0.0485970564186573,0.6549241542816162,0.3723064959049225,-0.07482680678367615,0.43748652935028076,0.3251536190509796,-0.011665284633636475,0.45997950434684753,0.20435425639152527,-0.047160569578409195,0.5047688484191895,0.15868279337882996,-0.07591614872217178,0.5536602735519409,0.1397312730550766,-0.09533663094043732,0.40837353467941284,0.33651676774024963,-0.03589899092912674,0.4188762605190277,0.19059546291828156,-0.073268823325634,0.4768070578575134,0.1445273756980896,-0.10147960484027863,0.5374071598052979,0.1418948769569397,-0.11906537413597107,0.3841426968574524,0.3702523112297058,-0.0634336993098259,0.38354313373565674,0.22047363221645355,-0.09523593634366989,0.43218889832496643,0.1638011634349823,-0.11289400607347488,0.485192209482193,0.14048753678798676,-0.12372175604104996,0.36939945816993713,0.42004406452178955,-0.09252656996250153,0.37643101811408997,0.3068441152572632,-0.12109056115150452,0.40487372875213623,0.22977910935878754,-0.13632653653621674,0.43956857919692993,0.17512668669223785,-0.14638257026672363
0.41184288263320923,0.6612938642501831,6.389986992871854e-07,0.4857679307460785,0.592146098613739,-0.010695676319301128,0.5484700798988342,0.4920195937156677,-0.030222680419683456,0.6083881855010986,0.4354058504104614,-0.05489790067076683,0.6652294397354126,0.3920033276081085,-0.08129758387804031,0.4556010663509369,0.3302149772644043,-0.017679251730442047,0.479282021522522,0.2068735659122467,-0.05426883324980736,0.5226237177848816,0.15909816324710846,-0.08352162688970566,0.5691189765930176,0.13505132496356964,-0.10275322943925858,0.4276154339313507,0.33818262815475464,-0.037991564720869064,0.4493088126182556,0.19333338737487793,-0.07301773130893707,0.5040780305862427,0.14040951430797577,-0.09949188679456711,0.5600109696388245,0.12506625056266785,-0.11664710938930511,0.4016895890235901,0.36767110228538513,-0.06195381283760071,0.4147438704967499,0.2181965559720993,-0.09237144142389297,0.463821679353714,0.1556355357170105,-0.1100323423743248,0.5154924988746643,0.12436661124229431,-0.12099151313304901,0.38072332739830017,0.4139281213283539,-0.08778156340122223,0.3905729353427887,0.30151817202568054,-0.11539021879434586,0.42028164863586426,0.22778619825839996,-0.12967415153980255,0.4560209810733795,0.17613542079925537,-0.1385922133922577
0.40649232268333435,0.6527329683303833,7.069979801599402e-07,0.47944772243499756,0.5861225724220276,-0.011858939193189144,0.5416098237037659,0.4912640452384949,-0.03617535158991814,0.6015592813491821,0.439727246761322,-0.06547649949789047,0.6590556502342224,0.3929775059223175,-0.09721841663122177,0.4504030644893646,0.3311888575553894,-0.03065938875079155,0.47380754351615906,0.20981746912002563,-0.07062123715877533,0.516706109046936,0.16073979437351227,-0.10123687982559204,0.5628347396850586,0.12991511821746826,-0.12214865535497665,0.419242262840271,0.3425840735435486,-0.05338439345359802,0.4372762143611908,0.1950370967388153,-0.09240864962339401,0.49610063433647156,0.14574944972991943,-0.12041634321212769,0.555353045463562,0.1297634243965149,-0.13899803161621094,0.3928450345993042,0.37683379650115967,-0.07881852984428406,0.4032364785671234,0.22597619891166687,-0.113039031624794,0.4566989541053772,0.1678752303123474,-0.13076992332935333,0.5117774605751038,0.13796934485435486,-0.14174126088619232,0.37564730644226074,0.4288026988506317,-0.10584341734647751,0.38564208149909973,0.31466251611709595,-0.13535688817501068,0.4187690019607544,0.24295362830162048,-0.14907893538475037,0.4564473032951355,0.19344566762447357,-0.15789490938186646
0.40484002232551575,0.6509822607040405,7.145621339077479e-07,0.4774523675441742,0.5834609270095825,-0.01114742737263441,0.5410876870155334,0.48873135447502136,-0.03569503501057625,0.6010555028915405,0.4376850128173828,-0.06557760387659073,0.6584972739219666,0.3902240991592407,-0.09769055247306824,0.4489138722419739,0.32839134335517883,-0.028188666328787804,0.47430458664894104,0.20437319576740265,-0.06652633845806122,0.5174495577812195,0.15651725232601166,-0.09617731720209122,0.5625350475311279,0.12714475393295288,-0.11651527136564255,0.41800057888031006,0.34015172719955444,-0.051121436059474945,0.43723392486572266,0.19024355709552765,-0.08907917141914368,0.49645310640335083,0.14240184426307678,-0.11720339208841324,0.5548563003540039,0.12915530800819397,-0.13590984046459198,0.39162808656692505,0.37355777621269226,-0.07671120017766953,0.4032904803752899,0.22016040980815887,-0.10981503129005432,0.45704352855682373,0.16467347741127014,-0.12811200320720673,0.5112580060958862,0.13798391819000244,-0.13966038823127747,0.3745906949043274,0.4241448640823364,-0.10385436564683914,0.3868905305862427,0.3113260865211487,-0.13230657577514648,0.4202890694141388,0.24131102859973907,-0.1464613378047943,0.45720911026000977,0.19378860294818878,-0.15582087635993958
0.40466171503067017,0.6500091552734375,6.988016139075626e-07,0.47820836305618286,0.5790572166442871,-0.01001658570021391,0.5417990684509277,0.48580628633499146,-0.034567296504974365,0.6009432673454285,0.4344288408756256,-0.06466534733772278,0.6571276187896729,0.38372567296028137,-0.09678555279970169,0.4484196901321411,0.32602325081825256,-0.02803524024784565,0.4723418056964874,0.19898998737335205,-0.06646015495061874,0.5162198543548584,0.1512775719165802,-0.09609029442071915,0.5618993639945984,0.12278163433074951,-0.11644133180379868,0.41783684492111206,0.3383876085281372,-0.0516965314745903,0.4337122440338135,0.18539585173130035,-0.09000298380851746,0.49407657980918884,0.13691222667694092,-0.1186046227812767,0.5529782772064209,0.12332302331924438,-0.1377204954624176,0.3921819031238556,0.37232524156570435,-0.0778350681066513,0.40165865421295166,0.216705784201622,-0.11139409244060516,0.4565967321395874,0.16075903177261353,-0.1302490085363388,0.5113591551780701,0.1336178481578827,-0.14220492541790009,0.37651577591896057,0.4236103892326355,-0.1053350418806076,0.3877255320549011,0.31014037132263184,-0.13424967229366302,0.41967159509658813,0.2380233108997345,-0.14897558093070984,0.4541228711605072,0.18820646405220032,-0.15884633362293243
0.4014192223548889,0.647936999797821,6.769646461179946e-07,0.4758830666542053,0.5752335786819458,-0.006990653462707996,0.538955807685852,0.482297420501709,-0.03103090077638626,0.5961756110191345,0.4312898814678192,-0.06135936081409454,0.6510865688323975,0.3782993257045746,-0.0937284380197525,0.4460330009460449,0.3214368522167206,-0.02572394534945488,0.4693892002105713,0.19425413012504578,-0.06410466134548187,0.5146790742874146,0.14763018488883972,-0.09399775415658951,0.5616812109947205,0.1217050552368164,-0.11455998569726944,0.4152502417564392,0.33410340547561646,-0.051392752677202225,0.4321780800819397,0.17916393280029297,-0.08938796818256378,0.49362483620643616,0.13181541860103607,-0.11859901994466782,0.5531752109527588,0.12096890807151794,-0.13838274776935577,0.3903271555900574,0.3680053651332855,-0.0792543813586235,0.40169984102249146,0.21215279400348663,-0.11154860258102417,0.45702725648880005,0.1564275324344635,-0.13043460249900818,0.5115797519683838,0.13085009157657623,-0.1430547535419464,0.375762403011322,0.41920205950737,-0.10831736028194427,0.38756197690963745,0.3056573271751404,-0.1362616866827011,0.42027997970581055,0.23391667008399963,-0.15077653527259827,0.45589762926101685,0.18506090342998505,-0.16080591082572937
0.40029239654541016,0.6500279307365417,6.694409648844157e-07,0.4759736955165863,0.5785806775093079,-0.00801747478544712,0.5403566360473633,0.4848095178604126,-0.030906612053513527,0.5960760116577148,0.4321949779987335,-0.059740714728832245,0.6486235857009888,0.37713584303855896,-0.09010732918977737,0.4454460144042969,0.32019245624542236,-0.02334611304104328,0.4701513648033142,0.1925182044506073,-0.06054031476378441,0.515220046043396,0.1444704234600067,-0.08943022042512894,0.5614883899688721,0.1182352602481842,-0.1090693399310112,0.4138025641441345,0.3314047157764435,-0.04749520123004913,0.4316583573818207,0.1773848831653595,-0.08446449786424637,0.4929676651954651,0.12889410555362701,-0.1122610941529274,0.5529327392578125,0.1177363395690918,-0.13077455759048462,0.3891446590423584,0.3643028736114502,-0.0741879865527153,0.4013608694076538,0.2084033489227295,-0.10628758370876312,0.4563775360584259,0.151357501745224,-0.12427783012390137,0.5114498138427734,0.12539342045783997,-0.13589055836200714,0.375360906124115,0.4141460061073303,-0.10222723335027695,0.3899807333946228,0.3005675673484802,-0.13057489693164825,0.42353448271751404,0.2286633849143982,-0.14484095573425293,0.4601559638977051,0.1805119812488556,-0.15414656698703766
0.38835933804512024,0.6578381061553955,7.069766070344485e-07,0.46730345487594604,0.5769971609115601,-0.00015580390754621476,0.5262928605079651,0.47897112369537354,-0.023004241287708282,0.5787351727485657,0.4267664849758148,-0.05395205318927765,0.630852222442627,0.3701035976409912,-0.08658818155527115,0.41775229573249817,0.32276543974876404,-0.0217019934207201,0.4425432085990906,0.1877889484167099,-0.06257839500904083,0.49291056394577026,0.13552890717983246,-0.09374890476465225,0.5447259545326233,0.1110597550868988,-0.11442045122385025,0.38788872957229614,0.33739084005355835,-0.05252300947904587,0.4091465175151825,0.17180213332176208,-0.09416259080171585,0.4783133566379547,0.11946001648902893,-0.1258026659488678,0.5432331562042236,0.11117541790008545,-0.14621737599372864,0.3691028356552124,0.37151455879211426,-0.08517929911613464,0.3860868513584137,0.20631349086761475,-0.119600310921669,0.45057255029678345,0.14560486376285553,-0.14070230722427368,0.5104677677154541,0.12193810939788818,-0.15426504611968994,0.3650261163711548,0.4215983748435974,-0.11832781881093979,0.3820316791534424,0.3043438196182251,-0.14705325663089752,0.4183511734008789,0.23059874773025513,-0.16235210001468658,0.45607930421829224,0.1824716478586197,-0.17258499562740326
0.38337379693984985,0.6671513319015503,6.28897169008269e-07,0.4606621265411377,0.5833495259284973,0.0007752098608762026,0.5213260650634766,0.48299214243888855,-0.021122338250279427,0.5742169618606567,0.4278818368911743,-0.050781238824129105,0.6239938139915466,0.3718648850917816,-0.08225959539413452,0.40997013449668884,0.3244241178035736,-0.02108127996325493,0.4362478256225586,0.19186489284038544,-0.061462320387363434,0.4849231243133545,0.13706013560295105,-0.09292848408222198,0.5355755686759949,0.11003777384757996,-0.11414869874715805,0.3822295069694519,0.3405604064464569,-0.05132817476987839,0.4059733748435974,0.17714624106884003,-0.09338066726922989,0.473488986492157,0.12306059896945953,-0.12523166835308075,0.5371671915054321,0.11316543817520142,-0.1457253098487854,0.3659159243106842,0.3754435181617737,-0.08308061957359314,0.38130855560302734,0.21396739780902863,-0.11700214445590973,0.4415304362773895,0.14860720932483673,-0.13854680955410004,0.49874264001846313,0.11901246011257172,-0.15291690826416016,0.3641758859157562,0.4261413514614105,-0.11534835398197174,0.37837183475494385,0.3124816119670868,-0.14372068643569946,0.41106468439102173,0.236242413520813,-0.1598873734474182,0.4466867446899414,0.183334618806839,-0.17122432589530945
0.38099175691604614,0.6727961301803589,6.065525326448551e-07,0.4598812460899353,0.5846837759017944,0.004350146744400263,0.5183725953102112,0.4858289361000061,-0.015955716371536255,0.5688028335571289,0.43302470445632935,-0.04503589868545532,0.6164949536323547,0.37751251459121704,-0.07627828419208527,0.4083392322063446,0.3306640386581421,-0.016661817207932472,0.43254730105400085,0.19752049446105957,-0.05650629848241806,0.48124366998672485,0.1419016420841217,-0.08808544278144836,0.5320779085159302,0.11488702893257141,-0.10921768099069595,0.3814472556114197,0.34751179814338684,-0.04874388873577118,0.40110206604003906,0.18190760910511017,-0.09051119536161423,0.468159556388855,0.12742987275123596,-0.12338940799236298,0.5318480134010315,0.11789277195930481,-0.14438149333000183,0.365488201379776,0.3819522559642792,-0.08204774558544159,0.37668895721435547,0.22029444575309753,-0.11534615606069565,0.4367757737636566,0.15415748953819275,-0.13798363506793976,0.49407413601875305,0.12483738362789154,-0.15303876996040344,0.36418062448501587,0.4312798082828522,-0.11553069204092026,0.3755177855491638,0.3170922100543976,-0.1425923854112625,0.40779757499694824,0.24222463369369507,-0.1582501083612442,0.4433920681476593,0.1915615350008011,-0.1693582832813263
0.3787844479084015,0.6814939379692078,6.232764349078934e-07,0.4568626880645752,0.5943760275840759,0.0025510177947580814,0.5154130458831787,0.4919893443584442,-0.017436973750591278,0.5662376880645752,0.4365656077861786,-0.04561931639909744,0.6131672859191895,0.3790953755378723,-0.07568103820085526,0.4022279381752014,0.33763885498046875,-0.017263317480683327,0.4282815456390381,0.20310989022254944,-0.05692288279533386,0.47677645087242126,0.14469698071479797,-0.08828864991664886,0.5279770493507385,0.11581224203109741,-0.10932382941246033,0.3758602738380432,0.3535694181919098,-0.04805520921945572,0.3942531943321228,0.18703995645046234,-0.09025567770004272,0.46089795231819153,0.1304740607738495,-0.12331630289554596,0.5252774953842163,0.11973696947097778,-0.1442839503288269,0.3609241843223572,0.3881038427352905,-0.0802532210946083,0.3700748682022095,0.22765929996967316,-0.11387599259614944,0.4294070303440094,0.15883204340934753,-0.13734397292137146,0.48643651604652405,0.12763124704360962,-0.15299053490161896,0.3612528443336487,0.4384576380252838,-0.11272736638784409,0.37107014656066895,0.3245794177055359,-0.13999922573566437,0.402840256690979,0.2489517331123352,-0.15639357268810272,0.4381783604621887,0.19738948345184326,-0.16814015805721283
0.37930577993392944,0.6849046945571899,6.352163950396061e-07,0.45522743463516235,0.6001754999160767,-0.004282453563064337,0.5128191113471985,0.4989412724971771,-0.027639828622341156,0.5647710561752319,0.4419153928756714,-0.0580616258084774,0.6157171726226807,0.38303571939468384,-0.09023033082485199,0.4091714322566986,0.34618639945983887,-0.026780597865581512,0.4275764524936676,0.2116292268037796,-0.06848044693470001,0.4739735722541809,0.15731976926326752,-0.10016096383333206,0.5227773785591125,0.12813681364059448,-0.12160634249448776,0.37943530082702637,0.36119264364242554,-0.05512164533138275,0.39096522331237793,0.19802872836589813,-0.09767504036426544,0.45495304465293884,0.14311838150024414,-0.1291816532611847,0.5168653726577759,0.1293918490409851,-0.15003761649131775,0.3590863049030304,0.39747530221939087,-0.08564119786024094,0.3640480637550354,0.23593531548976898,-0.12150756269693375,0.4204636216163635,0.16990190744400024,-0.14401383697986603,0.4764171540737152,0.1383093297481537,-0.15918885171413422,0.35248321294784546,0.4493473768234253,-0.11697478592395782,0.36110585927963257,0.3356248438358307,-0.14770418405532837,0.3917434811592102,0.2585829496383667,-0.16543003916740417,0.42579513788223267,0.2045416682958603,-0.1780632585287094
0.38038966059684753,0.6799328327178955,6.389324767042126e-07,0.45747053623199463,0.5960426926612854,-0.001860177144408226,0.516357421875,0.49462565779685974,-0.02407960407435894,0.5697070956230164,0.4390035569667816,-0.05403628945350647,0.6229095458984375,0.38360098004341125,-0.08654281497001648,0.4111667573451996,0.33866870403289795,-0.023155128583312035,0.4293114244937897,0.20797747373580933,-0.06282389909029007,0.4741511046886444,0.15332774817943573,-0.09354375302791595,0.5220640301704407,0.1222546398639679,-0.11470965296030045,0.3811188042163849,0.3558976948261261,-0.05280081555247307,0.392170250415802,0.1966330111026764,-0.09445995092391968,0.45560988783836365,0.14415273070335388,-0.1260729879140854,0.517941415309906,0.13267633318901062,-0.14701105654239655,0.3597903251647949,0.3935903310775757,-0.08439119905233383,0.3616117537021637,0.2347724586725235,-0.11967955529689789,0.41699719429016113,0.1714911162853241,-0.14243105053901672,0.47327667474746704,0.14352434873580933,-0.15763655304908752,0.351880818605423,0.44579482078552246,-0.11665482074022293,0.35908156633377075,0.3298931419849396,-0.14751797914505005,0.39080488681793213,0.2541332542896271,-0.16577674448490143,0.42689839005470276,0.20359592139720917,-0.1787509024143219
0.3842941224575043,0.6801321506500244,6.450642331401468e-07,0.45952674746513367,0.5987530946731567,-0.004686193075031042,0.5170562863349915,0.4968504309654236,-0.028237488120794296,0.5709864497184753,0.4398305118083954,-0.05876067280769348,0.6237671375274658,0.38459208607673645,-0.09148439764976501,0.41374149918556213,0.34097298979759216,-0.02733667567372322,0.4308626353740692,0.21059057116508484,-0.06816064566373825,0.4763190448284149,0.15714646875858307,-0.0996616929769516,0.5240383744239807,0.12769284844398499,-0.12128398567438126,0.383872389793396,0.3576852083206177,-0.055246688425540924,0.3956921398639679,0.19995711743831635,-0.09737307578325272,0.4587670862674713,0.14678438007831573,-0.1287524551153183,0.5197953581809998,0.1344449818134308,-0.1496949940919876,0.3627181351184845,0.3951457738876343,-0.08522053807973862,0.36740627884864807,0.23807933926582336,-0.12063519656658173,0.4221392869949341,0.17420178651809692,-0.14284977316856384,0.4767402410507202,0.14455729722976685,-0.1578778475522995,0.3546660542488098,0.4481264650821686,-0.11609313637018204,0.3640371263027191,0.3358462452888489,-0.14695414900779724,0.39424723386764526,0.2599603533744812,-0.16495224833488464,0.42797523736953735,0.20740875601768494,-0.17775094509124756
0.38491755723953247,0.6835880279541016,6.327276196316234e-07,0.4611509442329407,0.6032814979553223,-0.003427436575293541,0.520233154296875,0.5035533308982849,-0.02660670503973961,0.5747970342636108,0.44823312759399414,-0.05700162798166275,0.6281191110610962,0.3953380882740021,-0.0899229496717453,0.41740524768829346,0.34462061524391174,-0.02495303377509117,0.43910399079322815,0.2155265212059021,-0.06404531747102737,0.48414739966392517,0.16431082785129547,-0.09434474259614944,0.5308353900909424,0.13647663593292236,-0.11549098044633865,0.3869589567184448,0.36110126972198486,-0.05356069654226303,0.40450936555862427,0.20412243902683258,-0.0939994528889656,0.46681520342826843,0.1525622457265854,-0.12461970001459122,0.526199996471405,0.1408090889453888,-0.14533104002475739,0.36475393176078796,0.39807412028312683,-0.08414216339588165,0.37400174140930176,0.24149255454540253,-0.11826260387897491,0.4293995797634125,0.17821863293647766,-0.1396135687828064,0.483761191368103,0.14782966673374176,-0.15438750386238098,0.3551589548587799,0.45058026909828186,-0.11558270454406738,0.3650423288345337,0.3372609615325928,-0.14563679695129395,0.3965711295604706,0.2620183229446411,-0.1628246009349823,0.4319959580898285,0.209925577044487,-0.17524681985378265
0.38896310329437256,0.6828548908233643,6.688790676889766e-07,0.46369701623916626,0.6078349351882935,-0.009408840909600258,0.5229628086090088,0.507701575756073,-0.03365100175142288,0.5795121788978577,0.4515160918235779,-0.06371103227138519,0.6347230672836304,0.39977604150772095,-0.0962492823600769,0.42344871163368225,0.346810519695282,-0.029557548463344574,0.4440407156944275,0.2199794501066208,-0.06990008056163788,0.48652830719947815,0.16695335507392883,-0.10093038529157639,0.5321288704872131,0.1340402066707611,-0.12238407880067825,0.3929039537906647,0.3613297939300537,-0.0546378456056118,0.4108560085296631,0.2091677039861679,-0.09532347321510315,0.47050267457962036,0.1556655615568161,-0.12523026764392853,0.5292104482650757,0.13833913207054138,-0.14530819654464722,0.36943480372428894,0.3982897698879242,-0.08228350430727005,0.37804681062698364,0.24616806209087372,-0.11727924644947052,0.43049877882003784,0.18310591578483582,-0.13780026137828827,0.4837721288204193,0.1513490378856659,-0.15133136510849,0.35653889179229736,0.45123568177223206,-0.11136806011199951,0.36372536420822144,0.3370561897754669,-0.14223161339759827,0.3954051733016968,0.2625390291213989,-0.15879666805267334,0.43262165784835815,0.21144749224185944,-0.1701066642999649
0.40924137830734253,0.6968353986740112,7.88294528319966e-07,0.4750436842441559,0.6368510723114014,-0.024201201274991035,0.537416398525238,0.5443728566169739,-0.04673437401652336,0.6001833081245422,0.5001985430717468,-0.07030028104782104,0.6590493321418762,0.4734988510608673,-0.09638971090316772,0.4618085026741028,0.3888169229030609,-0.039149560034275055,0.49195191264152527,0.26841768622398376,-0.0775689035654068,0.5185017585754395,0.19536808133125305,-0.106125608086586,0.5466738343238831,0.13069450855255127,-0.1264425665140152,0.43064314126968384,0.39842891693115234,-0.053943999111652374,0.45460885763168335,0.2666711211204529,-0.08933993428945541,0.4882863461971283,0.19005689024925232,-0.1136687695980072,0.5217347145080566,0.12220349907875061,-0.13116131722927094,0.3987778425216675,0.43152332305908203,-0.07300198078155518,0.4186842441558838,0.2970895767211914,-0.10943223536014557,0.4511069357395172,0.21659085154533386,-0.1289767324924469,0.48322272300720215,0.14656856656074524,-0.1409727782011032,0.36833202838897705,0.4827975928783417,-0.09437816590070724,0.38043832778930664,0.3804067373275757,-0.12811729311943054,0.40242281556129456,0.3106290102005005,-0.14338575303554535,0.42655497789382935,0.24874131381511688,-0.15304246544837952
0.4079919159412384,0.6974995136260986,8.015258572413586e-07,0.472755491733551,0.6379398107528687,-0.024411359801888466,0.5357994437217712,0.5441502332687378,-0.047392215579748154,0.5985123515129089,0.5002599954605103,-0.07133688777685165,0.6576597690582275,0.4730408489704132,-0.09788566082715988,0.4607541561126709,0.3869524300098419,-0.03910667076706886,0.4917370080947876,0.2691285014152527,-0.07814093679189682,0.5189938545227051,0.19700869917869568,-0.1073852926492691,0.5480096936225891,0.13340026140213013,-0.12815237045288086,0.4298459589481354,0.3971196115016937,-0.0539240762591362,0.4558199942111969,0.26712673902511597,-0.0897202417254448,0.49119678139686584,0.19194293022155762,-0.11450592428445816,0.5261948704719543,0.12552949786186218,-0.1322258561849594,0.39805537462234497,0.4312095046043396,-0.07302466779947281,0.41858580708503723,0.29826152324676514,-0.10988679528236389,0.45190221071243286,0.2189730405807495,-0.12940290570259094,0.4847884476184845,0.14893552660942078,-0.14139971137046814,0.3680086135864258,0.4841121733188629,-0.09441079944372177,0.3810468912124634,0.38365402817726135,-0.12849660217761993,0.4035632908344269,0.3150981068611145,-0.14358273148536682,0.42797547578811646,0.25365445017814636,-0.1530778557062149
0.4070513844490051,0.7009245157241821,7.910368822194869e-07,0.4714673161506653,0.641884446144104,-0.023628534749150276,0.5344198346138,0.5453823208808899,-0.04613415151834488,0.5979626774787903,0.5003649592399597,-0.06968852877616882,0.6581413745880127,0.47389379143714905,-0.09599363803863525,0.4590921103954315,0.3889172673225403,-0.038957227021455765,0.4912685751914978,0.27198466658592224,-0.07765021175146103,0.5193485021591187,0.20024362206459045,-0.10643181949853897,0.5486857295036316,0.13712003827095032,-0.12708035111427307,0.42814695835113525,0.3993893563747406,-0.05414737015962601,0.45496946573257446,0.2696085572242737,-0.0900324359536171,0.49086812138557434,0.19465182721614838,-0.11440935730934143,0.5256498456001282,0.12828564643859863,-0.13183245062828064,0.39669036865234375,0.4341236352920532,-0.07354540377855301,0.41886672377586365,0.3009188175201416,-0.11071747541427612,0.4526463449001312,0.22123949229717255,-0.1302197426557541,0.4850098490715027,0.15007218718528748,-0.1422998607158661,0.3676193058490753,0.4877813458442688,-0.09513477981090546,0.38177746534347534,0.3876415491104126,-0.13021902740001678,0.4048974812030792,0.31899529695510864,-0.14599169790744781,0.42944568395614624,0.25658634305000305,-0.1559390425682068
0.4059460461139679,0.7034399509429932,7.861925155339122e-07,0.4721924662590027,0.6454146504402161,-0.02343120239675045,0.5354896187782288,0.5483250021934509,-0.045244425535202026,0.5989925861358643,0.5022388100624084,-0.06818968802690506,0.6599966287612915,0.4765198528766632,-0.09373439848423004,0.45807749032974243,0.39169809222221375,-0.03765031322836876,0.4904423654079437,0.2744844853878021,-0.07533624023199081,0.5185208916664124,0.20321373641490936,-0.10319115221500397,0.5481682419776917,0.14133983850479126,-0.12330470234155655,0.42661890387535095,0.40108710527420044,-0.052508968859910965,0.4524347186088562,0.26940712332725525,-0.08764168620109558,0.48836982250213623,0.19442617893218994,-0.11128676682710648,0.5236157178878784,0.12965664267539978,-0.12815167009830475,0.3960086405277252,0.43581223487854004,-0.07163432985544205,0.41674625873565674,0.2994334101676941,-0.1086873784661293,0.4509517550468445,0.220660001039505,-0.12832878530025482,0.4843730628490448,0.15161985158920288,-0.14036619663238525,0.3689543604850769,0.4895007610321045,-0.09293120354413986,0.3840668201446533,0.3888634443283081,-0.12856537103652954,0.4073220193386078,0.3196257948875427,-0.1452171355485916,0.43218690156936646,0.2574085593223572,-0.15563923120498657
0.4034103751182556,0.705532968044281,7.847899610169407e-07,0.47014591097831726,0.648270845413208,-0.02344350330531597,0.5343534350395203,0.5515227317810059,-0.04575033113360405,0.5979424715042114,0.5049709677696228,-0.0692155659198761,0.6591578125953674,0.47836557030677795,-0.09525179862976074,0.45848068594932556,0.39343729615211487,-0.03825022652745247,0.49179115891456604,0.27673405408859253,-0.07583994418382645,0.519432783126831,0.20563669502735138,-0.10353720933198929,0.5483762621879578,0.1431298851966858,-0.12375479936599731,0.42643073201179504,0.4022810459136963,-0.05350248143076897,0.4530948996543884,0.2715364694595337,-0.08883397281169891,0.4889225363731384,0.19749939441680908,-0.11251281946897507,0.5238224864006042,0.13263598084449768,-0.12951888144016266,0.39528393745422363,0.43662458658218384,-0.07296105474233627,0.4169020652770996,0.3014644980430603,-0.11010345816612244,0.4512255787849426,0.22361233830451965,-0.12964178621768951,0.4845302700996399,0.1546846330165863,-0.1417364478111267,0.36763253808021545,0.4903467297554016,-0.09461025893688202,0.3831081986427307,0.38973280787467957,-0.13009275496006012,0.40667736530303955,0.3206303119659424,-0.14662939310073853,0.4320175051689148,0.25809356570243835,-0.157115176320076
0.4040858745574951,0.7074384689331055,7.894281566223071e-07,0.4706946909427643,0.6485882997512817,-0.02383008785545826,0.5346188545227051,0.5523173213005066,-0.04647328332066536,0.5988367199897766,0.5062548518180847,-0.07013890147209167,0.6601433157920837,0.47960329055786133,-0.09650497883558273,0.4587249755859375,0.39682328701019287,-0.04089977592229843,0.4920378029346466,0.27955079078674316,-0.0799994245171547,0.5206842422485352,0.20824448764324188,-0.10842505842447281,0.5506875514984131,0.1458665132522583,-0.12893164157867432,0.4272846579551697,0.40649479627609253,-0.05610877275466919,0.4544050097465515,0.2755672335624695,-0.09276986867189407,0.4905524253845215,0.20067086815834045,-0.11713436245918274,0.5256334543228149,0.1341729760169983,-0.13460378348827362,0.3958696126937866,0.4413294494152069,-0.07548973709344864,0.41792771220207214,0.30653315782546997,-0.11370354890823364,0.4515841007232666,0.2280241996049881,-0.13391676545143127,0.4840391278266907,0.15807580947875977,-0.1464279741048813,0.3677789866924286,0.49473679065704346,-0.09702116250991821,0.38345998525619507,0.39407965540885925,-0.13347852230072021,0.4063759446144104,0.3241404891014099,-0.15087389945983887,0.4308227300643921,0.26047492027282715,-0.1619579792022705
0.4044433534145355,0.7077443599700928,7.919977065284911e-07,0.4705999791622162,0.6467121243476868,-0.023217417299747467,0.5340682864189148,0.5530970692634583,-0.04640014097094536,0.5965980291366577,0.5074872374534607,-0.07076775282621384,0.6570136547088623,0.479187548160553,-0.09782732278108597,0.4573426842689514,0.3983539640903473,-0.04096696525812149,0.4906376600265503,0.27984046936035156,-0.07989910244941711,0.5181841850280762,0.20756256580352783,-0.10839217156171799,0.5467754006385803,0.14354026317596436,-0.1290595829486847,0.42584556341171265,0.4083598554134369,-0.05683135613799095,0.45324644446372986,0.2770081162452698,-0.0933762714266777,0.4889596700668335,0.20152613520622253,-0.11844497919082642,0.5234794616699219,0.13413596153259277,-0.1366495043039322,0.3946112096309662,0.442939817905426,-0.07664766907691956,0.41697603464126587,0.3085523545742035,-0.11441806703805923,0.45112621784210205,0.2293403297662735,-0.13494367897510529,0.4839763641357422,0.1596704125404358,-0.1478351354598999,0.36676323413848877,0.4961584210395813,-0.09855170547962189,0.3819767236709595,0.3942871689796448,-0.13399222493171692,0.4050047695636749,0.3238843083381653,-0.15093161165714264,0.4297146797180176,0.26048874855041504,-0.16188806295394897
0.40120792388916016,0.7001880407333374,7.861626727390103e-07,0.46854665875434875,0.6400820016860962,-0.023271631449460983,0.5322838425636292,0.5461733937263489,-0.04663904756307602,0.5942157506942749,0.4987736940383911,-0.07110224664211273,0.6543500423431396,0.46839404106140137,-0.09830927848815918,0.45548006892204285,0.39189526438713074,-0.04139552265405655,0.48887762427330017,0.27674421668052673,-0.08008960634469986,0.5157420635223389,0.20594991743564606,-0.10830584168434143,0.5443728566169739,0.14391279220581055,-0.1288425177335739,0.42351865768432617,0.4008498191833496,-0.057242631912231445,0.4526846706867218,0.2695041000843048,-0.09360336512327194,0.4886091947555542,0.19501635432243347,-0.11855383217334747,0.5239524245262146,0.1295284628868103,-0.13677045702934265,0.39246153831481934,0.43557390570640564,-0.07700621336698532,0.4161047339439392,0.2998117506504059,-0.11499756574630737,0.4510674476623535,0.22227737307548523,-0.13574787974357605,0.48544371128082275,0.1543324589729309,-0.14894992113113403,0.36516016721725464,0.48966699838638306,-0.09873615205287933,0.38036054372787476,0.38880231976509094,-0.13471658527851105,0.4030914902687073,0.31774306297302246,-0.15234053134918213,0.42822331190109253,0.25327497720718384,-0.16392019391059875
0.39968279004096985,0.6959235668182373,7.910171007097233e-07,0.4657632112503052,0.63655024766922,-0.023967059329152107,0.529008686542511,0.5429797172546387,-0.047428034245967865,0.5920156240463257,0.4967110753059387,-0.07183238118886948,0.6527600884437561,0.46826207637786865,-0.0988016426563263,0.4535427391529083,0.3886074423789978,-0.04094409570097923,0.4856094717979431,0.27212899923324585,-0.0788351371884346,0.5115203261375427,0.20064596831798553,-0.10647925734519958,0.5385031700134277,0.13794049620628357,-0.12664474546909332,0.4214136600494385,0.3976660370826721,-0.056015744805336,0.44935235381126404,0.2653648853302002,-0.09143894910812378,0.4838908016681671,0.1898791790008545,-0.11535300314426422,0.5174618363380432,0.12360960245132446,-0.13270659744739532,0.39040157198905945,0.43277594447135925,-0.07507000118494034,0.413221538066864,0.2962813973426819,-0.11226426064968109,0.4467560350894928,0.21822687983512878,-0.13213734328746796,0.4794371426105499,0.14924350380897522,-0.14460088312625885,0.36328941583633423,0.4874374568462372,-0.09620252996683121,0.3795629143714905,0.3870629370212555,-0.13175609707832336,0.4017392694950104,0.3166859745979309,-0.1486622393131256,0.4255351722240448,0.2526969313621521,-0.15947377681732178
0.401564359664917,0.6856817007064819,7.66613993619103e-07,0.46902137994766235,0.6267674565315247,-0.02256535179913044,0.5307741761207581,0.5335290431976318,-0.04509621486067772,0.5899809002876282,0.48522838950157166,-0.06929154694080353,0.648758053779602,0.4512596130371094,-0.09534485638141632,0.44638800621032715,0.37775540351867676,-0.03407662361860275,0.4748311936855316,0.2672666013240814,-0.07167353481054306,0.504363477230072,0.20119963586330414,-0.10039815306663513,0.5372065305709839,0.1439191997051239,-0.12115642428398132,0.41322195529937744,0.3859941363334656,-0.04953490570187569,0.43502289056777954,0.2578960657119751,-0.08421526104211807,0.4733530879020691,0.19020724296569824,-0.10837489366531372,0.5148212313652039,0.13346028327941895,-0.12598678469657898,0.38437801599502563,0.41913846135139465,-0.06945836544036865,0.4009915888309479,0.28593042492866516,-0.10590682923793793,0.43822383880615234,0.21330013871192932,-0.1249699518084526,0.4789295792579651,0.15406152606010437,-0.13655036687850952,0.362260639667511,0.4704463481903076,-0.09168399125337601,0.3769455552101135,0.3678796589374542,-0.12520942091941833,0.3993973731994629,0.29601097106933594,-0.14157222211360931,0.4254189133644104,0.23454754054546356,-0.15219859778881073
0.39419350028038025,0.6914795637130737,7.083213517944387e-07,0.46399909257888794,0.6236615180969238,-0.011219763197004795,0.5246803760528564,0.5238437056541443,-0.03324636444449425,0.5832552909851074,0.47133955359458923,-0.05995696410536766,0.6424510478973389,0.43291184306144714,-0.08883532136678696,0.428188681602478,0.3799276649951935,-0.026989655569195747,0.4550684690475464,0.26508671045303345,-0.06475139409303665,0.4986761510372162,0.21714307367801666,-0.09347794204950333,0.5431975722312927,0.1883922964334488,-0.11287613958120346,0.39687180519104004,0.3934849202632904,-0.048359550535678864,0.412356972694397,0.25311586260795593,-0.08737560361623764,0.4712737202644348,0.20603026449680328,-0.11340537667274475,0.5286217331886292,0.19299688935279846,-0.1295403689146042,0.3713996410369873,0.4283393323421478,-0.0726926401257515,0.3761831820011139,0.2822449803352356,-0.10814432799816132,0.4288390576839447,0.22867894172668457,-0.12571744620800018,0.48226746916770935,0.20243573188781738,-0.13538901507854462,0.35599055886268616,0.4779042601585388,-0.09849178045988083,0.367022842168808,0.37044277787208557,-0.13039711117744446,0.3987654447555542,0.30163538455963135,-0.146137073636055,0.4342018961906433,0.2543272376060486,-0.15567275881767273
0.3908379077911377,0.6876280307769775,6.757261417078553e-07,0.4618613123893738,0.6199764609336853,-0.010147717781364918,0.5208132863044739,0.5189787149429321,-0.032847922295331955,0.5796372890472412,0.4641413688659668,-0.06052102521061897,0.6390450596809387,0.4255700707435608,-0.09038779884576797,0.4212243854999542,0.37445688247680664,-0.030748683959245682,0.45064619183540344,0.2558808922767639,-0.06943150609731674,0.4978135824203491,0.21201109886169434,-0.0983557403087616,0.5454928874969482,0.19037467241287231,-0.11798447370529175,0.39078646898269653,0.38941773772239685,-0.05307378992438316,0.4081328809261322,0.2410733699798584,-0.09511168301105499,0.47181209921836853,0.20203828811645508,-0.12346991151571274,0.5320571660995483,0.20023730397224426,-0.14055652916431427,0.3668571710586548,0.42479604482650757,-0.07756499946117401,0.3714126944541931,0.2751493752002716,-0.11426597833633423,0.42910894751548767,0.22700555622577667,-0.13390281796455383,0.4858916699886322,0.20908880233764648,-0.14491553604602814,0.3531484007835388,0.47412630915641785,-0.10322555154561996,0.3628729581832886,0.3646405041217804,-0.13537199795246124,0.39593228697776794,0.29622310400009155,-0.15253634750843048,0.4327254891395569,0.2510216534137726,-0.16340479254722595
0.38893792033195496,0.6825903654098511,6.615400138798577e-07,0.4611075818538666,0.6124428510665894,-0.008649633266031742,0.5196723341941833,0.5106377601623535,-0.030473828315734863,0.5780615210533142,0.4545283913612366,-0.057559411972761154,0.6371956467628479,0.41541942954063416,-0.0867520123720169,0.42066600918769836,0.36845287680625916,-0.027267685160040855,0.45243746042251587,0.2537979185581207,-0.06547316163778305,0.5008745789527893,0.2113015055656433,-0.0945822075009346,0.5491886734962463,0.19099849462509155,-0.11435569077730179,0.39040979743003845,0.38237056136131287,-0.049807772040367126,0.40965208411216736,0.23706430196762085,-0.09178806841373444,0.4746320843696594,0.20082150399684906,-0.12025903165340424,0.5351128578186035,0.20116747915744781,-0.1373419463634491,0.3660784065723419,0.41616079211235046,-0.07451357692480087,0.3706452548503876,0.268112450838089,-0.11168552190065384,0.4293607175350189,0.2228214293718338,-0.13188683986663818,0.4864526689052582,0.2076038122177124,-0.1431197226047516,0.351837158203125,0.46398812532424927,-0.1002083346247673,0.36166852712631226,0.3582206070423126,-0.13276439905166626,0.39574092626571655,0.2934230864048004,-0.15034382045269012,0.4333467483520508,0.25044742226600647,-0.16141508519649506
0.3899007737636566,0.6755577325820923,6.698010110994801e-07,0.462039977312088,0.6048334836959839,-0.008526640012860298,0.5216250419616699,0.502985954284668,-0.030263973399996758,0.5807136297225952,0.4481606185436249,-0.05741927772760391,0.6403988003730774,0.411125123500824,-0.08659534901380539,0.420812726020813,0.3602026402950287,-0.025639064610004425,0.4535137712955475,0.2464536428451538,-0.06306132674217224,0.5027615427970886,0.20493432879447937,-0.09194087982177734,0.5514003038406372,0.185684472322464,-0.1114652156829834,0.39004915952682495,0.37417635321617126,-0.047812484204769135,0.40856799483299255,0.22891247272491455,-0.08838151395320892,0.47293180227279663,0.1925361454486847,-0.1159294918179512,0.5331177115440369,0.19297972321510315,-0.13232535123825073,0.3661513030529022,0.4081818163394928,-0.072174072265625,0.371463418006897,0.25843411684036255,-0.10807454586029053,0.4309065341949463,0.21408654749393463,-0.127084419131279,0.4885798990726471,0.20003218948841095,-0.13723084330558777,0.3533192276954651,0.45634734630584717,-0.0976027175784111,0.3652969002723694,0.34855109453201294,-0.1285357028245926,0.3998492360115051,0.28347933292388916,-0.1447242647409439,0.4375339150428772,0.2410183548927307,-0.1545877456665039
0.3881317377090454,0.6804351806640625,7.452213139913511e-07,0.46387845277786255,0.6106057167053223,-0.010515904054045677,0.5310612320899963,0.5045464634895325,-0.03457499295473099,0.5907467603683472,0.44517701864242554,-0.0635225921869278,0.6457501649856567,0.39485642313957214,-0.09412185847759247,0.4194774925708771,0.3540380597114563,-0.02608741819858551,0.4656195640563965,0.23935799300670624,-0.06450293213129044,0.5171465277671814,0.1945614218711853,-0.09508805721998215,0.5683528184890747,0.17341603338718414,-0.11543793976306915,0.38772153854370117,0.3682091236114502,-0.04713524505496025,0.4262758195400238,0.2166946530342102,-0.09085406363010406,0.49286675453186035,0.18259768187999725,-0.12214353680610657,0.5555528402328491,0.18677154183387756,-0.13947947323322296,0.36625170707702637,0.4009268581867218,-0.07009652256965637,0.38918977975845337,0.2477845996618271,-0.10672980546951294,0.4513866901397705,0.2015700489282608,-0.12848959863185883,0.5115487575531006,0.1873561590909958,-0.13962455093860626,0.35969048738479614,0.4498160779476166,-0.09402197599411011,0.38600587844848633,0.3384722173213959,-0.12175111472606659,0.4243176579475403,0.2744637429714203,-0.13691098988056183,0.46416863799095154,0.23395061492919922,-0.14607295393943787
0.38479098677635193,0.6807650327682495,7.127733283596172e-07,0.4630258083343506,0.6054654717445374,-0.00676483241841197,0.5300190448760986,0.5057964324951172,-0.031518060714006424,0.5881304144859314,0.4484212398529053,-0.062026139348745346,0.6418634057044983,0.3942530155181885,-0.09422387182712555,0.4179345667362213,0.35309287905693054,-0.027064809575676918,0.46061813831329346,0.2338753044605255,-0.06618880480527878,0.512283980846405,0.18869322538375854,-0.0971781387925148,0.5633411407470703,0.16838835179805756,-0.11795521527528763,0.38621872663497925,0.369039386510849,-0.0513441301882267,0.4210983216762543,0.21434298157691956,-0.09376432001590729,0.4880865216255188,0.17684689164161682,-0.12508858740329742,0.5512045621871948,0.17830893397331238,-0.14424538612365723,0.36641159653663635,0.40325894951820374,-0.07707996666431427,0.39038386940956116,0.24903151392936707,-0.11230617761611938,0.4536764323711395,0.20061339437961578,-0.13376936316490173,0.5142613053321838,0.1846884936094284,-0.1465463787317276,0.36198553442955017,0.45292797684669495,-0.10351202636957169,0.3880161941051483,0.34190571308135986,-0.13078898191452026,0.4253402352333069,0.2748754322528839,-0.14605796337127686,0.46359187364578247,0.23086236417293549,-0.1563386619091034
0.3859971761703491,0.7015526294708252,6.64344270262518e-07,0.4618360102176666,0.6244155168533325,-0.005635215435177088,0.5258151888847351,0.5249261856079102,-0.028933098539710045,0.5781927704811096,0.46818971633911133,-0.057963237166404724,0.6241936087608337,0.4070492088794708,-0.08890742808580399,0.41952475905418396,0.3734261989593506,-0.029061315581202507,0.45870256423950195,0.2548272907733917,-0.07029673457145691,0.5082568526268005,0.20415069162845612,-0.1020701602101326,0.5585731267929077,0.1790989637374878,-0.12322471290826797,0.38684210181236267,0.38907182216644287,-0.054887060075998306,0.41449591517448425,0.2335137575864792,-0.09958009421825409,0.4807746708393097,0.192112997174263,-0.13252201676368713,0.5444487929344177,0.19007320702075958,-0.152922123670578,0.36546456813812256,0.4247579276561737,-0.0822153240442276,0.381663054227829,0.27088630199432373,-0.12122642993927002,0.4422420859336853,0.21822530031204224,-0.14596737921237946,0.5018913149833679,0.19977256655693054,-0.16087357699871063,0.3593641519546509,0.4758226275444031,-0.10980705171823502,0.3817932605743408,0.3645434081554413,-0.1419335901737213,0.4177866578102112,0.2956608533859253,-0.16074633598327637,0.456294447183609,0.25074902176856995,-0.17332318425178528
0.3858070373535156,0.7011025547981262,6.675082886431483e-07,0.46201395988464355,0.6251370310783386,-0.007276302203536034,0.5262937545776367,0.525295615196228,-0.030925365164875984,0.5795114040374756,0.46765756607055664,-0.05998256430029869,0.6270142793655396,0.40740537643432617,-0.09091069549322128,0.4205639064311981,0.3731662631034851,-0.029482997953891754,0.4597938060760498,0.25435569882392883,-0.07049380242824554,0.5087547302246094,0.20350034534931183,-0.10219814628362656,0.5583508610725403,0.17844651639461517,-0.12335186451673508,0.3885592818260193,0.3889894485473633,-0.05424982309341431,0.4157775938510895,0.23417064547538757,-0.09895849227905273,0.48059022426605225,0.1928585171699524,-0.13191984593868256,0.5425012111663818,0.19117049872875214,-0.1522364467382431,0.3670271635055542,0.4252506196498871,-0.08065957576036453,0.3822575807571411,0.27316489815711975,-0.11906957626342773,0.44171178340911865,0.2210065722465515,-0.14317739009857178,0.4998720586299896,0.20242182910442352,-0.15773612260818481,0.35955366492271423,0.4772976040840149,-0.10757295787334442,0.3802846074104309,0.36694732308387756,-0.13906560838222504,0.4148254096508026,0.29713118076324463,-0.1575767546892166,0.4517805874347687,0.2504705786705017,-0.16998706758022308
0.38762933015823364,0.702574610710144,6.776335794711486e-07,0.46428126096725464,0.6245917677879333,-0.007342619355767965,0.5264437198638916,0.525616466999054,-0.031156228855252266,0.5782511234283447,0.469088613986969,-0.0608532652258873,0.6257853507995605,0.4072010815143585,-0.09256919473409653,0.42341724038124084,0.37434136867523193,-0.0283806249499321,0.4600127339363098,0.2553517818450928,-0.06920669227838516,0.5080702304840088,0.2053486406803131,-0.10102106630802155,0.5570707321166992,0.18023595213890076,-0.12248963117599487,0.390775203704834,0.3893498480319977,-0.053690195083618164,0.41792410612106323,0.23610468208789825,-0.09783592820167542,0.48227959871292114,0.194355770945549,-0.13145199418067932,0.544269323348999,0.19213517010211945,-0.15281841158866882,0.36784088611602783,0.4253354072570801,-0.08085918426513672,0.38239800930023193,0.2730379104614258,-0.11963319778442383,0.4406973421573639,0.2208227664232254,-0.14488783478736877,0.4988452196121216,0.20299813151359558,-0.16049331426620483,0.35831454396247864,0.47723716497421265,-0.10853955894708633,0.3790827989578247,0.3662695586681366,-0.14075109362602234,0.4133210778236389,0.29603078961372375,-0.16012217104434967,0.45057350397109985,0.25036779046058655,-0.17329289019107819
0.3870379328727722,0.7050081491470337,6.747550855834561e-07,0.4636215269565582,0.6230900287628174,-0.005734746344387531,0.5245077610015869,0.5252687335014343,-0.029696935787796974,0.5752121806144714,0.469921737909317,-0.0599544458091259,0.6218076944351196,0.40796512365341187,-0.092283695936203,0.4187781810760498,0.3766772747039795,-0.027298852801322937,0.456363707780838,0.2580467462539673,-0.0690186619758606,0.5055435299873352,0.20830057561397552,-0.10186776518821716,0.5560662746429443,0.18446874618530273,-0.12398391962051392,0.3867292106151581,0.392826646566391,-0.05385713651776314,0.41507914662361145,0.23765966296195984,-0.09925846010446548,0.48030269145965576,0.19697625935077667,-0.13427968323230743,0.5430700778961182,0.19652055203914642,-0.15633627772331238,0.36531734466552734,0.4288632869720459,-0.08207216113805771,0.3817026913166046,0.2758890688419342,-0.12091211974620819,0.44134384393692017,0.22275713086128235,-0.14692461490631104,0.5002480149269104,0.2049528956413269,-0.16304542124271393,0.3582775592803955,0.4805961549282074,-0.11067556589841843,0.3790888786315918,0.369535893201828,-0.14228218793869019,0.41398903727531433,0.29991284012794495,-0.1615094691514969,0.4519045054912567,0.2547818422317505,-0.17467771470546722
0.38595083355903625,0.704695999622345,6.713364086863294e-07,0.46300479769706726,0.6223465204238892,-0.005987735465168953,0.5239688754081726,0.5255292057991028,-0.030162008479237556,0.5732852816581726,0.4702606499195099,-0.060696132481098175,0.6178054809570312,0.40745168924331665,-0.0933377593755722,0.41954663395881653,0.37664058804512024,-0.027485378086566925,0.457148015499115,0.25747013092041016,-0.06911981105804443,0.5074365139007568,0.20774400234222412,-0.10209887474775314,0.5581926107406616,0.1830866038799286,-0.1241779699921608,0.38759928941726685,0.3922777771949768,-0.05360185354948044,0.41330599784851074,0.23721350729465485,-0.09866093844175339,0.47984257340431213,0.19665151834487915,-0.13381487131118774,0.5431516170501709,0.1964629590511322,-0.15591254830360413,0.3662715554237366,0.4280831813812256,-0.08129396289587021,0.37978097796440125,0.2753780484199524,-0.11957885324954987,0.44084712862968445,0.22259332239627838,-0.1459198296070099,0.5009641051292419,0.20622649788856506,-0.1621595174074173,0.35979318618774414,0.47967052459716797,-0.10939178615808487,0.37943530082702637,0.3680780827999115,-0.1400052011013031,0.4153170585632324,0.298611581325531,-0.15896356105804443,0.4541572630405426,0.25464704632759094,-0.1719857156276703
0.3859069049358368,0.7030621767044067,6.152385481072997e-07,0.4630391597747803,0.6238822340965271,-0.006303668022155762,0.523726761341095,0.5257547497749329,-0.028119675815105438,0.5715301632881165,0.4692879319190979,-0.05603019893169403,0.6149182319641113,0.4061114192008972,-0.08585841208696365,0.4249061942100525,0.37459418177604675,-0.0232480987906456,0.4592960476875305,0.2588125467300415,-0.062101248651742935,0.5066799521446228,0.21203115582466125,-0.09320984780788422,0.554889976978302,0.19015657901763916,-0.11423368752002716,0.3921722173690796,0.3883330523967743,-0.04815817251801491,0.415462464094162,0.23895785212516785,-0.09072735905647278,0.4784919321537018,0.2003171741962433,-0.12405677139759064,0.5392026305198669,0.20103083550930023,-0.14510133862495422,0.3680168688297272,0.4230506420135498,-0.07507732510566711,0.3771807849407196,0.2726980745792389,-0.11269481480121613,0.433772474527359,0.2212279886007309,-0.13835975527763367,0.49116945266723633,0.2048342078924179,-0.15420377254486084,0.35641515254974365,0.4739792048931122,-0.1024693176150322,0.37303557991981506,0.3644489049911499,-0.1343730241060257,0.4068213999271393,0.29616785049438477,-0.1540348082780838,0.44478899240493774,0.2530990242958069,-0.1672854870557785
0.38593584299087524,0.70048987865448,6.832021313130099e-07,0.46206843852996826,0.6244240403175354,-0.009433547034859657,0.5219662189483643,0.5273513793945312,-0.033159829676151276,0.5715245008468628,0.47229549288749695,-0.06264891475439072,0.6096614599227905,0.40694183111190796,-0.09394465386867523,0.41716015338897705,0.3754372000694275,-0.02702793851494789,0.4524456262588501,0.2554841637611389,-0.06790970265865326,0.5020192861557007,0.20644278824329376,-0.10076267272233963,0.5522957444190979,0.18356722593307495,-0.12253959476947784,0.38543879985809326,0.3892641067504883,-0.05055877938866615,0.4127127528190613,0.2362903505563736,-0.09528208523988724,0.478579580783844,0.19711442291736603,-0.13117358088493347,0.540984034538269,0.19963711500167847,-0.15334674715995789,0.36355865001678467,0.42276307940483093,-0.0761115625500679,0.37732523679733276,0.27071523666381836,-0.11331608146429062,0.437773197889328,0.21708382666110992,-0.14059780538082123,0.4972991943359375,0.20105552673339844,-0.15731793642044067,0.3554007112979889,0.4728151559829712,-0.10244852304458618,0.37336528301239014,0.3618861138820648,-0.13252893090248108,0.4082076847553253,0.29262906312942505,-0.15221215784549713,0.446701318025589,0.25058823823928833,-0.16547437012195587
0.3888361155986786,0.7033759355545044,6.450226806009596e-07,0.4631851613521576,0.6221776008605957,-0.005562170408666134,0.5212651491165161,0.5291922092437744,-0.028305739164352417,0.5658092498779297,0.47686657309532166,-0.05754060298204422,0.597547173500061,0.41194966435432434,-0.0884954184293747,0.4175044000148773,0.3765988051891327,-0.023387905210256577,0.4518161714076996,0.25834420323371887,-0.06424593925476074,0.5020697116851807,0.20978236198425293,-0.09752975404262543,0.5522864460945129,0.18545958399772644,-0.11960556358098984,0.38497114181518555,0.3911084830760956,-0.049177929759025574,0.40883275866508484,0.2387779802083969,-0.09291329979896545,0.4761633574962616,0.19876086711883545,-0.12816593050956726,0.5397656559944153,0.1982191503047943,-0.15035927295684814,0.36332881450653076,0.42447954416275024,-0.07680971920490265,0.37758761644363403,0.27373313903808594,-0.11376770585775375,0.44072097539901733,0.22198781371116638,-0.14007854461669922,0.5016307830810547,0.2060914933681488,-0.15632538497447968,0.35716450214385986,0.47471556067466736,-0.10497675091028214,0.3763386607170105,0.36591851711273193,-0.1347094476222992,0.41319775581359863,0.3007645905017853,-0.15311962366104126,0.45282667875289917,0.26029375195503235,-0.16555441915988922
0.3954252302646637,0.6933543682098389,6.106996011112642e-07,0.46733754873275757,0.6208981275558472,-0.007908418774604797,0.5232948064804077,0.5281278491020203,-0.029149284586310387,0.5665666460990906,0.47485873103141785,-0.0560869462788105,0.598821759223938,0.41101065278053284,-0.08470499515533447,0.4293285310268402,0.36955738067626953,-0.023098604753613472,0.4500785768032074,0.24913282692432404,-0.06112275272607803,0.49621376395225525,0.2025594562292099,-0.09200044721364975,0.5424414873123169,0.18054425716400146,-0.11233100295066833,0.39699429273605347,0.3829454183578491,-0.04652399942278862,0.4076352119445801,0.23218868672847748,-0.08610609173774719,0.4712407886981964,0.18938352167606354,-0.11841446161270142,0.5312584042549133,0.18830347061157227,-0.13911306858062744,0.3716265857219696,0.4166574478149414,-0.07209783792495728,0.3754185140132904,0.26851367950439453,-0.10626467317342758,0.4346385598182678,0.21510306000709534,-0.1301209032535553,0.49216026067733765,0.19818702340126038,-0.14509452879428864,0.3567233681678772,0.46786510944366455,-0.09855195879936218,0.3662336468696594,0.36005398631095886,-0.12844282388687134,0.4011439383029938,0.29355114698410034,-0.14608293771743774,0.439565509557724,0.25365179777145386,-0.15760326385498047
0.3996981978416443,0.6964450478553772,6.467450361924421e-07,0.46926796436309814,0.6243525147438049,-0.013037043623626232,0.5267060399055481,0.5291924476623535,-0.03509465605020523,0.5737466216087341,0.47206175327301025,-0.06132925674319267,0.6129533052444458,0.40811827778816223,-0.08897926658391953,0.4347147047519684,0.3726293742656708,-0.025838810950517654,0.4647020399570465,0.25346529483795166,-0.06453954428434372,0.514244019985199,0.21364843845367432,-0.09519684314727783,0.5621894598007202,0.19647429883480072,-0.11487257480621338,0.40351513028144836,0.38408714532852173,-0.04534753039479256,0.41836297512054443,0.23759202659130096,-0.08444388955831528,0.4808562695980072,0.19829653203487396,-0.11393161863088608,0.5391098856925964,0.1978079080581665,-0.13199393451213837,0.3771090507507324,0.41854095458984375,-0.06760549545288086,0.38084596395492554,0.27264779806137085,-0.10164093971252441,0.43732956051826477,0.22236494719982147,-0.12098564952611923,0.49208033084869385,0.2052011489868164,-0.13193967938423157,0.35743921995162964,0.4711548089981079,-0.09141562134027481,0.35996001958847046,0.3642071783542633,-0.12234055250883102,0.3935636281967163,0.29777705669403076,-0.13785402476787567,0.43243056535720825,0.25629377365112305,-0.14661331474781036
0.400352418422699,0.692176342010498,6.911010927979078e-07,0.47033268213272095,0.6241592168807983,-0.017201241105794907,0.5270628929138184,0.5268502831459045,-0.04103824123740196,0.5815415382385254,0.4685385227203369,-0.06864945590496063,0.6307106614112854,0.4092724025249481,-0.09822771698236465,0.43747618794441223,0.367392361164093,-0.0312810093164444,0.46267613768577576,0.24543671309947968,-0.07239113003015518,0.5088887214660645,0.2015763223171234,-0.10436587035655975,0.5562024712562561,0.18213056027889252,-0.12428256869316101,0.40584444999694824,0.3777299225330353,-0.049368053674697876,0.41204553842544556,0.23271408677101135,-0.08850812911987305,0.4688429534435272,0.18886417150497437,-0.11677516996860504,0.5257760882377625,0.18885205686092377,-0.13365624845027924,0.37726327776908875,0.4136894643306732,-0.07069110125303268,0.36690160632133484,0.2731018364429474,-0.10393288731575012,0.4154828190803528,0.21940505504608154,-0.12082280218601227,0.4682394862174988,0.20291197299957275,-0.12981019914150238,0.3543086051940918,0.46814537048339844,-0.09424291551113129,0.34285154938697815,0.361104816198349,-0.12447967380285263,0.3705366849899292,0.2936227023601532,-0.13808755576610565,0.40715646743774414,0.2543747127056122,-0.1451222002506256
0.39824190735816956,0.6949787139892578,7.143698894651607e-07,0.4684140682220459,0.6283180713653564,-0.020085493102669716,0.5257359147071838,0.5299859046936035,-0.04471470043063164,0.5811333060264587,0.47245657444000244,-0.07236213237047195,0.6318812370300293,0.4172367453575134,-0.10224533081054688,0.43698596954345703,0.3740940988063812,-0.03463238850235939,0.46053051948547363,0.2540929913520813,-0.0757932960987091,0.5025882720947266,0.20497369766235352,-0.10804270952939987,0.5475723743438721,0.17383164167404175,-0.12933224439620972,0.4043112099170685,0.3858400583267212,-0.05149684473872185,0.41740331053733826,0.2444170117378235,-0.09089797735214233,0.47062918543815613,0.19667783379554749,-0.11982296407222748,0.5255780816078186,0.18239417672157288,-0.13850750029087067,0.3745605945587158,0.42228245735168457,-0.07189265638589859,0.37471646070480347,0.28222060203552246,-0.10626552999019623,0.4196609854698181,0.22604618966579437,-0.12504495680332184,0.46915557980537415,0.19919463992118835,-0.13630977272987366,0.35028666257858276,0.47623831033706665,-0.09464704245328903,0.3483293652534485,0.3699537515640259,-0.1252744495868683,0.3744770288467407,0.301072359085083,-0.14027008414268494,0.40786099433898926,0.2543519139289856,-0.14953255653381348
0.3984336853027344,0.6877281665802002,7.57450322907971e-07,0.46733370423316956,0.6236597299575806,-0.023303652182221413,0.5253018736839294,0.5266276597976685,-0.04803885892033577,0.583396315574646,0.4715685248374939,-0.07484934478998184,0.6387706398963928,0.4244922995567322,-0.10342151671648026,0.4407310485839844,0.3701753616333008,-0.03312794119119644,0.4693715572357178,0.2575283348560333,-0.07424841821193695,0.5050479173660278,0.20220382511615753,-0.10636197030544281,0.5455238819122314,0.1562555432319641,-0.12850996851921082,0.40968456864356995,0.3792750835418701,-0.04855452477931976,0.4332979917526245,0.25109490752220154,-0.08487602323293686,0.4757826030254364,0.19069309532642365,-0.11002041399478912,0.5226163864135742,0.14632147550582886,-0.12785814702510834,0.3801375925540924,0.41426482796669006,-0.0689038559794426,0.3943338394165039,0.2824857831001282,-0.10358693450689316,0.4320405125617981,0.21400479972362518,-0.12000471353530884,0.4751880168914795,0.16020384430885315,-0.13034097850322723,0.35521745681762695,0.46877866983413696,-0.09207566827535629,0.36147287487983704,0.36773157119750977,-0.12267930805683136,0.38248687982559204,0.29613983631134033,-0.1361577808856964,0.4096381962299347,0.2356410026550293,-0.14491035044193268
0.3946470618247986,0.6855460405349731,7.368597039203451e-07,0.465864896774292,0.6249538064002991,-0.022209100425243378,0.5240169763565063,0.5267664194107056,-0.046307969838380814,0.582129180431366,0.470784068107605,-0.07249510288238525,0.63824063539505,0.4241543412208557,-0.10068204998970032,0.44105473160743713,0.36853328347206116,-0.03568530082702637,0.46816572546958923,0.2563852369785309,-0.07650887966156006,0.5017804503440857,0.198699489235878,-0.10791593044996262,0.540789008140564,0.1511269509792328,-0.13020135462284088,0.40885844826698303,0.378316730260849,-0.052287060767412186,0.4298464357852936,0.24835297465324402,-0.08966793119907379,0.47215527296066284,0.1859816163778305,-0.1154053658246994,0.5187788009643555,0.13935238122940063,-0.13387517631053925,0.3795855641365051,0.4149654507637024,-0.0734485313296318,0.3931710720062256,0.2807363271713257,-0.1103639230132103,0.43092358112335205,0.20929643511772156,-0.12907105684280396,0.47348451614379883,0.15161257982254028,-0.14105869829654694,0.35709935426712036,0.4708726108074188,-0.09699945896863937,0.36805903911590576,0.3695138096809387,-0.13033267855644226,0.3884061872959137,0.29587486386299133,-0.14648665487766266,0.41328126192092896,0.23181484639644623,-0.1573898196220398
0.3933768570423126,0.6831142902374268,7.640882131454418e-07,0.46331706643104553,0.62408047914505,-0.022606467828154564,0.5238545536994934,0.5264765620231628,-0.04693080484867096,0.5828431844711304,0.47092658281326294,-0.07290495187044144,0.6403864026069641,0.42714235186576843,-0.10108590871095657,0.4382713735103607,0.37198540568351746,-0.040116988122463226,0.4660150408744812,0.25931572914123535,-0.08121658116579056,0.49868300557136536,0.19423866271972656,-0.1122007966041565,0.5349492430686951,0.13873547315597534,-0.13410139083862305,0.40603572130203247,0.38111740350723267,-0.056994497776031494,0.42753419280052185,0.24819527566432953,-0.09408196061849594,0.46886932849884033,0.17783716320991516,-0.11946345120668411,0.5125820636749268,0.12070897221565247,-0.1379048377275467,0.3782027065753937,0.4170331060886383,-0.07814934849739075,0.39289242029190063,0.27921441197395325,-0.1159481331706047,0.4302557706832886,0.20145663619041443,-0.13558711111545563,0.4711168706417084,0.13717597723007202,-0.1480417400598526,0.35826361179351807,0.4712291955947876,-0.10149277001619339,0.3708106279373169,0.3664727210998535,-0.13578912615776062,0.39153239130973816,0.29035091400146484,-0.15242815017700195,0.41580143570899963,0.22389544546604156,-0.16355901956558228
0.39547714591026306,0.6851929426193237,7.253442504406848e-07,0.46607592701911926,0.6240702271461487,-0.020541826263070107,0.5251867175102234,0.5251151323318481,-0.04444160312414169,0.584405779838562,0.47057658433914185,-0.0707462802529335,0.6427645087242126,0.42712610960006714,-0.0992106944322586,0.4391191303730011,0.3725112974643707,-0.0373646542429924,0.46201980113983154,0.25853845477104187,-0.0785478949546814,0.4961278736591339,0.19866478443145752,-0.10925313830375671,0.5358963012695312,0.15193766355514526,-0.13078951835632324,0.406874418258667,0.38364964723587036,-0.05566953867673874,0.42637667059898376,0.2492721676826477,-0.09385479241609573,0.4710809290409088,0.18441028892993927,-0.1197471097111702,0.518989086151123,0.13804343342781067,-0.13798730075359344,0.3794141709804535,0.42117661237716675,-0.07821343094110489,0.39243340492248535,0.2825448513031006,-0.11576072871685028,0.4329790472984314,0.20913651585578918,-0.13480758666992188,0.47764405608177185,0.15224117040634155,-0.14673802256584167,0.36046695709228516,0.47672271728515625,-0.10293660312891006,0.37150925397872925,0.3704093396663666,-0.13617689907550812,0.3935232162475586,0.2934490442276001,-0.15228109061717987,0.4199940860271454,0.22846302390098572,-0.1631930023431778
0.3927619159221649,0.694805383682251,5.77606101614947e-07,0.46262893080711365,0.6300871968269348,-0.01142591517418623,0.5170168280601501,0.5416631698608398,-0.0335969403386116,0.5625598430633545,0.4945165514945984,-0.0612383671104908,0.5742693543434143,0.4334496259689331,-0.09080107510089874,0.4308049976825714,0.3764975368976593,-0.024356087669730186,0.4527486264705658,0.2528936266899109,-0.06363286077976227,0.5018287301063538,0.21648094058036804,-0.09718189388513565,0.5501732230186462,0.20598410069942474,-0.11948142945766449,0.4021996557712555,0.3887847661972046,-0.04674215987324715,0.4150577187538147,0.236115962266922,-0.0887603834271431,0.47943517565727234,0.20140212774276733,-0.1268824189901352,0.5389529466629028,0.20796364545822144,-0.1515890657901764,0.37689951062202454,0.42112261056900024,-0.07134193927049637,0.3843362629413605,0.271027147769928,-0.10484553128480911,0.445136696100235,0.2236013263463974,-0.13212063908576965,0.5017525553703308,0.21144920587539673,-0.15006980299949646,0.359535276889801,0.47228363156318665,-0.09727101773023605,0.3664758801460266,0.3639994263648987,-0.1254345029592514,0.3991386592388153,0.2945705056190491,-0.14479315280914307,0.43593165278434753,0.24942289292812347,-0.158688485622406
0.39020559191703796,0.6861209869384766,5.822934099342092e-07,0.4639767110347748,0.6137776374816895,-0.009925773367285728,0.5206299424171448,0.5194686651229858,-0.03410625085234642,0.5727925896644592,0.4658607840538025,-0.06407228112220764,0.6198694705963135,0.4051629304885864,-0.09657115489244461,0.429465651512146,0.3664183020591736,-0.028144054114818573,0.4540061056613922,0.24580118060112,-0.06937531381845474,0.5031634569168091,0.2095077782869339,-0.1029377430677414,0.5529950857162476,0.19713860750198364,-0.12553538382053375,0.4008767008781433,0.38099655508995056,-0.05178801342844963,0.4147285521030426,0.23151914775371552,-0.0945095419883728,0.47662484645843506,0.19472406804561615,-0.1301577091217041,0.5345626473426819,0.19544284045696259,-0.15356215834617615,0.3771931231021881,0.4165209233760834,-0.07744759321212769,0.38141539692878723,0.26999491453170776,-0.11289279907941818,0.43811675906181335,0.22026528418064117,-0.13741044700145721,0.4925905168056488,0.20355254411697388,-0.15320804715156555,0.36213159561157227,0.46881207823753357,-0.10420551896095276,0.36662042140960693,0.3593176007270813,-0.13386757671833038,0.3984386920928955,0.28885209560394287,-0.15164297819137573,0.43470901250839233,0.24255448579788208,-0.16402684152126312
0.38389378786087036,0.6893354058265686,6.707518309667648e-07,0.4586150646209717,0.6173896193504333,-0.012391600757837296,0.518137514591217,0.5170681476593018,-0.03870184347033501,0.5736638307571411,0.4598572850227356,-0.07039105892181396,0.626798689365387,0.40112748742103577,-0.10432633757591248,0.4185488522052765,0.370247483253479,-0.028590792790055275,0.4471840262413025,0.2481890767812729,-0.06947313994169235,0.4988509714603424,0.20698750019073486,-0.10311289876699448,0.5501310229301453,0.1891939342021942,-0.126180961728096,0.3904590904712677,0.3845708966255188,-0.051997873932123184,0.4099693298339844,0.22838498651981354,-0.09887433052062988,0.47923141717910767,0.19564755260944366,-0.13677279651165009,0.5414185523986816,0.20472806692123413,-0.15983708202838898,0.3679650127887726,0.4183467626571655,-0.07734595984220505,0.3740766942501068,0.2648806571960449,-0.11512835323810577,0.4401127099990845,0.21724377572536469,-0.14092481136322021,0.5015733242034912,0.2051139622926712,-0.15640492737293243,0.3542063236236572,0.46911439299583435,-0.10392719507217407,0.3605532646179199,0.35884812474250793,-0.1340138167142868,0.39742082357406616,0.29021090269088745,-0.15234027802944183,0.43692612648010254,0.24695011973381042,-0.16483592987060547
0.28147003054618835,0.5182116627693176,5.189430112295668e-07,0.3429678976535797,0.5685072541236877,0.012395236641168594,0.39323845505714417,0.5805395245552063,0.02101934887468815,0.4371970295906067,0.6024725437164307,0.021074213087558746,0.4732931852340698,0.6305317282676697,0.021216057240962982,0.4139503836631775,0.4340514540672302,0.06434736400842667,0.46244528889656067,0.40911152958869934,0.0695602297782898,0.5010566115379333,0.4019431471824646,0.062354352325201035,0.5339778065681458,0.4016670882701874,0.05475521832704544,0.4102018177509308,0.41356560587882996,0.04657229408621788,0.46788638830184937,0.38329699635505676,0.04953586310148239,0.5145727396011353,0.3823515772819519,0.03788808733224869,0.5509998202323914,0.3956557810306549,0.0280609168112278,0.40312016010284424,0.398478239774704,0.024006133899092674,0.464583158493042,0.36886894702911377,0.01989017054438591,0.5129749774932861,0.37531253695487976,0.008031186647713184,0.5501875877380371,0.3909180462360382,-8.589707431383431e-05,0.395815372467041,0.39147114753723145,0.0005906920414417982,0.45582056045532227,0.37635675072669983,-0.005488864146173,0.4969586730003357,0.3833698630332947,-0.010682960040867329,0.5321613550186157,0.39722681045532227,-0.014503645710647106
0.2826814651489258,0.5216389298439026,5.10961115196551e-07,0.3442777395248413,0.5716826319694519,0.0089259697124362,0.3957790732383728,0.5847163796424866,0.01518286019563675,0.4391503632068634,0.6085394620895386,0.013640728779137135,0.47488927841186523,0.6370878219604492,0.011957253329455853,0.41735196113586426,0.4421825408935547,0.055345211178064346,0.4660104513168335,0.4158862233161926,0.056949682533741,0.5047796368598938,0.4079286456108093,0.04818867892026901,0.5383961796760559,0.40707287192344666,0.03979727253317833,0.41303396224975586,0.4220159351825714,0.038545142859220505,0.4714812636375427,0.3920322060585022,0.03833414241671562,0.5187873840332031,0.39056918025016785,0.025692975148558617,0.556564211845398,0.40291398763656616,0.015323388390243053,0.40476396679878235,0.4068014919757843,0.0169847272336483,0.46633481979370117,0.377728670835495,0.009993980638682842,0.5155067443847656,0.381966233253479,-0.0030220355838537216,0.5541368722915649,0.39556872844696045,-0.011690737679600716,0.39562031626701355,0.3984026312828064,-0.00550485635176301,0.4540151059627533,0.3821362853050232,-0.013868519105017185,0.4949023425579071,0.38770222663879395,-0.020064635202288628,0.5300648212432861,0.40020519495010376,-0.024421706795692444
0.28627559542655945,0.5197412371635437,5.115680892231467e-07,0.34922850131988525,0.5707141757011414,0.010808308608829975,0.39960822463035583,0.5826816558837891,0.018366530537605286,0.4432713985443115,0.6057528853416443,0.017488490790128708,0.47932371497154236,0.6342619061470032,0.016486408188939095,0.420644074678421,0.43977874517440796,0.06046508625149727,0.468347430229187,0.4137987494468689,0.06317780911922455,0.5069872140884399,0.4064025282859802,0.054525721818208694,0.5406133532524109,0.4060300290584564,0.04607202112674713,0.41684359312057495,0.41872769594192505,0.04279017075896263,0.47501108050346375,0.38881784677505493,0.04327058047056198,0.5223451852798462,0.3892632722854614,0.030606897547841072,0.5600734949111938,0.403116375207901,0.020252810791134834,0.40888354182243347,0.4027579724788666,0.020167768001556396,0.4707910418510437,0.3743053674697876,0.013163743540644646,0.5202466249465942,0.38055920600891113,4.118256038054824e-05,0.5590295791625977,0.39539140462875366,-0.008551133796572685,0.4003269076347351,0.3936208486557007,-0.003260144032537937,0.4592859447002411,0.3790355324745178,-0.011653044261038303,0.5010207295417786,0.3846724033355713,-0.01791345700621605,0.537814736366272,0.3967784643173218,-0.022317171096801758
0.29095369577407837,0.5151598453521729,5.530880571313901e-07,0.34553906321525574,0.5627055764198303,-0.007269393652677536,0.3997342884540558,0.5815092325210571,-0.009486405178904533,0.44588667154312134,0.6041844487190247,-0.015317450277507305,0.48310500383377075,0.6313754320144653,-0.02070547454059124,0.4244363307952881,0.4430992007255554,0.028923625126481056,0.474320650100708,0.4202970862388611,0.02023630030453205,0.5134652256965637,0.4154601991176605,0.0066594816744327545,0.5485544204711914,0.41435864567756653,-0.0035360034089535475,0.42090192437171936,0.4215638041496277,0.019858792424201965,0.47921374440193176,0.39662331342697144,0.01377661619335413,0.5232399106025696,0.39084720611572266,0.00124012038577348,0.561926007270813,0.39255979657173157,-0.008610233664512634,0.4107246696949005,0.40201932191848755,0.0055113742128014565,0.4712887704372406,0.37626999616622925,-0.003915722947567701,0.5162082314491272,0.3703184127807617,-0.012918621301651001,0.5538479685783386,0.3704693913459778,-0.018515856936573982,0.39604663848876953,0.38499945402145386,-0.011138410307466984,0.44956642389297485,0.364737868309021,-0.01919463649392128,0.4872506260871887,0.3581022322177887,-0.022260082885622978,0.5215654373168945,0.3550644814968109,-0.02422202005982399
0.28407779335975647,0.48365628719329834,5.603445742963231e-07,0.33638331294059753,0.53097003698349,-0.012746811844408512,0.3890719413757324,0.5532896518707275,-0.01641896180808544,0.4353833794593811,0.5735495090484619,-0.02244793437421322,0.47470027208328247,0.5934467315673828,-0.02700851485133171,0.41170892119407654,0.4122125804424286,0.027588050812482834,0.4590074121952057,0.38756388425827026,0.019166169688105583,0.49634405970573425,0.3832473158836365,0.0054967403411865234,0.529308021068573,0.38422566652297974,-0.004178828559815884,0.407149076461792,0.389251172542572,0.022759104147553444,0.4612767994403839,0.364801287651062,0.016611039638519287,0.5026447176933289,0.36221978068351746,0.0038534614723175764,0.5394794940948486,0.37094053626060486,-0.005781929008662701,0.3982519805431366,0.36864280700683594,0.012155535630881786,0.4542243480682373,0.34576141834259033,0.0024083827156573534,0.49713096022605896,0.34462863206863403,-0.006926508154720068,0.5329494476318359,0.35359516739845276,-0.011998714879155159,0.38654041290283203,0.35055840015411377,-0.0012027975171804428,0.43971431255340576,0.3330341577529907,-0.009805585257709026,0.4775855243206024,0.3316987454891205,-0.013462635688483715,0.5113984942436218,0.3380621671676636,-0.014964910224080086
0.2734598219394684,0.5414104461669922,5.754649805567169e-07,0.3550807535648346,0.5649341344833374,0.041698671877384186,0.40503039956092834,0.5568896532058716,0.05990055948495865,0.4511273205280304,0.5548867583274841,0.06103389710187912,0.4963199496269226,0.5462965965270996,0.0600590705871582,0.3870958685874939,0.40999218821525574,0.11521760374307632,0.43167844414711,0.37980329990386963,0.13514602184295654,0.4714553952217102,0.37391817569732666,0.13154549896717072,0.5027253031730652,0.37560462951660156,0.12396024912595749,0.3774286210536957,0.3878876864910126,0.08094172924757004,0.4317764937877655,0.3490244746208191,0.09546972066164017,0.4788435399532318,0.35096701979637146,0.08049175888299942,0.5136237144470215,0.3741927146911621,0.06624492257833481,0.36932671070098877,0.37308430671691895,0.04291994497179985,0.42697036266326904,0.3366087079048157,0.05158906802535057,0.47850292921066284,0.3473655879497528,0.04155954346060753,0.5157926082611084,0.3690999150276184,0.03107977844774723,0.36499056220054626,0.3723573386669159,0.005309796892106533,0.4246065616607666,0.3428431749343872,0.008893292397260666,0.46867597103118896,0.3492870032787323,0.007493645418435335,0.5045405626296997,0.36404407024383545,0.004027395509183407
0.2740326523780823,0.5799622535705566,5.542519261325651e-07,0.3327069878578186,0.5978954434394836,-0.02007635310292244,0.40175196528434753,0.5817634463310242,-0.02991940826177597,0.4547686278820038,0.5854035019874573,-0.039856359362602234,0.49786391854286194,0.5936196446418762,-0.04986829683184624,0.4035724699497223,0.43934187293052673,-0.006599070504307747,0.4462994337081909,0.39376527070999146,-0.02443050779402256,0.47993534803390503,0.3685152232646942,-0.0415169931948185,0.5120795369148254,0.3502052426338196,-0.054180655628442764,0.382360577583313,0.4185921251773834,-0.010716852732002735,0.4320797026157379,0.36933255195617676,-0.026644326746463776,0.4709184467792511,0.34811145067214966,-0.041294485330581665,0.51059889793396,0.3354695439338684,-0.05210867151618004,0.356219083070755,0.4105779528617859,-0.019132539629936218,0.4079919159412384,0.36553341150283813,-0.03841201588511467,0.448210209608078,0.34552204608917236,-0.04980231076478958,0.48760583996772766,0.3333503305912018,-0.05633125826716423,0.3268306851387024,0.41151148080825806,-0.03006366640329361,0.3735843598842621,0.3767659664154053,-0.04899229854345322,0.40874916315078735,0.3592168390750885,-0.05704788491129875,0.44360432028770447,0.34756219387054443,-0.061332087963819504
0.28399571776390076,0.577534019947052,5.384469545788306e-07,0.34314754605293274,0.6007022261619568,-0.019452853128314018,0.4119485020637512,0.5872541666030884,-0.027761394158005714,0.4652891457080841,0.590287446975708,-0.036231763660907745,0.5074844360351562,0.5996758937835693,-0.044812869280576706,0.41700980067253113,0.44653716683387756,-0.003724407870322466,0.4598380923271179,0.40214115381240845,-0.019654441624879837,0.4925343692302704,0.37634602189064026,-0.03564658761024475,0.5234209299087524,0.35553455352783203,-0.047992438077926636,0.39668989181518555,0.42459774017333984,-0.00765605503693223,0.4469548761844635,0.37892526388168335,-0.022547803819179535,0.48519009351730347,0.35803842544555664,-0.03698257729411125,0.5242522954940796,0.3431100845336914,-0.04772399365901947,0.37097710371017456,0.4146762788295746,-0.015893077477812767,0.42297232151031494,0.37323617935180664,-0.03471289947628975,0.4628739356994629,0.353248655796051,-0.046253178268671036,0.5018416047096252,0.33899199962615967,-0.05288005992770195,0.34137147665023804,0.41258886456489563,-0.02657415345311165,0.38894858956336975,0.38091373443603516,-0.04535140469670296,0.4239844083786011,0.36441880464553833,-0.053577542304992676,0.45855823159217834,0.352480947971344,-0.05802108347415924
0.2826954126358032,0.5790067315101624,5.509318725671619e-07,0.3439440131187439,0.5979041457176208,-0.02063157595694065,0.4115423262119293,0.5867265462875366,-0.030658118426799774,0.4637916684150696,0.5908429622650146,-0.04070824384689331,0.5065621733665466,0.5997639298439026,-0.050935301929712296,0.41478362679481506,0.44741299748420715,-0.006536539178341627,0.4591962695121765,0.40009447932243347,-0.02424660697579384,0.49198758602142334,0.37468424439430237,-0.04118536785244942,0.5233370661735535,0.35390082001686096,-0.05372784659266472,0.39399635791778564,0.4257757067680359,-0.010219810530543327,0.44364815950393677,0.37737828493118286,-0.025859367102384567,0.48081475496292114,0.3551117777824402,-0.040545232594013214,0.518868088722229,0.33904001116752625,-0.05156717449426651,0.3670837879180908,0.41499316692352295,-0.018283026292920113,0.4185382127761841,0.37044376134872437,-0.03719767555594444,0.4564441740512848,0.34909704327583313,-0.04848138615489006,0.49319422245025635,0.3342750668525696,-0.05508246272802353,0.33545053005218506,0.4117576479911804,-0.02889498881995678,0.380653977394104,0.3770204484462738,-0.04742496833205223,0.41485247015953064,0.36007797718048096,-0.05521930009126663,0.4487297236919403,0.3482134938240051,-0.059450309723615646
0.28194913268089294,0.5759896039962769,5.747406817135925e-07,0.34156760573387146,0.5960263013839722,-0.022097434848546982,0.410489559173584,0.5854958891868591,-0.031804922968149185,0.46349987387657166,0.5907121300697327,-0.04123114421963692,0.5061089396476746,0.6001683473587036,-0.050659794360399246,0.4148014485836029,0.44520851969718933,-0.005362621508538723,0.45802196860313416,0.4003915786743164,-0.022626303136348724,0.49055829644203186,0.37422341108322144,-0.03973055258393288,0.5220715403556824,0.35424932837486267,-0.052449654787778854,0.3926304578781128,0.4219256341457367,-0.008005782030522823,0.4408183693885803,0.3745427429676056,-0.02349109761416912,0.4779514968395233,0.3530699908733368,-0.03837896138429642,0.5173452496528625,0.33921462297439575,-0.04934512451291084,0.3648321330547333,0.41072356700897217,-0.0152588477358222,0.4147145748138428,0.36751416325569153,-0.03509372100234032,0.4529063403606415,0.3482647240161896,-0.04714992642402649,0.49162793159484863,0.3362788259983063,-0.05382306128740311,0.3328512907028198,0.40788912773132324,-0.025114180520176888,0.379016250371933,0.37684357166290283,-0.04463784769177437,0.41278374195098877,0.3622037470340729,-0.05289778113365173,0.44639283418655396,0.3534335792064667,-0.05710504576563835
0.2772020101547241,0.5647249221801758,5.805026717098372e-07,0.3371729254722595,0.584378719329834,-0.02176804468035698,0.40607136487960815,0.5720570087432861,-0.03141319006681442,0.45944082736968994,0.5766052603721619,-0.040850114077329636,0.5022997856140137,0.5853917002677917,-0.05034441128373146,0.4094712734222412,0.433439165353775,-0.005746765527874231,0.45301228761672974,0.38714930415153503,-0.02343759499490261,0.48613420128822327,0.3616045117378235,-0.040899552404880524,0.5183708071708679,0.34232422709465027,-0.0537860281765461,0.387736052274704,0.41031697392463684,-0.008582395501434803,0.437357097864151,0.36112913489341736,-0.023924075067043304,0.4753606915473938,0.3393460214138031,-0.03890548646450043,0.5154972672462463,0.32554829120635986,-0.05007532611489296,0.36001288890838623,0.39882534742355347,-0.016013743355870247,0.41133245825767517,0.3538209795951843,-0.035517629235982895,0.4506199061870575,0.3344629108905792,-0.047633908689022064,0.48989635705947876,0.3231421113014221,-0.054508429020643234,0.3280031979084015,0.39527401328086853,-0.02603910304605961,0.3746185898780823,0.3627099394798279,-0.04544061794877052,0.4087960124015808,0.34735122323036194,-0.05383985862135887,0.44274747371673584,0.3381502032279968,-0.058235906064510345
0.276073694229126,0.5696332454681396,5.78003835016716e-07,0.33453691005706787,0.5886861085891724,-0.023247988894581795,0.4038031995296478,0.5785620212554932,-0.03352636843919754,0.4567745625972748,0.582966148853302,-0.04321592301130295,0.49951666593551636,0.5857924222946167,-0.05251632258296013,0.4075794816017151,0.43763214349746704,-0.005606696009635925,0.4508638083934784,0.39090466499328613,-0.023430917412042618,0.48383772373199463,0.36767643690109253,-0.04101661965250969,0.5162676572799683,0.352874219417572,-0.05359073728322983,0.38532912731170654,0.4142859876155853,-0.007353656925261021,0.43246108293533325,0.3644323945045471,-0.0228083785623312,0.4701765775680542,0.3458526134490967,-0.037841424345970154,0.5098217725753784,0.33895596861839294,-0.04880094155669212,0.3573569059371948,0.4028901159763336,-0.013941009528934956,0.4066452085971832,0.3577805459499359,-0.033554527908563614,0.4450007379055023,0.3413986563682556,-0.045750197023153305,0.48392945528030396,0.335304856300354,-0.05253579840064049,0.32519057393074036,0.40010350942611694,-0.023219002410769463,0.37029677629470825,0.36913302540779114,-0.042665138840675354,0.403207391500473,0.35497596859931946,-0.0512361079454422,0.436058908700943,0.34807008504867554,-0.055622655898332596
0.2712980806827545,0.5673972964286804,5.579023536483874e-07,0.33001065254211426,0.5844357013702393,-0.020726213231682777,0.3981075882911682,0.5713287591934204,-0.030686823651194572,0.45158812403678894,0.5776185989379883,-0.04065806791186333,0.49451860785484314,0.5863257050514221,-0.05049048736691475,0.40046703815460205,0.43164339661598206,-0.005455681588500738,0.4438421130180359,0.3842761516571045,-0.022942904382944107,0.476298451423645,0.3606376349925995,-0.0402180552482605,0.5079330205917358,0.3427254259586334,-0.052908092737197876,0.3798810541629791,0.40943458676338196,-0.00897819921374321,0.4283479154109955,0.3590381145477295,-0.024056613445281982,0.4658886790275574,0.3385910391807556,-0.038295239210128784,0.504909098148346,0.3260493278503418,-0.048806000500917435,0.35290712118148804,0.39877235889434814,-0.01701156422495842,0.40298765897750854,0.3510410189628601,-0.03551178798079491,0.4414082169532776,0.3321104347705841,-0.04650337994098663,0.47893452644348145,0.3220047354698181,-0.05265337601304054,0.32154417037963867,0.39676421880722046,-0.02766955830156803,0.36665967106819153,0.36205142736434937,-0.04544191062450409,0.3991619646549225,0.3453037440776825,-0.05257038027048111,0.43051522970199585,0.3351729214191437,-0.05622050166130066
0.27096089720726013,0.5707215070724487,5.644811835736618e-07,0.3273930847644806,0.5905834436416626,-0.02079624868929386,0.3957770764827728,0.576263964176178,-0.031226176768541336,0.44942450523376465,0.5809611082077026,-0.04155409336090088,0.4925664961338043,0.5893185138702393,-0.05171053856611252,0.3969767391681671,0.4330635666847229,-0.007034432142972946,0.43941444158554077,0.38622981309890747,-0.02437606081366539,0.47261467576026917,0.3629136085510254,-0.04094264656305313,0.5047416687011719,0.3474430441856384,-0.05321278050541878,0.37595421075820923,0.4112089276313782,-0.010476193390786648,0.42408689856529236,0.3586592972278595,-0.025997597724199295,0.4628963768482208,0.3392142057418823,-0.03999194875359535,0.5021812319755554,0.330641508102417,-0.05036122724413872,0.3497602641582489,0.4026264548301697,-0.018302492797374725,0.4007844924926758,0.35425323247909546,-0.03725153207778931,0.441378653049469,0.3358820676803589,-0.04857785627245903,0.4809619188308716,0.32651710510253906,-0.05518275871872902,0.32070091366767883,0.4040628969669342,-0.028667395934462547,0.3675118684768677,0.37021130323410034,-0.04727338254451752,0.40191102027893066,0.35381385684013367,-0.05546768754720688,0.43522122502326965,0.34345629811286926,-0.060027431696653366
0.2678079903125763,0.5680350065231323,5.722807259189722e-07,0.32521066069602966,0.583663821220398,-0.020392972975969315,0.3930722773075104,0.5688801407814026,-0.031090160831809044,0.4464852809906006,0.5729665756225586,-0.042067546397447586,0.48997819423675537,0.5811751484870911,-0.05271215736865997,0.3913513123989105,0.4278073310852051,-0.0036348714493215084,0.43253302574157715,0.37674200534820557,-0.020914239808917046,0.4651123881340027,0.3531951308250427,-0.037791334092617035,0.4971109628677368,0.3397827446460724,-0.04989630728960037,0.36975565552711487,0.4071956276893616,-0.007293637376278639,0.41503992676734924,0.351530522108078,-0.022841021418571472,0.45380598306655884,0.33338087797164917,-0.03768344596028328,0.4927884340286255,0.329867422580719,-0.04832078889012337,0.3432542681694031,0.39830121397972107,-0.015523186884820461,0.39143106341362,0.3468116521835327,-0.03448783978819847,0.43121522665023804,0.330243319272995,-0.04640824720263481,0.47036394476890564,0.32552576065063477,-0.05315307527780533,0.3139839172363281,0.39891818165779114,-0.026275357231497765,0.35766586661338806,0.36337947845458984,-0.04453518986701965,0.39012017846107483,0.3473769426345825,-0.05261913314461708,0.42202430963516235,0.3386683464050293,-0.05695125833153725
0.2684515118598938,0.5726722478866577,5.370930580284039e-07,0.3271293640136719,0.5875189304351807,-0.017903730273246765,0.3937254846096039,0.571486234664917,-0.027322569862008095,0.44665104150772095,0.5747941732406616,-0.03752065449953079,0.4888531267642975,0.5841196179389954,-0.047522760927677155,0.3897455632686615,0.4281383752822876,-0.00133710156660527,0.42925888299942017,0.3723592162132263,-0.017548294737935066,0.4604279696941376,0.3450358510017395,-0.0335589200258255,0.4911573827266693,0.32664403319358826,-0.04520490765571594,0.36879611015319824,0.40920349955558777,-0.006032302509993315,0.41246548295021057,0.3494824171066284,-0.020510753616690636,0.4499127268791199,0.3268217444419861,-0.034538742154836655,0.48769181966781616,0.31707891821861267,-0.04473821818828583,0.3432922065258026,0.40168365836143494,-0.015075664035975933,0.389478862285614,0.3448740839958191,-0.032774828374385834,0.42788177728652954,0.3231215476989746,-0.044001542031764984,0.4652075171470642,0.31351256370544434,-0.0504249632358551,0.3148334324359894,0.40327709913253784,-0.02650410123169422,0.3564736545085907,0.36309996247291565,-0.04317808896303177,0.3874428868293762,0.3431794345378876,-0.05021689459681511,0.41764602065086365,0.3307330012321472,-0.05401836335659027
0.2659667432308197,0.571091890335083,5.521387151929957e-07,0.32325664162635803,0.5866327285766602,-0.018020858988165855,0.3923180401325226,0.5695205926895142,-0.02727319858968258,0.4459706246852875,0.5752721428871155,-0.037162140011787415,0.488461971282959,0.585330605506897,-0.04675706475973129,0.390621155500412,0.4247693419456482,-0.0017820980865508318,0.4302089512348175,0.37061530351638794,-0.017216511070728302,0.46156975626945496,0.344598650932312,-0.0327235646545887,0.49265509843826294,0.3286941647529602,-0.0441250242292881,0.3686676621437073,0.40450340509414673,-0.006340868305414915,0.41244563460350037,0.3443637490272522,-0.020082585513591766,0.4501726031303406,0.3231498599052429,-0.03365045040845871,0.4881168007850647,0.31669342517852783,-0.04359523206949234,0.34239092469215393,0.39714592695236206,-0.015232328325510025,0.38939714431762695,0.33977797627449036,-0.03273012489080429,0.42865169048309326,0.3203500211238861,-0.04425852373242378,0.46678707003593445,0.31388652324676514,-0.05092066153883934,0.3139563798904419,0.3998054265975952,-0.026507915928959846,0.35760298371315,0.36017411947250366,-0.04354633390903473,0.3897498846054077,0.34148097038269043,-0.05129200592637062,0.42079466581344604,0.331204891204834,-0.0555826872587204
0.26413896679878235,0.5663478374481201,4.800986062036827e-07,0.32455405592918396,0.5787873268127441,-0.016637319698929787,0.39206671714782715,0.5669376254081726,-0.026829110458493233,0.4446026384830475,0.5698317885398865,-0.03857634961605072,0.4884240925312042,0.5717827677726746,-0.0499848797917366,0.38683953881263733,0.4217129051685333,0.0023180008865892887,0.42251572012901306,0.3650013208389282,-0.014726705849170685,0.4529023766517639,0.3468811810016632,-0.03213619068264961,0.48188623785972595,0.34322255849838257,-0.04430127888917923,0.365952730178833,0.400979220867157,-0.003204395528882742,0.4070712625980377,0.33438295125961304,-0.022364478558301926,0.44238942861557007,0.3265330493450165,-0.04096286743879318,0.47296974062919617,0.3418926000595093,-0.05252338945865631,0.34103354811668396,0.39174097776412964,-0.012844042852520943,0.38466382026672363,0.3265053629875183,-0.033020783215761185,0.4224180281162262,0.31840184330940247,-0.04728373885154724,0.4557371735572815,0.3302978277206421,-0.05461456626653671,0.3137405514717102,0.3932119905948639,-0.024623293429613113,0.3561188578605652,0.35031744837760925,-0.042805176228284836,0.389656662940979,0.33474084734916687,-0.05250806733965874,0.4207610487937927,0.33292311429977417,-0.05764273926615715
0.2658190131187439,0.5648884773254395,4.85125269733544e-07,0.32619163393974304,0.5758483409881592,-0.017197828739881516,0.39308464527130127,0.5638604760169983,-0.028080563992261887,0.44494882225990295,0.5625112056732178,-0.040435098111629486,0.48912471532821655,0.551195502281189,-0.05225424841046333,0.3877689242362976,0.4199835956096649,0.0018980082822963595,0.4244891405105591,0.3624156713485718,-0.01590694859623909,0.4566095173358917,0.34798291325569153,-0.03429212048649788,0.48612678050994873,0.34822604060173035,-0.04673822969198227,0.3670980632305145,0.39917415380477905,-0.0034859266597777605,0.4101177155971527,0.33000123500823975,-0.023302992805838585,0.44699904322624207,0.3257451057434082,-0.043278586119413376,0.4771285951137543,0.3457554578781128,-0.05552193149924278,0.34245169162750244,0.3898155987262726,-0.012978575192391872,0.3868006467819214,0.3230130970478058,-0.033376000821590424,0.42582887411117554,0.3177264928817749,-0.04868621751666069,0.45893457531929016,0.33355021476745605,-0.056662268936634064,0.31584596633911133,0.3915846347808838,-0.02455575205385685,0.35979169607162476,0.34866806864738464,-0.04287705197930336,0.3939329981803894,0.3350209593772888,-0.052942320704460144,0.4240674674510956,0.33627182245254517,-0.05818382278084755
0.26726892590522766,0.5663322806358337,4.868759333476191e-07,0.32909703254699707,0.5761419534683228,-0.01686500385403633,0.3955076038837433,0.5650597810745239,-0.027524638921022415,0.4465629458427429,0.562420666217804,-0.03992487117648125,0.4894939363002777,0.5466815233230591,-0.05184759944677353,0.3901895582675934,0.42162781953811646,0.0036981769371777773,0.427081823348999,0.3641980290412903,-0.014543399214744568,0.4596118927001953,0.35019540786743164,-0.03368091210722923,0.4893244504928589,0.35112085938453674,-0.04646025970578194,0.3701936602592468,0.4015042185783386,-0.001931940671056509,0.41423141956329346,0.3346637487411499,-0.022136924788355827,0.45152461528778076,0.33022236824035645,-0.04336428642272949,0.48200780153274536,0.3501768708229065,-0.056407324969768524,0.34596937894821167,0.39198172092437744,-0.011745254509150982,0.391019731760025,0.3283848762512207,-0.0319526232779026,0.4295406937599182,0.3225725591182709,-0.04783480614423752,0.46226561069488525,0.3376370072364807,-0.05617310479283333,0.31935420632362366,0.3933188021183014,-0.023682771250605583,0.36278027296066284,0.35084930062294006,-0.04146860912442207,0.3965544104576111,0.3360120356082916,-0.05147029086947441,0.4269636869430542,0.3363644480705261,-0.05663861706852913
0.271355539560318,0.5619502067565918,4.976833452019491e-07,0.33402660489082336,0.5722864866256714,-0.015507367439568043,0.39837563037872314,0.5620326399803162,-0.025431057438254356,0.44814595580101013,0.5571850538253784,-0.03737405315041542,0.48812854290008545,0.5341870188713074,-0.04890508949756622,0.3920217752456665,0.42185571789741516,0.005757717415690422,0.4297219514846802,0.3668936491012573,-0.011984718963503838,0.4630756974220276,0.35418573021888733,-0.030980035662651062,0.4931143522262573,0.3552021384239197,-0.0437525250017643,0.37288767099380493,0.40098801255226135,-0.0006234101601876318,0.4185240566730499,0.33583396673202515,-0.020778518170118332,0.4572291970252991,0.33389168977737427,-0.04218694567680359,0.4879763722419739,0.35521525144577026,-0.05529299005866051,0.349260151386261,0.39066219329833984,-0.011164371855556965,0.3956921100616455,0.3281460404396057,-0.031279902905225754,0.43631529808044434,0.32433146238327026,-0.04733413830399513,0.46991482377052307,0.3402489423751831,-0.05581500753760338,0.32329726219177246,0.3913681209087372,-0.023685557767748833,0.3673129975795746,0.348599910736084,-0.04163079708814621,0.40195247530937195,0.33567458391189575,-0.05173179879784584,0.4325025975704193,0.33767879009246826,-0.05698413401842117
0.2696820795536041,0.5661599636077881,4.92662763917906e-07,0.3320293724536896,0.5748161673545837,-0.016945376992225647,0.3979763388633728,0.5620329976081848,-0.027276692911982536,0.4481082558631897,0.5559275150299072,-0.039522621780633926,0.48909851908683777,0.5338985919952393,-0.051325734704732895,0.39120110869407654,0.4232851564884186,0.004569921642541885,0.4294959604740143,0.3683508038520813,-0.015205946750938892,0.46368610858917236,0.3582161068916321,-0.035829078406095505,0.4935339093208313,0.3642972409725189,-0.04927457496523857,0.37146636843681335,0.4032946527004242,-0.0013184023555368185,0.41705411672592163,0.33873093128204346,-0.02362045645713806,0.45505964756011963,0.3378269672393799,-0.04696454480290413,0.4852229952812195,0.36269378662109375,-0.06097646802663803,0.34743645787239075,0.3931087255477905,-0.01152532733976841,0.393798828125,0.3322087228298187,-0.032836977392435074,0.43331024050712585,0.328353613615036,-0.05018414556980133,0.46616172790527344,0.34635013341903687,-0.059307605028152466,0.3206188678741455,0.3936249315738678,-0.023871734738349915,0.36427780985832214,0.3525475859642029,-0.042717475444078445,0.3995937407016754,0.3387373685836792,-0.05395347625017166,0.43158793449401855,0.34086763858795166,-0.05984123423695564
0.27186959981918335,0.5660579204559326,4.795208496943815e-07,0.33520638942718506,0.5743860602378845,-0.014449924230575562,0.4010269045829773,0.5619999170303345,-0.02368473820388317,0.4510044455528259,0.5560768842697144,-0.03518271446228027,0.49067580699920654,0.5315611362457275,-0.046322405338287354,0.39370542764663696,0.42296546697616577,0.007708495948463678,0.4330035150051117,0.3731253147125244,-0.010091622360050678,0.4666004180908203,0.3651140034198761,-0.029504699632525444,0.4952918589115143,0.37170296907424927,-0.04237113893032074,0.3740287125110626,0.40257924795150757,0.0009873273083940148,0.4200457036495209,0.3405768871307373,-0.019789544865489006,0.457473486661911,0.3441389203071594,-0.04192855581641197,0.48630213737487793,0.37240833044052124,-0.055184505879879,0.3499097526073456,0.39181578159332275,-0.009822007268667221,0.39729535579681396,0.3315529227256775,-0.030254187062382698,0.4369794726371765,0.33250343799591064,-0.04679606854915619,0.46918004751205444,0.35410797595977783,-0.055405352264642715,0.32385656237602234,0.39199888706207275,-0.022494249045848846,0.3697385787963867,0.351270854473114,-0.04066162928938866,0.40488484501838684,0.3429880440235138,-0.05088690668344498,0.43558207154273987,0.3506263196468353,-0.05600358918309212
0.2712470293045044,0.560459315776825,5.136128038429888e-07,0.33361366391181946,0.5694138407707214,-0.015308724716305733,0.3989323377609253,0.5567676424980164,-0.025005647912621498,0.44846218824386597,0.5501173734664917,-0.03673361614346504,0.4883568286895752,0.5264030694961548,-0.048009008169174194,0.39218154549598694,0.4208241105079651,0.006579020991921425,0.4318280518054962,0.37093526124954224,-0.01107134111225605,0.4658460021018982,0.36231282353401184,-0.03017314337193966,0.49550992250442505,0.3665269911289215,-0.04305490478873253,0.3724280893802643,0.39966893196105957,0.0003652001032605767,0.4183845818042755,0.33757084608078003,-0.01997235044836998,0.4573974013328552,0.3415634334087372,-0.04132918640971184,0.4883553683757782,0.36841145157814026,-0.05437261238694191,0.3479119539260864,0.38826119899749756,-0.009981627576053143,0.39474090933799744,0.3275878429412842,-0.030620183795690536,0.4347895383834839,0.3304092288017273,-0.045980218797922134,0.4674164056777954,0.352777898311615,-0.053854770958423615,0.3212991952896118,0.38743025064468384,-0.02227930910885334,0.3663867115974426,0.3484950065612793,-0.04119225963950157,0.4021139144897461,0.3426673114299774,-0.05112059786915779,0.4329836368560791,0.351637065410614,-0.055954694747924805
0.2670566737651825,0.5635819435119629,4.813538794223859e-07,0.3294764757156372,0.5720297694206238,-0.01686604507267475,0.39510616660118103,0.5590778589248657,-0.028569666668772697,0.44507652521133423,0.5519003868103027,-0.04220306873321533,0.48497259616851807,0.5259153246879578,-0.055454567074775696,0.3898548483848572,0.42253124713897705,0.0014697038568556309,0.4316001832485199,0.37310487031936646,-0.018144764006137848,0.4650806784629822,0.3718758523464203,-0.03819940984249115,0.4926503002643585,0.383369505405426,-0.05175809562206268,0.3698510527610779,0.4016623795032501,-0.004473788198083639,0.4179562032222748,0.3386841118335724,-0.028228402137756348,0.4558402895927429,0.3517666459083557,-0.05192621424794197,0.4834325313568115,0.38574185967445374,-0.06602822989225388,0.3453909754753113,0.3904072344303131,-0.014191447757184505,0.3934110403060913,0.32697564363479614,-0.03684166073799133,0.43337178230285645,0.33951419591903687,-0.0532686784863472,0.4641774594783783,0.36929816007614136,-0.06165667995810509,0.3184531629085541,0.39080601930618286,-0.02582954242825508,0.3636080026626587,0.35352155566215515,-0.04574351757764816,0.4006567597389221,0.35111790895462036,-0.05684516578912735,0.432451456785202,0.361890584230423,-0.06269187480211258
0.2654348313808441,0.5642854571342468,4.5475562160390837e-07,0.32781657576560974,0.5725246667861938,-0.0175857562571764,0.39417633414268494,0.559390664100647,-0.02960628643631935,0.444576621055603,0.5519616603851318,-0.04351700842380524,0.48490020632743835,0.5261568427085876,-0.05708656832575798,0.38894784450531006,0.4250639081001282,-0.0006351165939122438,0.4306047856807709,0.3724690079689026,-0.021680619567632675,0.464061439037323,0.3747097849845886,-0.04265432432293892,0.4904212951660156,0.3910841941833496,-0.05637410283088684,0.36922556161880493,0.4050285220146179,-0.0061705708503723145,0.41710811853408813,0.33987540006637573,-0.0316123440861702,0.45410314202308655,0.3550732135772705,-0.05656074360013008,0.47912850975990295,0.391679972410202,-0.07099713385105133,0.34481996297836304,0.39394259452819824,-0.015354453586041927,0.39159372448921204,0.32800543308258057,-0.03852856159210205,0.4299084544181824,0.3422700762748718,-0.05553698167204857,0.4578115940093994,0.3745063245296478,-0.06397796422243118,0.3174470067024231,0.39403170347213745,-0.02652190625667572,0.361979603767395,0.35520628094673157,-0.046399202197790146,0.3992546498775482,0.35274064540863037,-0.05786581709980965,0.4305511713027954,0.3640369772911072,-0.06382925063371658
0.26663118600845337,0.564078152179718,4.4151181555207586e-07,0.32903853058815,0.5720189809799194,-0.017241375520825386,0.3952488303184509,0.5600814819335938,-0.02930324338376522,0.4448339641094208,0.5526825189590454,-0.04337933287024498,0.4841184616088867,0.5257805585861206,-0.05705862119793892,0.3888528645038605,0.4243408441543579,-0.0007146824500523508,0.4306114614009857,0.3708164691925049,-0.021956924349069595,0.4642445147037506,0.37639319896698,-0.04315556585788727,0.48929253220558167,0.39675766229629517,-0.05679407715797424,0.3689888119697571,0.4042426347732544,-0.006462959572672844,0.41723623871803284,0.3372151851654053,-0.03183163329958916,0.45400744676589966,0.35493284463882446,-0.05735117197036743,0.47694140672683716,0.39432963728904724,-0.07220408320426941,0.34475448727607727,0.393294095993042,-0.01572059653699398,0.3916390538215637,0.3269897699356079,-0.038431089371442795,0.4303118586540222,0.34399887919425964,-0.05599718913435936,0.4566374719142914,0.3794143795967102,-0.0649203509092331,0.31755033135414124,0.39405328035354614,-0.026924682781100273,0.3622007668018341,0.35438987612724304,-0.04631933197379112,0.4000864326953888,0.3524780571460724,-0.058049026876688004,0.4308170974254608,0.3653073012828827,-0.06430410593748093
0.26645609736442566,0.5633482933044434,4.334847858444846e-07,0.3293304145336151,0.5701526999473572,-0.016255665570497513,0.3949551582336426,0.5573831796646118,-0.027652805671095848,0.44449669122695923,0.5496302843093872,-0.041257575154304504,0.48362651467323303,0.5219799280166626,-0.054407574236392975,0.38971346616744995,0.4238303005695343,0.0015506588388234377,0.43189576268196106,0.37319549918174744,-0.019148264080286026,0.464858740568161,0.37887609004974365,-0.04005855694413185,0.48927798867225647,0.39921706914901733,-0.05347985774278641,0.37004509568214417,0.40339845418930054,-0.004408915061503649,0.4174804389476776,0.33825308084487915,-0.029388995841145515,0.45310238003730774,0.35533469915390015,-0.05431482568383217,0.47553741931915283,0.3941490054130554,-0.06856811791658401,0.3457285463809967,0.39224106073379517,-0.013949024491012096,0.3915700614452362,0.3258872628211975,-0.03642510995268822,0.42871803045272827,0.3419436514377594,-0.05308382958173752,0.4544411301612854,0.3767769932746887,-0.06121187284588814,0.31861618161201477,0.39263349771499634,-0.025405140593647957,0.36318403482437134,0.35326308012008667,-0.04453040286898613,0.40055420994758606,0.35135695338249207,-0.05552365630865097,0.4311407208442688,0.364370197057724,-0.06110592186450958
0.26801347732543945,0.5630896687507629,4.3345895051061234e-07,0.329745888710022,0.5705716609954834,-0.0171295665204525,0.39542683959007263,0.5566057562828064,-0.028604421764612198,0.4448804259300232,0.5477858781814575,-0.0420147180557251,0.48219534754753113,0.5173531770706177,-0.054741352796554565,0.3900350332260132,0.42278727889060974,0.0004980801022611558,0.4325070381164551,0.37235698103904724,-0.020308218896389008,0.4657217264175415,0.37953370809555054,-0.04120767489075661,0.48963606357574463,0.4016665816307068,-0.054483562707901,0.3705204129219055,0.40250110626220703,-0.00489565497264266,0.4183884561061859,0.33784303069114685,-0.030152523890137672,0.45429515838623047,0.3569180965423584,-0.05520190671086311,0.47626572847366333,0.3976599872112274,-0.0693533793091774,0.3464239537715912,0.3913578987121582,-0.013869172893464565,0.39280879497528076,0.32593679428100586,-0.03647950664162636,0.43030428886413574,0.3442184031009674,-0.053325094282627106,0.4557127058506012,0.3808889389038086,-0.061452992260456085,0.31958597898483276,0.3920941948890686,-0.024800555780529976,0.3644052743911743,0.3536863625049591,-0.04394466057419777,0.4019087553024292,0.3520981967449188,-0.05512890964746475,0.43231484293937683,0.3653850555419922,-0.060800950974226
0.2695223093032837,0.5634313821792603,4.53200868832937e-07,0.33107975125312805,0.5710800886154175,-0.016674600541591644,0.39676958322525024,0.5561866760253906,-0.027721645310521126,0.44675180315971375,0.5476250052452087,-0.040828950703144073,0.48563987016677856,0.5196555852890015,-0.05322633311152458,0.38969123363494873,0.42373502254486084,0.002953926334157586,0.43221956491470337,0.3757961392402649,-0.01732548326253891,0.46585243940353394,0.38330328464508057,-0.03806670755147934,0.49071452021598816,0.4046783149242401,-0.05146132409572601,0.3705863356590271,0.40297695994377136,-0.0024881374556571245,0.4195352792739868,0.3411153554916382,-0.027485914528369904,0.45612597465515137,0.3609464764595032,-0.052024904638528824,0.47944605350494385,0.40171656012535095,-0.06577862054109573,0.3470783829689026,0.3910931646823883,-0.011678103357553482,0.39510512351989746,0.32749637961387634,-0.03451626002788544,0.4333171844482422,0.3474656939506531,-0.05065498501062393,0.4597212076187134,0.3856329321861267,-0.058065060526132584,0.3213648498058319,0.3906307816505432,-0.02284880541265011,0.3671815097332001,0.3535681366920471,-0.0426076240837574,0.40431076288223267,0.3565276265144348,-0.05328929051756859,0.43425339460372925,0.3744284510612488,-0.05823257565498352
0.26459211111068726,0.5685217976570129,5.067551569482021e-07,0.326320081949234,0.577769935131073,-0.014172755181789398,0.39348694682121277,0.5647539496421814,-0.024627845734357834,0.4441182613372803,0.5590824484825134,-0.037458136677742004,0.4858579933643341,0.535944938659668,-0.04944555461406708,0.3879782557487488,0.42688170075416565,0.00827932357788086,0.4299798309803009,0.3840610086917877,-0.008904495276510715,0.4642537236213684,0.384056955575943,-0.027815155684947968,0.4919903874397278,0.39572277665138245,-0.04079156368970871,0.36902499198913574,0.4055442810058594,0.0017695139395073056,0.41780537366867065,0.35131126642227173,-0.01856103725731373,0.4559718370437622,0.363835871219635,-0.03935550898313522,0.4845890998840332,0.3964516818523407,-0.05188804864883423,0.34610652923583984,0.3937332034111023,-0.008770524524152279,0.3976304233074188,0.337480366230011,-0.02917190082371235,0.4375423192977905,0.35047298669815063,-0.04248874634504318,0.4690904915332794,0.3797043561935425,-0.049031905829906464,0.32184073328971863,0.3945462703704834,-0.021245986223220825,0.3722180426120758,0.3660864531993866,-0.04017695412039757,0.4099847972393036,0.36965203285217285,-0.049220845103263855,0.4418409764766693,0.38437527418136597,-0.053300414234399796
0.2592809498310089,0.5613366365432739,5.47198396816384e-07,0.31978175044059753,0.5717771053314209,-0.014123789966106415,0.3864533603191376,0.5592800378799438,-0.024235831573605537,0.43747639656066895,0.5554627776145935,-0.03662611171603203,0.4795767366886139,0.5356684923171997,-0.048210129141807556,0.37954431772232056,0.4206843674182892,0.009371796622872353,0.419516384601593,0.3746936619281769,-0.0063409204594790936,0.4546028673648834,0.36788564920425415,-0.024352852255105972,0.4847409725189209,0.37267059087753296,-0.03676825389266014,0.3602648973464966,0.3996635377407074,0.0030593518167734146,0.40583863854408264,0.340487003326416,-0.014848538674414158,0.44530820846557617,0.34621888399124146,-0.03398875147104263,0.4765051305294037,0.37348800897598267,-0.045797694474458694,0.3373979926109314,0.38822779059410095,-0.007350702304393053,0.3860768675804138,0.32946115732192993,-0.026326123625040054,0.4265507459640503,0.3361465036869049,-0.03872966393828392,0.45960837602615356,0.35978949069976807,-0.04481138661503792,0.3140575587749481,0.3889937400817871,-0.019731665030121803,0.36401742696762085,0.3573542535305023,-0.037141747772693634,0.4007212519645691,0.3571597635746002,-0.04473106935620308,0.4315769076347351,0.3685123324394226,-0.04791710153222084
0.26012831926345825,0.5617905855178833,5.281236212795193e-07,0.31927675008773804,0.5722006559371948,-0.015418165363371372,0.3861639201641083,0.5601946711540222,-0.026139941066503525,0.4367640018463135,0.5558159947395325,-0.03861454501748085,0.47793689370155334,0.5362967252731323,-0.050089623779058456,0.3796810507774353,0.4203377962112427,0.005020583979785442,0.42017126083374023,0.37388426065444946,-0.012010984122753143,0.45478272438049316,0.3678978681564331,-0.030065786093473434,0.48422080278396606,0.37417441606521606,-0.04225654527544975,0.3602410852909088,0.39918527007102966,-0.0005709269898943603,0.4065472185611725,0.3399743437767029,-0.019610555842518806,0.44599902629852295,0.3462514281272888,-0.038399506360292435,0.4767284691333771,0.3740592300891876,-0.04977669566869736,0.33708611130714417,0.38838475942611694,-0.01017018873244524,0.38641229271888733,0.32922887802124023,-0.030184201896190643,0.42695093154907227,0.3359578251838684,-0.04269558936357498,0.4599953591823578,0.3597479462623596,-0.048742860555648804,0.31296250224113464,0.3898169696331024,-0.021740706637501717,0.3615235686302185,0.3586159646511078,-0.040332596749067307,0.3982973098754883,0.3577258884906769,-0.04878536984324455,0.4297206401824951,0.368373304605484,-0.052442070096731186
0.2586703300476074,0.5628228187561035,5.188774707676203e-07,0.31921812891960144,0.5724126696586609,-0.015838688239455223,0.3855419158935547,0.5612524151802063,-0.027170028537511826,0.43577510118484497,0.5569429993629456,-0.04035405442118645,0.47710078954696655,0.5375944972038269,-0.05270565673708916,0.37884795665740967,0.42221498489379883,0.005257857032120228,0.4187769591808319,0.3757426142692566,-0.012007606215775013,0.4529823660850525,0.36887267231941223,-0.030707797035574913,0.482509046792984,0.3740389347076416,-0.04348808899521828,0.3597152829170227,0.40214747190475464,-0.0004427784006111324,0.40466681122779846,0.34222137928009033,-0.020240996032953262,0.4428526759147644,0.3476020097732544,-0.04028506577014923,0.4732514023780823,0.3749595880508423,-0.052529074251651764,0.33679673075675964,0.3912922739982605,-0.010169538669288158,0.38464125990867615,0.33210307359695435,-0.03037944808602333,0.42447030544281006,0.3379783034324646,-0.043661508709192276,0.45748111605644226,0.3613813519477844,-0.05027799308300018,0.3127981424331665,0.39232662320137024,-0.02193409949541092,0.36081719398498535,0.36100316047668457,-0.04002629220485687,0.39716410636901855,0.3589492440223694,-0.04856965318322182,0.42835599184036255,0.3685419261455536,-0.052536360919475555
0.2579208016395569,0.5632944107055664,5.274325189930096e-07,0.3179352581501007,0.5737776756286621,-0.014866731129586697,0.384707510471344,0.5618299841880798,-0.025160523131489754,0.43521225452423096,0.5574461221694946,-0.037378810346126556,0.4766753911972046,0.5378962159156799,-0.048739977180957794,0.37816286087036133,0.42272889614105225,0.006273353938013315,0.4175247848033905,0.3758978545665741,-0.010627246461808681,0.4521786570549011,0.3690284788608551,-0.028885481879115105,0.4820699691772461,0.37458720803260803,-0.041214343160390854,0.3585084080696106,0.40156829357147217,0.0003836461983155459,0.40294334292411804,0.3406772017478943,-0.01846458949148655,0.4421215057373047,0.3458711802959442,-0.03749433159828186,0.47310954332351685,0.37336933612823486,-0.049069974571466446,0.335191011428833,0.3907665014266968,-0.009520718827843666,0.3827708661556244,0.33116450905799866,-0.029303085058927536,0.422873854637146,0.3366162180900574,-0.042106375098228455,0.45576876401901245,0.3597870469093323,-0.048354919999837875,0.3112654387950897,0.392184853553772,-0.021393483504652977,0.35956454277038574,0.3601193428039551,-0.03976200893521309,0.3962211608886719,0.3586486279964447,-0.04826052859425545,0.4275730848312378,0.3691122233867645,-0.05197521299123764
0.2558126747608185,0.5622967481613159,5.370936833060114e-07,0.3159286677837372,0.5721650719642639,-0.014426841400563717,0.3823854625225067,0.5603993535041809,-0.024896571412682533,0.43253886699676514,0.557187557220459,-0.037518955767154694,0.47367095947265625,0.5385916233062744,-0.04938055947422981,0.37529438734054565,0.4208768904209137,0.007559421472251415,0.4137570261955261,0.37437704205513,-0.009121428243815899,0.44883793592453003,0.3668504059314728,-0.0276632122695446,0.4794412851333618,0.37170708179473877,-0.04021136462688446,0.35572245717048645,0.400768518447876,0.0012840913841500878,0.39916524291038513,0.3402559757232666,-0.017168421298265457,0.4385007917881012,0.34400492906570435,-0.036391161382198334,0.4698992371559143,0.37011533975601196,-0.048211485147476196,0.3326769471168518,0.39033395051956177,-0.009033357724547386,0.3798787295818329,0.3320234417915344,-0.028340227901935577,0.42048579454421997,0.3368223309516907,-0.040926530957221985,0.4538078010082245,0.3589446544647217,-0.047079578042030334,0.30919408798217773,0.3922927975654602,-0.021354060620069504,0.35806769132614136,0.3605949282646179,-0.03890165686607361,0.39471733570098877,0.35920795798301697,-0.046644993126392365,0.4256630539894104,0.36938366293907166,-0.04991701990365982
0.2563137114048004,0.5634470582008362,5.411836809798842e-07,0.31625986099243164,0.5738391876220703,-0.015017509460449219,0.3829302489757538,0.56217360496521,-0.025671735405921936,0.4328584671020508,0.5577380657196045,-0.038194119930267334,0.47329282760620117,0.5378800630569458,-0.04974794760346413,0.37515679001808167,0.4214138686656952,0.0053506894037127495,0.41443103551864624,0.37340259552001953,-0.011765867471694946,0.44933587312698364,0.3656114935874939,-0.02988453209400177,0.4794514775276184,0.37049975991249084,-0.04199004918336868,0.3556347191333771,0.4008050858974457,-0.00044287738273851573,0.40054476261138916,0.34007972478866577,-0.019574549049139023,0.4406484365463257,0.344646155834198,-0.03830420970916748,0.47201716899871826,0.37133195996284485,-0.04947461560368538,0.33248016238212585,0.3906349539756775,-0.010233987122774124,0.38013094663619995,0.3294777274131775,-0.030238376930356026,0.42068779468536377,0.3348112106323242,-0.042712580412626266,0.4536832869052887,0.3576485514640808,-0.04855578392744064,0.30881860852241516,0.39296308159828186,-0.02198035456240177,0.3568209409713745,0.3600955307483673,-0.040428027510643005,0.39350903034210205,0.35870224237442017,-0.04871388524770737,0.4247504472732544,0.3691768944263458,-0.05212462320923805
0.25685134530067444,0.5629262328147888,5.30302031620522e-07,0.3166874349117279,0.5723466277122498,-0.014071639627218246,0.3827672600746155,0.560795783996582,-0.02421700768172741,0.4326433837413788,0.5570268034934998,-0.03639134764671326,0.47272980213165283,0.538394570350647,-0.047630809247493744,0.374497652053833,0.4200017750263214,0.0071189189329743385,0.4134238064289093,0.3722516894340515,-0.009346319362521172,0.44812217354774475,0.3641811013221741,-0.027308939024806023,0.4782663583755493,0.3688828945159912,-0.03932651877403259,0.35493457317352295,0.4000842571258545,0.0010606100549921393,0.3990974724292755,0.339018315076828,-0.01721864566206932,0.4385432004928589,0.3423302173614502,-0.0357358418405056,0.4699402153491974,0.3680413067340851,-0.04700181260704994,0.3320353627204895,0.3898907005786896,-0.00898636132478714,0.3798375129699707,0.32985326647758484,-0.02835574746131897,0.4201984405517578,0.33391061425209045,-0.04099956154823303,0.4530949592590332,0.35580140352249146,-0.04713558405637741,0.3089144229888916,0.39160260558128357,-0.020919572561979294,0.3575398325920105,0.35911819338798523,-0.03873186558485031,0.3938159644603729,0.35783886909484863,-0.046785369515419006,0.42466551065444946,0.36826804280281067,-0.05015993118286133
0.25564074516296387,0.5626945495605469,5.245526040198456e-07,0.3155116140842438,0.5721721053123474,-0.014238820411264896,0.3819705545902252,0.5591278076171875,-0.024035753682255745,0.4323031008243561,0.5545693635940552,-0.03589792922139168,0.4730639159679413,0.536871075630188,-0.046765051782131195,0.3743724226951599,0.42138588428497314,0.008114524185657501,0.4134242534637451,0.3737529516220093,-0.0078120450489223,0.44752609729766846,0.3636157810688019,-0.02534143254160881,0.47743338346481323,0.3654976189136505,-0.03721833974123001,0.3555676341056824,0.4006580412387848,0.002213973319157958,0.4001493752002716,0.3412685692310333,-0.015920711681246758,0.4392430782318115,0.3435935080051422,-0.03417101502418518,0.4708513617515564,0.3672449290752411,-0.04515101760625839,0.3328894078731537,0.3893180191516876,-0.007805868983268738,0.3807585835456848,0.3281323313713074,-0.027322886511683464,0.42080092430114746,0.33115190267562866,-0.03991752490401268,0.4540003538131714,0.3519655466079712,-0.04586310684680939,0.3095605671405792,0.3893411159515381,-0.019734688103199005,0.3582243025302887,0.35644522309303284,-0.03755885362625122,0.3944031894207001,0.35440391302108765,-0.04562969505786896,0.42541345953941345,0.36438965797424316,-0.04898400604724884
0.2553654611110687,0.5611013174057007,5.21902848049649e-07,0.3153407871723175,0.5714902281761169,-0.014489433728158474,0.3828822076320648,0.560054361820221,-0.024077553302049637,0.43298032879829407,0.554979681968689,-0.035479553043842316,0.47286456823349,0.5347475409507751,-0.045758165419101715,0.3738555610179901,0.4202479124069214,0.007796584162861109,0.41280999779701233,0.37244802713394165,-0.007958893664181232,0.44679421186447144,0.3627960681915283,-0.02521350421011448,0.47625258564949036,0.36584150791168213,-0.03676632419228554,0.35460165143013,0.3993852734565735,0.0022516490425914526,0.39938515424728394,0.33963537216186523,-0.015601953491568565,0.4385247528553009,0.3428136110305786,-0.033499281853437424,0.46946749091148376,0.36767852306365967,-0.04419734328985214,0.3317561149597168,0.38833919167518616,-0.007418590597808361,0.3799717426300049,0.3276368975639343,-0.026699092239141464,0.4199933707714081,0.33143335580825806,-0.0390193946659565,0.45271021127700806,0.35282009840011597,-0.04481763765215874,0.30827951431274414,0.38908517360687256,-0.018991710618138313,0.3569628596305847,0.3565666377544403,-0.036661479622125626,0.39287614822387695,0.3543625771999359,-0.044597819447517395,0.4234171509742737,0.3637996315956116,-0.047879062592983246
0.25491178035736084,0.5615184307098389,5.227560109233309e-07,0.3154427111148834,0.5715746283531189,-0.014294477179646492,0.3828775882720947,0.559752345085144,-0.02365485578775406,0.4333953559398651,0.5546956062316895,-0.03496355563402176,0.4737327992916107,0.5354107022285461,-0.045246709138154984,0.3738323748111725,0.4210294485092163,0.009433772414922714,0.4122593402862549,0.3729681074619293,-0.005742641165852547,0.4459894001483917,0.3620350658893585,-0.022992581129074097,0.475557804107666,0.36393553018569946,-0.03457259386777878,0.35434630513191223,0.4006807804107666,0.0037609536666423082,0.39857491850852966,0.3403971493244171,-0.013462004251778126,0.4372851848602295,0.34176740050315857,-0.03135982155799866,0.46873870491981506,0.36530783772468567,-0.0421280637383461,0.3314823508262634,0.3894128203392029,-0.006107034627348185,0.37939998507499695,0.3288469910621643,-0.024849819019436836,0.4193388521671295,0.33072036504745483,-0.03729703277349472,0.4524008631706238,0.35096344351768494,-0.043205905705690384,0.3082161545753479,0.3894442915916443,-0.01793111115694046,0.3575352132320404,0.3558589518070221,-0.03509434685111046,0.3930511772632599,0.35366493463516235,-0.042677972465753555,0.42294472455978394,0.36382782459259033,-0.045702338218688965
0.2541559934616089,0.5603196620941162,5.331556280907535e-07,0.31432342529296875,0.5700714588165283,-0.014047561213374138,0.3809463083744049,0.5587225556373596,-0.02397812344133854,0.4310634136199951,0.5542810559272766,-0.036004871129989624,0.4723881483078003,0.5366547107696533,-0.04708288982510567,0.3728616535663605,0.41843557357788086,0.008876708336174488,0.4110061228275299,0.3700333833694458,-0.006508301943540573,0.4446205496788025,0.35888534784317017,-0.023790184408426285,0.4743737280368805,0.3603469729423523,-0.035483356565237045,0.35331088304519653,0.39785248041152954,0.0028770333155989647,0.39741387963294983,0.33698582649230957,-0.014297989197075367,0.4362986087799072,0.33691489696502686,-0.032144155353307724,0.4683656096458435,0.3588435649871826,-0.043013278394937515,0.3303956687450409,0.38702985644340515,-0.00723343575373292,0.37783172726631165,0.32605430483818054,-0.0261932834982872,0.4185253977775574,0.3279813528060913,-0.0387757234275341,0.4526132643222809,0.3481979966163635,-0.044798389077186584,0.307268887758255,0.38795074820518494,-0.0192318856716156,0.3565884828567505,0.3544933497905731,-0.036760326474905014,0.39274880290031433,0.35335037112236023,-0.04452423378825188,0.4234309196472168,0.36451271176338196,-0.047612227499485016
0.2539204955101013,0.5582360029220581,5.470790256367764e-07,0.31338974833488464,0.5678229331970215,-0.015234513208270073,0.37950417399406433,0.5565682053565979,-0.026103146374225616,0.42964574694633484,0.5529645085334778,-0.038720618933439255,0.47145602107048035,0.5371904373168945,-0.050311822444200516,0.3705725073814392,0.41579675674438477,0.0057454719208180904,0.40943652391433716,0.366414338350296,-0.01035099383443594,0.443328857421875,0.3541913330554962,-0.027488719671964645,0.47303062677383423,0.3545263707637787,-0.03897423669695854,0.3510638475418091,0.39509978890419006,0.0002822323876898736,0.3953058421611786,0.3330698311328888,-0.016701022163033485,0.43488940596580505,0.3306766152381897,-0.03357618674635887,0.46706393361091614,0.3500351905822754,-0.04394051060080528,0.3281670808792114,0.3850366473197937,-0.009300165809690952,0.3756674826145172,0.3236948251724243,-0.027985306456685066,0.41691720485687256,0.3236282169818878,-0.03949131816625595,0.45121854543685913,0.3411997854709625,-0.044981058686971664,0.30502474308013916,0.3871571123600006,-0.020882708951830864,0.3532128632068634,0.35366782546043396,-0.03828923776745796,0.3897385001182556,0.3504562973976135,-0.045636825263500214,0.4206872880458832,0.35894477367401123,-0.048518747091293335
0.25201863050460815,0.5583542585372925,5.354649488253926e-07,0.3116450905799866,0.5680012702941895,-0.01498456485569477,0.3788316547870636,0.5564303398132324,-0.024761812761425972,0.4293898940086365,0.5535473227500916,-0.03620631992816925,0.4712129235267639,0.5392536520957947,-0.04667431488633156,0.3698747158050537,0.4148191511631012,0.0074860937893390656,0.4084824025630951,0.36531364917755127,-0.00802742037922144,0.441665381193161,0.35145288705825806,-0.02503262460231781,0.4720408320426941,0.3503344655036926,-0.03645690158009529,0.35012590885162354,0.39483556151390076,0.0019835170824080706,0.3936699628829956,0.3328298330307007,-0.01383746787905693,0.4326012432575226,0.3267518877983093,-0.030487358570098877,0.46629247069358826,0.34250256419181824,-0.041048433631658554,0.3268400728702545,0.3851040005683899,-0.007748408243060112,0.37350794672966003,0.32528096437454224,-0.02603168971836567,0.4144579768180847,0.32236868143081665,-0.037875305861234665,0.4498196840286255,0.3375551402568817,-0.043690137565135956,0.30303487181663513,0.3867262601852417,-0.019500840455293655,0.3503902554512024,0.3518219590187073,-0.03658334165811539,0.3855868875980377,0.34781569242477417,-0.043528251349925995,0.41590064764022827,0.35570642352104187,-0.04617207497358322
0.25154340267181396,0.5538422465324402,5.34783225702995e-07,0.31162142753601074,0.5632224678993225,-0.014839185401797295,0.37832871079444885,0.5522217154502869,-0.024022260680794716,0.42882734537124634,0.5500819683074951,-0.03491201996803284,0.470217764377594,0.5364804267883301,-0.04486595839262009,0.3685323894023895,0.41273367404937744,0.009059073403477669,0.40611106157302856,0.36176514625549316,-0.005796738434582949,0.438909649848938,0.3458925485610962,-0.022736243903636932,0.4691621661186218,0.34269383549690247,-0.03418906778097153,0.3494219183921814,0.39272230863571167,0.0035384343937039375,0.3929385244846344,0.3311353623867035,-0.012109410017728806,0.4319899082183838,0.3235955238342285,-0.029348580166697502,0.4654880166053772,0.3385354280471802,-0.04020407050848007,0.3262355327606201,0.38258954882621765,-0.006241450551897287,0.3726200759410858,0.32455945014953613,-0.023950567469000816,0.4138546884059906,0.31910842657089233,-0.03647788614034653,0.44962215423583984,0.3322531282901764,-0.04274327680468559,0.3021838665008545,0.38332507014274597,-0.0180674958974123,0.3484508991241455,0.34693408012390137,-0.034242182970047,0.3828291594982147,0.34020403027534485,-0.04109320044517517,0.4126276969909668,0.34624403715133667,-0.04378967732191086
0.24923661351203918,0.5534001588821411,5.422920708042511e-07,0.3070839047431946,0.5639023780822754,-0.015591850504279137,0.3744787275791168,0.5509233474731445,-0.024696724489331245,0.42605480551719666,0.5503866076469421,-0.03513959422707558,0.46817660331726074,0.5383714437484741,-0.04480252414941788,0.3674881160259247,0.40894585847854614,0.006725380662828684,0.40677449107170105,0.35964709520339966,-0.007029701489955187,0.4386245012283325,0.34166741371154785,-0.022805731743574142,0.4696512222290039,0.33481234312057495,-0.03416239842772484,0.3475489020347595,0.38922134041786194,0.0012678316561505198,0.3912014365196228,0.33146005868911743,-0.011870462447404861,0.43012070655822754,0.3179524540901184,-0.02756131999194622,0.46715861558914185,0.3239527940750122,-0.038756709545850754,0.32365161180496216,0.3807559013366699,-0.008490054868161678,0.3704833984375,0.32651323080062866,-0.024974722415208817,0.41182243824005127,0.3173806369304657,-0.03672664985060692,0.4499629735946655,0.3239571452140808,-0.043508365750312805,0.29882723093032837,0.3832467794418335,-0.02042921632528305,0.3438524901866913,0.3457932770252228,-0.03649849817156792,0.37787696719169617,0.3347312808036804,-0.04345173388719559,0.40920594334602356,0.33446943759918213,-0.04691086336970329
0.24709396064281464,0.5509636402130127,5.681684456249059e-07,0.305283784866333,0.5616704821586609,-0.015675626695156097,0.3716680109500885,0.5495687127113342,-0.02485419064760208,0.42294734716415405,0.5487972497940063,-0.035350874066352844,0.46487313508987427,0.536983847618103,-0.04482090845704079,0.3650943636894226,0.40880560874938965,0.008018084801733494,0.404141902923584,0.3576953411102295,-0.005122017115354538,0.435892254114151,0.3391217291355133,-0.02047649770975113,0.4662877321243286,0.33155882358551025,-0.031230872496962547,0.34515368938446045,0.3891409635543823,0.0031272347550839186,0.38873177766799927,0.33025112748146057,-0.008402355015277863,0.42715317010879517,0.3155997395515442,-0.022463668137788773,0.4635978937149048,0.31983840465545654,-0.032472118735313416,0.32135945558547974,0.37988412380218506,-0.006250459235161543,0.368027001619339,0.3234056532382965,-0.021024957299232483,0.4076334238052368,0.31214120984077454,-0.03084021992981434,0.4441031217575073,0.31702476739883423,-0.036284077912569046,0.29675936698913574,0.38118302822113037,-0.017950667068362236,0.34337782859802246,0.3437816798686981,-0.03195079788565636,0.3765714466571808,0.3316189646720886,-0.036906227469444275,0.40587231516838074,0.3301936984062195,-0.03892851248383522
0.24600815773010254,0.5465748310089111,5.490778676175978e-07,0.3034828007221222,0.5575598478317261,-0.016107112169265747,0.37140953540802,0.5448727011680603,-0.025423787534236908,0.42300495505332947,0.5452449917793274,-0.035794373601675034,0.4649331569671631,0.5332155823707581,-0.0452667735517025,0.3656744360923767,0.4030517041683197,0.004862921312451363,0.40506160259246826,0.3525788486003876,-0.009318533353507519,0.43658214807510376,0.33427536487579346,-0.02498014084994793,0.4673597514629364,0.32704460620880127,-0.0360727459192276,0.3455950915813446,0.3836906850337982,-0.00017651348025538027,0.3892844617366791,0.3258458971977234,-0.01281158160418272,0.42795702815055847,0.31132471561431885,-0.02736472338438034,0.4651431143283844,0.31553274393081665,-0.03783482685685158,0.3212462365627289,0.37533068656921387,-0.009583868086338043,0.36788812279701233,0.320109486579895,-0.025397103279829025,0.40773865580558777,0.3091532588005066,-0.035930246114730835,0.4450574517250061,0.31351304054260254,-0.0420110784471035,0.29556378722190857,0.37744128704071045,-0.021295785903930664,0.3405784070491791,0.3396739959716797,-0.036915458738803864,0.37443870306015015,0.32769694924354553,-0.043288327753543854,0.40567585825920105,0.3261652886867523,-0.0463298037648201
0.2448177933692932,0.5431621074676514,5.396142910285562e-07,0.3035273551940918,0.5539419054985046,-0.014842716045677662,0.37110379338264465,0.5429672598838806,-0.023551063612103462,0.42184558510780334,0.5434916019439697,-0.03371448442339897,0.46307283639907837,0.5309081077575684,-0.04313210770487785,0.3655487596988678,0.4013673961162567,0.007538516074419022,0.4047177731990814,0.3516157865524292,-0.006499726790934801,0.4362946152687073,0.3330058455467224,-0.02241421304643154,0.4670827090740204,0.3258679509162903,-0.03369269520044327,0.3456975817680359,0.38225165009498596,0.0017408339772373438,0.3890763223171234,0.3245542347431183,-0.011384699493646622,0.4275527000427246,0.31099605560302734,-0.026857351884245872,0.46456944942474365,0.31677234172821045,-0.03779026120901108,0.3213888108730316,0.3734521269798279,-0.008410950191318989,0.36741918325424194,0.31832414865493774,-0.024766989052295685,0.4072487950325012,0.3078958988189697,-0.036023106426000595,0.44468215107917786,0.31326839327812195,-0.042410850524902344,0.295519083738327,0.3749677538871765,-0.02072102203965187,0.3401421308517456,0.33723288774490356,-0.03641485050320625,0.37305018305778503,0.3251022398471832,-0.042864926159381866,0.40338370203971863,0.3233981430530548,-0.04595060646533966
0.24428385496139526,0.5370382070541382,5.47532067685097e-07,0.30325770378112793,0.5497912168502808,-0.01721266284584999,0.3693813681602478,0.5398512482643127,-0.02675866149365902,0.42073607444763184,0.5414212346076965,-0.03727848082780838,0.4626690149307251,0.5308079719543457,-0.04714719206094742,0.36536905169487,0.4001578688621521,0.004181246738880873,0.4045294225215912,0.350952684879303,-0.010410078801214695,0.4356232285499573,0.3319861590862274,-0.026639806106686592,0.46634596586227417,0.32371076941490173,-0.038429319858551025,0.3455880582332611,0.3803335726261139,-0.0005024680867791176,0.388784795999527,0.32569703459739685,-0.013938238844275475,0.4264304041862488,0.3105533719062805,-0.029722120612859726,0.46389299631118774,0.31332719326019287,-0.0413244254887104,0.32105159759521484,0.37082380056381226,-0.009645902551710606,0.366695761680603,0.3189854323863983,-0.026254769414663315,0.40495651960372925,0.3061293661594391,-0.037992212921381,0.4420310854911804,0.3079274892807007,-0.04499020427465439,0.2942948341369629,0.37083446979522705,-0.02116973325610161,0.33797383308410645,0.33460116386413574,-0.037736520171165466,0.3703415095806122,0.3201526701450348,-0.04543303698301315,0.401319682598114,0.3154750466346741,-0.049561284482479095
0.2402639389038086,0.5386653542518616,5.611821052298183e-07,0.2987135648727417,0.5572654008865356,-0.020723814144730568,0.3646562993526459,0.5479649901390076,-0.03080601617693901,0.41691502928733826,0.5500209331512451,-0.04101034626364708,0.46028226613998413,0.5439494848251343,-0.050600986927747726,0.3641422986984253,0.4047384262084961,-0.00013749400386586785,0.4045509994029999,0.3564522862434387,-0.015299774706363678,0.4363635182380676,0.3357944190502167,-0.03137668967247009,0.46756866574287415,0.3220165967941284,-0.04323627054691315,0.3454970121383667,0.3845290243625641,-0.0032201933208853006,0.3924083709716797,0.3341943919658661,-0.01573384553194046,0.4292861521244049,0.3155308663845062,-0.030001956969499588,0.46655380725860596,0.308167040348053,-0.04104294255375862,0.3213103711605072,0.37409356236457825,-0.011132575571537018,0.3696913421154022,0.3282095193862915,-0.02664315141737461,0.40739747881889343,0.3090927004814148,-0.03694983571767807,0.4439936876296997,0.29984450340270996,-0.04333071783185005,0.2933052182197571,0.371401846408844,-0.021864600479602814,0.33858633041381836,0.3354030251502991,-0.03728920966386795,0.3716645836830139,0.31622302532196045,-0.04399510473012924,0.40348827838897705,0.3038486838340759,-0.04779081046581268
0.23949205875396729,0.5431338548660278,5.652196364280826e-07,0.29879146814346313,0.5612000226974487,-0.019588682800531387,0.3649258017539978,0.5534072518348694,-0.029460391029715538,0.41717034578323364,0.557789146900177,-0.0396694652736187,0.4606342315673828,0.5536397695541382,-0.049458570778369904,0.3638245761394501,0.40744471549987793,-3.554803242877824e-07,0.40537670254707336,0.35761338472366333,-0.015478253364562988,0.4377433657646179,0.3346835672855377,-0.03188012167811394,0.46971574425697327,0.317190945148468,-0.04405365139245987,0.3453417718410492,0.3880401849746704,-0.003993208520114422,0.3936538100242615,0.33748582005500793,-0.01672085002064705,0.4311043918132782,0.3166090250015259,-0.031673040241003036,0.46873289346694946,0.3052469491958618,-0.0433945395052433,0.321405827999115,0.37827935814857483,-0.01266165729612112,0.3709260821342468,0.3319924771785736,-0.028274741023778915,0.408974289894104,0.31101804971694946,-0.03928881511092186,0.4455660581588745,0.2991477847099304,-0.04625073820352554,0.29337769746780396,0.3757692575454712,-0.02404903434216976,0.3384992480278015,0.3383207619190216,-0.039660658687353134,0.3717295229434967,0.3184555172920227,-0.046718042343854904,0.4038822650909424,0.30503422021865845,-0.050805993378162384
0.24012590944766998,0.5416330099105835,5.634454964820179e-07,0.29758715629577637,0.559258759021759,-0.020825332030653954,0.3635427951812744,0.5504776239395142,-0.03159502521157265,0.4156269431114197,0.5558342933654785,-0.04225322976708412,0.45923399925231934,0.5537485480308533,-0.052491772919893265,0.36481794714927673,0.4045441746711731,-0.004152227193117142,0.4064893424510956,0.3563591539859772,-0.02039114385843277,0.43893080949783325,0.33389902114868164,-0.03686971217393875,0.47092899680137634,0.3164057731628418,-0.04910803958773613,0.3460664749145508,0.3840578496456146,-0.007486522197723389,0.39387229084968567,0.3346037268638611,-0.020693723112344742,0.4308222830295563,0.31338179111480713,-0.03498120233416557,0.46868228912353516,0.30015766620635986,-0.04621957615017891,0.3216441571712494,0.37424665689468384,-0.015357820317149162,0.3709498345851898,0.3292046785354614,-0.03112925961613655,0.40869951248168945,0.30718135833740234,-0.04152875021100044,0.44542112946510315,0.29332464933395386,-0.04813481122255325,0.2928582727909088,0.3727318048477173,-0.02600577287375927,0.33775797486305237,0.33640536665916443,-0.04168136417865753,0.3709716200828552,0.31625792384147644,-0.048498909920454025,0.40315937995910645,0.30205219984054565,-0.05244709923863411
0.23871740698814392,0.5424932837486267,5.528103201868362e-07,0.29653507471084595,0.5614041686058044,-0.020618975162506104,0.3626934587955475,0.5547998547554016,-0.03143439441919327,0.4140186309814453,0.5601392984390259,-0.04220641776919365,0.45642828941345215,0.5588966608047485,-0.05272435396909714,0.3643551468849182,0.4058936834335327,-0.004872096702456474,0.4064899682998657,0.3571892976760864,-0.021648064255714417,0.4390662610530853,0.33519524335861206,-0.03838646411895752,0.47103065252304077,0.317868173122406,-0.05071441829204559,0.3456204831600189,0.3858325481414795,-0.008421273902058601,0.39439237117767334,0.33522120118141174,-0.021970903500914574,0.43112432956695557,0.3123137354850769,-0.03648092597723007,0.46867743134498596,0.2963254451751709,-0.04790933057665825,0.3211137652397156,0.37595945596694946,-0.016433188691735268,0.3710247576236725,0.32899439334869385,-0.03232536092400551,0.40827494859695435,0.30497339367866516,-0.04278606176376343,0.4445384740829468,0.28776293992996216,-0.04942817613482475,0.29182901978492737,0.37375950813293457,-0.02720402553677559,0.33683592081069946,0.3356458842754364,-0.0428694449365139,0.369721919298172,0.31442564725875854,-0.04963281378149986,0.40188363194465637,0.2979392409324646,-0.05350467935204506
0.2399284839630127,0.5459803342819214,5.596301662080805e-07,0.2977047860622406,0.5646803379058838,-0.02079091966152191,0.36355769634246826,0.55715012550354,-0.03172805532813072,0.4150029420852661,0.5635113716125488,-0.042630795389413834,0.45776888728141785,0.5635398626327515,-0.0532761849462986,0.36577922105789185,0.40893253684043884,-0.005307595711201429,0.40828239917755127,0.35899320244789124,-0.022287389263510704,0.4410257041454315,0.3360290229320526,-0.03916040435433388,0.4733450710773468,0.3178008794784546,-0.0515836663544178,0.34658700227737427,0.3892022669315338,-0.008955186232924461,0.39483997225761414,0.3378363847732544,-0.022692205384373665,0.4315890073776245,0.31471771001815796,-0.0373099222779274,0.4694432020187378,0.2991281747817993,-0.04879113286733627,0.32147082686424255,0.3796738088130951,-0.017060916870832443,0.3710916042327881,0.3322293162345886,-0.03322558477520943,0.4080079197883606,0.30859994888305664,-0.04386339336633682,0.4439646601676941,0.2926424443721771,-0.050585828721523285,0.29170873761177063,0.37805476784706116,-0.02792905457317829,0.33639413118362427,0.3399883806705475,-0.043939609080553055,0.3691355586051941,0.3193109631538391,-0.05088990181684494,0.4011000394821167,0.303976446390152,-0.054884206503629684
0.2408643662929535,0.545718252658844,5.57214377749915e-07,0.29859691858291626,0.5640504360198975,-0.021100064739584923,0.3644183576107025,0.5581596493721008,-0.032520756125450134,0.4154466986656189,0.5659002661705017,-0.04380436986684799,0.45740050077438354,0.5668402910232544,-0.05489249527454376,0.36672544479370117,0.411067932844162,-0.007549642119556665,0.4096204340457916,0.3606652021408081,-0.02540278434753418,0.44263195991516113,0.33695781230926514,-0.042495157569646835,0.4751759469509125,0.3182908892631531,-0.05490989610552788,0.3475511968135834,0.39105671644210815,-0.011105620302259922,0.3958054184913635,0.3386819362640381,-0.025505706667900085,0.4325173795223236,0.31497132778167725,-0.04013410583138466,0.4702434837818146,0.2985403537750244,-0.05158369615674019,0.32252237200737,0.38132938742637634,-0.01901903748512268,0.37171047925949097,0.333269327878952,-0.03553183749318123,0.408562570810318,0.3089427649974823,-0.04623531922698021,0.44439244270324707,0.2920067310333252,-0.05306263640522957,0.292738676071167,0.37925779819488525,-0.029679423198103905,0.3366718590259552,0.34191709756851196,-0.04587556794285774,0.36909785866737366,0.3212904632091522,-0.052913665771484375,0.40071046352386475,0.30522432923316956,-0.057013630867004395
0.24173295497894287,0.5446914434432983,5.567629841607413e-07,0.298734575510025,0.5644444227218628,-0.02046535722911358,0.3648364841938019,0.559878945350647,-0.03171921893954277,0.41583988070487976,0.5688262581825256,-0.043019771575927734,0.45777642726898193,0.5734952688217163,-0.05404897779226303,0.3679927885532379,0.4105038046836853,-0.0048834942281246185,0.4109753966331482,0.360383540391922,-0.022023625671863556,0.4438022971153259,0.3371761441230774,-0.03887481987476349,0.4759509563446045,0.31964758038520813,-0.051001034677028656,0.34930363297462463,0.3902037441730499,-0.008583450689911842,0.39870917797088623,0.33745384216308594,-0.022242924198508263,0.4360543191432953,0.3135974407196045,-0.036457303911447525,0.473739355802536,0.2979479730129242,-0.047366686165332794,0.32496142387390137,0.3800463378429413,-0.016713427379727364,0.375283420085907,0.33001071214675903,-0.03236581012606621,0.41309040784835815,0.30643633008003235,-0.04246881231665611,0.44938600063323975,0.29088884592056274,-0.048688534647226334,0.2958957552909851,0.37777015566825867,-0.027577944099903107,0.3404543399810791,0.3394453525543213,-0.04232630133628845,0.37281808257102966,0.31897759437561035,-0.048154108226299286,0.4039362072944641,0.3036257028579712,-0.05133291706442833
0.23963306844234467,0.5491878986358643,5.763885724263673e-07,0.2973741590976715,0.5690305233001709,-0.021317949518561363,0.36315208673477173,0.5665921568870544,-0.033629339188337326,0.4150625467300415,0.576977550983429,-0.04602586850523949,0.4581247568130493,0.5860818028450012,-0.05818919837474823,0.36734315752983093,0.4161157011985779,-0.005353785585612059,0.41128209233283997,0.3650958240032196,-0.02296970598399639,0.443875789642334,0.34172821044921875,-0.04034934565424919,0.4760109484195709,0.32351940870285034,-0.05284075811505318,0.3486008048057556,0.39500778913497925,-0.008920516818761826,0.39794090390205383,0.3409934639930725,-0.023068562150001526,0.4352363348007202,0.3176443576812744,-0.03738247975707054,0.47293025255203247,0.30270445346832275,-0.048225775361061096,0.32386261224746704,0.3844291567802429,-0.0169970765709877,0.3738721013069153,0.3318684697151184,-0.033104926347732544,0.41130492091178894,0.3084568977355957,-0.04291950911283493,0.4472745656967163,0.2943785488605499,-0.04870046675205231,0.2940293550491333,0.3822745680809021,-0.027911243960261345,0.3380320370197296,0.3427002429962158,-0.042608778923749924,0.370090126991272,0.3219611644744873,-0.047936439514160156,0.4007963240146637,0.3074877858161926,-0.05063379928469658
0.23730330169200897,0.548164427280426,5.712599318030698e-07,0.2959175705909729,0.5653877258300781,-0.022089438512921333,0.36037322878837585,0.5626946091651917,-0.03454062342643738,0.41285282373428345,0.5758213400840759,-0.04694567993283272,0.4554780125617981,0.5877217650413513,-0.05909610539674759,0.36362719535827637,0.41589075326919556,-0.006128649692982435,0.4063532054424286,0.36345788836479187,-0.024121122434735298,0.4381747543811798,0.33894288539886475,-0.04191330820322037,0.4699127674102783,0.3193656802177429,-0.054718777537345886,0.34459391236305237,0.3948551416397095,-0.00909428857266903,0.39233386516571045,0.3405567407608032,-0.023463653400540352,0.427809476852417,0.31588083505630493,-0.037838440388441086,0.4648820459842682,0.299067884683609,-0.04884842410683632,0.3196633458137512,0.38348376750946045,-0.016674377024173737,0.3689340054988861,0.33233433961868286,-0.03289344534277916,0.40517687797546387,0.3084796965122223,-0.04268726333975792,0.440380722284317,0.29414716362953186,-0.04846303164958954,0.28940296173095703,0.37916743755340576,-0.027202649042010307,0.33274364471435547,0.3411336839199066,-0.042106278240680695,0.36430343985557556,0.3209414482116699,-0.047603789716959,0.3949316740036011,0.3073614537715912,-0.050411880016326904
0.23660218715667725,0.5474957227706909,5.775002023256093e-07,0.2944123148918152,0.5684375166893005,-0.023137211799621582,0.3589828908443451,0.5658971071243286,-0.035557202994823456,0.41092634201049805,0.5771238803863525,-0.04769616574048996,0.4536343812942505,0.5873845815658569,-0.05951142683625221,0.36418572068214417,0.41590526700019836,-0.006366102956235409,0.40625661611557007,0.36373937129974365,-0.023699449375271797,0.43768370151519775,0.3399643898010254,-0.04100298881530762,0.46929848194122314,0.32129043340682983,-0.05361783504486084,0.34483230113983154,0.39416036009788513,-0.008676426485180855,0.39269429445266724,0.34024980664253235,-0.02263195440173149,0.42836034297943115,0.31631752848625183,-0.036886680871248245,0.465520977973938,0.3012642562389374,-0.04785523563623428,0.31971558928489685,0.38277947902679443,-0.015682969242334366,0.36936166882514954,0.33184707164764404,-0.03180939704179764,0.4055158197879791,0.30863380432128906,-0.041791390627622604,0.4408774971961975,0.29502665996551514,-0.047684069722890854,0.28949278593063354,0.3792039453983307,-0.025711404159665108,0.33333712816238403,0.34075015783309937,-0.040934301912784576,0.3650815486907959,0.3199501037597656,-0.04701113700866699,0.3964160680770874,0.3055244982242584,-0.0502234622836113
0.2337808907032013,0.5535061359405518,5.59367776986619e-07,0.29253727197647095,0.5739966630935669,-0.021381769329309464,0.3574559688568115,0.5742397904396057,-0.032779693603515625,0.40889257192611694,0.5876340866088867,-0.044238850474357605,0.4497908353805542,0.6011264324188232,-0.05536642670631409,0.3633629381656647,0.42705777287483215,-0.004855108913034201,0.40612807869911194,0.37416231632232666,-0.02206582948565483,0.43750226497650146,0.3527233600616455,-0.03899260237812996,0.46906405687332153,0.337202250957489,-0.05107203125953674,0.3439408838748932,0.40472733974456787,-0.007661092560738325,0.39222782850265503,0.3514886200428009,-0.021404078230261803,0.42777302861213684,0.33001789450645447,-0.0352281853556633,0.46429958939552307,0.31791239976882935,-0.045854855328798294,0.31890493631362915,0.3915698528289795,-0.015150211751461029,0.36914288997650146,0.34285539388656616,-0.03090512380003929,0.4050578474998474,0.32052016258239746,-0.04085342586040497,0.4393126964569092,0.3084607422351837,-0.04673106595873833,0.288309782743454,0.38465338945388794,-0.025535255670547485,0.33229702711105347,0.3470604419708252,-0.04028327763080597,0.36364349722862244,0.3255305886268616,-0.04641776159405708,0.39438873529434204,0.31065091490745544,-0.04974489286541939
0.2327692061662674,0.5553200244903564,5.711134463126655e-07,0.2898402810096741,0.5750428438186646,-0.020990470424294472,0.35567668080329895,0.5765968561172485,-0.03237263858318329,0.407572865486145,0.5920087099075317,-0.043942879885435104,0.4490497410297394,0.6040656566619873,-0.05500536039471626,0.3632320165634155,0.42769941687583923,-0.0012537332950159907,0.4041423499584198,0.3720264732837677,-0.017222773283720016,0.4340578317642212,0.3516632318496704,-0.03400679677724838,0.46440744400024414,0.3409097194671631,-0.04583163931965828,0.34298235177993774,0.4055004417896271,-0.003702461486682296,0.38884153962135315,0.3495061695575714,-0.016096431761980057,0.42362627387046814,0.33111312985420227,-0.030272888019680977,0.45871785283088684,0.3275591731071472,-0.040982481092214584,0.3171232342720032,0.3928174674510956,-0.01083028968423605,0.36464738845825195,0.3397334814071655,-0.025313133373856544,0.3994652032852173,0.3218676745891571,-0.035177845507860184,0.4329444468021393,0.3182297945022583,-0.04103134199976921,0.2865162193775177,0.3875398635864258,-0.02083546295762062,0.32828208804130554,0.35022324323654175,-0.03429307043552399,0.35825657844543457,0.33212512731552124,-0.039693642407655716,0.38796788454055786,0.3227444887161255,-0.042429570108652115
0.23170259594917297,0.5587220788002014,5.453649691844475e-07,0.2905634641647339,0.5778211355209351,-0.021036803722381592,0.35740888118743896,0.5804474949836731,-0.03303152695298195,0.4087298810482025,0.595273494720459,-0.04548170790076256,0.45049309730529785,0.6018656492233276,-0.057368166744709015,0.36213111877441406,0.42951804399490356,-0.0021779309026896954,0.40259572863578796,0.3722487688064575,-0.020153308287262917,0.43285897374153137,0.3566902279853821,-0.038080453872680664,0.46235936880111694,0.3544224202632904,-0.05013708025217056,0.3408678472042084,0.40764638781547546,-0.004851298872381449,0.3854118287563324,0.34758368134498596,-0.02224094793200493,0.41888922452926636,0.33740878105163574,-0.04014339670538902,0.44967934489250183,0.3480803370475769,-0.05199603736400604,0.31500518321990967,0.39572417736053467,-0.011992968618869781,0.36144745349884033,0.338301420211792,-0.030423806980252266,0.3955775797367096,0.32833749055862427,-0.043450649827718735,0.4264099597930908,0.3378030061721802,-0.05021319165825844,0.28500089049339294,0.39220860600471497,-0.021742617711424828,0.32791000604629517,0.35546496510505676,-0.038034532219171524,0.3582858443260193,0.33858317136764526,-0.04619057476520538,0.38662388920783997,0.33456605672836304,-0.050279535353183746
0.23235732316970825,0.5609776377677917,5.404937724051706e-07,0.2901429533958435,0.5818082690238953,-0.021218113601207733,0.35635682940483093,0.5854541063308716,-0.033317625522613525,0.4070371985435486,0.5986079573631287,-0.045745957642793655,0.4481061100959778,0.599558413028717,-0.05757533013820648,0.3607729971408844,0.431058794260025,-0.002372163347899914,0.4007842540740967,0.37386375665664673,-0.020491868257522583,0.4316510260105133,0.3593940734863281,-0.03868352621793747,0.4611377418041229,0.3584803342819214,-0.05079527199268341,0.3402171730995178,0.4095222055912018,-0.005022045690566301,0.3850420415401459,0.34904924035072327,-0.02268795669078827,0.4195888936519623,0.3404219150543213,-0.04120407998561859,0.45020681619644165,0.35284173488616943,-0.05339682847261429,0.3149414360523224,0.3978880047798157,-0.01210475992411375,0.3615325391292572,0.3401036858558655,-0.030648184940218925,0.3968665599822998,0.3310132622718811,-0.04449617862701416,0.4281134307384491,0.34055641293525696,-0.05190224200487137,0.2854233980178833,0.3950715661048889,-0.021727943792939186,0.32830435037612915,0.3572525978088379,-0.0383201502263546,0.3593730032444,0.3401296138763428,-0.04706522822380066,0.3883310556411743,0.33552286028862,-0.05160890147089958
0.23256903886795044,0.5639038681983948,5.30283273292298e-07,0.2918958365917206,0.5862246155738831,-0.02190977707505226,0.35859414935112,0.5905459523200989,-0.03409063071012497,0.40920546650886536,0.5986841320991516,-0.0463048480451107,0.45205578207969666,0.5924957394599915,-0.05770903080701828,0.36233359575271606,0.4354569613933563,-0.002077338984236121,0.40241438150405884,0.3788049817085266,-0.01981491781771183,0.4330025315284729,0.36477816104888916,-0.0377715639770031,0.46230748295783997,0.3646065294742584,-0.049750737845897675,0.3416018486022949,0.412675142288208,-0.004151911940425634,0.386002779006958,0.3521743416786194,-0.02131512574851513,0.4204608201980591,0.3439686894416809,-0.039644647389650345,0.45111092925071716,0.35721954703330994,-0.05189082771539688,0.31625688076019287,0.40042978525161743,-0.010805013589560986,0.3628460168838501,0.3423474431037903,-0.029346909373998642,0.39827680587768555,0.33358341455459595,-0.04337150231003761,0.4298709034919739,0.34417524933815,-0.05104205757379532,0.2869419455528259,0.3975779414176941,-0.02000894583761692,0.33052724599838257,0.3602384924888611,-0.03696257993578911,0.3624924123287201,0.34453582763671875,-0.046142902225255966,0.392134428024292,0.342068612575531,-0.05101752281188965
0.23446457087993622,0.5579501390457153,4.960116939400905e-07,0.2929759621620178,0.5790371298789978,-0.01927378587424755,0.35929498076438904,0.5786886811256409,-0.029153643175959587,0.41030797362327576,0.5812249779701233,-0.03957659751176834,0.4535626769065857,0.5717995166778564,-0.04878327250480652,0.3615625202655792,0.430481493473053,0.003155753016471863,0.399955689907074,0.376442015171051,-0.01217085961252451,0.43053650856018066,0.36290907859802246,-0.02824854664504528,0.45924991369247437,0.3625720739364624,-0.03912963345646858,0.3423474133014679,0.4077397286891937,0.0004703335580416024,0.38483479619026184,0.3467036485671997,-0.01543065719306469,0.420340359210968,0.3399112820625305,-0.03202085569500923,0.4513147175312042,0.35420554876327515,-0.04274984076619148,0.3188033401966095,0.39520618319511414,-0.006856512278318405,0.36455225944519043,0.33422815799713135,-0.025597315281629562,0.4013824164867401,0.32734227180480957,-0.03927350789308548,0.4332098960876465,0.3400864005088806,-0.046222563832998276,0.2928968071937561,0.39158374071121216,-0.016464373096823692,0.3394903242588043,0.35459524393081665,-0.03432384505867958,0.37360572814941406,0.3449086546897888,-0.04402877017855644,0.4036004841327667,0.3492288589477539,-0.048858270049095154
0.23137357831001282,0.5467602014541626,4.833815978599887e-07,0.289141982793808,0.5651465654373169,-0.013820914551615715,0.3544616401195526,0.5593255758285522,-0.022268021479249,0.40554744005203247,0.5612930059432983,-0.03272866830229759,0.4483391344547272,0.5550309419631958,-0.04242260754108429,0.3565550744533539,0.4195006489753723,0.008168337866663933,0.3950778543949127,0.3707963824272156,-0.006931588985025883,0.42743390798568726,0.3613823652267456,-0.023434458300471306,0.45659738779067993,0.36475709080696106,-0.034692373126745224,0.3387831747531891,0.3980839252471924,0.002434158232063055,0.3834494948387146,0.3393995761871338,-0.013656992465257645,0.4209893047809601,0.33853232860565186,-0.030242787674069405,0.4521791934967041,0.35772907733917236,-0.0405803918838501,0.31677648425102234,0.3867219388484955,-0.00746964430436492,0.3644893169403076,0.3283582329750061,-0.026182472705841064,0.40458202362060547,0.3286987543106079,-0.03903334215283394,0.4376178979873657,0.34696173667907715,-0.04526374489068985,0.2930035889148712,0.38524338603019714,-0.01923973672091961,0.340460866689682,0.35141661763191223,-0.036981210112571716,0.3752233684062958,0.34819912910461426,-0.04547986388206482,0.4044135808944702,0.3577234745025635,-0.04922284558415413
0.23404374718666077,0.5441943407058716,4.848978960581007e-07,0.2914324402809143,0.5627284049987793,-0.013954523019492626,0.3555707037448883,0.5576877593994141,-0.02273377776145935,0.40543216466903687,0.5581438541412354,-0.033488158136606216,0.4477919340133667,0.5519521236419678,-0.04343215376138687,0.357699990272522,0.4193165898323059,0.007296358700841665,0.3957754969596863,0.3698214888572693,-0.007896804250776768,0.42851340770721436,0.36043113470077515,-0.024273375049233437,0.45752274990081787,0.36422961950302124,-0.03528740629553795,0.34022337198257446,0.39747098088264465,0.0017040385864675045,0.3852285146713257,0.3376413881778717,-0.014601089991629124,0.42323559522628784,0.33724409341812134,-0.031051022931933403,0.45366519689559937,0.3575270473957062,-0.041169922798871994,0.3188971281051636,0.38583818078041077,-0.007975876331329346,0.36744633316993713,0.32670968770980835,-0.02672245353460312,0.4083743989467621,0.32854679226875305,-0.03948091343045235,0.44101840257644653,0.3486536741256714,-0.04550516605377197,0.29597991704940796,0.3842446506023407,-0.01946099102497101,0.34483692049980164,0.3503674268722534,-0.036952823400497437,0.3806324005126953,0.3483569324016571,-0.04522914066910744,0.40988126397132874,0.3593049943447113,-0.0487264059484005
0.2356005609035492,0.5423862338066101,4.5652078028979304e-07,0.29377466440200806,0.5613290071487427,-0.013832597993314266,0.3574521541595459,0.5579292178153992,-0.022585300728678703,0.40673840045928955,0.5585404634475708,-0.03343123197555542,0.44842275977134705,0.5487363338470459,-0.04357864335179329,0.36011236906051636,0.4194061756134033,0.007053010165691376,0.3974304795265198,0.3682250380516052,-0.009346087463200092,0.43067169189453125,0.36196714639663696,-0.026556776836514473,0.4591044783592224,0.36979737877845764,-0.03777250275015831,0.3437301814556122,0.39807838201522827,0.0012351061450317502,0.3887012004852295,0.3374926745891571,-0.017003845423460007,0.4266398847103119,0.34268420934677124,-0.034990448504686356,0.45474758744239807,0.3691316843032837,-0.045556001365184784,0.3231373131275177,0.38615915179252625,-0.008690434508025646,0.37091872096061707,0.32550275325775146,-0.028228290379047394,0.4114377200603485,0.3299598693847656,-0.04225212708115578,0.4419108033180237,0.3536328375339508,-0.04880284145474434,0.3002736270427704,0.38319939374923706,-0.020386317744851112,0.34725305438041687,0.3452248275279999,-0.03830679506063461,0.38314288854599,0.343549907207489,-0.04753505066037178,0.41199618577957153,0.3566785156726837,-0.05155699700117111
0.2365259975194931,0.5449643731117249,4.3812434569190373e-07,0.2951098382472992,0.5637666583061218,-0.013899210840463638,0.3598504960536957,0.5606514811515808,-0.022453119978308678,0.40902090072631836,0.5602138042449951,-0.033079780638217926,0.4510287344455719,0.5493361353874207,-0.04296361654996872,0.36364126205444336,0.42267903685569763,0.007153711281716824,0.40028488636016846,0.37284964323043823,-0.009288717992603779,0.4333014488220215,0.3655187487602234,-0.026430826634168625,0.46131718158721924,0.3730722665786743,-0.037527721375226974,0.3470960557460785,0.4001883268356323,0.0013853184645995498,0.39129212498664856,0.33888310194015503,-0.016807137057185173,0.4281236529350281,0.3444449007511139,-0.034662600606679916,0.4557989835739136,0.37179967761039734,-0.045097265392541885,0.3264649212360382,0.38765090703964233,-0.008491487242281437,0.3725337088108063,0.3257282078266144,-0.0284261517226696,0.41176530718803406,0.3314811587333679,-0.042539939284324646,0.4416049122810364,0.3578213155269623,-0.04905940219759941,0.30355286598205566,0.38442936539649963,-0.020115043967962265,0.348854124546051,0.3457315266132355,-0.03832434117794037,0.3831498324871063,0.34458839893341064,-0.04754618927836418,0.4107324182987213,0.35962429642677307,-0.05148036777973175
0.23940733075141907,0.5436291694641113,4.393942560909636e-07,0.2976304888725281,0.5612197518348694,-0.013405365869402885,0.36181992292404175,0.559349775314331,-0.022354772314429283,0.4100857377052307,0.5600078701972961,-0.033530086278915405,0.45100075006484985,0.5479547381401062,-0.04390814155340195,0.3655112087726593,0.4202355146408081,0.006772315129637718,0.4022595286369324,0.36895281076431274,-0.009813299402594566,0.4359404444694519,0.36479055881500244,-0.02708672732114792,0.46370917558670044,0.37577781081199646,-0.03801373764872551,0.34933608770370483,0.39889442920684814,0.0007303758175112307,0.39254724979400635,0.334044873714447,-0.01724524423480034,0.42960822582244873,0.34239867329597473,-0.035072315484285355,0.456275075674057,0.37278348207473755,-0.0454242080450058,0.3293651342391968,0.38709667325019836,-0.009251188486814499,0.3745344579219818,0.3228006362915039,-0.0285137090831995,0.4131454825401306,0.33290213346481323,-0.0421670563519001,0.4409739375114441,0.36344578862190247,-0.04832770302891731,0.30753764510154724,0.38473841547966003,-0.02098608948290348,0.35249319672584534,0.344001829624176,-0.03830831125378609,0.38688918948173523,0.34528031945228577,-0.04685000330209732,0.4134449064731598,0.36310338973999023,-0.050268933176994324
0.2394731491804123,0.5436059832572937,4.393893675569416e-07,0.297656774520874,0.5624165534973145,-0.013189446181058884,0.3619000017642975,0.5598690509796143,-0.022102192044258118,0.40982699394226074,0.5592190623283386,-0.03333321586251259,0.45049890875816345,0.5456938743591309,-0.04353564605116844,0.36454668641090393,0.4212738871574402,0.006967759691178799,0.4020407497882843,0.36889612674713135,-0.008919917978346348,0.4361709952354431,0.3663182854652405,-0.025568900629878044,0.4635125398635864,0.37897783517837524,-0.03609761223196983,0.348139226436615,0.39974623918533325,0.0007966564153321087,0.3911786377429962,0.33202704787254333,-0.01683623157441616,0.4291730523109436,0.34234848618507385,-0.03420798107981682,0.4557200074195862,0.37463632225990295,-0.04427710920572281,0.3283597230911255,0.3877580463886261,-0.009269925765693188,0.37429875135421753,0.3201667368412018,-0.028874022886157036,0.413826048374176,0.3349471092224121,-0.04241055250167847,0.44099071621894836,0.36987972259521484,-0.048368629068136215,0.30751582980155945,0.38569244742393494,-0.02101220190525055,0.35435575246810913,0.34536880254745483,-0.039092011749744415,0.3896503150463104,0.35181117057800293,-0.047796811908483505,0.415293425321579,0.37444883584976196,-0.051171280443668365
0.23830877244472504,0.5429254770278931,4.462818878891994e-07,0.29694339632987976,0.5619823932647705,-0.01260514184832573,0.36075320839881897,0.5604398250579834,-0.021359432488679886,0.4086736738681793,0.560200572013855,-0.03254402056336403,0.44907885789871216,0.5459249019622803,-0.04245103523135185,0.36212021112442017,0.4227069616317749,0.008472282439470291,0.39951950311660767,0.3699784278869629,-0.007229586131870747,0.4339064955711365,0.36777204275131226,-0.02371872030198574,0.4616422653198242,0.38083621859550476,-0.03414630889892578,0.3462456464767456,0.4011314809322357,0.00234342273324728,0.3883558511734009,0.33354073762893677,-0.01518012024462223,0.42728638648986816,0.3440191149711609,-0.032116856426000595,0.45475924015045166,0.37629881501197815,-0.04183857887983322,0.3271741271018982,0.3887552320957184,-0.007780653890222311,0.37323570251464844,0.3191182017326355,-0.027402358129620552,0.41393616795539856,0.33473649621009827,-0.040289465337991714,0.44249579310417175,0.3700752854347229,-0.045711372047662735,0.3074336647987366,0.3866712152957916,-0.01955297216773033,0.35448479652404785,0.34755250811576843,-0.037746332585811615,0.39072033762931824,0.355324923992157,-0.04626733064651489,0.417671799659729,0.37824690341949463,-0.04937881976366043
0.2353133112192154,0.5462102293968201,4.7358849997181096e-07,0.2953616976737976,0.5649638772010803,-0.01005161926150322,0.35991260409355164,0.561606228351593,-0.017254691570997238,0.408878892660141,0.5592857599258423,-0.027530066668987274,0.45003020763397217,0.5443090796470642,-0.03622045740485191,0.3583615720272064,0.4251953065395355,0.01774008199572563,0.3950692117214203,0.3796711266040802,0.005842783022671938,0.4286678731441498,0.3761741518974304,-0.008800426498055458,0.4554840922355652,0.3862578868865967,-0.018675243481993675,0.3429853618144989,0.4024795591831207,0.010900725610554218,0.3852939307689667,0.3427690863609314,-0.0034239350352436304,0.42334285378456116,0.3507261276245117,-0.018565872684121132,0.4523027539253235,0.3782218098640442,-0.027498900890350342,0.3250112235546112,0.38851290941238403,-0.00029787805397063494,0.3745887875556946,0.32539379596710205,-0.018449578434228897,0.41525185108184814,0.34042656421661377,-0.029761483892798424,0.44491398334503174,0.37253206968307495,-0.034390639513731,0.3077336549758911,0.38690075278282166,-0.013048927299678326,0.3605942726135254,0.3586651682853699,-0.030244547873735428,0.3977648913860321,0.3697161078453064,-0.03770895302295685,0.42606520652770996,0.39212992787361145,-0.04029597342014313
0.23360221087932587,0.54718017578125,4.931794705953507e-07,0.29488062858581543,0.5652390718460083,-0.00878622941672802,0.3585851192474365,0.5602796077728271,-0.01504931878298521,0.40831559896469116,0.5570428371429443,-0.02472219429910183,0.449623703956604,0.5424784421920776,-0.03300473093986511,0.3527872860431671,0.4224424958229065,0.02039743773639202,0.39282670617103577,0.38090312480926514,0.010706117376685143,0.4268852770328522,0.37493273615837097,-0.002237382810562849,0.45412588119506836,0.3812263011932373,-0.011331615038216114,0.3369479179382324,0.4006057381629944,0.012960272841155529,0.3844684362411499,0.3469938039779663,0.0009734336636029184,0.4228515625,0.35179412364959717,-0.012970278039574623,0.453111469745636,0.37498223781585693,-0.0216145608574152,0.3195679783821106,0.38864970207214355,0.001173067488707602,0.3745884895324707,0.33510106801986694,-0.0153944818302989,0.41664111614227295,0.3452940881252289,-0.026347054168581963,0.4481337070465088,0.37082597613334656,-0.031308356672525406,0.30396029353141785,0.38903918862342834,-0.012068991549313068,0.36183255910873413,0.36563023924827576,-0.027773965150117874,0.4002796411514282,0.37216588854789734,-0.03479168191552162,0.43050307035446167,0.38815975189208984,-0.0376078300178051
0.23293660581111908,0.5471920371055603,5.659227326759719e-07,0.2963103950023651,0.5650733113288879,-0.007873396389186382,0.3591800928115845,0.5578546524047852,-0.015537544153630733,0.4093332886695862,0.5543751120567322,-0.02716142125427723,0.4519917368888855,0.5420271158218384,-0.037639278918504715,0.3496028780937195,0.41588452458381653,0.021829145029187202,0.3933621048927307,0.3804832100868225,0.012959731742739677,0.4297028183937073,0.3760169744491577,0.0005241529433988035,0.4576333463191986,0.38212478160858154,-0.00852431170642376,0.3328767418861389,0.3950871229171753,0.013480138033628464,0.3859042525291443,0.3503127694129944,0.0026377986650913954,0.42627185583114624,0.35671094059944153,-0.010425737127661705,0.45804938673973083,0.3779177665710449,-0.018690455704927444,0.31690508127212524,0.3856913149356842,0.0008555562817491591,0.3760722577571869,0.34010380506515503,-0.014133026823401451,0.42019587755203247,0.34991252422332764,-0.023328226059675217,0.45315560698509216,0.3724863529205322,-0.027544379234313965,0.3040788471698761,0.39023542404174805,-0.013358062133193016,0.3639920651912689,0.3700455129146576,-0.027354508638381958,0.4039079248905182,0.37493136525154114,-0.03301280364394188,0.4355366826057434,0.3872368335723877,-0.0352267324924469
0.23268598318099976,0.5431337952613831,5.430360374703014e-07,0.2953105866909027,0.5610684752464294,-0.006928892806172371,0.35775232315063477,0.5533228516578674,-0.013668657280504704,0.40871304273605347,0.5517123937606812,-0.024574466049671173,0.4520895481109619,0.5449331998825073,-0.03438902273774147,0.348196417093277,0.41308915615081787,0.024368533864617348,0.38996580243110657,0.3767964839935303,0.016725800931453705,0.42537862062454224,0.3722721040248871,0.0048501743003726006,0.45288991928100586,0.37909916043281555,-0.003871180582791567,0.3322165906429291,0.39250531792640686,0.01603766158223152,0.3833124041557312,0.3459835648536682,0.0064307223074138165,0.42234840989112854,0.35265052318573,-0.006227616686373949,0.4529156982898712,0.3748414218425751,-0.014242514967918396,0.3162207007408142,0.38202911615371704,0.003460733685642481,0.3743399679660797,0.3338746726512909,-0.011045373976230621,0.41749829053878784,0.3461513817310333,-0.020518241450190544,0.4491426646709442,0.3715125322341919,-0.024834899231791496,0.3030506372451782,0.38444674015045166,-0.010581903159618378,0.36199140548706055,0.36338651180267334,-0.02451743558049202,0.4001210927963257,0.37246882915496826,-0.030028246343135834,0.42926639318466187,0.38923877477645874,-0.03202546015381813
0.23102793097496033,0.5424648523330688,5.396071856011986e-07,0.294113427400589,0.5600250959396362,-0.005573243834078312,0.3574581742286682,0.5515480041503906,-0.011557609774172306,0.40960022807121277,0.5519153475761414,-0.02199985831975937,0.4542238116264343,0.5499313473701477,-0.03153768926858902,0.34764596819877625,0.4123454988002777,0.026440642774105072,0.3889775574207306,0.3762819468975067,0.019401440396904945,0.42404860258102417,0.3725660741329193,0.007529733702540398,0.45150867104530334,0.3802190124988556,-0.0013449753168970346,0.33137181401252747,0.39160266518592834,0.017459770664572716,0.3820708394050598,0.34565794467926025,0.008653455413877964,0.42079347372055054,0.3524896800518036,-0.003978169057518244,0.4513067603111267,0.37561482191085815,-0.012197881005704403,0.3148830533027649,0.38118353486061096,0.00429466413334012,0.3731698989868164,0.33479198813438416,-0.009479616768658161,0.415871262550354,0.34663277864456177,-0.018862567842006683,0.4473966956138611,0.37205106019973755,-0.023328270763158798,0.3012891709804535,0.38389426469802856,-0.010288610123097897,0.3610202670097351,0.36395135521888733,-0.023837974295020103,0.39913487434387207,0.3731580376625061,-0.029142314568161964,0.4282689094543457,0.390173077583313,-0.031082510948181152
0.2272685021162033,0.5352675318717957,5.080235041532433e-07,0.29096853733062744,0.5536887645721436,-0.004206556361168623,0.35264602303504944,0.5459397435188293,-0.00903948862105608,0.4040343761444092,0.5456822514533997,-0.01875997893512249,0.4482855796813965,0.5413728356361389,-0.02768586575984955,0.3440573811531067,0.41267675161361694,0.028667882084846497,0.3845823109149933,0.3761109709739685,0.021640965715050697,0.41901788115501404,0.37282511591911316,0.009526464156806469,0.44627049565315247,0.38090988993644714,0.0004883786314167082,0.329553484916687,0.3911155164241791,0.018930410966277122,0.3793638050556183,0.344548761844635,0.009850874543190002,0.41773152351379395,0.35191935300827026,-0.0037431169766932726,0.44743531942367554,0.37706878781318665,-0.012660575099289417,0.31375980377197266,0.37881219387054443,0.004989990498870611,0.37158793210983276,0.33265480399131775,-0.009085863828659058,0.41388139128685,0.34602129459381104,-0.019913801923394203,0.444730669260025,0.37377288937568665,-0.025400331243872643,0.3003300130367279,0.3782999515533447,-0.010199928656220436,0.3595667779445648,0.3581625521183014,-0.024072930216789246,0.39700233936309814,0.37052100896835327,-0.030093124136328697,0.4253137707710266,0.3914726972579956,-0.03256789967417717
0.22431951761245728,0.5336688756942749,5.021774995839223e-07,0.28667527437210083,0.5561292171478271,-0.005780433304607868,0.34910866618156433,0.5500186085700989,-0.00900397077202797,0.3994826674461365,0.5490084290504456,-0.016381917521357536,0.4417986273765564,0.5384854674339294,-0.022599725052714348,0.3453959822654724,0.41829225420951843,0.029622424393892288,0.38389089703559875,0.38260555267333984,0.02232988178730011,0.4173145592212677,0.3807443082332611,0.009168663062155247,0.4439125061035156,0.3901597857475281,-0.00043967057717964053,0.33188000321388245,0.3958488702774048,0.021365176886320114,0.37931495904922485,0.3523981273174286,0.01162593625485897,0.41795018315315247,0.3610151410102844,-0.0035964236594736576,0.44834744930267334,0.3880106508731842,-0.013434960506856441,0.3154761493206024,0.38087841868400574,0.008677536621689796,0.37005478143692017,0.3374939262866974,-0.005482079461216927,0.4120587110519409,0.3508074879646301,-0.01736428029835224,0.44375497102737427,0.3793073892593384,-0.02329559624195099,0.300057590007782,0.37612003087997437,-0.005439921282231808,0.3570059537887573,0.35738059878349304,-0.0196346715092659,0.39472681283950806,0.3685052990913391,-0.026484930887818336,0.42447400093078613,0.389600932598114,-0.02922535501420498
0.22724740207195282,0.5347676277160645,4.865410119236913e-07,0.28407686948776245,0.558028519153595,-0.011246911250054836,0.34843990206718445,0.5546356439590454,-0.01710396260023117,0.3982735872268677,0.5555907487869263,-0.025587813928723335,0.4414743185043335,0.545815110206604,-0.033183593302965164,0.34947386384010315,0.4242684841156006,0.01889575645327568,0.38876548409461975,0.3886100649833679,0.007794095668941736,0.42271944880485535,0.3872872292995453,-0.007516458164900541,0.44996094703674316,0.3978058397769928,-0.01817069575190544,0.33589351177215576,0.4021286070346832,0.012785208411514759,0.38297829031944275,0.3596082925796509,0.00023905972193460912,0.4205634295940399,0.36992013454437256,-0.016445741057395935,0.44929981231689453,0.3993227779865265,-0.02713554911315441,0.3184487223625183,0.3872651755809784,0.00231598736718297,0.36968398094177246,0.3455924391746521,-0.012377636507153511,0.41007184982299805,0.35600602626800537,-0.02403932996094227,0.44144871830940247,0.3820132613182068,-0.03001878410577774,0.29970839619636536,0.3810807466506958,-0.010070296935737133,0.34945663809776306,0.354512095451355,-0.0241104569286108,0.38363391160964966,0.35855215787887573,-0.03040037676692009,0.4106343686580658,0.3748622238636017,-0.03285514563322067
0.2197398692369461,0.5337154865264893,4.87563283968484e-07,0.27673661708831787,0.5581140518188477,-0.011691264808177948,0.3413239121437073,0.5538403987884521,-0.016511885449290276,0.3912321925163269,0.5532435178756714,-0.024015996605157852,0.4343029260635376,0.5426427721977234,-0.03092331811785698,0.34606635570526123,0.43164974451065063,0.02014891803264618,0.3875753879547119,0.4016638398170471,0.009006423875689507,0.4202670454978943,0.4004824161529541,-0.0062866006046533585,0.4474408030509949,0.40733006596565247,-0.017381135374307632,0.3333998918533325,0.40784376859664917,0.014122399501502514,0.38261526823043823,0.3743469715118408,0.0011464058188721538,0.4191310405731201,0.38294458389282227,-0.016393298283219337,0.44794389605522156,0.40718212723731995,-0.027959948405623436,0.3155349791049957,0.390431672334671,0.003506336361169815,0.36752063035964966,0.3555366098880768,-0.012077913619577885,0.40578407049179077,0.364357590675354,-0.02505831979215145,0.43619081377983093,0.38590410351753235,-0.03204091265797615,0.2948146164417267,0.3802628815174103,-0.009031180292367935,0.3426952064037323,0.3565729856491089,-0.02447890304028988,0.3762006461620331,0.36032938957214355,-0.032436661422252655,0.40426313877105713,0.375326007604599,-0.03621349111199379
0.22012962400913239,0.5371243953704834,4.980222456651973e-07,0.27649587392807007,0.5598349571228027,-0.012564492411911488,0.34154269099235535,0.5557977557182312,-0.01826711930334568,0.39256560802459717,0.5565901398658752,-0.026381617411971092,0.43640458583831787,0.5461902022361755,-0.0341409407556057,0.3476065993309021,0.4361896514892578,0.018025653436779976,0.39087939262390137,0.4120480418205261,0.005690270569175482,0.4236241579055786,0.41356509923934937,-0.010531301610171795,0.4511058032512665,0.421243280172348,-0.022195803001523018,0.33542466163635254,0.4116280674934387,0.012529055587947369,0.3868992328643799,0.38430845737457275,-0.000281077140243724,0.42212343215942383,0.39205026626586914,-0.017669782042503357,0.4514681100845337,0.4136766195297241,-0.029571058228611946,0.31767821311950684,0.3933025002479553,0.002435581060126424,0.3710968494415283,0.3635648190975189,-0.01233582478016615,0.4073665738105774,0.3712862730026245,-0.023933572694659233,0.4377081096172333,0.3905521631240845,-0.03050946071743965,0.29622524976730347,0.3817386329174042,-0.009716760367155075,0.34519872069358826,0.36101505160331726,-0.02392556704580784,0.3785751163959503,0.36363983154296875,-0.030496947467327118,0.4077010154724121,0.3761025667190552,-0.033643681555986404
0.22337137162685394,0.5316976308822632,4.970008831151063e-07,0.2819003760814667,0.5517625212669373,-0.011440090835094452,0.34494757652282715,0.5453730225563049,-0.016082145273685455,0.3956284821033478,0.5440188646316528,-0.023724811151623726,0.4382146894931793,0.5292580127716064,-0.0311894528567791,0.34895333647727966,0.4322506785392761,0.02278856933116913,0.3916729986667633,0.40640705823898315,0.011370492167770863,0.42294788360595703,0.40845412015914917,-0.004795617423951626,0.4491618871688843,0.4157952070236206,-0.016493728384375572,0.3367767632007599,0.40818893909454346,0.017024340108036995,0.38605841994285583,0.3791172504425049,0.005028224550187588,0.4192063510417938,0.38579463958740234,-0.012623046524822712,0.44626951217651367,0.4065483808517456,-0.024744482710957527,0.31831809878349304,0.3887462019920349,0.0063588316552340984,0.3688039779663086,0.35619184374809265,-0.006888743489980698,0.4019070267677307,0.360250860452652,-0.018525343388319016,0.4293312430381775,0.37655550241470337,-0.025377457961440086,0.2957425117492676,0.37545710802078247,-0.0065030124969780445,0.3416663706302643,0.3519976735115051,-0.018982255831360817,0.37280142307281494,0.350212037563324,-0.025426629930734634,0.4003974199295044,0.359097957611084,-0.028897400945425034
0.2239353060722351,0.5305038690567017,4.98491601774731e-07,0.2823924124240875,0.551239550113678,-0.011468695476651192,0.3446175754070282,0.5445039868354797,-0.01607445999979973,0.39482709765434265,0.5427072048187256,-0.023696843534708023,0.4375792443752289,0.5281967520713806,-0.03107456862926483,0.34805208444595337,0.42990759015083313,0.022803980857133865,0.39107945561408997,0.40498316287994385,0.011593674309551716,0.4226503372192383,0.40753597021102905,-0.0043488661758601665,0.4485040307044983,0.41527891159057617,-0.015766199678182602,0.33626213669776917,0.4063412845134735,0.01715650036931038,0.38670647144317627,0.3779132664203644,0.0050590755417943,0.4203309714794159,0.3852458596229553,-0.012649229727685452,0.4472174048423767,0.4064003527164459,-0.024662915617227554,0.318595826625824,0.38737109303474426,0.006652349140495062,0.37068426609039307,0.3555307388305664,-0.006743151228874922,0.4046250581741333,0.36099034547805786,-0.018604282289743423,0.4320344626903534,0.3783847987651825,-0.025400890037417412,0.2968336343765259,0.37432676553726196,-0.006003986112773418,0.3447360396385193,0.3503796458244324,-0.01857922412455082,0.3782109022140503,0.34897077083587646,-0.025333207100629807,0.4075564742088318,0.35868293046951294,-0.028909770771861076
0.22359314560890198,0.5299015045166016,5.103979106024781e-07,0.28314512968063354,0.5496399998664856,-0.011506245471537113,0.34486594796180725,0.543899655342102,-0.01676188036799431,0.39571720361709595,0.5419870615005493,-0.02520415373146534,0.43899571895599365,0.5266311764717102,-0.03338253125548363,0.34725746512413025,0.43016213178634644,0.02394496276974678,0.3904756009578705,0.40476518869400024,0.012416714802384377,0.4225188195705414,0.40777331590652466,-0.003941261675208807,0.4487415552139282,0.41557562351226807,-0.015541896224021912,0.3361467719078064,0.4070517420768738,0.018216919153928757,0.3867027163505554,0.3785571753978729,0.0063764723017811775,0.4206467270851135,0.3857709765434265,-0.01136505976319313,0.4477913975715637,0.4064359664916992,-0.02345014363527298,0.31914523243904114,0.38766735792160034,0.007498751860111952,0.37127768993377686,0.355380117893219,-0.00509211141616106,0.4055062234401703,0.3604173958301544,-0.016474874690175056,0.4331039786338806,0.3775636851787567,-0.02311665751039982,0.2979748547077179,0.37353816628456116,-0.005476422142237425,0.3454642593860626,0.3498287796974182,-0.016785958781838417,0.37872979044914246,0.3483177125453949,-0.022725211456418037,0.4078560769557953,0.3571936786174774,-0.02589411847293377
0.22306512296199799,0.528586208820343,5.094911443848105e-07,0.2827143967151642,0.5492552518844604,-0.010889886878430843,0.34495240449905396,0.5432757139205933,-0.014994645491242409,0.39560335874557495,0.5416213274002075,-0.0223035030066967,0.4383278489112854,0.5265596508979797,-0.02941140905022621,0.34806936979293823,0.4294497072696686,0.02573058195412159,0.391097754240036,0.4043738543987274,0.015132294967770576,0.42262497544288635,0.40691259503364563,-0.0009085902711376548,0.4488687813282013,0.41419917345046997,-0.012545614503324032,0.33623006939888,0.40588903427124023,0.01995924673974514,0.38618341088294983,0.3777356743812561,0.008406023494899273,0.4198133945465088,0.3846588134765625,-0.009718669578433037,0.4471830129623413,0.40504810214042664,-0.022133151069283485,0.3183287978172302,0.38626301288604736,0.009219037368893623,0.3697189688682556,0.3544665575027466,-0.0038299034349620342,0.40335434675216675,0.3593350052833557,-0.01599820889532566,0.43091458082199097,0.3758150041103363,-0.02307511493563652,0.2964039444923401,0.37206611037254333,-0.003656793851405382,0.34344789385795593,0.34913575649261475,-0.016010724008083344,0.375771701335907,0.34803032875061035,-0.022736387327313423,0.4047027826309204,0.3570380210876465,-0.026342235505580902
0.2232421636581421,0.5300280451774597,5.068912400929548e-07,0.2819555699825287,0.5504831671714783,-0.011599026620388031,0.3449447751045227,0.544344425201416,-0.016505703330039978,0.39571046829223633,0.5424680113792419,-0.024388184770941734,0.43843987584114075,0.5276862382888794,-0.032038185745477676,0.34792664647102356,0.4312240183353424,0.022568268701434135,0.3909206688404083,0.4047342836856842,0.010897979140281677,0.4225761890411377,0.4060356914997101,-0.005326367914676666,0.4490606188774109,0.4130311906337738,-0.016947584226727486,0.335991770029068,0.4069547653198242,0.016911301761865616,0.38535797595977783,0.37603285908699036,0.0047022136859595776,0.418883740901947,0.3819063603878021,-0.012974388897418976,0.4461606442928314,0.402372270822525,-0.02499169297516346,0.31775152683258057,0.38729315996170044,0.006339991465210915,0.36784976720809937,0.35226354002952576,-0.007196227088570595,0.4012606739997864,0.3563336133956909,-0.019155342131853104,0.4288331866264343,0.3734939694404602,-0.026091337203979492,0.2956449091434479,0.37376970052719116,-0.006375656463205814,0.3414851427078247,0.35039058327674866,-0.019072405993938446,0.3721969425678253,0.34872186183929443,-0.025706639513373375,0.3992185592651367,0.35756245255470276,-0.029227355495095253
0.2235097438097,0.5281305313110352,5.029605745221488e-07,0.28074389696121216,0.5490328073501587,-0.012158711440861225,0.3443695902824402,0.5421307682991028,-0.0164436474442482,0.395293653011322,0.5407620072364807,-0.02338343858718872,0.43724188208580017,0.5241608023643494,-0.029893821105360985,0.348114013671875,0.4271363317966461,0.02300901524722576,0.3899775743484497,0.4002448618412018,0.01267668604850769,0.4212198853492737,0.40012919902801514,-0.0026786408852785826,0.4477837383747101,0.40516555309295654,-0.013866777531802654,0.33636924624443054,0.40361467003822327,0.01797829195857048,0.38529497385025024,0.3742280900478363,0.007370974402874708,0.4186927080154419,0.37955111265182495,-0.009148969314992428,0.4470909833908081,0.39776283502578735,-0.02065456658601761,0.31853801012039185,0.38456934690475464,0.007941530086100101,0.36941856145858765,0.3527761697769165,-0.004347699228674173,0.4031296968460083,0.35619932413101196,-0.015294616110622883,0.4318278729915619,0.37040644884109497,-0.021792827174067497,0.296352744102478,0.3708835542201996,-0.0044079311192035675,0.3426390290260315,0.34673774242401123,-0.016110843047499657,0.3744282126426697,0.3439174294471741,-0.022146621719002724,0.4034794867038727,0.35088688135147095,-0.025436071678996086
0.2239016443490982,0.5277276039123535,5.062209424977482e-07,0.2817208766937256,0.5477773547172546,-0.01218598522245884,0.34471848607063293,0.5422067642211914,-0.016930582001805305,0.39528709650039673,0.5404382944107056,-0.02437870390713215,0.4373815357685089,0.5243268013000488,-0.03145335987210274,0.347273051738739,0.42706072330474854,0.0222636666148901,0.3894069194793701,0.4001014828681946,0.011012456379830837,0.4208871126174927,0.4002746343612671,-0.0048216041177511215,0.44775697588920593,0.40603941679000854,-0.016216585412621498,0.33532196283340454,0.40338802337646484,0.01707725040614605,0.3842986524105072,0.37370386719703674,0.00597047246992588,0.417925089597702,0.3780630826950073,-0.010734012350440025,0.446591317653656,0.39579859375953674,-0.02243359014391899,0.31731265783309937,0.3844371438026428,0.0068708318285644054,0.3678491413593292,0.35275694727897644,-0.005829944740980864,0.4014463424682617,0.35494640469551086,-0.016915954649448395,0.43025678396224976,0.368388295173645,-0.023549335077404976,0.2952301800251007,0.37104660272598267,-0.005623095203191042,0.3409794569015503,0.3481276333332062,-0.017711900174617767,0.3720395267009735,0.34502485394477844,-0.023884840309619904,0.4004073739051819,0.3512035012245178,-0.027245141565799713
0.2236938178539276,0.5279020071029663,5.05262562455755e-07,0.28077268600463867,0.5480309724807739,-0.012287658639252186,0.34392407536506653,0.5403950214385986,-0.017010238021612167,0.3949700891971588,0.5377903580665588,-0.024449655786156654,0.4368817210197449,0.5207483172416687,-0.03151377663016319,0.3467770218849182,0.425363153219223,0.02181483991444111,0.3889785706996918,0.39854875206947327,0.01042467076331377,0.4205767512321472,0.4000052511692047,-0.005494906101375818,0.44708308577537537,0.40703248977661133,-0.016936620697379112,0.334776371717453,0.40155908465385437,0.01658010296523571,0.38417699933052063,0.3721546530723572,0.004563346970826387,0.41821587085723877,0.37894168496131897,-0.012722951360046864,0.4466237723827362,0.3990882635116577,-0.02446962520480156,0.3168061673641205,0.38258448243141174,0.00639118580147624,0.3682672381401062,0.35048604011535645,-0.007342916913330555,0.40319570899009705,0.35550519824028015,-0.019211046397686005,0.43244126439094543,0.3719260096549988,-0.02598750777542591,0.29487380385398865,0.36962246894836426,-0.0059858509339392185,0.3421913683414459,0.34635528922080994,-0.01897014118731022,0.37489011883735657,0.3451794385910034,-0.025765597820281982,0.40414005517959595,0.3540225625038147,-0.029315773397684097
0.2239198088645935,0.5261331796646118,5.030133820582705e-07,0.28111013770103455,0.5454374551773071,-0.012122421525418758,0.3432890772819519,0.539598286151886,-0.017531659454107285,0.3939987123012543,0.536895215511322,-0.025691812857985497,0.43502068519592285,0.5178976655006409,-0.0335073322057724,0.34568390250205994,0.42512309551239014,0.019869215786457062,0.388599693775177,0.39852046966552734,0.007563191000372171,0.4208502173423767,0.4008753001689911,-0.008798525668680668,0.4473240077495575,0.4091390073299408,-0.020259130746126175,0.33388760685920715,0.40113431215286255,0.014518527314066887,0.3835657238960266,0.3694814145565033,0.0018256600014865398,0.41790419816970825,0.3761364817619324,-0.015689359977841377,0.445537805557251,0.39742112159729004,-0.027457039803266525,0.3163386285305023,0.38231146335601807,0.00441608065739274,0.3673270344734192,0.3468068838119507,-0.009375866502523422,0.40277254581451416,0.35163772106170654,-0.02142167277634144,0.4318655729293823,0.3695952296257019,-0.02829447016119957,0.29551759362220764,0.37006470561027527,-0.007810897193849087,0.34316471219062805,0.34585708379745483,-0.02060098946094513,0.37619468569755554,0.34561431407928467,-0.027301551774144173,0.4048004746437073,0.3564082384109497,-0.030718369409441948
0.2239643931388855,0.5264965891838074,5.024571692047175e-07,0.2820611894130707,0.5452051162719727,-0.011412657797336578,0.3440498113632202,0.5387888550758362,-0.016522200778126717,0.3945523202419281,0.5355385541915894,-0.024573789909482002,0.43570587038993835,0.5150290727615356,-0.03237953037023544,0.3443727493286133,0.4236770570278168,0.02067909948527813,0.3882902264595032,0.3976576030254364,0.008615451864898205,0.4210472106933594,0.4019290804862976,-0.007574082352221012,0.44708338379859924,0.4121319055557251,-0.01883613131940365,0.3327704071998596,0.40057119727134705,0.014909814111888409,0.3842770457267761,0.3696373403072357,0.0019104121020063758,0.4196559488773346,0.3784133195877075,-0.016135921701788902,0.4467390179634094,0.40213918685913086,-0.02804684080183506,0.31540676951408386,0.3825702667236328,0.00448763370513916,0.3687328100204468,0.3471938967704773,-0.0094367740675807,0.4055095314979553,0.35409969091415405,-0.021771416068077087,0.4344055652618408,0.37394654750823975,-0.02872360870242119,0.2945118844509125,0.370884507894516,-0.007956893183290958,0.3437505066394806,0.3454912602901459,-0.021186813712120056,0.378431499004364,0.3466535210609436,-0.028267672285437584,0.40761831402778625,0.35942596197128296,-0.03180256113409996
0.22285424172878265,0.5271275639533997,5.04893364450254e-07,0.28086620569229126,0.5449178218841553,-0.011224390007555485,0.34317585825920105,0.5375363230705261,-0.016028013080358505,0.3938034176826477,0.5337150692939758,-0.023786524310708046,0.43524742126464844,0.5144796967506409,-0.031171243637800217,0.3439495265483856,0.423677533864975,0.022078128531575203,0.38756632804870605,0.3994027078151703,0.010636651888489723,0.4204637408256531,0.4028197228908539,-0.005428509786725044,0.4470343589782715,0.41175615787506104,-0.016862550750374794,0.33226948976516724,0.4000101685523987,0.01630553789436817,0.3828331232070923,0.37012457847595215,0.0033216672018170357,0.4179683327674866,0.37935671210289,-0.014921694062650204,0.44602155685424805,0.4032007157802582,-0.02699090726673603,0.3148030638694763,0.38146278262138367,0.005879665724933147,0.3679295480251312,0.34728750586509705,-0.00866752676665783,0.40454208850860596,0.3559941053390503,-0.021174676716327667,0.4340733587741852,0.37739109992980957,-0.028069524094462395,0.2940489649772644,0.3695637583732605,-0.0064947232604026794,0.34404098987579346,0.3471372425556183,-0.020442109555006027,0.37832626700401306,0.35021424293518066,-0.027699368074536324,0.4074356257915497,0.3641670346260071,-0.031214464455842972
0.22349445521831512,0.5277050137519836,4.925445296066755e-07,0.28177618980407715,0.5461620688438416,-0.010169552639126778,0.3434574007987976,0.5378116369247437,-0.014265132136642933,0.39387673139572144,0.5341388583183289,-0.021482957527041435,0.4347401261329651,0.5157191157341003,-0.02839812822639942,0.34392884373664856,0.4251304566860199,0.022435316815972328,0.3873555362224579,0.4013036787509918,0.011050214990973473,0.4205027222633362,0.4048680067062378,-0.004841309040784836,0.44686824083328247,0.41400444507598877,-0.016094807535409927,0.33302608132362366,0.4020441770553589,0.016399463638663292,0.3840290904045105,0.37241700291633606,0.0033765346743166447,0.41953542828559875,0.3823831081390381,-0.014834228903055191,0.4469676613807678,0.40691694617271423,-0.026821240782737732,0.31587809324264526,0.38388553261756897,0.0058285510167479515,0.3691036105155945,0.35009998083114624,-0.00864684022963047,0.4054916799068451,0.36039459705352783,-0.021118782460689545,0.43396568298339844,0.38304921984672546,-0.02797100506722927,0.2949333190917969,0.371843159198761,-0.006567962933331728,0.3440670967102051,0.3488382399082184,-0.020394254475831985,0.3785163164138794,0.352290540933609,-0.02773091569542885,0.40784475207328796,0.36659568548202515,-0.031347937881946564
0.2235167771577835,0.5296260118484497,4.957486794410215e-07,0.2812826931476593,0.5480072498321533,-0.010563944466412067,0.3430245816707611,0.5399581789970398,-0.015271354466676712,0.39344164729118347,0.5363475680351257,-0.023062588647007942,0.4342274069786072,0.5164806246757507,-0.030483417212963104,0.3431180715560913,0.42728134989738464,0.02131889946758747,0.38664859533309937,0.40206512808799744,0.009663645178079605,0.419845312833786,0.40496957302093506,-0.006101770326495171,0.4461606442928314,0.413795530796051,-0.01721695065498352,0.3322506546974182,0.404021680355072,0.015273894183337688,0.38306519389152527,0.3722638189792633,0.0017687140498310328,0.41872042417526245,0.3825245201587677,-0.016325637698173523,0.4456586539745331,0.40825802087783813,-0.02808147482573986,0.31506067514419556,0.385502427816391,0.004717733711004257,0.3683355748653412,0.3492433726787567,-0.010114572010934353,0.4048405587673187,0.3596896827220917,-0.022491000592708588,0.4327692985534668,0.38364607095718384,-0.0291665717959404,0.2943732738494873,0.3735528290271759,-0.007677112706005573,0.3442314565181732,0.3503592312335968,-0.021809961646795273,0.3789299428462982,0.35460934042930603,-0.02918507531285286,0.40743979811668396,0.37054386734962463,-0.03274521604180336
0.22368010878562927,0.5299199819564819,5.130971203470835e-07,0.28198710083961487,0.5482330918312073,-0.010614764876663685,0.34387871623039246,0.5413984656333923,-0.015600680373609066,0.3942040503025055,0.538077712059021,-0.023771774023771286,0.4347766637802124,0.5175748467445374,-0.0315643772482872,0.3429177403450012,0.4268992841243744,0.022934233769774437,0.3861842751502991,0.40018466114997864,0.011746621690690517,0.41955745220184326,0.40314868092536926,-0.004128206986933947,0.44565263390541077,0.41228654980659485,-0.015329284593462944,0.3321110010147095,0.40457016229629517,0.01690380461513996,0.38254404067993164,0.37192055583000183,0.003616108326241374,0.4184649884700775,0.3826422095298767,-0.015009731985628605,0.44507554173469543,0.4094497859477997,-0.027079354971647263,0.3151876628398895,0.3861106336116791,0.006340985652059317,0.36820757389068604,0.34955883026123047,-0.00766108138486743,0.40482252836227417,0.3604690730571747,-0.01968282461166382,0.43229538202285767,0.3851502239704132,-0.026188770309090614,0.2944680154323578,0.37414053082466125,-0.006165630184113979,0.34370601177215576,0.350390762090683,-0.019145216792821884,0.37806883454322815,0.35445839166641235,-0.025725126266479492,0.4059732258319855,0.37015581130981445,-0.02880515344440937
0.2226235270500183,0.5266817212104797,5.102181717120402e-07,0.2822147011756897,0.5472614765167236,-0.00684622535482049,0.34335193037986755,0.5396150946617126,-0.010108652524650097,0.39346393942832947,0.5364527702331543,-0.017568666487932205,0.4342881441116333,0.5176801681518555,-0.024363253265619278,0.34064510464668274,0.4207395613193512,0.029179023578763008,0.38118788599967957,0.38997697830200195,0.01988796889781952,0.4146687686443329,0.3918529152870178,0.005012402310967445,0.4411907196044922,0.4013889729976654,-0.0057207029312849045,0.3299558162689209,0.39875102043151855,0.02114162966609001,0.3783160150051117,0.3617750108242035,0.008729330264031887,0.4161311388015747,0.3739731013774872,-0.009198088198900223,0.44441020488739014,0.4027910530567169,-0.020620469003915787,0.31386351585388184,0.3813101351261139,0.008490899577736855,0.36755555868148804,0.34001022577285767,-0.006155089940875769,0.4074821472167969,0.3542374074459076,-0.019253646954894066,0.43664294481277466,0.3828050196170807,-0.025998562574386597,0.2960997521877289,0.3714028298854828,-0.005738690961152315,0.34940868616104126,0.34867286682128906,-0.01987864077091217,0.386395663022995,0.3580489158630371,-0.027690500020980835,0.41526463627815247,0.37911203503608704,-0.03128932788968086
0.22245800495147705,0.5262089967727661,4.924516474602569e-07,0.28290754556655884,0.5470095872879028,-0.006679177284240723,0.3433396816253662,0.5412113666534424,-0.009704510681331158,0.39293891191482544,0.5371347069740295,-0.016731206327676773,0.43337857723236084,0.5171459913253784,-0.023040520027279854,0.34130701422691345,0.42083340883255005,0.029085267335176468,0.38208436965942383,0.3908628523349762,0.020547814667224884,0.41567543148994446,0.3914036452770233,0.005903886165469885,0.44196730852127075,0.4010216295719147,-0.004670069552958012,0.32968780398368835,0.3978321850299835,0.021450504660606384,0.37759456038475037,0.35893577337265015,0.009821446612477303,0.4139763414859772,0.37028980255126953,-0.007891854271292686,0.4418754577636719,0.4005093574523926,-0.019318750128149986,0.313525527715683,0.3801729679107666,0.009417709894478321,0.3669959008693695,0.3371240496635437,-0.004871748853474855,0.4056532680988312,0.35082900524139404,-0.01779310032725334,0.434556782245636,0.3811609148979187,-0.02454683557152748,0.29667386412620544,0.37087416648864746,-0.004104545805603266,0.3519890606403351,0.3490307927131653,-0.018196934834122658,0.38882723450660706,0.3597525656223297,-0.02557884156703949,0.4173141121864319,0.38337650895118713,-0.028798988088965416
0.22218793630599976,0.5291450619697571,5.751663820774411e-07,0.28898245096206665,0.5442414283752441,-0.0022295231465250254,0.3490847051143646,0.5333601832389832,-0.006599394604563713,0.3984154462814331,0.52946937084198,-0.01624702289700508,0.4398752450942993,0.5136147141456604,-0.02484206296503544,0.330374538898468,0.4008481800556183,0.030313678085803986,0.37521979212760925,0.3709162771701813,0.0240752175450325,0.41178321838378906,0.36954981088638306,0.012163537554442883,0.438837468624115,0.3772737979888916,0.003038473427295685,0.3152915835380554,0.3794201910495758,0.019512878730893135,0.3708713948726654,0.3397215008735657,0.01025870069861412,0.4126843810081482,0.3473653495311737,-0.00388529896736145,0.443856418132782,0.37091007828712463,-0.01318474393337965,0.3013404309749603,0.369765043258667,0.004722042940557003,0.3646136522293091,0.3287045955657959,-0.008883831091225147,0.4096231758594513,0.340959757566452,-0.019459692761301994,0.4422426223754883,0.36513057351112366,-0.025094643235206604,0.29240426421165466,0.3749768137931824,-0.011212281882762909,0.35715001821517944,0.36310869455337524,-0.024280693382024765,0.3980926275253296,0.3713729679584503,-0.030403468757867813,0.43033111095428467,0.3850560486316681,-0.03338589146733284
0.221981942653656,0.5363530516624451,5.684892698809563e-07,0.2889477014541626,0.5472338199615479,-0.0014766203239560127,0.3501240313053131,0.5321767926216125,-0.007684173993766308,0.397165447473526,0.5265045762062073,-0.01797223649919033,0.4392208456993103,0.5162093639373779,-0.027067044749855995,0.3238332271575928,0.3882524371147156,0.018251173198223114,0.37732040882110596,0.3713763356208801,0.008983743377029896,0.41788139939308167,0.37421607971191406,-0.004061570391058922,0.44757992029190063,0.38371333479881287,-0.013988868333399296,0.30867767333984375,0.3701094388961792,0.0075320168398320675,0.3753822147846222,0.3451540172100067,-0.0020727310329675674,0.4205836057662964,0.3555717170238495,-0.01438757311552763,0.4533981382846832,0.37658199667930603,-0.023398423567414284,0.29660525918006897,0.3686763346195221,-0.005934299435466528,0.36827805638313293,0.3406332731246948,-0.018480073660612106,0.41664689779281616,0.3536446988582611,-0.026448221877217293,0.45162880420684814,0.3742876350879669,-0.03145216777920723,0.2908359467983246,0.3836190402507782,-0.020283108577132225,0.3575132489204407,0.3779321610927582,-0.03167136386036873,0.39878764748573303,0.3842467963695526,-0.035667385905981064,0.43124786019325256,0.393161803483963,-0.0376896858215332
0.2195768505334854,0.5365015268325806,5.647061129820941e-07,0.28964507579803467,0.5457828044891357,0.0007668549078516662,0.34995129704475403,0.5305272340774536,-0.004915366414934397,0.3958033621311188,0.5244514346122742,-0.015017825178802013,0.4376944303512573,0.5149667859077454,-0.023964883759617805,0.3184990882873535,0.3832302987575531,0.019224707037210464,0.3747103810310364,0.36924389004707336,0.010183969512581825,0.4167879521846771,0.37283122539520264,-0.0026807994581758976,0.4470539391040802,0.3828480839729309,-0.012479483149945736,0.30330991744995117,0.36622491478919983,0.007410151418298483,0.3733581602573395,0.34409576654434204,-0.001777151133865118,0.4194961488246918,0.35394078493118286,-0.013600850477814674,0.45269346237182617,0.3731854557991028,-0.022402793169021606,0.2927677035331726,0.3677269220352173,-0.006893542129546404,0.3666686713695526,0.3417721688747406,-0.019083432853221893,0.4160687327384949,0.35404521226882935,-0.026612678542733192,0.45143038034439087,0.3730808198451996,-0.0314096175134182,0.28985100984573364,0.38605812191963196,-0.021885326132178307,0.35755670070648193,0.37938234210014343,-0.03284454718232155,0.39902323484420776,0.3847663700580597,-0.03631876781582832,0.43168994784355164,0.39242643117904663,-0.038027454167604446
0.2204717993736267,0.5361371636390686,5.599541736955871e-07,0.29108184576034546,0.5420161485671997,0.004196512047201395,0.3490871787071228,0.5228237509727478,-0.0008662547334097326,0.39445391297340393,0.5182221531867981,-0.011226223781704903,0.4361925721168518,0.5143052339553833,-0.020916059613227844,0.31577643752098083,0.375529944896698,0.019757350906729698,0.37329214811325073,0.3631581664085388,0.010129882954061031,0.415047287940979,0.3668423295021057,-0.0032283447217196226,0.44570475816726685,0.37635090947151184,-0.013557483442127705,0.30080002546310425,0.3599725067615509,0.0056173852644860744,0.3721775710582733,0.34076032042503357,-0.00411981949582696,0.4183198809623718,0.34985703229904175,-0.016187550500035286,0.4520798921585083,0.36785411834716797,-0.02524334192276001,0.29073935747146606,0.3636310398578644,-0.010583552531898022,0.3660171329975128,0.3407517373561859,-0.02222602441906929,0.4149070084095001,0.35131925344467163,-0.028826294466853142,0.45058441162109375,0.36740997433662415,-0.033220816403627396,0.28894340991973877,0.38542309403419495,-0.027292737737298012,0.35851380228996277,0.3781043589115143,-0.037120573222637177,0.4004441201686859,0.3812582492828369,-0.03929266706109047,0.43358665704727173,0.3862494230270386,-0.040266599506139755
0.2193518579006195,0.5363340377807617,5.594922640739242e-07,0.2905637323856354,0.5422911643981934,0.004439149983227253,0.34933581948280334,0.5210938453674316,-0.0008252946427091956,0.39478933811187744,0.5162087082862854,-0.011448375880718231,0.43633535504341125,0.5133728981018066,-0.02154681831598282,0.3160218596458435,0.37445613741874695,0.018713153898715973,0.37443363666534424,0.36246538162231445,0.008530286140739918,0.4168555438518524,0.3664768934249878,-0.005565959960222244,0.44804248213768005,0.37546011805534363,-0.01663104258477688,0.3008745014667511,0.35932472348213196,0.0039095645770430565,0.37285634875297546,0.33932363986968994,-0.006662135943770409,0.4202626347541809,0.3483138084411621,-0.020100299268960953,0.45508861541748047,0.3654307723045349,-0.030223043635487556,0.2900751531124115,0.36296793818473816,-0.012742857448756695,0.3652156591415405,0.33887267112731934,-0.0251078512519598,0.41529154777526855,0.35028669238090515,-0.032550837844610214,0.452176034450531,0.36610689759254456,-0.03764047101140022,0.288251668214798,0.38542094826698303,-0.029844185337424278,0.35843122005462646,0.37783974409103394,-0.04002544656395912,0.40078723430633545,0.3814982771873474,-0.042334046214818954,0.43419724702835083,0.38619986176490784,-0.04358857497572899
0.2191333770751953,0.5349645614624023,5.506531692844874e-07,0.29037731885910034,0.5407755374908447,0.00410010339692235,0.34958145022392273,0.5201902985572815,-0.001214659889228642,0.395280122756958,0.5154566764831543,-0.011860481463372707,0.43703895807266235,0.5120294094085693,-0.02188403345644474,0.31671154499053955,0.37382447719573975,0.01848997175693512,0.37544748187065125,0.3615208864212036,0.007804106455296278,0.4178496301174164,0.36605560779571533,-0.006709440145641565,0.4488067030906677,0.3750435411930084,-0.018065281212329865,0.3019045889377594,0.35880085825920105,0.0036487586330622435,0.37412118911743164,0.3376503586769104,-0.007742681540548801,0.4215669631958008,0.3471282720565796,-0.02183317020535469,0.4561624228954315,0.3643845319747925,-0.03227713331580162,0.2911220192909241,0.3624344766139984,-0.013057192787528038,0.3666103184223175,0.3375360369682312,-0.026148220524191856,0.41685280203819275,0.3497985303401947,-0.03384656831622124,0.45367205142974854,0.36624419689178467,-0.038931701332330704,0.28933775424957275,0.3847448229789734,-0.03024442307651043,0.359720915555954,0.3770822286605835,-0.040979061275720596,0.40181678533554077,0.38062167167663574,-0.04349617660045624,0.43487709760665894,0.38521915674209595,-0.04479570686817169
0.21915601193904877,0.534650981426239,5.556729547606665e-07,0.2915094792842865,0.5396209359169006,0.005415513180196285,0.34984326362609863,0.5187604427337646,0.0005021014367230237,0.3951044976711273,0.5148606896400452,-0.01002761535346508,0.4369836151599884,0.5118606090545654,-0.02002779208123684,0.3152157664299011,0.37032464146614075,0.01959875226020813,0.3755244016647339,0.35841602087020874,0.009052205830812454,0.4183116853237152,0.363925963640213,-0.0054648201912641525,0.44959768652915955,0.37350213527679443,-0.0168145801872015,0.30071723461151123,0.35573357343673706,0.004128292668610811,0.37456393241882324,0.33648648858070374,-0.007088636513799429,0.42258262634277344,0.3467201590538025,-0.02127174101769924,0.45744991302490234,0.3649051785469055,-0.03183253854513168,0.2906777560710907,0.36020639538764954,-0.01308252289891243,0.3672555387020111,0.33681347966194153,-0.025643713772296906,0.4174334406852722,0.34948059916496277,-0.03315869718790054,0.4541720151901245,0.3660537898540497,-0.03818809241056442,0.2899338901042938,0.383558988571167,-0.030675876885652542,0.3610955774784088,0.37505123019218445,-0.04061528295278549,0.4032418429851532,0.3791080117225647,-0.04247792810201645,0.4361177384853363,0.3842635452747345,-0.043359868228435516
0.22021032869815826,0.5344097018241882,5.407824232861458e-07,0.29153093695640564,0.5390947461128235,0.004686044063419104,0.35030752420425415,0.5183526277542114,-0.0006001144065521657,0.39594560861587524,0.5144157409667969,-0.011354119516909122,0.43755581974983215,0.5112746953964233,-0.021544544026255608,0.31650280952453613,0.3701608180999756,0.01860640197992325,0.37537333369255066,0.3574533462524414,0.008060866966843605,0.4174850285053253,0.3626655340194702,-0.0062936171889305115,0.4480697810649872,0.3724217116832733,-0.017488040030002594,0.301516592502594,0.3559221029281616,0.0034082618076354265,0.37363263964653015,0.33529913425445557,-0.007895746268332005,0.4211019277572632,0.3452873229980469,-0.021879563108086586,0.4553369879722595,0.3636132478713989,-0.03222460299730301,0.2907376289367676,0.3603542149066925,-0.013570276089012623,0.36589688062667847,0.33511561155319214,-0.026562802493572235,0.4159892201423645,0.3477762043476105,-0.034209154546260834,0.45265474915504456,0.3646203577518463,-0.039198439568281174,0.28921622037887573,0.3833118975162506,-0.030946440994739532,0.35957056283950806,0.37429070472717285,-0.041535187512636185,0.4014562666416168,0.3786134123802185,-0.04367991164326668,0.43409132957458496,0.3841049075126648,-0.044636715203523636
0.22118602693080902,0.5343019962310791,5.445439796858409e-07,0.29279589653015137,0.5399205088615417,0.00428151385858655,0.35019952058792114,0.5197479724884033,-0.0011533974902704358,0.39500749111175537,0.5146646499633789,-0.011969069018959999,0.4365663230419159,0.5102674961090088,-0.02210678718984127,0.3146795630455017,0.370827853679657,0.018675310537219048,0.37383031845092773,0.3595774173736572,0.007700057700276375,0.41686326265335083,0.3651849031448364,-0.006998516619205475,0.44826453924179077,0.3760738670825958,-0.018267778679728508,0.30059388279914856,0.3563690185546875,0.003884301520884037,0.3734694719314575,0.3365176320075989,-0.0073159500025212765,0.4213576912879944,0.3466307520866394,-0.02082916721701622,0.4560885429382324,0.36516278982162476,-0.030835354700684547,0.29133346676826477,0.3607008755207062,-0.01281737256795168,0.36701881885528564,0.3374546766281128,-0.025404121726751328,0.4170467257499695,0.3495078682899475,-0.03266198933124542,0.4533836841583252,0.36643490195274353,-0.037463393062353134,0.291158527135849,0.38313812017440796,-0.03006008081138134,0.3606787323951721,0.37617027759552,-0.04038793221116066,0.40199270844459534,0.3800809979438782,-0.04250834882259369,0.43439897894859314,0.38543733954429626,-0.04342655837535858
0.22090719640254974,0.5353195071220398,5.28357759321807e-07,0.2908805012702942,0.5414209961891174,0.004036061931401491,0.3495204448699951,0.5207728147506714,-0.0013068264815956354,0.39480647444725037,0.5151705145835876,-0.011880764737725258,0.4354374408721924,0.5114926099777222,-0.02178717777132988,0.31588444113731384,0.3733559250831604,0.017261842265725136,0.37450408935546875,0.36034145951271057,0.00613916153088212,0.4166985750198364,0.3668902516365051,-0.008361036889255047,0.447223961353302,0.3782884180545807,-0.01944589614868164,0.3015742599964142,0.3582707941532135,0.0026297811418771744,0.3740946054458618,0.3369922637939453,-0.00865380372852087,0.4212944209575653,0.3481559157371521,-0.02212429605424404,0.45485857129096985,0.3674453794956207,-0.032071858644485474,0.2915341854095459,0.3618687093257904,-0.013851280324161053,0.36675941944122314,0.3366454839706421,-0.026807935908436775,0.41636109352111816,0.350216269493103,-0.03433884307742119,0.45190486311912537,0.3686215579509735,-0.03924090415239334,0.290256142616272,0.3835920989513397,-0.030805440619587898,0.3599485456943512,0.3759607970714569,-0.041783254593610764,0.40184393525123596,0.3810017704963684,-0.04441716894507408,0.43460753560066223,0.3872973918914795,-0.04562608152627945
0.2203291356563568,0.5355120301246643,5.331220336302067e-07,0.291472464799881,0.541363537311554,0.004650252405554056,0.3495800793170929,0.5220831036567688,-0.0007318378193303943,0.39504846930503845,0.5171915292739868,-0.01168608944863081,0.4367324411869049,0.511669397354126,-0.02201053500175476,0.3146480917930603,0.37538251280784607,0.019547000527381897,0.3730788230895996,0.36275914311408997,0.008734677918255329,0.4160137474536896,0.36912351846694946,-0.005765679758042097,0.44703784584999084,0.3809817433357239,-0.01670891046524048,0.3008642792701721,0.3605688214302063,0.004712249152362347,0.3736155331134796,0.3391280770301819,-0.006105005741119385,0.42098918557167053,0.3507210314273834,-0.01925596036016941,0.45427796244621277,0.370792031288147,-0.028959540650248528,0.2915436923503876,0.3637257218360901,-0.012081220746040344,0.3672202527523041,0.3391993045806885,-0.02449541725218296,0.41649937629699707,0.35381168127059937,-0.031554192304611206,0.4510159492492676,0.37372085452079773,-0.03610850125551224,0.2907485365867615,0.3841760456562042,-0.029387956485152245,0.3601255714893341,0.3767762780189514,-0.039889343082904816,0.40160125494003296,0.3834231495857239,-0.04201192408800125,0.4334055483341217,0.39177918434143066,-0.0427858904004097
0.22025629878044128,0.5367274284362793,5.177049615667784e-07,0.29057392477989197,0.5422582030296326,0.005313671659678221,0.35025304555892944,0.5222426056861877,0.0006322572589851916,0.39544346928596497,0.5177176594734192,-0.009706075303256512,0.43699800968170166,0.5135576725006104,-0.019432438537478447,0.3172840178012848,0.37611261010169983,0.020254388451576233,0.37506213784217834,0.36247795820236206,0.010146761313080788,0.41628363728523254,0.3699575662612915,-0.003621920943260193,0.4456528425216675,0.38202571868896484,-0.014121613465249538,0.30253687500953674,0.3602668046951294,0.005235783755779266,0.37495172023773193,0.3388950228691101,-0.0056259543634951115,0.420769065618515,0.35271599888801575,-0.018959565088152885,0.45215797424316406,0.3748016059398651,-0.028488779440522194,0.2921297252178192,0.3625430762767792,-0.011618917807936668,0.367371141910553,0.3372567296028137,-0.024090366438031197,0.41576290130615234,0.3534696698188782,-0.03140390291810036,0.449699342250824,0.3745287358760834,-0.03590519353747368,0.290244996547699,0.3828194737434387,-0.028834817931056023,0.3604278564453125,0.3751680254936218,-0.039246171712875366,0.4024362564086914,0.38232067227363586,-0.041511766612529755,0.43487438559532166,0.3909554183483124,-0.042309992015361786
0.21886751055717468,0.5374637842178345,5.014324528929137e-07,0.2921067476272583,0.5407044291496277,0.012491786852478981,0.3497597277164459,0.521766185760498,0.010762724094092846,0.3948233127593994,0.5180058479309082,0.0015595471486449242,0.4363097846508026,0.5139970779418945,-0.007521274033933878,0.31386157870292664,0.37266528606414795,0.030415212735533714,0.373335063457489,0.35838109254837036,0.023019688203930855,0.41493088006973267,0.36753958463668823,0.010180279612541199,0.4446162283420563,0.3814990222454071,5.669160145771457e-06,0.30052077770233154,0.3582829236984253,0.011552204377949238,0.3747711479663849,0.3363794684410095,0.002820052905008197,0.42115679383277893,0.3512975573539734,-0.010459022596478462,0.4524497389793396,0.376220166683197,-0.02007955312728882,0.2918910086154938,0.3618038296699524,-0.008829890750348568,0.36850011348724365,0.33678120374679565,-0.0186321958899498,0.417387455701828,0.35418450832366943,-0.025278698652982712,0.451182097196579,0.3768870234489441,-0.029785659164190292,0.2918335199356079,0.3836953341960907,-0.02920190431177616,0.3625969886779785,0.3730491101741791,-0.03747444227337837,0.4045770466327667,0.38102734088897705,-0.038435474038124084,0.43677330017089844,0.3911219537258148,-0.03857390582561493
0.2205284833908081,0.5406537652015686,4.6662066210956255e-07,0.29089900851249695,0.5433598756790161,0.009472569450736046,0.3493514657020569,0.5255001783370972,0.0064075239934027195,0.39493638277053833,0.5208260416984558,-0.003415051382035017,0.43589091300964355,0.5141236782073975,-0.012694869190454483,0.3135899305343628,0.3736829161643982,0.02648882009088993,0.3710877597332001,0.3566763699054718,0.01732432097196579,0.4124324321746826,0.3677312135696411,0.0039406209252774715,0.44108375906944275,0.38391759991645813,-0.005958469118922949,0.3006167709827423,0.35974258184432983,0.009569191373884678,0.37446632981300354,0.3356623351573944,-0.0010734177194535732,0.4203495681285858,0.3556182384490967,-0.014344953000545502,0.44926777482032776,0.38478323817253113,-0.02316003106534481,0.29222196340560913,0.3628123998641968,-0.009057139046490192,0.3686402142047882,0.3349308371543884,-0.02087404765188694,0.4165548086166382,0.3576396703720093,-0.027934495359659195,0.4474836587905884,0.3861149847507477,-0.03178982436656952,0.2913057506084442,0.38270804286003113,-0.027775418013334274,0.35996317863464355,0.37135329842567444,-0.03793426603078842,0.4008724093437195,0.38301047682762146,-0.039802588522434235,0.43130016326904297,0.397509902715683,-0.03983321785926819
0.22035732865333557,0.5401201844215393,4.6720847990400216e-07,0.29108017683029175,0.5421549677848816,0.009966866113245487,0.34942758083343506,0.5252094268798828,0.007065000478178263,0.3943987488746643,0.5195310115814209,-0.002765701385214925,0.43530717492103577,0.5119361877441406,-0.01212735939770937,0.3134903013706207,0.3762028217315674,0.028061555698513985,0.3697669506072998,0.3586462736129761,0.019535966217517853,0.41130658984184265,0.36839812994003296,0.006474542897194624,0.4398901164531708,0.3846864104270935,-0.003088398603722453,0.30026775598526,0.3619100749492645,0.01126850862056017,0.3728176951408386,0.3373314142227173,0.0016845701029524207,0.41853463649749756,0.35594725608825684,-0.010751641355454922,0.4473341703414917,0.38395366072654724,-0.0191440898925066,0.29191839694976807,0.36386632919311523,-0.007322830148041248,0.36755943298339844,0.33364784717559814,-0.01818082667887211,0.4150042235851288,0.3546561300754547,-0.024620013311505318,0.4453691244125366,0.3825201988220215,-0.028230996802449226,0.2910000681877136,0.3818143308162689,-0.026025060564279556,0.3588220775127411,0.3696596026420593,-0.03516068309545517,0.3989686071872711,0.38097870349884033,-0.03634455054998398,0.4284904897212982,0.39569514989852905,-0.035986121743917465
0.21831390261650085,0.5360445380210876,4.035720735373616e-07,0.2896798849105835,0.5361000299453735,0.01954849809408188,0.34551018476486206,0.5188823938369751,0.021277466788887978,0.39072170853614807,0.5126502513885498,0.013332960195839405,0.4308667480945587,0.5068300366401672,0.005175625905394554,0.3054785430431366,0.36699503660202026,0.044798776507377625,0.3596229553222656,0.3430750072002411,0.04245251789689064,0.3994870185852051,0.3529760241508484,0.03300437703728676,0.4265851378440857,0.36911138892173767,0.025448281317949295,0.2934506833553314,0.35372671484947205,0.023409642279148102,0.36316871643066406,0.3225105404853821,0.01932377927005291,0.4066195487976074,0.34173667430877686,0.008982686325907707,0.43296581506729126,0.37194687128067017,0.0018111106473952532,0.28724831342697144,0.35556161403656006,0.00038203864824026823,0.3597804009914398,0.3193785548210144,-0.005352697800844908,0.4067426025867462,0.3412286043167114,-0.010332532227039337,0.4353131353855133,0.3727162480354309,-0.013486270792782307,0.28862717747688293,0.3729282021522522,-0.02240751124918461,0.35290440917015076,0.35097169876098633,-0.027897024527192116,0.3926057815551758,0.36116620898246765,-0.02805325947701931,0.42125481367111206,0.3780133128166199,-0.027467155829072
0.22549229860305786,0.5363513827323914,4.1952267793021747e-07,0.29403024911880493,0.533600389957428,0.01599973440170288,0.34728795289993286,0.5141388177871704,0.016336936503648758,0.39290156960487366,0.5026814341545105,0.007607962470501661,0.4337809085845947,0.4906647801399231,-0.0009913258254528046,0.2980154752731323,0.3643565773963928,0.04314225912094116,0.3524319529533386,0.33831748366355896,0.03948965296149254,0.39314064383506775,0.3469959497451782,0.028946900740265846,0.4209475815296173,0.36173760890960693,0.020913895219564438,0.28700539469718933,0.35127612948417664,0.024006344377994537,0.35573050379753113,0.3173242509365082,0.018217479810118675,0.4001249074935913,0.3343830704689026,0.006650440860539675,0.4286074638366699,0.36287564039230347,-0.0008881117100827396,0.2826713025569916,0.3525520861148834,0.0029070109594613314,0.3541412055492401,0.31461742520332336,-0.0043306429870426655,0.4020085632801056,0.33404380083084106,-0.010413303971290588,0.4322393238544464,0.3640744388103485,-0.013634813949465752,0.2862282991409302,0.36816418170928955,-0.01817486248910427,0.35039591789245605,0.3441166281700134,-0.02489609085023403,0.3909135162830353,0.3531814515590668,-0.02594626136124134,0.4211135506629944,0.36940813064575195,-0.025454016402363777
0.22586500644683838,0.5371924042701721,4.2741959305203636e-07,0.2938048839569092,0.5343785881996155,0.015688445419073105,0.34634318947792053,0.5157715082168579,0.01525192242115736,0.39225471019744873,0.5043702721595764,0.005959202069789171,0.4331490695476532,0.49176132678985596,-0.003238067962229252,0.29620885848999023,0.36586421728134155,0.04078923165798187,0.35154515504837036,0.33880701661109924,0.036580074578523636,0.39307790994644165,0.3467908501625061,0.025807833299040794,0.421668142080307,0.3613211214542389,0.017654981464147568,0.28560930490493774,0.35290592908859253,0.021865567192435265,0.3556677997112274,0.3171023726463318,0.016117282211780548,0.4003821909427643,0.3344816267490387,0.004940025042742491,0.4289512634277344,0.36306998133659363,-0.00247026770375669,0.28199324011802673,0.3547893464565277,0.001139199361205101,0.3541962206363678,0.31442269682884216,-0.0059982831589877605,0.40242305397987366,0.3333386480808258,-0.011530498042702675,0.43272680044174194,0.36198216676712036,-0.014606751501560211,0.28658053278923035,0.3711947798728943,-0.019508713856339455,0.3518688678741455,0.3464667797088623,-0.026123609393835068,0.39227303862571716,0.35624969005584717,-0.026507295668125153,0.4217066764831543,0.3723001182079315,-0.02562660723924637
0.22607436776161194,0.5372708439826965,4.2166766434093006e-07,0.2945563495159149,0.5349276661872864,0.015008592046797276,0.3470386266708374,0.5156278014183044,0.014132950454950333,0.3929564952850342,0.5043468475341797,0.004478598479181528,0.43415096402168274,0.49290889501571655,-0.005125320050865412,0.29543536901474,0.3648616075515747,0.03925906866788864,0.35141849517822266,0.3379027247428894,0.034325990825891495,0.3931735157966614,0.34623757004737854,0.023076189681887627,0.4218881130218506,0.3617096543312073,0.014599933288991451,0.2851438522338867,0.3523573577404022,0.02043766714632511,0.3554947078227997,0.3166600465774536,0.013678525574505329,0.40021783113479614,0.3351675868034363,0.002031059470027685,0.4287221133708954,0.36536043882369995,-0.005512387957423925,0.28198155760765076,0.3547121286392212,-0.00014893767365720123,0.35422495007514954,0.31418994069099426,-0.007771830074489117,0.40265077352523804,0.3334506154060364,-0.013351134024560452,0.43320950865745544,0.3623937964439392,-0.016396470367908478,0.28707224130630493,0.3715701997280121,-0.02072562463581562,0.3523436188697815,0.3467365503311157,-0.027549253776669502,0.39263901114463806,0.3563636541366577,-0.027898509055376053,0.42203056812286377,0.37212327122688293,-0.02696419134736061
0.225982666015625,0.5381601452827454,4.0907997345129843e-07,0.29363375902175903,0.5354909300804138,0.01645221747457981,0.34621667861938477,0.5148745179176331,0.016683397814631462,0.3919873535633087,0.5024911761283875,0.007987848483026028,0.4325977861881256,0.4913187325000763,-0.0007275180541910231,0.29622554779052734,0.36496806144714355,0.04084011912345886,0.35157257318496704,0.33714258670806885,0.036741673946380615,0.39296382665634155,0.3449867367744446,0.02604857087135315,0.4216936230659485,0.3599303662776947,0.01789804734289646,0.28562867641448975,0.35238611698150635,0.021632490679621696,0.3555244207382202,0.31604254245758057,0.015720395371317863,0.40018874406814575,0.33396583795547485,0.004494538065046072,0.42864304780960083,0.36379653215408325,-0.0028391662053763866,0.2820103168487549,0.35456612706184387,0.000752350315451622,0.3538896143436432,0.31337130069732666,-0.006266126874834299,0.4021204710006714,0.33194783329963684,-0.011902854777872562,0.43251824378967285,0.36057353019714355,-0.01507296971976757,0.2865370213985443,0.37127187848091125,-0.01998225413262844,0.35140323638916016,0.34562718868255615,-0.026455478742718697,0.3916834890842438,0.3547881841659546,-0.026964368298649788,0.42113545536994934,0.3702622950077057,-0.026233118027448654
0.23086777329444885,0.545488715171814,4.1107364268100355e-07,0.3008633255958557,0.5398787260055542,0.014382978901267052,0.352134644985199,0.5173121690750122,0.012706234119832516,0.39657580852508545,0.5055448412895203,0.0025622465182095766,0.4370463490486145,0.4955228865146637,-0.007280414924025536,0.29618969559669495,0.3658101558685303,0.03400442376732826,0.3533695340156555,0.3380211889743805,0.026997746899724007,0.3956277072429657,0.34700530767440796,0.015320772305130959,0.42493847012519836,0.3636297285556793,0.0069440146908164024,0.28624096512794495,0.35456138849258423,0.015493601560592651,0.3577306866645813,0.3178085684776306,0.0075666396878659725,0.40258896350860596,0.3360934257507324,-0.0029834057204425335,0.4305976927280426,0.36630019545555115,-0.009497550316154957,0.28392013907432556,0.359126478433609,-0.00461901631206274,0.35648542642593384,0.31702712178230286,-0.012917565181851387,0.40449202060699463,0.3356645107269287,-0.017368964850902557,0.43435585498809814,0.3641781210899353,-0.019367000088095665,0.290663480758667,0.37810882925987244,-0.024746108800172806,0.3557552993297577,0.3519786596298218,-0.03205258771777153,0.39598017930984497,0.36055988073349,-0.0319831445813179,0.4247745871543884,0.37579867243766785,-0.030436810106039047
0.2329871654510498,0.5489099621772766,3.749764232452435e-07,0.3007373511791229,0.5434073209762573,0.014573260210454464,0.3530864715576172,0.5180466771125793,0.014341723173856735,0.3979952037334442,0.5047695636749268,0.005726498086005449,0.4385645091533661,0.49668455123901367,-0.0027458949480205774,0.3003930151462555,0.36963945627212524,0.034863002598285675,0.35543638467788696,0.3401933014392853,0.02801995538175106,0.3966832160949707,0.3478536307811737,0.016567731276154518,0.4251551032066345,0.363597571849823,0.0084611214697361,0.2898404002189636,0.3576897382736206,0.01661684736609459,0.3590887486934662,0.3195808529853821,0.008853733539581299,0.40339523553848267,0.3368120789527893,-0.0014775352319702506,0.43098580837249756,0.3665611743927002,-0.007694631349295378,0.2861897945404053,0.361688494682312,-0.0033295981120318174,0.3574199080467224,0.31852006912231445,-0.012288530357182026,0.40503570437431335,0.3367416262626648,-0.017303023487329483,0.43481412529945374,0.36500608921051025,-0.019370349124073982,0.29092609882354736,0.380038321018219,-0.023183487355709076,0.35589003562927246,0.3539932370185852,-0.031573448330163956,0.3963083326816559,0.36223873496055603,-0.032344553619623184,0.4256460666656494,0.37663280963897705,-0.0311418566852808
0.2351715862751007,0.5511220097541809,3.8591272755184036e-07,0.30340173840522766,0.5452468991279602,0.014194488525390625,0.35493898391723633,0.5191852450370789,0.013519493862986565,0.39931878447532654,0.50494784116745,0.004714523907750845,0.439071387052536,0.49615800380706787,-0.0038356948643922806,0.30088919401168823,0.37188488245010376,0.032631926238536835,0.3568490445613861,0.34284746646881104,0.025340812280774117,0.3985225260257721,0.3496088683605194,0.013735429383814335,0.4271192252635956,0.3643743395805359,0.005489383824169636,0.29020407795906067,0.3599165380001068,0.014692945405840874,0.3604121506214142,0.3214944005012512,0.0065352111123502254,0.40524429082870483,0.33827275037765503,-0.0038787166122347116,0.4332897961139679,0.3665832281112671,-0.01033770851790905,0.28690290451049805,0.36417683959007263,-0.004791045095771551,0.3585766553878784,0.31987273693084717,-0.014247131533920765,0.40659061074256897,0.3378748297691345,-0.019535770639777184,0.4365122318267822,0.36554113030433655,-0.02192084863781929,0.29216524958610535,0.3825734257698059,-0.02408101037144661,0.35743552446365356,0.3560035824775696,-0.032563429325819016,0.3977329730987549,0.3640426993370056,-0.033325571566820145,0.42679017782211304,0.3780987560749054,-0.03229265287518501
0.23778694868087769,0.5527738332748413,3.933702430458652e-07,0.3056018352508545,0.5461828708648682,0.012800298631191254,0.35588905215263367,0.5195836424827576,0.011487417854368687,0.4000346064567566,0.5049617886543274,0.0022711390629410744,0.4405991733074188,0.4971213638782501,-0.0065340306609869,0.3010765612125397,0.37225282192230225,0.0314781591296196,0.3575354516506195,0.34361404180526733,0.02351296693086624,0.3995659649372101,0.35024604201316833,0.011474864557385445,0.42865997552871704,0.365365594625473,0.003124367445707321,0.2908918857574463,0.3607303202152252,0.014323270879685879,0.361751914024353,0.3225952982902527,0.0058991992846131325,0.4060661792755127,0.3393629193305969,-0.004186982288956642,0.4340183138847351,0.3675594925880432,-0.010260087437927723,0.28835558891296387,0.36525437235832214,-0.004548799712210894,0.36046794056892395,0.32101404666900635,-0.014167670160531998,0.40813785791397095,0.33847570419311523,-0.01923663169145584,0.43801191449165344,0.36598700284957886,-0.021269401535391808,0.29441022872924805,0.3835436701774597,-0.023390591144561768,0.36012741923332214,0.3576357662677765,-0.031818170100450516,0.4006589651107788,0.36578959226608276,-0.03241145238280296,0.42994967103004456,0.38008350133895874,-0.031119078397750854
0.23942634463310242,0.5559179782867432,3.9253689010365633e-07,0.3078904151916504,0.546955943107605,0.01321372203528881,0.3581739366054535,0.5203948020935059,0.01129880640655756,0.4020077586174011,0.5085105895996094,0.0013344228500500321,0.4422450065612793,0.4986739456653595,-0.008211291395127773,0.30220162868499756,0.37352117896080017,0.031064210459589958,0.3589306175708771,0.34543782472610474,0.02303278259932995,0.4010392427444458,0.35268527269363403,0.011060585267841816,0.430456280708313,0.36838844418525696,0.002822722541168332,0.291803240776062,0.3623685836791992,0.013355368748307228,0.36319321393966675,0.32489013671875,0.004989328794181347,0.4075918197631836,0.3420933783054352,-0.004891673102974892,0.43550539016723633,0.37066274881362915,-0.010730528272688389,0.28899556398391724,0.3672623336315155,-0.006019068881869316,0.3619151711463928,0.32350611686706543,-0.015265216119587421,0.4093870222568512,0.34088432788848877,-0.019826563075184822,0.4389151334762573,0.3680976629257202,-0.021527227014303207,0.2951245903968811,0.385953813791275,-0.025374606251716614,0.3610384464263916,0.36007750034332275,-0.033137548714876175,0.40109196305274963,0.36729001998901367,-0.03310493007302284,0.42963048815727234,0.3806305229663849,-0.0313834473490715
0.23954090476036072,0.5565720796585083,3.897386307016859e-07,0.3083246946334839,0.5470645427703857,0.01471647433936596,0.35898852348327637,0.5207358598709106,0.013724852353334427,0.40331798791885376,0.5074993968009949,0.004484861623495817,0.4433368146419525,0.4979199469089508,-0.00442969985306263,0.3025747239589691,0.3738173842430115,0.03270284831523895,0.3601049780845642,0.3456593453884125,0.024862347170710564,0.4025736153125763,0.35302868485450745,0.012612726539373398,0.43230241537094116,0.3686582148075104,0.004085661377757788,0.2925534248352051,0.3631782531738281,0.014328612945973873,0.3643437922000885,0.32521113753318787,0.006039322819560766,0.40926027297973633,0.3416401743888855,-0.004422013182193041,0.43740251660346985,0.369870662689209,-0.010785581544041634,0.29022935032844543,0.3688545823097229,-0.005561393219977617,0.3624405562877655,0.324035108089447,-0.014832071028649807,0.4105261564254761,0.34111031889915466,-0.019774600863456726,0.4404892325401306,0.3680400252342224,-0.021769849583506584,0.29689154028892517,0.38841354846954346,-0.025270802900195122,0.36250245571136475,0.36074143648147583,-0.033212363719940186,0.40296298265457153,0.36789387464523315,-0.033324357122182846,0.4320640563964844,0.3813000023365021,-0.03171300143003464
0.238525852560997,0.5524231195449829,3.8960294546086516e-07,0.30710384249687195,0.539995014667511,0.014250160194933414,0.3573160171508789,0.5106097459793091,0.012902787886559963,0.40126049518585205,0.49282968044281006,0.002969146706163883,0.4409065842628479,0.475507915019989,-0.006708883680403233,0.2942628264427185,0.36065083742141724,0.0362551212310791,0.3502185344696045,0.3253660202026367,0.02859564870595932,0.39333775639533997,0.33128973841667175,0.01556484866887331,0.42252784967422485,0.3471823036670685,0.00660810898989439,0.28372490406036377,0.35005754232406616,0.01790645904839039,0.35435426235198975,0.3052729070186615,0.009751524776220322,0.4009489417076111,0.32040315866470337,-0.0023235734552145004,0.42990532517433167,0.3503069579601288,-0.009912745095789433,0.2816981077194214,0.3547513484954834,-0.0022659534588456154,0.3534816801548004,0.3043152987957001,-0.011052235960960388,0.4027802646160126,0.3198491930961609,-0.01709861494600773,0.4331008493900299,0.3478877544403076,-0.02000219002366066,0.28891557455062866,0.37331485748291016,-0.022355245426297188,0.3537982404232025,0.34020134806632996,-0.02958120033144951,0.39462536573410034,0.34492647647857666,-0.030006282031536102,0.42382997274398804,0.357763409614563,-0.028808265924453735
0.2396809458732605,0.5482933521270752,3.858883417251491e-07,0.3086508810520172,0.5375293493270874,0.017176691442728043,0.35938161611557007,0.5126290917396545,0.017862239852547646,0.40335986018180847,0.4952600598335266,0.009324939921498299,0.4429362118244171,0.4757654368877411,0.0008684200583957136,0.2987954616546631,0.36316147446632385,0.0436578243970871,0.35381385684013367,0.3278087377548218,0.03902187570929527,0.396056592464447,0.33336979150772095,0.02742747962474823,0.42465391755104065,0.34757035970687866,0.019183097407221794,0.28801921010017395,0.35047435760498047,0.024515904486179352,0.3568645715713501,0.30634286999702454,0.01891450025141239,0.40308696031570435,0.321524441242218,0.007202830631285906,0.43202924728393555,0.3516647219657898,-0.00019573899044189602,0.28542667627334595,0.35357850790023804,0.0035473499447107315,0.35581761598587036,0.3046843707561493,-0.0030863499268889427,0.4048989415168762,0.3199400007724762,-0.00895342230796814,0.43533003330230713,0.34773963689804077,-0.011892427690327168,0.29190266132354736,0.3707323670387268,-0.017212681472301483,0.3557923436164856,0.33781784772872925,-0.023210685700178146,0.3964443802833557,0.34266844391822815,-0.02345338650047779,0.42586323618888855,0.35599762201309204,-0.02214338444173336
0.23615601658821106,0.5558225512504578,4.2110536924155895e-07,0.3079904317855835,0.5519746541976929,0.02101069875061512,0.35898342728614807,0.5296739339828491,0.024622052907943726,0.4038849472999573,0.516911506652832,0.017829323187470436,0.44472604990005493,0.5037326812744141,0.010676983743906021,0.30945876240730286,0.38287556171417236,0.05238386616110802,0.36182671785354614,0.35361018776893616,0.05149475857615471,0.4044896960258484,0.3535478413105011,0.04189020022749901,0.43544647097587585,0.3617195785045624,0.03406888246536255,0.2985267639160156,0.36813610792160034,0.030636118724942207,0.36495810747146606,0.3298013508319855,0.02761007659137249,0.41175106167793274,0.3397686779499054,0.016498347744345665,0.4438548684120178,0.3635934591293335,0.008914579637348652,0.29415637254714966,0.36848184466362,0.006847810931503773,0.3634517788887024,0.32590362429618835,0.0010246098972856998,0.41327956318855286,0.3397550582885742,-0.004965757951140404,0.4465007483959198,0.36404573917388916,-0.00841930415481329,0.29857996106147766,0.38343650102615356,-0.01664263941347599,0.3635087311267853,0.35467955470085144,-0.022872183471918106,0.40484434366226196,0.3601034879684448,-0.023406829684972763,0.4360974133014679,0.3718011677265167,-0.02269471436738968
0.23434218764305115,0.5498095154762268,4.5217052502266597e-07,0.3048401176929474,0.554604172706604,0.019959988072514534,0.3553633987903595,0.53791743516922,0.027534233406186104,0.3993196189403534,0.5268502831459045,0.024269716814160347,0.43830665946006775,0.5118981599807739,0.020429134368896484,0.3253069221973419,0.39951086044311523,0.0684506818652153,0.36731579899787903,0.3641008138656616,0.0730438157916069,0.40518951416015625,0.36240023374557495,0.06460410356521606,0.4344009757041931,0.3707830309867859,0.056902412325143814,0.3145606815814972,0.3834322988986969,0.04784112051129341,0.36760514974594116,0.33960670232772827,0.048161208629608154,0.41183990240097046,0.34635278582572937,0.033589135855436325,0.44388312101364136,0.3719826340675354,0.023030022159218788,0.3056251108646393,0.37626323103904724,0.02386808954179287,0.3653632700443268,0.3327505588531494,0.01925959624350071,0.4145503342151642,0.34564805030822754,0.007569937035441399,0.4481808543205261,0.37327665090560913,0.00015353618073277175,0.30154070258140564,0.3818223178386688,-4.6417694647971075e-06,0.36170217394828796,0.3517884612083435,-0.005413099192082882,0.40367329120635986,0.3589157164096832,-0.009444806724786758,0.4367986023426056,0.37614232301712036,-0.011860589496791363
0.23015323281288147,0.5462765097618103,4.637510642169218e-07,0.3048700988292694,0.552771806716919,0.020558131858706474,0.35742509365081787,0.5390377044677734,0.029129011556506157,0.40253889560699463,0.5312105417251587,0.026480289176106453,0.44092822074890137,0.5148609280586243,0.023202737793326378,0.3326868712902069,0.4064069986343384,0.07314456254243851,0.37248143553733826,0.372251033782959,0.07859769463539124,0.4087461531162262,0.3681011199951172,0.06989660114049911,0.43737679719924927,0.37410447001457214,0.061462897807359695,0.3211073577404022,0.38733506202697754,0.051471300423145294,0.3709132969379425,0.34340664744377136,0.051469702273607254,0.4135776460170746,0.3489522933959961,0.03542337939143181,0.44538190960884094,0.37554144859313965,0.024013573303818703,0.3101194500923157,0.3767639398574829,0.02617049030959606,0.36588218808174133,0.33366018533706665,0.021921716630458832,0.4131428003311157,0.34615907073020935,0.010371983051300049,0.44670066237449646,0.3730185329914093,0.0027778330259025097,0.30302852392196655,0.3793264925479889,0.0007689721533097327,0.360474556684494,0.34945839643478394,-0.004884134978055954,0.4003393352031708,0.35589995980262756,-0.00893121026456356,0.4329404830932617,0.37222281098365784,-0.011453058570623398
0.23415997624397278,0.5411548614501953,4.5868560505368805e-07,0.3048246502876282,0.5538838505744934,0.013482884503901005,0.3579927682876587,0.540344774723053,0.0204470157623291,0.4050177037715912,0.5324438810348511,0.017963897436857224,0.44466543197631836,0.5154872536659241,0.015152694657444954,0.33978790044784546,0.4109969735145569,0.06639199703931808,0.3768904209136963,0.3779648542404175,0.07021724432706833,0.41148319840431213,0.373922199010849,0.06045784801244736,0.4392571747303009,0.37903714179992676,0.05153341963887215,0.3284515142440796,0.3923819661140442,0.048456642776727676,0.3748030364513397,0.3495956063270569,0.0473310612142086,0.4149407744407654,0.3553023636341095,0.030713161453604698,0.445516437292099,0.3807098865509033,0.018766479566693306,0.31591030955314636,0.3802022635936737,0.026332076638936996,0.36880671977996826,0.33778250217437744,0.020471319556236267,0.413646936416626,0.34852856397628784,0.007793924771249294,0.4460775852203369,0.3731001615524292,-0.00024391559418290854,0.3058414161205292,0.3789515495300293,0.0036328269634395838,0.3622152507305145,0.34652388095855713,-0.003586798207834363,0.4016115963459015,0.35378751158714294,-0.008682605810463428,0.43388935923576355,0.37220025062561035,-0.011653836816549301
0.2349146604537964,0.5327600836753845,4.263802111381665e-07,0.3013802468776703,0.5450780987739563,0.001420533750206232,0.3573072850704193,0.5315815210342407,0.0031598578207194805,0.4027523398399353,0.5223280787467957,-0.0008248919621109962,0.44151371717453003,0.5063483119010925,-0.004550044424831867,0.3413611054420471,0.40717679262161255,0.04042774811387062,0.37792742252349854,0.3705171048641205,0.035087332129478455,0.41263824701309204,0.3648710250854492,0.021804973483085632,0.4413208067417145,0.36889588832855225,0.011949439533054829,0.33033624291419983,0.3890434801578522,0.029002755880355835,0.3745618164539337,0.3421899080276489,0.021048663184046745,0.41371211409568787,0.3461209535598755,0.004482967779040337,0.4444584846496582,0.369364470243454,-0.006563008297234774,0.3159666657447815,0.37665489315986633,0.013349954970180988,0.364274799823761,0.32655543088912964,0.002320056315511465,0.4068739116191864,0.332058310508728,-0.010167917236685753,0.4394001364707947,0.3542632460594177,-0.01695171371102333,0.30118289589881897,0.3715922236442566,-0.0034041465260088444,0.35088416934013367,0.33234310150146484,-0.014337440952658653,0.3886552155017853,0.3337985575199127,-0.020436959341168404,0.419974148273468,0.34926092624664307,-0.023193359375
0.2332782745361328,0.5407763719558716,4.906975163976313e-07,0.2954171597957611,0.5563223361968994,-0.007194924633949995,0.3523179292678833,0.5443944334983826,-0.010138879530131817,0.4012244641780853,0.5370058417320251,-0.017094258219003677,0.44251465797424316,0.5201476812362671,-0.02376747690141201,0.34123459458351135,0.42179781198501587,0.029414139688014984,0.3790169060230255,0.3855789303779602,0.021265657618641853,0.41272783279418945,0.3778393864631653,0.007013505790382624,0.44080618023872375,0.37783217430114746,-0.003509012283757329,0.32897117733955383,0.4021240472793579,0.021525966003537178,0.374429315328598,0.3586849868297577,0.012122741900384426,0.41313278675079346,0.3590676486492157,-0.004325445741415024,0.44470030069351196,0.3757697641849518,-0.01575452834367752,0.31270477175712585,0.38805264234542847,0.008897444233298302,0.3611307740211487,0.341684490442276,-0.0031872608233243227,0.40163782238960266,0.34278440475463867,-0.015534857288002968,0.43311381340026855,0.35886356234550476,-0.0225834883749485,0.2949884533882141,0.38046810030937195,-0.005607279483228922,0.3398628830909729,0.34118106961250305,-0.01796112209558487,0.3761894106864929,0.3402709364891052,-0.024918314069509506,0.40710848569869995,0.35409602522850037,-0.02845647744834423
0.2323426604270935,0.5510218143463135,4.932133492729918e-07,0.2939666211605072,0.5670236349105835,-0.006560868117958307,0.3515318036079407,0.555164635181427,-0.009926916100084782,0.4006602168083191,0.548429012298584,-0.017119424417614937,0.4422524869441986,0.5324616432189941,-0.024336691945791245,0.34198617935180664,0.431263267993927,0.026067759841680527,0.38142114877700806,0.39545005559921265,0.01781543903052807,0.41517072916030884,0.3871421813964844,0.0037544090300798416,0.4439656734466553,0.3865725100040436,-0.0068185096606612206,0.3287420868873596,0.4106541872024536,0.017881475389003754,0.3741801381111145,0.3648969829082489,0.008772865869104862,0.4132055640220642,0.36401861906051636,-0.006971362978219986,0.44493764638900757,0.3806449770927429,-0.01816049963235855,0.3105964660644531,0.3974100947380066,0.005366162396967411,0.35835951566696167,0.3474597930908203,-0.006932984571903944,0.39908015727996826,0.3482535183429718,-0.018801501020789146,0.43146461248397827,0.3638777434825897,-0.025847921147942543,0.2910690903663635,0.3922726511955261,-0.008748939260840416,0.33561334013938904,0.3522243797779083,-0.02194339968264103,0.3707798421382904,0.351069837808609,-0.028656460344791412,0.4004630148410797,0.3638274371623993,-0.03211277723312378
0.2305537313222885,0.5587236881256104,4.923945198243018e-07,0.2914315462112427,0.571452260017395,-0.010319906286895275,0.34979063272476196,0.557327389717102,-0.014907773584127426,0.39875102043151855,0.5493873357772827,-0.022476574406027794,0.4387837052345276,0.5312265753746033,-0.02986777387559414,0.33755749464035034,0.43158158659935,0.021760553121566772,0.37286046147346497,0.39021629095077515,0.0118606798350811,0.4043954312801361,0.3791472315788269,-0.0032058749347925186,0.432435542345047,0.37735888361930847,-0.01437739934772253,0.3214420676231384,0.41201910376548767,0.015348623506724834,0.3631666302680969,0.3630424737930298,0.004363516811281443,0.39978843927383423,0.3587270975112915,-0.012608763761818409,0.4315811097621918,0.37287095189094543,-0.02453366480767727,0.30095550417900085,0.399971067905426,0.0043604872189462185,0.34664902091026306,0.3502192795276642,-0.009787945076823235,0.3848809003829956,0.3464520573616028,-0.022847672924399376,0.41685160994529724,0.35817864537239075,-0.030395520851016045,0.2791493237018585,0.3958475887775421,-0.008475380018353462,0.3230297565460205,0.358256459236145,-0.02330966852605343,0.3566676378250122,0.3511247932910919,-0.03157156705856323,0.38649889826774597,0.35675904154777527,-0.03599575161933899
0.23054561018943787,0.5613842606544495,5.01217925830133e-07,0.2918822169303894,0.5744227170944214,-0.011537138372659683,0.3494187593460083,0.5608417391777039,-0.016507694497704506,0.39837953448295593,0.5518894195556641,-0.02418605424463749,0.43840405344963074,0.534536600112915,-0.031625084578990936,0.3370588719844818,0.4365994930267334,0.0206934604793787,0.3734697103500366,0.39565253257751465,0.009762587025761604,0.4049362242221832,0.3847803771495819,-0.005805365741252899,0.4331352710723877,0.3821372389793396,-0.0171781275421381,0.32113248109817505,0.4167577028274536,0.015264826826751232,0.3634149432182312,0.36945241689682007,0.0037256439682096243,0.39898189902305603,0.3642098903656006,-0.013172304257750511,0.4307543635368347,0.375884473323822,-0.025073634460568428,0.3005375266075134,0.40363577008247375,0.0050787534564733505,0.3460003137588501,0.3553207516670227,-0.009295549243688583,0.38221409916877747,0.34981071949005127,-0.0221999641507864,0.41316789388656616,0.35931718349456787,-0.029638031497597694,0.27781942486763,0.397554874420166,-0.007075386121869087,0.3206632733345032,0.3617804944515228,-0.021756676957011223,0.35305994749069214,0.3540741801261902,-0.029973475262522697,0.38213565945625305,0.3584944009780884,-0.03443152457475662
0.22962810099124908,0.5633655786514282,4.955762165081978e-07,0.2905031442642212,0.5771050453186035,-0.012128561735153198,0.3485278785228729,0.5630442500114441,-0.016470016911625862,0.39741837978363037,0.5537006855010986,-0.023280607536435127,0.4372904300689697,0.5369800329208374,-0.02967347949743271,0.33649125695228577,0.43936148285865784,0.021596329286694527,0.3728346526622772,0.3996121883392334,0.011306452564895153,0.4040446877479553,0.3886202573776245,-0.0038610058836638927,0.43224459886550903,0.3853271007537842,-0.014921224676072598,0.32112357020378113,0.4195948839187622,0.016874821856617928,0.36352837085723877,0.37527140974998474,0.006896688602864742,0.3984862267971039,0.36891451478004456,-0.008989838883280754,0.43054184317588806,0.37775281071662903,-0.020489046350121498,0.30098775029182434,0.4058942496776581,0.007206351961940527,0.3465151786804199,0.3615691363811493,-0.005476356018334627,0.38176047801971436,0.35406002402305603,-0.01711774431169033,0.412434458732605,0.35998788475990295,-0.024091452360153198,0.2779056429862976,0.39788156747817993,-0.004665827378630638,0.3190178871154785,0.3626118302345276,-0.017697790637612343,0.35093095898628235,0.3527711033821106,-0.024855120107531548,0.38092702627182007,0.3540427088737488,-0.028845911845564842
0.22924822568893433,0.5655110478401184,5.10327708980185e-07,0.29019540548324585,0.5784773826599121,-0.01423996314406395,0.348810613155365,0.5638056993484497,-0.019499558955430984,0.397361159324646,0.5536767244338989,-0.02682165987789631,0.4377520978450775,0.5369312763214111,-0.03369176387786865,0.3356959819793701,0.4405585527420044,0.01895846799015999,0.37205156683921814,0.4008934497833252,0.007073157466948032,0.40338465571403503,0.39067718386650085,-0.008993500843644142,0.43190234899520874,0.38771870732307434,-0.020425621420145035,0.32010000944137573,0.42054417729377747,0.01519610732793808,0.3630530536174774,0.3776376247406006,0.0038432751316577196,0.397671103477478,0.37157565355300903,-0.012508532032370567,0.4296279847621918,0.3799281120300293,-0.02409595251083374,0.29950377345085144,0.4065272808074951,0.006296094041317701,0.345420777797699,0.36371421813964844,-0.00711272656917572,0.37958014011383057,0.35639360547065735,-0.018813341856002808,0.40938711166381836,0.36228880286216736,-0.02561042085289955,0.27516698837280273,0.39806148409843445,-0.005014107096940279,0.31572043895721436,0.3626651167869568,-0.01828637719154358,0.34729281067848206,0.35274267196655273,-0.025576172396540642,0.37701788544654846,0.35436126589775085,-0.029540637508034706
0.22920694947242737,0.5612553358078003,5.346386728888319e-07,0.29094237089157104,0.5747979283332825,-0.01407675351947546,0.34918516874313354,0.5600607395172119,-0.019198564812541008,0.3988852798938751,0.5504357218742371,-0.02659120038151741,0.44021666049957275,0.5349931120872498,-0.03373491391539574,0.33759790658950806,0.4398556649684906,0.020875534042716026,0.37510600686073303,0.4000929594039917,0.009508487768471241,0.4063265323638916,0.3894224464893341,-0.006536026950925589,0.434911847114563,0.38573285937309265,-0.0180753655731678,0.3218896985054016,0.41936734318733215,0.0171834547072649,0.36521676182746887,0.3763279616832733,0.006224604789167643,0.39957988262176514,0.36960917711257935,-0.010615061037242413,0.43152305483818054,0.37740910053253174,-0.02260380983352661,0.30068084597587585,0.4042685627937317,0.008317182771861553,0.3458954393863678,0.361139178276062,-0.0047910078428685665,0.3785969316959381,0.35381025075912476,-0.01660865731537342,0.4077928066253662,0.35918599367141724,-0.02359628863632679,0.27536410093307495,0.3944135010242462,-0.002945136511698365,0.3150809705257416,0.3602002263069153,-0.015785912051796913,0.3452913761138916,0.35040363669395447,-0.022763691842556,0.37446358799934387,0.35100483894348145,-0.026651322841644287
0.23983222246170044,0.5560444593429565,5.558930524784955e-07,0.29813170433044434,0.5725386142730713,-0.016629520803689957,0.3599795401096344,0.5589953064918518,-0.02301907353103161,0.4103839695453644,0.5518484711647034,-0.03088151291012764,0.4519909620285034,0.5389494895935059,-0.03812112659215927,0.3538842797279358,0.4337436556816101,0.014774623326957226,0.3927463889122009,0.39305925369262695,0.00205422006547451,0.424969881772995,0.3801799714565277,-0.014071043580770493,0.45505717396736145,0.37532415986061096,-0.025383925065398216,0.33748799562454224,0.41212940216064453,0.011895604431629181,0.38175418972969055,0.3690740168094635,0.0009308988810516894,0.4172748327255249,0.35911527276039124,-0.014337386935949326,0.4520307183265686,0.36385267972946167,-0.025269433856010437,0.31619569659233093,0.3971515893936157,0.003840026678517461,0.3622797131538391,0.3552262783050537,-0.00914087612181902,0.3967738747596741,0.3455137014389038,-0.019279135391116142,0.42930305004119873,0.34906303882598877,-0.02518085390329361,0.2911708354949951,0.3880293369293213,-0.006908098701387644,0.3327517509460449,0.3554113507270813,-0.01956392265856266,0.3641654849052429,0.34412503242492676,-0.025297649204730988,0.3946249186992645,0.3436426520347595,-0.028154103085398674
0.2407619059085846,0.5558421611785889,5.675992156284337e-07,0.30133700370788574,0.5725283026695251,-0.017364501953125,0.36177822947502136,0.5611154437065125,-0.024521449580788612,0.4116721749305725,0.553804337978363,-0.03322351351380348,0.45382437109947205,0.5395801663398743,-0.04144404083490372,0.3549571633338928,0.4359114170074463,0.01482949685305357,0.3944206237792969,0.39487743377685547,0.001394397928379476,0.42712798714637756,0.3817673325538635,-0.015446987003087997,0.45786118507385254,0.37632447481155396,-0.027246341109275818,0.3387109935283661,0.41414982080459595,0.012125379405915737,0.38290488719940186,0.37053805589675903,0.000670224369969219,0.4186435639858246,0.3601578176021576,-0.015263733454048634,0.45371508598327637,0.3647386133670807,-0.026760168373584747,0.31715983152389526,0.3989351987838745,0.004097316414117813,0.3630354702472687,0.35643526911735535,-0.00924537144601345,0.39738351106643677,0.34625619649887085,-0.0196794755756855,0.4300309121608734,0.3495766222476959,-0.025774460285902023,0.2918671667575836,0.3896526098251343,-0.006686386186629534,0.33325570821762085,0.35684025287628174,-0.019600600004196167,0.3644324243068695,0.3449234366416931,-0.025492705404758453,0.3945804834365845,0.3437480628490448,-0.028468450531363487
0.24227756261825562,0.5558328628540039,5.721213369724865e-07,0.30209144949913025,0.5742538571357727,-0.017985189333558083,0.3630007803440094,0.5627148747444153,-0.02506442926824093,0.4130629003047943,0.5555787682533264,-0.03349454328417778,0.4553626775741577,0.5416958928108215,-0.041411757469177246,0.3575223386287689,0.43655750155448914,0.014417186379432678,0.3968614935874939,0.39597126841545105,0.0016385666094720364,0.4292859435081482,0.3829241991043091,-0.014740533195436,0.45963215827941895,0.3779476284980774,-0.02631896547973156,0.3411965072154999,0.41470205783843994,0.012115725316107273,0.3852258622646332,0.37146881222724915,0.001026441459544003,0.4208032488822937,0.36137494444847107,-0.014764223247766495,0.4557327628135681,0.3669407367706299,-0.026163794100284576,0.3197844624519348,0.39940184354782104,0.004506027791649103,0.365704745054245,0.3573957085609436,-0.008696825243532658,0.40044811367988586,0.34809333086013794,-0.019270246848464012,0.4335314929485321,0.35264331102371216,-0.025456249713897705,0.2946116030216217,0.39007359743118286,-0.00589141808450222,0.3363397419452667,0.3578605651855469,-0.01890966296195984,0.3680591583251953,0.3466765284538269,-0.025008343160152435,0.398779958486557,0.3467189073562622,-0.028119634836912155
0.24415838718414307,0.5566655397415161,5.715508564207994e-07,0.30413439869880676,0.5749971270561218,-0.018482288345694542,0.3648316264152527,0.564518928527832,-0.025663083419203758,0.415506511926651,0.5575162768363953,-0.03410288318991661,0.45771071314811707,0.5430393815040588,-0.04197078198194504,0.3591928780078888,0.43929415941238403,0.014188448898494244,0.39916542172431946,0.3982718884944916,0.001007539569400251,0.43167880177497864,0.3853016495704651,-0.015520022250711918,0.4620250165462494,0.3801943063735962,-0.027053041383624077,0.3430793881416321,0.417464941740036,0.012204956263303757,0.38787946105003357,0.37401071190834045,0.0007661526906304061,0.4234353303909302,0.3636382818222046,-0.01518160942941904,0.4582984447479248,0.3686234652996063,-0.02662518247961998,0.3218455910682678,0.4017476737499237,0.004798571579158306,0.3680207133293152,0.3593985438346863,-0.008816132321953773,0.40266337990760803,0.3494149446487427,-0.01978382281959057,0.4355277121067047,0.35375353693962097,-0.02612672559916973,0.2966232895851135,0.39139366149902344,-0.005409289617091417,0.33829376101493835,0.35940948128700256,-0.018693724647164345,0.3697953522205353,0.3480716943740845,-0.02510702796280384,0.4001636207103729,0.3482166528701782,-0.028398411348462105
0.24846585094928741,0.5571706295013428,5.382365770856268e-07,0.30990421772003174,0.5783330202102661,-0.01684296876192093,0.3718588948249817,0.5685276985168457,-0.022116368636488914,0.4232746362686157,0.5609541535377502,-0.028444312512874603,0.4656219482421875,0.5491463541984558,-0.03418613225221634,0.3678587079048157,0.44446733593940735,0.01554368156939745,0.40932464599609375,0.403007447719574,0.0043433671817183495,0.44006654620170593,0.38986629247665405,-0.010267653502523899,0.46899592876434326,0.3838405907154083,-0.020659804344177246,0.35155627131462097,0.42182978987693787,0.0139593705534935,0.3969589173793793,0.3784734606742859,0.004084192216396332,0.4311239719390869,0.3682641386985779,-0.01023152470588684,0.4641859233379364,0.37153682112693787,-0.020619148388504982,0.32960450649261475,0.40521928668022156,0.007125880103558302,0.3761037588119507,0.3619188666343689,-0.006008237134665251,0.4090242087841034,0.352120965719223,-0.016584737226366997,0.4402361512184143,0.3547418713569641,-0.022759705781936646,0.3031702935695648,0.39285022020339966,-0.002209276193752885,0.3437521755695343,0.3610728681087494,-0.015471291728317738,0.37409162521362305,0.3511499762535095,-0.022031303495168686,0.404404878616333,0.3503841757774353,-0.025535395368933678
0.24894645810127258,0.5580523610115051,5.554426820708613e-07,0.3085957169532776,0.5772138833999634,-0.019579529762268066,0.3715495765209198,0.567725658416748,-0.02669128216803074,0.4235387444496155,0.5611556172370911,-0.03443494066596031,0.4670073986053467,0.5488789081573486,-0.0415395051240921,0.3687606751918793,0.44440701603889465,0.010357188060879707,0.4096016585826874,0.402135968208313,-0.002808638382703066,0.440935879945755,0.3886090815067291,-0.018781280145049095,0.47063329815864563,0.3826256990432739,-0.030108805745840073,0.3517971336841583,0.4199695289134979,0.009231013245880604,0.3965206742286682,0.3757297992706299,-0.0020994122605770826,0.43073147535324097,0.3664204478263855,-0.01692851074039936,0.464243084192276,0.3719275891780853,-0.027657194063067436,0.3291991651058197,0.4031239151954651,0.0028180668596178293,0.3751281499862671,0.35971754789352417,-0.011011907830834389,0.40851929783821106,0.3511466383934021,-0.020913828164339066,0.44024914503097534,0.3565711975097656,-0.026574358344078064,0.30224964022636414,0.3921889662742615,-0.00639739353209734,0.3439220190048218,0.3594977557659149,-0.020019330084323883,0.37497931718826294,0.34977495670318604,-0.02607763186097145,0.4047379791736603,0.3517933487892151,-0.029097948223352432
0.24941745400428772,0.5592919588088989,5.45492184755858e-07,0.3088007867336273,0.5781413316726685,-0.018597889691591263,0.3725266754627228,0.5673422813415527,-0.02526436746120453,0.4243185520172119,0.5599156618118286,-0.03275236487388611,0.4675934314727783,0.5474622845649719,-0.039604056626558304,0.36880752444267273,0.4434913396835327,0.010853556916117668,0.4097602963447571,0.40179017186164856,-0.0024562724865972996,0.4413636326789856,0.3881708085536957,-0.01840238645672798,0.4712757468223572,0.38216322660446167,-0.029622485861182213,0.35169467329978943,0.41926273703575134,0.009153387509286404,0.3967133164405823,0.3749358355998993,-0.0023997228126972914,0.4315244257450104,0.36537808179855347,-0.017282376065850258,0.46573108434677124,0.3704872727394104,-0.027982281520962715,0.3289763033390045,0.4029221534729004,0.002248029224574566,0.37519779801368713,0.35923099517822266,-0.011939940974116325,0.4093180298805237,0.3507212698459625,-0.02215571701526642,0.4416366517543793,0.3562765121459961,-0.027959348633885384,0.3021198511123657,0.3925969898700714,-0.007340772543102503,0.3439125716686249,0.35937851667404175,-0.02129051648080349,0.3752075731754303,0.34958213567733765,-0.02756486088037491,0.4053105413913727,0.3517133295536041,-0.030697161331772804
0.2490915060043335,0.5584189891815186,5.466678771881561e-07,0.30909276008605957,0.5769315361976624,-0.018499108031392097,0.3725638687610626,0.5669898390769958,-0.025153007358312607,0.4243561029434204,0.5596856474876404,-0.0327296257019043,0.46737974882125854,0.5461964011192322,-0.039611488580703735,0.3683027923107147,0.4429859220981598,0.011760937049984932,0.4096054136753082,0.4006041884422302,-0.0014091945486143231,0.4414302110671997,0.3871198296546936,-0.01733938232064247,0.4712710976600647,0.3816438913345337,-0.02849152870476246,0.3514783978462219,0.41882413625717163,0.009974434040486813,0.39683371782302856,0.3738410472869873,-0.0019411180401220918,0.43234866857528687,0.36481910943984985,-0.01732649654150009,0.46628302335739136,0.3714357614517212,-0.028190651908516884,0.3292565941810608,0.4021960198879242,0.002965662395581603,0.3760702908039093,0.35827022790908813,-0.011490559205412865,0.41082772612571716,0.3510662615299225,-0.022197652608156204,0.4430951476097107,0.3580179512500763,-0.028162779286503792,0.303003191947937,0.3916204571723938,-0.006713709328323603,0.3450376093387604,0.3584125339984894,-0.020843220874667168,0.376648873090744,0.3489893078804016,-0.027402162551879883,0.4068664014339447,0.3513772487640381,-0.030644915997982025
0.2490585297346115,0.5594172477722168,5.40370706403337e-07,0.309644877910614,0.5783736109733582,-0.018256083130836487,0.37285277247428894,0.5680078864097595,-0.02472350373864174,0.4248623549938202,0.559733510017395,-0.03219284117221832,0.46839576959609985,0.5469039082527161,-0.039010170847177505,0.36785244941711426,0.4439236521720886,0.012504559941589832,0.4093440771102905,0.4019995331764221,-0.000772991799749434,0.4412858486175537,0.3886439800262451,-0.01667841151356697,0.47119420766830444,0.38290995359420776,-0.027799252420663834,0.35130196809768677,0.42018061876296997,0.010551617480814457,0.3969518840312958,0.3758425712585449,-0.0015119119780138135,0.4327579140663147,0.366568386554718,-0.01696002297103405,0.46738818287849426,0.3719429075717926,-0.027935005724430084,0.32922226190567017,0.4033721089363098,0.0032979121897369623,0.3762910068035126,0.3600926995277405,-0.011645058169960976,0.41137999296188354,0.3527262210845947,-0.022706851363182068,0.4440997242927551,0.35901686549186707,-0.02887793816626072,0.30299657583236694,0.3920775353908539,-0.006578843574970961,0.3449954688549042,0.3588235080242157,-0.021146263927221298,0.37700405716896057,0.3494553864002228,-0.028045322746038437,0.40784621238708496,0.3517068326473236,-0.03154843673110008
0.24996411800384521,0.5590689182281494,5.530918656404538e-07,0.3078538775444031,0.5774199962615967,-0.019641924649477005,0.37161365151405334,0.5660193562507629,-0.027109820395708084,0.42377954721450806,0.5586935877799988,-0.035133812576532364,0.4675705134868622,0.5459850430488586,-0.04245799779891968,0.36896175146102905,0.44124120473861694,0.00861345510929823,0.4099380671977997,0.39943745732307434,-0.005274523515254259,0.44164204597473145,0.38592615723609924,-0.021436642855405807,0.4716455936431885,0.3801383674144745,-0.03276748210191727,0.3517095148563385,0.4168953001499176,0.007200354710221291,0.39697399735450745,0.37294289469718933,-0.004808542784303427,0.4319773316383362,0.363498330116272,-0.01969773694872856,0.46634265780448914,0.36882084608078003,-0.03039248287677765,0.3290483355522156,0.40058520436286926,0.0006178351468406618,0.37570109963417053,0.3575977683067322,-0.013749923557043076,0.41000378131866455,0.34909355640411377,-0.023706931620836258,0.44273635745048523,0.35415971279144287,-0.029364341869950294,0.30216994881629944,0.3906707465648651,-0.008741280063986778,0.3441976010799408,0.3575894832611084,-0.02293192408978939,0.3759479522705078,0.34790468215942383,-0.029138615354895592,0.4066205322742462,0.34985941648483276,-0.032152872532606125
0.24872569739818573,0.5590223670005798,5.263141247269232e-07,0.3082596957683563,0.5778437852859497,-0.01856158673763275,0.3720721900463104,0.565904438495636,-0.025046641007065773,0.42459696531295776,0.5577216148376465,-0.03232966735959053,0.4673042595386505,0.5438888669013977,-0.038891248404979706,0.3677681088447571,0.44210100173950195,0.010212119668722153,0.4091726541519165,0.3997059762477875,-0.0036965329200029373,0.44107896089553833,0.38641029596328735,-0.01971808448433876,0.4708847999572754,0.3808472752571106,-0.030811993405222893,0.35108682513237,0.41839492321014404,0.0083962082862854,0.39689409732818604,0.37395521998405457,-0.004006439819931984,0.43260735273361206,0.3644620478153229,-0.01914851926267147,0.46703457832336426,0.36917296051979065,-0.029875213280320168,0.3289034962654114,0.4019377827644348,0.001349481986835599,0.3759852647781372,0.35838088393211365,-0.01374697033315897,0.4109630584716797,0.35040274262428284,-0.02466535195708275,0.443540096282959,0.3558000326156616,-0.030762936919927597,0.30252090096473694,0.3909890949726105,-0.008334203623235226,0.3440834879875183,0.35782963037490845,-0.023188965395092964,0.37586352229118347,0.3478845953941345,-0.030247142538428307,0.40659424662590027,0.3492264747619629,-0.033825017511844635
0.24855150282382965,0.5597884058952332,5.318217972671846e-07,0.3089229166507721,0.5786916017532349,-0.018297048285603523,0.37191644310951233,0.5669537782669067,-0.02456812746822834,0.4238647222518921,0.5587372779846191,-0.03181659057736397,0.4667840600013733,0.5449172854423523,-0.03847288340330124,0.36826619505882263,0.44283849000930786,0.01204228587448597,0.4090768098831177,0.4013011157512665,-0.0015952496323734522,0.44091054797172546,0.3881661891937256,-0.017817068845033646,0.4707297086715698,0.38266637921333313,-0.029185853898525238,0.3514105975627899,0.41918182373046875,0.010096696205437183,0.39676007628440857,0.3757861256599426,-0.002186150522902608,0.43231257796287537,0.3662862777709961,-0.01773620769381523,0.46675556898117065,0.37117427587509155,-0.028839273378252983,0.3288787603378296,0.4028196930885315,0.002829765435308218,0.37547019124031067,0.36028724908828735,-0.012152105569839478,0.40971481800079346,0.3518916368484497,-0.023237008601427078,0.44197335839271545,0.3569331169128418,-0.02952711656689644,0.3021113872528076,0.3918420672416687,-0.007079366594552994,0.3434775769710541,0.35973596572875977,-0.021863162517547607,0.3749631345272064,0.34935644268989563,-0.02900722250342369,0.40582194924354553,0.34998029470443726,-0.032718103379011154
0.24838964641094208,0.5595532059669495,5.420359343588643e-07,0.30840587615966797,0.5785892009735107,-0.018421344459056854,0.37107306718826294,0.5665360689163208,-0.02480928972363472,0.42327141761779785,0.5586508512496948,-0.032129254192113876,0.46640530228614807,0.5449706315994263,-0.03886539489030838,0.3675060272216797,0.4439552426338196,0.011167220771312714,0.40914186835289,0.40147340297698975,-0.002451588399708271,0.441269189119339,0.38806477189064026,-0.01854555495083332,0.4713212251663208,0.3820763826370239,-0.029858505353331566,0.3508574366569519,0.42015451192855835,0.009227822534739971,0.39664801955223083,0.37574106454849243,-0.002907480113208294,0.43240654468536377,0.36616939306259155,-0.018238183110952377,0.4668302834033966,0.3709752559661865,-0.0292439553886652,0.3284645676612854,0.40338414907455444,0.001994707388803363,0.37561148405075073,0.3598848581314087,-0.012752293609082699,0.4103032946586609,0.3513243794441223,-0.023687191307544708,0.4427497386932373,0.35606297850608826,-0.029974453151226044,0.3017796277999878,0.3920023441314697,-0.007903514429926872,0.34363889694213867,0.3592117726802826,-0.022601908072829247,0.3754270374774933,0.34918832778930664,-0.029681719839572906,0.406230628490448,0.35020118951797485,-0.033405009657144547
0.24852553009986877,0.5602559447288513,5.427522182799294e-07,0.30815237760543823,0.5791631937026978,-0.018455231562256813,0.37137898802757263,0.5664085745811462,-0.024949882179498672,0.4236640930175781,0.5583010911941528,-0.03241129219532013,0.4671119153499603,0.5451852679252625,-0.03921084105968475,0.3670670688152313,0.4430105984210968,0.011573130264878273,0.4082146883010864,0.40073737502098083,-0.002136512193828821,0.44046154618263245,0.38761770725250244,-0.018394237384200096,0.47058480978012085,0.3823162317276001,-0.029752269387245178,0.35040315985679626,0.4190443754196167,0.009618359617888927,0.3960978090763092,0.374662846326828,-0.002588040893897414,0.4319901168346405,0.3654176890850067,-0.018007792532444,0.46655526757240295,0.3711560070514679,-0.02895747683942318,0.32816553115844727,0.40238380432128906,0.002366173081099987,0.37546226382255554,0.35911720991134644,-0.012294776737689972,0.41043564677238464,0.3511371910572052,-0.023045457899570465,0.44313982129096985,0.35700559616088867,-0.029117921367287636,0.3017962574958801,0.3915344178676605,-0.007576609030365944,0.3438800573348999,0.3589593768119812,-0.02204057015478611,0.375755250453949,0.34942641854286194,-0.028824906796216965,0.40651264786720276,0.3513715863227844,-0.03225277364253998
0.24795301258563995,0.5606805086135864,5.320786726770166e-07,0.3087276518344879,0.5787928700447083,-0.01802118308842182,0.3716743290424347,0.5674877762794495,-0.02437291480600834,0.423272967338562,0.5588107705116272,-0.031751979142427444,0.46579182147979736,0.5438992381095886,-0.03846873342990875,0.36744725704193115,0.44394248723983765,0.012020936235785484,0.4086858630180359,0.40091371536254883,-0.001757051213644445,0.44053274393081665,0.3877791464328766,-0.017855996266007423,0.47019779682159424,0.3823200464248657,-0.029035968706011772,0.3507619798183441,0.4202605187892914,0.009929491207003593,0.39644306898117065,0.3758848309516907,-0.00254759076051414,0.4321892261505127,0.3663862347602844,-0.01812470518052578,0.46619194746017456,0.37126636505126953,-0.029167942702770233,0.32837530970573425,0.4035851061344147,0.002538229338824749,0.37543487548828125,0.3604359030723572,-0.01241801492869854,0.40998774766921997,0.3522512912750244,-0.023604733869433403,0.44177231192588806,0.35740798711776733,-0.029941165819764137,0.3017154037952423,0.3922404646873474,-0.007464824244379997,0.3430449962615967,0.35924452543258667,-0.022181356325745583,0.37457993626594543,0.3489294648170471,-0.029455438256263733,0.40517109632492065,0.34953781962394714,-0.03324655815958977
0.24842070043087006,0.561500072479248,5.302532599671395e-07,0.3082277178764343,0.5803086161613464,-0.018498780205845833,0.37141817808151245,0.5686584115028381,-0.02503729984164238,0.4231177568435669,0.5597045421600342,-0.032420285046100616,0.4659762382507324,0.5461297631263733,-0.039133790880441666,0.36722224950790405,0.4453836977481842,0.010520865209400654,0.4087507128715515,0.4029325842857361,-0.0033434885554015636,0.44070151448249817,0.38962388038635254,-0.019256995990872383,0.4704127013683319,0.3840675950050354,-0.030240893363952637,0.3505532741546631,0.42155319452285767,0.008780591189861298,0.39607083797454834,0.3773183524608612,-0.0036035915836691856,0.4316587746143341,0.36777907609939575,-0.018705815076828003,0.4660078287124634,0.3722713887691498,-0.029386213049292564,0.328228235244751,0.40473759174346924,0.001805302919819951,0.3748979866504669,0.36122971773147583,-0.013200243003666401,0.4093783497810364,0.3529462516307831,-0.02400371804833412,0.44148606061935425,0.3579378128051758,-0.030028223991394043,0.3015669882297516,0.39312320947647095,-0.007792235352098942,0.3430696427822113,0.35980769991874695,-0.022455310449004173,0.37484505772590637,0.3498116135597229,-0.02937942184507847,0.4055909514427185,0.3509359359741211,-0.03288034349679947
0.24790707230567932,0.5646761059761047,5.317220939105027e-07,0.30853062868118286,0.5824315547943115,-0.018037693575024605,0.37115478515625,0.5727096199989319,-0.024698449298739433,0.4226253926753998,0.5652268528938293,-0.032379113137722015,0.4658164381980896,0.5528014898300171,-0.03947514295578003,0.3669707477092743,0.447987824678421,0.011868939734995365,0.40820813179016113,0.4052763879299164,-0.0015467904740944505,0.43978723883628845,0.392061710357666,-0.017421063035726547,0.4692971706390381,0.3865574896335602,-0.028441324830055237,0.3503304719924927,0.42464637756347656,0.009833038784563541,0.3958357870578766,0.38028275966644287,-0.002056634519249201,0.43109801411628723,0.37069645524024963,-0.017182646319270134,0.46476995944976807,0.3752696216106415,-0.027905892580747604,0.32793760299682617,0.4082072079181671,0.0025599519722163677,0.374488890171051,0.36469951272010803,-0.011826924979686737,0.4084799885749817,0.3559018075466156,-0.022497499361634254,0.44014090299606323,0.36013489961624146,-0.028523216024041176,0.3011421263217926,0.3971502482891083,-0.0073587317019701,0.3423515260219574,0.3634644150733948,-0.021338028833270073,0.3738727271556854,0.35271546244621277,-0.027927711606025696,0.40439367294311523,0.35280731320381165,-0.031297698616981506
0.24757832288742065,0.5667474269866943,5.432978582575743e-07,0.30806073546409607,0.5846912860870361,-0.017456641420722008,0.3698882758617401,0.5744194388389587,-0.023597830906510353,0.42166581749916077,0.5682854056358337,-0.030915971845388412,0.4648958444595337,0.5564797520637512,-0.03770696744322777,0.36664626002311707,0.4496719539165497,0.013189712539315224,0.40791863203048706,0.40753161907196045,0.0003908323997166008,0.43951764702796936,0.39435818791389465,-0.015354752540588379,0.46937310695648193,0.3887927830219269,-0.026521051302552223,0.3498270511627197,0.4261445701122284,0.010847399942576885,0.3953987956047058,0.3821842074394226,-0.0005432569305412471,0.43066349625587463,0.37277013063430786,-0.015682749450206757,0.4648337960243225,0.37755057215690613,-0.026631684973835945,0.3269813060760498,0.4096565246582031,0.003252801252529025,0.373454213142395,0.3663952350616455,-0.011097432114183903,0.40723076462745667,0.35789915919303894,-0.021768243983387947,0.43898099660873413,0.36233702301979065,-0.02786180004477501,0.29988670349121094,0.3989671468734741,-0.006956994533538818,0.3418863117694855,0.36545100808143616,-0.021210668608546257,0.3735727369785309,0.35508376359939575,-0.02786204405128956,0.40428656339645386,0.35583361983299255,-0.03132627531886101
0.24675004184246063,0.5668980479240417,5.431038516690023e-07,0.30771055817604065,0.5856075286865234,-0.017169751226902008,0.3690505623817444,0.575996994972229,-0.023328842595219612,0.4207015335559845,0.5706080794334412,-0.030751440674066544,0.4639023542404175,0.5594461560249329,-0.03768043965101242,0.3658358156681061,0.45088911056518555,0.013147471472620964,0.4077141582965851,0.40960657596588135,0.00037080873153172433,0.43976694345474243,0.3965224623680115,-0.015378226526081562,0.4697709083557129,0.390519380569458,-0.026575593277812004,0.34930163621902466,0.42736679315567017,0.010614429600536823,0.39534276723861694,0.38418298959732056,-0.0007521584047935903,0.431103378534317,0.374700129032135,-0.015915628522634506,0.4653794765472412,0.37898173928260803,-0.026981573551893234,0.3267275094985962,0.410880982875824,0.002844554139301181,0.3737080693244934,0.3681608736515045,-0.01163370069116354,0.4082051217556,0.3595975637435913,-0.022673295810818672,0.4401211738586426,0.36388057470321655,-0.02908322587609291,0.29989323019981384,0.39976373314857483,-0.00748074147850275,0.3420167863368988,0.3666425943374634,-0.022015152499079704,0.374116450548172,0.3567431569099426,-0.02901693619787693,0.4050266444683075,0.35782134532928467,-0.0327569954097271
0.24462281167507172,0.5719558596611023,5.325814527168404e-07,0.30505743622779846,0.5903646945953369,-0.017447562888264656,0.366689532995224,0.5814751982688904,-0.02333638072013855,0.4185161292552948,0.5764037370681763,-0.030220886692404747,0.4612780809402466,0.564303994178772,-0.03662465885281563,0.36353835463523865,0.45342060923576355,0.011580659076571465,0.40545082092285156,0.4119472801685333,-0.0012722526444122195,0.43723392486572266,0.3994826078414917,-0.016991548240184784,0.4674862027168274,0.3939443826675415,-0.028223125264048576,0.3465680181980133,0.42954787611961365,0.009144618175923824,0.3921833336353302,0.3863788843154907,-0.0020230647642165422,0.4275107979774475,0.3762951195240021,-0.01694616675376892,0.46160295605659485,0.3791472613811493,-0.02799912914633751,0.3232667148113251,0.413308322429657,0.0014965037116780877,0.3688051998615265,0.37057673931121826,-0.013102523051202297,0.40184247493743896,0.36097991466522217,-0.024200398474931717,0.43257492780685425,0.3633418083190918,-0.03069569729268551,0.295793741941452,0.4029385447502136,-0.008728301152586937,0.3379436731338501,0.36783623695373535,-0.02364388480782509,0.369955837726593,0.35640889406204224,-0.0309663787484169,0.401125431060791,0.3560486435890198,-0.035013020038604736
0.24479880928993225,0.5734142661094666,5.235854700913478e-07,0.3043568730354309,0.5905575752258301,-0.018157048150897026,0.3665275573730469,0.5800042152404785,-0.024902962148189545,0.418554425239563,0.5751028060913086,-0.03249480947852135,0.4607861042022705,0.5641074180603027,-0.03955347463488579,0.3620539605617523,0.4528998136520386,0.00825655460357666,0.4036022424697876,0.41166263818740845,-0.006384784355759621,0.43573474884033203,0.3987480103969574,-0.022684108465909958,0.4658105969429016,0.39287030696868896,-0.03396519646048546,0.34501054883003235,0.42954587936401367,0.006034984719008207,0.39131999015808105,0.3862413763999939,-0.007199268788099289,0.4262453019618988,0.37724393606185913,-0.02233884111046791,0.4594196677207947,0.3803199529647827,-0.03301727771759033,0.3221166729927063,0.4138007164001465,-0.001285784994252026,0.3683704137802124,0.3702771067619324,-0.0168142206966877,0.40100687742233276,0.3605268597602844,-0.027607522904872894,0.4308205246925354,0.362972617149353,-0.03363620117306709,0.29486405849456787,0.4033660292625427,-0.011206933297216892,0.33624058961868286,0.3685385584831238,-0.02599700540304184,0.3678600490093231,0.3558536171913147,-0.03310476988554001,0.39858898520469666,0.35395684838294983,-0.036916304379701614
0.245464026927948,0.5721678137779236,5.3777336006533e-07,0.3054911196231842,0.588007926940918,-0.018224013969302177,0.3673097491264343,0.5776363611221313,-0.025387588888406754,0.4192669987678528,0.57234787940979,-0.033309854567050934,0.46178269386291504,0.5611994862556458,-0.04056430235505104,0.36184045672416687,0.45062389969825745,0.007954616099596024,0.4031326472759247,0.40770336985588074,-0.006751508917659521,0.4352002739906311,0.39445698261260986,-0.022993525490164757,0.4653458297252655,0.3883851170539856,-0.034060411155223846,0.3444623351097107,0.42722225189208984,0.006067527458071709,0.389843225479126,0.3826800286769867,-0.0065474193543195724,0.4245052933692932,0.3729292154312134,-0.021017590537667274,0.4575217664241791,0.37528032064437866,-0.03126594424247742,0.3214324414730072,0.4117124080657959,-0.0008878643275238574,0.36656805872917175,0.36740338802337646,-0.015453269705176353,0.39815986156463623,0.35630714893341064,-0.025161096826195717,0.4271320402622223,0.3576884865760803,-0.03053329512476921,0.29420995712280273,0.40183842182159424,-0.01051410473883152,0.33457955718040466,0.366408109664917,-0.02432701177895069,0.36549487709999084,0.35357367992401123,-0.030469771474599838,0.39542290568351746,0.3512474596500397,-0.03353660926222801
0.24352353811264038,0.5696447491645813,5.456271310322336e-07,0.3049502372741699,0.584949791431427,-0.017474830150604248,0.36671069264411926,0.5741391181945801,-0.024218464270234108,0.4192267060279846,0.5684539079666138,-0.032040808349847794,0.4625932276248932,0.557064950466156,-0.03921974450349808,0.359672486782074,0.4488338232040405,0.011196041479706764,0.40053513646125793,0.40572690963745117,-0.0025452382396906614,0.4323187470436096,0.3919031023979187,-0.018612727522850037,0.4625294804573059,0.3848266899585724,-0.02981305867433548,0.3429390788078308,0.425953209400177,0.00886339507997036,0.3881585896015167,0.3816043436527252,-0.002807796001434326,0.4229108691215515,0.37077221274375916,-0.017500173300504684,0.4563797116279602,0.3721340000629425,-0.02819077856838703,0.3202150762081146,0.41024839878082275,0.0013342538150027394,0.36524900794029236,0.36623096466064453,-0.012471718713641167,0.39680948853492737,0.35391682386398315,-0.02225533127784729,0.42612728476524353,0.35378801822662354,-0.02793709747493267,0.29328858852386475,0.39992356300354004,-0.008879397064447403,0.33394619822502136,0.3646461069583893,-0.02195732481777668,0.36485520005226135,0.3514534831047058,-0.027808010578155518,0.39511892199516296,0.3481987714767456,-0.030910996720194817
0.24391213059425354,0.5664191246032715,5.451119591270981e-07,0.30441153049468994,0.5817954540252686,-0.01821804791688919,0.3665306568145752,0.5702075362205505,-0.02518138475716114,0.41844862699508667,0.562846839427948,-0.032916631549596786,0.4616452157497406,0.5499852299690247,-0.03995741158723831,0.35931918025016785,0.44430744647979736,0.009935226291418076,0.3990257978439331,0.4001465439796448,-0.0038959216326475143,0.4303019046783447,0.38644087314605713,-0.019950974732637405,0.46019670367240906,0.3789844810962677,-0.03121897391974926,0.34222736954689026,0.42218732833862305,0.00811000820249319,0.38685521483421326,0.37806791067123413,-0.0034507650416344404,0.421077162027359,0.36763739585876465,-0.01791520230472088,0.4546648859977722,0.36851003766059875,-0.02864905633032322,0.31960630416870117,0.40721631050109863,0.001051390659995377,0.3645167350769043,0.3633344769477844,-0.012863135896623135,0.395596981048584,0.3509831428527832,-0.022387439385056496,0.4247027039527893,0.350705623626709,-0.027962131425738335,0.29266831278800964,0.39749982953071594,-0.008730930276215076,0.33411216735839844,0.3623013496398926,-0.022026067599654198,0.36532121896743774,0.3487171530723572,-0.027998272329568863,0.39578041434288025,0.3450048863887787,-0.031234052032232285
0.24213409423828125,0.563938558101654,5.492424861586187e-07,0.3031561076641083,0.5792084336280823,-0.01778258942067623,0.3643117845058441,0.5666887164115906,-0.02441525273025036,0.41569411754608154,0.5590999126434326,-0.032128047198057175,0.45777320861816406,0.5446553230285645,-0.03915975242853165,0.35678932070732117,0.44062721729278564,0.012027659453451633,0.3962753117084503,0.3964807689189911,-0.0013134076725691557,0.42752259969711304,0.38315659761428833,-0.017458586022257805,0.4573047459125519,0.3761654794216156,-0.028945056721568108,0.34012874960899353,0.41944390535354614,0.00977429747581482,0.38408008217811584,0.3750265836715698,-0.0017715680878609419,0.4184059500694275,0.3645175099372864,-0.01700233668088913,0.4521639049053192,0.36618268489837646,-0.028296401724219322,0.3178045153617859,0.4047069251537323,0.0022328239865601063,0.3623657524585724,0.36131763458251953,-0.011593406088650227,0.39391279220581055,0.3492528200149536,-0.02181112952530384,0.4234200417995453,0.3494327962398529,-0.02786325477063656,0.2910255491733551,0.39532744884490967,-0.008049442432820797,0.33236899971961975,0.36057963967323303,-0.021384309977293015,0.36343395709991455,0.3466276526451111,-0.02778065949678421,0.3936404883861542,0.3426361083984375,-0.03136153519153595
0.241496741771698,0.5619938373565674,5.598637926595984e-07,0.3021599352359772,0.5758639574050903,-0.018192900344729424,0.3622070252895355,0.5636556148529053,-0.025849509984254837,0.4128146171569824,0.556106448173523,-0.034633152186870575,0.4548163414001465,0.5401239991188049,-0.04272758215665817,0.3543388843536377,0.4371607005596161,0.012186902575194836,0.39258790016174316,0.39225029945373535,-0.0011581304715946317,0.42361781001091003,0.3787168860435486,-0.01744384877383709,0.4530443549156189,0.37202396988868713,-0.028987683355808258,0.3378148674964905,0.4165402948856354,0.009958302602171898,0.38085559010505676,0.37142300605773926,-0.0015899077989161015,0.4150969386100769,0.36076632142066956,-0.017169689759612083,0.44856733083724976,0.36312007904052734,-0.028636781498789787,0.3157891035079956,0.402058482170105,0.0024560026358813047,0.36000823974609375,0.3584120273590088,-0.010963859967887402,0.3918086290359497,0.3466113805770874,-0.021262837573885918,0.4213871359825134,0.34740251302719116,-0.02742738462984562,0.2894505560398102,0.3932798206806183,-0.007832160219550133,0.32995685935020447,0.3581329584121704,-0.02060657925903797,0.36059632897377014,0.3449205756187439,-0.026709431782364845,0.3900642395019531,0.3422086834907532,-0.03005993366241455
0.24061936140060425,0.5602357387542725,5.504318210114434e-07,0.3001956045627594,0.574627161026001,-0.01825113594532013,0.3607088327407837,0.5611914396286011,-0.025998555123806,0.4109148681163788,0.5527528524398804,-0.03485093265771866,0.4525761008262634,0.5367007851600647,-0.043038640171289444,0.351637601852417,0.4349866807460785,0.010742426849901676,0.3895495533943176,0.3904854357242584,-0.003070106264203787,0.4207823872566223,0.37628597021102905,-0.019206136465072632,0.4502168297767639,0.36957547068595886,-0.030505606904625893,0.33502519130706787,0.4144246578216553,0.008358574472367764,0.3780156672000885,0.3685580790042877,-0.003780666971579194,0.4125402867794037,0.3574216365814209,-0.019180849194526672,0.44616836309432983,0.35988298058509827,-0.03035026416182518,0.3131536841392517,0.400337278842926,0.0007688379846513271,0.35775184631347656,0.3564358353614807,-0.013250316493213177,0.3901536464691162,0.3447754979133606,-0.023733612149953842,0.4200555682182312,0.34597599506378174,-0.029887143522500992,0.2871380150318146,0.3921222686767578,-0.0095601174980402,0.32783108949661255,0.3572590947151184,-0.02289585955440998,0.3585529029369354,0.3436330258846283,-0.029393253847956657,0.38787904381752014,0.34051811695098877,-0.03295756131410599
0.24003814160823822,0.5599370002746582,5.525541268980305e-07,0.2997574210166931,0.5754724144935608,-0.017816727980971336,0.3602524995803833,0.5620537400245667,-0.025064995512366295,0.41035592555999756,0.5536136627197266,-0.03360907360911369,0.45189598202705383,0.5374053716659546,-0.04151970520615578,0.3507303297519684,0.4346253275871277,0.01284314040094614,0.38900309801101685,0.3899412751197815,-0.00036113563692197204,0.4206653833389282,0.37546831369400024,-0.0164675060659647,0.4504893124103546,0.3690868616104126,-0.027763286605477333,0.33422577381134033,0.4145425260066986,0.01031355932354927,0.37702256441116333,0.36826884746551514,-0.0012998328311368823,0.41204285621643066,0.3568588197231293,-0.016987396404147148,0.4461025595664978,0.3599953055381775,-0.028245842084288597,0.31276798248291016,0.4006906747817993,0.002562454668805003,0.35727083683013916,0.3567884564399719,-0.010724565014243126,0.3906385600566864,0.34453636407852173,-0.0212547704577446,0.4218508005142212,0.3452342748641968,-0.02744663879275322,0.2874293327331543,0.3927047550678253,-0.007986285723745823,0.3275025188922882,0.3572235405445099,-0.020772738382220268,0.3583739697933197,0.3427736759185791,-0.027028027921915054,0.38827723264694214,0.3389975428581238,-0.03038954921066761
0.23950423300266266,0.5579574704170227,5.594089884652931e-07,0.29961931705474854,0.5724351406097412,-0.01779753528535366,0.3595999479293823,0.5586383938789368,-0.024946358054876328,0.4096030592918396,0.5499151945114136,-0.033296842128038406,0.45099735260009766,0.5334431529045105,-0.040999170392751694,0.3495684266090393,0.4329337179660797,0.013020443730056286,0.3875081539154053,0.38844722509384155,0.00016518658958375454,0.41865918040275574,0.37415626645088196,-0.01575092226266861,0.44808366894721985,0.3673655390739441,-0.027022698894143105,0.33282965421676636,0.4128201901912689,0.010708997026085854,0.3753581941127777,0.36619704961776733,-0.00039708250551484525,0.4096323847770691,0.35440075397491455,-0.015800727531313896,0.4434070587158203,0.35659611225128174,-0.0270987655967474,0.3108026385307312,0.39909058809280396,0.00315494486130774,0.35489803552627563,0.35471802949905396,-0.010239616967737675,0.38753363490104675,0.3426905870437622,-0.02070493996143341,0.41817620396614075,0.34343940019607544,-0.026913447305560112,0.2847425043582916,0.3914420008659363,-0.007130121812224388,0.3251737356185913,0.35630449652671814,-0.020146649330854416,0.3556137979030609,0.3425028920173645,-0.026447409763932228,0.38501450419425964,0.33914366364479065,-0.029890721663832664
0.23832973837852478,0.5563962459564209,5.46590740668762e-07,0.2982633709907532,0.5710768699645996,-0.017115643247961998,0.35829177498817444,0.5562959313392639,-0.023691797628998756,0.4083442986011505,0.5472234487533569,-0.03157572075724602,0.4492480158805847,0.529204785823822,-0.038756802678108215,0.3478974997997284,0.4303954541683197,0.01422002911567688,0.38518428802490234,0.3860096037387848,0.001995582366362214,0.41607218980789185,0.37156030535697937,-0.013487286865711212,0.4450715482234955,0.36451828479766846,-0.024509431794285774,0.331524521112442,0.41083261370658875,0.011682995595037937,0.3737563192844391,0.3645211458206177,0.0014189801877364516,0.40792858600616455,0.3523905575275421,-0.013474137522280216,0.44168880581855774,0.35399767756462097,-0.024581093341112137,0.3100232481956482,0.39737218618392944,0.003892460372298956,0.35389912128448486,0.3532385528087616,-0.008816548623144627,0.3865940272808075,0.34073713421821594,-0.019075414165854454,0.41718506813049316,0.3409114480018616,-0.025295943021774292,0.284616082906723,0.3896414637565613,-0.006616394966840744,0.32477420568466187,0.3540175259113312,-0.01934843137860298,0.35533568263053894,0.3405233323574066,-0.02563156560063362,0.38484710454940796,0.3376438319683075,-0.029108155518770218
0.2363629937171936,0.5539587140083313,5.504586511051457e-07,0.29578059911727905,0.5685802698135376,-0.017008081078529358,0.35665974020957947,0.5535178780555725,-0.023455018177628517,0.4067179560661316,0.5444042086601257,-0.031148109585046768,0.44780823588371277,0.5265957117080688,-0.03820048272609711,0.34695374965667725,0.42741966247558594,0.014047296717762947,0.3836185932159424,0.3826369643211365,0.0026271301321685314,0.41384157538414,0.3682565689086914,-0.012416482903063297,0.4425281882286072,0.3615112900733948,-0.023338710889220238,0.32985660433769226,0.40723273158073425,0.011521747335791588,0.3713988959789276,0.360280305147171,0.0017014683689922094,0.4052239954471588,0.3481377065181732,-0.01317520160228014,0.4386628568172455,0.3507136404514313,-0.02432960458099842,0.30776247382164,0.3939470052719116,0.0038683158345520496,0.35131126642227173,0.34938138723373413,-0.008558535948395729,0.3837836682796478,0.33756503462791443,-0.01907777413725853,0.41444340348243713,0.33844777941703796,-0.025588009506464005,0.2823467254638672,0.387104868888855,-0.006474588997662067,0.3229077458381653,0.35176169872283936,-0.019340453669428825,0.3534020781517029,0.3384925127029419,-0.026032809168100357,0.3831394910812378,0.33565425872802734,-0.029856689274311066
0.2338150143623352,0.5491443276405334,5.175012347535812e-07,0.2923021614551544,0.5618183612823486,-0.014965920709073544,0.3539729416370392,0.5456038117408752,-0.02039714902639389,0.4034387171268463,0.5374686121940613,-0.027340011671185493,0.44349434971809387,0.5213645100593567,-0.03346667438745499,0.34469351172447205,0.4204210638999939,0.015097490511834621,0.3805895447731018,0.37629008293151855,0.003591911867260933,0.410536527633667,0.36248403787612915,-0.011351940222084522,0.43900826573371887,0.3565649390220642,-0.022000201046466827,0.3282147943973541,0.4008016586303711,0.011633723974227905,0.36968663334846497,0.35489073395729065,0.0020463315304368734,0.4035150706768036,0.3433832824230194,-0.012136655859649181,0.43696272373199463,0.34622305631637573,-0.022677816450595856,0.3067980408668518,0.3881987929344177,0.0031974930316209793,0.3509271442890167,0.3439945578575134,-0.008821156807243824,0.3837902843952179,0.33259162306785583,-0.01860133558511734,0.4145835340023041,0.3343084752559662,-0.02450874261558056,0.2818108797073364,0.3817547857761383,-0.007812613621354103,0.32213616371154785,0.34624093770980835,-0.01990506798028946,0.35245582461357117,0.33356308937072754,-0.02573091723024845,0.3817158043384552,0.331728994846344,-0.02880142070353031
0.2328527867794037,0.5465332269668579,5.249297601039871e-07,0.2916417717933655,0.5592138767242432,-0.014069156721234322,0.35247257351875305,0.5436197519302368,-0.019331030547618866,0.4024123251438141,0.5350194573402405,-0.02668163925409317,0.44334590435028076,0.5173888206481934,-0.033446911722421646,0.3426230847835541,0.41787970066070557,0.01947658695280552,0.37839475274086,0.37442460656166077,0.008926350623369217,0.4084151089191437,0.3602864146232605,-0.0061877635307610035,0.4368765354156494,0.3536679446697235,-0.01725418120622635,0.3265301585197449,0.398417592048645,0.015192932449281216,0.3681197464466095,0.3525872826576233,0.00557901244610548,0.4024253785610199,0.3411892056465149,-0.010061465203762054,0.4359561800956726,0.3450983166694641,-0.021577855572104454,0.30580082535743713,0.3854977488517761,0.0058705173432827,0.349932461977005,0.3419312834739685,-0.00589953176677227,0.3835207521915436,0.3310365676879883,-0.016411354765295982,0.4148906469345093,0.33324310183525085,-0.022860921919345856,0.2820231318473816,0.37906819581985474,-0.006005265284329653,0.3225506842136383,0.34386926889419556,-0.017711494117975235,0.3530249297618866,0.33038613200187683,-0.023580309003591537,0.38275957107543945,0.32746225595474243,-0.026827288791537285
0.2322443723678589,0.5421600341796875,5.245745455795259e-07,0.2907193899154663,0.5550136566162109,-0.01488390564918518,0.3517199754714966,0.5404260754585266,-0.020818017423152924,0.40129584074020386,0.5329926013946533,-0.028590058907866478,0.4424440264701843,0.5167198181152344,-0.03565475344657898,0.3417339026927948,0.4144585430622101,0.017032697796821594,0.3777506947517395,0.3710402548313141,0.005951462313532829,0.4078270494937897,0.3570558428764343,-0.009231424890458584,0.4362007975578308,0.35124096274375916,-0.02016993798315525,0.3251236081123352,0.39449095726013184,0.01319053489714861,0.3662934899330139,0.3481764793395996,0.003228310262784362,0.40062910318374634,0.3370702266693115,-0.01212363876402378,0.4342609643936157,0.34154289960861206,-0.023323120549321175,0.30431413650512695,0.3815629780292511,0.004422028549015522,0.3484577238559723,0.33722805976867676,-0.007829596288502216,0.3827376663684845,0.3270137906074524,-0.0181416068226099,0.4150223433971405,0.33020058274269104,-0.024295339360833168,0.2807133197784424,0.37556952238082886,-0.006893533747643232,0.32131949067115784,0.3405551612377167,-0.019102586433291435,0.3525036871433258,0.3282846212387085,-0.024874050170183182,0.38273173570632935,0.3272384703159332,-0.02782914601266384
0.22920751571655273,0.5396226644515991,5.237786808720557e-07,0.28875771164894104,0.5527129769325256,-0.013327234424650669,0.3493182063102722,0.5384883880615234,-0.01876399852335453,0.39952364563941956,0.5314307808876038,-0.02666972391307354,0.44080427289009094,0.5154895782470703,-0.034015804529190063,0.3395129144191742,0.41408130526542664,0.020435476675629616,0.3751273453235626,0.3710615336894989,0.010280768387019634,0.4055645167827606,0.35647058486938477,-0.004670646507292986,0.4339924454689026,0.350210577249527,-0.01570727303624153,0.3238924443721771,0.3943621516227722,0.015403241850435734,0.3651086688041687,0.3478371500968933,0.0052311010658741,0.40028059482574463,0.33773303031921387,-0.011028505861759186,0.433399498462677,0.3440711796283722,-0.022696420550346375,0.3037125766277313,0.38093864917755127,0.0054555595852434635,0.3477425277233124,0.3368528485298157,-0.006932135671377182,0.38265475630760193,0.3282594084739685,-0.01803233101963997,0.4141862392425537,0.33319205045700073,-0.024612370878458023,0.28070124983787537,0.3742632269859314,-0.006932843942195177,0.3219027817249298,0.33925923705101013,-0.019012505188584328,0.35293343663215637,0.3272291421890259,-0.02512204833328724,0.38230109214782715,0.32599636912345886,-0.028432611376047134
0.2244318723678589,0.5340522527694702,4.895276788374758e-07,0.2839502692222595,0.5491267442703247,-0.010580255649983883,0.34531232714653015,0.5321230292320251,-0.01470497902482748,0.39312320947647095,0.5234879851341248,-0.021695107221603394,0.43382513523101807,0.5111170411109924,-0.02816174365580082,0.33339715003967285,0.4052014648914337,0.020931685343384743,0.36916011571884155,0.36204656958580017,0.010342040099203587,0.40116235613822937,0.35233616828918457,-0.00463302806019783,0.42863234877586365,0.35300472378730774,-0.015395262278616428,0.3179853558540344,0.3864752948284149,0.014629690907895565,0.3600156307220459,0.33680665493011475,0.002132989699020982,0.3966347873210907,0.33445537090301514,-0.01561449933797121,0.4262430667877197,0.3519124984741211,-0.02736148238182068,0.2986351251602173,0.3746486306190491,0.003876980859786272,0.3432764708995819,0.3241922855377197,-0.01020492147654295,0.3807332217693329,0.3220318853855133,-0.02345874160528183,0.41086357831954956,0.33709457516670227,-0.03079773671925068,0.2766924798488617,0.3704102039337158,-0.008811704814434052,0.31812408566474915,0.3322364091873169,-0.02235483191907406,0.35001063346862793,0.3221096098423004,-0.030515659600496292,0.37825703620910645,0.3253939151763916,-0.03491738811135292
0.22246944904327393,0.5503806471824646,5.11186101448402e-07,0.2823343276977539,0.5614420771598816,-0.00580139085650444,0.3412219285964966,0.5458022952079773,-0.010593048296868801,0.38870999217033386,0.5380172729492188,-0.018999112769961357,0.43018174171447754,0.5249890089035034,-0.026861049234867096,0.32434913516044617,0.40988168120384216,0.021559668704867363,0.3610430359840393,0.371940940618515,0.012398939579725266,0.3959939181804657,0.3609752058982849,-0.0012898329878225923,0.4260742664337158,0.36242836713790894,-0.01129819918423891,0.30882853269577026,0.39147263765335083,0.012780717574059963,0.353687047958374,0.3437448740005493,0.0025998058263212442,0.39421582221984863,0.3418242633342743,-0.011975005269050598,0.4292683005332947,0.3594459593296051,-0.02185969240963459,0.2920558452606201,0.38341933488845825,0.000274708989309147,0.342537522315979,0.3373005986213684,-0.013095559552311897,0.38640666007995605,0.33776843547821045,-0.02359890192747116,0.42320936918258667,0.35319894552230835,-0.029297713190317154,0.2772662937641144,0.3870128095149994,-0.013652743771672249,0.32971882820129395,0.3566569685935974,-0.026397326961159706,0.36741870641708374,0.3537481129169464,-0.031903546303510666,0.399894118309021,0.36101263761520386,-0.03418619558215141
0.2295275330543518,0.5606417655944824,4.85691259655141e-07,0.2868354618549347,0.5763410925865173,-0.010252508334815502,0.34526580572128296,0.5629807710647583,-0.016027523204684258,0.3933924734592438,0.5568509697914124,-0.024359682574868202,0.4358013868331909,0.5459543466567993,-0.032122496515512466,0.3383887708187103,0.434907466173172,0.01631668023765087,0.37434640526771545,0.3956224024295807,0.005622491240501404,0.40672188997268677,0.38179102540016174,-0.008669738657772541,0.43622905015945435,0.37805628776550293,-0.01915132626891136,0.32376179099082947,0.41498878598213196,0.009686823934316635,0.3659411668777466,0.3670768737792969,-0.00032873093732632697,0.4039311707019806,0.3603258728981018,-0.013988294638693333,0.43803802132606506,0.3703264892101288,-0.023835372179746628,0.30521976947784424,0.40518391132354736,-0.0012143420754000545,0.3503866493701935,0.356931209564209,-0.014607878401875496,0.38974300026893616,0.352475643157959,-0.024408139288425446,0.42403894662857056,0.36192476749420166,-0.029981205239892006,0.28619539737701416,0.40481090545654297,-0.013979696668684483,0.3305087387561798,0.3700515627861023,-0.026976728811860085,0.3638632893562317,0.3620889186859131,-0.03246075659990311,0.39338332414627075,0.36444205045700073,-0.03514677286148071
0.23145611584186554,0.5610448122024536,4.890079594588315e-07,0.288492351770401,0.5762130618095398,-0.011089445091784,0.3464110195636749,0.5633606910705566,-0.017415277659893036,0.39464452862739563,0.558296799659729,-0.026096373796463013,0.4365862011909485,0.5470458269119263,-0.03434406965970993,0.3395593464374542,0.43661803007125854,0.013949516229331493,0.37630292773246765,0.39764004945755005,0.002085301326587796,0.4087751507759094,0.38424307107925415,-0.01289516594260931,0.43855607509613037,0.38007721304893494,-0.023798713460564613,0.32546448707580566,0.4172591269016266,0.007622338365763426,0.3679219186306,0.3703260123729706,-0.0034743077121675014,0.40568459033966064,0.3634984493255615,-0.017756914719939232,0.439352810382843,0.3727305829524994,-0.027996014803647995,0.3069736361503601,0.4073529839515686,-0.0029484666883945465,0.35156118869781494,0.35938575863838196,-0.01671656221151352,0.39008408784866333,0.3535469174385071,-0.02662823162972927,0.4236907958984375,0.3609950542449951,-0.03233017027378082,0.2873382568359375,0.4063897728919983,-0.01545048225671053,0.33026203513145447,0.3710564970970154,-0.02855048142373562,0.36298292875289917,0.3614862561225891,-0.03413841128349304,0.3925713896751404,0.36164137721061707,-0.03698856011033058
0.23146474361419678,0.5598856210708618,4.919095317745814e-07,0.29012396931648254,0.5763223767280579,-0.009686118923127651,0.3463974893093109,0.5638136863708496,-0.015041086822748184,0.3945421576499939,0.5580671429634094,-0.023222791031003,0.43677234649658203,0.5470448732376099,-0.031158797442913055,0.3394385278224945,0.43957188725471497,0.017936822026968002,0.3767707943916321,0.4002121388912201,0.007634118665009737,0.4092187285423279,0.3873452842235565,-0.006796489004045725,0.43873918056488037,0.3832201361656189,-0.01759222336113453,0.32566455006599426,0.4206077456474304,0.011026560328900814,0.3689948618412018,0.37437087297439575,0.0012370223412290215,0.4071468710899353,0.36737942695617676,-0.013411897234618664,0.44057297706604004,0.37670576572418213,-0.024260977283120155,0.30730384588241577,0.41004055738449097,-0.0001876588212326169,0.3527787923812866,0.3635839819908142,-0.01259278692305088,0.3914494812488556,0.35749295353889465,-0.023074239492416382,0.42465871572494507,0.3641819953918457,-0.029631447046995163,0.2875291407108307,0.40763622522354126,-0.013300621882081032,0.3302781581878662,0.3723301291465759,-0.025838756933808327,0.36326873302459717,0.36351072788238525,-0.03191952407360077,0.3932240903377533,0.3642355501651764,-0.03541770204901695
0.23127034306526184,0.5595132112503052,4.805445996680646e-07,0.2910152077674866,0.5763382315635681,-0.009021705947816372,0.34763389825820923,0.5643916130065918,-0.013456607237458229,0.3964066803455353,0.5581448674201965,-0.021016743034124374,0.43793293833732605,0.5460965633392334,-0.028242232277989388,0.33940795063972473,0.442410945892334,0.021487107500433922,0.3753263056278229,0.4030068516731262,0.011595510877668858,0.4074222445487976,0.3904525637626648,-0.002685005310922861,0.43623170256614685,0.386212021112442,-0.013293479569256306,0.3268277049064636,0.4238422214984894,0.014461654238402843,0.3701027035713196,0.3796652555465698,0.004875471815466881,0.40770214796066284,0.373637318611145,-0.009928206913173199,0.4404918849468231,0.38295456767082214,-0.020794866606593132,0.3094595670700073,0.4118974208831787,0.0028688665479421616,0.35498109459877014,0.36743202805519104,-0.00919303297996521,0.3927796483039856,0.36159372329711914,-0.019715819507837296,0.42483508586883545,0.36835622787475586,-0.02619737572968006,0.29024985432624817,0.40638241171836853,-0.010683626867830753,0.33260196447372437,0.37181612849235535,-0.02268652245402336,0.36562126874923706,0.3631240725517273,-0.028861599043011665,0.3958289623260498,0.36376357078552246,-0.03244607895612717
0.23264434933662415,0.5592135190963745,5.066058861302736e-07,0.2903972268104553,0.577027440071106,-0.011084349825978279,0.34719979763031006,0.5649988651275635,-0.01659126579761505,0.39618808031082153,0.5591431856155396,-0.024750279262661934,0.43837952613830566,0.5479864478111267,-0.03255980834364891,0.33972877264022827,0.4426615834236145,0.01827872171998024,0.3768090009689331,0.40407663583755493,0.007423129864037037,0.4090114235877991,0.3933955430984497,-0.007484614849090576,0.4379779100418091,0.3906334638595581,-0.018417449668049812,0.3261910080909729,0.42324987053871155,0.012124086730182171,0.3704439103603363,0.38039782643318176,0.001853301073424518,0.4080847203731537,0.374949187040329,-0.01324447337538004,0.44125351309776306,0.3847159743309021,-0.02426387369632721,0.30821701884269714,0.4112250804901123,0.0013729591155424714,0.35478952527046204,0.3693041503429413,-0.011104217730462551,0.3928752839565277,0.363984078168869,-0.021683037281036377,0.4252583086490631,0.3712453842163086,-0.028130507096648216,0.28850576281547546,0.4065611660480499,-0.011483677662909031,0.33208146691322327,0.37355759739875793,-0.023840686306357384,0.3652213215827942,0.3655763864517212,-0.029927318915724754,0.3950316309928894,0.36735767126083374,-0.03331884741783142
0.2323707938194275,0.5601292848587036,5.007765935260977e-07,0.29200035333633423,0.5782688856124878,-0.008842735551297665,0.3480675220489502,0.5648074150085449,-0.012101517990231514,0.3967546820640564,0.5575308203697205,-0.01874883845448494,0.43857356905937195,0.5457162261009216,-0.025148533284664154,0.33961814641952515,0.44495806097984314,0.026372801512479782,0.3768406808376312,0.4096710681915283,0.017253775149583817,0.4092199206352234,0.4000409245491028,0.002668671775609255,0.4380163252353668,0.39670300483703613,-0.008316523395478725,0.3277294635772705,0.425991028547287,0.019562996923923492,0.3719121515750885,0.38714930415153503,0.010373984463512897,0.4089902341365814,0.38311702013015747,-0.005391559563577175,0.4418749511241913,0.39251208305358887,-0.016978751868009567,0.31087201833724976,0.41208428144454956,0.007844098843634129,0.3575620949268341,0.3724532425403595,-0.003958875313401222,0.3945879340171814,0.36784252524375916,-0.015465132892131805,0.42572981119155884,0.37466195225715637,-0.0224832221865654,0.2913494408130646,0.40350908041000366,-0.005925821140408516,0.3348449766635895,0.3700028657913208,-0.017853694036602974,0.36827540397644043,0.3633454740047455,-0.024587074294686317,0.39888328313827515,0.3664299249649048,-0.028514645993709564
0.23218145966529846,0.5591208934783936,5.195392418499978e-07,0.29136431217193604,0.5778550505638123,-0.011165956035256386,0.34737470746040344,0.5661220550537109,-0.015630902722477913,0.3956013023853302,0.5585564970970154,-0.02297404035925865,0.43762657046318054,0.5466806292533875,-0.029944714158773422,0.339469313621521,0.44590824842453003,0.024048080667853355,0.37701162695884705,0.41064363718032837,0.013901094906032085,0.4093984365463257,0.4016496539115906,-0.0013008593814447522,0.4382140338420868,0.39884307980537415,-0.012443932704627514,0.3276918828487396,0.42639923095703125,0.01861690729856491,0.372210830450058,0.3881729245185852,0.008933134377002716,0.40868598222732544,0.38389408588409424,-0.0069702318869531155,0.44098642468452454,0.3930957019329071,-0.01850828342139721,0.31088024377822876,0.41183555126190186,0.008143145591020584,0.357429563999176,0.3733278214931488,-0.003568862797692418,0.3935067653656006,0.36753594875335693,-0.01474906038492918,0.42409878969192505,0.37353336811065674,-0.021486030891537666,0.2907508313655853,0.40255045890808105,-0.004581197630614042,0.3330433964729309,0.37025296688079834,-0.015980016440153122,0.3655715584754944,0.3626083433628082,-0.022233610972762108,0.3954528570175171,0.3648676872253418,-0.025776837021112442
0.23207786679267883,0.5581613183021545,5.222715913077991e-07,0.2912103533744812,0.5768650770187378,-0.011970325373113155,0.34817010164260864,0.5658576488494873,-0.01661762408912182,0.39670926332473755,0.5595062971115112,-0.023833490908145905,0.4384782314300537,0.5475141406059265,-0.030647829174995422,0.3399942219257355,0.4457314610481262,0.022503936663269997,0.37818455696105957,0.4114193618297577,0.01177212130278349,0.4103805422782898,0.4033109247684479,-0.0037522173952311277,0.43946611881256104,0.40080997347831726,-0.01504305936396122,0.3275417983531952,0.42586925625801086,0.017632821574807167,0.37232691049575806,0.3891281187534332,0.00797206163406372,0.4081832766532898,0.3846750855445862,-0.0075959148816764355,0.44067174196243286,0.3929659128189087,-0.019016200676560402,0.3098781108856201,0.4114179313182831,0.007664525415748358,0.35627105832099915,0.374362975358963,-0.003971195314079523,0.3914961516857147,0.3675803244113922,-0.014718059450387955,0.4221247732639313,0.3719969093799591,-0.02128012105822563,0.288922518491745,0.4024474620819092,-0.0046413736417889595,0.33066144585609436,0.3709580898284912,-0.01606694422662258,0.3622036278247833,0.3628966808319092,-0.02206411585211754,0.39152106642723083,0.36455121636390686,-0.025446832180023193
0.23134911060333252,0.5597175359725952,5.18904528234998e-07,0.29001420736312866,0.5779911875724792,-0.012416444718837738,0.3466910719871521,0.5676928162574768,-0.01721487008035183,0.39526087045669556,0.5621839761734009,-0.024373061954975128,0.4378387928009033,0.5504047870635986,-0.03108048439025879,0.33955511450767517,0.4476277232170105,0.0223995354026556,0.37828099727630615,0.4153960943222046,0.012061379849910736,0.4103972911834717,0.4089381694793701,-0.00314430333673954,0.4390341341495514,0.40755540132522583,-0.014102705754339695,0.32734373211860657,0.4273104965686798,0.018061012029647827,0.37257933616638184,0.3930169343948364,0.009490001015365124,0.40740495920181274,0.38944363594055176,-0.005124521441757679,0.4385777413845062,0.39747342467308044,-0.015983913093805313,0.3094063401222229,0.4121544063091278,0.008523087948560715,0.35639137029647827,0.37622684240341187,-0.0019152098102495074,0.390572726726532,0.3674392104148865,-0.011893519200384617,0.4206036925315857,0.3689204156398773,-0.01825188659131527,0.2877880334854126,0.4016261398792267,-0.0034515969455242157,0.32902848720550537,0.37042856216430664,-0.01395360380411148,0.3607006072998047,0.3614814877510071,-0.01948089897632599,0.39076024293899536,0.36140552163124084,-0.022683601826429367
0.2311062514781952,0.5589276552200317,5.330560384209093e-07,0.28973323106765747,0.5773075819015503,-0.013110070489346981,0.34765222668647766,0.567619800567627,-0.017852848395705223,0.39590299129486084,0.5617112517356873,-0.024752607569098473,0.4382631182670593,0.5499175190925598,-0.031021183356642723,0.34009402990341187,0.44649332761764526,0.022187577560544014,0.3792945146560669,0.41412580013275146,0.011707956902682781,0.41125428676605225,0.40718111395835876,-0.0035416942555457354,0.4400539696216583,0.4054023027420044,-0.014475331641733646,0.32743462920188904,0.4252614974975586,0.018264872953295708,0.37274622917175293,0.39038798213005066,0.009276031516492367,0.40752044320106506,0.38518938422203064,-0.005481842905282974,0.43909740447998047,0.3917529881000519,-0.016220761463046074,0.30952271819114685,0.40994229912757874,0.009093094617128372,0.3561634123325348,0.37311607599258423,-0.002011105651035905,0.39003175497055054,0.36488938331604004,-0.011979307979345322,0.41995784640312195,0.3676421344280243,-0.01791415363550186,0.2881953716278076,0.4000239372253418,-0.002567639108747244,0.3298514187335968,0.3690894842147827,-0.01351366750895977,0.36118021607398987,0.3600924015045166,-0.01903042383491993,0.3907879889011383,0.36045393347740173,-0.02195272594690323
0.23042960464954376,0.5575953722000122,5.275551302474923e-07,0.2899588644504547,0.5764110684394836,-0.012649504467844963,0.3474070727825165,0.5666136741638184,-0.01699216105043888,0.39600324630737305,0.5607907772064209,-0.02367486245930195,0.4382314383983612,0.5493972301483154,-0.02967274934053421,0.3401290774345398,0.4456174075603485,0.02393876574933529,0.3787698745727539,0.41248416900634766,0.014069647528231144,0.4106937050819397,0.4054711163043976,-0.0009777542436495423,0.4391229748725891,0.40394455194473267,-0.01179260853677988,0.32758766412734985,0.42479926347732544,0.019869908690452576,0.37290826439857483,0.3892494738101959,0.011212736368179321,0.40786299109458923,0.384527325630188,-0.003705080598592758,0.4392862915992737,0.39181095361709595,-0.014561878517270088,0.30994734168052673,0.4092957377433777,0.010496520437300205,0.3571540415287018,0.37271156907081604,-0.00037217396311461926,0.3917478919029236,0.36463770270347595,-0.010646152310073376,0.42180654406547546,0.3676171600818634,-0.016802780330181122,0.2888140082359314,0.39847347140312195,-0.0013323747552931309,0.3312956690788269,0.36772245168685913,-0.012067852541804314,0.3635737895965576,0.3582454323768616,-0.01775481551885605,0.39414557814598083,0.3577987551689148,-0.020865904167294502
0.23123574256896973,0.557681143283844,5.304643195813696e-07,0.29086217284202576,0.5757424235343933,-0.012806273996829987,0.3479554057121277,0.5664784908294678,-0.017283445224165916,0.3964686393737793,0.5604225397109985,-0.024128010496497154,0.4386305809020996,0.5482174158096313,-0.030364006757736206,0.3397770822048187,0.44565096497535706,0.023955391719937325,0.3785713016986847,0.4126332104206085,0.013694039545953274,0.41077470779418945,0.40550118684768677,-0.0015991205582395196,0.4395575225353241,0.40368902683258057,-0.012523530051112175,0.32712388038635254,0.4251236617565155,0.01977158896625042,0.3725946247577667,0.38933780789375305,0.010815874673426151,0.40771597623825073,0.38401058316230774,-0.004256073851138353,0.43968692421913147,0.3904927968978882,-0.015247265808284283,0.3093312382698059,0.40973982214927673,0.010187888517975807,0.35696274042129517,0.37275177240371704,-0.0009976305300369859,0.3919854164123535,0.3642043173313141,-0.011476239189505577,0.422593891620636,0.36662042140960693,-0.01771555282175541,0.288057804107666,0.39888817071914673,-0.001873306347988546,0.33131352066993713,0.36714521050453186,-0.012900419533252716,0.3641078472137451,0.35738950967788696,-0.018824992701411247,0.3950751721858978,0.35696887969970703,-0.02208380401134491
0.2305716574192047,0.5559259653091431,5.392582806962309e-07,0.289702832698822,0.575302243232727,-0.013402524404227734,0.34666574001312256,0.566351592540741,-0.01808575540781021,0.39505961537361145,0.5598905086517334,-0.02504650503396988,0.437550812959671,0.547980785369873,-0.03138246759772301,0.33965474367141724,0.44492223858833313,0.02374298684298992,0.3789283037185669,0.41227105259895325,0.013734309002757072,0.41123685240745544,0.4048420786857605,-0.0012875690590590239,0.4400739073753357,0.40255725383758545,-0.012040498666465282,0.32765212655067444,0.4242449998855591,0.01995723694562912,0.3735275864601135,0.38932764530181885,0.01105097122490406,0.40891656279563904,0.38399380445480347,-0.0041244965977966785,0.44101038575172424,0.39029785990715027,-0.015142850577831268,0.31039273738861084,0.4086117744445801,0.010770848020911217,0.35832127928733826,0.3725437521934509,-0.0003022216260433197,0.39333295822143555,0.36462825536727905,-0.010941972956061363,0.4237765371799469,0.36744213104248047,-0.017250683158636093,0.2894825339317322,0.3970985412597656,-0.0009263241663575172,0.33254122734069824,0.36516040563583374,-0.011625181883573532,0.3653499186038971,0.35490846633911133,-0.01755516789853573,0.39640143513679504,0.3537434935569763,-0.020849131047725677
0.22946788370609283,0.5538475513458252,5.422803610599658e-07,0.2897631525993347,0.574199914932251,-0.013379784300923347,0.34687021374702454,0.5660061836242676,-0.017965547740459442,0.3957342207431793,0.5599693655967712,-0.024869635701179504,0.4380987286567688,0.5479928255081177,-0.031155847012996674,0.3395310938358307,0.44441911578178406,0.02388002909719944,0.3794090151786804,0.41079390048980713,0.013868309557437897,0.4120447337627411,0.40385276079177856,-0.0011119373375549912,0.4408741593360901,0.40243104100227356,-0.01177277136594057,0.3273521065711975,0.4233044981956482,0.020027505233883858,0.3735700845718384,0.386821448802948,0.010909909382462502,0.40923872590065,0.3817466199398041,-0.004471876192837954,0.4411415755748749,0.38899433612823486,-0.015514052473008633,0.3100852966308594,0.40729832649230957,0.010770848952233791,0.35853511095046997,0.37030625343322754,-0.0005363250384107232,0.39419275522232056,0.3627593219280243,-0.011443853378295898,0.42480161786079407,0.3663479685783386,-0.017846524715423584,0.28931087255477905,0.3956913352012634,-0.0009826733730733395,0.3331459164619446,0.36288198828697205,-0.011967508122324944,0.3668142259120941,0.3527115285396576,-0.018135197460651398,0.39841827750205994,0.35224950313568115,-0.021543944254517555
0.22977708280086517,0.5535033345222473,5.30501324647048e-07,0.2878846228122711,0.5744017958641052,-0.014061427675187588,0.3456246554851532,0.5657147765159607,-0.018930571153759956,0.39432770013809204,0.5592865347862244,-0.02586669847369194,0.4364912509918213,0.547220766544342,-0.03208109736442566,0.3396185338497162,0.44354239106178284,0.02125595323741436,0.37934672832489014,0.4095882177352905,0.010423941537737846,0.41196301579475403,0.4028717875480652,-0.004655943252146244,0.44100749492645264,0.4018583595752716,-0.015233599580824375,0.32725435495376587,0.4220551550388336,0.017734190449118614,0.37380173802375793,0.38533902168273926,0.008257396519184113,0.409649133682251,0.3802649676799774,-0.006510098930448294,0.44177770614624023,0.3872787058353424,-0.01703004352748394,0.30967968702316284,0.40613994002342224,0.008852825500071049,0.3583828806877136,0.36906230449676514,-0.002637150464579463,0.39430609345436096,0.3612557649612427,-0.01286778599023819,0.42519667744636536,0.3645686209201813,-0.018719088286161423,0.2884054481983185,0.39470982551574707,-0.002585707465186715,0.332108736038208,0.36186984181404114,-0.013705892488360405,0.36567240953445435,0.3514613211154938,-0.01958969235420227,0.3969176709651947,0.35085588693618774,-0.022685466334223747
0.2280150055885315,0.5544352531433105,5.12798010277038e-07,0.28728771209716797,0.5741124153137207,-0.012855238281190395,0.34479641914367676,0.5645487308502197,-0.01702949032187462,0.39318105578422546,0.5585454702377319,-0.02347653917968273,0.434878945350647,0.5473542213439941,-0.029378054663538933,0.3399067223072052,0.44353431463241577,0.02162323147058487,0.37915563583374023,0.4089290201663971,0.010772529058158398,0.411395788192749,0.4019402861595154,-0.004538806155323982,0.440486341714859,0.4008042812347412,-0.015419505536556244,0.3268103301525116,0.42213499546051025,0.017440807074308395,0.37292778491973877,0.38507670164108276,0.008290049619972706,0.4078418016433716,0.379526287317276,-0.006486062426120043,0.43968135118484497,0.38594698905944824,-0.017291540279984474,0.3082062304019928,0.40637776255607605,0.0079777417704463,0.3565090596675873,0.36903417110443115,-0.0034852810204029083,0.39139947295188904,0.36014193296432495,-0.013939169235527515,0.4221380650997162,0.3620113432407379,-0.020229944959282875,0.28572243452072144,0.3952886462211609,-0.00393047695979476,0.328606516122818,0.3628898561000824,-0.015438755974173546,0.3611084222793579,0.3522031307220459,-0.02160516381263733,0.39209628105163574,0.35092148184776306,-0.025030290707945824
0.2268809676170349,0.553821325302124,5.133484251018672e-07,0.28544920682907104,0.5746864676475525,-0.01242523267865181,0.3429006040096283,0.5653796195983887,-0.016337068751454353,0.39209872484207153,0.5595712661743164,-0.022790931165218353,0.4344959259033203,0.5488733053207397,-0.028751960024237633,0.33864888548851013,0.4444534182548523,0.02419615164399147,0.378028929233551,0.40992069244384766,0.014192068949341774,0.41064566373825073,0.4021182656288147,-0.0007385712815448642,0.4397466778755188,0.40006282925605774,-0.011383265256881714,0.32657590508461,0.4236074984073639,0.019846836104989052,0.3730364739894867,0.3865545690059662,0.01134015154093504,0.4085193872451782,0.38088372349739075,-0.003577078226953745,0.44044220447540283,0.3873353898525238,-0.014416508376598358,0.3094831109046936,0.4077373445034027,0.010155584663152695,0.35754919052124023,0.3703612685203552,-0.0004856965388171375,0.3927205801010132,0.36174172163009644,-0.010941053740680218,0.42340975999832153,0.36405062675476074,-0.017229072749614716,0.2887064516544342,0.3957565724849701,-0.002018773928284645,0.3314138948917389,0.36285996437072754,-0.01226622425019741,0.3639092743396759,0.35133057832717896,-0.017900574952363968,0.39479684829711914,0.34924739599227905,-0.0210984256118536
0.22404201328754425,0.5498180985450745,5.046727551416552e-07,0.2813064754009247,0.5715457201004028,-0.014948055148124695,0.3398536145687103,0.5626681447029114,-0.01968175172805786,0.3891202211380005,0.5553101301193237,-0.02625652588903904,0.431407630443573,0.5432943105697632,-0.03213121369481087,0.3380323648452759,0.44462037086486816,0.019446169957518578,0.3774564266204834,0.4086875021457672,0.00785870011895895,0.4094230532646179,0.39953336119651794,-0.00748957134783268,0.43878743052482605,0.396487832069397,-0.018346816301345825,0.3253367245197296,0.42248111963272095,0.016216998919844627,0.37134480476379395,0.38496702909469604,0.006715670693665743,0.4058215916156769,0.37735310196876526,-0.007616787683218718,0.43844687938690186,0.38199400901794434,-0.01806912012398243,0.30732080340385437,0.40607786178588867,0.0075155580416321754,0.35467514395713806,0.36870276927948,-0.004135644994676113,0.38885265588760376,0.3588259220123291,-0.01370506826788187,0.4201459288597107,0.3603765368461609,-0.019330397248268127,0.28537189960479736,0.393929123878479,-0.0038592417258769274,0.3281358480453491,0.3623937666416168,-0.015138828195631504,0.3597540855407715,0.3509889245033264,-0.020634526386857033,0.3901359736919403,0.34906435012817383,-0.02359917014837265
0.22253713011741638,0.5479502081871033,5.209874984757334e-07,0.28007972240448,0.5687199831008911,-0.01503134984523058,0.3392138183116913,0.5597890019416809,-0.019876262173056602,0.3886362612247467,0.552699625492096,-0.026659376919269562,0.43057939410209656,0.5408974289894104,-0.032637663185596466,0.33651202917099,0.44105345010757446,0.02003287337720394,0.37628477811813354,0.40387606620788574,0.008183085359632969,0.4085935950279236,0.3946266174316406,-0.007344735786318779,0.4383375644683838,0.39187902212142944,-0.018264831975102425,0.32388487458229065,0.4190894663333893,0.01663275808095932,0.3702916204929352,0.3806123733520508,0.006618485786020756,0.40553873777389526,0.3728627562522888,-0.008199797011911869,0.43883970379829407,0.377918004989624,-0.018860815092921257,0.30606892704963684,0.4022429883480072,0.00767330639064312,0.354508638381958,0.3651167154312134,-0.004396271891891956,0.39000555872917175,0.3553888201713562,-0.01466900110244751,0.4219604432582855,0.3576579689979553,-0.020629189908504486,0.28425323963165283,0.38905370235443115,-0.00398634560406208,0.32796093821525574,0.35728806257247925,-0.015723811462521553,0.36075034737586975,0.3460363745689392,-0.02185383252799511,0.3918759226799011,0.34460943937301636,-0.025151407346129417
0.22207099199295044,0.5451704263687134,5.231528916738171e-07,0.28010982275009155,0.5674289464950562,-0.015597046352922916,0.33933892846107483,0.5618638396263123,-0.021156948059797287,0.3887787461280823,0.5564467906951904,-0.028361547738313675,0.4309018850326538,0.5452696084976196,-0.03482406586408615,0.3374454975128174,0.43877893686294556,0.017510179430246353,0.37724822759628296,0.40101271867752075,0.005438296590000391,0.4095228910446167,0.39024269580841064,-0.010137065313756466,0.4393569827079773,0.38576263189315796,-0.0211331807076931,0.3246135115623474,0.416618287563324,0.014432612806558609,0.3711259365081787,0.3774068355560303,0.00469413585960865,0.40632113814353943,0.36849963665008545,-0.009780816733837128,0.43945133686065674,0.37260547280311584,-0.020517680794000626,0.3066469430923462,0.40024709701538086,0.005963886622339487,0.3546074330806732,0.3619629144668579,-0.005958225578069687,0.38924935460090637,0.3517470061779022,-0.015725918114185333,0.42034709453582764,0.3539277911186218,-0.02155805192887783,0.2847498655319214,0.38801777362823486,-0.005193423014134169,0.3277101218700409,0.3556876480579376,-0.01694086194038391,0.3601458668708801,0.34484565258026123,-0.022696590051054955,0.3908661901950836,0.3440220057964325,-0.025797897949814796
0.21931025385856628,0.5392689108848572,5.084539225208573e-07,0.27909237146377563,0.5624784827232361,-0.011557306163012981,0.3379385471343994,0.5598526000976562,-0.014599278569221497,0.38599368929862976,0.5563344955444336,-0.020159481093287468,0.4251093864440918,0.5390868782997131,-0.024890294298529625,0.33583173155784607,0.43243172764778137,0.02634168229997158,0.37319207191467285,0.3923591077327728,0.0186967421323061,0.40392497181892395,0.3828856945037842,0.005057129077613354,0.43220922350883484,0.38066548109054565,-0.004950494505465031,0.32314854860305786,0.411185622215271,0.021797601133584976,0.36702823638916016,0.3694215416908264,0.015657231211662292,0.40163469314575195,0.3626023828983307,0.0013184970011934638,0.43273359537124634,0.3716007471084595,-0.009559917263686657,0.30569273233413696,0.3948048949241638,0.012095008976757526,0.3516058921813965,0.35302895307540894,0.0034403514582663774,0.3862587809562683,0.34602779150009155,-0.0065767839550971985,0.41625192761421204,0.3531617224216461,-0.01292539481073618,0.28501275181770325,0.3834981322288513,-0.00011930477194255218,0.3274680972099304,0.3489013910293579,-0.009198417887091637,0.3595036566257477,0.33986154198646545,-0.014373193494975567,0.3891735374927521,0.3429495394229889,-0.017315760254859924
0.21955914795398712,0.5430870652198792,4.964408617524896e-07,0.27892306447029114,0.5650782585144043,-0.010417010635137558,0.3376404643058777,0.5618191957473755,-0.013327444903552532,0.38535892963409424,0.5585840344429016,-0.01908402517437935,0.4234750270843506,0.5402101278305054,-0.024083085358142853,0.3351086676120758,0.433855801820755,0.027409102767705917,0.3719118535518646,0.3950216770172119,0.019788235425949097,0.4024297595024109,0.38675880432128906,0.006074400153011084,0.42980971932411194,0.38584282994270325,-0.003974171355366707,0.32280251383781433,0.4137479066848755,0.022147906944155693,0.36626604199409485,0.37185171246528625,0.015167834237217903,0.4007662534713745,0.36684027314186096,0.00019786288612522185,0.4308986961841583,0.37769848108291626,-0.01083458587527275,0.3060360252857208,0.39813730120658875,0.011847960762679577,0.3518033027648926,0.35593268275260925,0.002630673348903656,0.3864344358444214,0.3502827286720276,-0.007920833304524422,0.4152839779853821,0.3591076731681824,-0.014418154023587704,0.286121129989624,0.38757795095443726,-0.000850568525493145,0.32846933603286743,0.3532863259315491,-0.010343601927161217,0.36113741993904114,0.34436100721359253,-0.01607547327876091,0.39115387201309204,0.347527414560318,-0.01933404989540577
0.21838980913162231,0.5384385585784912,5.042729185333883e-07,0.27952417731285095,0.5532952547073364,-0.010926393792033195,0.33755072951316833,0.5454239845275879,-0.014720373786985874,0.3842189908027649,0.5369325876235962,-0.021678069606423378,0.4196641445159912,0.5082046985626221,-0.027903888374567032,0.32887914776802063,0.4246176779270172,0.027828162536025047,0.36390042304992676,0.3857567310333252,0.01834838278591633,0.3942776620388031,0.37867307662963867,0.0031323551665991545,0.420670747756958,0.3792935013771057,-0.007598421536386013,0.3161221444606781,0.40466946363449097,0.022627035155892372,0.35862061381340027,0.3614034056663513,0.013103918172419071,0.3921380341053009,0.3587982952594757,-0.0039193639531731606,0.420505553483963,0.3733103275299072,-0.015678713098168373,0.2985713481903076,0.38867226243019104,0.012349305674433708,0.3436836004257202,0.3459503650665283,0.0019827571231871843,0.3778097927570343,0.34257441759109497,-0.009371391497552395,0.4054720401763916,0.3547419011592865,-0.016011741012334824,0.277556836605072,0.3784577250480652,-0.00032904435647651553,0.3190820813179016,0.3453367054462433,-0.010250403545796871,0.35053750872612,0.33748579025268555,-0.016361955553293228,0.37857845425605774,0.3426148593425751,-0.019566930830478668
0.218636155128479,0.5484025478363037,4.939246878166159e-07,0.27971160411834717,0.5588628649711609,-0.00980076938867569,0.3379199206829071,0.5454629063606262,-0.013867776840925217,0.38544848561286926,0.5340584516525269,-0.0215331818908453,0.42301979660987854,0.5075311660766602,-0.028849350288510323,0.3236732482910156,0.42781397700309753,0.02724887989461422,0.35903823375701904,0.38800328969955444,0.01718536578118801,0.39005783200263977,0.38132017850875854,0.0016166550340130925,0.4163585901260376,0.38303714990615845,-0.009479128755629063,0.30997127294540405,0.4084036946296692,0.020870110020041466,0.3528692424297333,0.36374980211257935,0.00945703312754631,0.38790085911750793,0.36310845613479614,-0.00886458158493042,0.41706979274749756,0.38064002990722656,-0.021237455308437347,0.29164689779281616,0.39345240592956543,0.00964889582246542,0.3379872739315033,0.3465210795402527,-0.0030083276797086,0.3739824593067169,0.3450697362422943,-0.01590283028781414,0.4029057025909424,0.36005300283432007,-0.0232743788510561,0.27091285586357117,0.3845188617706299,-0.0036372237373143435,0.3144805431365967,0.34863412380218506,-0.016070226207375526,0.34780532121658325,0.34392237663269043,-0.023473674431443214,0.3768685460090637,0.35335615277290344,-0.027250096201896667
