0.2908093333244324,0.7747596502304077,4.1850569232337875e-07,0.37568482756614685,0.7214525938034058,-0.03917528688907623,0.43595850467681885,0.6420450210571289,-0.07282397896051407,0.4765375852584839,0.5880898237228394,-0.10931453108787537,0.5152051448822021,0.5408046245574951,-0.1423480361700058,0.38271018862724304,0.4240145683288574,-0.039451997727155685,0.445555716753006,0.3500915765762329,-0.11340820044279099,0.4828396737575531,0.42561304569244385,-0.17111927270889282,0.49340301752090454,0.4977097511291504,-0.19899271428585052,0.32733872532844543,0.3963947594165802,-0.05394350364804268,0.3384539783000946,0.22934865951538086,-0.09999018162488937,0.3448195159435272,0.11957722902297974,-0.14297223091125488,0.3426457345485687,0.008571028709411621,-0.17332470417022705,0.27212977409362793,0.41711893677711487,-0.0767781063914299,0.26298409700393677,0.25450998544692993,-0.1181417852640152,0.26578250527381897,0.14740753173828125,-0.14804957807064056,0.2674720287322998,0.04245755076408386,-0.1660146266222,0.21854007244110107,0.4714709520339966,-0.10344839096069336,0.20599745213985443,0.3431971073150635,-0.12859633564949036,0.20692823827266693,0.25686776638031006,-0.1339443475008011,0.2128479778766632,0.17224320769309998,-0.13625814020633698
0.2540643513202667,0.874553918838501,4.597793861194077e-07,0.33654648065567017,0.8259007930755615,-0.039286039769649506,0.39917925000190735,0.7519328594207764,-0.07608741521835327,0.4523521661758423,0.7032030820846558,-0.11593154817819595,0.4999363124370575,0.661184549331665,-0.15261468291282654,0.34983670711517334,0.5489372611045837,-0.044195156544446945,0.4264725148677826,0.4833531975746155,-0.12115494906902313,0.4641939699649811,0.5554403066635132,-0.18118539452552795,0.47075241804122925,0.626369059085846,-0.21005159616470337,0.29624053835868835,0.515728771686554,-0.060597896575927734,0.31869614124298096,0.3448277711868286,-0.1069888100028038,0.32843077182769775,0.23417866230010986,-0.14765723049640656,0.3242594003677368,0.1290106475353241,-0.17544803023338318,0.2407110184431076,0.5325867533683777,-0.08562400192022324,0.23341210186481476,0.372930109500885,-0.1271045207977295,0.23241731524467468,0.2649696171283722,-0.1574254333972931,0.22939950227737427,0.15991535782814026,-0.17535820603370667,0.1856829673051834,0.5872081518173218,-0.11446993052959442,0.1565878838300705,0.46703803539276123,-0.14071013033390045,0.14457495510578156,0.3838343024253845,-0.14625690877437592,0.13793829083442688,0.30127471685409546,-0.14836518466472626
0.23902229964733124,0.8952159881591797,4.7630419430788606e-07,0.3218405544757843,0.8504687547683716,-0.04545605555176735,0.3909188508987427,0.7776806950569153,-0.08399149775505066,0.44788387417793274,0.7328057885169983,-0.1241031289100647,0.4940745532512665,0.694290280342102,-0.16047824919223785,0.33583471179008484,0.5640600919723511,-0.05082732066512108,0.41537556052207947,0.5063718557357788,-0.12696735560894012,0.4549482464790344,0.5807629823684692,-0.18552495539188385,0.46279674768447876,0.6510624885559082,-0.2136410027742386,0.2798095643520355,0.5307897925376892,-0.06487216055393219,0.3035045266151428,0.361287921667099,-0.11023075133562088,0.31638672947883606,0.25191062688827515,-0.149002805352211,0.3151729106903076,0.15058764815330505,-0.17541177570819855,0.22135043144226074,0.5478014945983887,-0.08831436932086945,0.21487271785736084,0.38124173879623413,-0.1321493685245514,0.2124291956424713,0.2669053375720978,-0.1673169583082199,0.2071710228919983,0.16003432869911194,-0.1879180371761322,0.16522423923015594,0.605303943157196,-0.11555454134941101,0.12268637120723724,0.4859549105167389,-0.14723889529705048,0.09782776236534119,0.401203989982605,-0.15904158353805542,0.07788462936878204,0.3183023929595947,-0.1646946221590042
0.22610224783420563,0.8398469686508179,4.4830125034422963e-07,0.31444454193115234,0.8055129051208496,-0.0528203584253788,0.3890189528465271,0.7502608299255371,-0.09602969884872437,0.43490779399871826,0.7102877497673035,-0.13965952396392822,0.4324268698692322,0.6553336977958679,-0.17927628755569458,0.33531463146209717,0.5098930597305298,-0.061826419085264206,0.3996552526950836,0.44089967012405396,-0.14251486957073212,0.4245195984840393,0.5230228304862976,-0.20474845170974731,0.4226498603820801,0.599631667137146,-0.23456113040447235,0.27056458592414856,0.47518685460090637,-0.07175630331039429,0.2815771996974945,0.3043510317802429,-0.12030775099992752,0.2905997335910797,0.20008352398872375,-0.16446836292743683,0.2918812334537506,0.09823682904243469,-0.1958148330450058,0.20638442039489746,0.4910311996936798,-0.09058701246976852,0.19737078249454498,0.3303101360797882,-0.13212643563747406,0.1997184157371521,0.22204458713531494,-0.16534632444381714,0.20321273803710938,0.11646455526351929,-0.18668000400066376,0.1475665420293808,0.5458323955535889,-0.11421894282102585,0.12083914875984192,0.4242539405822754,-0.14000387489795685,0.11051318049430847,0.34052804112434387,-0.14808443188667297,0.10752694308757782,0.2572607398033142,-0.15312689542770386
0.22429099678993225,0.8253934979438782,3.9861882328295906e-07,0.31346452236175537,0.7901933193206787,-0.05541440472006798,0.38968735933303833,0.7275470495223999,-0.09791085869073868,0.43269479274749756,0.6802235245704651,-0.14039328694343567,0.41502171754837036,0.6294885873794556,-0.17819294333457947,0.3322056233882904,0.49091923236846924,-0.058642081916332245,0.38834378123283386,0.4158381521701813,-0.13630156219005585,0.40412041544914246,0.5022623538970947,-0.19649456441402435,0.3952256739139557,0.5809834003448486,-0.22534984350204468,0.26542147994041443,0.45665186643600464,-0.06654222309589386,0.2726963460445404,0.28889647126197815,-0.11343847215175629,0.2783834934234619,0.18595924973487854,-0.15687142312526703,0.2770289182662964,0.08288499712944031,-0.18807879090309143,0.19898976385593414,0.47318539023399353,-0.08394639939069748,0.1900455355644226,0.31455859541893005,-0.12423538416624069,0.1904790997505188,0.20811882615089417,-0.15770550072193146,0.19220170378684998,0.10438579320907593,-0.1795295923948288,0.13833604753017426,0.5280530452728271,-0.10649526864290237,0.11373874545097351,0.40636521577835083,-0.13064073026180267,0.1037302017211914,0.3239305019378662,-0.13921666145324707,0.1013345867395401,0.24222975969314575,-0.14526934921741486
0.2199600636959076,0.8398308157920837,4.238081316998432e-07,0.30953940749168396,0.7990478277206421,-0.04383528232574463,0.3828032612800598,0.7394700646400452,-0.08131721615791321,0.4307025671005249,0.6999386548995972,-0.12100303918123245,0.44075262546539307,0.6487523317337036,-0.15703681111335754,0.3241293132305145,0.512825071811676,-0.04903354123234749,0.39368975162506104,0.4439140856266022,-0.12877486646175385,0.4279822111129761,0.518053412437439,-0.19067956507205963,0.4330911636352539,0.5894416570663452,-0.21979175508022308,0.2636897563934326,0.47914403676986694,-0.06280089914798737,0.2791915833950043,0.3134644031524658,-0.10944712162017822,0.28957462310791016,0.2061493694782257,-0.15165655314922333,0.2895808815956116,0.10284915566444397,-0.1812184602022171,0.20204642415046692,0.4934414029121399,-0.08576768636703491,0.19620418548583984,0.32920539379119873,-0.12759312987327576,0.1966756284236908,0.2172798216342926,-0.1603703647851944,0.19704964756965637,0.10926282405853271,-0.18039341270923615,0.14373178780078888,0.5459842085838318,-0.11287420988082886,0.11488789319992065,0.42116695642471313,-0.13993382453918457,0.10344108939170837,0.3352738916873932,-0.1480533629655838,0.0993814617395401,0.25113052129745483,-0.1520795375108719
0.24402517080307007,0.8530018329620361,3.399356955924304e-07,0.32754313945770264,0.8046395778656006,-0.03517010062932968,0.3933783769607544,0.725013792514801,-0.06671974807977676,0.4426395893096924,0.6716832518577576,-0.10097495466470718,0.4744192063808441,0.6169827580451965,-0.13154534995555878,0.3385985493659973,0.5228304862976074,-0.04222691059112549,0.4022459089756012,0.4474213421344757,-0.1153886541724205,0.439522922039032,0.5204952955245972,-0.1690484881401062,0.4515150189399719,0.5878647565841675,-0.19343599677085876,0.28932738304138184,0.5031672716140747,-0.058705251663923264,0.3051298260688782,0.3375873267650604,-0.10480176657438278,0.3095237910747528,0.2333815097808838,-0.14489302039146423,0.30289629101753235,0.12799635529518127,-0.17226223647594452,0.23887085914611816,0.5275356769561768,-0.0828867256641388,0.23650845885276794,0.370890349149704,-0.12331702560186386,0.2427055835723877,0.2666696012020111,-0.15123297274112701,0.24385200440883636,0.1622430384159088,-0.1673717498779297,0.18847326934337616,0.581089437007904,-0.11060134321451187,0.17749564349651337,0.4539569914340973,-0.13607467710971832,0.17752432823181152,0.3696405291557312,-0.14174360036849976,0.17923496663570404,0.28799134492874146,-0.1436183899641037
0.24752923846244812,0.8280981183052063,3.7064168623146543e-07,0.33158180117607117,0.7796845436096191,-0.03531571105122566,0.39768707752227783,0.6992798447608948,-0.06584811210632324,0.44568049907684326,0.6423968076705933,-0.09893981367349625,0.48218125104904175,0.5894710421562195,-0.12886586785316467,0.3422877788543701,0.4970322847366333,-0.04039095714688301,0.4070049226284027,0.42368704080581665,-0.11209516227245331,0.4451773464679718,0.48950740694999695,-0.16560550034046173,0.4596041142940521,0.5540080666542053,-0.19050666689872742,0.2921481430530548,0.4736389219760895,-0.05691097304224968,0.3081094026565552,0.3040493428707123,-0.10189126431941986,0.3123951852321625,0.19646555185317993,-0.14086847007274628,0.3065584599971771,0.09205543994903564,-0.1673445701599121,0.24089786410331726,0.4951816499233246,-0.08133194595575333,0.23610609769821167,0.33438342809677124,-0.1213039979338646,0.23947320878505707,0.22721663117408752,-0.14888864755630493,0.23993965983390808,0.12199568748474121,-0.1648840308189392,0.1890077292919159,0.5486251711845398,-0.10937615483999252,0.17534734308719635,0.42002472281455994,-0.13492606580257416,0.17405474185943604,0.334464430809021,-0.14027684926986694,0.1751665472984314,0.2515176832675934,-0.14203405380249023
0.24836507439613342,0.8314553499221802,3.983992087341903e-07,0.33284181356430054,0.7810961008071899,-0.03656250610947609,0.39816635847091675,0.7023387551307678,-0.06810130923986435,0.4460906386375427,0.6437013745307922,-0.10203161090612411,0.48236310482025146,0.5901261568069458,-0.1326315850019455,0.33944225311279297,0.5006009340286255,-0.04155345633625984,0.40548962354660034,0.4328308403491974,-0.11377264559268951,0.44379758834838867,0.4979657828807831,-0.1677672266960144,0.4572858214378357,0.5616607069969177,-0.19286377727985382,0.2894081771373749,0.47603511810302734,-0.05809716880321503,0.30794602632522583,0.30369997024536133,-0.10238364338874817,0.310748815536499,0.19184362888336182,-0.14141324162483215,0.30260002613067627,0.08671903610229492,-0.16800421476364136,0.23805510997772217,0.4950266182422638,-0.0825878456234932,0.23283404111862183,0.33214330673217773,-0.12169365584850311,0.23654325306415558,0.22386011481285095,-0.14953912794589996,0.23672983050346375,0.12041568756103516,-0.16590483486652374,0.1857203096151352,0.54710453748703,-0.11092054098844528,0.17316120862960815,0.4176280200481415,-0.13610237836837769,0.17307357490062714,0.331265926361084,-0.14124006032943726,0.17523671686649323,0.24835538864135742,-0.14288346469402313
0.24477452039718628,0.8244543075561523,3.8265605439846695e-07,0.32880255579948425,0.775926411151886,-0.03919908031821251,0.3961663842201233,0.7003507614135742,-0.07136129587888718,0.4463655948638916,0.6432762145996094,-0.1055808812379837,0.4766674041748047,0.5883216857910156,-0.13641142845153809,0.33587953448295593,0.5051844716072083,-0.04187142103910446,0.4012161195278168,0.44068431854248047,-0.11463703215122223,0.4397570490837097,0.507250189781189,-0.16975700855255127,0.4536675810813904,0.5717647075653076,-0.1954732984304428,0.2873084247112274,0.4806966185569763,-0.056627269834280014,0.3043854832649231,0.31310951709747314,-0.10093449801206589,0.30603790283203125,0.202205628156662,-0.1410713493824005,0.29752111434936523,0.09650865197181702,-0.16879628598690033,0.2371499240398407,0.49814051389694214,-0.07961418479681015,0.23373165726661682,0.33829551935195923,-0.11845330893993378,0.23718678951263428,0.23166009783744812,-0.14669273793697357,0.23689734935760498,0.12840968370437622,-0.16347166895866394,0.1859760731458664,0.5472494959831238,-0.10673368722200394,0.17510153353214264,0.42146795988082886,-0.1309662014245987,0.17499810457229614,0.33733704686164856,-0.13584648072719574,0.17647136747837067,0.2563106119632721,-0.13754238188266754
0.25467586517333984,0.7833213806152344,3.520708844462206e-07,0.33344972133636475,0.7361099720001221,-0.02979428693652153,0.39265871047973633,0.6650596857070923,-0.0562029667198658,0.43387869000434875,0.6173054575920105,-0.08493953198194504,0.46078285574913025,0.5718091726303101,-0.1109086349606514,0.338232159614563,0.48110854625701904,-0.03597038611769676,0.3952646255493164,0.41725969314575195,-0.09808316081762314,0.42934587597846985,0.47762417793273926,-0.14431385695934296,0.4408007860183716,0.5365006327629089,-0.16560998558998108,0.2917972505092621,0.4595138430595398,-0.050611577928066254,0.30639931559562683,0.3048430383205414,-0.08778407424688339,0.30955448746681213,0.2078358232975006,-0.12100914120674133,0.3036304712295532,0.1169566810131073,-0.14438147842884064,0.24416787922382355,0.4766298830509186,-0.07197828590869904,0.24012690782546997,0.32972589135169983,-0.1053754985332489,0.24368032813072205,0.23342064023017883,-0.13027676939964294,0.24357715249061584,0.14196962118148804,-0.1455582082271576,0.19673776626586914,0.5224689245223999,-0.09629027545452118,0.18896441161632538,0.40784215927124023,-0.11789686232805252,0.18955203890800476,0.3317427933216095,-0.12274318188428879,0.19125749170780182,0.2582833766937256,-0.12493662536144257
0.26681309938430786,0.7163047790527344,3.1064513450473896e-07,0.33707094192504883,0.6723881959915161,-0.02880316972732544,0.39098644256591797,0.6086610555648804,-0.052245479077100754,0.42597782611846924,0.560870885848999,-0.07793066650629044,0.44593507051467896,0.5088518857955933,-0.10057006031274796,0.3417234420776367,0.43756213784217834,-0.027402080595493317,0.3889889121055603,0.37416979670524597,-0.08346660435199738,0.4182783365249634,0.4229564368724823,-0.12633569538593292,0.42907172441482544,0.4733511507511139,-0.14625629782676697,0.298287957906723,0.4146730601787567,-0.039647623896598816,0.3106920123100281,0.273482084274292,-0.07340206205844879,0.3123014271259308,0.18363812565803528,-0.10383563488721848,0.3069002628326416,0.10111424326896667,-0.12479766458272934,0.2547075152397156,0.4274379312992096,-0.05873994156718254,0.2506271302700043,0.2945571839809418,-0.08860952407121658,0.25258052349090576,0.20773541927337646,-0.1100483313202858,0.25285130739212036,0.1258118748664856,-0.12282297015190125,0.21154247224330902,0.4678926169872284,-0.08105839043855667,0.20372548699378967,0.3638819456100464,-0.09989382326602936,0.20433294773101807,0.2946322560310364,-0.10339029878377914,0.20750534534454346,0.2272873967885971,-0.10445209592580795
0.2676481306552887,0.7124103307723999,3.285835248334479e-07,0.33917689323425293,0.6725432872772217,-0.029928984120488167,0.3941148817539215,0.6105778217315674,-0.054086629301309586,0.42761290073394775,0.5635882019996643,-0.0800236240029335,0.44793441891670227,0.5145188570022583,-0.10277927666902542,0.34479832649230957,0.43686607480049133,-0.029416387900710106,0.39390090107917786,0.3754699230194092,-0.08550898730754852,0.42359042167663574,0.42937567830085754,-0.12784212827682495,0.4336191415786743,0.4812723994255066,-0.14719313383102417,0.3014925718307495,0.4137987196445465,-0.040583401918411255,0.3148784637451172,0.27661073207855225,-0.07432259619235992,0.3181231617927551,0.18858236074447632,-0.10444803535938263,0.3138672411441803,0.10555452108383179,-0.1250481903553009,0.25789734721183777,0.4267653226852417,-0.058503128588199615,0.2540726363658905,0.29583749175071716,-0.08865632861852646,0.25752392411231995,0.2089482694864273,-0.1100316196680069,0.25906312465667725,0.12587931752204895,-0.12254594266414642,0.21493566036224365,0.4673251509666443,-0.07953684031963348,0.20789897441864014,0.3641851544380188,-0.09842026233673096,0.2095324546098709,0.2957267165184021,-0.10157782584428787,0.21415352821350098,0.22872942686080933,-0.10217667371034622
0.2683179974555969,0.7002003788948059,3.2689194995327853e-07,0.3386560380458832,0.6595575213432312,-0.030519865453243256,0.3922170102596283,0.5973507165908813,-0.05565609782934189,0.42812663316726685,0.5514549612998962,-0.08274561166763306,0.4476306438446045,0.49792182445526123,-0.10694494098424911,0.3455977439880371,0.42457225918769836,-0.03144462779164314,0.392608642578125,0.36367636919021606,-0.08906931430101395,0.42186012864112854,0.4163552522659302,-0.1328943818807602,0.4324306547641754,0.4685240387916565,-0.15332044661045074,0.302753746509552,0.40152648091316223,-0.04330521076917648,0.3135244846343994,0.2623574733734131,-0.07842088490724564,0.314511239528656,0.1715576946735382,-0.11004430800676346,0.3086167275905609,0.08646875619888306,-0.13185670971870422,0.25855201482772827,0.41459208726882935,-0.06193002685904503,0.2546733617782593,0.2799263596534729,-0.09305352717638016,0.2568737864494324,0.191897451877594,-0.11520129442214966,0.2575990855693817,0.10809296369552612,-0.12840403616428375,0.21433475613594055,0.45547929406166077,-0.08369914442300797,0.20635852217674255,0.35154423117637634,-0.10366522520780563,0.20712462067604065,0.2819514274597168,-0.10754886269569397,0.2109040915966034,0.21438869833946228,-0.10867966711521149
0.2676941454410553,0.6828150749206543,3.5216103810853383e-07,0.33964598178863525,0.6424474716186523,-0.03239915892481804,0.39420655369758606,0.5833566784858704,-0.058569975197315216,0.4309057593345642,0.5374064445495605,-0.08648373931646347,0.44958236813545227,0.4818267822265625,-0.11131921410560608,0.34460851550102234,0.4079217314720154,-0.03211977705359459,0.39200761914253235,0.3471493422985077,-0.09030743688344955,0.42333775758743286,0.3985042870044708,-0.13462680578231812,0.4364204406738281,0.4490632116794586,-0.15543141961097717,0.3019270896911621,0.38504406809806824,-0.04309159517288208,0.31257006525993347,0.24514064192771912,-0.07908674329519272,0.3152941167354584,0.15404805541038513,-0.1113026961684227,0.3117528557777405,0.0685381293296814,-0.1334780752658844,0.25808078050613403,0.39779821038246155,-0.061007048934698105,0.2535483241081238,0.26288264989852905,-0.09303566068410873,0.2563011944293976,0.17527994513511658,-0.1154889389872551,0.2581753730773926,0.09254148602485657,-0.12864087522029877,0.21490837633609772,0.4382839798927307,-0.08222790062427521,0.20734375715255737,0.3337405323982239,-0.10266077518463135,0.20862522721290588,0.2637519836425781,-0.10680634528398514,0.21315260231494904,0.19606834650039673,-0.10802730917930603
0.2721729576587677,0.7277941703796387,3.461206006249995e-07,0.3511990010738373,0.6863670349121094,-0.027473362162709236,0.4123488962650299,0.6172498464584351,-0.05101335048675537,0.4544476568698883,0.5678167939186096,-0.0777217447757721,0.47809070348739624,0.5147609710693359,-0.1012948602437973,0.3653162717819214,0.4247063100337982,-0.02609759010374546,0.42110687494277954,0.3616119623184204,-0.08589733392000198,0.4553030729293823,0.418552428483963,-0.13194145262241364,0.4676523804664612,0.4752953052520752,-0.15337294340133667,0.3197161555290222,0.39841967821121216,-0.04121920466423035,0.3340415954589844,0.2460799217224121,-0.07729648798704147,0.34068724513053894,0.14725059270858765,-0.11044985055923462,0.3388192355632782,0.053791552782058716,-0.13328538835048676,0.2725626826286316,0.41271960735321045,-0.06335670500993729,0.26921534538269043,0.26765716075897217,-0.09614728391170502,0.2731696665287018,0.17370456457138062,-0.11924963444471359,0.2745644450187683,0.08381253480911255,-0.1326950341463089,0.22593769431114197,0.4579678475856781,-0.08853928744792938,0.218033105134964,0.3438238501548767,-0.11003796756267548,0.21910014748573303,0.267400324344635,-0.11365115642547607,0.2226039171218872,0.19234856963157654,-0.11419815570116043
0.25030189752578735,0.8275038003921509,4.282467500615894e-07,0.3388068377971649,0.7862108945846558,-0.0357891283929348,0.4161738157272339,0.7160111665725708,-0.06736306846141815,0.47082841396331787,0.6701724529266357,-0.10200803726911545,0.49897533655166626,0.611648678779602,-0.13260284066200256,0.3613514304161072,0.4972339868545532,-0.03814447671175003,0.43464213609695435,0.4197922945022583,-0.11154599487781525,0.4716974198818207,0.494515061378479,-0.1686578392982483,0.47967255115509033,0.5662132501602173,-0.195289745926857,0.3091416656970978,0.46139445900917053,-0.054816871881484985,0.3305504620075226,0.2866538166999817,-0.1024482324719429,0.3436037600040436,0.17527905106544495,-0.14510291814804077,0.34631219506263733,0.07077193260192871,-0.1730787456035614,0.2534075975418091,0.47511497139930725,-0.0794767513871193,0.25427064299583435,0.3104182779788971,-0.12217715382575989,0.2632474899291992,0.19996535778045654,-0.15253597497940063,0.2702840268611908,0.09880968928337097,-0.1690317988395691,0.19781406223773956,0.5244564414024353,-0.10742189735174179,0.19402088224887848,0.3935418426990509,-0.13414423167705536,0.19681014120578766,0.3052665591239929,-0.1392824351787567,0.20307841897010803,0.22554045915603638,-0.13986453413963318
0.22577829658985138,0.9099100232124329,4.7081579168661847e-07,0.3237667679786682,0.8662193417549133,-0.04316084831953049,0.4054034650325775,0.7938328385353088,-0.08215989172458649,0.4655188322067261,0.7462068796157837,-0.12415453046560287,0.4932905435562134,0.6740186214447021,-0.16230790317058563,0.3449413478374481,0.548723578453064,-0.049523044377565384,0.42596590518951416,0.4762665927410126,-0.13608065247535706,0.46416017413139343,0.5625219941139221,-0.20378436148166656,0.472001314163208,0.6397029757499695,-0.2359568327665329,0.28918540477752686,0.513052761554718,-0.06741141527891159,0.3140425980091095,0.3228641152381897,-0.12091068923473358,0.3253379464149475,0.20013681054115295,-0.17009983956813812,0.3255143165588379,0.07996100187301636,-0.2036655992269516,0.22915634512901306,0.5298922061920166,-0.09432806819677353,0.23015666007995605,0.34581446647644043,-0.14096710085868835,0.23847803473472595,0.22602611780166626,-0.17467622458934784,0.2438395470380783,0.11035332083702087,-0.19430994987487793,0.16849105060100555,0.5842447876930237,-0.1253172606229782,0.16170617938041687,0.43998783826828003,-0.15481875836849213,0.16591936349868774,0.34265249967575073,-0.16096527874469757,0.1734573245048523,0.2508605420589447,-0.16270138323307037
0.23599475622177124,0.9310595393180847,5.123809501128562e-07,0.33311957120895386,0.8827180862426758,-0.03882317245006561,0.4159979224205017,0.8069257736206055,-0.07519610971212387,0.47637373208999634,0.758576512336731,-0.11506041884422302,0.5118273496627808,0.692450225353241,-0.15018385648727417,0.3587501049041748,0.5542612075805664,-0.04086790978908539,0.44058161973953247,0.4792274832725525,-0.12498793005943298,0.4813510775566101,0.5690303444862366,-0.18818441033363342,0.4927636981010437,0.6509919762611389,-0.21662966907024384,0.3016362488269806,0.5210020542144775,-0.060384344309568405,0.32546982169151306,0.3314628601074219,-0.11326117068529129,0.33902236819267273,0.20642566680908203,-0.16007408499717712,0.3418304920196533,0.08014452457427979,-0.19134441018104553,0.24040472507476807,0.5408110618591309,-0.08922531455755234,0.2421189546585083,0.35606685280799866,-0.13643944263458252,0.254072904586792,0.23413312435150146,-0.16871988773345947,0.26328814029693604,0.11363410949707031,-0.18646790087223053,0.17897343635559082,0.5990015268325806,-0.12187813967466354,0.172928124666214,0.4523809552192688,-0.15074314177036285,0.17797626554965973,0.3537733256816864,-0.15558239817619324,0.18675369024276733,0.2592771053314209,-0.155805304646492
0.23937471210956573,0.9118054509162903,5.422646722763602e-07,0.3338662385940552,0.865595817565918,-0.042783401906490326,0.4148634076118469,0.7910789847373962,-0.08117124438285828,0.4720509946346283,0.7430342435836792,-0.12191031128168106,0.508070170879364,0.6750720739364624,-0.1578461080789566,0.3638380169868469,0.5390492081642151,-0.047478459775447845,0.4438394606113434,0.46148398518562317,-0.12956926226615906,0.4807458221912384,0.5486441254615784,-0.19126498699188232,0.489258348941803,0.6294122934341431,-0.21940036118030548,0.30567824840545654,0.5023621916770935,-0.06400777399539948,0.3286191523075104,0.3119918704032898,-0.11536779999732971,0.34257036447525024,0.18779686093330383,-0.16122448444366455,0.3469979465007782,0.06257051229476929,-0.19254346191883087,0.2435903251171112,0.5202648639678955,-0.08957468718290329,0.24470151960849762,0.3382492661476135,-0.13572712242603302,0.2565408945083618,0.21866995096206665,-0.1681908518075943,0.26631438732147217,0.10033181309700012,-0.18670086562633514,0.1808881312608719,0.5768996477127075,-0.11909663677215576,0.17484039068222046,0.43128862977027893,-0.14743943512439728,0.1779366135597229,0.33407118916511536,-0.1528281271457672,0.18540744483470917,0.24037492275238037,-0.15404023230075836
0.23382073640823364,0.8827418684959412,4.5917113311588764e-07,0.33067238330841064,0.8330102562904358,-0.03738291189074516,0.41559600830078125,0.7577686309814453,-0.07122453302145004,0.4726245701313019,0.7052171230316162,-0.10825090855360031,0.4966329336166382,0.6334918737411499,-0.14097188413143158,0.35634344816207886,0.5209709405899048,-0.041652861982584,0.4341028928756714,0.443553626537323,-0.12209326028823853,0.47192108631134033,0.5255885720252991,-0.1829441785812378,0.48208630084991455,0.6022811532020569,-0.21059288084506989,0.2993795871734619,0.48760634660720825,-0.06014910712838173,0.3238738775253296,0.3010193407535553,-0.10945028066635132,0.3370336890220642,0.18114852905273438,-0.15365375578403473,0.34051409363746643,0.06212279200553894,-0.18389159440994263,0.23852530121803284,0.5046396255493164,-0.08751582354307175,0.2400473654270172,0.3250836730003357,-0.1308296024799347,0.2508016526699066,0.20858511328697205,-0.1614084094762802,0.25974613428115845,0.09487676620483398,-0.17904435098171234,0.17693834006786346,0.5574933290481567,-0.11872020363807678,0.17007660865783691,0.4138970375061035,-0.14541597664356232,0.17357847094535828,0.3188704252243042,-0.15040619671344757,0.18140293657779694,0.2274267077445984,-0.1514921337366104
0.24182862043380737,0.8598953485488892,4.950656489199901e-07,0.3355008065700531,0.8103559017181396,-0.03672787919640541,0.41010189056396484,0.7263596653938293,-0.06833937764167786,0.4667106866836548,0.6669003367424011,-0.10330987721681595,0.5056883692741394,0.6077885627746582,-0.1347016841173172,0.3590942323207855,0.5022811889648438,-0.03626658394932747,0.43471887707710266,0.4276215732097626,-0.1109946221113205,0.47841399908065796,0.5016247630119324,-0.16931310296058655,0.49605023860931396,0.5737132430076599,-0.19697991013526917,0.3072112500667572,0.468576043844223,-0.05263368785381317,0.333672434091568,0.2943379282951355,-0.09806094318628311,0.35189664363861084,0.17749011516571045,-0.14126023650169373,0.360477089881897,0.059748560190200806,-0.1719488948583603,0.2507278621196747,0.48407018184661865,-0.07770455628633499,0.2555660009384155,0.30821356177330017,-0.1191539466381073,0.2661302089691162,0.19077378511428833,-0.1506870687007904,0.2746121287345886,0.07701060175895691,-0.1698474884033203,0.19302479922771454,0.5340547561645508,-0.10654734820127487,0.1887972205877304,0.3939920663833618,-0.13286510109901428,0.19296692311763763,0.30007290840148926,-0.13932056725025177,0.2006453573703766,0.20957717299461365,-0.1422906517982483
0.24710479378700256,0.8680709004402161,6.190064141264884e-07,0.34028056263923645,0.8153541088104248,-0.036417052149772644,0.41181784868240356,0.7306647300720215,-0.06980542093515396,0.4699545204639435,0.6723353862762451,-0.1064452975988388,0.5200730562210083,0.6228196620941162,-0.14047756791114807,0.3608812689781189,0.5135073661804199,-0.03887919336557388,0.44091296195983887,0.4529064893722534,-0.11223934590816498,0.4889417886734009,0.5190572142601013,-0.16951757669448853,0.5110203623771667,0.5843960642814636,-0.19758492708206177,0.3122629225254059,0.4793221652507782,-0.05685042217373848,0.34290391206741333,0.29967284202575684,-0.10346174985170364,0.36300110816955566,0.1780620515346527,-0.14635610580444336,0.37206974625587463,0.0599541962146759,-0.176439568400383,0.2574152946472168,0.4938454329967499,-0.08295173197984695,0.2629498243331909,0.3137718439102173,-0.12698379158973694,0.2742729187011719,0.1945057213306427,-0.15961121022701263,0.2823849022388458,0.08162611722946167,-0.17900249361991882,0.19999726116657257,0.5431267619132996,-0.11238671094179153,0.19661791622638702,0.4023793339729309,-0.14098480343818665,0.20163042843341827,0.30830052495002747,-0.14761365950107574,0.20968586206436157,0.21747180819511414,-0.150619238615036
0.2425861954689026,0.868506669998169,6.010420747770695e-07,0.3352363109588623,0.8159353733062744,-0.03308351710438728,0.40896719694137573,0.7322760820388794,-0.06393758952617645,0.4701249599456787,0.6765710711479187,-0.09857804328203201,0.5197057723999023,0.6301795244216919,-0.13080953061580658,0.3558536469936371,0.5196859240531921,-0.03434458747506142,0.43614864349365234,0.4701423645019531,-0.10464804619550705,0.48716068267822266,0.5362110137939453,-0.15989531576633453,0.5123916864395142,0.597781777381897,-0.18724790215492249,0.30915072560310364,0.48611512780189514,-0.0536535270512104,0.34015944600105286,0.3098186254501343,-0.09866884350776672,0.3613598048686981,0.18838772177696228,-0.1399347484111786,0.3709648549556732,0.07029959559440613,-0.1688816100358963,0.25528961420059204,0.49909740686416626,-0.08073850721120834,0.2618694603443146,0.320304274559021,-0.12354487180709839,0.2757308781147003,0.20343157649040222,-0.1544582098722458,0.28565481305122375,0.09254688024520874,-0.17245519161224365,0.19807009398937225,0.5464189052581787,-0.11104288697242737,0.1949627697467804,0.406094491481781,-0.1387593150138855,0.20091183483600616,0.31258881092071533,-0.14413106441497803,0.20994079113006592,0.2224084734916687,-0.14613112807273865
0.23514817655086517,0.8660204410552979,6.245579697861103e-07,0.32668280601501465,0.8151379227638245,-0.034815870225429535,0.4012553095817566,0.734523594379425,-0.06822837889194489,0.4646267592906952,0.6845054626464844,-0.10551980137825012,0.5107499361038208,0.6393287181854248,-0.14001306891441345,0.3465464413166046,0.5192363858222961,-0.0364709235727787,0.4277074635028839,0.4716729521751404,-0.11164836585521698,0.4758734107017517,0.5491133332252502,-0.17058418691158295,0.4961808919906616,0.617961049079895,-0.19917701184749603,0.29962387681007385,0.48478156328201294,-0.05612296611070633,0.331134170293808,0.30805861949920654,-0.10432706028223038,0.3515852391719818,0.18591439723968506,-0.14851248264312744,0.3597889542579651,0.06620621681213379,-0.17898698151111603,0.24510017037391663,0.4976499378681183,-0.0840054303407669,0.25257447361946106,0.31724411249160767,-0.129088893532753,0.26612675189971924,0.19829845428466797,-0.16237470507621765,0.2748088240623474,0.08544814586639404,-0.18148504197597504,0.18780012428760529,0.5449727773666382,-0.11506499350070953,0.18462158739566803,0.4039487838745117,-0.14336161315441132,0.1895298808813095,0.30925238132476807,-0.1491544395685196,0.19712711870670319,0.21867021918296814,-0.15124347805976868
0.22848039865493774,0.8656908869743347,5.698996119463118e-07,0.3216854929924011,0.8195151686668396,-0.04029985889792442,0.4061346650123596,0.7375842928886414,-0.07570774853229523,0.47509950399398804,0.6832463145256042,-0.11395428329706192,0.5089758634567261,0.6312296986579895,-0.14883986115455627,0.3439752757549286,0.5232396125793457,-0.044394802302122116,0.4267517924308777,0.4750734269618988,-0.1219111979007721,0.4730023741722107,0.5591184496879578,-0.18160080909729004,0.49046191573143005,0.630962610244751,-0.21041585505008698,0.2951727509498596,0.48676174879074097,-0.06287243962287903,0.3253193497657776,0.3097558617591858,-0.11310333758592606,0.3432648181915283,0.18669506907463074,-0.15865015983581543,0.35011985898017883,0.06387898325920105,-0.19041256606578827,0.23837274312973022,0.4995388984680176,-0.08991367369890213,0.24527207016944885,0.31802111864089966,-0.13603034615516663,0.25985413789749146,0.19920796155929565,-0.16991418600082397,0.2706950008869171,0.08391156792640686,-0.19000813364982605,0.17902468144893646,0.5467386841773987,-0.12073483318090439,0.1748143583536148,0.4051968455314636,-0.14967352151870728,0.17924125492572784,0.3105980455875397,-0.156540647149086,0.18787753582000732,0.2182391881942749,-0.1599382758140564
0.22626104950904846,0.8675885200500488,5.772457711827883e-07,0.3190212547779083,0.8216768503189087,-0.040120355784893036,0.40248990058898926,0.7441838979721069,-0.07524949312210083,0.4698832035064697,0.6925783753395081,-0.1130809336900711,0.4998267889022827,0.6377367973327637,-0.14738036692142487,0.3433515429496765,0.5267351865768433,-0.04281444102525711,0.426702082157135,0.4763815402984619,-0.12083215266466141,0.4712095856666565,0.56032395362854,-0.18147960305213928,0.4863312840461731,0.6337064504623413,-0.21038441359996796,0.29343706369400024,0.49009519815444946,-0.06033021956682205,0.3249436020851135,0.31517672538757324,-0.10957662016153336,0.34362202882766724,0.1956813931465149,-0.15458820760250092,0.3507605195045471,0.07777217030525208,-0.18557146191596985,0.2365255057811737,0.5031830668449402,-0.08658642321825027,0.24433130025863647,0.3242030143737793,-0.13179905712604523,0.2583279311656952,0.20740649104118347,-0.16541576385498047,0.26923221349716187,0.09496316313743591,-0.1849546879529953,0.17771513760089874,0.5515123605728149,-0.11656799912452698,0.17419211566448212,0.41247162222862244,-0.14486154913902283,0.1789700835943222,0.31970667839050293,-0.15147095918655396,0.18792733550071716,0.23006808757781982,-0.15420201420783997
0.22379301488399506,0.815335750579834,2.7542478164832573e-07,0.32135993242263794,0.7746638655662537,-0.04300166666507721,0.4085601270198822,0.7019264101982117,-0.0765928104519844,0.4597294330596924,0.6458467245101929,-0.11350779980421066,0.4328833818435669,0.5921822190284729,-0.1452307254076004,0.35305148363113403,0.463530033826828,-0.03299471363425255,0.40233084559440613,0.37385955452919006,-0.11345802992582321,0.4200032949447632,0.4635268449783325,-0.17627352476119995,0.4185791015625,0.545464277267456,-0.20476067066192627,0.2921523451805115,0.43055540323257446,-0.04640775918960571,0.3084011971950531,0.26064592599868774,-0.09182111918926239,0.3135834336280823,0.15483027696609497,-0.13327467441558838,0.31412774324417114,0.047780752182006836,-0.1613011509180069,0.22968658804893494,0.4432700276374817,-0.07077470421791077,0.2286471426486969,0.27743756771087646,-0.1075119748711586,0.23169180750846863,0.16986790299415588,-0.1349371373653412,0.23744142055511475,0.06324124336242676,-0.15157438814640045,0.1690858006477356,0.49156224727630615,-0.10073750466108322,0.16503094136714935,0.36217254400253296,-0.11929372698068619,0.16554731130599976,0.27815383672714233,-0.1227746456861496,0.17202012240886688,0.19642174243927002,-0.12425901740789413
0.22638671100139618,0.7990032434463501,2.105460623624822e-07,0.32320436835289,0.7592631578445435,-0.04627513140439987,0.4070504903793335,0.6828050017356873,-0.08072378486394882,0.4511675238609314,0.6189021468162537,-0.1181437149643898,0.42156335711479187,0.5654816031455994,-0.14999960362911224,0.3588959872722626,0.4469507336616516,-0.03132731094956398,0.3989689350128174,0.3473861813545227,-0.10938993841409683,0.40979906916618347,0.4353766143321991,-0.1697196066379547,0.4057029187679291,0.5192286372184753,-0.19681863486766815,0.29543352127075195,0.4152817726135254,-0.041350096464157104,0.30645427107810974,0.24819816648960114,-0.08526217937469482,0.30637988448143005,0.14949661493301392,-0.12416649609804153,0.30419331789016724,0.04474785923957825,-0.15009765326976776,0.23255044221878052,0.42732957005500793,-0.06270021200180054,0.2309495210647583,0.26634764671325684,-0.09773848205804825,0.2314530313014984,0.1607494056224823,-0.12195633351802826,0.23533886671066284,0.05441901087760925,-0.13654521107673645,0.17167499661445618,0.47344791889190674,-0.0901292935013771,0.1667306274175644,0.34841278195381165,-0.10702696442604065,0.16629746556282043,0.26611191034317017,-0.10934905707836151,0.17228738963603973,0.18535062670707703,-0.11015073210000992
0.2264658510684967,0.8084648847579956,2.031824664072701e-07,0.3210349678993225,0.7684111595153809,-0.04577559232711792,0.40550315380096436,0.6938194036483765,-0.07939722388982773,0.4481862783432007,0.6355496048927307,-0.11558929830789566,0.42753270268440247,0.5745118260383606,-0.14655640721321106,0.3605911135673523,0.45629122853279114,-0.034842781722545624,0.4053882956504822,0.36184626817703247,-0.11316061019897461,0.4161475896835327,0.4474964439868927,-0.17462292313575745,0.40941572189331055,0.5276508331298828,-0.202922523021698,0.2976411283016205,0.4225212037563324,-0.04609541594982147,0.31064683198928833,0.25005167722702026,-0.09057585895061493,0.3134591579437256,0.14800623059272766,-0.13208115100860596,0.31250107288360596,0.044648975133895874,-0.1604979783296585,0.2344123125076294,0.4343138039112091,-0.06819634139537811,0.23174232244491577,0.2700546383857727,-0.10417286306619644,0.23299150168895721,0.16331729292869568,-0.13172414898872375,0.23740386962890625,0.05714070796966553,-0.1489536613225937,0.17252708971500397,0.48171746730804443,-0.09601219743490219,0.16796839237213135,0.35300564765930176,-0.1144140213727951,0.16890849173069,0.2692703604698181,-0.1182069256901741,0.17562907934188843,0.188146710395813,-0.12025149166584015
0.2264675498008728,0.8045353889465332,3.5707594747691473e-07,0.3130582273006439,0.7591428756713867,-0.04442260041832924,0.38309478759765625,0.6916489005088806,-0.07840313762426376,0.4268132746219635,0.6385310292243958,-0.11497719585895538,0.4370957612991333,0.5678514242172241,-0.1467624008655548,0.3472202718257904,0.45532509684562683,-0.03278406336903572,0.40368837118148804,0.3789817690849304,-0.1062810942530632,0.42805978655815125,0.4530927836894989,-0.1649802178144455,0.4302501082420349,0.5245366096496582,-0.19270960986614227,0.2907840609550476,0.41952285170555115,-0.044758740812540054,0.30757027864456177,0.24959909915924072,-0.08652976155281067,0.31592264771461487,0.14471560716629028,-0.12672699987888336,0.3185165822505951,0.04414978623390198,-0.15468862652778625,0.23148319125175476,0.4303613007068634,-0.06709706038236618,0.2289842665195465,0.26836302876472473,-0.10326846688985825,0.23290903866291046,0.16091707348823547,-0.13162529468536377,0.23793813586235046,0.057111889123916626,-0.14916202425956726,0.17197175323963165,0.47907397150993347,-0.09463473409414291,0.1661689281463623,0.35100865364074707,-0.11621610075235367,0.16851164400577545,0.2661225199699402,-0.12102668732404709,0.17522956430912018,0.18405035138130188,-0.12305647134780884
0.22383993864059448,0.7900938987731934,3.076339112340065e-07,0.3088023364543915,0.7499403953552246,-0.05026593059301376,0.3816719055175781,0.6809036731719971,-0.08584285527467728,0.420745313167572,0.6263344883918762,-0.12275061756372452,0.41955047845840454,0.5555287599563599,-0.15531033277511597,0.3518720269203186,0.44308382272720337,-0.0402020588517189,0.4012233018875122,0.35413259267807007,-0.11586184054613113,0.4209434986114502,0.4287414848804474,-0.17758607864379883,0.42198511958122253,0.5005813837051392,-0.2078690081834793,0.2927040755748749,0.40787801146507263,-0.048553358763456345,0.30781644582748413,0.24092474579811096,-0.09229796379804611,0.3168099522590637,0.13827675580978394,-0.13716456294059753,0.32159483432769775,0.034646451473236084,-0.1698290854692459,0.2316678762435913,0.41999682784080505,-0.06724333763122559,0.23096561431884766,0.2598629593849182,-0.1046828031539917,0.23395928740501404,0.15305393934249878,-0.1363363415002823,0.23955751955509186,0.04770106077194214,-0.1571909338235855,0.17090168595314026,0.46862471103668213,-0.09148028492927551,0.16561371088027954,0.340084433555603,-0.11386892944574356,0.1665421426296234,0.25446194410324097,-0.12144861370325089,0.17279942333698273,0.17000436782836914,-0.12653714418411255
0.2281026393175125,0.7997543215751648,3.5177612289771787e-07,0.31397178769111633,0.7605726718902588,-0.04861338809132576,0.3840863108634949,0.6951431632041931,-0.08474588394165039,0.4223436415195465,0.6439166069030762,-0.12257622182369232,0.4229227602481842,0.574178159236908,-0.1564330905675888,0.3468341827392578,0.45501890778541565,-0.03974994271993637,0.4013369679450989,0.3777833878993988,-0.11533983796834946,0.42545074224472046,0.44604459404945374,-0.17758293449878693,0.42797237634658813,0.5132128000259399,-0.20835265517234802,0.28949621319770813,0.41766083240509033,-0.0500139445066452,0.3028649687767029,0.2453184872865677,-0.09410697966814041,0.30981144309043884,0.13828247785568237,-0.1386367529630661,0.3115062117576599,0.034973323345184326,-0.17036795616149902,0.23029817640781403,0.42818936705589294,-0.07017803192138672,0.2252773642539978,0.2655222415924072,-0.1081540510058403,0.2266773134469986,0.1572311520576477,-0.13921082019805908,0.22997409105300903,0.052496105432510376,-0.15893380343914032,0.1715644896030426,0.47636207938194275,-0.09566028416156769,0.1602015197277069,0.3463491201400757,-0.11826755106449127,0.15983858704566956,0.26000943779945374,-0.12424636632204056,0.16559827327728271,0.17557305097579956,-0.12766681611537933
0.23658503592014313,0.83856600522995,4.2287103951821337e-07,0.3216431736946106,0.7901376485824585,-0.04182443395256996,0.384351909160614,0.7142376899719238,-0.07604561746120453,0.42367756366729736,0.6553497314453125,-0.11327830702066422,0.4495241641998291,0.5882104635238647,-0.14667631685733795,0.3414027988910675,0.493042916059494,-0.038025807589292526,0.40738898515701294,0.41380512714385986,-0.11454421281814575,0.4435024857521057,0.4743470251560211,-0.17337268590927124,0.454891175031662,0.5387895107269287,-0.2010500133037567,0.2869108319282532,0.4583762288093567,-0.05197000131011009,0.3067445456981659,0.290851891040802,-0.09837235510349274,0.3196093738079071,0.18081450462341309,-0.13935960829257965,0.3230634331703186,0.0763484537601471,-0.16707183420658112,0.23002889752388,0.4739592969417572,-0.07581949979066849,0.22002533078193665,0.31361162662506104,-0.11817091703414917,0.21902170777320862,0.20143941044807434,-0.1495593786239624,0.21929697692394257,0.09399604797363281,-0.16800552606582642,0.1749173402786255,0.5284813642501831,-0.10405546426773071,0.15055662393569946,0.40297478437423706,-0.133463054895401,0.1398395150899887,0.31357717514038086,-0.14336909353733063,0.13461071252822876,0.22654345631599426,-0.14795039594173431
0.24354390799999237,0.8663886189460754,4.2517223164395546e-07,0.32970139384269714,0.8185756802558899,-0.041883405297994614,0.3932981491088867,0.7376082539558411,-0.07375192642211914,0.4343471825122833,0.6723225116729736,-0.10833375155925751,0.46412572264671326,0.609291672706604,-0.13912858068943024,0.3480493128299713,0.5264304876327515,-0.037900134921073914,0.42053377628326416,0.45000940561294556,-0.11104221642017365,0.4605390131473541,0.5038543343544006,-0.16675116121768951,0.4726793169975281,0.5666008591651917,-0.19267836213111877,0.29268693923950195,0.49064379930496216,-0.051433488726615906,0.3134719133377075,0.32410016655921936,-0.09518011659383774,0.3286285400390625,0.21067488193511963,-0.13177050650119781,0.33044666051864624,0.10545942187309265,-0.15569905936717987,0.23416273295879364,0.506109893321991,-0.07518110424280167,0.22175338864326477,0.34405022859573364,-0.1194312795996666,0.21559956669807434,0.22841256856918335,-0.15319477021694183,0.2095797061920166,0.11994433403015137,-0.17193886637687683,0.17864884436130524,0.5614114999771118,-0.1028442531824112,0.1292121410369873,0.44520464539527893,-0.13795864582061768,0.10096310079097748,0.3617515563964844,-0.15205755829811096,0.07981272041797638,0.28076598048210144,-0.15815715491771698
0.250241219997406,0.8671875,4.844887371291406e-07,0.334909051656723,0.8234244585037231,-0.0441451221704483,0.40073397755622864,0.7456362843513489,-0.07682660222053528,0.448510080575943,0.6841963529586792,-0.11081114411354065,0.48024189472198486,0.6211817860603333,-0.14122283458709717,0.3537071943283081,0.5395005941390991,-0.04465041309595108,0.42842915654182434,0.4658913314342499,-0.11613131314516068,0.4703304171562195,0.5239580273628235,-0.17086942493915558,0.48494577407836914,0.5865050554275513,-0.1972389817237854,0.29856792092323303,0.5027762055397034,-0.05668211728334427,0.3204975426197052,0.3412381410598755,-0.10116925090551376,0.3375053405761719,0.22969838976860046,-0.13985693454742432,0.3412140905857086,0.12429413199424744,-0.16624069213867188,0.238075390458107,0.5178782343864441,-0.07836677134037018,0.22859308123588562,0.3571740984916687,-0.1245652586221695,0.22669944167137146,0.24158883094787598,-0.1629624366760254,0.22401398420333862,0.13286995887756348,-0.1855902373790741,0.18088796734809875,0.5714735388755798,-0.10358314216136932,0.13401688635349274,0.4582759439945221,-0.14204265177249908,0.10304562747478485,0.378309965133667,-0.1599852591753006,0.07817071676254272,0.2991622984409332,-0.16926583647727966
0.2488221675157547,0.8554928302764893,4.236979975758004e-07,0.3309329152107239,0.810840368270874,-0.03924846649169922,0.398434579372406,0.7328320741653442,-0.07152310758829117,0.44397038221359253,0.6756234169006348,-0.10612525790929794,0.4761354327201843,0.6160466074943542,-0.13740400969982147,0.3519538938999176,0.5236293077468872,-0.04369540512561798,0.42650747299194336,0.44982025027275085,-0.1171974167227745,0.4680567979812622,0.5132565498352051,-0.17205002903938293,0.48088759183883667,0.5777610540390015,-0.198074072599411,0.2977829873561859,0.49029818177223206,-0.059364162385463715,0.31618183851242065,0.32377153635025024,-0.10611657053232193,0.32957980036735535,0.2125348448753357,-0.14613421261310577,0.33032751083374023,0.10698354244232178,-0.17309410870075226,0.2393159121274948,0.509485125541687,-0.08406025171279907,0.23113544285297394,0.3441743552684784,-0.13148856163024902,0.23087932169437408,0.22721076011657715,-0.16890372335910797,0.22959375381469727,0.11613139510154724,-0.19066090881824493,0.18374347686767578,0.5666682720184326,-0.11177592724561691,0.14095062017440796,0.44789111614227295,-0.1508159637451172,0.1140952855348587,0.3611202836036682,-0.16793522238731384,0.09396393597126007,0.2742445170879364,-0.17643415927886963
0.25248953700065613,0.850835919380188,4.52656280458541e-07,0.3354359269142151,0.8054584264755249,-0.03799426928162575,0.3996674120426178,0.7282372713088989,-0.0712500810623169,0.44488078355789185,0.6703315377235413,-0.1072167381644249,0.4801081717014313,0.6089486479759216,-0.14001400768756866,0.35010096430778503,0.5153100490570068,-0.04258597642183304,0.4246677756309509,0.4435858726501465,-0.11674033850431442,0.4660860002040863,0.505776047706604,-0.17236684262752533,0.4808086156845093,0.5678322315216064,-0.19805008172988892,0.29886773228645325,0.4830523431301117,-0.057795822620391846,0.31996533274650574,0.31404417753219604,-0.10298570245504379,0.3320334553718567,0.2054133415222168,-0.1414434313774109,0.33191606402397156,0.1046898365020752,-0.1669321358203888,0.24531859159469604,0.501165509223938,-0.08152401447296143,0.23374781012535095,0.3400338888168335,-0.1230512410402298,0.23400354385375977,0.22954577207565308,-0.15213996171951294,0.2329121083021164,0.12565267086029053,-0.1685417741537094,0.19365866482257843,0.5560422539710999,-0.1089014858007431,0.16945083439350128,0.43067580461502075,-0.13758103549480438,0.16011564433574677,0.34254175424575806,-0.14529329538345337,0.15482302010059357,0.25813746452331543,-0.14781373739242554
0.25312551856040955,0.8459372520446777,4.0642953536007553e-07,0.3394244909286499,0.7980722188949585,-0.035487692803144455,0.4071512818336487,0.7134811282157898,-0.06644058972597122,0.4552779495716095,0.6510684490203857,-0.10030839592218399,0.49143850803375244,0.5909783840179443,-0.13121499121189117,0.35392895340919495,0.5085263848304749,-0.04005514830350876,0.4255862832069397,0.43415239453315735,-0.11286366730928421,0.4680328965187073,0.49562644958496094,-0.1669730395078659,0.4850136935710907,0.5574037432670593,-0.19202864170074463,0.30327364802360535,0.48010778427124023,-0.05665574595332146,0.3222060203552246,0.3110019564628601,-0.10203344374895096,0.3332536518573761,0.20136433839797974,-0.14122186601161957,0.33285537362098694,0.09676015377044678,-0.16766323149204254,0.2507685124874115,0.5008055567741394,-0.08149979263544083,0.24409382045269012,0.3356185555458069,-0.12396913021802902,0.24554762244224548,0.22360041737556458,-0.1538129448890686,0.24453967809677124,0.11558753252029419,-0.1709652543067932,0.19991227984428406,0.5563985705375671,-0.1096230074763298,0.1792706996202469,0.42856621742248535,-0.13944107294082642,0.17231515049934387,0.33890488743782043,-0.1480584591627121,0.16880469024181366,0.25139954686164856,-0.15149560570716858
0.24734380841255188,0.838779091835022,4.187610329609015e-07,0.3341730237007141,0.7902259826660156,-0.03305114060640335,0.4014991521835327,0.7061115503311157,-0.06307600438594818,0.4469798803329468,0.6461735963821411,-0.09686256945133209,0.4832460880279541,0.5891046524047852,-0.12756310403347015,0.3497893512248993,0.4972248077392578,-0.03752772510051727,0.4189624786376953,0.4251633286476135,-0.10908577591180801,0.4607928395271301,0.4870923161506653,-0.1628696769475937,0.47798430919647217,0.549514651298523,-0.18860593438148499,0.2969141900539398,0.46549949049949646,-0.05586271733045578,0.3158026933670044,0.29681214690208435,-0.10030090808868408,0.3306888937950134,0.18661808967590332,-0.13840878009796143,0.33492225408554077,0.0823388397693634,-0.16434814035892487,0.24351215362548828,0.48578059673309326,-0.08240483701229095,0.2290654480457306,0.32202792167663574,-0.1243591159582138,0.22826240956783295,0.21134915947914124,-0.15372954308986664,0.2276146113872528,0.10488927364349365,-0.17099447548389435,0.19316881895065308,0.5447536706924438,-0.11229610443115234,0.1686404049396515,0.4207172691822052,-0.14301131665706635,0.15854398906230927,0.3325369954109192,-0.15213441848754883,0.15264193713665009,0.24595534801483154,-0.15612295269966125
0.24563011527061462,0.8445903062820435,4.2942986056004884e-07,0.33125242590904236,0.7945104241371155,-0.039348140358924866,0.39660245180130005,0.7156113982200623,-0.07459614425897598,0.44122314453125,0.6581078767776489,-0.11272622644901276,0.47546935081481934,0.5945728421211243,-0.14810140430927277,0.3486991226673126,0.5067530870437622,-0.0459541492164135,0.4185606837272644,0.43525147438049316,-0.12165562808513641,0.4599204659461975,0.4972006380558014,-0.1796618402004242,0.47460585832595825,0.5599448084831238,-0.20810286700725555,0.29558590054512024,0.4758112132549286,-0.0627756118774414,0.3150326907634735,0.30613720417022705,-0.11091507971286774,0.3282720744609833,0.19236630201339722,-0.1533644050359726,0.32971706986427307,0.08398756384849548,-0.1827894002199173,0.24037376046180725,0.49673977494239807,-0.08806251734495163,0.22769802808761597,0.3337799310684204,-0.13366948068141937,0.2238132357597351,0.21860110759735107,-0.16751444339752197,0.22049982845783234,0.10721763968467712,-0.1879665106534958,0.18666470050811768,0.5561361908912659,-0.11679264158010483,0.15225821733474731,0.43371811509132385,-0.15035183727741241,0.1360536366701126,0.34499168395996094,-0.16157065331935883,0.12555037438869476,0.2566143870353699,-0.16735424101352692
0.2406211942434311,0.8509081602096558,4.5514738644669706e-07,0.32627320289611816,0.8057464361190796,-0.0403251014649868,0.3924129009246826,0.7272047996520996,-0.07347525656223297,0.4392109811306,0.6676088571548462,-0.10906349122524261,0.4759635329246521,0.6097416877746582,-0.14131051301956177,0.3469027280807495,0.518713653087616,-0.04366154596209526,0.42472970485687256,0.44942957162857056,-0.1184990406036377,0.4672490954399109,0.5136041641235352,-0.1750520020723343,0.48085030913352966,0.5778523087501526,-0.20211713016033173,0.2934454679489136,0.4834960103034973,-0.058882009238004684,0.3166283369064331,0.31894904375076294,-0.10601712763309479,0.33426740765571594,0.20746389031410217,-0.14580267667770386,0.3387274146080017,0.10183587670326233,-0.17254367470741272,0.2343197762966156,0.5011935830116272,-0.0834832414984703,0.2243606001138687,0.33693698048591614,-0.13139119744300842,0.22329674661159515,0.2203044593334198,-0.1686384528875351,0.22177430987358093,0.10953313112258911,-0.19004809856414795,0.17789044976234436,0.5580329895019531,-0.11127355694770813,0.13464994728565216,0.4386408030986786,-0.1498299390077591,0.10874678194522858,0.35271498560905457,-0.16641516983509064,0.0892316997051239,0.2671860158443451,-0.17460592091083527
0.2382063865661621,0.8532974720001221,5.043037276664109e-07,0.32365676760673523,0.809217095375061,-0.04147791489958763,0.39220741391181946,0.7319336533546448,-0.07453282177448273,0.4434671998023987,0.6741846203804016,-0.10953141003847122,0.48337435722351074,0.6195330023765564,-0.1408015489578247,0.3473396897315979,0.5242012143135071,-0.043995462357997894,0.42885440587997437,0.4525710642337799,-0.1172831803560257,0.47102099657058716,0.5191919207572937,-0.17267906665802002,0.48388373851776123,0.5855807662010193,-0.19896425306797028,0.294348806142807,0.48554933071136475,-0.057628024369478226,0.3210466206073761,0.3233505189418793,-0.1035371795296669,0.34215039014816284,0.2143857479095459,-0.14239373803138733,0.3498212695121765,0.10962039232254028,-0.1685241162776947,0.2341279536485672,0.4987839460372925,-0.08078707009553909,0.22778818011283875,0.3357087969779968,-0.12801074981689453,0.2308589369058609,0.21950611472129822,-0.16574791073799133,0.23256883025169373,0.1108141541481018,-0.18737958371639252,0.17527028918266296,0.550268292427063,-0.10719573497772217,0.1324748694896698,0.43135693669319153,-0.14545036852359772,0.10512138903141022,0.34714475274086,-0.16246429085731506,0.0837869793176651,0.26385289430618286,-0.17081935703754425
0.24205252528190613,0.8552116751670837,4.5556214445241494e-07,0.3284754157066345,0.8080457448959351,-0.0361204668879509,0.39266279339790344,0.729820728302002,-0.06799134612083435,0.44124144315719604,0.6706535816192627,-0.10323147475719452,0.4813408851623535,0.6129509806632996,-0.1356329619884491,0.3462994396686554,0.5190991759300232,-0.03578845039010048,0.42499488592147827,0.450286328792572,-0.1112578809261322,0.4673425555229187,0.514587938785553,-0.17036564648151398,0.481321781873703,0.5797711610794067,-0.1985727995634079,0.2946195900440216,0.4846433699131012,-0.05225040391087532,0.32130464911460876,0.31917229294776917,-0.0979415625333786,0.33946144580841064,0.2107749879360199,-0.13886412978172302,0.3448569178581238,0.10656499862670898,-0.16665926575660706,0.23761484026908875,0.499199241399765,-0.07778104394674301,0.2409663200378418,0.33387649059295654,-0.1207737997174263,0.25068020820617676,0.2205415964126587,-0.15308557450771332,0.2575710415840149,0.11224457621574402,-0.17179018259048462,0.1806706190109253,0.5499895811080933,-0.10668929666280746,0.15920378267765045,0.422423779964447,-0.1377284824848175,0.15144595503807068,0.33029547333717346,-0.14796759188175201,0.14894407987594604,0.24131658673286438,-0.15233102440834045
0.23953089118003845,0.8572074174880981,4.4174399249641283e-07,0.324717253446579,0.803212583065033,-0.03718894347548485,0.3883979916572571,0.7200008034706116,-0.06970895826816559,0.43705257773399353,0.6603944897651672,-0.10508783161640167,0.47066861391067505,0.5954313278198242,-0.13756845891475677,0.3391229510307312,0.5086225867271423,-0.03983484208583832,0.4057750105857849,0.4387085735797882,-0.11252070963382721,0.4474201202392578,0.503213107585907,-0.1681879311800003,0.4661424458026886,0.5671705007553101,-0.195021852850914,0.2908593416213989,0.48426082730293274,-0.05693806707859039,0.3124045431613922,0.30943888425827026,-0.10259658098220825,0.3197241425514221,0.19384479522705078,-0.14465376734733582,0.31706053018569946,0.08084365725517273,-0.17421522736549377,0.2386343628168106,0.5056282877922058,-0.08220401406288147,0.2401777058839798,0.3373715281486511,-0.12359735369682312,0.24488762021064758,0.22442248463630676,-0.15372760593891144,0.24611231684684753,0.1138046383857727,-0.17198370397090912,0.18464729189872742,0.5607031583786011,-0.11124300211668015,0.1786326915025711,0.42690443992614746,-0.13865691423416138,0.17922593653202057,0.3358260989189148,-0.14494596421718597,0.18133299052715302,0.2464464008808136,-0.14774005115032196
0.2383434772491455,0.8496301174163818,4.78437584661151e-07,0.322231262922287,0.7987469434738159,-0.039058078080415726,0.3852005898952484,0.7189985513687134,-0.07224143296480179,0.43149781227111816,0.6602073907852173,-0.10761401057243347,0.4645634889602661,0.5928229689598083,-0.13974860310554504,0.3368150293827057,0.5035216212272644,-0.042684901505708694,0.4035074710845947,0.43330076336860657,-0.11509013175964355,0.44452333450317383,0.49351009726524353,-0.16964803636074066,0.46234822273254395,0.554965078830719,-0.19540579617023468,0.28829821944236755,0.47729697823524475,-0.05878515914082527,0.31064751744270325,0.2982243299484253,-0.10347391664981842,0.3172997236251831,0.17935505509376526,-0.14357702434062958,0.3141239285469055,0.06751343607902527,-0.17139671742916107,0.23594310879707336,0.4965348243713379,-0.08311242610216141,0.23666885495185852,0.32690903544425964,-0.12338027358055115,0.24128994345664978,0.21426540613174438,-0.15233740210533142,0.2428862452507019,0.10679024457931519,-0.1696326732635498,0.18155889213085175,0.5510128140449524,-0.1114104837179184,0.1746368408203125,0.41715720295906067,-0.13837894797325134,0.17474021017551422,0.32655540108680725,-0.14422951638698578,0.17623376846313477,0.2387533187866211,-0.14632825553417206
0.23567382991313934,0.8504007458686829,4.24617837779806e-07,0.3205094337463379,0.7966740131378174,-0.0388389527797699,0.3828347325325012,0.7160378694534302,-0.07212971150875092,0.4291236996650696,0.655829906463623,-0.1081615686416626,0.46435052156448364,0.590937077999115,-0.14083150029182434,0.3348029851913452,0.5008600354194641,-0.040069837123155594,0.4012783169746399,0.4327734708786011,-0.11481007933616638,0.44207364320755005,0.500767171382904,-0.1725720465183258,0.4585803747177124,0.5680025815963745,-0.20009079575538635,0.2854278087615967,0.4736543297767639,-0.056524261832237244,0.30582112073898315,0.29500240087509155,-0.10219773650169373,0.3117660582065582,0.17756587266921997,-0.14402079582214355,0.30779972672462463,0.06592461466789246,-0.17303316295146942,0.2330588698387146,0.49226629734039307,-0.08155995607376099,0.2316051423549652,0.32161545753479004,-0.12230798602104187,0.23525866866111755,0.2094632089138031,-0.1520063877105713,0.23597224056720734,0.10135588049888611,-0.16971030831336975,0.17930865287780762,0.5462449789047241,-0.11068093776702881,0.17122848331928253,0.41188323497772217,-0.13676217198371887,0.17133745551109314,0.32171958684921265,-0.14190641045570374,0.1731659322977066,0.23378217220306396,-0.14366281032562256
0.23540621995925903,0.834488034248352,4.386934335798287e-07,0.31931230425834656,0.7797824144363403,-0.041437193751335144,0.3841860890388489,0.7024475932121277,-0.07447797060012817,0.4258877635002136,0.6444533467292786,-0.10977638512849808,0.44685208797454834,0.5759594440460205,-0.14093434810638428,0.3329773247241974,0.4886290729045868,-0.03668999671936035,0.38804879784584045,0.41455209255218506,-0.10790880769491196,0.4245372712612152,0.47448673844337463,-0.16315042972564697,0.4406258463859558,0.5369612574577332,-0.18962909281253815,0.28160449862480164,0.45893123745918274,-0.05048826336860657,0.295181542634964,0.2854863703250885,-0.09421088546514511,0.3010372519493103,0.16990968585014343,-0.13444599509239197,0.29986658692359924,0.06240081787109375,-0.16240845620632172,0.22804997861385345,0.4743870496749878,-0.07352957129478455,0.22319099307060242,0.3093501329421997,-0.11283086985349655,0.2257288098335266,0.19944602251052856,-0.14209426939487457,0.22735317051410675,0.09518855810165405,-0.15980088710784912,0.17519035935401917,0.5250862240791321,-0.10107031464576721,0.1669851690530777,0.3973848819732666,-0.12661625444889069,0.16598404943943024,0.3096731901168823,-0.13319672644138336,0.16753290593624115,0.22353917360305786,-0.1362263262271881
0.2449970543384552,0.7802925109863281,4.581260100167128e-07,0.32411158084869385,0.7293115854263306,-0.04162635654211044,0.3850758671760559,0.649105966091156,-0.07277052104473114,0.42553165555000305,0.5886861681938171,-0.10605163127183914,0.43319225311279297,0.5247647166252136,-0.13537727296352386,0.32651665806770325,0.4456701874732971,-0.03511904552578926,0.37669292092323303,0.3751603662967682,-0.10360251367092133,0.41334858536720276,0.4354424774646759,-0.15662530064582825,0.42797258496284485,0.4997481405735016,-0.18131892383098602,0.276288777589798,0.4176625609397888,-0.047030627727508545,0.2828482389450073,0.2521182894706726,-0.08875833451747894,0.28484946489334106,0.1388719379901886,-0.12742608785629272,0.28040066361427307,0.032951682806015015,-0.15395434200763702,0.22528070211410522,0.43265631794929504,-0.0680726170539856,0.21510720252990723,0.2737267315387726,-0.10600310564041138,0.21421542763710022,0.1676066815853119,-0.13436825573444366,0.21227765083312988,0.0694689154624939,-0.1511303335428238,0.17581689357757568,0.48116615414619446,-0.0936383530497551,0.16720940172672272,0.3591811954975128,-0.11759021878242493,0.1639963835477829,0.2764318585395813,-0.12346166372299194,0.16346155107021332,0.19671344757080078,-0.12597006559371948
0.2523919641971588,0.7737901210784912,4.224283713938348e-07,0.32629072666168213,0.7254526615142822,-0.04950679466128349,0.38444244861602783,0.6533521413803101,-0.08551619201898575,0.4233831763267517,0.5984324812889099,-0.12245408445596695,0.42763835191726685,0.530494213104248,-0.15545514225959778,0.32952532172203064,0.4447881281375885,-0.04270981624722481,0.3731534779071808,0.3799046277999878,-0.11534468084573746,0.40674251317977905,0.44299808144569397,-0.17284460365772247,0.4210348129272461,0.5059083700180054,-0.20070800185203552,0.27924859523773193,0.41735023260116577,-0.05125833675265312,0.2829114496707916,0.25570744276046753,-0.09595202654600143,0.2837299108505249,0.14633360505104065,-0.13748250901699066,0.2795714735984802,0.04232969880104065,-0.16655583679676056,0.2292928695678711,0.43241602182388306,-0.06960024684667587,0.21712684631347656,0.27664804458618164,-0.10871466994285583,0.21461471915245056,0.1716543734073639,-0.13867433369159698,0.21245670318603516,0.0717000663280487,-0.15705986320972443,0.18121746182441711,0.48055127263069153,-0.09326168894767761,0.16944502294063568,0.35981425642967224,-0.11725031584501266,0.1642485111951828,0.27715158462524414,-0.12434403598308563,0.16258123517036438,0.196140319108963,-0.12838095426559448
0.25332117080688477,0.7577736377716064,4.1476434375908866e-07,0.3297734260559082,0.7128654718399048,-0.04685766249895096,0.39200809597969055,0.6411933898925781,-0.08217020332813263,0.42919784784317017,0.5873219966888428,-0.11839216202497482,0.4210519790649414,0.5284119248390198,-0.1509397327899933,0.3335573077201843,0.43315133452415466,-0.04411740601062775,0.37673741579055786,0.3657323122024536,-0.11467299610376358,0.4055812954902649,0.4314291477203369,-0.16957522928714752,0.4139571189880371,0.4969938397407532,-0.19555652141571045,0.2813917398452759,0.4070711135864258,-0.05339643359184265,0.2818852961063385,0.2474035918712616,-0.09720203280448914,0.28246670961380005,0.14115560054779053,-0.13745079934597015,0.2782045602798462,0.03963539004325867,-0.16526809334754944,0.23029273748397827,0.42394739389419556,-0.07166217267513275,0.21675923466682434,0.26877641677856445,-0.11022114008665085,0.21461135149002075,0.16520968079566956,-0.13952644169330597,0.21349455416202545,0.06686815619468689,-0.15731704235076904,0.18213069438934326,0.47302761673927307,-0.09470558166503906,0.16997134685516357,0.353097528219223,-0.11824608594179153,0.16539929807186127,0.27209770679473877,-0.1248558834195137,0.16510118544101715,0.193569153547287,-0.1283901333808899
0.2525058686733246,0.7529534101486206,3.74917419776466e-07,0.3298642337322235,0.7097310423851013,-0.04634374380111694,0.395427405834198,0.635680079460144,-0.08050434291362762,0.43238207697868347,0.5817292928695679,-0.11539475619792938,0.4187876582145691,0.5231675505638123,-0.14663444459438324,0.3358432352542877,0.42863088846206665,-0.045340560376644135,0.37725841999053955,0.35949307680130005,-0.11589645594358444,0.40522873401641846,0.42713087797164917,-0.16992616653442383,0.41361838579177856,0.4924182593822479,-0.19554392993450165,0.2838155925273895,0.40430331230163574,-0.05504029616713524,0.28421226143836975,0.2449682205915451,-0.09953459352254868,0.2842400074005127,0.13911816477775574,-0.14073099195957184,0.27937963604927063,0.03618171811103821,-0.16958963871002197,0.2327038049697876,0.4223748445510864,-0.07349526882171631,0.21893438696861267,0.266766220331192,-0.11300276219844818,0.21550360321998596,0.16355139017105103,-0.1432589441537857,0.21305862069129944,0.06345608830451965,-0.1619979441165924,0.18414145708084106,0.47286292910575867,-0.09655764698982239,0.17129625380039215,0.3532177209854126,-0.12116918712854385,0.16634061932563782,0.27257871627807617,-0.12899108231067657,0.16546520590782166,0.1930195689201355,-0.13366495072841644
0.2537325620651245,0.7614114284515381,3.543185300713958e-07,0.32730183005332947,0.7211250066757202,-0.04780976474285126,0.38844239711761475,0.6512123942375183,-0.0826142206788063,0.42537277936935425,0.5988157987594604,-0.11849401146173477,0.4229680895805359,0.5375083684921265,-0.15050218999385834,0.3353363275527954,0.44163960218429565,-0.04264308512210846,0.374369353055954,0.3681281507015228,-0.1137159988284111,0.4016278386116028,0.43405425548553467,-0.16964231431484222,0.41082626581192017,0.4967636466026306,-0.1964762806892395,0.28414374589920044,0.41407185792922974,-0.05136807635426521,0.2859583795070648,0.25453075766563416,-0.09464690834283829,0.2841244637966156,0.14778465032577515,-0.13483159244060516,0.27827128767967224,0.04412877559661865,-0.16293290257453918,0.2336474359035492,0.42958274483680725,-0.06953418999910355,0.2216258943080902,0.27532878518104553,-0.10685767978429794,0.21819044649600983,0.17177742719650269,-0.1354885995388031,0.21639811992645264,0.07142230868339539,-0.1531265825033188,0.18517938256263733,0.47760289907455444,-0.09285729378461838,0.17176000773906708,0.357724130153656,-0.1152484118938446,0.16599000990390778,0.2756752669811249,-0.12162981927394867,0.16496051847934723,0.19518664479255676,-0.12526217103004456
0.25932568311691284,0.7691226005554199,3.8948448377595923e-07,0.3347892761230469,0.7286532521247864,-0.04699886590242386,0.39478033781051636,0.6617592573165894,-0.08193645626306534,0.43132781982421875,0.613422691822052,-0.11783768236637115,0.4392901659011841,0.5557761788368225,-0.14926563203334808,0.3442918062210083,0.4480370879173279,-0.044272471219301224,0.3909510374069214,0.38516291975975037,-0.11611328274011612,0.4192674160003662,0.4548121988773346,-0.17097866535186768,0.4271141588687897,0.5201011896133423,-0.19670553505420685,0.29433709383010864,0.42242833971977234,-0.05454530939459801,0.3045978546142578,0.2614870071411133,-0.09823340177536011,0.3054041564464569,0.15328830480575562,-0.13770908117294312,0.300123929977417,0.05249357223510742,-0.16485559940338135,0.24321825802326202,0.4387279450893402,-0.07420866191387177,0.23257280886173248,0.2852107286453247,-0.11233595758676529,0.23080956935882568,0.18246731162071228,-0.14170807600021362,0.2295636087656021,0.08454984426498413,-0.15954038500785828,0.19333894550800323,0.48978716135025024,-0.0988287702202797,0.1794424057006836,0.3734178841114044,-0.12262862175703049,0.17476648092269897,0.29398825764656067,-0.1295354813337326,0.1738402098417282,0.21561133861541748,-0.1330578476190567
0.2828606367111206,0.8060359954833984,3.2396107485510584e-07,0.36272352933883667,0.7587623596191406,-0.03418012708425522,0.4252036511898041,0.6810925602912903,-0.06107660010457039,0.46721717715263367,0.6264113783836365,-0.09132546931505203,0.49321889877319336,0.5728120803833008,-0.1182502955198288,0.36754247546195984,0.4882766902446747,-0.02201860584318638,0.423893541097641,0.4165479838848114,-0.08863416314125061,0.46132782101631165,0.4778187870979309,-0.14428524672985077,0.4749675393104553,0.5369629263877869,-0.17180262506008148,0.3222414553165436,0.4602603018283844,-0.03612236678600311,0.34073251485824585,0.3068649172782898,-0.0731617659330368,0.35391420125961304,0.2094624638557434,-0.11049561202526093,0.35907307267189026,0.11553934216499329,-0.1373581737279892,0.2749844193458557,0.47517284750938416,-0.05969058349728584,0.2736249566078186,0.32958459854125977,-0.09448443353176117,0.27626708149909973,0.230574369430542,-0.12262021005153656,0.27737802267074585,0.13397091627120972,-0.14032524824142456,0.22856615483760834,0.5228744745254517,-0.0873253270983696,0.2203337550163269,0.40930473804473877,-0.1085086464881897,0.22082765400409698,0.3340466618537903,-0.11344797909259796,0.22416526079177856,0.25950562953948975,-0.11644741892814636
0.29404187202453613,0.8194851875305176,4.893632308267115e-07,0.3736398220062256,0.7730662822723389,-0.03855341672897339,0.4374009966850281,0.702142059803009,-0.07004892826080322,0.47900789976119995,0.6519220471382141,-0.10386282950639725,0.5029187798500061,0.5931953191757202,-0.13431231677532196,0.37796270847320557,0.5112311244010925,-0.036393627524375916,0.43847641348838806,0.44986069202423096,-0.10407928377389908,0.4776298403739929,0.5158652067184448,-0.15699167549610138,0.493522047996521,0.5787510871887207,-0.18259717524051666,0.33337050676345825,0.4840424060821533,-0.049293722957372665,0.3541288375854492,0.33380088210105896,-0.09151788800954819,0.3711661398410797,0.23112064599990845,-0.1311650276184082,0.38004040718078613,0.129945307970047,-0.15923990309238434,0.2864207625389099,0.500311553478241,-0.07078039646148682,0.2784993648529053,0.349181592464447,-0.11096546798944473,0.27974310517311096,0.2465181052684784,-0.1423395574092865,0.28122463822364807,0.14819121360778809,-0.16145214438438416,0.24075163900852203,0.5487475991249084,-0.09591709077358246,0.2295859456062317,0.43158864974975586,-0.12212664633989334,0.22758428752422333,0.35131704807281494,-0.13068462908267975,0.22879430651664734,0.27198725938796997,-0.13575908541679382
0.2853866517543793,0.8271770477294922,5.235779099166393e-07,0.36537647247314453,0.7816156148910522,-0.041178151965141296,0.4300615191459656,0.7069838047027588,-0.07501453906297684,0.4767019748687744,0.6534570455551147,-0.11065323650836945,0.500910222530365,0.5963534712791443,-0.14291270077228546,0.3687407672405243,0.5163053870201111,-0.04766363278031349,0.43430274724960327,0.45057398080825806,-0.11823547631502151,0.47743138670921326,0.5147428512573242,-0.17274223268032074,0.4927385449409485,0.5770008563995361,-0.19930662214756012,0.31941989064216614,0.4852219820022583,-0.061559341847896576,0.340179979801178,0.3298109173774719,-0.10604961216449738,0.35639089345932007,0.22252121567726135,-0.1463465392589569,0.3599089980125427,0.1186785101890564,-0.1747635155916214,0.26642557978630066,0.5011143088340759,-0.08389725536108017,0.2503646910190582,0.35135188698768616,-0.12756752967834473,0.24454133212566376,0.24323663115501404,-0.16416192054748535,0.23820027709007263,0.1412453055381775,-0.18661785125732422,0.21571402251720428,0.5537305474281311,-0.1095462217926979,0.17227081954479218,0.4438692331314087,-0.1407608538866043,0.14824213087558746,0.3645157217979431,-0.15372921526432037,0.12953758239746094,0.28585588932037354,-0.16144342720508575
0.2746838331222534,0.8191928863525391,5.518017474059889e-07,0.3553667962551117,0.7716159820556641,-0.03948232904076576,0.4226020872592926,0.6874673366546631,-0.06868220865726471,0.4742108881473541,0.6266489028930664,-0.09869907796382904,0.506903886795044,0.5756121277809143,-0.12533453106880188,0.3547805845737457,0.5081260800361633,-0.0449017733335495,0.4266520142555237,0.44136732816696167,-0.10817901045084,0.4710630774497986,0.498808354139328,-0.15570078790187836,0.48789292573928833,0.5546400547027588,-0.17875893414020538,0.30422136187553406,0.47635626792907715,-0.056997060775756836,0.3260331153869629,0.3223758935928345,-0.09705355763435364,0.34306395053863525,0.2178294062614441,-0.13181130588054657,0.3471171259880066,0.11883041262626648,-0.1557740420103073,0.24907124042510986,0.4910200834274292,-0.07723577320575714,0.2312953770160675,0.33807384967803955,-0.11987479031085968,0.22911959886550903,0.22925573587417603,-0.15547889471054077,0.22624005377292633,0.12832793593406677,-0.17659053206443787,0.19647559523582458,0.5408917665481567,-0.10035108029842377,0.14666865766048431,0.4336608350276947,-0.13514190912246704,0.11663518846035004,0.3595220446586609,-0.15079525113105774,0.0927065759897232,0.28463709354400635,-0.15922027826309204
0.2705462574958801,0.8249062299728394,5.288484317134134e-07,0.35382333397865295,0.7786542177200317,-0.041873496025800705,0.4222685396671295,0.69832444190979,-0.07340527325868607,0.4745098352432251,0.6439149379730225,-0.10599591583013535,0.508553147315979,0.5936206579208374,-0.13503627479076385,0.3580297827720642,0.5114583969116211,-0.04433746635913849,0.4331302046775818,0.4497295022010803,-0.1118730679154396,0.4777776598930359,0.5138749480247498,-0.163816899061203,0.49359577894210815,0.5746912360191345,-0.18916581571102142,0.30616188049316406,0.47785302996635437,-0.0564514622092247,0.3273521065711975,0.32690003514289856,-0.09867256134748459,0.345367431640625,0.22284427285194397,-0.13517217338085175,0.35028597712516785,0.12264066934585571,-0.16030630469322205,0.24953611195087433,0.4928789734840393,-0.07765001803636551,0.2347641885280609,0.3419484794139862,-0.12245453894138336,0.23342205584049225,0.2326587438583374,-0.15890300273895264,0.23062288761138916,0.13101166486740112,-0.18001079559326172,0.1965096890926361,0.5443115830421448,-0.10205259174108505,0.14853693544864655,0.4368162453174591,-0.13792310655117035,0.1193103939294815,0.3600861430168152,-0.15387621521949768,0.09568612277507782,0.28326013684272766,-0.1622467190027237
0.26550552248954773,0.9068516492843628,4.598221892138099e-07,0.35427311062812805,0.8489481210708618,-0.03777701035141945,0.424183189868927,0.7608232498168945,-0.07025239616632462,0.47293293476104736,0.6968414187431335,-0.10629237443208694,0.4997413754463196,0.6275343894958496,-0.13827410340309143,0.3547150194644928,0.5390071868896484,-0.03281201049685478,0.4255521893501282,0.4590861201286316,-0.10862813889980316,0.4706207811832428,0.5376136898994446,-0.16929274797439575,0.48605281114578247,0.6123093962669373,-0.19819849729537964,0.3023272752761841,0.5078034400939941,-0.05032067745923996,0.3200860917568207,0.3274182677268982,-0.09704820811748505,0.32678794860839844,0.20717322826385498,-0.14190049469470978,0.3217668831348419,0.09017127752304077,-0.17276953160762787,0.24771717190742493,0.5279988050460815,-0.07705999165773392,0.24413132667541504,0.3525699973106384,-0.1196155697107315,0.24866628646850586,0.23484006524085999,-0.15211403369903564,0.24891850352287292,0.12308835983276367,-0.1708061695098877,0.1929362714290619,0.584477961063385,-0.10763546079397202,0.18251867592334747,0.44444596767425537,-0.13450981676578522,0.1815936267375946,0.349802702665329,-0.14033547043800354,0.18268658220767975,0.26034167408943176,-0.14209488034248352
0.32324767112731934,0.967986524105072,5.324664016370662e-07,0.41991275548934937,0.9107988476753235,-0.04030290246009827,0.49792104959487915,0.8334050178527832,-0.07535697519779205,0.547731876373291,0.7793066501617432,-0.11381597816944122,0.5741695165634155,0.7197673916816711,-0.1479797512292862,0.42165571451187134,0.598369836807251,-0.03538244217634201,0.49853935837745667,0.5328875184059143,-0.11609926074743271,0.5448445677757263,0.6237059831619263,-0.17976275086402893,0.5588635206222534,0.7058092355728149,-0.20947417616844177,0.3627413809299469,0.5684341192245483,-0.05229354649782181,0.3779234290122986,0.3846949636936188,-0.10216528177261353,0.38609227538108826,0.26168814301490784,-0.1492706537246704,0.3845672309398651,0.1343688666820526,-0.1818227618932724,0.3029733896255493,0.5897368788719177,-0.07851208001375198,0.29971200227737427,0.410241037607193,-0.1251857578754425,0.3051759600639343,0.28999975323677063,-0.1590617597103119,0.30768460035324097,0.17140159010887146,-0.17789365351200104,0.244643434882164,0.6470428109169006,-0.1083768829703331,0.2367810606956482,0.5069281458854675,-0.1366165578365326,0.23780232667922974,0.412535697221756,-0.14120256900787354,0.24215008318424225,0.31802794337272644,-0.14174696803092957
0.3602290451526642,0.9375478029251099,5.286921691549651e-07,0.46319690346717834,0.8847472667694092,-0.031915999948978424,0.5439273118972778,0.7873371839523315,-0.0600268729031086,0.6080372929573059,0.7285031676292419,-0.09280690550804138,0.6545972228050232,0.6824313998222351,-0.12142869085073471,0.46481966972351074,0.5596851706504822,-0.02755340375006199,0.5479570031166077,0.49831417202949524,-0.1030600368976593,0.6018418073654175,0.5836127400398254,-0.16067911684513092,0.6233764886856079,0.6646807193756104,-0.1867472529411316,0.41258931159973145,0.5319286584854126,-0.048093318939208984,0.43328678607940674,0.34604671597480774,-0.09295710921287537,0.4474407434463501,0.2201090157032013,-0.13354437053203583,0.4484180808067322,0.09711551666259766,-0.16135643422603607,0.3570270240306854,0.5533132553100586,-0.07778539508581161,0.35562798380851746,0.36972302198410034,-0.12071193009614944,0.36548686027526855,0.24945637583732605,-0.15072821080684662,0.36945828795433044,0.13351362943649292,-0.16748929023742676,0.3024052381515503,0.6097414493560791,-0.1109812930226326,0.29567283391952515,0.46990036964416504,-0.13896651566028595,0.2972925305366516,0.37391650676727295,-0.14365670084953308,0.30070266127586365,0.2796197235584259,-0.1444871574640274
0.40656381845474243,0.8570815324783325,5.878954425497795e-07,0.505070149898529,0.8061747550964355,-0.04195799306035042,0.583562970161438,0.7213638424873352,-0.07735845446586609,0.6388682723045349,0.6602912545204163,-0.11564255505800247,0.6769896745681763,0.5923135876655579,-0.14922593533992767,0.5216137170791626,0.49327391386032104,-0.03606042265892029,0.6007882356643677,0.42268669605255127,-0.11642036586999893,0.6495968103408813,0.49860823154449463,-0.17911364138126373,0.6705992221832275,0.573952317237854,-0.2086768001317978,0.4684366285800934,0.4616624712944031,-0.05152452737092972,0.4904724657535553,0.28097841143608093,-0.10190976411104202,0.5089626312255859,0.16105917096138,-0.14675630629062653,0.516760528087616,0.043074965476989746,-0.17704173922538757,0.4125713109970093,0.4801691174507141,-0.07686608284711838,0.4153943955898285,0.30058613419532776,-0.12351080030202866,0.4280766546726227,0.1857539415359497,-0.1533067673444748,0.4378390312194824,0.07434523105621338,-0.16943763196468353,0.357505202293396,0.5344927906990051,-0.10644957423210144,0.3523203134536743,0.3986371159553528,-0.1358635574579239,0.35752278566360474,0.3057821989059448,-0.1407705843448639,0.3667781352996826,0.21404287219047546,-0.14141437411308289
0.41465848684310913,0.8492773771286011,5.654174515257182e-07,0.512470006942749,0.8002569675445557,-0.04021008312702179,0.5898197889328003,0.7118688821792603,-0.07500122487545013,0.6442338228225708,0.6488484740257263,-0.11284037679433823,0.6874383687973022,0.5862307548522949,-0.1462983340024948,0.5281323194503784,0.48306766152381897,-0.03764786198735237,0.607928991317749,0.4212583601474762,-0.11768284440040588,0.6584574580192566,0.49624380469322205,-0.1797979176044464,0.6829414963722229,0.5654367804527283,-0.2100559026002884,0.4752841889858246,0.4534301459789276,-0.05543629080057144,0.4982728064060211,0.2724524736404419,-0.10654681921005249,0.5164228081703186,0.15109583735466003,-0.1508440226316452,0.5237274169921875,0.029253005981445312,-0.18085315823554993,0.42021462321281433,0.473678857088089,-0.08262991905212402,0.4220017194747925,0.294402539730072,-0.1309811919927597,0.43447402119636536,0.17874768376350403,-0.16093388199806213,0.4434262812137604,0.06417536735534668,-0.17727600038051605,0.36637288331985474,0.530623733997345,-0.11385492235422134,0.36094826459884644,0.395638644695282,-0.14522649347782135,0.3654157817363739,0.30276501178741455,-0.15058670938014984,0.3724125325679779,0.2098444104194641,-0.15173955261707306
0.4101350009441376,0.8603688478469849,6.256528308767884e-07,0.5085465312004089,0.8138856887817383,-0.049406375735998154,0.5869397521018982,0.732639491558075,-0.08943673968315125,0.645283043384552,0.6742740869522095,-0.13177452981472015,0.6853812336921692,0.6055508255958557,-0.16889578104019165,0.5257306098937988,0.49529460072517395,-0.04124918207526207,0.611214280128479,0.4289102852344513,-0.12728315591812134,0.661144495010376,0.5116761922836304,-0.1950996220111847,0.6817500591278076,0.5897298455238342,-0.22764171659946442,0.4741414487361908,0.46187737584114075,-0.055732034146785736,0.49961012601852417,0.27862048149108887,-0.10999523103237152,0.5185273289680481,0.15459495782852173,-0.1580333113670349,0.5262531638145447,0.030090808868408203,-0.1903979331254959,0.41875573992729187,0.4807429313659668,-0.08122271299362183,0.4258597791194916,0.30038732290267944,-0.13111719489097595,0.4386289119720459,0.18302038311958313,-0.16258017718791962,0.44709864258766174,0.06692886352539062,-0.17945584654808044,0.3628709018230438,0.5357639789581299,-0.1116882860660553,0.3608884811401367,0.3989250659942627,-0.14302930235862732,0.3662792146205902,0.3042636215686798,-0.14831623435020447,0.3739563226699829,0.21012863516807556,-0.14897014200687408
0.3831718862056732,0.8840547800064087,6.626368644901959e-07,0.48496365547180176,0.8393405675888062,-0.05370735004544258,0.5702705979347229,0.7513486742973328,-0.09520044922828674,0.6386882066726685,0.6888822317123413,-0.13798096776008606,0.6749736070632935,0.618816077709198,-0.17482182383537292,0.5054938197135925,0.5093503594398499,-0.04930403456091881,0.5927894711494446,0.436023086309433,-0.13862459361553192,0.640319287776947,0.5305443406105042,-0.20729859173297882,0.6568884253501892,0.6158407926559448,-0.2394799292087555,0.45063918828964233,0.4730113446712494,-0.06272228062152863,0.4768466055393219,0.2804742157459259,-0.12065404653549194,0.4974421560764313,0.14815688133239746,-0.17224068939685822,0.5068651437759399,0.012195408344268799,-0.207146555185318,0.39153528213500977,0.4913979470729828,-0.08708053082227707,0.39632874727249146,0.30472928285598755,-0.13991940021514893,0.4081996977329254,0.18355625867843628,-0.1742822378873825,0.41680580377578735,0.062404751777648926,-0.19281591475009918,0.3322579562664032,0.5465888977050781,-0.11654423922300339,0.3266724944114685,0.4033486545085907,-0.14883756637573242,0.329965740442276,0.3069763481616974,-0.1550160050392151,0.33695265650749207,0.2115725874900818,-0.1563624143600464
0.34250059723854065,0.9427024126052856,5.426820166576363e-07,0.4428256154060364,0.8933020830154419,-0.05169069394469261,0.5301553606987,0.8062705993652344,-0.09252876043319702,0.5914033651351929,0.7460364103317261,-0.1355743110179901,0.6262617111206055,0.6847733855247498,-0.17283235490322113,0.4543306529521942,0.5528098344802856,-0.04896320775151253,0.5417010188102722,0.47450995445251465,-0.1375875622034073,0.5906779170036316,0.5762091279029846,-0.2065373659133911,0.603740930557251,0.6675297617912292,-0.23875227570533752,0.3926440179347992,0.5122584700584412,-0.06319024413824081,0.41173526644706726,0.3142019510269165,-0.11763875186443329,0.42874905467033386,0.1897520124912262,-0.16693127155303955,0.4350278079509735,0.06382021307945251,-0.20079879462718964,0.32922548055648804,0.5293208360671997,-0.08808784931898117,0.32323017716407776,0.33572059869766235,-0.1371792107820511,0.3328036665916443,0.20842817425727844,-0.17220854759216309,0.3387131094932556,0.0841391384601593,-0.19215327501296997,0.2669115662574768,0.5849570631980896,-0.11812178045511246,0.25624972581863403,0.43335041403770447,-0.148346945643425,0.25660863518714905,0.332156240940094,-0.1545524001121521,0.26043182611465454,0.2340945601463318,-0.15618467330932617
0.3340083360671997,0.9668179750442505,5.713278028451896e-07,0.4373016953468323,0.9179573059082031,-0.0527467243373394,0.5272346138954163,0.8355919718742371,-0.09674841165542603,0.5758041739463806,0.782941460609436,-0.14333854615688324,0.6044535636901855,0.7221652269363403,-0.1844981461763382,0.44733837246894836,0.5716105699539185,-0.05335118621587753,0.5272704362869263,0.5010132193565369,-0.14847251772880554,0.5749173760414124,0.6127833724021912,-0.22347919642925262,0.5897936820983887,0.7085583806037903,-0.2593628168106079,0.3775324821472168,0.5336402654647827,-0.06997720897197723,0.39011919498443604,0.3365541696548462,-0.1299627125263214,0.40132737159729004,0.2035192847251892,-0.18595357239246368,0.404709130525589,0.06358510255813599,-0.2250908464193344,0.3090671896934509,0.5546630620956421,-0.09702944755554199,0.2980331480503082,0.35703563690185547,-0.1508098542690277,0.3033183217048645,0.22741404175758362,-0.18942733108997345,0.3082549571990967,0.09951195120811462,-0.21149325370788574,0.2436797320842743,0.618134617805481,-0.12898901104927063,0.22842785716056824,0.46193253993988037,-0.16062143445014954,0.22772619128227234,0.35718363523483276,-0.16665570437908173,0.2328539341688156,0.25340643525123596,-0.16839498281478882
0.33543696999549866,0.966738224029541,6.088686177463387e-07,0.44061824679374695,0.917910099029541,-0.05935849994421005,0.5359952449798584,0.837070107460022,-0.10639314353466034,0.5919203162193298,0.7845452427864075,-0.1547696590423584,0.5963938236236572,0.715401828289032,-0.19826053082942963,0.4488412141799927,0.57259202003479,-0.06059578061103821,0.5259673595428467,0.5054238438606262,-0.15939046442508698,0.5689994096755981,0.618581235408783,-0.23766644299030304,0.5808484554290771,0.7133918404579163,-0.27564048767089844,0.3763209581375122,0.5342091917991638,-0.07485653460025787,0.38772323727607727,0.3378768861293793,-0.13770703971385956,0.3978123664855957,0.20372948050498962,-0.19800801575183868,0.4012065827846527,0.059898436069488525,-0.24068155884742737,0.30456483364105225,0.5562499165534973,-0.10002387315034866,0.2955407202243805,0.3584285378456116,-0.15655890107154846,0.30196699500083923,0.22685089707374573,-0.20025983452796936,0.3088262379169464,0.0954904556274414,-0.2261882722377777,0.23755083978176117,0.6215632557868958,-0.13032975792884827,0.22306492924690247,0.4671504497528076,-0.16400939226150513,0.22197924554347992,0.36069780588150024,-0.17391462624073029,0.22727231681346893,0.25435853004455566,-0.17906229197978973
0.3246798515319824,0.961707353591919,6.305679107754258e-07,0.4305061995983124,0.9254035949707031,-0.06809140741825104,0.5204653739929199,0.8643232583999634,-0.12308302521705627,0.5630307197570801,0.8301663398742676,-0.1781942993402481,0.56622713804245,0.7712083458900452,-0.22837111353874207,0.44512781500816345,0.5609035491943359,-0.07424989342689514,0.5136315226554871,0.4883330762386322,-0.17431683838367462,0.5460126399993896,0.6040597558021545,-0.25340524315834045,0.550416111946106,0.7021933794021606,-0.2920519709587097,0.3696335554122925,0.5244385600090027,-0.08409338444471359,0.3756069540977478,0.326376348733902,-0.14857569336891174,0.38144734501838684,0.1943650245666504,-0.21063153445720673,0.382956326007843,0.05080068111419678,-0.2552729547023773,0.2966766357421875,0.5489757657051086,-0.10434108227491379,0.2861606776714325,0.35441356897354126,-0.15975606441497803,0.2913726270198822,0.22064295411109924,-0.2029760330915451,0.29810070991516113,0.088593989610672,-0.22938068211078644,0.22749078273773193,0.6164252758026123,-0.1303129494190216,0.21500657498836517,0.45957332849502563,-0.1611596941947937,0.21314720809459686,0.35121601819992065,-0.16931436955928802,0.2189735770225525,0.24430888891220093,-0.17392419278621674
0.3046323359012604,0.9381817579269409,4.863766207563458e-07,0.40815699100494385,0.9051109552383423,-0.06449428200721741,0.49778708815574646,0.8410341739654541,-0.11566770076751709,0.5444522500038147,0.7989237904548645,-0.16769179701805115,0.5380204916000366,0.7278270125389099,-0.21459953486919403,0.43145155906677246,0.5341191291809082,-0.06742903590202332,0.4999179244041443,0.4496833086013794,-0.16365739703178406,0.5311743021011353,0.5609357953071594,-0.23973220586776733,0.5345737934112549,0.6561197638511658,-0.2763599157333374,0.35836315155029297,0.4985603392124176,-0.07798220962285995,0.3653421103954315,0.30211105942726135,-0.13604548573493958,0.3718416392803192,0.1790074110031128,-0.19431065022945404,0.3728073537349701,0.04428499937057495,-0.23678016662597656,0.2862815856933594,0.5216513276100159,-0.0991935208439827,0.27803272008895874,0.328790545463562,-0.14837512373924255,0.2812223732471466,0.20031192898750305,-0.18852224946022034,0.285230815410614,0.07018807530403137,-0.2141936868429184,0.21755541861057281,0.5857499837875366,-0.12644942104816437,0.2059822678565979,0.42919793725013733,-0.15416762232780457,0.2055301070213318,0.32387593388557434,-0.1616622358560562,0.21224676072597504,0.2211066484451294,-0.16625742614269257
0.3073168992996216,0.9392781257629395,4.7406965109075827e-07,0.41022127866744995,0.898094892501831,-0.0644768550992012,0.5017200112342834,0.8233818411827087,-0.11314297467470169,0.5365867614746094,0.7678357362747192,-0.16124212741851807,0.5245236754417419,0.6903476119041443,-0.20425182580947876,0.42805925011634827,0.5253016948699951,-0.06735429167747498,0.4903217554092407,0.438594251871109,-0.1628333181142807,0.5166518092155457,0.5504769682884216,-0.23737266659736633,0.5171470642089844,0.6475774049758911,-0.27304738759994507,0.35114672780036926,0.48958635330200195,-0.07726358622312546,0.35633325576782227,0.2897557020187378,-0.1364181488752365,0.3624876141548157,0.16621625423431396,-0.19343756139278412,0.36433884501457214,0.033781468868255615,-0.23430153727531433,0.2771635055541992,0.5141964554786682,-0.09801051765680313,0.2655000686645508,0.31887051463127136,-0.1498367041349411,0.26902803778648376,0.18859076499938965,-0.19049449265003204,0.2747657895088196,0.05892312526702881,-0.21585898101329803,0.20709721744060516,0.5815207362174988,-0.12434525042772293,0.19337783753871918,0.4230288863182068,-0.15496790409088135,0.1930602341890335,0.3172757029533386,-0.16373232007026672,0.20062395930290222,0.21359866857528687,-0.16871272027492523
0.30014529824256897,0.9554795026779175,5.823637820867589e-07,0.40063050389289856,0.9259361028671265,-0.06950493156909943,0.48722144961357117,0.8699276447296143,-0.12750792503356934,0.5279799699783325,0.8343398571014404,-0.1848386526107788,0.5234603881835938,0.7640663981437683,-0.23766569793224335,0.418734073638916,0.5538676381111145,-0.08851653337478638,0.4862683415412903,0.47333693504333496,-0.19009368121623993,0.5133039355278015,0.5929251909255981,-0.26788055896759033,0.5125371217727661,0.693531334400177,-0.30572476983070374,0.34192797541618347,0.5154126882553101,-0.09939222037792206,0.34709957242012024,0.3055197596549988,-0.16490431129932404,0.35062775015830994,0.17385262250900269,-0.22665926814079285,0.3492317199707031,0.030302047729492188,-0.2715546488761902,0.26667308807373047,0.5398279428482056,-0.11965961009263992,0.2529434561729431,0.33876556158065796,-0.1749247908592224,0.25452983379364014,0.20492732524871826,-0.21793584525585175,0.2582063674926758,0.07060283422470093,-0.245575413107872,0.19493409991264343,0.609944224357605,-0.1454092264175415,0.1785321980714798,0.44918394088745117,-0.176423579454422,0.17731823027133942,0.34227633476257324,-0.18388962745666504,0.1855730265378952,0.23682117462158203,-0.18887768685817719
0.29621538519859314,0.9545145630836487,5.783473966403108e-07,0.39905402064323425,0.9208201169967651,-0.06624262779951096,0.4868398904800415,0.8625278472900391,-0.12181592732667923,0.5301769375801086,0.8258536458015442,-0.17730990052223206,0.520590603351593,0.7563599348068237,-0.2284361869096756,0.41452717781066895,0.5529962778091431,-0.08082643151283264,0.4792071580886841,0.47364529967308044,-0.18071843683719635,0.5065698623657227,0.5911156535148621,-0.2576456069946289,0.5070858001708984,0.6889853477478027,-0.2947806417942047,0.3386775553226471,0.5169224739074707,-0.09221126139163971,0.3418740928173065,0.3125284016132355,-0.15679027140140533,0.3454974889755249,0.18419107794761658,-0.21803367137908936,0.3444671034812927,0.04308229684829712,-0.26216796040534973,0.26476067304611206,0.5421600937843323,-0.11310561746358871,0.25060930848121643,0.3458648920059204,-0.1676567643880844,0.2532379627227783,0.21212199330329895,-0.21005629003047943,0.2578143775463104,0.07776373624801636,-0.23682285845279694,0.1948372721672058,0.610140860080719,-0.13929082453250885,0.17885226011276245,0.45194870233535767,-0.16939376294612885,0.17773810029029846,0.34498172998428345,-0.17662173509597778,0.18608595430850983,0.23927170038223267,-0.18118266761302948
0.29276150465011597,0.9411095380783081,4.886535975856532e-07,0.3993654251098633,0.9013729691505432,-0.06529950350522995,0.4944838881492615,0.8295145034790039,-0.11652367562055588,0.5326541662216187,0.7758557200431824,-0.1677294671535492,0.519430935382843,0.6976147294044495,-0.21422430872917175,0.41791391372680664,0.5287618041038513,-0.07105377316474915,0.48142045736312866,0.44591590762138367,-0.1719382107257843,0.5074411630630493,0.5599055886268616,-0.2505705654621124,0.5081068277359009,0.65673828125,-0.2883768677711487,0.34274742007255554,0.4933784604072571,-0.08230912685394287,0.34993281960487366,0.29177325963974,-0.14455559849739075,0.35605475306510925,0.16510963439941406,-0.204209566116333,0.35811173915863037,0.02967923879623413,-0.24677495658397675,0.2693668603897095,0.5169698596000671,-0.10459853708744049,0.25626257061958313,0.32146647572517395,-0.1584356129169464,0.2587880492210388,0.1911378800868988,-0.20001327991485596,0.26419103145599365,0.05988883972167969,-0.22593848407268524,0.19870001077651978,0.5840150713920593,-0.13265322148799896,0.18467742204666138,0.42509597539901733,-0.1639706790447235,0.18442487716674805,0.32026249170303345,-0.17257848381996155,0.19235947728157043,0.217514306306839,-0.17743439972400665
0.289635568857193,0.9311016798019409,3.9686483432888053e-07,0.39453187584877014,0.8908891081809998,-0.06476692110300064,0.4902023375034332,0.8157604932785034,-0.11402059346437454,0.5310183763504028,0.7563941478729248,-0.16395655274391174,0.5121907591819763,0.6744816303253174,-0.2093351185321808,0.4211317002773285,0.521133303642273,-0.06488572061061859,0.48380720615386963,0.4314844012260437,-0.16432194411754608,0.5089542269706726,0.537369966506958,-0.24372415244579315,0.5088405013084412,0.6312370896339417,-0.2824699282646179,0.3472940921783447,0.4840144217014313,-0.07676809281110764,0.3548020124435425,0.2786478102207184,-0.13652464747428894,0.3571804165840149,0.15036258101463318,-0.19632026553153992,0.3548807203769684,0.01618283987045288,-0.23938317596912384,0.2750307321548462,0.5056267976760864,-0.1000659242272377,0.26314616203308105,0.30799993872642517,-0.15088094770908356,0.2612803876399994,0.17847850918769836,-0.19155611097812653,0.26226770877838135,0.04752928018569946,-0.2176206409931183,0.20522037148475647,0.570250928401947,-0.129670187830925,0.1904296875,0.41222870349884033,-0.15903235971927643,0.18881620466709137,0.30824586749076843,-0.16701526939868927,0.19451989233493805,0.20629388093948364,-0.17185336351394653
0.3048821687698364,0.8565462827682495,3.6711489315166546e-07,0.40428295731544495,0.8175126314163208,-0.06065380945801735,0.49150633811950684,0.7396178841590881,-0.10260162502527237,0.5241892337799072,0.6771374940872192,-0.14411865174770355,0.5272566080093384,0.6047770380973816,-0.18022534251213074,0.4219129681587219,0.4836578369140625,-0.056152429431676865,0.48385533690452576,0.40519559383392334,-0.14210620522499084,0.511074423789978,0.503476083278656,-0.20835943520069122,0.5139245986938477,0.5906515121459961,-0.23957596719264984,0.3557174503803253,0.45053088665008545,-0.06368397921323776,0.36303800344467163,0.2691686153411865,-0.11516427248716354,0.36779579520225525,0.15569958090782166,-0.1644284427165985,0.3685474395751953,0.03661242127418518,-0.199443981051445,0.29163098335266113,0.46987444162368774,-0.08217334747314453,0.2804216146469116,0.293843150138855,-0.12788671255111694,0.2815478444099426,0.17642199993133545,-0.16279837489128113,0.28523051738739014,0.05863180756568909,-0.1843172162771225,0.22939132153987885,0.5273089408874512,-0.10654104501008987,0.21423110365867615,0.3862157166004181,-0.13457994163036346,0.21237142384052277,0.29202601313591003,-0.14276862144470215,0.21639488637447357,0.1989465057849884,-0.14706885814666748
0.31286823749542236,0.8222718834877014,4.111215332613938e-07,0.40671104192733765,0.7843450307846069,-0.05510139465332031,0.48757466673851013,0.7180569767951965,-0.09717926383018494,0.5283119678497314,0.6717870235443115,-0.14001354575157166,0.5361984372138977,0.6113466024398804,-0.1781790554523468,0.4249107241630554,0.46867629885673523,-0.05434398725628853,0.4850884974002838,0.39192143082618713,-0.13847239315509796,0.5138671398162842,0.48321518301963806,-0.20444539189338684,0.5175374746322632,0.5662989020347595,-0.23578877747058868,0.36351174116134644,0.4374423623085022,-0.06374575197696686,0.3720373213291168,0.25991982221603394,-0.11430716514587402,0.3782293498516083,0.1464073657989502,-0.1628999561071396,0.379015177488327,0.03043493628501892,-0.19737295806407928,0.3037170469760895,0.45585864782333374,-0.08311458677053452,0.2928193211555481,0.2869778871536255,-0.12622076272964478,0.29492321610450745,0.17402514815330505,-0.15901026129722595,0.2988768517971039,0.0633205771446228,-0.17924006283283234,0.2462483048439026,0.5101920962333679,-0.1080172136425972,0.2309904396533966,0.3769609332084656,-0.13293468952178955,0.22815397381782532,0.28661274909973145,-0.13865014910697937,0.23112238943576813,0.19872426986694336,-0.1414519101381302
0.3108885884284973,0.7872849702835083,3.71678538613196e-07,0.39484354853630066,0.7506753206253052,-0.04708172753453255,0.46887269616127014,0.6860210299491882,-0.0833735540509224,0.5078391432762146,0.6432828903198242,-0.12071309983730316,0.5169611573219299,0.5860186815261841,-0.15400885045528412,0.40714797377586365,0.4604049026966095,-0.04925962910056114,0.46212083101272583,0.39130812883377075,-0.12412776798009872,0.4927883446216583,0.47246089577674866,-0.18187452852725983,0.4985911250114441,0.5465741753578186,-0.20899660885334015,0.3514273762702942,0.4313408434391022,-0.059629086405038834,0.35908573865890503,0.26807427406311035,-0.10527902841567993,0.3638749122619629,0.16340816020965576,-0.148298442363739,0.3628089725971222,0.05833232402801514,-0.17873245477676392,0.296281099319458,0.4490760266780853,-0.07869193702936172,0.28597742319107056,0.2921038568019867,-0.1176658421754837,0.2891225218772888,0.18648669123649597,-0.14830388128757477,0.2932017743587494,0.08451849222183228,-0.16739951074123383,0.24316555261611938,0.49976569414138794,-0.10245833545923233,0.2271050214767456,0.37580129504203796,-0.12584389746189117,0.2233082503080368,0.2917286157608032,-0.13225948810577393,0.22591079771518707,0.2095334827899933,-0.13575834035873413
0.3083586096763611,0.7804595232009888,3.4518080838097376e-07,0.3890320062637329,0.7423502206802368,-0.043343424797058105,0.45632481575012207,0.679922878742218,-0.07743415981531143,0.49286288022994995,0.6385341882705688,-0.11286764591932297,0.5023586750030518,0.5805195569992065,-0.14449819922447205,0.39532268047332764,0.464362233877182,-0.04395866021513939,0.44992750883102417,0.3969566822052002,-0.11625006794929504,0.47942614555358887,0.4709970951080322,-0.17270220816135406,0.48456287384033203,0.5409528613090515,-0.19923251867294312,0.34251606464385986,0.437236487865448,-0.05471859127283096,0.35103002190589905,0.2779853940010071,-0.09794878214597702,0.3548869788646698,0.18063697218894958,-0.13832731544971466,0.35270947217941284,0.08641433715820312,-0.1664205938577652,0.2907221019268036,0.45478713512420654,-0.07400137186050415,0.28118807077407837,0.3043288588523865,-0.11060937494039536,0.2835286557674408,0.2040039300918579,-0.13873644173145294,0.2864355742931366,0.10751530528068542,-0.15596798062324524,0.24072903394699097,0.5048627257347107,-0.09777839481830597,0.22572122514247894,0.3869430422782898,-0.11964504420757294,0.22215227782726288,0.30688196420669556,-0.1247667446732521,0.22381268441677094,0.2295500934123993,-0.12710334360599518
0.31030091643333435,0.7877212166786194,3.820350968908315e-07,0.3928101658821106,0.7508460879325867,-0.039760202169418335,0.4634864330291748,0.6901958584785461,-0.07167096436023712,0.502900242805481,0.6504709124565125,-0.10524199903011322,0.5161367654800415,0.5971264839172363,-0.13500720262527466,0.4010787308216095,0.4758729338645935,-0.03938260301947594,0.4589340090751648,0.40968039631843567,-0.10743927210569382,0.49061262607574463,0.4855162799358368,-0.15988774597644806,0.4984060525894165,0.554479718208313,-0.18421818315982819,0.34926143288612366,0.45091554522514343,-0.05079440027475357,0.36133748292922974,0.29926520586013794,-0.09188477694988251,0.36788028478622437,0.202256441116333,-0.13071054220199585,0.3677850663661957,0.10425233840942383,-0.15796759724617004,0.29772552847862244,0.46895360946655273,-0.07036183774471283,0.29160213470458984,0.3192875385284424,-0.10662636905908585,0.29568320512771606,0.21892651915550232,-0.13467177748680115,0.29967015981674194,0.12125265598297119,-0.1516222208738327,0.24767383933067322,0.518471360206604,-0.09385372698307037,0.23564738035202026,0.4007050395011902,-0.11592251062393188,0.23504899442195892,0.3206593990325928,-0.12135331332683563,0.23971261084079742,0.24260744452476501,-0.12373343110084534
0.3135853707790375,0.8091219663619995,4.3388737935856625e-07,0.3981868326663971,0.7726545333862305,-0.045743782073259354,0.4688418507575989,0.7054151892662048,-0.08079677075147629,0.5049975514411926,0.6608183979988098,-0.11663315445184708,0.5227006077766418,0.6063134074211121,-0.14862896502017975,0.41412386298179626,0.49050015211105347,-0.048520177602767944,0.4754897654056549,0.4203380346298218,-0.11973105370998383,0.5074656009674072,0.4983510375022888,-0.17407603561878204,0.5124084949493408,0.5703296065330505,-0.19983667135238647,0.35816890001296997,0.4622426927089691,-0.058428213000297546,0.3729093372821808,0.3057507872581482,-0.10333353281021118,0.3856627345085144,0.20691275596618652,-0.1455603688955307,0.3898852467536926,0.1045742928981781,-0.17548343539237976,0.3039887547492981,0.4815618395805359,-0.07665339857339859,0.2921355366706848,0.3336303234100342,-0.11720660328865051,0.2919822931289673,0.23103684186935425,-0.14920097589492798,0.2923718988895416,0.1294184923171997,-0.1691453754901886,0.25201427936553955,0.5345549583435059,-0.0990200787782669,0.23614569008350372,0.4174586534500122,-0.12421155720949173,0.23262108862400055,0.3374931812286377,-0.13222071528434753,0.2339901328086853,0.2580063045024872,-0.13712340593338013
0.31929776072502136,0.814459502696991,4.0115818933372793e-07,0.4043959677219391,0.7740615010261536,-0.04528484866023064,0.47507545351982117,0.7046518325805664,-0.07980848103761673,0.5151641964912415,0.6564533114433289,-0.11555399745702744,0.528226912021637,0.5946280360221863,-0.14736196398735046,0.4151011109352112,0.49338430166244507,-0.045534681528806686,0.47472241520881653,0.42472603917121887,-0.11837702244520187,0.506801187992096,0.5043190717697144,-0.17513258755207062,0.5124326348304749,0.576959490776062,-0.20247796177864075,0.3583959639072418,0.46594706177711487,-0.05616050586104393,0.36998865008354187,0.3113236427307129,-0.1009245216846466,0.3808399736881256,0.21429216861724854,-0.14419493079185486,0.38369423151016235,0.11362192034721375,-0.1753489375114441,0.30342525243759155,0.48597466945648193,-0.07558998465538025,0.2895779311656952,0.3389737010002136,-0.11634694039821625,0.28653743863105774,0.2353125810623169,-0.14914876222610474,0.28436753153800964,0.13287529349327087,-0.16993208229541779,0.251620888710022,0.5391217470169067,-0.09928809851408005,0.2343793660402298,0.42102640867233276,-0.12518946826457977,0.22962044179439545,0.339788019657135,-0.1340833604335785,0.22920629382133484,0.26013582944869995,-0.1397394835948944
0.31186938285827637,0.8244520425796509,4.2792558474502584e-07,0.3998048007488251,0.7849254608154297,-0.042340051382780075,0.4771258533000946,0.7128884792327881,-0.0739457830786705,0.5162700414657593,0.6613520383834839,-0.10686087608337402,0.5238552689552307,0.5986456274986267,-0.1350753903388977,0.4101599454879761,0.5001602172851562,-0.041282568126916885,0.4734666645526886,0.43087178468704224,-0.11276613175868988,0.5069103240966797,0.5107331871986389,-0.166852205991745,0.5142616629600525,0.5834959745407104,-0.19177885353565216,0.3546934127807617,0.4739707410335541,-0.053100742399692535,0.3652693033218384,0.31533876061439514,-0.09736202657222748,0.3750397264957428,0.2136538028717041,-0.13850919902324677,0.377177357673645,0.10878843069076538,-0.16725097596645355,0.30024272203445435,0.49501001834869385,-0.07362158596515656,0.2861141562461853,0.3423382639884949,-0.1145920678973198,0.2837609648704529,0.2409462332725525,-0.14537914097309113,0.2812815308570862,0.14141562581062317,-0.1636667251586914,0.24906720221042633,0.5493568778038025,-0.09813858568668365,0.23430968821048737,0.42931246757507324,-0.12515558302402496,0.22967784106731415,0.3482514023780823,-0.13356757164001465,0.22808292508125305,0.26799461245536804,-0.1376280039548874
0.31163692474365234,0.809776246547699,4.0755401187198004e-07,0.39835602045059204,0.7719247341156006,-0.04340490326285362,0.4741626977920532,0.6990504264831543,-0.07496511191129684,0.5134480595588684,0.64580899477005,-0.10729893296957016,0.5181049108505249,0.5817848443984985,-0.13459131121635437,0.40940988063812256,0.4845130145549774,-0.04215652868151665,0.47194617986679077,0.41493093967437744,-0.11376319825649261,0.50300133228302,0.499885618686676,-0.16733664274215698,0.5085709095001221,0.5751537084579468,-0.19148622453212738,0.3544817864894867,0.4587002992630005,-0.052299730479717255,0.36655864119529724,0.30097949504852295,-0.09754142165184021,0.3755849003791809,0.20081189274787903,-0.13794434070587158,0.3770042061805725,0.09532821178436279,-0.16557613015174866,0.30017364025115967,0.47947564721107483,-0.07108383625745773,0.2935904562473297,0.32806462049484253,-0.1114376038312912,0.29781031608581543,0.22845715284347534,-0.13919807970523834,0.3014035224914551,0.12835916876792908,-0.15487881004810333,0.247930645942688,0.5325422883033752,-0.09410067647695541,0.2379392385482788,0.41212978959083557,-0.11871154606342316,0.23797905445098877,0.3301613926887512,-0.12455622851848602,0.24222050607204437,0.2486543357372284,-0.12664127349853516
0.31206434965133667,0.8001066446304321,3.932597394395998e-07,0.39589256048202515,0.760077714920044,-0.04227317124605179,0.46379995346069336,0.6902327537536621,-0.07682515680789948,0.5036097764968872,0.6444523334503174,-0.11291375756263733,0.5174568295478821,0.5793253779411316,-0.14500606060028076,0.40853944420814514,0.472465455532074,-0.04772236943244934,0.467847615480423,0.3969615697860718,-0.12176283448934555,0.4992828667163849,0.4755159020423889,-0.17668545246124268,0.5059719085693359,0.546606719493866,-0.2015400379896164,0.3565017879009247,0.4520142078399658,-0.060245826840400696,0.3670366406440735,0.283417671918869,-0.10769840329885483,0.3635772168636322,0.1733829379081726,-0.15082967281341553,0.3517732620239258,0.05908462405204773,-0.1803731918334961,0.30356645584106445,0.47680509090423584,-0.08046427369117737,0.29935944080352783,0.32307758927345276,-0.12012417614459991,0.302076518535614,0.2217523455619812,-0.14791230857372284,0.3028191924095154,0.11928057670593262,-0.16411273181438446,0.24999533593654633,0.5311449766159058,-0.10480368137359619,0.24303336441516876,0.40975475311279297,-0.1273697316646576,0.24340273439884186,0.3297421634197235,-0.13073766231536865,0.24778524041175842,0.2516668438911438,-0.13134537637233734
0.3129931688308716,0.801982581615448,3.01960881188279e-07,0.3963133692741394,0.7550531029701233,-0.03806509077548981,0.46169406175613403,0.6769543290138245,-0.06961599737405777,0.49959683418273926,0.623497486114502,-0.10381558537483215,0.5113012790679932,0.5535876750946045,-0.13459748029708862,0.40653547644615173,0.4673359990119934,-0.04243665561079979,0.4567050337791443,0.37963396310806274,-0.11558327078819275,0.4888961911201477,0.44989073276519775,-0.17117944359779358,0.4983004927635193,0.5192621350288391,-0.19725044071674347,0.35403895378112793,0.44697535037994385,-0.056761499494314194,0.35773423314094543,0.27252477407455444,-0.10279779136180878,0.3482992649078369,0.16335612535476685,-0.1463622897863388,0.3304857611656189,0.05552393198013306,-0.1766030639410019,0.3018870949745178,0.47265875339508057,-0.07860634475946426,0.2936113476753235,0.3159305453300476,-0.1171799898147583,0.29097801446914673,0.21298661828041077,-0.14594629406929016,0.2864800691604614,0.11120632290840149,-0.16372767090797424,0.2504948377609253,0.5288308262825012,-0.1043868362903595,0.24064849317073822,0.40830639004707336,-0.12751829624176025,0.23706330358982086,0.32807493209838867,-0.13243384659290314,0.2360813319683075,0.2514117956161499,-0.1345314234495163
0.3127051293849945,0.7742792963981628,3.112485842393653e-07,0.3958855867385864,0.7233936190605164,-0.038448773324489594,0.45694398880004883,0.6422150731086731,-0.06919392943382263,0.49474459886550903,0.5810415744781494,-0.10236651450395584,0.5086365938186646,0.5067829489707947,-0.13204991817474365,0.4038448929786682,0.43423959612846375,-0.03588481619954109,0.44897979497909546,0.34047985076904297,-0.10587944090366364,0.48084500432014465,0.3995212912559509,-0.16110076010227203,0.4948951005935669,0.4660474359989166,-0.18776707351207733,0.3510429263114929,0.41242244839668274,-0.048960618674755096,0.35432836413383484,0.24010689556598663,-0.09042646735906601,0.3472462594509125,0.13342782855033875,-0.13127262890338898,0.33522680401802063,0.033015936613082886,-0.1600247174501419,0.2990696430206299,0.43582865595817566,-0.07030825316905975,0.28808170557022095,0.2789411246776581,-0.1054268553853035,0.28647181391716003,0.17786407470703125,-0.13230492174625397,0.28624922037124634,0.08001559972763062,-0.14955638349056244,0.24880464375019073,0.4919614791870117,-0.09598345309495926,0.23651118576526642,0.3747260570526123,-0.11827053874731064,0.23183144629001617,0.2959064245223999,-0.12321657687425613,0.23095904290676117,0.2194942682981491,-0.1254262775182724
0.31106212735176086,0.775609016418457,3.2417105444437766e-07,0.39356064796447754,0.7248979806900024,-0.03898576274514198,0.4571160674095154,0.6429156064987183,-0.07015758752822876,0.4963461756706238,0.5821826457977295,-0.10383982956409454,0.5084332227706909,0.5078426599502563,-0.1340826004743576,0.4021730124950409,0.43162375688552856,-0.03704383969306946,0.44923514127731323,0.34033679962158203,-0.10711395740509033,0.48157837986946106,0.4008036255836487,-0.1619579941034317,0.49558892846107483,0.467290461063385,-0.18846897780895233,0.3492409884929657,0.40855342149734497,-0.050392769277095795,0.35372394323349,0.23725855350494385,-0.09269095957279205,0.34694382548332214,0.12801942229270935,-0.1338965743780136,0.3353109657764435,0.02398577332496643,-0.16293072700500488,0.2970532178878784,0.43173009157180786,-0.07196769118309021,0.2875056862831116,0.2727302610874176,-0.10778861492872238,0.2864786386489868,0.1684454381465912,-0.13482218980789185,0.2869320511817932,0.06740722060203552,-0.1522081196308136,0.2462533712387085,0.4882315397262573,-0.09794393926858902,0.2345501184463501,0.3690657913684845,-0.12090601027011871,0.2304052859544754,0.2877540588378906,-0.1261145919561386,0.23073352873325348,0.20909959077835083,-0.12851372361183167
0.30826395750045776,0.7804594039916992,3.0194016176210425e-07,0.39195042848587036,0.7280756831169128,-0.037543125450611115,0.4556846022605896,0.6469730138778687,-0.06834998726844788,0.4945017397403717,0.5867581963539124,-0.10192115604877472,0.507131040096283,0.514362096786499,-0.13213703036308289,0.4024248421192169,0.4367910921573639,-0.03720580041408539,0.45162996649742126,0.3531520962715149,-0.10735888034105301,0.4851900041103363,0.4146730899810791,-0.1620769500732422,0.4998270273208618,0.47960320115089417,-0.1887969821691513,0.34939470887184143,0.41476428508758545,-0.05185908451676369,0.3536659777164459,0.24365079402923584,-0.09501529484987259,0.34847500920295715,0.13363608717918396,-0.13642573356628418,0.337836354970932,0.027592867612838745,-0.16574548184871674,0.29673686623573303,0.4389339089393616,-0.0744347795844078,0.28548464179039,0.28068864345550537,-0.11154007911682129,0.2859281599521637,0.17853844165802002,-0.13898617029190063,0.28705546259880066,0.0777442455291748,-0.1564817577600479,0.2462301254272461,0.49634629487991333,-0.10114110261201859,0.23202991485595703,0.3795199990272522,-0.1250097006559372,0.22821342945098877,0.3002004027366638,-0.13031524419784546,0.2282845675945282,0.22218698263168335,-0.1328006535768509
0.3085038661956787,0.7876611948013306,2.91347674874487e-07,0.39096489548683167,0.7352434396743774,-0.04018053039908409,0.4526181221008301,0.6531639695167542,-0.07196865975856781,0.49072492122650146,0.5905031561851501,-0.10618525743484497,0.5072620511054993,0.516293466091156,-0.1369551718235016,0.4039846658706665,0.44055578112602234,-0.037286628037691116,0.4512360394001007,0.3532556891441345,-0.10782620310783386,0.4830014407634735,0.4131961762905121,-0.16338135302066803,0.4969395399093628,0.47769320011138916,-0.1908564418554306,0.35028746724128723,0.4180888235569,-0.05064983293414116,0.3528396487236023,0.2458755075931549,-0.09449279308319092,0.34671616554260254,0.13749319314956665,-0.13647490739822388,0.3354005813598633,0.034550219774246216,-0.16598670184612274,0.2972182333469391,0.44210487604141235,-0.0723377987742424,0.28626397252082825,0.28204357624053955,-0.11011023819446564,0.28588971495628357,0.1781081259250641,-0.1380338966846466,0.28630906343460083,0.07646888494491577,-0.1557062864303589,0.2466101348400116,0.49914291501045227,-0.09836934506893158,0.23211662471294403,0.3799594044685364,-0.12298665940761566,0.2277846336364746,0.2988295555114746,-0.1289447396993637,0.22701232135295868,0.21967966854572296,-0.13178758323192596
0.31084176898002625,0.8173807263374329,2.897804165513662e-07,0.39755940437316895,0.7657572031021118,-0.03671407327055931,0.4628801643848419,0.6783196926116943,-0.0664476677775383,0.49883198738098145,0.6166672706604004,-0.09907491505146027,0.516608715057373,0.5452501773834229,-0.12828165292739868,0.4075670838356018,0.46688634157180786,-0.03873840719461441,0.4570128321647644,0.37900713086128235,-0.11015164852142334,0.49322402477264404,0.4445967376232147,-0.1650042086839676,0.5078916549682617,0.5108060240745544,-0.19128713011741638,0.3537155091762543,0.44366002082824707,-0.05418984219431877,0.35872581601142883,0.2684846818447113,-0.09897724539041519,0.35582631826400757,0.15539848804473877,-0.14143945276737213,0.3455040156841278,0.044127970933914185,-0.1714763343334198,0.30085545778274536,0.4682093858718872,-0.07745968550443649,0.2904738485813141,0.3071838915348053,-0.11604457348585129,0.29215580224990845,0.20195415616035461,-0.14467711746692657,0.29225820302963257,0.09882065653800964,-0.16266624629497528,0.250171422958374,0.5253078937530518,-0.10464568436145782,0.23807741701602936,0.40099722146987915,-0.12901687622070312,0.23573385179042816,0.3177430331707001,-0.13445034623146057,0.23624378442764282,0.23686547577381134,-0.13711737096309662
0.3175131380558014,0.8823217153549194,3.6803473335567105e-07,0.40399035811424255,0.8250775337219238,-0.03900554031133652,0.47018104791641235,0.731947124004364,-0.0708322823047638,0.5087333917617798,0.6646488904953003,-0.1055888906121254,0.5347986221313477,0.590579092502594,-0.1360030472278595,0.4122205078601837,0.5120944976806641,-0.03722124546766281,0.46796858310699463,0.4255794882774353,-0.11026430130004883,0.5068984031677246,0.4888090491294861,-0.16593696177005768,0.5226622223854065,0.5549702048301697,-0.19272099435329437,0.3580458164215088,0.48714563250541687,-0.053453318774700165,0.36202380061149597,0.30270397663116455,-0.10092499852180481,0.35565418004989624,0.18256327509880066,-0.14446023106575012,0.3412339687347412,0.06409788131713867,-0.17443281412124634,0.30377447605133057,0.5118535161018372,-0.07799708843231201,0.2939714193344116,0.3426714539527893,-0.11968540400266647,0.2944246828556061,0.23290202021598816,-0.1482301950454712,0.2922917306423187,0.12360391020774841,-0.1652553230524063,0.25038576126098633,0.5710898041725159,-0.10666307806968689,0.2401239275932312,0.44275233149528503,-0.1325809359550476,0.2371140867471695,0.35687875747680664,-0.13687700033187866,0.23574090003967285,0.27185487747192383,-0.13816644251346588
0.31869447231292725,0.8552387952804565,3.8854548733979755e-07,0.40854331851005554,0.7996519804000854,-0.035587530583143234,0.47708797454833984,0.7069919109344482,-0.06293687224388123,0.5208394527435303,0.637994110584259,-0.0929577499628067,0.5448405742645264,0.5609138011932373,-0.11855044960975647,0.4151972234249115,0.5002592206001282,-0.032001230865716934,0.47211429476737976,0.4149516522884369,-0.09744371473789215,0.5126436948776245,0.47365233302116394,-0.14702729880809784,0.5288159847259521,0.5418122410774231,-0.16982346773147583,0.36305224895477295,0.4702873229980469,-0.046411219984292984,0.37005072832107544,0.2908811569213867,-0.08548548072576523,0.3693372309207916,0.172196626663208,-0.12257363647222519,0.36023470759391785,0.06114858388900757,-0.149019256234169,0.3107900619506836,0.48719337582588196,-0.0689380019903183,0.3063356876373291,0.3198065459728241,-0.10357961058616638,0.3097204566001892,0.2129693627357483,-0.12797783315181732,0.3103279769420624,0.1102759838104248,-0.14335812628269196,0.25994405150413513,0.5372763276100159,-0.09553980082273483,0.25271666049957275,0.41093721985816956,-0.11689788103103638,0.253027081489563,0.329028844833374,-0.11840500682592392,0.2564420998096466,0.2493404746055603,-0.11826647073030472
0.3176141083240509,0.829920768737793,3.8957210790613317e-07,0.4061717689037323,0.7693662047386169,-0.030878925696015358,0.46986502408981323,0.6825090646743774,-0.05684560909867287,0.5099051594734192,0.6173104047775269,-0.08660223335027695,0.5315284132957458,0.5444651246070862,-0.11260383576154709,0.40982210636138916,0.4797151982784271,-0.02583468146622181,0.465587317943573,0.401667058467865,-0.09002324193716049,0.5040839910507202,0.45545923709869385,-0.14073951542377472,0.5209958553314209,0.515446662902832,-0.16523446142673492,0.35901665687561035,0.45268842577934265,-0.04256178438663483,0.36851412057876587,0.27561071515083313,-0.08137326687574387,0.3642008602619171,0.15987315773963928,-0.11838305741548538,0.35232967138290405,0.05393093824386597,-0.14427334070205688,0.30719149112701416,0.4700206220149994,-0.06699565052986145,0.3025595545768738,0.3079548180103302,-0.10066995024681091,0.3053893744945526,0.20432117581367493,-0.12431570142507553,0.30670806765556335,0.1071697473526001,-0.13885493576526642,0.2553977966308594,0.5203989148139954,-0.09529093652963638,0.24936164915561676,0.4003361463546753,-0.11529584228992462,0.2494334578514099,0.32006382942199707,-0.11634694039821625,0.2521654963493347,0.24374493956565857,-0.11583152413368225
0.3135879933834076,0.8105213642120361,3.533498897922982e-07,0.39971888065338135,0.7552147507667542,-0.0337531678378582,0.46222302317619324,0.6666244268417358,-0.05904001370072365,0.5024614930152893,0.5966872572898865,-0.08727779239416122,0.5215643644332886,0.5232488512992859,-0.11154863238334656,0.40528929233551025,0.46579667925834656,-0.027036521583795547,0.45749908685684204,0.38650017976760864,-0.0902584046125412,0.49420109391212463,0.4399772584438324,-0.1400645226240158,0.509714663028717,0.5000749826431274,-0.1637851595878601,0.3545200824737549,0.43832752108573914,-0.04144829511642456,0.3622593581676483,0.2633451223373413,-0.07935781031847,0.3566130995750427,0.14930716156959534,-0.1161065325140953,0.34398746490478516,0.04441225528717041,-0.14177580177783966,0.30310776829719543,0.4545621871948242,-0.06371192634105682,0.2968079745769501,0.29709696769714355,-0.09609659761190414,0.2981753945350647,0.19532248377799988,-0.11939691007137299,0.29859745502471924,0.09999105334281921,-0.13378794491291046,0.2517923414707184,0.5027449131011963,-0.09021532535552979,0.2449672520160675,0.38352543115615845,-0.10923097282648087,0.24387982487678528,0.304561972618103,-0.11020714789628983,0.2457859069108963,0.2297174632549286,-0.1096443235874176
0.31647366285324097,0.813020646572113,3.3109427022282034e-07,0.40307801961898804,0.7607690095901489,-0.035995326936244965,0.4650471806526184,0.6728528738021851,-0.061328738927841187,0.5050095915794373,0.6013889312744141,-0.08917819708585739,0.5235588550567627,0.5281496047973633,-0.11326132714748383,0.40744104981422424,0.4687027335166931,-0.027796432375907898,0.45865297317504883,0.3897416591644287,-0.08958079665899277,0.4949262738227844,0.44084304571151733,-0.1384642869234085,0.5107347369194031,0.49612683057785034,-0.16237664222717285,0.35749754309654236,0.4407782256603241,-0.04134196415543556,0.36562466621398926,0.2668299674987793,-0.07918346673250198,0.36060819029808044,0.15282517671585083,-0.11645139008760452,0.34895357489585876,0.04803535342216492,-0.14286461472511292,0.3062914311885834,0.45610713958740234,-0.06293171644210815,0.2986760437488556,0.29653114080429077,-0.09629376977682114,0.2996635138988495,0.19385266304016113,-0.12165956944227219,0.29974180459976196,0.09781447052955627,-0.13750489056110382,0.2551177442073822,0.5039979219436646,-0.08879770338535309,0.2458968609571457,0.3817063271999359,-0.1097836047410965,0.24434903264045715,0.3016798496246338,-0.11312462389469147,0.2459951788187027,0.22556325793266296,-0.11429006606340408
0.3178313970565796,0.8129605650901794,3.6265149105929595e-07,0.40381163358688354,0.7595101594924927,-0.038340333849191666,0.4656134843826294,0.6766855716705322,-0.06664936244487762,0.5043334364891052,0.6083996295928955,-0.09695693850517273,0.5246366262435913,0.5359619855880737,-0.12308594584465027,0.4124128818511963,0.472713828086853,-0.03382629156112671,0.46373629570007324,0.39302366971969604,-0.09846598654985428,0.4978751838207245,0.44854453206062317,-0.1484479308128357,0.5108051300048828,0.5091814398765564,-0.17212364077568054,0.3616497218608856,0.4453624188899994,-0.04643799364566803,0.37227240204811096,0.2707585096359253,-0.08504217118024826,0.36617162823677063,0.15822386741638184,-0.12186972796916962,0.3518454432487488,0.05656886100769043,-0.1476651430130005,0.3093465566635132,0.45976516604423523,-0.06713202595710754,0.3052305579185486,0.30008894205093384,-0.10000082105398178,0.30599790811538696,0.19838383793830872,-0.12428966164588928,0.3042221963405609,0.10453155636787415,-0.13944830000400543,0.25560715794563293,0.5063963532447815,-0.09228681772947311,0.25041601061820984,0.38462722301483154,-0.11236164718866348,0.24976854026317596,0.3057018518447876,-0.11470089852809906,0.2504063844680786,0.2311989963054657,-0.11490728706121445
0.31485432386398315,0.8144654631614685,3.8077055819485395e-07,0.40105950832366943,0.7640161514282227,-0.04262421652674675,0.46377384662628174,0.6836341023445129,-0.07413052022457123,0.5040212273597717,0.6183872222900391,-0.10688985139131546,0.521847665309906,0.5444665551185608,-0.13573092222213745,0.4099092185497284,0.4698389172554016,-0.03943924605846405,0.46036118268966675,0.39096057415008545,-0.10410559922456741,0.494120329618454,0.4461270868778229,-0.15461952984333038,0.5068241357803345,0.5057563185691833,-0.17950157821178436,0.35875606536865234,0.44188085198402405,-0.04988595470786095,0.3690035343170166,0.27420222759246826,-0.09020587056875229,0.36526983976364136,0.16417908668518066,-0.12964294850826263,0.3547615706920624,0.062000006437301636,-0.15804146230220795,0.3060687482357025,0.4570600986480713,-0.06824997812509537,0.3040577173233032,0.297343909740448,-0.10249346494674683,0.3068622946739197,0.1922071874141693,-0.1295451819896698,0.3076935112476349,0.09335973858833313,-0.14741380512714386,0.2530665993690491,0.5049694776535034,-0.09120381623506546,0.24893306195735931,0.3833867907524109,-0.1131347045302391,0.2512950897216797,0.3014633059501648,-0.11846619844436646,0.2567066550254822,0.22108697891235352,-0.12155167013406754
0.30840247869491577,0.8243504762649536,4.0946679291664623e-07,0.39572060108184814,0.7774442434310913,-0.040818411856889725,0.4610850214958191,0.6935781836509705,-0.06979615241289139,0.5009403824806213,0.6290808916091919,-0.1006055399775505,0.5162850618362427,0.5601443648338318,-0.12757980823516846,0.4050998389720917,0.4788495898246765,-0.034584496170282364,0.4526900053024292,0.3954486846923828,-0.09860033541917801,0.4862905740737915,0.45342135429382324,-0.1498033106327057,0.4968754053115845,0.5187233686447144,-0.17453914880752563,0.35489681363105774,0.44851812720298767,-0.04505755379796028,0.3654562830924988,0.281978577375412,-0.0835685282945633,0.36357399821281433,0.16692757606506348,-0.1240590363740921,0.3537549674510956,0.06237044930458069,-0.15356528759002686,0.3027802109718323,0.4622286558151245,-0.06362447142601013,0.3029668927192688,0.3044997453689575,-0.09607618302106857,0.30719417333602905,0.1975286602973938,-0.12428265810012817,0.30861830711364746,0.09954139590263367,-0.14331993460655212,0.2486209124326706,0.509002149105072,-0.08680253475904465,0.2457701414823532,0.3877774178981781,-0.1072186753153801,0.24850676953792572,0.3072126507759094,-0.11269460618495941,0.2556189298629761,0.22873523831367493,-0.11625970900058746
0.30662375688552856,0.8114992380142212,3.8158103166097135e-07,0.3922642469406128,0.7592830657958984,-0.04228036105632782,0.4578636884689331,0.6757630705833435,-0.07236826419830322,0.4971023201942444,0.609585165977478,-0.10410504043102264,0.5113337635993958,0.5388661026954651,-0.13220958411693573,0.400380939245224,0.46244046092033386,-0.03553743660449982,0.4493260383605957,0.3806855082511902,-0.09960321336984634,0.4851655960083008,0.436018705368042,-0.15092511475086212,0.4988778531551361,0.49771520495414734,-0.17667685449123383,0.3490600883960724,0.4340401887893677,-0.04652798920869827,0.36000752449035645,0.26770806312561035,-0.08656036853790283,0.3578107953071594,0.15479642152786255,-0.1280490756034851,0.348284512758255,0.05101311206817627,-0.1584765464067459,0.2961152195930481,0.4504755735397339,-0.06577800214290619,0.2935009002685547,0.29283255338668823,-0.1005479097366333,0.29465165734291077,0.18644952774047852,-0.13022543489933014,0.2942298352718353,0.08686089515686035,-0.15026511251926422,0.24175643920898438,0.5014160871505737,-0.08972612023353577,0.2371211051940918,0.380769819021225,-0.11275489628314972,0.23850548267364502,0.2981163263320923,-0.1200234517455101,0.24412554502487183,0.21561270952224731,-0.12496398389339447
0.3078979253768921,0.8227899074554443,3.7054542190162465e-07,0.3960467278957367,0.7712585926055908,-0.043698590248823166,0.46397462487220764,0.6874178647994995,-0.07553397119045258,0.5042966604232788,0.621296226978302,-0.10905873775482178,0.5186670422554016,0.5507044196128845,-0.1388523280620575,0.4072752892971039,0.47469156980514526,-0.03722352907061577,0.45591461658477783,0.3934858739376068,-0.10488296300172806,0.4897887408733368,0.4535827040672302,-0.1593792885541916,0.5029081106185913,0.5164108872413635,-0.18662375211715698,0.3540012836456299,0.44692954421043396,-0.04768620803952217,0.3628934621810913,0.28031110763549805,-0.09028497338294983,0.35777735710144043,0.16701588034629822,-0.1338709145784378,0.34586650133132935,0.05795395374298096,-0.16544385254383087,0.30001842975616455,0.4639824628829956,-0.06638310104608536,0.2997985780239105,0.30482786893844604,-0.10211899876594543,0.3027387857437134,0.19744178652763367,-0.13138015568256378,0.30345743894577026,0.09451454877853394,-0.15075808763504028,0.24551278352737427,0.5134921073913574,-0.08983414620161057,0.24246641993522644,0.3918781876564026,-0.11150133609771729,0.24501070380210876,0.30917155742645264,-0.11699582636356354,0.2514260411262512,0.22677189111709595,-0.12052758783102036
0.3095616400241852,0.8567017316818237,3.9563457221447607e-07,0.39698526263237,0.8110460042953491,-0.04854222759604454,0.4633883833885193,0.7302823066711426,-0.08381658047437668,0.5033181309700012,0.6668417453765869,-0.1199890598654747,0.5236615538597107,0.5939958095550537,-0.1516556292772293,0.4123228192329407,0.5016382932662964,-0.0448470264673233,0.4647026062011719,0.4219350218772888,-0.11712227761745453,0.49828219413757324,0.4876805245876312,-0.1730506867170334,0.5094106197357178,0.5513021349906921,-0.19999629259109497,0.3580873906612396,0.4713088274002075,-0.055008288472890854,0.3692220449447632,0.2957454323768616,-0.10038623213768005,0.3648807108402252,0.17718899250030518,-0.1446390151977539,0.3530924916267395,0.062091052532196045,-0.17605458199977875,0.30240023136138916,0.486831396818161,-0.07396796345710754,0.2995794117450714,0.31973743438720703,-0.11250673234462738,0.3013405203819275,0.20836910605430603,-0.14354240894317627,0.30100345611572266,0.10196051001548767,-0.16322489082813263,0.24574032425880432,0.5369110107421875,-0.09792935848236084,0.2400217056274414,0.4054369330406189,-0.1215980127453804,0.24053765833377838,0.31767576932907104,-0.12847071886062622,0.24425160884857178,0.2323148250579834,-0.1322953850030899
0.3050563931465149,0.8816067576408386,4.7341208642137644e-07,0.39726415276527405,0.8368524312973022,-0.0549117773771286,0.46907931566238403,0.758372962474823,-0.09621044248342514,0.510479211807251,0.6969341039657593,-0.13810023665428162,0.5235406160354614,0.6191930174827576,-0.1751760095357895,0.4093327224254608,0.5132966041564941,-0.053637824952602386,0.46337243914604187,0.4290482699871063,-0.13661350309848785,0.49608108401298523,0.50577712059021,-0.20108842849731445,0.5053402185440063,0.5770580768585205,-0.23166188597679138,0.35104870796203613,0.48003727197647095,-0.06373168528079987,0.3588610589504242,0.28803157806396484,-0.11594254523515701,0.35500097274780273,0.15625795722007751,-0.16586709022521973,0.34523895382881165,0.02512681484222412,-0.20058736205101013,0.29261115193367004,0.49702590703964233,-0.08333171159029007,0.28649771213531494,0.3190149664878845,-0.1273038238286972,0.288543164730072,0.20152464509010315,-0.1608455628156662,0.2895912528038025,0.08858132362365723,-0.18093369901180267,0.23470020294189453,0.5506595969200134,-0.10835011303424835,0.22588320076465607,0.4096786379814148,-0.13366016745567322,0.2239648401737213,0.31644105911254883,-0.13907893002033234,0.22697754204273224,0.2272261083126068,-0.14113882184028625
0.30616486072540283,0.8952831625938416,4.2996802562811354e-07,0.4018884003162384,0.847739040851593,-0.051330771297216415,0.4799938201904297,0.7688645124435425,-0.08882699906826019,0.5245115756988525,0.7050386667251587,-0.1279919147491455,0.5295749306678772,0.6305840611457825,-0.1618400365114212,0.4160289466381073,0.5257503986358643,-0.043541070073843,0.4698437750339508,0.44379597902297974,-0.12478755414485931,0.5025495886802673,0.521691620349884,-0.18798018991947174,0.5145071744918823,0.5970535278320312,-0.21745342016220093,0.357716828584671,0.494536817073822,-0.054987236857414246,0.3676837980747223,0.302731454372406,-0.10495880991220474,0.36137670278549194,0.17501097917556763,-0.1520240157842636,0.34998151659965515,0.048875510692596436,-0.1842534989118576,0.29879695177078247,0.5119144916534424,-0.07649677991867065,0.29372259974479675,0.3365749716758728,-0.11772231757640839,0.29498350620269775,0.22209236025810242,-0.14819571375846863,0.296213299036026,0.11062675714492798,-0.16621819138526917,0.2395073026418686,0.565870463848114,-0.10387203097343445,0.23388032615184784,0.42935582995414734,-0.12596961855888367,0.23108112812042236,0.3398292660713196,-0.1292605847120285,0.231703519821167,0.2541887164115906,-0.12997941672801971
0.30673468112945557,0.8839109539985657,4.920638616567885e-07,0.4009762704372406,0.8420917987823486,-0.055967554450035095,0.47715896368026733,0.7679808735847473,-0.0983048602938652,0.5219501852989197,0.7102294564247131,-0.1416620910167694,0.5273895263671875,0.6333836317062378,-0.18000803887844086,0.41399243474006653,0.5140441060066223,-0.05356280878186226,0.473031222820282,0.4371417164802551,-0.14054091274738312,0.5089739561080933,0.5217679142951965,-0.20930331945419312,0.5211615562438965,0.5994831323623657,-0.24159982800483704,0.35497480630874634,0.4817796051502228,-0.0635710209608078,0.3632274270057678,0.2902010977268219,-0.11560197919607162,0.3591965138912201,0.15798133611679077,-0.16593776643276215,0.3497399389743805,0.025860369205474854,-0.20083194971084595,0.29530787467956543,0.49949926137924194,-0.0834360420703888,0.28886479139328003,0.32142508029937744,-0.125191330909729,0.29172539710998535,0.20436936616897583,-0.15677891671657562,0.2949202358722687,0.09088784456253052,-0.17579743266105652,0.23589745163917542,0.5535485148429871,-0.10936810821294785,0.2259232997894287,0.4157189428806305,-0.13094845414161682,0.2240380346775055,0.32564786076545715,-0.13298922777175903,0.22815439105033875,0.24123457074165344,-0.1327192634344101
0.29861417412757874,0.8639052510261536,3.8057441997807473e-07,0.39240631461143494,0.8187699317932129,-0.05363183096051216,0.4663064479827881,0.7422581911087036,-0.09346996247768402,0.5057646036148071,0.681191623210907,-0.1341516375541687,0.5209624767303467,0.6097680926322937,-0.16982412338256836,0.40443989634513855,0.4973595142364502,-0.04988997429609299,0.4574885070323944,0.4182867109775543,-0.1310015618801117,0.489501416683197,0.4940991997718811,-0.19414643943309784,0.500230610370636,0.568619430065155,-0.22422340512275696,0.3456827998161316,0.4661219120025635,-0.06037895753979683,0.3538602888584137,0.2798691391944885,-0.10950177907943726,0.34721577167510986,0.157260000705719,-0.1558411866426468,0.3355109393596649,0.0395263135433197,-0.18807245790958405,0.28723594546318054,0.48341548442840576,-0.08074831962585449,0.28048110008239746,0.30884024500846863,-0.12181401252746582,0.2816622257232666,0.19451197981834412,-0.1524095982313156,0.28297150135040283,0.08449524641036987,-0.17119184136390686,0.2291438728570938,0.5389816164970398,-0.10690996795892715,0.21968111395835876,0.40416449308395386,-0.13052286207675934,0.21634772419929504,0.3147815465927124,-0.1346554160118103,0.21629177033901215,0.22985908389091492,-0.13606978952884674
0.3637714385986328,0.7454339861869812,4.01502632030315e-07,0.4390656054019928,0.7009866237640381,-0.03903893008828163,0.4957849383354187,0.6293120384216309,-0.06423773616552353,0.5331072807312012,0.567726194858551,-0.09051493555307388,0.5403724908828735,0.5011885762214661,-0.11327644437551498,0.4441639184951782,0.45093971490859985,-0.028879152610898018,0.4856404662132263,0.3891534209251404,-0.08452121913433075,0.5189306139945984,0.4360429048538208,-0.12828080356121063,0.5347214937210083,0.48539164662361145,-0.1493321806192398,0.40102213621139526,0.42552587389945984,-0.03695271909236908,0.41107937693595886,0.27436336874961853,-0.07073825597763062,0.40724092721939087,0.17261481285095215,-0.10321438312530518,0.39809027314186096,0.08071285486221313,-0.12601539492607117,0.35599443316459656,0.43529295921325684,-0.05292646214365959,0.3536381125450134,0.2971455454826355,-0.08201899379491806,0.3564074635505676,0.2053096890449524,-0.10389948636293411,0.3588060140609741,0.12193027138710022,-0.11740584671497345,0.30854082107543945,0.4715403914451599,-0.07361454516649246,0.3075388967990875,0.3643706440925598,-0.09113790094852448,0.3089771568775177,0.2932355999946594,-0.09392731636762619,0.31379392743110657,0.2263869047164917,-0.09503763169050217
0.3610144853591919,0.7485643625259399,3.6896298638566805e-07,0.435894638299942,0.7020496129989624,-0.03889821097254753,0.49276596307754517,0.6328971982002258,-0.06585424393415451,0.5295656323432922,0.5758448243141174,-0.09392520040273666,0.5423164963722229,0.5117830038070679,-0.11822780966758728,0.440713495016098,0.452976793050766,-0.030687546357512474,0.48350533843040466,0.39210015535354614,-0.08764898777008057,0.5168787837028503,0.4394213557243347,-0.13176870346069336,0.5331486463546753,0.48825275897979736,-0.15314723551273346,0.3986947536468506,0.4307252764701843,-0.03950851410627365,0.4092690944671631,0.2837637662887573,-0.07537514716386795,0.4048404097557068,0.18334314227104187,-0.10912644863128662,0.3950842618942261,0.09137272834777832,-0.13274812698364258,0.354467511177063,0.442827433347702,-0.056060802191495895,0.3530215620994568,0.30493760108947754,-0.08727732300758362,0.35552236437797546,0.21368694305419922,-0.11000818759202957,0.35707971453666687,0.12833577394485474,-0.12391811609268188,0.3082299530506134,0.48262819647789,-0.07704838365316391,0.3064638674259186,0.37832632660865784,-0.09650160372257233,0.3071114420890808,0.3074381351470947,-0.1001950055360794,0.30950087308883667,0.23934614658355713,-0.10169372707605362
0.3640671968460083,0.7396673560142517,4.3218025780333846e-07,0.43824613094329834,0.6948686838150024,-0.04088502749800682,0.4934215545654297,0.6265521049499512,-0.06810518354177475,0.5277009606361389,0.5670143365859985,-0.09595546126365662,0.5376785397529602,0.5024732351303101,-0.12019246071577072,0.4402640163898468,0.44834309816360474,-0.03225931152701378,0.4798882007598877,0.38481301069259644,-0.08832082152366638,0.5118850469589233,0.4283210039138794,-0.13178730010986328,0.5278369784355164,0.47456109523773193,-0.1527426838874817,0.3971923291683197,0.42393186688423157,-0.03955172002315521,0.40681514143943787,0.2736431956291199,-0.0742320716381073,0.40277957916259766,0.1724749207496643,-0.10626817494630814,0.3940213918685913,0.08089590072631836,-0.12847736477851868,0.3528549075126648,0.4347211420536041,-0.05471399426460266,0.35054922103881836,0.2969663143157959,-0.08478626608848572,0.3526202440261841,0.20604684948921204,-0.106429323554039,0.35438135266304016,0.12297257781028748,-0.11945986747741699,0.3064805865287781,0.4725733697414398,-0.07456081360578537,0.3050147294998169,0.3666916787624359,-0.09294649213552475,0.3065783977508545,0.29609012603759766,-0.09597337990999222,0.3111647367477417,0.22894221544265747,-0.09698739647865295
0.3581086993217468,0.7271435260772705,3.7949101283629716e-07,0.43196097016334534,0.6817319393157959,-0.0373428650200367,0.48804837465286255,0.6098129749298096,-0.0624801330268383,0.5253170132637024,0.548315167427063,-0.08883729577064514,0.5341364145278931,0.48437580466270447,-0.11198821663856506,0.4370492100715637,0.43573349714279175,-0.028969131410121918,0.47697603702545166,0.37177401781082153,-0.0846196636557579,0.5085558891296387,0.415254682302475,-0.1283455491065979,0.52445387840271,0.462351530790329,-0.14970849454402924,0.3939424753189087,0.41083842515945435,-0.03786131367087364,0.4030299484729767,0.26227980852127075,-0.07229740917682648,0.3992891311645508,0.1618916094303131,-0.10524890571832657,0.39068859815597534,0.07040110230445862,-0.12845325469970703,0.349458783864975,0.42128947377204895,-0.054317329078912735,0.3478136360645294,0.2824052572250366,-0.08423478901386261,0.35073322057724,0.19182676076889038,-0.10642392933368683,0.35298600792884827,0.1089104413986206,-0.12017226964235306,0.30310267210006714,0.45919764041900635,-0.07508739829063416,0.3004834055900574,0.3534271717071533,-0.09366804361343384,0.3022684156894684,0.28222841024398804,-0.09712450206279755,0.3071019649505615,0.21423763036727905,-0.0986163541674614
0.3599397540092468,0.7182134985923767,4.26436969291899e-07,0.433793842792511,0.6707191467285156,-0.035841960459947586,0.48825645446777344,0.5988149642944336,-0.061011429876089096,0.5223435759544373,0.5375851392745972,-0.08749758452177048,0.530727207660675,0.471868097782135,-0.11087679117918015,0.4328601658344269,0.42408186197280884,-0.029614271596074104,0.4731840193271637,0.35945695638656616,-0.0842810571193695,0.5062923431396484,0.4002423882484436,-0.1267569661140442,0.5234410762786865,0.4467817544937134,-0.1472829431295395,0.390066534280777,0.39930781722068787,-0.0392892099916935,0.3974563479423523,0.24812035262584686,-0.07302141934633255,0.39453384280204773,0.14563313126564026,-0.10475491732358932,0.38686516880989075,0.05418521165847778,-0.12696067988872528,0.3463343381881714,0.4104759693145752,-0.056199152022600174,0.3425845503807068,0.26958778500556946,-0.08567877113819122,0.345953106880188,0.1772899329662323,-0.10712946206331253,0.34893253445625305,0.09434491395950317,-0.12036636471748352,0.3015359342098236,0.44943946599960327,-0.07719837874174118,0.29709625244140625,0.3426761031150818,-0.09559718519449234,0.2990134358406067,0.27099210023880005,-0.09833519905805588,0.304608553647995,0.20367182791233063,-0.09918904304504395
0.34707310795783997,0.7109946012496948,3.643754098447971e-07,0.4193260967731476,0.6676536798477173,-0.037111375480890274,0.4731251001358032,0.6037924885749817,-0.06270819157361984,0.506853461265564,0.5494741797447205,-0.08886487036943436,0.5167747139930725,0.4868384599685669,-0.11157538741827011,0.42106300592422485,0.43439388275146484,-0.0325094610452652,0.4603649377822876,0.37505799531936646,-0.08504245430231094,0.4911985397338867,0.41605696082115173,-0.12534724175930023,0.5063415765762329,0.4587538540363312,-0.1450553834438324,0.380234032869339,0.4122404456138611,-0.0404721274971962,0.38957393169403076,0.2719264328479767,-0.07336438447237015,0.3855016529560089,0.17530494928359985,-0.10445524007081985,0.3761061429977417,0.08926016092300415,-0.12659314274787903,0.3381274938583374,0.42268189787864685,-0.055373743176460266,0.3353978991508484,0.29088473320007324,-0.08389715105295181,0.33713260293006897,0.20375806093215942,-0.10554579645395279,0.33797329664230347,0.12357383966445923,-0.11931849271059036,0.2948763966560364,0.4598095118999481,-0.0743609294295311,0.29091233015060425,0.3607620298862457,-0.09287051856517792,0.2923915684223175,0.29331979155540466,-0.09704291075468063,0.29671207070350647,0.2278689295053482,-0.09913693368434906
0.3450164794921875,0.7111944556236267,3.6971047734368767e-07,0.4151653051376343,0.6642839908599854,-0.03493321314454079,0.4683768153190613,0.6007678508758545,-0.05931898579001427,0.5029760003089905,0.548920750617981,-0.08495674282312393,0.5131317973136902,0.4894230365753174,-0.1070193499326706,0.41270026564598083,0.4345133304595947,-0.026680467650294304,0.45291852951049805,0.37462571263313293,-0.07981899380683899,0.4872552156448364,0.41857168078422546,-0.12102549523115158,0.5040174722671509,0.4650861620903015,-0.14028090238571167,0.37349236011505127,0.4130180776119232,-0.035050902515649796,0.3816818594932556,0.27391427755355835,-0.06771460920572281,0.3769097924232483,0.17792585492134094,-0.09901880472898483,0.3670255243778229,0.09153279662132263,-0.12072233110666275,0.33285748958587646,0.423578143119812,-0.05060828849673271,0.3282584547996521,0.29404163360595703,-0.07820781320333481,0.3290698826313019,0.20710942149162292,-0.09894121438264847,0.3298361599445343,0.1279914677143097,-0.1113530844449997,0.29060792922973633,0.45933637022972107,-0.07036738097667694,0.2858223021030426,0.3593311607837677,-0.08647342771291733,0.2852097153663635,0.29169929027557373,-0.08873595297336578,0.28790727257728577,0.22832927107810974,-0.08914918452501297
0.34281644225120544,0.7838263511657715,4.176806100986141e-07,0.4271976053714752,0.7415599226951599,-0.04539896920323372,0.49159207940101624,0.6716545224189758,-0.07758048921823502,0.5324561595916748,0.61561119556427,-0.1109100803732872,0.544299840927124,0.5492010116577148,-0.1403265744447708,0.43798142671585083,0.4652114510536194,-0.03733695670962334,0.4876188635826111,0.39621633291244507,-0.10449099540710449,0.5203951597213745,0.4576389193534851,-0.15824323892593384,0.5322781801223755,0.5171247720718384,-0.1842968463897705,0.38922983407974243,0.43412038683891296,-0.04570508748292923,0.3990939259529114,0.2725093960762024,-0.0870775505900383,0.3987760841846466,0.16294139623641968,-0.1277795284986496,0.39298343658447266,0.05734500288963318,-0.15645846724510193,0.33927613496780396,0.44562166929244995,-0.06264176964759827,0.33688947558403015,0.2937190532684326,-0.09786996245384216,0.3422698378562927,0.19350913166999817,-0.12479687482118607,0.3468400835990906,0.09948673844337463,-0.141144797205925,0.28962454199790955,0.48703432083129883,-0.08447675406932831,0.2844941020011902,0.36896979808807373,-0.10501251369714737,0.28535372018814087,0.29042285680770874,-0.10863330960273743,0.2899456024169922,0.21623119711875916,-0.10983415693044662
0.3403010964393616,0.8063141107559204,4.281161523067567e-07,0.42896512150764465,0.7656255960464478,-0.047023989260196686,0.499361127614975,0.6919097900390625,-0.08061306923627853,0.5424253344535828,0.635169506072998,-0.11556887626647949,0.5534992814064026,0.5641095638275146,-0.14607737958431244,0.445083886384964,0.4746137261390686,-0.04122326523065567,0.5004494190216064,0.40338465571403503,-0.11369235813617706,0.5332052707672119,0.4728648364543915,-0.17049023509025574,0.5436298847198486,0.5401178002357483,-0.19725464284420013,0.3933540880680084,0.44130319356918335,-0.05070812627673149,0.40442657470703125,0.2729403078556061,-0.09501739591360092,0.40556690096855164,0.15708327293395996,-0.13778074085712433,0.40078920125961304,0.04488953948020935,-0.16753731667995453,0.339592307806015,0.45398420095443726,-0.06922431290149689,0.334409236907959,0.2964719831943512,-0.10640180855989456,0.34048593044281006,0.19281640648841858,-0.13460278511047363,0.34632736444473267,0.0944773256778717,-0.15174070000648499,0.2861829102039337,0.499450147151947,-0.09290282428264618,0.2789604067802429,0.3783789277076721,-0.11477727442979813,0.27842098474502563,0.2967141270637512,-0.1190224438905716,0.28140807151794434,0.2201320230960846,-0.12043450772762299
0.33617451786994934,0.846697211265564,4.2370803043922933e-07,0.4224180579185486,0.8054379224777222,-0.04691704362630844,0.4910725951194763,0.7307994961738586,-0.08255770802497864,0.5317018628120422,0.6732875108718872,-0.11947798728942871,0.5573006868362427,0.6051056385040283,-0.1521843522787094,0.4430640935897827,0.5072066783905029,-0.046732109040021896,0.5016932487487793,0.4286763072013855,-0.12255577743053436,0.5345938205718994,0.49193909764289856,-0.1800820529460907,0.5464368462562561,0.5580673813819885,-0.20742732286453247,0.38756299018859863,0.47304001450538635,-0.05845100060105324,0.40005728602409363,0.2969634532928467,-0.10634741932153702,0.4053620994091034,0.18158301711082458,-0.1492581069469452,0.4052213430404663,0.06978407502174377,-0.17875099182128906,0.3315982520580292,0.4879824221134186,-0.07927694171667099,0.322839617729187,0.32314634323120117,-0.1210777536034584,0.32502374053001404,0.2154964804649353,-0.15086133778095245,0.3287968933582306,0.11110907793045044,-0.16864581406116486,0.27668631076812744,0.5393263101577759,-0.10491891950368881,0.26332157850265503,0.4107920527458191,-0.1312427967786789,0.26085349917411804,0.3245840072631836,-0.13806277513504028,0.26304441690444946,0.24112746119499207,-0.1411105990409851
0.3357763886451721,0.8393115997314453,3.983084013725602e-07,0.4215341806411743,0.7990576028823853,-0.048713814467191696,0.48852378129959106,0.725985586643219,-0.08451224118471146,0.5274929404258728,0.6674728989601135,-0.12125632166862488,0.5476442575454712,0.5989413261413574,-0.1538662612438202,0.4413436949253082,0.505836546421051,-0.04768464341759682,0.49434399604797363,0.42757391929626465,-0.1222236379981041,0.5269253253936768,0.4904443919658661,-0.17912660539150238,0.5391773581504822,0.554204523563385,-0.20636086165905,0.38598671555519104,0.4728998839855194,-0.05757099390029907,0.39720216393470764,0.299226313829422,-0.10491162538528442,0.39898741245269775,0.18426650762557983,-0.14872190356254578,0.39530932903289795,0.07124683260917664,-0.17934684455394745,0.3303312659263611,0.48689520359039307,-0.07630445063114166,0.3244560956954956,0.32518523931503296,-0.11657626181840897,0.32808583974838257,0.21878314018249512,-0.14681948721408844,0.3320932686328888,0.11589303612709045,-0.16533756256103516,0.27564823627471924,0.5353015065193176,-0.100040003657341,0.26402363181114197,0.40745067596435547,-0.12448541074991226,0.2623293995857239,0.32114848494529724,-0.1313500553369522,0.2654535174369812,0.237565279006958,-0.13495849072933197
0.3372088372707367,0.8238229155540466,3.1758173690832336e-07,0.4206162989139557,0.7812856435775757,-0.04147202894091606,0.48841533064842224,0.7017592191696167,-0.07176980376243591,0.5252196192741394,0.6401916146278381,-0.10364564508199692,0.5438129901885986,0.5738911628723145,-0.13073848187923431,0.4431912302970886,0.48717033863067627,-0.03793909773230553,0.49558213353157043,0.4086074233055115,-0.10803928226232529,0.5257763862609863,0.4764731526374817,-0.16037678718566895,0.5347167253494263,0.5425551533699036,-0.18427520990371704,0.3885183036327362,0.45701250433921814,-0.04959578439593315,0.3991818428039551,0.28702935576438904,-0.09237232059240341,0.4007967710494995,0.17871978878974915,-0.13155487179756165,0.39664310216903687,0.07156920433044434,-0.1588301658630371,0.3338291645050049,0.4718644618988037,-0.0700305625796318,0.32920199632644653,0.3131008744239807,-0.10743165016174316,0.3323899507522583,0.2100614607334137,-0.1351686418056488,0.3347044885158539,0.10953503847122192,-0.15193438529968262,0.28083863854408264,0.5197767615318298,-0.09490085393190384,0.2734472155570984,0.3925037384033203,-0.11781752854585648,0.27182736992836,0.30975142121315,-0.12352506816387177,0.2732633352279663,0.22850599884986877,-0.12607692182064056
0.3383026719093323,0.8139068484306335,3.827798877864552e-07,0.4221183657646179,0.7729145288467407,-0.04791015759110451,0.48764628171920776,0.6981580853462219,-0.08274894207715988,0.5212473273277283,0.6373623609542847,-0.1181262955069542,0.5431861281394958,0.5706064701080322,-0.14939440786838531,0.44246596097946167,0.4821788966655731,-0.047536931931972504,0.49434390664100647,0.40495699644088745,-0.11939167231321335,0.5258685946464539,0.46772530674934387,-0.17361755669116974,0.5370393395423889,0.5303402543067932,-0.19955460727214813,0.387910932302475,0.45143985748291016,-0.057148534804582596,0.3985983729362488,0.28101998567581177,-0.10262728482484818,0.3979072868824005,0.16832217574119568,-0.14491218328475952,0.391925185918808,0.057158827781677246,-0.17471563816070557,0.3331528306007385,0.4676130414009094,-0.07530682533979416,0.32842564582824707,0.3077319264411926,-0.11533566564321518,0.33184778690338135,0.2020176649093628,-0.14559732377529144,0.3352263569831848,0.09967240691184998,-0.16440217196941376,0.27909234166145325,0.5177946090698242,-0.09814582765102386,0.2707434892654419,0.3933947682380676,-0.1239800751209259,0.26890361309051514,0.3104172646999359,-0.13153935968875885,0.2705932557582855,0.2286963164806366,-0.13556066155433655
0.333882212638855,0.810608446598053,4.580527956932201e-07,0.41787776350975037,0.7704463005065918,-0.04674339294433594,0.4790903627872467,0.6924474239349365,-0.08026145398616791,0.5137773752212524,0.6248881220817566,-0.11494208127260208,0.5373446941375732,0.5539367198944092,-0.14590437710285187,0.4334747791290283,0.47930580377578735,-0.04360225051641464,0.49058252573013306,0.3954698443412781,-0.11711636930704117,0.5242688655853271,0.45004531741142273,-0.17301946878433228,0.5373634099960327,0.5091517567634583,-0.19979116320610046,0.3774457573890686,0.4433199465274811,-0.05351033806800842,0.39434197545051575,0.2771294414997101,-0.09870175272226334,0.405205637216568,0.16734734177589417,-0.13900965452194214,0.4094925820827484,0.06166312098503113,-0.16694599390029907,0.3207883834838867,0.4566691517829895,-0.07313159853219986,0.3104911148548126,0.298362672328949,-0.11474169045686722,0.31051400303840637,0.1900867223739624,-0.14646537601947784,0.3131006360054016,0.08606535196304321,-0.16605105996131897,0.26623374223709106,0.5078125,-0.0973736122250557,0.24647963047027588,0.3857922852039337,-0.12591557204723358,0.24094513058662415,0.30089622735977173,-0.13667215406894684,0.2421923279762268,0.21726149320602417,-0.1428961455821991
0.3323102593421936,0.8161499500274658,4.4656243858298694e-07,0.41637733578681946,0.7728524208068848,-0.04452413320541382,0.4772484302520752,0.6958751082420349,-0.07861758023500443,0.5135798454284668,0.6319126486778259,-0.11437083780765533,0.5383514165878296,0.5606546998023987,-0.14647890627384186,0.43116018176078796,0.48240187764167786,-0.04287043213844299,0.49050453305244446,0.39971011877059937,-0.11759482324123383,0.5236027240753174,0.457536518573761,-0.17496083676815033,0.5348919630050659,0.5182002782821655,-0.20234645903110504,0.3767170310020447,0.44779112935066223,-0.054230522364377975,0.39405062794685364,0.27822035551071167,-0.09953303635120392,0.4040830135345459,0.16757360100746155,-0.1401616781949997,0.4070999026298523,0.06112891435623169,-0.16837818920612335,0.32146376371383667,0.462856262922287,-0.07506781816482544,0.311046302318573,0.30382996797561646,-0.11613573133945465,0.31036683917045593,0.19469371438026428,-0.1470833271741867,0.3117873966693878,0.08935469388961792,-0.16618646681308746,0.2681977450847626,0.5150484442710876,-0.1003594771027565,0.2512674331665039,0.3907879590988159,-0.1275324672460556,0.24740232527256012,0.30528324842453003,-0.13654693961143494,0.24910002946853638,0.22121524810791016,-0.14166168868541718
0.3361239433288574,0.8164524435997009,4.2601104155437497e-07,0.41627904772758484,0.771841824054718,-0.04414802044630051,0.4761590361595154,0.6955581903457642,-0.07800140231847763,0.511103093624115,0.6336175203323364,-0.11337576806545258,0.537528395652771,0.5655593872070312,-0.14489108324050903,0.43214336037635803,0.48161765933036804,-0.042489852756261826,0.49270275235176086,0.40325629711151123,-0.11542072892189026,0.5251949429512024,0.4635395109653473,-0.17082002758979797,0.534831166267395,0.525773823261261,-0.19701159000396729,0.3780016601085663,0.447713166475296,-0.05393170937895775,0.39440789818763733,0.27847594022750854,-0.09816475957632065,0.4040847420692444,0.16924026608467102,-0.13725696504116058,0.4073929488658905,0.06351220607757568,-0.16452863812446594,0.3228256106376648,0.4632275700569153,-0.0747843086719513,0.31356799602508545,0.3042038679122925,-0.11553940922021866,0.3137323558330536,0.19555693864822388,-0.14583775401115417,0.31572991609573364,0.09020492434501648,-0.16442444920539856,0.2695040702819824,0.5152254700660706,-0.10003990679979324,0.2547309696674347,0.39034926891326904,-0.12739217281341553,0.2507922947406769,0.3044824004173279,-0.13625095784664154,0.25181686878204346,0.21885451674461365,-0.14122344553470612
0.33597397804260254,0.8015940189361572,4.095309975582495e-07,0.41860121488571167,0.7582935690879822,-0.04672905057668686,0.4829312264919281,0.6788446307182312,-0.0808376893401146,0.5179675817489624,0.6147914528846741,-0.11589449644088745,0.5379692316055298,0.5434278845787048,-0.1473148763179779,0.43773362040519714,0.46689507365226746,-0.044998109340667725,0.4941837191581726,0.3878020644187927,-0.1175265684723854,0.525306224822998,0.4475674629211426,-0.1735018491744995,0.5350421667098999,0.5101032257080078,-0.20086240768432617,0.3832664489746094,0.43326854705810547,-0.05526280403137207,0.3964933156967163,0.26612845063209534,-0.09972760081291199,0.4029989242553711,0.15689724683761597,-0.1415805071592331,0.40370458364486694,0.05072134733200073,-0.1713966727256775,0.32807642221450806,0.44889143109321594,-0.07470962405204773,0.31935784220695496,0.2892458438873291,-0.11577610671520233,0.3190259337425232,0.1808592975139618,-0.14800117909908295,0.31973713636398315,0.075686514377594,-0.16845840215682983,0.2748048007488251,0.5011571645736694,-0.09861405193805695,0.262696236371994,0.3775491416454315,-0.12704305350780487,0.25951462984085083,0.292807936668396,-0.1372155398130417,0.26025229692459106,0.20855289697647095,-0.14326374232769012
0.33145132660865784,0.7880581021308899,3.325261559439241e-07,0.4136800765991211,0.7447284460067749,-0.043080173432826996,0.47763314843177795,0.6623523235321045,-0.07313326001167297,0.5128034949302673,0.593124508857727,-0.10421034693717957,0.5308810472488403,0.5212641954421997,-0.1320074498653412,0.4362926185131073,0.4566493630409241,-0.04070398956537247,0.4837823510169983,0.376773864030838,-0.10718635469675064,0.5148135423660278,0.42840251326560974,-0.15886959433555603,0.5282917022705078,0.4821350574493408,-0.18480855226516724,0.3824117183685303,0.4258571267127991,-0.05183224007487297,0.3914828300476074,0.2557867169380188,-0.09365785121917725,0.3878953754901886,0.14410075545310974,-0.13382898271083832,0.37904858589172363,0.03802400827407837,-0.162450909614563,0.32760006189346313,0.44022679328918457,-0.07104086875915527,0.3230929970741272,0.2809212803840637,-0.10871745645999908,0.3243675231933594,0.175563246011734,-0.13736018538475037,0.3251105844974518,0.07454466819763184,-0.1555713266134262,0.2726835012435913,0.4891543984413147,-0.09465167671442032,0.2652387022972107,0.3655109405517578,-0.12030351907014847,0.2641279697418213,0.28326550126075745,-0.1275232583284378,0.2660674452781677,0.20236462354660034,-0.13145554065704346
0.3306043744087219,0.7823569774627686,2.8065426249668235e-07,0.4132787883281708,0.7412572503089905,-0.04102165997028351,0.47790035605430603,0.6541712284088135,-0.06824669241905212,0.5123082399368286,0.5822892189025879,-0.09682895988225937,0.5302097797393799,0.5130541920661926,-0.12208527326583862,0.4337308406829834,0.44956910610198975,-0.03654893860220909,0.48027294874191284,0.3734505772590637,-0.09961523860692978,0.5118232369422913,0.42490750551223755,-0.14788712561130524,0.5259832143783569,0.47929686307907104,-0.1720118671655655,0.38131967186927795,0.42031729221343994,-0.047977522015571594,0.3887441158294678,0.25496429204940796,-0.08786290884017944,0.38349273800849915,0.14661464095115662,-0.1256238967180252,0.373110294342041,0.04578414559364319,-0.1524014174938202,0.3279433846473694,0.43553921580314636,-0.06753809750080109,0.32262030243873596,0.27691715955734253,-0.10401791334152222,0.32344385981559753,0.17212516069412231,-0.13187189400196075,0.3238232135772705,0.07133987545967102,-0.14987938106060028,0.2740907669067383,0.4851147532463074,-0.0913991779088974,0.26543617248535156,0.36562609672546387,-0.11739727854728699,0.2633223533630371,0.2853577136993408,-0.12538254261016846,0.26397234201431274,0.2052079141139984,-0.12993496656417847
0.3368600606918335,0.772165060043335,2.752927628080215e-07,0.4149809777736664,0.7260432243347168,-0.04053912311792374,0.4764968454837799,0.6418007612228394,-0.06828049570322037,0.5116779804229736,0.5709152221679688,-0.0974975973367691,0.5253515839576721,0.49610990285873413,-0.12352355569601059,0.4331447184085846,0.44278034567832947,-0.035429347306489944,0.476568341255188,0.36469700932502747,-0.09919741004705429,0.5061907172203064,0.413808673620224,-0.14905314147472382,0.51994788646698,0.4670833349227905,-0.17407597601413727,0.38150307536125183,0.41398122906684875,-0.046711523085832596,0.3882666528224945,0.2514077425003052,-0.08633444458246231,0.38255757093429565,0.14498546719551086,-0.12381812185049057,0.37249818444252014,0.0472235381603241,-0.15035401284694672,0.32880648970603943,0.4287654757499695,-0.0662522092461586,0.3227475881576538,0.27330315113067627,-0.1014656126499176,0.32322168350219727,0.1707707941532135,-0.12784670293331146,0.3242432177066803,0.07231143116950989,-0.14485032856464386,0.27601706981658936,0.4774610102176666,-0.09026799350976944,0.26634126901626587,0.35950103402137756,-0.11471831053495407,0.2637186646461487,0.2796170711517334,-0.12150989472866058,0.2644541263580322,0.20084157586097717,-0.1251479983329773
0.3323502540588379,0.7645867466926575,3.446785967753385e-07,0.4108603894710541,0.7188903093338013,-0.04294295236468315,0.47044888138771057,0.6365178823471069,-0.07194233685731888,0.50486159324646,0.5668432712554932,-0.10206712037324905,0.5188150405883789,0.49128007888793945,-0.12902279198169708,0.4258906841278076,0.4370371997356415,-0.03347921743988991,0.46555328369140625,0.35496214032173157,-0.09519154578447342,0.49513766169548035,0.40224266052246094,-0.14454250037670135,0.5083968639373779,0.45653730630874634,-0.16935864090919495,0.37498554587364197,0.40795668959617615,-0.04223773628473282,0.3827912211418152,0.2523602843284607,-0.07984867691993713,0.3812897503376007,0.1480565071105957,-0.11768904328346252,0.375244677066803,0.047440022230148315,-0.14506906270980835,0.32408833503723145,0.42161259055137634,-0.0595199391245842,0.32188335061073303,0.2710082530975342,-0.09351877868175507,0.32232367992401123,0.1685177981853485,-0.11988554894924164,0.3223554491996765,0.07091960310935974,-0.13699981570243835,0.27252739667892456,0.4674655795097351,-0.08149780333042145,0.2676162123680115,0.3485938310623169,-0.10469598323106766,0.2685298025608063,0.2677503824234009,-0.11137374490499496,0.27313923835754395,0.18881407380104065,-0.11518065631389618
0.3229129910469055,0.7472498416900635,3.0404149242713174e-07,0.403669148683548,0.706699013710022,-0.0397905558347702,0.4673435091972351,0.6252576112747192,-0.0652458667755127,0.5039545297622681,0.5555387139320374,-0.09190621972084045,0.5111552476882935,0.48134514689445496,-0.1153913214802742,0.41709256172180176,0.43452492356300354,-0.031329844146966934,0.4593503773212433,0.3519027829170227,-0.08865893632173538,0.48853233456611633,0.40476855635643005,-0.1349901258945465,0.4999154210090637,0.46320661902427673,-0.1580759882926941,0.36911219358444214,0.4049052596092224,-0.038985833525657654,0.3767129182815552,0.2554982006549835,-0.07382982224225998,0.37306955456733704,0.15365102887153625,-0.11119461804628372,0.3636980950832367,0.06065282225608826,-0.1386663019657135,0.32042741775512695,0.41743984818458557,-0.05433637276291847,0.319741427898407,0.2719112038612366,-0.08487191796302795,0.3216968774795532,0.17230108380317688,-0.11129987984895706,0.32220593094825745,0.08011141419410706,-0.12923137843608856,0.27107810974121094,0.46061885356903076,-0.07404206693172455,0.26843225955963135,0.34817054867744446,-0.09500934183597565,0.26965177059173584,0.27078670263290405,-0.10197236388921738,0.2738272547721863,0.19585511088371277,-0.10640997439622879
0.3250803053379059,0.7066805362701416,3.78509326992571e-07,0.4037502706050873,0.6656486392021179,-0.03822251409292221,0.46585896611213684,0.5933724641799927,-0.0644906759262085,0.5055535435676575,0.5330111384391785,-0.092581607401371,0.5089135766029358,0.46239376068115234,-0.11772958934307098,0.4140402376651764,0.4085329473018646,-0.027859505265951157,0.4541434049606323,0.3252345323562622,-0.08637408912181854,0.48417603969573975,0.3721773028373718,-0.1344263255596161,0.4989255666732788,0.4291725158691406,-0.1577717363834381,0.3679282069206238,0.3798277676105499,-0.03577997162938118,0.377025306224823,0.23179922997951508,-0.069212906062603,0.3765438199043274,0.13195756077766418,-0.10433937609195709,0.37263038754463196,0.04200321435928345,-0.1295909732580185,0.32178136706352234,0.38984376192092896,-0.05188828706741333,0.32154223322868347,0.24753108620643616,-0.07997424155473709,0.32433488965034485,0.15101677179336548,-0.10359839349985123,0.3276554346084595,0.06407183408737183,-0.11912113428115845,0.2760428190231323,0.4287776052951813,-0.07263139635324478,0.2735033631324768,0.3181738257408142,-0.09009351581335068,0.274849534034729,0.24355784058570862,-0.09416673332452774,0.2806607782840729,0.17345422506332397,-0.09630277752876282
0.3375060260295868,0.7077665328979492,3.124146417121665e-07,0.41329413652420044,0.6655111312866211,-0.03366163372993469,0.47394493222236633,0.591016411781311,-0.057563334703445435,0.5139793157577515,0.5340172052383423,-0.08376774936914444,0.5196908116340637,0.46772029995918274,-0.10657403618097305,0.42258164286613464,0.40358850359916687,-0.02412533573806286,0.46524161100387573,0.3267539143562317,-0.08052057772874832,0.4972560405731201,0.38227373361587524,-0.12588657438755035,0.5113261342048645,0.44293013215065,-0.14754505455493927,0.37816914916038513,0.378383070230484,-0.03447287157177925,0.38802629709243774,0.23325110971927643,-0.067258819937706,0.3878929316997528,0.13471370935440063,-0.1020079106092453,0.38199785351753235,0.044620007276535034,-0.12712012231349945,0.33258184790611267,0.39140811562538147,-0.05246827378869057,0.3331891894340515,0.2510637044906616,-0.08054078370332718,0.3368728756904602,0.1554981768131256,-0.10383922606706619,0.3390049338340759,0.06791099905967712,-0.11915303021669388,0.2870824337005615,0.4330693781375885,-0.0746079757809639,0.28455978631973267,0.32359158992767334,-0.09254401177167892,0.2861952781677246,0.2485526204109192,-0.09637453407049179,0.29141896963119507,0.17638510465621948,-0.09822989255189896
0.33542966842651367,0.7133431434631348,3.2892890544644615e-07,0.41151902079582214,0.6695188283920288,-0.03729339316487312,0.4735490679740906,0.5946192145347595,-0.062430765479803085,0.5156310200691223,0.5334794521331787,-0.0897640734910965,0.5186647176742554,0.4620761573314667,-0.11433906853199005,0.4258922040462494,0.41098371148109436,-0.024371540173888206,0.4684334993362427,0.332698255777359,-0.0820058211684227,0.49844297766685486,0.3835408389568329,-0.13005155324935913,0.5117608904838562,0.442110538482666,-0.153598815202713,0.37992316484451294,0.38194435834884644,-0.033023517578840256,0.3891499638557434,0.23452234268188477,-0.06622444838285446,0.3876979351043701,0.135306715965271,-0.1016133651137352,0.38181260228157043,0.04391437768936157,-0.1270541399717331,0.33337366580963135,0.3927377164363861,-0.049993399530649185,0.3357810974121094,0.2512710690498352,-0.07803449779748917,0.3401090204715729,0.1547355353832245,-0.10180776566267014,0.34309935569763184,0.06659272313117981,-0.11744517832994461,0.2862825095653534,0.43237054347991943,-0.07166803628206253,0.28582048416137695,0.3226776421070099,-0.0895211473107338,0.2871805727481842,0.24713529646396637,-0.09389382600784302,0.29183870553970337,0.17536449432373047,-0.09623342007398605
0.3328996002674103,0.7281678915023804,3.373506842763163e-07,0.41166016459465027,0.6899091601371765,-0.04268980398774147,0.4760052263736725,0.6198545098304749,-0.07117806375026703,0.5152883529663086,0.5616376399993896,-0.10040413588285446,0.5194939374923706,0.4931179881095886,-0.12657898664474487,0.4301028549671173,0.424437940120697,-0.03286578878760338,0.46949267387390137,0.3558666706085205,-0.09002473205327988,0.49422597885131836,0.4038238525390625,-0.1365189105272293,0.5033550262451172,0.45678889751434326,-0.1599147915840149,0.3822903037071228,0.3953915238380432,-0.040006838738918304,0.3908895254135132,0.24778638780117035,-0.0750022679567337,0.38806068897247314,0.1486353576183319,-0.11075259745121002,0.3814266324043274,0.05705645680427551,-0.13642339408397675,0.3337693214416504,0.4059450030326843,-0.05517423152923584,0.33487042784690857,0.2622717618942261,-0.0855523943901062,0.33833158016204834,0.16540592908859253,-0.11046930402517319,0.34164518117904663,0.07491889595985413,-0.1268429309129715,0.28449389338493347,0.4461507499217987,-0.07507805526256561,0.2829150855541229,0.33570605516433716,-0.0952596589922905,0.28475457429885864,0.2600746154785156,-0.10110297799110413,0.29019099473953247,0.18690958619117737,-0.10455242544412613
0.3384752571582794,0.7356781959533691,3.1275459377866355e-07,0.4159097671508789,0.6975760459899902,-0.043851662427186966,0.4799785614013672,0.6248016357421875,-0.07342709600925446,0.5148690938949585,0.5681082606315613,-0.1037796139717102,0.5175998210906982,0.5026198029518127,-0.13017581403255463,0.43090081214904785,0.42369112372398376,-0.0367540568113327,0.4665104150772095,0.3503135144710541,-0.09881813824176788,0.4939116835594177,0.40836212038993835,-0.1464136242866516,0.5054124593734741,0.46590104699134827,-0.16927188634872437,0.38278356194496155,0.39809849858283997,-0.04447632282972336,0.39215436577796936,0.25115615129470825,-0.08262999355792999,0.3927046060562134,0.15333908796310425,-0.11909983307123184,0.38876157999038696,0.05826824903488159,-0.14501991868019104,0.33433571457862854,0.41104644536972046,-0.06082678586244583,0.33129751682281494,0.2666896879673004,-0.09451722353696823,0.3332379460334778,0.16952413320541382,-0.12056928128004074,0.33476951718330383,0.07677385210990906,-0.1371650993824005,0.28600776195526123,0.4543977975845337,-0.0819685235619545,0.28148409724235535,0.3414745032787323,-0.10394811630249023,0.28126421570777893,0.26423799991607666,-0.11090690642595291,0.284175306558609,0.18894600868225098,-0.11495611816644669
0.3362286686897278,0.7345912456512451,3.673015953609138e-07,0.4141855537891388,0.6949584484100342,-0.045313362032175064,0.476966917514801,0.6234874725341797,-0.07682613283395767,0.5148885250091553,0.5646834969520569,-0.1093403697013855,0.5184149742126465,0.49135923385620117,-0.1383039504289627,0.42832040786743164,0.42509037256240845,-0.03626098111271858,0.4679875373840332,0.34890657663345337,-0.10084571689367294,0.49587106704711914,0.40581774711608887,-0.1520196944475174,0.5080054998397827,0.4665443003177643,-0.17675746977329254,0.37997886538505554,0.39645564556121826,-0.04286445677280426,0.38672786951065063,0.24510458111763,-0.08150264620780945,0.3859230875968933,0.14540940523147583,-0.11921939253807068,0.38198307156562805,0.047730714082717896,-0.1458040028810501,0.3316209316253662,0.40915656089782715,-0.058296073228120804,0.32975760102272034,0.2638208270072937,-0.09177510440349579,0.3342374265193939,0.16677552461624146,-0.11780772358179092,0.3383987247943878,0.07520309090614319,-0.13435034453868866,0.2833166718482971,0.4524131119251251,-0.07868757098913193,0.280771940946579,0.34185147285461426,-0.09978713095188141,0.28129109740257263,0.265862375497818,-0.10590172559022903,0.2847515642642975,0.1940535306930542,-0.10926315933465958
0.3365011513233185,0.7321735620498657,3.408358679735102e-07,0.4134786128997803,0.6930938363075256,-0.04590559005737305,0.4763064682483673,0.621434211730957,-0.07713556289672852,0.5142954587936401,0.5600606799125671,-0.10912981629371643,0.5178825855255127,0.4852687418460846,-0.13786278665065765,0.42991918325424194,0.42488589882850647,-0.03740045800805092,0.46694043278694153,0.34985804557800293,-0.10098414868116379,0.4938652515411377,0.4033316671848297,-0.1510927528142929,0.5054835677146912,0.4618791341781616,-0.17551691830158234,0.381294846534729,0.3964059352874756,-0.04391278699040413,0.38721853494644165,0.24585483968257904,-0.08206521719694138,0.3864470422267914,0.14789742231369019,-0.11940108239650726,0.38274720311164856,0.05283656716346741,-0.14602036774158478,0.33267393708229065,0.4081130921840668,-0.059247516095638275,0.3289898931980133,0.2632276713848114,-0.09271729737520218,0.3321208953857422,0.16594165563583374,-0.11916964501142502,0.3351544141769409,0.0743798315525055,-0.13635991513729095,0.2835618555545807,0.45026513934135437,-0.07958044111728668,0.2800949215888977,0.3384023606777191,-0.10132338106632233,0.28115615248680115,0.2617340087890625,-0.10835617780685425,0.2850063443183899,0.189019113779068,-0.11268049478530884
0.3348052501678467,0.732540488243103,3.5158427635906264e-07,0.411549836397171,0.6934728622436523,-0.04530079662799835,0.4744032621383667,0.6255556344985962,-0.07734218239784241,0.5142483711242676,0.5704481601715088,-0.11056411266326904,0.5197300314903259,0.5012291669845581,-0.1404915153980255,0.428426057100296,0.42467719316482544,-0.036062758415937424,0.4673650562763214,0.3517109453678131,-0.10001055151224136,0.4944669008255005,0.40704914927482605,-0.1505856215953827,0.5053306818008423,0.4670492708683014,-0.17502519488334656,0.38007891178131104,0.39710214734077454,-0.04304623231291771,0.38727110624313354,0.24759486317634583,-0.08145689964294434,0.38645637035369873,0.14971867203712463,-0.11883019655942917,0.3821104168891907,0.0539698600769043,-0.1451531946659088,0.33155155181884766,0.40863579511642456,-0.05888202786445618,0.3298492431640625,0.2625178098678589,-0.09223271906375885,0.3334397077560425,0.1648060381412506,-0.11842656135559082,0.3364953398704529,0.07277393341064453,-0.13510560989379883,0.2825466990470886,0.45030897855758667,-0.07967731356620789,0.27949416637420654,0.33834409713745117,-0.10071758180856705,0.2808632552623749,0.26106739044189453,-0.10709357261657715,0.2854006886482239,0.18770375847816467,-0.11079572886228561
0.33386069536209106,0.734199583530426,3.494295981454343e-07,0.4102833569049835,0.6947882175445557,-0.04192933812737465,0.47256025671958923,0.6243252754211426,-0.07209299504756927,0.5128382444381714,0.5700368285179138,-0.1039545014500618,0.5186274647712708,0.5028944611549377,-0.13277235627174377,0.425812304019928,0.4244597256183624,-0.03389173746109009,0.46686291694641113,0.353078156709671,-0.09761623293161392,0.4953702390193939,0.4118114113807678,-0.1487153321504593,0.5068762302398682,0.4722662568092346,-0.17361482977867126,0.37833723425865173,0.3970581889152527,-0.04251822829246521,0.386883020401001,0.24829836189746857,-0.08084642887115479,0.38720279932022095,0.1496439278125763,-0.11908172816038132,0.3829989433288574,0.05272495746612549,-0.14624552428722382,0.33004963397979736,0.4097282290458679,-0.0596158504486084,0.3289051949977875,0.2643072009086609,-0.09264525026082993,0.3326931893825531,0.16549918055534363,-0.11925031244754791,0.3355562388896942,0.07167774438858032,-0.1362835317850113,0.28160205483436584,0.4519866108894348,-0.08136795461177826,0.27946245670318604,0.33874455094337463,-0.10164925456047058,0.28134194016456604,0.2612035274505615,-0.10743624716997147,0.28656941652297974,0.18773311376571655,-0.11083198338747025
0.3331782817840576,0.7350605726242065,3.393872418655519e-07,0.410030722618103,0.6953908801078796,-0.041372500360012054,0.47224077582359314,0.6248174905776978,-0.07080720365047455,0.5117362141609192,0.5689792037010193,-0.10180532932281494,0.5168200135231018,0.5007560849189758,-0.12963588535785675,0.42510518431663513,0.42609313130378723,-0.033599723130464554,0.4663175642490387,0.35618776082992554,-0.09667186439037323,0.49423596262931824,0.4124419689178467,-0.14711594581604004,0.5053313374519348,0.47057339549064636,-0.1718072146177292,0.3778952360153198,0.39899760484695435,-0.042741842567920685,0.3872966766357422,0.24969489872455597,-0.08093536645174026,0.3859535753726959,0.14895081520080566,-0.11871320754289627,0.37991148233413696,0.05316638946533203,-0.14535833895206451,0.3296862840652466,0.41107866168022156,-0.06024627760052681,0.32884374260902405,0.26489871740341187,-0.09336506575345993,0.3319358229637146,0.1658974587917328,-0.11949438601732254,0.33413392305374146,0.07219919562339783,-0.13610024750232697,0.28089842200279236,0.45379260182380676,-0.08235800266265869,0.27837610244750977,0.34157291054725647,-0.10337523370981216,0.2799971103668213,0.26443466544151306,-0.10905831307172775,0.28486567735671997,0.19054874777793884,-0.11211415380239487
0.3303021490573883,0.7359164953231812,3.2655654536029033e-07,0.4076574146747589,0.6974496841430664,-0.04389487951993942,0.47003936767578125,0.6297544240951538,-0.07460037618875504,0.5094850063323975,0.576104998588562,-0.10646716505289078,0.515906572341919,0.5081693530082703,-0.13505737483501434,0.4240586459636688,0.42808690667152405,-0.0348239429295063,0.46688365936279297,0.35971707105636597,-0.09828333556652069,0.4949018955230713,0.4187578558921814,-0.14943350851535797,0.5044283270835876,0.47898584604263306,-0.174454003572464,0.37738850712776184,0.4011044204235077,-0.04268350452184677,0.3865087628364563,0.25318512320518494,-0.08092313259840012,0.38343480229377747,0.15362748503684998,-0.11993329972028732,0.37515637278556824,0.05885976552963257,-0.14783453941345215,0.3294896185398102,0.41271740198135376,-0.05907094478607178,0.3301048278808594,0.2677972912788391,-0.09190575033426285,0.332707941532135,0.16874563694000244,-0.11895954608917236,0.333836168050766,0.07490798830986023,-0.13647717237472534,0.28031978011131287,0.4541785418987274,-0.08029385656118393,0.2773680090904236,0.3414936363697052,-0.10082071274518967,0.27911075949668884,0.2643616199493408,-0.10681856423616409,0.28387531638145447,0.19023266434669495,-0.11034246534109116
0.32950013875961304,0.7380317449569702,3.278299800513196e-07,0.4060523808002472,0.6989402174949646,-0.040439996868371964,0.46894192695617676,0.6265260577201843,-0.06886386126279831,0.5090142488479614,0.5700182318687439,-0.09913819283246994,0.5120691061019897,0.5032697916030884,-0.1263817846775055,0.42119157314300537,0.4288317561149597,-0.031300727277994156,0.4618309736251831,0.35742825269699097,-0.09455142915248871,0.4902982711791992,0.4179265797138214,-0.14527711272239685,0.5012662410736084,0.47914648056030273,-0.16976697742938995,0.37472546100616455,0.40334317088127136,-0.0409589558839798,0.38328802585601807,0.25194692611694336,-0.07905138283967972,0.3803475797176361,0.14881297945976257,-0.11748208850622177,0.37262874841690063,0.049631357192993164,-0.1447075456380844,0.3268987834453583,0.41675621271133423,-0.05914657190442085,0.32835653424263,0.26892170310020447,-0.09215519577264786,0.3316377103328705,0.1695633828639984,-0.11890189349651337,0.3331370949745178,0.07551154494285583,-0.13595667481422424,0.2776472270488739,0.4593047797679901,-0.0819111093878746,0.27552610635757446,0.3457188308238983,-0.10249078273773193,0.27748921513557434,0.2679706811904907,-0.10843629390001297,0.28271543979644775,0.19323477149009705,-0.11187099665403366
0.3287331163883209,0.7405208349227905,3.2847981401573634e-07,0.40441784262657166,0.6999717950820923,-0.04115235432982445,0.46313735842704773,0.631168007850647,-0.07061778008937836,0.5008009076118469,0.578770637512207,-0.10181870311498642,0.5119249224662781,0.5137088894844055,-0.12954679131507874,0.4166879951953888,0.4276844561100006,-0.030505280941724777,0.4604508876800537,0.36192142963409424,-0.0944950133562088,0.4916427731513977,0.4240489900112152,-0.14634910225868225,0.5043408274650574,0.48703694343566895,-0.17158828675746918,0.3708139955997467,0.40201330184936523,-0.03984452784061432,0.3781777620315552,0.25348472595214844,-0.07800387591123581,0.37520673871040344,0.15217888355255127,-0.11641155183315277,0.36760270595550537,0.05624815821647644,-0.14368923008441925,0.3232291340827942,0.41554132103919983,-0.05792634189128876,0.32336997985839844,0.2685019373893738,-0.09104561060667038,0.32779622077941895,0.17039215564727783,-0.11715835332870483,0.3307759761810303,0.07780498266220093,-0.13358581066131592,0.27491527795791626,0.4595164656639099,-0.08074477314949036,0.2710043489933014,0.34613707661628723,-0.101466603577137,0.2731720507144928,0.2683924436569214,-0.10684715211391449,0.2784513235092163,0.19343474507331848,-0.10963092744350433
0.32359182834625244,0.7506479620933533,3.26148096974066e-07,0.40246301889419556,0.7113391160964966,-0.044500138610601425,0.4634227752685547,0.6404730677604675,-0.07453221827745438,0.4996495842933655,0.5838291049003601,-0.10529958456754684,0.5095615983009338,0.5158776640892029,-0.13176217675209045,0.4175950884819031,0.43751344084739685,-0.03476903587579727,0.4594183564186096,0.3676137924194336,-0.09706182032823563,0.4895936846733093,0.43192771077156067,-0.14651603996753693,0.5019400715827942,0.49290063977241516,-0.17064273357391357,0.3700304627418518,0.4103701710700989,-0.04192745313048363,0.3781735599040985,0.2643589377403259,-0.08069504797458649,0.3750518262386322,0.16045278310775757,-0.11965074390172958,0.3663550019264221,0.06161266565322876,-0.14735065400600433,0.3214184045791626,0.4233337640762329,-0.057575538754463196,0.32051998376846313,0.2783917784690857,-0.09093783050775528,0.32314085960388184,0.17912563681602478,-0.11758596450090408,0.32459989190101624,0.08411747217178345,-0.13440993428230286,0.2722453474998474,0.4674360752105713,-0.07814278453588486,0.26943734288215637,0.3541318476200104,-0.09938676655292511,0.27039268612861633,0.2760774493217468,-0.10547962039709091,0.27478745579719543,0.19976013898849487,-0.1086193397641182
0.32763758301734924,0.7442810535430908,2.9206032081674493e-07,0.40524449944496155,0.7054299712181091,-0.04141000658273697,0.46483391523361206,0.6316102147102356,-0.06938844174146652,0.49960511922836304,0.5725390315055847,-0.09879426658153534,0.5086337924003601,0.5043206810951233,-0.12437755614519119,0.41973209381103516,0.4333592355251312,-0.02942141517996788,0.4575691819190979,0.3552718460559845,-0.09107040613889694,0.48447519540786743,0.41806089878082275,-0.14162041246891022,0.4956188201904297,0.48128488659858704,-0.16652242839336395,0.37150782346725464,0.4049361050128937,-0.03696965426206589,0.37707409262657166,0.2573269009590149,-0.07427816092967987,0.37227970361709595,0.1547928750514984,-0.11322217434644699,0.36306488513946533,0.05696737766265869,-0.14108416438102722,0.3229239881038666,0.4173751473426819,-0.05302545055747032,0.32278940081596375,0.27310627698898315,-0.08461179584264755,0.3249107897281647,0.1744670867919922,-0.11082161217927933,0.3263368606567383,0.08051258325576782,-0.1277233362197876,0.27421140670776367,0.4601430296897888,-0.07381701469421387,0.2713223099708557,0.3476332724094391,-0.09291192889213562,0.2718324065208435,0.27164793014526367,-0.09798365086317062,0.2762752175331116,0.19774043560028076,-0.10075311362743378
0.33022749423980713,0.7126419544219971,3.028755486411683e-07,0.40709397196769714,0.6762474179267883,-0.041454024612903595,0.4676843583583832,0.6049578785896301,-0.06924842298030853,0.5070112347602844,0.5455852746963501,-0.09838947653770447,0.5104848146438599,0.4758915305137634,-0.12429336458444595,0.42251601815223694,0.4176463484764099,-0.029458211734890938,0.4626879394054413,0.34381887316703796,-0.08935333788394928,0.48847100138664246,0.4025591313838959,-0.13883666694164276,0.49774742126464844,0.46363991498947144,-0.16321203112602234,0.37680795788764954,0.38833969831466675,-0.03593617305159569,0.3846212327480316,0.24418897926807404,-0.07187188416719437,0.3813855051994324,0.1454973816871643,-0.10962623357772827,0.3736196458339691,0.051108986139297485,-0.13668499886989594,0.33060595393180847,0.3987705111503601,-0.05075280740857124,0.33282050490379333,0.25875192880630493,-0.08100908994674683,0.3363754153251648,0.1630481779575348,-0.10657645761966705,0.33862486481666565,0.07283496856689453,-0.12323278188705444,0.2839013934135437,0.43775999546051025,-0.07031546533107758,0.2830461859703064,0.32963207364082336,-0.08876687288284302,0.28436172008514404,0.25548896193504333,-0.0940304771065712,0.28917261958122253,0.18371838331222534,-0.09713265299797058
0.33186545968055725,0.7102494835853577,3.034609221685969e-07,0.4089057445526123,0.6737221479415894,-0.042719390243291855,0.4704226553440094,0.6035581827163696,-0.07086355239152908,0.5089772939682007,0.5454071760177612,-0.0999281108379364,0.5105176568031311,0.476728618144989,-0.12560495734214783,0.4231812059879303,0.4174479842185974,-0.030819647014141083,0.4635365605354309,0.34574830532073975,-0.08990518748760223,0.48969587683677673,0.40518125891685486,-0.13842543959617615,0.498773992061615,0.46640440821647644,-0.16218502819538116,0.37779587507247925,0.3885890543460846,-0.036559417843818665,0.38616621494293213,0.24470257759094238,-0.0716080591082573,0.38304540514945984,0.14945468306541443,-0.10868081450462341,0.37530845403671265,0.05795171856880188,-0.13530708849430084,0.3318527340888977,0.3987234830856323,-0.05060731992125511,0.3342141807079315,0.25948452949523926,-0.0804184079170227,0.3374696969985962,0.16577696800231934,-0.10590783506631851,0.33919355273246765,0.07777675986289978,-0.1225273534655571,0.2855242192745209,0.4370036721229553,-0.06943265348672867,0.2852449119091034,0.32908952236175537,-0.08756222575902939,0.28625571727752686,0.25637781620025635,-0.09270166605710983,0.29035359621047974,0.18651530146598816,-0.09577858448028564
0.3403913080692291,0.7250603437423706,3.0998177180663333e-07,0.41550374031066895,0.6888719201087952,-0.041501883417367935,0.4756706953048706,0.6206151247024536,-0.06867434829473495,0.5108755230903625,0.5664218664169312,-0.09653084725141525,0.5172001123428345,0.5030570030212402,-0.12037720531225204,0.42878425121307373,0.42245230078697205,-0.030752629041671753,0.46517491340637207,0.34963512420654297,-0.08888047188520432,0.49580150842666626,0.40972453355789185,-0.13537488877773285,0.5098883509635925,0.46882525086402893,-0.15791061520576477,0.3830053210258484,0.39585739374160767,-0.037378739565610886,0.39122194051742554,0.25515279173851013,-0.07248416543006897,0.3908329904079437,0.1572270393371582,-0.10843539983034134,0.386327862739563,0.06310722231864929,-0.1341242790222168,0.3369004428386688,0.407993882894516,-0.052173443138599396,0.33766061067581177,0.26816147565841675,-0.08267137408256531,0.3398866057395935,0.1730365753173828,-0.1068429946899414,0.34205764532089233,0.08242529630661011,-0.12208451330661774,0.2906167507171631,0.450364351272583,-0.0716901570558548,0.28755655884742737,0.34050464630126953,-0.09085853397846222,0.288625031709671,0.26597678661346436,-0.09526896476745605,0.29396411776542664,0.1930837631225586,-0.09724626690149307
0.34240061044692993,0.7296264171600342,3.6616430065805616e-07,0.4180642366409302,0.6951289772987366,-0.04687444120645523,0.4758102297782898,0.6320382356643677,-0.07962755113840103,0.5083765387535095,0.5787256360054016,-0.11226000636816025,0.5228347778320312,0.5132156014442444,-0.14121516048908234,0.43179038166999817,0.43027639389038086,-0.04140326753258705,0.47212374210357666,0.36472582817077637,-0.10433490574359894,0.4990357458591461,0.4206918776035309,-0.1536424458026886,0.5096991658210754,0.47810959815979004,-0.17772401869297028,0.38572901487350464,0.40174171328544617,-0.04682311788201332,0.3931592106819153,0.25296974182128906,-0.08580151945352554,0.39291754364967346,0.15329384803771973,-0.1230170950293541,0.3888647258281708,0.057972341775894165,-0.14934708178043365,0.33904504776000977,0.4131014347076416,-0.060488034039735794,0.3364650309085846,0.2696616053581238,-0.09458094835281372,0.34067216515541077,0.17497184872627258,-0.12088485062122345,0.34491589665412903,0.08654657006263733,-0.1374424695968628,0.2919694483280182,0.4549213945865631,-0.07889384776353836,0.2871720492839813,0.3451799154281616,-0.1004905104637146,0.2879137396812439,0.2710492014884949,-0.10674040019512177,0.29191702604293823,0.2006075382232666,-0.11017301678657532
0.337484747171402,0.7390006184577942,3.030648656476842e-07,0.41170817613601685,0.7025869488716125,-0.04047563299536705,0.47168561816215515,0.6379605531692505,-0.07069087773561478,0.508898138999939,0.5889995098114014,-0.10281214118003845,0.5212843418121338,0.531747043132782,-0.13123974204063416,0.4248364567756653,0.43735483288764954,-0.033216606825590134,0.46935683488845825,0.3716670274734497,-0.09819134324789047,0.49675750732421875,0.4364180564880371,-0.15008045732975006,0.5050401091575623,0.49898794293403625,-0.1749572455883026,0.38042744994163513,0.40939900279045105,-0.043537724763154984,0.39163491129875183,0.258322536945343,-0.0823744684457779,0.39050501585006714,0.15631937980651855,-0.12023159861564636,0.3839007318019867,0.05838105082511902,-0.14679266512393951,0.3344286382198334,0.4214356541633606,-0.06241649016737938,0.3331042528152466,0.27625077962875366,-0.09578581899404526,0.3362463414669037,0.17970600724220276,-0.12220735102891922,0.33843642473220825,0.08700999617576599,-0.13861939311027527,0.28750211000442505,0.4638225734233856,-0.0858745351433754,0.28141194581985474,0.3522646427154541,-0.1058926060795784,0.2805388271808624,0.2767646014690399,-0.11063681542873383,0.28283315896987915,0.20356541872024536,-0.11295897513628006
0.34468764066696167,0.7446507215499878,3.348739880948415e-07,0.4208354949951172,0.7096288204193115,-0.04372372850775719,0.48147982358932495,0.648067057132721,-0.07475315034389496,0.5181201100349426,0.5996670722961426,-0.10659129172563553,0.52923184633255,0.5408231616020203,-0.1346813440322876,0.43583571910858154,0.44648006558418274,-0.0372115820646286,0.4783576428890228,0.38668718934059143,-0.10164147615432739,0.5064839124679565,0.4487108588218689,-0.15327610075473785,0.5163269639015198,0.5062980651855469,-0.17838288843631744,0.3905948996543884,0.4184028208255768,-0.04531440883874893,0.40165412425994873,0.2698659598827362,-0.08421219885349274,0.40155377984046936,0.1680261492729187,-0.12210006266832352,0.395888090133667,0.07053878903388977,-0.14877131581306458,0.3437862992286682,0.42928311228752136,-0.06181240454316139,0.34190666675567627,0.2875089645385742,-0.09520689398050308,0.3448941111564636,0.19198426604270935,-0.12111957371234894,0.34695661067962646,0.1004827618598938,-0.13703946769237518,0.2962300181388855,0.4706256091594696,-0.08312492817640305,0.28996554017066956,0.3598114550113678,-0.10322767496109009,0.2886260449886322,0.2846221327781677,-0.10766543447971344,0.2898302376270294,0.21227751672267914,-0.10960441082715988
0.3472539782524109,0.7477601766586304,3.337464704600279e-07,0.42277035117149353,0.7120026350021362,-0.043705835938453674,0.4821377694606781,0.6495593190193176,-0.07504942268133163,0.5192252993583679,0.6031700372695923,-0.10734860599040985,0.531298816204071,0.5450606942176819,-0.13556626439094543,0.4359496235847473,0.4446919560432434,-0.03675438463687897,0.4793700575828552,0.3862900137901306,-0.10108770430088043,0.5086945295333862,0.45265474915504456,-0.15184037387371063,0.5192521810531616,0.5127232670783997,-0.1760743111371994,0.39135217666625977,0.41959142684936523,-0.04480750858783722,0.40194082260131836,0.27477285265922546,-0.08377647399902344,0.40225496888160706,0.1740489900112152,-0.1211724653840065,0.39705464243888855,0.07584530115127563,-0.14745067059993744,0.3451308310031891,0.4331800937652588,-0.06137874722480774,0.34422552585601807,0.2920929193496704,-0.09491428732872009,0.34770703315734863,0.1964026391506195,-0.1204783096909523,0.34986281394958496,0.10411494970321655,-0.13604991137981415,0.29835930466651917,0.47648507356643677,-0.0827849730849266,0.2922993302345276,0.36562374234199524,-0.10320285707712173,0.2913859784603119,0.2890092134475708,-0.10793069750070572,0.2934856116771698,0.21492525935173035,-0.10995030403137207
0.3522256016731262,0.7480586171150208,3.3222079309780383e-07,0.42645809054374695,0.7136710286140442,-0.043647412210702896,0.48725560307502747,0.6499936580657959,-0.07378803938627243,0.52395099401474,0.5992051959037781,-0.10429012775421143,0.5301879048347473,0.53754061460495,-0.13087254762649536,0.44315922260284424,0.4499610960483551,-0.03831539675593376,0.4819587469100952,0.38850170373916626,-0.10153372585773468,0.5078133344650269,0.4504943788051605,-0.15083347260951996,0.5162797570228577,0.5075421333312988,-0.17419932782649994,0.39744889736175537,0.4242599606513977,-0.0462070032954216,0.4091077446937561,0.2755148410797119,-0.08407211303710938,0.40908050537109375,0.1731460988521576,-0.12053649872541428,0.403749942779541,0.075314462184906,-0.14637143909931183,0.3503391444683075,0.4363187849521637,-0.0624200776219368,0.3494957387447357,0.2946328818798065,-0.09533324837684631,0.3515675663948059,0.1993388533592224,-0.12104789912700653,0.35263487696647644,0.10850927233695984,-0.1369977444410324,0.3019134998321533,0.4783497154712677,-0.08333927392959595,0.2966410517692566,0.36701565980911255,-0.10372558981180191,0.2957994043827057,0.29156234860420227,-0.10886263102293015,0.29789817333221436,0.2183087170124054,-0.11139388382434845
0.350646048784256,0.7528106570243835,3.319663903766923e-07,0.4279789924621582,0.717668890953064,-0.04366340860724449,0.48837995529174805,0.6576958894729614,-0.07484656572341919,0.5252223610877991,0.6108766794204712,-0.10676364600658417,0.5355512499809265,0.5510704517364502,-0.13476087152957916,0.44410866498947144,0.45290035009384155,-0.03699590265750885,0.4871562123298645,0.3911260664463043,-0.10149253904819489,0.5135160684585571,0.4569213390350342,-0.15277965366840363,0.5213915109634399,0.5175941586494446,-0.1772654801607132,0.398953378200531,0.42608538269996643,-0.04487481713294983,0.411955863237381,0.27725517749786377,-0.08339052647352219,0.4125339686870575,0.1773635447025299,-0.12086626887321472,0.4077896773815155,0.08113673329353333,-0.14721105992794037,0.3517376780509949,0.4382373094558716,-0.061212167143821716,0.35270434617996216,0.29639869928359985,-0.09416548162698746,0.3563440442085266,0.2019488513469696,-0.1199088841676712,0.3586547076702118,0.11180055141448975,-0.1356639564037323,0.3036680221557617,0.4803999960422516,-0.0822700783610344,0.2994329035282135,0.3694291114807129,-0.10205839574337006,0.2989732325077057,0.29448914527893066,-0.10643070936203003,0.301201194524765,0.22248497605323792,-0.10819759964942932
0.34959906339645386,0.7517218589782715,3.5572543310991023e-07,0.42717090249061584,0.7164210081100464,-0.04425645247101784,0.4881769120693207,0.6569395065307617,-0.07623419165611267,0.5250440835952759,0.6097800731658936,-0.10887324064970016,0.5400166511535645,0.5490527153015137,-0.13762931525707245,0.4430437684059143,0.4535304009914398,-0.038227442651987076,0.487951397895813,0.39335787296295166,-0.10302361845970154,0.5158496499061584,0.45485833287239075,-0.15396399796009064,0.5258926153182983,0.513927698135376,-0.17843899130821228,0.3990021049976349,0.4264320433139801,-0.046398717910051346,0.4129475951194763,0.27735626697540283,-0.08561276644468307,0.4129538834095001,0.17597806453704834,-0.12305726855993271,0.40772515535354614,0.07927602529525757,-0.14930857717990875,0.35235562920570374,0.438094824552536,-0.06307423114776611,0.3535134494304657,0.2960861325263977,-0.0972176343202591,0.3572978079319,0.2014373242855072,-0.12343364953994751,0.3599490523338318,0.11095923185348511,-0.1395968347787857,0.30372223258018494,0.4802827537059784,-0.08445383608341217,0.2995048761367798,0.37201279401779175,-0.10578762739896774,0.2986207604408264,0.2981864809989929,-0.11090248078107834,0.3000781238079071,0.22713525593280792,-0.11319403350353241
0.34430184960365295,0.7490834593772888,3.5685263810592005e-07,0.4223232567310333,0.7142877578735352,-0.04386094585061073,0.48352161049842834,0.6537558436393738,-0.07590159773826599,0.5213074088096619,0.6061491966247559,-0.10870309174060822,0.5360245108604431,0.5455003380775452,-0.13776010274887085,0.4391864836215973,0.45127639174461365,-0.038493696600198746,0.48363542556762695,0.38839489221572876,-0.10337390750646591,0.5112900137901306,0.45322874188423157,-0.15446780622005463,0.5199559926986694,0.5156421661376953,-0.1787954717874527,0.3949957489967346,0.42338940501213074,-0.04604186490178108,0.4080510437488556,0.27398058772087097,-0.08549055457115173,0.40848878026008606,0.17239117622375488,-0.1240636333823204,0.4027823805809021,0.07376980781555176,-0.15133045613765717,0.34848564863204956,0.4342779517173767,-0.061754416674375534,0.35109105706214905,0.29158926010131836,-0.09476644545793533,0.3562173843383789,0.19635355472564697,-0.12054634094238281,0.3593294620513916,0.10563775897026062,-0.13667422533035278,0.29980039596557617,0.4744275212287903,-0.08218632638454437,0.29775258898735046,0.3629169762134552,-0.1015174388885498,0.29959237575531006,0.2876508831977844,-0.10568637400865555,0.3041258752346039,0.21584060788154602,-0.10764386504888535
0.34318098425865173,0.7495951056480408,3.653426290384232e-07,0.42132651805877686,0.7141507863998413,-0.04512333497405052,0.48192495107650757,0.6543275117874146,-0.07782448828220367,0.518932044506073,0.6070618629455566,-0.11105774343013763,0.5336230397224426,0.5452946424484253,-0.1406039148569107,0.4370330274105072,0.4513521194458008,-0.0401616208255291,0.4843439757823944,0.3925740122795105,-0.1047174409031868,0.5122404098510742,0.45757007598876953,-0.15586672723293304,0.5204058885574341,0.5180624127388,-0.18061842024326324,0.39262154698371887,0.4240676760673523,-0.04736468195915222,0.4069443345069885,0.2758469879627228,-0.08714106678962708,0.407174289226532,0.1744113564491272,-0.1264338493347168,0.4011155664920807,0.07459944486618042,-0.15443511307239532,0.34598439931869507,0.43524396419525146,-0.06263718008995056,0.34903785586357117,0.293552041053772,-0.09629209339618683,0.35393765568733215,0.19745060801506042,-0.12323980033397675,0.3565211892127991,0.10528600215911865,-0.1402263045310974,0.29765063524246216,0.4750972092151642,-0.08263912051916122,0.2969052195549011,0.3636585474014282,-0.10280590504407883,0.2992555797100067,0.2878413200378418,-0.10782171040773392,0.3038627505302429,0.21512553095817566,-0.11047979444265366
0.3509249687194824,0.749505877494812,3.1072579531610245e-07,0.4303118586540222,0.7154806852340698,-0.04241596534848213,0.4927830994129181,0.6571003198623657,-0.07304288446903229,0.5291975736618042,0.612085223197937,-0.10446608811616898,0.541472315788269,0.5552531480789185,-0.13180355727672577,0.4515082538127899,0.45401689410209656,-0.03645533323287964,0.4964567720890045,0.39440715312957764,-0.10002001374959946,0.5215192437171936,0.4604821503162384,-0.1499020755290985,0.5277099013328552,0.5213168859481812,-0.17357486486434937,0.405918151140213,0.4268907904624939,-0.045161038637161255,0.4201843738555908,0.27931368350982666,-0.08324304223060608,0.4198983311653137,0.1787150502204895,-0.12050704658031464,0.41408297419548035,0.081246018409729,-0.14689667522907257,0.3576001226902008,0.4376295804977417,-0.062092144042253494,0.3604382276535034,0.2954201102256775,-0.09491918981075287,0.3648492395877838,0.20133313536643982,-0.1204712986946106,0.36754634976387024,0.11184331774711609,-0.1362209916114807,0.30766618251800537,0.47838807106018066,-0.08356451988220215,0.3048704266548157,0.3681102395057678,-0.10323274880647659,0.3058091402053833,0.2939903140068054,-0.10726092755794525,0.3090481460094452,0.22277450561523438,-0.10881384462118149
0.3523911237716675,0.7493306398391724,3.7117837337063975e-07,0.4332458972930908,0.7125971913337708,-0.04654842987656593,0.4947601854801178,0.652271032333374,-0.07939165085554123,0.530684232711792,0.600458025932312,-0.11256571114063263,0.5442686080932617,0.5365736484527588,-0.14174920320510864,0.45468366146087646,0.4489801228046417,-0.03851253539323807,0.4950605630874634,0.3828328847885132,-0.10311281681060791,0.5200946927070618,0.44425147771835327,-0.15429268777370453,0.5288642048835754,0.5049189329147339,-0.17895594239234924,0.4093835651874542,0.4199560284614563,-0.044697754085063934,0.423989862203598,0.2690366506576538,-0.08408399671316147,0.4249126613140106,0.16647547483444214,-0.12257649004459381,0.4217037856578827,0.06746578216552734,-0.1498974710702896,0.3611711263656616,0.42924728989601135,-0.059451743960380554,0.36631035804748535,0.2863987684249878,-0.0923728346824646,0.37259727716445923,0.19147896766662598,-0.11812230944633484,0.3785470724105835,0.10216206312179565,-0.1343315690755844,0.3102268576622009,0.4677683711051941,-0.07924243807792664,0.3108482360839844,0.3568194806575775,-0.09821256250143051,0.3126986622810364,0.2821752429008484,-0.10258930921554565,0.3172660768032074,0.2123982012271881,-0.10487685352563858
0.35434669256210327,0.7773792147636414,3.6971886174796964e-07,0.4360266625881195,0.739811897277832,-0.04315399378538132,0.5000280141830444,0.6764193177223206,-0.0735870748758316,0.538296103477478,0.6246316432952881,-0.10526113957166672,0.5536275506019592,0.5597708225250244,-0.13271254301071167,0.45722874999046326,0.47305434942245483,-0.03179444745182991,0.5037626028060913,0.4115696847438812,-0.09524507075548172,0.5321835875511169,0.4740394353866577,-0.14589788019657135,0.542144238948822,0.5356063842773438,-0.17012161016464233,0.4123917520046234,0.4443000555038452,-0.03944481909275055,0.4274832010269165,0.29212838411331177,-0.0781652182340622,0.4264533221721649,0.18866395950317383,-0.11565675586462021,0.4202384054660797,0.08885961771011353,-0.14172732830047607,0.36454591155052185,0.4542619585990906,-0.055644888430833817,0.36929255723953247,0.31272271275520325,-0.08810745924711227,0.3755251467227936,0.21834158897399902,-0.11209602653980255,0.3802535831928253,0.12851428985595703,-0.12660886347293854,0.3143233358860016,0.4924595355987549,-0.07682061195373535,0.3183087706565857,0.3830533027648926,-0.09504661709070206,0.32129862904548645,0.3098177909851074,-0.09743904322385788,0.3263540267944336,0.23978671431541443,-0.09793715178966522
0.35479462146759033,0.7758889198303223,3.6824468452323345e-07,0.4378378689289093,0.7368467450141907,-0.04122111201286316,0.5028378367424011,0.6722588539123535,-0.0714419037103653,0.5426090955734253,0.6205928325653076,-0.10346260666847229,0.5534356236457825,0.5540676712989807,-0.13126270473003387,0.45941466093063354,0.4724194407463074,-0.032360099256038666,0.503882884979248,0.4050308167934418,-0.09753347188234329,0.5308571457862854,0.4704146087169647,-0.1487855315208435,0.539803147315979,0.5347604751586914,-0.17272895574569702,0.4136718511581421,0.44293567538261414,-0.04136231914162636,0.42744243144989014,0.28642433881759644,-0.08042073249816895,0.4258893132209778,0.18076634407043457,-0.11788473278284073,0.4193262457847595,0.0787210762500763,-0.14386948943138123,0.364995539188385,0.452678918838501,-0.058839693665504456,0.3692485988140106,0.3083478808403015,-0.09058308601379395,0.37601950764656067,0.21278712153434753,-0.11378968507051468,0.3818098306655884,0.12236112356185913,-0.1279374659061432,0.3143320679664612,0.49024340510368347,-0.0812513455748558,0.3175809979438782,0.37899312376976013,-0.09818415343761444,0.32122379541397095,0.30470073223114014,-0.09970398247241974,0.3280541002750397,0.23462852835655212,-0.0997207835316658
0.35231396555900574,0.771823525428772,3.1655596899327065e-07,0.43614888191223145,0.730975866317749,-0.037195444107055664,0.5025998950004578,0.6610358953475952,-0.06317400187253952,0.5408464670181274,0.6055377125740051,-0.09142286330461502,0.5458943843841553,0.541710615158081,-0.11536896973848343,0.45887118577957153,0.4663905203342438,-0.027117319405078888,0.5002546906471252,0.3984507918357849,-0.08874146640300751,0.5271307826042175,0.46399760246276855,-0.13684119284152985,0.5359687805175781,0.5274048447608948,-0.15890319645404816,0.41292232275009155,0.43723610043525696,-0.03735387697815895,0.42669135332107544,0.28193342685699463,-0.07413172721862793,0.42645421624183655,0.1762988269329071,-0.10997346043586731,0.4209449291229248,0.0741119384765625,-0.13488022983074188,0.3644449710845947,0.4458027780056,-0.05577118322253227,0.36712580919265747,0.3018689751625061,-0.08609078824520111,0.3733603358268738,0.20683181285858154,-0.10854218900203705,0.3784146010875702,0.11714965105056763,-0.12217564880847931,0.3134775459766388,0.4822714030742645,-0.07889308035373688,0.31613096594810486,0.37031999230384827,-0.09496644884347916,0.3189030587673187,0.29695647954940796,-0.0960002988576889,0.32460880279541016,0.22737884521484375,-0.09570059925317764
0.35030674934387207,0.7539021968841553,3.4681457350416167e-07,0.43025925755500793,0.7142109870910645,-0.041391804814338684,0.4926055073738098,0.6475876569747925,-0.07098129391670227,0.5316352248191833,0.5944993495941162,-0.10245095938444138,0.5400949716567993,0.5286551117897034,-0.12990185618400574,0.4554440975189209,0.4505906105041504,-0.03183365613222122,0.4946029484272003,0.3832683563232422,-0.09633292257785797,0.5201646089553833,0.44696080684661865,-0.14708153903484344,0.5290764570236206,0.5100046396255493,-0.17092110216617584,0.409442663192749,0.4208552837371826,-0.040703631937503815,0.42279863357543945,0.2660197615623474,-0.07985308766365051,0.42230191826820374,0.1604945957660675,-0.11736605316400528,0.41750243306159973,0.05838504433631897,-0.1434459537267685,0.36067795753479004,0.4292783737182617,-0.05816369131207466,0.3632013499736786,0.2856575846672058,-0.0901123657822609,0.3696635961532593,0.19105052947998047,-0.1136891171336174,0.37611180543899536,0.10198542475700378,-0.12818241119384766,0.30974242091178894,0.46558064222335815,-0.08069435507059097,0.3112229108810425,0.3541716933250427,-0.0979485958814621,0.314205527305603,0.28003203868865967,-0.10031391680240631,0.3211812376976013,0.20991367101669312,-0.1011800542473793
0.3518834412097931,0.7477540969848633,3.7347302850321284e-07,0.43097156286239624,0.708920955657959,-0.04646016284823418,0.49193087220191956,0.6441650986671448,-0.07880601286888123,0.5300166010856628,0.5909985303878784,-0.11168690025806427,0.543062686920166,0.5229853987693787,-0.14021819829940796,0.452179491519928,0.44116464257240295,-0.038307081907987595,0.4944559931755066,0.377160906791687,-0.10266810655593872,0.520815908908844,0.4372098743915558,-0.152432382106781,0.5297343730926514,0.497959166765213,-0.1759699583053589,0.4066857099533081,0.4130168557167053,-0.04556630179286003,0.4205596446990967,0.2567077875137329,-0.0848509818315506,0.4196505546569824,0.15111640095710754,-0.12216826528310776,0.41356346011161804,0.051306843757629395,-0.14830152690410614,0.3583138883113861,0.4230045676231384,-0.06158239021897316,0.358904629945755,0.2782480716705322,-0.09464193135499954,0.3642740249633789,0.1830025613307953,-0.11956100910902023,0.3691004514694214,0.09349504113197327,-0.13509346544742584,0.3078751862049103,0.4622220993041992,-0.08283327519893646,0.306976318359375,0.3504333794116974,-0.10237172991037369,0.3090941309928894,0.2756386399269104,-0.10635697841644287,0.3141933083534241,0.20433425903320312,-0.10827156901359558
0.35350674390792847,0.7526483535766602,3.569609532405593e-07,0.431795597076416,0.7122387886047363,-0.042975615710020065,0.49378278851509094,0.6446638703346252,-0.07323900610208511,0.5319647789001465,0.5903773903846741,-0.10485625267028809,0.5447705984115601,0.5258814096450806,-0.132345050573349,0.45421522855758667,0.4460335969924927,-0.03282025083899498,0.4966301918029785,0.3813660740852356,-0.09671667963266373,0.5238773822784424,0.44149646162986755,-0.14708957076072693,0.5335179567337036,0.5026394128799438,-0.1708761751651764,0.40802139043807983,0.4173210561275482,-0.041568659245967865,0.4219381511211395,0.2624824345111847,-0.08015305548906326,0.42123979330062866,0.1572984755039215,-0.11743783205747604,0.4157411754131317,0.057042449712753296,-0.1433515101671219,0.3594549894332886,0.4267657995223999,-0.059037577360868454,0.3607121407985687,0.28287389874458313,-0.09149744361639023,0.3667337894439697,0.18747109174728394,-0.11611083149909973,0.37259724736213684,0.0976196825504303,-0.13121601939201355,0.3088766634464264,0.4657095968723297,-0.08155522495508194,0.30751970410346985,0.35434648394584656,-0.10008422285318375,0.3093792498111725,0.28001224994659424,-0.10309644043445587,0.31449830532073975,0.20952576398849487,-0.10420161485671997
0.3407639265060425,0.7349088191986084,3.421828296268359e-07,0.4129524528980255,0.6987987160682678,-0.042300306260585785,0.4678593575954437,0.6399246454238892,-0.07284604758024216,0.5047864317893982,0.5923888683319092,-0.10343559086322784,0.5238393545150757,0.5360499620437622,-0.129878431558609,0.4240420460700989,0.4558098316192627,-0.03998498246073723,0.4701526463031769,0.40345123410224915,-0.10063011199235916,0.5004252195358276,0.45868486166000366,-0.1466374546289444,0.5118443369865417,0.5127115249633789,-0.1682995855808258,0.38182446360588074,0.4297119379043579,-0.047270212322473526,0.3946886956691742,0.28752797842025757,-0.08418698608875275,0.39647600054740906,0.19212111830711365,-0.11776544153690338,0.3911634683609009,0.10397827625274658,-0.14119155704975128,0.33821043372154236,0.4392770230770111,-0.062256041914224625,0.33412352204322815,0.30501842498779297,-0.09423470497131348,0.3362034857273102,0.21622377634048462,-0.11767254024744034,0.33635568618774414,0.13225620985031128,-0.13189038634300232,0.29464191198349,0.47822725772857666,-0.08170632272958755,0.28623878955841064,0.3742102086544037,-0.10178952664136887,0.28474754095077515,0.3036717176437378,-0.10623494535684586,0.28518790006637573,0.2351066768169403,-0.1080002635717392
0.344351589679718,0.7375686168670654,3.68168912245892e-07,0.41480252146720886,0.7000846862792969,-0.03936354070901871,0.4694071114063263,0.6396934986114502,-0.06843211501836777,0.5075293779373169,0.5924628973007202,-0.09819552302360535,0.526849627494812,0.5395973920822144,-0.12369581311941147,0.4248943626880646,0.4601239860057831,-0.03746264427900314,0.47254467010498047,0.40705475211143494,-0.0979594811797142,0.5033750534057617,0.46318894624710083,-0.14284858107566833,0.5142827033996582,0.5176142454147339,-0.16334983706474304,0.3837240934371948,0.43292325735092163,-0.046547673642635345,0.39846083521842957,0.28940048813819885,-0.08335738629102707,0.4026764929294586,0.1929922103881836,-0.1151093915104866,0.3993263840675354,0.10471227765083313,-0.13666270673274994,0.3406241834163666,0.4420887529850006,-0.06348192691802979,0.335224986076355,0.3067395091056824,-0.09583022445440292,0.3379268944263458,0.21695536375045776,-0.118405282497406,0.3391948342323303,0.1322789192199707,-0.13156986236572266,0.2973443269729614,0.4810855984687805,-0.08471324294805527,0.288451224565506,0.37699562311172485,-0.10498150438070297,0.2870834767818451,0.305907279253006,-0.10897856205701828,0.2879665791988373,0.23685750365257263,-0.1101958230137825
0.3447922468185425,0.7359333038330078,3.794997383010923e-07,0.4164907932281494,0.7003841996192932,-0.03940766304731369,0.4720488488674164,0.6387915015220642,-0.06801737844944,0.5090663433074951,0.590816080570221,-0.09712515771389008,0.5267410278320312,0.536413848400116,-0.12225539982318878,0.42502257227897644,0.4597884714603424,-0.03873381391167641,0.4734789729118347,0.4076405465602875,-0.09849760681390762,0.504571795463562,0.46177205443382263,-0.14288879930973053,0.5164690613746643,0.5133020877838135,-0.1635177731513977,0.3834627568721771,0.4327431321144104,-0.04787716642022133,0.3981034755706787,0.2874811589717865,-0.0847349613904953,0.4020131826400757,0.1914440095424652,-0.11654743552207947,0.39876872301101685,0.10352402925491333,-0.13815656304359436,0.34044966101646423,0.4425181746482849,-0.06461361050605774,0.33515268564224243,0.30644387006759644,-0.0976644977927208,0.3369617462158203,0.2169952094554901,-0.12070466578006744,0.33719509840011597,0.1328873336315155,-0.1341048777103424,0.2978796362876892,0.4820840358734131,-0.08548606932163239,0.2902436852455139,0.37751689553260803,-0.10654547810554504,0.289362370967865,0.3065482974052429,-0.11097472906112671,0.2903040647506714,0.2379714846611023,-0.11249838024377823
0.34500226378440857,0.7374899983406067,3.624516011768719e-07,0.4172903895378113,0.700291633605957,-0.03845416009426117,0.47343870997428894,0.6395300030708313,-0.06711337715387344,0.5097556114196777,0.5931216478347778,-0.09660100936889648,0.5280750393867493,0.5391252040863037,-0.12203069776296616,0.4255775511264801,0.4596799314022064,-0.036456383764743805,0.4740228056907654,0.40718263387680054,-0.09674745053052902,0.5055166482925415,0.46453621983528137,-0.1419256180524826,0.5172249674797058,0.5183014273643494,-0.162743479013443,0.3843933045864105,0.43372082710266113,-0.045970071107149124,0.3978492021560669,0.28910523653030396,-0.08298038691282272,0.4013524055480957,0.19332700967788696,-0.11575718224048615,0.39776185154914856,0.10293561220169067,-0.1381581425666809,0.34187081456184387,0.4441783130168915,-0.06303944438695908,0.3377779722213745,0.30853065848350525,-0.09590562433004379,0.3406091034412384,0.218951016664505,-0.11893123388290405,0.3413245677947998,0.13379910588264465,-0.13221856951713562,0.2994827926158905,0.4830307960510254,-0.08415939658880234,0.2926739454269409,0.3780914545059204,-0.10432345420122147,0.2922004461288452,0.3069925308227539,-0.10788954794406891,0.29328638315200806,0.2384631633758545,-0.10873740911483765
0.34575551748275757,0.7373116612434387,3.696140424835903e-07,0.4180256128311157,0.7010069489479065,-0.03909914195537567,0.473408043384552,0.6406089067459106,-0.0677977055311203,0.5098975300788879,0.5935654044151306,-0.09711954742670059,0.5279646515846252,0.5385165214538574,-0.1224420890212059,0.4275527894496918,0.4606916308403015,-0.03751765191555023,0.4754279553890228,0.40719062089920044,-0.09781324118375778,0.505985677242279,0.4635459780693054,-0.14291760325431824,0.5173970460891724,0.5164170861244202,-0.16364839673042297,0.3859860301017761,0.4338069260120392,-0.046395380049943924,0.39994940161705017,0.28965288400650024,-0.08313944935798645,0.4032873511314392,0.19324228167533875,-0.11543965339660645,0.3996783494949341,0.10318329930305481,-0.13746118545532227,0.3428935408592224,0.44338828325271606,-0.06284952908754349,0.3396596312522888,0.3074590265750885,-0.09515424072742462,0.3430824875831604,0.21858671307563782,-0.11753815412521362,0.3446670472621918,0.1348327100276947,-0.13045278191566467,0.2998100221157074,0.4816896319389343,-0.08344186097383499,0.29388466477394104,0.377089262008667,-0.10323458909988403,0.29442399740219116,0.3064767122268677,-0.10650167614221573,0.29680201411247253,0.23898464441299438,-0.1070934385061264
0.347771018743515,0.7375555038452148,3.5704960055227275e-07,0.4188784062862396,0.7012372016906738,-0.0355522595345974,0.47410914301872253,0.6404797434806824,-0.06303666532039642,0.5103261470794678,0.5961676239967346,-0.09189006686210632,0.5293678045272827,0.5424395799636841,-0.11689776927232742,0.4280208349227905,0.4594345986843109,-0.03475306183099747,0.47800081968307495,0.40674614906311035,-0.09511115401983261,0.5086652636528015,0.46385177969932556,-0.14045077562332153,0.5199611186981201,0.5178664922714233,-0.1613028198480606,0.38689061999320984,0.4329003095626831,-0.04581835865974426,0.4017504155635834,0.2889137864112854,-0.08219544589519501,0.40524059534072876,0.19310954213142395,-0.11401522904634476,0.4017256796360016,0.10398656129837036,-0.1355656087398529,0.343880832195282,0.4436946511268616,-0.06436441838741302,0.3384822905063629,0.3080604076385498,-0.09661033004522324,0.34075865149497986,0.21905732154846191,-0.11851677298545837,0.34199103713035583,0.13468629121780396,-0.13103161752223969,0.3010823726654053,0.4838588535785675,-0.086802177131176,0.2932647168636322,0.37891685962677,-0.1067688837647438,0.29300424456596375,0.3075343370437622,-0.10967883467674255,0.2951740026473999,0.23920227587223053,-0.10991642624139786
0.34681928157806396,0.737746000289917,3.803944537139614e-07,0.4183615446090698,0.7011982202529907,-0.03686242923140526,0.47417116165161133,0.6398609280586243,-0.06504728645086288,0.5096907019615173,0.5939942598342896,-0.09437718242406845,0.5300039052963257,0.5393487811088562,-0.11987472325563431,0.4279613792896271,0.46024274826049805,-0.036405470222234726,0.4790616035461426,0.4039241671562195,-0.09735038876533508,0.5098177194595337,0.4615192711353302,-0.14304640889167786,0.520067036151886,0.5173969268798828,-0.16400164365768433,0.3866373300552368,0.4322405755519867,-0.046657953411340714,0.40394678711891174,0.2880651354789734,-0.08350352942943573,0.4099152386188507,0.19151613116264343,-0.11579570919275284,0.4083932042121887,0.10169976949691772,-0.1377473920583725,0.3434656858444214,0.4428597390651703,-0.06453754752874374,0.3379467725753784,0.30766886472702026,-0.09733454883098602,0.33975785970687866,0.2189936637878418,-0.11988221853971481,0.3409765362739563,0.13538238406181335,-0.1328621804714203,0.30027055740356445,0.4834984540939331,-0.08639970421791077,0.29278770089149475,0.37825292348861694,-0.10695657879114151,0.29221540689468384,0.3067951798439026,-0.11050674319267273,0.29413849115371704,0.2382427453994751,-0.11129164695739746
0.34802693128585815,0.7359800338745117,3.843807121484133e-07,0.41942769289016724,0.7002719640731812,-0.037212613970041275,0.4751618802547455,0.6391791105270386,-0.06529075652360916,0.5118026733398438,0.5937517881393433,-0.09432921558618546,0.5314992070198059,0.5397437810897827,-0.11947044730186462,0.4292324483394623,0.4570806920528412,-0.036503929644823074,0.47901928424835205,0.40431851148605347,-0.09625419974327087,0.5096028447151184,0.46091216802597046,-0.14080362021923065,0.5205335021018982,0.5143020749092102,-0.16125744581222534,0.3877605199813843,0.4305189549922943,-0.046746913343667984,0.404092013835907,0.2849414348602295,-0.0830492451786995,0.4092937111854553,0.1882280707359314,-0.11481957882642746,0.40726277232170105,0.09851312637329102,-0.1364639401435852,0.34453892707824707,0.44107797741889954,-0.06450794637203217,0.33935850858688354,0.30618542432785034,-0.09684587270021439,0.3420042395591736,0.21721920371055603,-0.1192079409956932,0.3436180353164673,0.1335722804069519,-0.13210424780845642,0.3015085458755493,0.48095834255218506,-0.08627559244632721,0.2944291830062866,0.3753237724304199,-0.10636332631111145,0.29448139667510986,0.30429601669311523,-0.10947398096323013,0.29718467593193054,0.23586389422416687,-0.11001599580049515
0.34782108664512634,0.7367441654205322,3.8380454725484014e-07,0.4197333753108978,0.7006190419197083,-0.03746810927987099,0.475307434797287,0.6390054821968079,-0.06514343619346619,0.5114465355873108,0.5927969217300415,-0.093779556453228,0.5303975343704224,0.5373086333274841,-0.11825309693813324,0.4282636046409607,0.45546385645866394,-0.03478669747710228,0.47904250025749207,0.4022398591041565,-0.09436385333538055,0.5104001760482788,0.46054190397262573,-0.13894693553447723,0.5212165713310242,0.5147877931594849,-0.15930792689323425,0.38759279251098633,0.42861998081207275,-0.04460592940449715,0.4050011932849884,0.283221960067749,-0.08046558499336243,0.4101960062980652,0.1870265007019043,-0.11188560724258423,0.40745747089385986,0.09719416499137878,-0.13319043815135956,0.34480053186416626,0.43934744596481323,-0.06215151771903038,0.34079688787460327,0.3043549656867981,-0.0941677838563919,0.3435686528682709,0.21628564596176147,-0.11597331613302231,0.34460124373435974,0.13272827863693237,-0.1283545196056366,0.3016650080680847,0.4796796441078186,-0.08379653096199036,0.29612478613853455,0.3742770850658417,-0.10363838821649551,0.2968239188194275,0.3036082088947296,-0.10642109811306,0.29932862520217896,0.23518483340740204,-0.10660158842802048
0.3466128706932068,0.7387210130691528,3.761550999570318e-07,0.41919490694999695,0.7026827931404114,-0.03755124658346176,0.47571200132369995,0.6416982412338257,-0.06586557626724243,0.5121945142745972,0.5972312688827515,-0.09548936039209366,0.5292800664901733,0.5418672561645508,-0.12115707993507385,0.42814651131629944,0.4591180384159088,-0.03561308607459068,0.4799545109272003,0.4040786623954773,-0.09636145085096359,0.5117358565330505,0.4637693166732788,-0.14244475960731506,0.5222203731536865,0.5207345485687256,-0.1637488156557083,0.38721057772636414,0.4307858645915985,-0.04574675112962723,0.40441110730171204,0.2867322564125061,-0.0821569412946701,0.4102433919906616,0.1901504099369049,-0.11490903794765472,0.4084472060203552,0.09975132346153259,-0.13748309016227722,0.34398066997528076,0.44141554832458496,-0.0636274665594101,0.33856940269470215,0.3068091869354248,-0.09594178199768066,0.34033119678497314,0.2183443307876587,-0.11873925477266312,0.34140878915786743,0.13467639684677124,-0.13202820718288422,0.3007996082305908,0.4819854199886322,-0.08564796298742294,0.29400181770324707,0.37703216075897217,-0.10565927624702454,0.29325324296951294,0.3054317235946655,-0.10901344567537308,0.29502904415130615,0.237030491232872,-0.109799325466156
0.3475947380065918,0.738432765007019,3.906173162704363e-07,0.419574499130249,0.7023512125015259,-0.037906114012002945,0.4752444624900818,0.6412050127983093,-0.06619195640087128,0.5118734836578369,0.5959771871566772,-0.09554821997880936,0.5303267240524292,0.5404913425445557,-0.12081576883792877,0.4278748035430908,0.4579120874404907,-0.03558152914047241,0.48017418384552,0.4057701826095581,-0.0961204245686531,0.5115725994110107,0.465121865272522,-0.14177103340625763,0.5220049619674683,0.5210645794868469,-0.16272248327732086,0.38670897483825684,0.4304017126560211,-0.045641589909791946,0.4043843150138855,0.2858245372772217,-0.08175494521856308,0.4101267158985138,0.18958425521850586,-0.1135844737291336,0.4082080125808716,0.10023480653762817,-0.13521218299865723,0.34344151616096497,0.44122669100761414,-0.06356000900268555,0.3381054699420929,0.3069085478782654,-0.0957697182893753,0.3403230309486389,0.2189127504825592,-0.11787228286266327,0.3417578637599945,0.13563749194145203,-0.13046686351299286,0.3002467751502991,0.4821116030216217,-0.08567293733358383,0.293607234954834,0.37730979919433594,-0.10562213510274887,0.2935657501220703,0.30648359656333923,-0.10848740488290787,0.2959032356739044,0.23861688375473022,-0.10874044895172119
0.3447049856185913,0.7391440868377686,3.6732052421939443e-07,0.4172549247741699,0.7040820121765137,-0.03952746465802193,0.472953736782074,0.6444105505943298,-0.06891515851020813,0.5094429850578308,0.5988650918006897,-0.09897150844335556,0.528678297996521,0.5434503555297852,-0.12488055974245071,0.42869991064071655,0.4597364366054535,-0.03848447650671005,0.4784480631351471,0.4054141342639923,-0.09942599385976791,0.5092151165008545,0.4657796323299408,-0.14510811865329742,0.5193277597427368,0.5219412446022034,-0.1659897416830063,0.3876516819000244,0.4325176477432251,-0.04742135480046272,0.4041982889175415,0.2873179614543915,-0.08383161574602127,0.40904858708381653,0.19113191962242126,-0.11606752872467041,0.40643197298049927,0.10073167085647583,-0.13825398683547974,0.3443854749202728,0.44274476170539856,-0.0640556812286377,0.3409225344657898,0.30736273527145386,-0.09599082171916962,0.34444865584373474,0.21876373887062073,-0.11833561956882477,0.3465498685836792,0.13469168543815613,-0.13136695325374603,0.3005405068397522,0.4822608232498169,-0.08492135256528854,0.2941383719444275,0.37688544392585754,-0.10425965487957001,0.29422634840011597,0.30638349056243896,-0.10709819197654724,0.29648828506469727,0.23874667286872864,-0.10751928389072418
0.3444732129573822,0.737170934677124,3.863195843223366e-07,0.41759470105171204,0.7012298107147217,-0.03876069188117981,0.4732009768486023,0.6425561904907227,-0.06808969378471375,0.5094726085662842,0.5977319478988647,-0.09825142472982407,0.5289010405540466,0.5428390502929688,-0.12450214475393295,0.4274449646472931,0.45792102813720703,-0.03793629631400108,0.47778040170669556,0.40626728534698486,-0.0985352173447609,0.5082393288612366,0.4655027389526367,-0.144159734249115,0.518373966217041,0.5200778245925903,-0.16530786454677582,0.3861837685108185,0.4309455156326294,-0.04746777564287186,0.40299391746520996,0.28627538681030273,-0.08436179161071777,0.407805472612381,0.18929985165596008,-0.11712562292814255,0.4050658941268921,0.0983181893825531,-0.13965784013271332,0.34254491329193115,0.44119974970817566,-0.06452450156211853,0.3409101963043213,0.3047335147857666,-0.09716840088367462,0.34560146927833557,0.21616995334625244,-0.11984363198280334,0.3483392596244812,0.1326027512550354,-0.13299325108528137,0.29833632707595825,0.4805130958557129,-0.08564230799674988,0.29323655366897583,0.37526893615722656,-0.10572239756584167,0.2948229908943176,0.30448174476623535,-0.10886551439762115,0.2987338602542877,0.2367745190858841,-0.10942511260509491
0.3434619903564453,0.7374405264854431,3.8544382618965756e-07,0.417344868183136,0.701194167137146,-0.03859790414571762,0.47229233384132385,0.6415406465530396,-0.06779102236032486,0.5081892013549805,0.594360888004303,-0.09778125584125519,0.5286156535148621,0.5387550592422485,-0.1239263191819191,0.4263739585876465,0.45628681778907776,-0.0373181477189064,0.47653868794441223,0.4033278822898865,-0.09799259901046753,0.5070017576217651,0.45971810817718506,-0.14391018450260162,0.5183064937591553,0.5129236578941345,-0.16546481847763062,0.3846515715122223,0.42929714918136597,-0.0468420647084713,0.40063074231147766,0.2844240665435791,-0.08378807455301285,0.40514832735061646,0.1874505579471588,-0.1164562925696373,0.4028388261795044,0.09721475839614868,-0.13883985579013824,0.3407164514064789,0.43976539373397827,-0.06394226849079132,0.33907759189605713,0.3014524281024933,-0.09697496891021729,0.3436685800552368,0.21192097663879395,-0.11996576189994812,0.34644898772239685,0.12729355692863464,-0.13333550095558167,0.2966940999031067,0.48047682642936707,-0.08502092957496643,0.29100948572158813,0.3761182725429535,-0.1060260757803917,0.2924191951751709,0.3050832152366638,-0.10996769368648529,0.29586201906204224,0.23689506947994232,-0.1109660267829895
0.34298864006996155,0.7382371425628662,3.6819935189669195e-07,0.41661587357521057,0.7002325654029846,-0.03361742943525314,0.4718790054321289,0.6392210721969604,-0.06055304780602455,0.5075598359107971,0.5921354293823242,-0.08912898600101471,0.5292510986328125,0.5379358530044556,-0.11426883190870285,0.4258256256580353,0.4549262225627899,-0.03322995826601982,0.47685515880584717,0.39707499742507935,-0.09247303009033203,0.507853627204895,0.44962701201438904,-0.1375558227300644,0.5198116898536682,0.5022033452987671,-0.15867163240909576,0.3827216625213623,0.42659705877304077,-0.04489731043577194,0.39799371361732483,0.27944907546043396,-0.08078403770923615,0.40290626883506775,0.18376651406288147,-0.1124199852347374,0.4011177718639374,0.0968715250492096,-0.13390293717384338,0.33781635761260986,0.43678018450737,-0.06380695104598999,0.3342190384864807,0.2973165810108185,-0.09574611485004425,0.33871421217918396,0.20690765976905823,-0.11833261698484421,0.3422132432460785,0.12290021777153015,-0.13153903186321259,0.2933487296104431,0.4779406785964966,-0.08630801737308502,0.283740758895874,0.37172242999076843,-0.10684383660554886,0.28313103318214417,0.29965996742248535,-0.11075031757354736,0.28541386127471924,0.23133757710456848,-0.11172320693731308
0.3411601781845093,0.7399477958679199,3.884082104832487e-07,0.4174073040485382,0.7031897306442261,-0.029864046722650528,0.47058573365211487,0.6382839679718018,-0.05522396042943001,0.5074667930603027,0.5859526991844177,-0.08281078934669495,0.5402665734291077,0.5365966558456421,-0.10818976163864136,0.4273344576358795,0.44967588782310486,-0.0328776091337204,0.47521913051605225,0.3714679479598999,-0.09065104275941849,0.5067392587661743,0.4087769091129303,-0.1353096216917038,0.5212221145629883,0.45799508690834045,-0.15722568333148956,0.38132888078689575,0.4201735854148865,-0.04533744230866432,0.3958917558193207,0.27023404836654663,-0.08057284355163574,0.40201103687286377,0.1753547191619873,-0.11246935278177261,0.40225720405578613,0.09139975905418396,-0.134847491979599,0.33431166410446167,0.4314347505569458,-0.0644049271941185,0.3262102007865906,0.2927435636520386,-0.09556221961975098,0.3269864618778229,0.2028355896472931,-0.11866889148950577,0.32889091968536377,0.1200246512889862,-0.13331963121891022,0.28747791051864624,0.47424769401550293,-0.0866752415895462,0.27460330724716187,0.36746227741241455,-0.10774192959070206,0.2724941372871399,0.29601454734802246,-0.11330979317426682,0.27497994899749756,0.22719477117061615,-0.11616888642311096
0.34112587571144104,0.7366821765899658,4.1488723923066573e-07,0.41760191321372986,0.702973484992981,-0.02781945839524269,0.4703442454338074,0.6342507600784302,-0.05064244195818901,0.5100184679031372,0.5788581967353821,-0.07594802975654602,0.5473595857620239,0.5346015691757202,-0.10046545416116714,0.42873895168304443,0.4503188133239746,-0.03250235319137573,0.4683275520801544,0.362731009721756,-0.08379263430833817,0.49916741251945496,0.37212443351745605,-0.1241736114025116,0.5178677439689636,0.4024985730648041,-0.14567986130714417,0.38075438141822815,0.4186043441295624,-0.04548591747879982,0.39393773674964905,0.26636362075805664,-0.07769843935966492,0.40032482147216797,0.1702098250389099,-0.10699961334466934,0.4017692506313324,0.09167659282684326,-0.12831079959869385,0.332396537065506,0.42777296900749207,-0.06431140005588531,0.32213252782821655,0.2885478138923645,-0.09309859573841095,0.322373628616333,0.1980971395969391,-0.11543326079845428,0.32516369223594666,0.11800205707550049,-0.13073797523975372,0.2838645577430725,0.4682809114456177,-0.08627328276634216,0.2696276605129242,0.3623531460762024,-0.10734015703201294,0.26716357469558716,0.29108351469039917,-0.1141248494386673,0.270722895860672,0.2231983095407486,-0.11866270005702972
0.3389132618904114,0.7337994575500488,4.5931651015962416e-07,0.4174148142337799,0.7006770372390747,-0.026225309818983078,0.4732276499271393,0.626910924911499,-0.045972682535648346,0.5156051516532898,0.5720030069351196,-0.06846149265766144,0.5555616617202759,0.5350671410560608,-0.09097320586442947,0.4279354512691498,0.4426487684249878,-0.027054710313677788,0.46197709441185,0.3544112741947174,-0.0727366954088211,0.4954032003879547,0.35017871856689453,-0.11039333045482635,0.5230970978736877,0.3659963309764862,-0.13232892751693726,0.3770037591457367,0.4129031002521515,-0.04012107104063034,0.38699084520339966,0.26372870802879333,-0.07049354910850525,0.3939783275127411,0.16737639904022217,-0.0991683378815651,0.39868268370628357,0.08837294578552246,-0.1205831840634346,0.327077716588974,0.4233382046222687,-0.05878787487745285,0.3171173632144928,0.2855469584465027,-0.08660382777452469,0.3192194402217865,0.19556975364685059,-0.10951988399028778,0.3248455226421356,0.11616560816764832,-0.12573391199111938,0.27675458788871765,0.4655178487300873,-0.0805673748254776,0.259604811668396,0.36311569809913635,-0.10260800272226334,0.25422006845474243,0.29093095660209656,-0.11153935641050339,0.2555196285247803,0.2223358154296875,-0.11788252741098404
0.3384665250778198,0.7352275252342224,4.2101339658984216e-07,0.41458314657211304,0.7022255063056946,-0.028982708230614662,0.46997934579849243,0.6313022375106812,-0.051115501672029495,0.5117519497871399,0.5763800144195557,-0.07582514733076096,0.5473083257675171,0.5351736545562744,-0.09961022436618805,0.4302538335323334,0.4423656165599823,-0.028499288484454155,0.4644922912120819,0.3504396080970764,-0.07745066285133362,0.49591368436813354,0.3548721969127655,-0.11722394824028015,0.5177640318870544,0.3845656216144562,-0.13889279961585999,0.3811221718788147,0.4114965498447418,-0.040263209491968155,0.3913918733596802,0.2613303065299988,-0.07054430991411209,0.39681288599967957,0.1657550036907196,-0.09983022511005402,0.3987017869949341,0.08967417478561401,-0.12166161090135574,0.33199238777160645,0.42070454359054565,-0.0583011619746685,0.32268282771110535,0.2824031114578247,-0.08543623983860016,0.3233875632286072,0.19207942485809326,-0.10857649147510529,0.326456218957901,0.11463496088981628,-0.12496696412563324,0.2821752727031708,0.46129482984542847,-0.07984264940023422,0.2692486047744751,0.35549110174179077,-0.10086797922849655,0.2650260627269745,0.2822701930999756,-0.1095501184463501,0.26625505089759827,0.21253956854343414,-0.11568228155374527
0.3362339437007904,0.7388916015625,3.6548365756061685e-07,0.41361379623413086,0.703504741191864,-0.028888538479804993,0.4678639769554138,0.6331237554550171,-0.051644060760736465,0.5081148147583008,0.5785095691680908,-0.07723069190979004,0.5452081561088562,0.5345839262008667,-0.10126497596502304,0.4287532567977905,0.44226858019828796,-0.027573956176638603,0.4668750762939453,0.3466237485408783,-0.08042211830615997,0.4966393709182739,0.36380288004875183,-0.12291035801172256,0.5134097337722778,0.4054473340511322,-0.14489562809467316,0.37996193766593933,0.4115122854709625,-0.03951720893383026,0.3922007977962494,0.26115450263023376,-0.07073590159416199,0.398154079914093,0.16703179478645325,-0.10122483223676682,0.40018659830093384,0.09054157137870789,-0.1236807182431221,0.3310779333114624,0.42095059156417847,-0.058205876499414444,0.3246057331562042,0.2819885313510895,-0.08578620105981827,0.3269347548484802,0.19269105792045593,-0.10890179872512817,0.3316347002983093,0.11420324444770813,-0.12503106892108917,0.28191009163856506,0.4615052044391632,-0.0804026797413826,0.27011749148368835,0.3557969331741333,-0.10069472342729568,0.26787978410720825,0.28376173973083496,-0.10816767066717148,0.2712196111679077,0.21502472460269928,-0.11319480091333389
0.326631098985672,0.7638993859291077,4.506600248532777e-07,0.4052419364452362,0.7351052761077881,-0.028391260653734207,0.4642464220523834,0.6612906455993652,-0.04898194596171379,0.5072267651557922,0.6064260005950928,-0.07203787565231323,0.5482431650161743,0.5770742297172546,-0.0950169563293457,0.42014646530151367,0.46787482500076294,-0.029282696545124054,0.4543199837207794,0.3883541524410248,-0.07365413755178452,0.48787176609039307,0.3864252269268036,-0.110780730843544,0.5136080384254456,0.39857974648475647,-0.13330644369125366,0.37084779143333435,0.43403416872024536,-0.04294390231370926,0.3840743601322174,0.2789645791053772,-0.07360689342021942,0.3921504616737366,0.1777779757976532,-0.10235848277807236,0.39648744463920593,0.09345871210098267,-0.12368588149547577,0.32080522179603577,0.4407508373260498,-0.062151506543159485,0.31326109170913696,0.29373472929000854,-0.09168937802314758,0.31565266847610474,0.1988958716392517,-0.11578134447336197,0.3203185200691223,0.11491072177886963,-0.13240836560726166,0.26886987686157227,0.4812462031841278,-0.08455970138311386,0.25592857599258423,0.37150630354881287,-0.10777206718921661,0.25361812114715576,0.2968764007091522,-0.11676190793514252,0.2571660280227661,0.22502051293849945,-0.12325192987918854
0.3163731098175049,0.7936261892318726,2.950757789221825e-07,0.39580726623535156,0.755626916885376,-0.02840360812842846,0.4506760835647583,0.6824607849121094,-0.04990784823894501,0.48933207988739014,0.625831127166748,-0.07472292333841324,0.5294475555419922,0.5906007289886475,-0.09702607989311218,0.4107649028301239,0.4912724196910858,-0.01867695339024067,0.4585264325141907,0.41676297783851624,-0.0743550956249237,0.4869040846824646,0.4649811387062073,-0.12005183100700378,0.49719473719596863,0.5182810425758362,-0.1428295224905014,0.36483678221702576,0.463749498128891,-0.031500522047281265,0.3860877752304077,0.3155229091644287,-0.0628494843840599,0.3949713706970215,0.22326913475990295,-0.09373448044061661,0.39766183495521545,0.13698792457580566,-0.11615806072950363,0.31668612360954285,0.47343599796295166,-0.05220668017864227,0.32148391008377075,0.3313021957874298,-0.08151085674762726,0.32787904143333435,0.2382921278476715,-0.10518702119588852,0.33259278535842896,0.14937999844551086,-0.12036631256341934,0.26599863171577454,0.5134384036064148,-0.07641948759555817,0.26336798071861267,0.40258145332336426,-0.09495338797569275,0.26626056432724,0.33040687441825867,-0.09949196130037308,0.2709828019142151,0.2594284117221832,-0.10226213932037354
0.31152334809303284,0.7825520038604736,3.4860039477280225e-07,0.3819286525249481,0.7443488836288452,-0.04386872798204422,0.42938366532325745,0.6758404970169067,-0.07485419511795044,0.45865416526794434,0.6225336194038391,-0.1063135415315628,0.4868103265762329,0.5714449882507324,-0.13360905647277832,0.39436689019203186,0.4804873764514923,-0.0343770757317543,0.4336634874343872,0.41590508818626404,-0.09825950860977173,0.4579169452190399,0.4798186719417572,-0.1484101563692093,0.4641851782798767,0.5397654175758362,-0.17265810072422028,0.3485015332698822,0.4532473087310791,-0.04152907431125641,0.3634936511516571,0.3113386631011963,-0.07986358553171158,0.36993125081062317,0.21868214011192322,-0.11429008096456528,0.37215346097946167,0.1255417764186859,-0.13850076496601105,0.30098485946655273,0.4647446870803833,-0.05795750394463539,0.305734246969223,0.32484233379364014,-0.09284985810518265,0.3119646906852722,0.23195719718933105,-0.11725245416164398,0.3178752362728119,0.1409122347831726,-0.13177590072155,0.25203898549079895,0.5052939653396606,-0.07899937778711319,0.250118225812912,0.39409878849983215,-0.10034811496734619,0.25371575355529785,0.31881046295166016,-0.10544107854366302,0.2610641121864319,0.24337691068649292,-0.10796993970870972
0.317224383354187,0.7784454822540283,4.08687895969706e-07,0.386542946100235,0.7451900839805603,-0.0537443645298481,0.43357378244400024,0.6816365122795105,-0.09115975350141525,0.4625876843929291,0.6318982839584351,-0.12740741670131683,0.48496633768081665,0.5726121664047241,-0.15911883115768433,0.39511406421661377,0.47227516770362854,-0.04813265800476074,0.43506723642349243,0.41741934418678284,-0.11668739467859268,0.4616829454898834,0.4830574691295624,-0.1697930544614792,0.46965423226356506,0.5420427322387695,-0.19576801359653473,0.348745733499527,0.44435542821884155,-0.05221379175782204,0.35812944173812866,0.2981249988079071,-0.09557951986789703,0.3622301518917084,0.19935977458953857,-0.1330942064523697,0.36274293065071106,0.09990662336349487,-0.1593538522720337,0.3008301556110382,0.45763102173805237,-0.065770722925663,0.3004841208457947,0.31402841210365295,-0.10461300611495972,0.30427873134613037,0.21765923500061035,-0.1312699168920517,0.3079296946525574,0.12190648913383484,-0.14702586829662323,0.25281935930252075,0.5009961128234863,-0.08454599231481552,0.2476479709148407,0.38748395442962646,-0.10832209140062332,0.2493850737810135,0.3105270564556122,-0.11440543830394745,0.25554218888282776,0.23191341757774353,-0.117585189640522
0.3381640613079071,0.8021204471588135,3.855496970572858e-07,0.41195550560951233,0.7681143283843994,-0.05108268931508064,0.46250995993614197,0.7042211890220642,-0.0886273980140686,0.4935173988342285,0.6566231846809387,-0.12592977285385132,0.5218461155891418,0.6073014736175537,-0.15833085775375366,0.427282452583313,0.49042513966560364,-0.046817731112241745,0.4711081087589264,0.43918484449386597,-0.11888871341943741,0.4978921711444855,0.515823245048523,-0.17432022094726562,0.5042839050292969,0.5806263089179993,-0.2008391171693802,0.37823307514190674,0.46260568499565125,-0.054203324019908905,0.39007875323295593,0.3068816065788269,-0.09926891326904297,0.3918288052082062,0.202188640832901,-0.1374143809080124,0.3882904648780823,0.09633004665374756,-0.16354414820671082,0.32742711901664734,0.4768471121788025,-0.07110351324081421,0.3269616663455963,0.33066701889038086,-0.1104951947927475,0.33024299144744873,0.2323794960975647,-0.1363745927810669,0.33204585313796997,0.1342836618423462,-0.15104807913303375,0.27615901827812195,0.5221664905548096,-0.09323962032794952,0.27124568819999695,0.4052252471446991,-0.11604556441307068,0.2713695168495178,0.32677969336509705,-0.11970071494579315,0.27476024627685547,0.24684038758277893,-0.12084842473268509
0.3481283485889435,0.802669882774353,3.796564271851821e-07,0.4212574064731598,0.7652206420898438,-0.04678467661142349,0.47246500849723816,0.697569727897644,-0.08277682214975357,0.5070861577987671,0.6506574153900146,-0.11969904601573944,0.538701057434082,0.6037259697914124,-0.1517408788204193,0.4378255605697632,0.4838823676109314,-0.04080241546034813,0.48477035760879517,0.4306526780128479,-0.11352425068616867,0.5101481676101685,0.511067807674408,-0.17001460492610931,0.5147705078125,0.579314112663269,-0.19685544073581696,0.3890775740146637,0.4556918144226074,-0.050980232656002045,0.4039020836353302,0.2969469726085663,-0.0955510139465332,0.40599188208580017,0.18943357467651367,-0.13339868187904358,0.40213000774383545,0.08197355270385742,-0.15886303782463074,0.3379444479942322,0.4703499674797058,-0.07092947512865067,0.33676186203956604,0.3220731019973755,-0.10989685356616974,0.3406139016151428,0.22243568301200867,-0.1356639564037323,0.343601256608963,0.12321069836616516,-0.14998525381088257,0.2862662672996521,0.5174610614776611,-0.0959324836730957,0.2804489731788635,0.3999200165271759,-0.11789432168006897,0.2802795171737671,0.3208150863647461,-0.12056723237037659,0.2834340035915375,0.24088749289512634,-0.12086795270442963
0.3519878089427948,0.7957951426506042,3.703367497109866e-07,0.4245908856391907,0.7578574419021606,-0.04732048138976097,0.4768630266189575,0.688779890537262,-0.08354955166578293,0.5090271234512329,0.6401028633117676,-0.1207125335931778,0.5377724170684814,0.5930323600769043,-0.15340660512447357,0.44230732321739197,0.4777957499027252,-0.04291745275259018,0.4868611693382263,0.42156505584716797,-0.1161675825715065,0.5125088691711426,0.5002769231796265,-0.17340712249279022,0.5180912613868713,0.5692167282104492,-0.200862854719162,0.39269450306892395,0.4493167996406555,-0.05297756567597389,0.4056912362575531,0.2884957790374756,-0.09792124480009079,0.40727320313453674,0.1808045506477356,-0.13731777667999268,0.403655081987381,0.0731692910194397,-0.1643974781036377,0.3409033715724945,0.4641335904598236,-0.07258597761392593,0.338827520608902,0.31366923451423645,-0.11137659102678299,0.3433070480823517,0.21449512243270874,-0.13845294713974,0.34693047404289246,0.11676433682441711,-0.1541772484779358,0.28790536522865295,0.5110015273094177,-0.09728395938873291,0.2817869186401367,0.39173150062561035,-0.11898617446422577,0.2816167175769806,0.3124987483024597,-0.12253140658140182,0.28471484780311584,0.23292109370231628,-0.12393757700920105
0.34788790345191956,0.799254834651947,3.4258533787578926e-07,0.4196571707725525,0.761786699295044,-0.048039622604846954,0.4707712233066559,0.6904836297035217,-0.08336540311574936,0.5029993057250977,0.6413236856460571,-0.1196436882019043,0.5303224921226501,0.5966053009033203,-0.1512610763311386,0.4379385709762573,0.4821643829345703,-0.041173797100782394,0.4807051420211792,0.42882513999938965,-0.11468151211738586,0.507454514503479,0.5083625316619873,-0.17203180491924286,0.514426589012146,0.5776106119155884,-0.1992911994457245,0.3896007835865021,0.4556410312652588,-0.05128652974963188,0.4031933844089508,0.29449015855789185,-0.09541907161474228,0.4027862250804901,0.1880272626876831,-0.13347642123699188,0.39767423272132874,0.08341115713119507,-0.15938124060630798,0.3384913206100464,0.4705356955528259,-0.07155079394578934,0.33637160062789917,0.3211740255355835,-0.10979238897562027,0.3385593593120575,0.221625417470932,-0.13677005469799042,0.33985909819602966,0.12387487292289734,-0.15225644409656525,0.2860546410083771,0.5174744725227356,-0.0972280502319336,0.27998384833335876,0.3979535698890686,-0.1186152994632721,0.27841848134994507,0.31841474771499634,-0.1224203035235405,0.27961185574531555,0.23809179663658142,-0.12400522828102112
0.34690386056900024,0.8032718896865845,3.8494911791531194e-07,0.4164905548095703,0.7619361877441406,-0.04690137505531311,0.4633265733718872,0.6910348534584045,-0.08303689956665039,0.4931660294532776,0.6405808329582214,-0.11988107115030289,0.5247110724449158,0.5933700799942017,-0.1523156315088272,0.4259068965911865,0.4854886829853058,-0.044468317180871964,0.47052016854286194,0.43272823095321655,-0.11592995375394821,0.49887847900390625,0.5082123875617981,-0.1704617291688919,0.5071032643318176,0.5717618465423584,-0.19641268253326416,0.3790374994277954,0.46256664395332336,-0.0546664223074913,0.39163610339164734,0.30501818656921387,-0.09949828684329987,0.3909882605075836,0.19828474521636963,-0.1371004432439804,0.38359004259109497,0.09199932217597961,-0.16258685290813446,0.32994750142097473,0.47996193170547485,-0.07411539554595947,0.32737186551094055,0.3297984004020691,-0.11340539157390594,0.3288080394268036,0.23074311017990112,-0.13894106447696686,0.32836008071899414,0.13195839524269104,-0.15317752957344055,0.27910497784614563,0.528232216835022,-0.09845466166734695,0.27168047428131104,0.40854814648628235,-0.12119614332914352,0.26980775594711304,0.3283352851867676,-0.12450767308473587,0.2706834077835083,0.24727997183799744,-0.12530454993247986
0.3459063172340393,0.7965980768203735,3.856739283492061e-07,0.4149249196052551,0.7557435035705566,-0.04774972423911095,0.46037009358406067,0.6809273958206177,-0.08323473483324051,0.4887688457965851,0.6262268424034119,-0.11908966302871704,0.5204411149024963,0.5808950662612915,-0.15056496858596802,0.42341887950897217,0.4786084294319153,-0.04443340376019478,0.4678289294242859,0.42018601298332214,-0.11525055766105652,0.49739524722099304,0.4891093075275421,-0.1690433770418167,0.507190465927124,0.5500751733779907,-0.19464239478111267,0.3778441250324249,0.457092821598053,-0.05391765758395195,0.3906711935997009,0.2975051999092102,-0.09821829199790955,0.38981369137763977,0.19227346777915955,-0.13478931784629822,0.3831510543823242,0.08991959691047668,-0.15951812267303467,0.3301757276058197,0.47393354773521423,-0.07289436459541321,0.32838132977485657,0.32291465997695923,-0.11191259324550629,0.3289727568626404,0.22315990924835205,-0.13782353699207306,0.3276544213294983,0.12535881996154785,-0.15245404839515686,0.2808540463447571,0.5207138657569885,-0.09687840193510056,0.2732008695602417,0.4013727009296417,-0.11974208801984787,0.2717108726501465,0.3222196698188782,-0.12410613149404526,0.2736198902130127,0.2412162721157074,-0.12588289380073547
0.3447752594947815,0.7586720585823059,3.787146738432057e-07,0.4131699502468109,0.7147277593612671,-0.049682337790727615,0.4579656720161438,0.6475108861923218,-0.0849217027425766,0.48706352710723877,0.5953952074050903,-0.11985420435667038,0.5097053050994873,0.5377457737922668,-0.15069334208965302,0.41630834341049194,0.45386916399002075,-0.043957825750112534,0.4585990011692047,0.3989146053791046,-0.11002043634653091,0.4884682893753052,0.4584487974643707,-0.161482036113739,0.5004304051399231,0.5142850875854492,-0.1869175285100937,0.3730689287185669,0.43104153871536255,-0.05022434517741203,0.3835899531841278,0.28447484970092773,-0.09132502228021622,0.38246554136276245,0.1855592131614685,-0.12752869725227356,0.37622812390327454,0.09169730544090271,-0.1530849188566208,0.32765278220176697,0.4457120895385742,-0.06582212448120117,0.32470953464508057,0.3042084872722626,-0.10231400281190872,0.32451528310775757,0.2113189995288849,-0.12828059494495392,0.32277074456214905,0.12167009711265564,-0.14403145015239716,0.2810899317264557,0.49012669920921326,-0.08660861849784851,0.27357929944992065,0.3800458014011383,-0.1096741184592247,0.27093225717544556,0.3052649199962616,-0.1160900741815567,0.27037158608436584,0.2307090014219284,-0.11973613500595093
0.3425028920173645,0.7460877895355225,3.8231402754718147e-07,0.40921756625175476,0.7052329778671265,-0.04662023112177849,0.45503944158554077,0.6409324407577515,-0.0807533785700798,0.4846004843711853,0.5906173586845398,-0.11493215709924698,0.5056906938552856,0.5339519381523132,-0.1454095095396042,0.41156449913978577,0.452378511428833,-0.04158107563853264,0.4513954818248749,0.4002458453178406,-0.10707083344459534,0.4794743061065674,0.4604029357433319,-0.15861216187477112,0.48997923731803894,0.516512930393219,-0.18405254185199738,0.36809828877449036,0.4285896420478821,-0.04864254221320152,0.37605881690979004,0.28456783294677734,-0.08957472443580627,0.37523066997528076,0.18648862838745117,-0.1257471740245819,0.36967989802360535,0.09036222100257874,-0.15111882984638214,0.3231949210166931,0.4433334469795227,-0.06457050144672394,0.3191169500350952,0.3047545552253723,-0.1010357066988945,0.31902459263801575,0.21334481239318848,-0.12653671205043793,0.31791508197784424,0.12392541766166687,-0.1416604369878769,0.27759209275245667,0.48730745911598206,-0.0852508693933487,0.2692580223083496,0.3788873553276062,-0.10761213302612305,0.26633787155151367,0.30500102043151855,-0.11301502585411072,0.26619377732276917,0.23071005940437317,-0.11582321673631668
0.3372745215892792,0.7320154905319214,3.297493265108642e-07,0.4022310674190521,0.6895678639411926,-0.0425049252808094,0.446895956993103,0.6258419752120972,-0.07398727536201477,0.4777226448059082,0.5763030648231506,-0.10603701323270798,0.49505946040153503,0.5204607844352722,-0.13465166091918945,0.4002380073070526,0.44578981399536133,-0.03748087212443352,0.4397684931755066,0.3919989764690399,-0.09990967065095901,0.46854621171951294,0.44972866773605347,-0.1495501846075058,0.4795111119747162,0.5038226842880249,-0.1738816201686859,0.3582397699356079,0.4241212010383606,-0.045105598866939545,0.3644459545612335,0.28536999225616455,-0.08321871608495712,0.36168214678764343,0.19133126735687256,-0.11842292547225952,0.3539845943450928,0.09910845756530762,-0.1433873176574707,0.31578296422958374,0.4388752281665802,-0.06096399575471878,0.311246395111084,0.3043403625488281,-0.09411453455686569,0.31075990200042725,0.21527966856956482,-0.11820659786462784,0.30903205275535583,0.128580242395401,-0.1328403651714325,0.27319595217704773,0.48164498805999756,-0.08134590834379196,0.26511678099632263,0.37620043754577637,-0.1009187400341034,0.2622348368167877,0.30482786893844604,-0.10504667460918427,0.2617434859275818,0.23463615775108337,-0.10711304098367691
0.33888769149780273,0.7247447967529297,3.466896316695056e-07,0.4025975167751312,0.6840639114379883,-0.04256017133593559,0.44426676630973816,0.6213564872741699,-0.07365061342716217,0.4710875451564789,0.5724331736564636,-0.10502275079488754,0.49103936553001404,0.5174614787101746,-0.1328498125076294,0.40059101581573486,0.4401439130306244,-0.03651684895157814,0.43670305609703064,0.3832923173904419,-0.09712562710046768,0.46519315242767334,0.4383944571018219,-0.14535820484161377,0.4763793349266052,0.49023178219795227,-0.16913089156150818,0.3584915101528168,0.4188128709793091,-0.043034590780735016,0.3626449406147003,0.281436562538147,-0.08056241273880005,0.36001870036125183,0.1890469491481781,-0.11477264016866684,0.35269784927368164,0.09725269675254822,-0.1389285922050476,0.31616032123565674,0.4344478249549866,-0.05768774822354317,0.31145936250686646,0.30261021852493286,-0.09080126881599426,0.31021562218666077,0.21477846801280975,-0.11423696577548981,0.307502418756485,0.12932732701301575,-0.1281551569700241,0.27356964349746704,0.47712865471839905,-0.07673794776201248,0.2655060887336731,0.3726794719696045,-0.09675895422697067,0.2620890140533447,0.3017985224723816,-0.10094775259494781,0.2610688805580139,0.23104293644428253,-0.10278350859880447
0.33657750487327576,0.7105457782745361,3.548868789948756e-07,0.40094369649887085,0.6665936708450317,-0.04213275387883186,0.44436222314834595,0.598933219909668,-0.07084440439939499,0.47053638100624084,0.5456804037094116,-0.09961465746164322,0.4820437431335449,0.4897196888923645,-0.1246139407157898,0.39907556772232056,0.4252583384513855,-0.03437455743551254,0.4301663935184479,0.365969181060791,-0.09164374321699142,0.4574873447418213,0.41639021039009094,-0.1364271193742752,0.4692896902561188,0.46615666151046753,-0.15815891325473785,0.35587963461875916,0.40522998571395874,-0.039969880133867264,0.35891851782798767,0.27099382877349854,-0.07581479102373123,0.35607683658599854,0.1803717017173767,-0.10891446471214294,0.3492341637611389,0.09179115295410156,-0.1323220133781433,0.31339365243911743,0.4203149080276489,-0.053592123091220856,0.3084873855113983,0.29061806201934814,-0.08527334034442902,0.30782589316368103,0.20478740334510803,-0.10821550339460373,0.3060340881347656,0.12321287393569946,-0.1220635324716568,0.27094897627830505,0.4615894556045532,-0.07163438946008682,0.26399460434913635,0.35983940958976746,-0.09117613732814789,0.26116418838500977,0.2913694679737091,-0.09600219130516052,0.2607717514038086,0.22407545149326324,-0.09836970269680023
0.335622638463974,0.7089583873748779,3.53495153149197e-07,0.4005948007106781,0.6664609909057617,-0.044596124440431595,0.4439988434314728,0.6045728921890259,-0.0753864049911499,0.47172287106513977,0.5537598729133606,-0.1060100570321083,0.4894910156726837,0.49583354592323303,-0.13291917741298676,0.4021071195602417,0.42900776863098145,-0.03483079373836517,0.43624070286750793,0.3698161244392395,-0.09408579021692276,0.46239954233169556,0.4219006896018982,-0.14188708364963531,0.4726927578449249,0.4730755686759949,-0.16551072895526886,0.3600921034812927,0.4065927565097809,-0.039077453315258026,0.3651120364665985,0.27324724197387695,-0.07563062757253647,0.36385825276374817,0.18281114101409912,-0.10997651517391205,0.35850805044174194,0.09424307942390442,-0.134313702583313,0.3178650438785553,0.4203532934188843,-0.0517817921936512,0.31441834568977356,0.2935065031051636,-0.08379314839839935,0.3141689896583557,0.20789749920368195,-0.10726811736822128,0.3132399320602417,0.1256309151649475,-0.12148658186197281,0.27543389797210693,0.46052777767181396,-0.06917711347341537,0.2691369652748108,0.36107778549194336,-0.08847425878047943,0.26663661003112793,0.29340916872024536,-0.093083955347538,0.2665368914604187,0.22661180794239044,-0.0953977182507515
0.3370761275291443,0.7119008898735046,3.494050986319053e-07,0.4022000730037689,0.6690772175788879,-0.04258118197321892,0.4465912878513336,0.6075469255447388,-0.07231216132640839,0.47553396224975586,0.5577911734580994,-0.10226621478796005,0.4938305616378784,0.5026538968086243,-0.12855763733386993,0.40371817350387573,0.43473905324935913,-0.03240637481212616,0.4391261637210846,0.3765978217124939,-0.09133973717689514,0.46531346440315247,0.42799460887908936,-0.13878855109214783,0.47540760040283203,0.47914597392082214,-0.16201631724834442,0.3619980812072754,0.41202664375305176,-0.0378900021314621,0.3683542013168335,0.27841508388519287,-0.07381229102611542,0.36737948656082153,0.1878553032875061,-0.10754840821027756,0.36216315627098083,0.0998193621635437,-0.131208598613739,0.32021409273147583,0.4245752990245819,-0.05181730538606644,0.3171791434288025,0.2976115942001343,-0.0833778902888298,0.3169984221458435,0.21199508011341095,-0.10640586167573929,0.31614068150520325,0.13008520007133484,-0.12012332677841187,0.27815672755241394,0.46381935477256775,-0.07034647464752197,0.2714633643627167,0.36408525705337524,-0.08931136131286621,0.2694016993045807,0.29623648524284363,-0.09347806870937347,0.2698526978492737,0.2294626384973526,-0.09529143571853638
0.4324651062488556,0.6956239938735962,2.5371937795171107e-07,0.4875779151916504,0.6524174809455872,-0.029584238305687904,0.5266129374504089,0.5901980996131897,-0.040986981242895126,0.5370456576347351,0.5183825492858887,-0.05249666050076485,0.5175902247428894,0.4615342319011688,-0.06137143075466156,0.48668965697288513,0.4884800910949707,0.005635861773043871,0.49432870745658875,0.414772093296051,-0.019567975774407387,0.49845245480537415,0.4192509055137634,-0.042566001415252686,0.5016216039657593,0.44044190645217896,-0.053613580763339996,0.45756852626800537,0.47764086723327637,0.008320653811097145,0.4622441232204437,0.38554704189300537,-0.0023633239325135946,0.46018263697624207,0.33115363121032715,-0.01712184026837349,0.45953264832496643,0.2818673253059387,-0.02790539711713791,0.4307308495044708,0.48406076431274414,0.0032471034210175276,0.43467679619789124,0.4001830220222473,-0.009024356491863728,0.43492957949638367,0.34736472368240356,-0.01975906454026699,0.43483105301856995,0.30292582511901855,-0.026486793532967567,0.40101146697998047,0.5041120052337646,-0.0058198426850140095,0.4056117832660675,0.4383222162723541,-0.014742943458259106,0.4075368046760559,0.3951629400253296,-0.018047302961349487,0.4084128439426422,0.35562098026275635,-0.019899489358067513
0.4358256459236145,0.69234699010849,2.4259875885945803e-07,0.491483598947525,0.6498243808746338,-0.027296552434563637,0.5317511558532715,0.5888053774833679,-0.037424687296152115,0.543837308883667,0.5190224647521973,-0.04761645197868347,0.5234071612358093,0.4652276039123535,-0.05593858286738396,0.4926323890686035,0.48933181166648865,0.004239665810018778,0.4999457597732544,0.41609805822372437,-0.017674477770924568,0.499785840511322,0.4129473567008972,-0.039037417620420456,0.4995865523815155,0.422971248626709,-0.050608038902282715,0.46359992027282715,0.47737717628479004,0.00592828681692481,0.4689384698867798,0.38625621795654297,-0.004596950951963663,0.4666568338871002,0.33141428232192993,-0.019871637225151062,0.4659753441810608,0.28332647681236267,-0.03148429095745087,0.4362272620201111,0.4827817678451538,0.0008316175662912428,0.44075584411621094,0.3992926776409149,-0.01113804616034031,0.4412742257118225,0.34670811891555786,-0.022419288754463196,0.4418419301509857,0.303175687789917,-0.029948679730296135,0.40563783049583435,0.5018238425254822,-0.00788321252912283,0.41041356325149536,0.4361734390258789,-0.017100146040320396,0.4129895567893982,0.3933190703392029,-0.020800558850169182,0.41467538475990295,0.3540042042732239,-0.02324746362864971
0.4258326590061188,0.6907543540000916,2.306758091208394e-07,0.48289257287979126,0.6491708159446716,-0.027450798079371452,0.5243775844573975,0.5848187804222107,-0.0364701971411705,0.5339857935905457,0.5126427412033081,-0.04534412920475006,0.5148940682411194,0.4581480920314789,-0.05194667726755142,0.4856984615325928,0.4854961335659027,0.004724686965346336,0.4934930205345154,0.412319153547287,-0.018494857475161552,0.49610430002212524,0.4142964482307434,-0.04049775376915932,0.4982011318206787,0.4301788806915283,-0.05179044231772423,0.4562528133392334,0.4736216068267822,0.00675692455843091,0.4617035686969757,0.38152626156806946,-0.004181277006864548,0.46078088879585266,0.32626083493232727,-0.019546065479516983,0.4611184895038605,0.278495728969574,-0.03085131198167801,0.428678959608078,0.47926709055900574,0.0017582887085154653,0.43307235836982727,0.39440059661865234,-0.011075965128839016,0.433602511882782,0.34160754084587097,-0.022723205387592316,0.43421390652656555,0.2976650595664978,-0.030039645731449127,0.39779263734817505,0.4990244209766388,-0.0068141683004796505,0.40321168303489685,0.43234962224960327,-0.016473641619086266,0.4055720567703247,0.38948747515678406,-0.02030649594962597,0.4067879617214203,0.3499458432197571,-0.022542834281921387
0.42275261878967285,0.698473334312439,2.3480787092466926e-07,0.48047274351119995,0.6543710827827454,-0.028280459344387054,0.5217643976211548,0.5883293747901917,-0.03622255474328995,0.5302538871765137,0.5152623653411865,-0.043691083788871765,0.5138822793960571,0.4606594145298004,-0.04892277345061302,0.4796915352344513,0.4893650412559509,0.00619990611448884,0.48709753155708313,0.4154784083366394,-0.016002217307686806,0.48914146423339844,0.4163723587989807,-0.038240376859903336,0.49086111783981323,0.4292396903038025,-0.05045917630195618,0.45059841871261597,0.4779309034347534,0.008817240595817566,0.4552617371082306,0.38487115502357483,-0.0027994676493108273,0.45435458421707153,0.3279743194580078,-0.02006765641272068,0.4546690881252289,0.2790664732456207,-0.03291933238506317,0.42289480566978455,0.4840286076068878,0.004347681067883968,0.4271756708621979,0.3970976173877716,-0.009748357348144054,0.428067147731781,0.3433890640735626,-0.023438751697540283,0.429190993309021,0.29859066009521484,-0.032009970396757126,0.3915075957775116,0.5039287805557251,-0.003641438437625766,0.39710116386413574,0.43572998046875,-0.014626645483076572,0.39972585439682007,0.39252448081970215,-0.019837820902466774,0.4016035199165344,0.35223516821861267,-0.023002538830041885
0.4224701523780823,0.7131287455558777,2.2886231931806833e-07,0.4821273386478424,0.6709692478179932,-0.028740454465150833,0.5275280475616455,0.6070691347122192,-0.03945983946323395,0.5390071868896484,0.5348981618881226,-0.05032466724514961,0.5174782276153564,0.4804418087005615,-0.05880126357078552,0.4836255609989166,0.5003237724304199,0.003909092862159014,0.49192678928375244,0.42422419786453247,-0.023672588169574738,0.4959729015827179,0.4313772916793823,-0.04923724755644798,0.49955475330352783,0.45449817180633545,-0.06202707812190056,0.4523600935935974,0.4873463809490204,0.005544126965105534,0.457420289516449,0.392431378364563,-0.007675868924707174,0.45638132095336914,0.33438339829444885,-0.025786004960536957,0.4569404125213623,0.2819603681564331,-0.03914782777428627,0.42323389649391174,0.49293771386146545,-0.00021101867605466396,0.4276040494441986,0.40594953298568726,-0.014193671755492687,0.4290314018726349,0.349795937538147,-0.02711385488510132,0.43067294359207153,0.3015386164188385,-0.035445328801870346,0.3914232552051544,0.5133759379386902,-0.009759019128978252,0.3967313766479492,0.44431188702583313,-0.019214019179344177,0.3995608687400818,0.3996327817440033,-0.02279013954102993,0.40162986516952515,0.35803574323654175,-0.024987569078803062
0.42971664667129517,0.7101308703422546,2.913106698088086e-07,0.4884922504425049,0.6692500114440918,-0.029463157057762146,0.5320834517478943,0.6072637438774109,-0.03934771195054054,0.5465973615646362,0.5366250872612,-0.04845021665096283,0.5281862020492554,0.4812512695789337,-0.05616939812898636,0.49100548028945923,0.49820196628570557,0.0020066769793629646,0.49789753556251526,0.42462801933288574,-0.01759343221783638,0.4950179159641266,0.4066692292690277,-0.03801194578409195,0.49209824204444885,0.3982698917388916,-0.05044234171509743,0.4616889953613281,0.48562362790107727,0.004132653586566448,0.46764904260635376,0.3903343081474304,-0.00768983643501997,0.467058926820755,0.3302611708641052,-0.024335719645023346,0.4674750566482544,0.2775804400444031,-0.036861639469861984,0.4333036243915558,0.49117767810821533,-0.0003122843918390572,0.43907052278518677,0.40281927585601807,-0.014665933325886726,0.44093865156173706,0.34634900093078613,-0.028154565021395683,0.44224292039871216,0.2988232672214508,-0.03686908632516861,0.40102463960647583,0.5109779238700867,-0.00829568225890398,0.4076174199581146,0.4419829547405243,-0.020565198734402657,0.41150322556495667,0.3972576856613159,-0.026505760848522186,0.41375187039375305,0.35552287101745605,-0.030353574082255363
0.4344731569290161,0.6881914734840393,2.527714286770788e-07,0.49374499917030334,0.6502310037612915,-0.027921732515096664,0.5380196571350098,0.5937384963035583,-0.038624878972768784,0.555931568145752,0.5261421799659729,-0.04986150562763214,0.5409586429595947,0.4689030647277832,-0.05902446433901787,0.5018379092216492,0.4843091368675232,0.004760207608342171,0.5142353773117065,0.4101700782775879,-0.022578749805688858,0.5207187533378601,0.413044273853302,-0.047765471041202545,0.5250267386436462,0.43475285172462463,-0.06014220044016838,0.47139430046081543,0.46939775347709656,0.005569164641201496,0.47899961471557617,0.3726358413696289,-0.007755990605801344,0.47843632102012634,0.31475210189819336,-0.025813423097133636,0.4793410301208496,0.263877272605896,-0.03902694210410118,0.44160938262939453,0.47271066904067993,-0.0010708358604460955,0.448896586894989,0.3840063810348511,-0.015294300392270088,0.4506475031375885,0.3279624581336975,-0.028563356027007103,0.4528971314430237,0.28115108609199524,-0.03711378201842308,0.40771329402923584,0.490317165851593,-0.011450334452092648,0.41540443897247314,0.4209127724170685,-0.02116416022181511,0.4190073311328888,0.3760873079299927,-0.02526184171438217,0.42268475890159607,0.3345291018486023,-0.027994142845273018
0.437285453081131,0.6806077361106873,2.8516785732790595e-07,0.49866384267807007,0.6447058320045471,-0.029209597036242485,0.5464475154876709,0.5898917317390442,-0.040918368846178055,0.5656733512878418,0.5210900902748108,-0.05270414426922798,0.5459820032119751,0.46493881940841675,-0.06300090998411179,0.5118478536605835,0.4810025095939636,0.001851962530054152,0.5239479541778564,0.40919578075408936,-0.02318251132965088,0.5307304859161377,0.40695226192474365,-0.04696798697113991,0.5366791486740112,0.4221286475658417,-0.05972452834248543,0.4808717370033264,0.464236855506897,0.003029420506209135,0.4884060323238373,0.3676859736442566,-0.009864739142358303,0.4889155924320221,0.3093140125274658,-0.028492866083979607,0.4916956126689911,0.2564636468887329,-0.04268275946378708,0.4504201114177704,0.4666367471218109,-0.0027077547274529934,0.45813390612602234,0.37765294313430786,-0.01743064634501934,0.4606691598892212,0.31960001587867737,-0.0321260429918766,0.46342214941978455,0.2708021402359009,-0.04207666963338852,0.41516441106796265,0.48358622193336487,-0.012002901174128056,0.4236178696155548,0.4152863323688507,-0.023077471181750298,0.42797428369522095,0.37036317586898804,-0.0285937637090683,0.4318433701992035,0.328321635723114,-0.03261888027191162
0.43851998448371887,0.6744950413703918,3.12798931645375e-07,0.5011146068572998,0.6400350332260132,-0.028531638905405998,0.5509114265441895,0.5848921537399292,-0.03995443508028984,0.5723105669021606,0.5135871171951294,-0.05135996267199516,0.5536757111549377,0.4542617201805115,-0.06115315854549408,0.5171331763267517,0.4727743864059448,0.0028789290226995945,0.5329279899597168,0.3973827064037323,-0.021810993552207947,0.5391311645507812,0.39238661527633667,-0.04557186737656593,0.5430271029472351,0.405775785446167,-0.05810306593775749,0.4865633249282837,0.4553433358669281,0.004145415965467691,0.4986298680305481,0.3579610288143158,-0.008220648393034935,0.5019349455833435,0.29917672276496887,-0.0266643725335598,0.5060243010520935,0.24762237071990967,-0.040569379925727844,0.4561406970024109,0.45623376965522766,-0.001422306289896369,0.4668213427066803,0.366382896900177,-0.01519779022783041,0.4721003770828247,0.3087376356124878,-0.029218347743153572,0.476816326379776,0.26111888885498047,-0.03870179131627083,0.4206698536872864,0.4711643159389496,-0.01048648077994585,0.4309089779853821,0.40227845311164856,-0.020660944283008575,0.43746116757392883,0.35730934143066406,-0.025459395721554756,0.4433532953262329,0.31599119305610657,-0.02884039469063282
0.4061700701713562,0.6847092509269714,2.2656359988104668e-07,0.46860605478286743,0.6470543146133423,-0.026983294636011124,0.5194617509841919,0.5799762010574341,-0.036310408264398575,0.5422387719154358,0.5079852938652039,-0.046150464564561844,0.5275787115097046,0.44844523072242737,-0.05369041860103607,0.48983389139175415,0.4626320004463196,0.003663264447823167,0.5046243071556091,0.3797037899494171,-0.02546529471874237,0.5099740028381348,0.385059118270874,-0.05234837904572487,0.5125107169151306,0.4093116521835327,-0.06564286351203918,0.4569461941719055,0.4446903169155121,0.00344777200371027,0.4689370095729828,0.34151095151901245,-0.011091679334640503,0.47023969888687134,0.2778570055961609,-0.030876195058226585,0.47134289145469666,0.2241484820842743,-0.045159608125686646,0.4240216016769409,0.4476000964641571,-0.003945396281778812,0.4345170259475708,0.35250037908554077,-0.018399588763713837,0.43810752034187317,0.2928570508956909,-0.03199144825339317,0.44135305285453796,0.24328961968421936,-0.04075958579778671,0.3868734836578369,0.4660107493400574,-0.015032338909804821,0.39820557832717896,0.39118650555610657,-0.0245303213596344,0.40313348174095154,0.3440313935279846,-0.027654925361275673,0.40713176131248474,0.3007408380508423,-0.029441475868225098
0.3648079037666321,0.7028289437294006,3.363858809279918e-07,0.4350539743900299,0.6482881307601929,-0.04211892560124397,0.48938125371932983,0.5644744634628296,-0.05929858610033989,0.5053684115409851,0.4684893786907196,-0.07578075677156448,0.47351446747779846,0.39599236845970154,-0.08953113853931427,0.4427967667579651,0.4348404109477997,-2.5716373784234747e-05,0.45327228307724,0.34175074100494385,-0.03575356677174568,0.45620307326316833,0.34271475672721863,-0.066096730530262,0.45733147859573364,0.37000027298927307,-0.08017298579216003,0.4025813937187195,0.4185670018196106,0.004279978107661009,0.4096871316432953,0.300190806388855,-0.011834288947284222,0.40686744451522827,0.22909563779830933,-0.029893429949879646,0.4072442352771759,0.16576415300369263,-0.04225195199251175,0.3660883605480194,0.4275568425655365,-0.0017746689263731241,0.371584951877594,0.31944942474365234,-0.020606383681297302,0.37207919359207153,0.24779708683490753,-0.03480313718318939,0.373731791973114,0.18649539351463318,-0.04328202083706856,0.3245566189289093,0.4553341865539551,-0.013163462281227112,0.3330405354499817,0.3697812855243683,-0.027553068473935127,0.33645281195640564,0.31276726722717285,-0.03309355303645134,0.339341402053833,0.2595846652984619,-0.03613696247339249
0.39647388458251953,0.7783788442611694,3.2066395760921296e-07,0.4687586724758148,0.722525954246521,-0.040819521993398666,0.5254045724868774,0.6328216195106506,-0.05704138055443764,0.5420144200325012,0.5346832275390625,-0.0731203705072403,0.5157456398010254,0.4556574523448944,-0.08659934252500534,0.48330774903297424,0.4982062578201294,0.003332077991217375,0.4932991862297058,0.4041385352611542,-0.032512351870536804,0.4963233470916748,0.39784324169158936,-0.06466785073280334,0.4980257749557495,0.41779807209968567,-0.080548956990242,0.4398796260356903,0.48006919026374817,0.005745272617787123,0.44575682282447815,0.35592857003211975,-0.010884964838624,0.4425997734069824,0.28118181228637695,-0.03136005625128746,0.44243672490119934,0.21287813782691956,-0.045851320028305054,0.40091845393180847,0.4883449673652649,-0.002095380797982216,0.40694278478622437,0.37408334016799927,-0.021108997985720634,0.40802913904190063,0.30204230546951294,-0.03514399006962776,0.4097358286380768,0.23855432868003845,-0.043784014880657196,0.35832735896110535,0.5169228911399841,-0.015366869978606701,0.36606860160827637,0.4278082549571991,-0.02985004149377346,0.3697764277458191,0.36920446157455444,-0.034369632601737976,0.3729018568992615,0.3132961094379425,-0.036756545305252075
0.41293299198150635,0.7846673727035522,3.341303624893044e-07,0.4855382442474365,0.7334076762199402,-0.03963582217693329,0.5480145812034607,0.6527962684631348,-0.05768970027565956,0.5738022327423096,0.561846137046814,-0.0762472078204155,0.5496911406517029,0.48306986689567566,-0.09237376600503922,0.4986325204372406,0.5101608633995056,-0.0003529813257046044,0.5116413235664368,0.4080260992050171,-0.042202286422252655,0.5214704871177673,0.41321057081222534,-0.07915592193603516,0.5306956768035889,0.4466868042945862,-0.09719797968864441,0.4573923945426941,0.49179571866989136,0.0011116474634036422,0.46572473645210266,0.3653327524662018,-0.01992103084921837,0.46459585428237915,0.2890374958515167,-0.04644017294049263,0.466315895318985,0.21760788559913635,-0.06590430438518524,0.4185032844543457,0.4996912479400635,-0.007279925048351288,0.42685937881469727,0.3843837380409241,-0.027620475739240646,0.4293803572654724,0.3091104030609131,-0.04594992846250534,0.4321592152118683,0.2430952489376068,-0.05841793119907379,0.3750859498977661,0.5278488993644714,-0.02080501988530159,0.383914053440094,0.43829238414764404,-0.03419582545757294,0.38813120126724243,0.3789979815483093,-0.03987690433859825,0.391661673784256,0.32250121235847473,-0.043995097279548645
0.40254223346710205,0.7937589883804321,3.331504387915629e-07,0.4738977253437042,0.7397928237915039,-0.0371098667383194,0.5373900532722473,0.6604901552200317,-0.055000532418489456,0.5678612589836121,0.5710504055023193,-0.07392477244138718,0.5417119860649109,0.49566420912742615,-0.0904528796672821,0.48869314789772034,0.5138847827911377,-0.0002896338701248169,0.5055906772613525,0.4082578122615814,-0.043099261820316315,0.5168858766555786,0.41624748706817627,-0.08058170229196548,0.5261396169662476,0.45313411951065063,-0.09839443862438202,0.44628849625587463,0.49551042914390564,-0.00026377089670859277,0.4546302258968353,0.3644072413444519,-0.02156265266239643,0.45213061571121216,0.2872254252433777,-0.047890555113554,0.4520319998264313,0.21570876240730286,-0.06698770821094513,0.40623581409454346,0.5047746300697327,-0.00973028689622879,0.4139358401298523,0.38506609201431274,-0.029522238299250603,0.41457152366638184,0.3081396818161011,-0.04685778170824051,0.41577866673469543,0.24120324850082397,-0.05851813033223152,0.36108481884002686,0.5340999960899353,-0.02419891394674778,0.3698332905769348,0.44064396619796753,-0.036425068974494934,0.3728036880493164,0.37921223044395447,-0.040587473660707474,0.3755326271057129,0.32142913341522217,-0.043444350361824036
0.39867472648620605,0.7814450860023499,3.958846548357542e-07,0.4726659655570984,0.7260677218437195,-0.04364096745848656,0.5378202795982361,0.6467328071594238,-0.06432279944419861,0.5644953846931458,0.5550099611282349,-0.08523508906364441,0.5386435985565186,0.4755348265171051,-0.10367462784051895,0.48735982179641724,0.4960494041442871,-0.0002767198020592332,0.5038374066352844,0.39462703466415405,-0.04341423138976097,0.5120353698730469,0.39739859104156494,-0.08183591812849045,0.5190185904502869,0.43159019947052,-0.1003497987985611,0.44291114807128906,0.4766964614391327,0.0028499991167336702,0.45280689001083374,0.34716135263442993,-0.01807808130979538,0.450639933347702,0.2705327868461609,-0.04382377117872238,0.45308828353881836,0.19757875800132751,-0.062218498438596725,0.4021748900413513,0.4852769076824188,-0.004652697592973709,0.4125075340270996,0.3657717704772949,-0.02518000267446041,0.41486263275146484,0.2877112030982971,-0.042348504066467285,0.4186765253543854,0.21982085704803467,-0.053530048578977585,0.3562581241130829,0.5143613219261169,-0.017897458747029305,0.36709457635879517,0.4224362373352051,-0.03134975582361221,0.3709084391593933,0.360446035861969,-0.03621695935726166,0.37539583444595337,0.3014162480831146,-0.03935468569397926
0.3945659399032593,0.7867996692657471,4.088959997261554e-07,0.46928051114082336,0.7321927547454834,-0.04267216473817825,0.5361157059669495,0.6586886644363403,-0.06392661482095718,0.5695263743400574,0.571405827999115,-0.08581303060054779,0.544321596622467,0.4922622740268707,-0.10515472292900085,0.48600107431411743,0.5027074217796326,-0.0007805654313415289,0.5054683089256287,0.3998021185398102,-0.04433143883943558,0.5183498859405518,0.40726029872894287,-0.0831373780965805,0.5285649299621582,0.4435947835445404,-0.10191217064857483,0.4441298842430115,0.4841538667678833,0.0013700526906177402,0.4570724070072174,0.3519238233566284,-0.019822480157017708,0.45653894543647766,0.27425846457481384,-0.04686181619763374,0.45930278301239014,0.20082524418830872,-0.06668586283922195,0.4042946994304657,0.49294084310531616,-0.006869146600365639,0.41672998666763306,0.37148159742355347,-0.027078310027718544,0.4195002615451813,0.2926446497440338,-0.04548449441790581,0.42239004373550415,0.22541922330856323,-0.057877592742443085,0.3577970564365387,0.5219848155975342,-0.020722609013319016,0.3707808256149292,0.4274623692035675,-0.03348103165626526,0.3755313754081726,0.36428162455558777,-0.03871860355138779,0.37932077050209045,0.30546653270721436,-0.04245523735880852
0.3871828615665436,0.7847955226898193,3.7779341255372856e-07,0.45897820591926575,0.7316179871559143,-0.04345235973596573,0.5249611735343933,0.6592435836791992,-0.06357388943433762,0.5596174001693726,0.5754084587097168,-0.08407071232795715,0.536462128162384,0.4979385435581207,-0.1016533300280571,0.4858194887638092,0.5060770511627197,0.003742981469258666,0.5049756169319153,0.4095095992088318,-0.03671124577522278,0.5116736888885498,0.41482603549957275,-0.0737897977232933,0.5153065323829651,0.448897123336792,-0.09160442650318146,0.4435946047306061,0.48675546050071716,0.007547691930085421,0.45881640911102295,0.3600151538848877,-0.010502583347260952,0.4599578082561493,0.2864932417869568,-0.03457307443022728,0.4640989601612091,0.21654054522514343,-0.051881518214941025,0.40452155470848083,0.49363335967063904,0.0004558400542009622,0.4196263253688812,0.3778528571128845,-0.018117763102054596,0.4241809546947479,0.30274903774261475,-0.03452083840966225,0.42782366275787354,0.2375352680683136,-0.045008156448602676,0.3598581850528717,0.5201691389083862,-0.012547384016215801,0.3748934864997864,0.42988911271095276,-0.024922160431742668,0.380193829536438,0.36866751313209534,-0.02974737249314785,0.3845459818840027,0.31035691499710083,-0.03262493014335632
0.3863878548145294,0.783237636089325,3.255178455674468e-07,0.4569762051105499,0.7279792428016663,-0.038287192583084106,0.5203887820243835,0.6499725580215454,-0.055132150650024414,0.547170877456665,0.5597481727600098,-0.07225696742534637,0.5230719447135925,0.48083817958831787,-0.08726684004068375,0.47567808628082275,0.5022832155227661,0.004041121806949377,0.4929063320159912,0.40994489192962646,-0.030861901119351387,0.49512356519699097,0.4091982841491699,-0.06429082900285721,0.4935097098350525,0.42832931876182556,-0.08195000141859055,0.43580418825149536,0.4846315383911133,0.004632735624909401,0.4499748945236206,0.35919660329818726,-0.01176414918154478,0.4516330659389496,0.2840367257595062,-0.0352170430123806,0.45417654514312744,0.21430805325508118,-0.05307430028915405,0.3978908658027649,0.49217748641967773,-0.0044786506332457066,0.41161131858825684,0.375430166721344,-0.022648800164461136,0.4173193871974945,0.30083441734313965,-0.04029655456542969,0.4210132360458374,0.23426496982574463,-0.05261963605880737,0.3547239899635315,0.5195730328559875,-0.01865973137319088,0.36756837368011475,0.42834368348121643,-0.03281782194972038,0.3740633726119995,0.3678893744945526,-0.03914864361286163,0.378187358379364,0.30885618925094604,-0.04375233128666878
0.3912871778011322,0.7874171137809753,3.389125140529359e-07,0.4626263380050659,0.7296419739723206,-0.03843420371413231,0.5250459909439087,0.6502326726913452,-0.05513458698987961,0.5491766333580017,0.558525562286377,-0.07230092585086823,0.5221378803253174,0.48201116919517517,-0.08723397552967072,0.4808189272880554,0.5092106461524963,0.004965793341398239,0.4953967332839966,0.4171895384788513,-0.03169022500514984,0.49976205825805664,0.41728436946868896,-0.06529497355222702,0.5025304555892944,0.44085556268692017,-0.08226743340492249,0.4396555721759796,0.49171343445777893,0.005879412870854139,0.4520285725593567,0.3669350743293762,-0.011560432612895966,0.45389053225517273,0.293087899684906,-0.03391608968377113,0.4583398401737213,0.2238495647907257,-0.05027654767036438,0.40118226408958435,0.4994882047176361,-0.0033121833112090826,0.4137180745601654,0.3839842677116394,-0.022931115701794624,0.41805556416511536,0.3108147084712982,-0.03941419720649719,0.4215611219406128,0.2457735240459442,-0.050083305686712265,0.35732734203338623,0.5274683237075806,-0.017637096345424652,0.37043601274490356,0.4369658827781677,-0.03228701278567314,0.37635788321495056,0.3769003450870514,-0.03811604157090187,0.3803924322128296,0.3185823857784271,-0.04186229407787323
0.4130256175994873,0.7499370574951172,3.3848061775643146e-07,0.4824639558792114,0.6944818496704102,-0.032745201140642166,0.5370245575904846,0.6107644438743591,-0.043817829340696335,0.5616084337234497,0.5183299779891968,-0.05533624440431595,0.5422349572181702,0.4429229497909546,-0.06509087234735489,0.49921154975891113,0.49548816680908203,0.011139421723783016,0.5143061280250549,0.40715309977531433,-0.014942610636353493,0.5195878148078918,0.39291447401046753,-0.041814304888248444,0.5247158408164978,0.3978075385093689,-0.05720561742782593,0.46210768818855286,0.4789627194404602,0.012040184810757637,0.4716528058052063,0.36385127902030945,-0.0016640106914564967,0.4723871350288391,0.29479581117630005,-0.023527655750513077,0.47393593192100525,0.23338758945465088,-0.04048042744398117,0.4265793561935425,0.48340603709220886,0.004406145308166742,0.4360334873199463,0.3765004277229309,-0.012485407292842865,0.4400358200073242,0.3097269535064697,-0.028739798814058304,0.4427759647369385,0.253963828086853,-0.039886120706796646,0.387350469827652,0.5051354169845581,-0.0074935052543878555,0.39693447947502136,0.4222636818885803,-0.020996587350964546,0.40269529819488525,0.3680318593978882,-0.027401357889175415,0.40642547607421875,0.31764644384384155,-0.03209269791841507
0.4333336353302002,0.7063243985176086,3.292423684797541e-07,0.49899742007255554,0.6605193614959717,-0.03200193867087364,0.5474334955215454,0.5921818614006042,-0.04135648533701897,0.5723521709442139,0.510404109954834,-0.05087502673268318,0.5583903789520264,0.4416751265525818,-0.05899007245898247,0.5107700824737549,0.4912550449371338,0.014181463047862053,0.525850772857666,0.4165465533733368,-0.007439324166625738,0.5310375690460205,0.40520820021629333,-0.03072265163064003,0.5343634486198425,0.4103310704231262,-0.04387887567281723,0.4800797700881958,0.473551481962204,0.017085179686546326,0.49314025044441223,0.37499743700027466,0.006812498439103365,0.49519115686416626,0.31355899572372437,-0.01121516153216362,0.4992837607860565,0.25738123059272766,-0.025125103071331978,0.4492787718772888,0.47509250044822693,0.01145096030086279,0.4642060399055481,0.3815857768058777,-0.003145600203424692,0.47034764289855957,0.3208884298801422,-0.017241960391402245,0.4764171838760376,0.2700411081314087,-0.026520201936364174,0.4126451313495636,0.490468293428421,0.0016698724357411265,0.4258953630924225,0.4176187515258789,-0.010304138995707035,0.4339735805988312,0.36963433027267456,-0.01571759395301342,0.4412965774536133,0.324724018573761,-0.019562803208827972
0.42292165756225586,0.7084601521492004,2.6997304303222336e-07,0.48538321256637573,0.6653494834899902,-0.02977466769516468,0.5345802307128906,0.5962364673614502,-0.039328720420598984,0.5563328266143799,0.5180209875106812,-0.04918491095304489,0.5415878295898438,0.4517287313938141,-0.05754236876964569,0.49979934096336365,0.4937658905982971,0.007151986006647348,0.5141440033912659,0.4151102900505066,-0.020030461251735687,0.5213457345962524,0.4114501476287842,-0.04597397521138191,0.5265644788742065,0.4270549416542053,-0.059492167085409164,0.4677271246910095,0.47734761238098145,0.008418848738074303,0.47775939106941223,0.37754181027412415,-0.005708716344088316,0.4784802496433258,0.3151892125606537,-0.025452155619859695,0.48039066791534424,0.2599787414073944,-0.04008454084396362,0.43634793162345886,0.4807968735694885,0.0017311754636466503,0.44777482748031616,0.3861030340194702,-0.014687183313071728,0.45219725370407104,0.32437852025032043,-0.029421288520097733,0.4564979374408722,0.2725349962711334,-0.03886326029896736,0.40005338191986084,0.49835026264190674,-0.008779368363320827,0.41137853264808655,0.42339253425598145,-0.021340928971767426,0.4173467457294464,0.3740084171295166,-0.027052713558077812,0.4226439297199249,0.32770758867263794,-0.03079051338136196
0.41397401690483093,0.7130744457244873,2.8906111992910155e-07,0.4785701632499695,0.6635298728942871,-0.030501965433359146,0.5303038358688354,0.5867412090301514,-0.04004046320915222,0.5488364100456238,0.5003042221069336,-0.050024982541799545,0.5262742042541504,0.4337066411972046,-0.05806338042020798,0.49502286314964294,0.48679712414741516,0.013566408306360245,0.5082560181617737,0.4081577658653259,-0.011071978136897087,0.5129036903381348,0.3989953398704529,-0.03512372449040413,0.5163856744766235,0.41401827335357666,-0.046958182007074356,0.4594924747943878,0.47066786885261536,0.01592162996530533,0.4684971868991852,0.3709515929222107,0.006555986125022173,0.4673045873641968,0.3105400800704956,-0.008381864987313747,0.4680842459201813,0.25635403394699097,-0.019260870292782784,0.4266353249549866,0.4743786156177521,0.00950999092310667,0.43627381324768066,0.3806917667388916,-0.0033441924024373293,0.43900197744369507,0.321838915348053,-0.013646884821355343,0.44123536348342896,0.2725657820701599,-0.020015185698866844,0.3891642689704895,0.492978572845459,-0.001255777315236628,0.39957621693611145,0.4191126823425293,-0.011207361705601215,0.4046911299228668,0.3717045485973358,-0.01405956782400608,0.4090697169303894,0.32732057571411133,-0.015564762987196445
0.41361331939697266,0.7110195159912109,2.922439534813748e-07,0.47763773798942566,0.6612038016319275,-0.029405934736132622,0.5231835842132568,0.5792003870010376,-0.03709131479263306,0.5400894284248352,0.4911055862903595,-0.04512488469481468,0.5235512256622314,0.4213118851184845,-0.0513610914349556,0.48965978622436523,0.48384228348731995,0.013576691970229149,0.5039279460906982,0.40808790922164917,-0.009056377224624157,0.5081312656402588,0.3961981236934662,-0.03217822685837746,0.5098424553871155,0.40377843379974365,-0.04450307786464691,0.4549749195575714,0.467692494392395,0.015176265500485897,0.46420320868492126,0.3660564422607422,0.005540718324482441,0.4655601680278778,0.3030269742012024,-0.010559706017374992,0.46728482842445374,0.2472842037677765,-0.02273966744542122,0.4220723807811737,0.47167691588401794,0.008291218429803848,0.4282377362251282,0.3757615089416504,-0.005911099258810282,0.43104082345962524,0.31495800614356995,-0.019520042464137077,0.4330899715423584,0.2640131115913391,-0.028406869620084763,0.38628554344177246,0.49071767926216125,-0.002534691011533141,0.39320510625839233,0.41558486223220825,-0.014605948701500893,0.396941602230072,0.36647364497184753,-0.020476533100008965,0.40006235241889954,0.3210715353488922,-0.024597831070423126
0.4022758901119232,0.7200264930725098,3.29378394781088e-07,0.4678744673728943,0.6725928783416748,-0.029332948848605156,0.5127929449081421,0.5889041423797607,-0.037643011659383774,0.5301620960235596,0.499626100063324,-0.046541836112737656,0.5189559459686279,0.42723697423934937,-0.0537201464176178,0.48231688141822815,0.49665236473083496,0.012047098018229008,0.4989994168281555,0.4220024645328522,-0.011756575666368008,0.5044946074485779,0.4063572883605957,-0.03498433902859688,0.5065591335296631,0.41250064969062805,-0.04709166660904884,0.44653794169425964,0.4787217378616333,0.013228397816419601,0.45878955721855164,0.37560731172561646,0.0029809423722326756,0.4624062776565552,0.31123417615890503,-0.012531843967735767,0.4665946066379547,0.25224339962005615,-0.024126727133989334,0.41264602541923523,0.4816369116306305,0.00579347088932991,0.4159888029098511,0.38519513607025146,-0.009490219876170158,0.4171755611896515,0.32284319400787354,-0.023558909073472023,0.41840970516204834,0.2699734568595886,-0.03268071636557579,0.37619131803512573,0.5004374384880066,-0.005553410854190588,0.3807375431060791,0.4242185056209564,-0.018590617924928665,0.382235586643219,0.37427353858947754,-0.025263221934437752,0.38324999809265137,0.328233540058136,-0.03009735234081745
0.4000501334667206,0.7199668884277344,3.3127085430351144e-07,0.466488242149353,0.6723852157592773,-0.02878003939986229,0.5120083689689636,0.5892741680145264,-0.036869797855615616,0.5293171405792236,0.5003060698509216,-0.04573983699083328,0.5168440341949463,0.4294610023498535,-0.052789073437452316,0.48216843605041504,0.4982283115386963,0.013805617578327656,0.4987505078315735,0.42431533336639404,-0.008870882913470268,0.5036468505859375,0.4082305431365967,-0.031124861910939217,0.505071222782135,0.4142477214336395,-0.04236382246017456,0.44569820165634155,0.47944584488868713,0.015198709443211555,0.4583371579647064,0.3767734467983246,0.006842919625341892,0.4623338580131531,0.31310343742370605,-0.006816082168370485,0.4675929546356201,0.2535884976387024,-0.01699932850897312,0.4117019772529602,0.4810267984867096,0.007911105640232563,0.41477975249290466,0.3852456212043762,-0.00534337293356657,0.41638943552970886,0.3229733109474182,-0.017669983208179474,0.4184202551841736,0.2705588936805725,-0.025627342984080315,0.3755834102630615,0.4983126223087311,-0.0034579019993543625,0.3795779347419739,0.42148077487945557,-0.01445533987134695,0.3809334933757782,0.37143969535827637,-0.019560949876904488,0.38213294744491577,0.3261460065841675,-0.0232830997556448
0.39826342463493347,0.721293032169342,3.2302347108270624e-07,0.46391555666923523,0.6742463707923889,-0.02967209927737713,0.5096915364265442,0.5921172499656677,-0.03906066343188286,0.5280259847640991,0.5033935308456421,-0.04922531917691231,0.5156068205833435,0.4323810338973999,-0.05755424126982689,0.4812617599964142,0.5001469850540161,0.011431904509663582,0.49805164337158203,0.42451950907707214,-0.014296864159405231,0.5026625394821167,0.4097740948200226,-0.038431186228990555,0.5037902593612671,0.4188452661037445,-0.05040759965777397,0.44487279653549194,0.4809664189815521,0.012858105823397636,0.45784425735473633,0.3777194023132324,0.0022078719921410084,0.46132123470306396,0.3139921724796295,-0.012622032314538956,0.46636897325515747,0.25402551889419556,-0.023388871923089027,0.41082996129989624,0.48293042182922363,0.005536592565476894,0.41395771503448486,0.3876667022705078,-0.009265003725886345,0.41517654061317444,0.3253090977668762,-0.02167433127760887,0.41731342673301697,0.2722981870174408,-0.02945788763463497,0.3743424415588379,0.5014523267745972,-0.005935061257332563,0.378449022769928,0.42493510246276855,-0.017586007714271545,0.37959885597229004,0.37468817830085754,-0.022541701793670654,0.3806214928627014,0.32911911606788635,-0.025991693139076233
0.39621269702911377,0.7219341993331909,3.243526407459285e-07,0.46279627084732056,0.6744867563247681,-0.02928299829363823,0.5080404877662659,0.5910452604293823,-0.0372505858540535,0.5266894102096558,0.5016877055168152,-0.045956630259752274,0.5137988328933716,0.4313643276691437,-0.05299267917871475,0.4790060520172119,0.5006718039512634,0.014067365787923336,0.49635159969329834,0.4290813207626343,-0.008129476569592953,0.5017457008361816,0.4110445976257324,-0.03039543889462948,0.5033684372901917,0.4136168658733368,-0.04220928996801376,0.4427110552787781,0.48146259784698486,0.015503624454140663,0.45556479692459106,0.37966272234916687,0.006731653586030006,0.45979225635528564,0.3165150284767151,-0.007506142370402813,0.46510836482048035,0.2567642331123352,-0.018262678757309914,0.4087301194667816,0.4831360876560211,0.008241378702223301,0.4124418795108795,0.3877507150173187,-0.005879554431885481,0.4145269989967346,0.3259371519088745,-0.019076161086559296,0.4167391359806061,0.2729184031486511,-0.027685388922691345,0.3724798858165741,0.50080806016922,-0.0031191359739750624,0.37692132592201233,0.42437031865119934,-0.01525148656219244,0.37833940982818604,0.3739504814147949,-0.021454516798257828,0.3794589042663574,0.3278209865093231,-0.02606714703142643
0.3939377963542938,0.7201984524726868,3.4166424711656873e-07,0.46201658248901367,0.6720185279846191,-0.028032870963215828,0.507829487323761,0.5918155908584595,-0.035580363124608994,0.5270153880119324,0.5028867125511169,-0.04415710270404816,0.5145835876464844,0.43154746294021606,-0.05070509761571884,0.47735124826431274,0.5005906820297241,0.01638752594590187,0.4941726624965668,0.4230567514896393,-0.006390563677996397,0.5004329681396484,0.40791055560112,-0.028812091797590256,0.5037914514541626,0.4158187210559845,-0.040019068866968155,0.4413531720638275,0.48225513100624084,0.017877396196126938,0.45425862073898315,0.37896108627319336,0.009012855589389801,0.4589290916919708,0.3148319125175476,-0.005571094341576099,0.46477940678596497,0.25573211908340454,-0.01634574495255947,0.40742307901382446,0.48356080055236816,0.010678723454475403,0.41116631031036377,0.38833874464035034,-0.0025283952709287405,0.413154661655426,0.32668909430503845,-0.014850601553916931,0.41566234827041626,0.27517086267471313,-0.022686336189508438,0.3706929385662079,0.5003607869148254,-0.0005633964901790023,0.3746727705001831,0.42447352409362793,-0.010974187403917313,0.3763560652732849,0.3746354281902313,-0.015797380357980728,0.37845438718795776,0.3295208811759949,-0.019224077463150024
0.3918303847312927,0.7191143035888672,3.343748176121153e-07,0.45832905173301697,0.6723207235336304,-0.02874540165066719,0.5038378834724426,0.5936678647994995,-0.0370587520301342,0.5236664414405823,0.5055146813392639,-0.04606368765234947,0.512032151222229,0.4351050555706024,-0.053482986986637115,0.475135862827301,0.5023617744445801,0.012893321923911572,0.4924517869949341,0.4273422956466675,-0.009266718290746212,0.49806246161460876,0.4096539616584778,-0.03133106231689453,0.5005083084106445,0.4126441776752472,-0.04294203594326973,0.43972593545913696,0.48433375358581543,0.014293914660811424,0.45376473665237427,0.3817952275276184,0.0050147660076618195,0.4587465822696686,0.3188580274581909,-0.01017699670046568,0.46470338106155396,0.2599495053291321,-0.02164945937693119,0.40580490231513977,0.48607802391052246,0.007406583987176418,0.410664826631546,0.39013099670410156,-0.006446141749620438,0.4137229919433594,0.32774817943573,-0.020049287006258965,0.4169926941394806,0.2756379544734955,-0.02899802103638649,0.36858469247817993,0.5033835172653198,-0.003385982010513544,0.37215694785118103,0.42713141441345215,-0.014882629737257957,0.3740003705024719,0.37673598527908325,-0.020784707739949226,0.3758450746536255,0.33125168085098267,-0.02515481412410736
0.3940281569957733,0.7183120250701904,3.355971500695887e-07,0.45944416522979736,0.674077570438385,-0.028611917048692703,0.506118655204773,0.5945939421653748,-0.03661232069134712,0.5237329006195068,0.5059202909469604,-0.045048072934150696,0.5125221014022827,0.4351049065589905,-0.05167248100042343,0.4772699773311615,0.5012374520301819,0.01142680924385786,0.4933014512062073,0.423425555229187,-0.011492656543850899,0.49900758266448975,0.4059015214443207,-0.03349872678518295,0.502238929271698,0.41090360283851624,-0.0448242612183094,0.44129160046577454,0.48333531618118286,0.012897297739982605,0.45478659868240356,0.38070976734161377,0.0026728941593319178,0.4596898555755615,0.3174138367176056,-0.012261776253581047,0.4653565585613251,0.26082852482795715,-0.023233775049448013,0.4067882001399994,0.4850832521915436,0.006173697300255299,0.4108901619911194,0.38975104689598083,-0.008167059160768986,0.4136563539505005,0.32843708992004395,-0.020836109295487404,0.41706931591033936,0.27738404273986816,-0.02892674319446087,0.36899369955062866,0.5027104616165161,-0.004405369982123375,0.37288355827331543,0.4269862174987793,-0.01609545573592186,0.3754075765609741,0.37787556648254395,-0.021415632218122482,0.37862056493759155,0.33265936374664307,-0.0251549631357193
0.3940387964248657,0.7180778384208679,3.2890497436710575e-07,0.45956796407699585,0.6726458072662354,-0.028618117794394493,0.5063794851303101,0.5946904420852661,-0.037483975291252136,0.5239849090576172,0.5075211524963379,-0.046861834824085236,0.5128272175788879,0.4370875954627991,-0.05445966124534607,0.478863000869751,0.5013158917427063,0.01018673274666071,0.4960607588291168,0.4230773448944092,-0.014683695510029793,0.5008100271224976,0.40710076689720154,-0.038131341338157654,0.5023359060287476,0.4141257107257843,-0.04999922960996628,0.4427441656589508,0.48276156187057495,0.011367681436240673,0.45688191056251526,0.380327433347702,0.00017980085976887494,0.4621585011482239,0.3175663352012634,-0.015437105670571327,0.4679909348487854,0.26121848821640015,-0.026799509301781654,0.40794068574905396,0.48472708463668823,0.004353136755526066,0.4123072028160095,0.38921087980270386,-0.010680741630494595,0.4154994487762451,0.3280234634876251,-0.02338331565260887,0.4194532632827759,0.2769542932510376,-0.03136257082223892,0.3700893223285675,0.5034685134887695,-0.00648946687579155,0.3745150566101074,0.42766761779785156,-0.018470169976353645,0.37741246819496155,0.37855809926986694,-0.023483948782086372,0.38059183955192566,0.33343255519866943,-0.026866693049669266
0.39384186267852783,0.7185636162757874,3.2747377076702833e-07,0.4596431851387024,0.6732298135757446,-0.028506839647889137,0.5069200992584229,0.596359372138977,-0.03736196830868721,0.524016261100769,0.5099128484725952,-0.04669147729873657,0.5146259069442749,0.438572496175766,-0.0543137826025486,0.48050498962402344,0.5031886100769043,0.009923074394464493,0.49776607751846313,0.4266560971736908,-0.014028801582753658,0.5027081370353699,0.4085070490837097,-0.03665100410580635,0.5043244957923889,0.41128456592559814,-0.04831273481249809,0.44470667839050293,0.4846442937850952,0.01085377112030983,0.45957350730895996,0.3827614188194275,-0.0003023343742825091,0.4653949439525604,0.31994837522506714,-0.01561260037124157,0.47133833169937134,0.26313474774360657,-0.026659894734621048,0.4100402295589447,0.48603758215904236,0.003751232987269759,0.41543862223625183,0.39077943563461304,-0.011426820419728756,0.41921383142471313,0.32941532135009766,-0.02398928441107273,0.4233070909976959,0.2777419984340668,-0.03175448626279831,0.37199676036834717,0.5040041208267212,-0.0071343714371323586,0.37688013911247253,0.4284253716468811,-0.01945073902606964,0.3807735741138458,0.37950557470321655,-0.02447326108813286,0.38500723242759705,0.3344246745109558,-0.02772960625588894
0.39404940605163574,0.7192635536193848,3.2214336442848435e-07,0.46062225103378296,0.6742256879806519,-0.027191540226340294,0.5080458521842957,0.5962743163108826,-0.03443393483757973,0.5250343084335327,0.5088117122650146,-0.04233630746603012,0.5164263248443604,0.4378119111061096,-0.04837017506361008,0.4818750321865082,0.5034690499305725,0.01361001841723919,0.49913865327835083,0.42598670721054077,-0.008636844344437122,0.5037672519683838,0.40817853808403015,-0.030377190560102463,0.5054891705513,0.410072922706604,-0.041717395186424255,0.44661417603492737,0.4852465093135834,0.014439774677157402,0.46205630898475647,0.384121835231781,0.004079202190041542,0.46882137656211853,0.32086700201034546,-0.011286166496574879,0.47547268867492676,0.2638395428657532,-0.0224106777459383,0.4123104214668274,0.48617056012153625,0.007258926052600145,0.4189717769622803,0.39153897762298584,-0.007332385051995516,0.42368659377098083,0.3307305872440338,-0.019996412098407745,0.4284610152244568,0.2794489860534668,-0.02778719551861286,0.3743748366832733,0.503112256526947,-0.0035840871278196573,0.3796076476573944,0.4281749129295349,-0.015425270423293114,0.3838159441947937,0.3798474669456482,-0.020319199189543724,0.38863614201545715,0.33530735969543457,-0.02342953532934189
0.3939972221851349,0.7201667428016663,3.3727442882991454e-07,0.4596000611782074,0.6750587224960327,-0.02848809026181698,0.5074650645256042,0.598725438117981,-0.03602220490574837,0.526416540145874,0.5121585130691528,-0.04378071799874306,0.5184647440910339,0.4408782422542572,-0.04985630139708519,0.48289889097213745,0.5054991245269775,0.013518338091671467,0.5004842877388,0.43055030703544617,-0.00745784817263484,0.505023717880249,0.4095190763473511,-0.029055451974272728,0.506840705871582,0.40546751022338867,-0.04096214845776558,0.44788557291030884,0.48667746782302856,0.014984955079853535,0.46391409635543823,0.3862585723400116,0.004810109734535217,0.4710420072078705,0.3233247995376587,-0.011454285122454166,0.4782359004020691,0.26601892709732056,-0.023456303402781487,0.41342824697494507,0.4870246946811676,0.008497139438986778,0.4220775067806244,0.3928530216217041,-0.006246327422559261,0.4281980097293854,0.3320113718509674,-0.020275253802537918,0.43418464064598083,0.28077155351638794,-0.029175516217947006,0.3755645453929901,0.503099799156189,-0.0016562340315431356,0.38192012906074524,0.42909663915634155,-0.013866492547094822,0.38700398802757263,0.38143348693847656,-0.01966758631169796,0.39273640513420105,0.33747541904449463,-0.02362520433962345
0.39380136132240295,0.7205285429954529,3.3740576554919244e-07,0.4600146412849426,0.6752848029136658,-0.028216427192091942,0.507889449596405,0.5988650321960449,-0.03507940471172333,0.5271541476249695,0.5126097798347473,-0.0422026664018631,0.5187204480171204,0.4412766098976135,-0.04772269353270531,0.4830537736415863,0.5063967108726501,0.014229844324290752,0.5008490681648254,0.4299048185348511,-0.006648114882409573,0.505092978477478,0.40938982367515564,-0.02856430970132351,0.5067754983901978,0.4050169885158539,-0.04083622992038727,0.4487520754337311,0.4881800711154938,0.015599781647324562,0.4650398790836334,0.38746294379234314,0.0048164427280426025,0.47294333577156067,0.3232404589653015,-0.012571202591061592,0.48039865493774414,0.26570069789886475,-0.025453386828303337,0.41443049907684326,0.48877355456352234,0.009049853309988976,0.4248027801513672,0.3947543501853943,-0.006071155425161123,0.4323651194572449,0.3337666392326355,-0.020930727943778038,0.43930739164352417,0.2824084162712097,-0.03038950450718403,0.3762476146221161,0.5044663548469543,-0.0010904358932748437,0.3835851848125458,0.4305490553379059,-0.013707221485674381,0.38942933082580566,0.38245007395744324,-0.01998238079249859,0.39588120579719543,0.3376207649707794,-0.024274058640003204
0.39387866854667664,0.7207425236701965,3.3928264997484803e-07,0.4600183665752411,0.674934983253479,-0.027367258444428444,0.5067218542098999,0.5987123847007751,-0.03358673304319382,0.5274028182029724,0.5135290026664734,-0.0402650348842144,0.5195749998092651,0.44201305508613586,-0.04529048874974251,0.4816405177116394,0.5061004757881165,0.016875391826033592,0.5002245306968689,0.4297741651535034,-0.002022064756602049,0.5050031542778015,0.4093502163887024,-0.022779561579227448,0.5070408582687378,0.4041444659233093,-0.034641142934560776,0.4485225975513458,0.48822352290153503,0.018159454688429832,0.4649618864059448,0.38795655965805054,0.008818436414003372,0.4726508557796478,0.32433342933654785,-0.008024532347917557,0.4798537790775299,0.26709145307540894,-0.020731830969452858,0.41499197483062744,0.48891496658325195,0.011541972868144512,0.4264903962612152,0.3954790234565735,-0.0024614520370960236,0.434326708316803,0.33505141735076904,-0.017207417637109756,0.4410647451877594,0.2840186357498169,-0.026849415153265,0.37729668617248535,0.5045653581619263,0.0014005497796460986,0.3854704201221466,0.43158379197120667,-0.010664024390280247,0.39136454463005066,0.3840993046760559,-0.016992853954434395,0.3977021276950836,0.3396974205970764,-0.02150694839656353
0.39284437894821167,0.7167419791221619,3.3809448041211e-07,0.45962223410606384,0.6701555252075195,-0.02666603960096836,0.5053936839103699,0.595708966255188,-0.03228262811899185,0.5237856507301331,0.5112293362617493,-0.038078758865594864,0.5145580172538757,0.4413497745990753,-0.042267050594091415,0.4727213382720947,0.4954691529273987,0.016103683039546013,0.48774075508117676,0.41806548833847046,-0.00010964634566335008,0.4923664331436157,0.3953832983970642,-0.018775880336761475,0.497577041387558,0.3833335041999817,-0.03062332049012184,0.4419400095939636,0.4801231324672699,0.017366476356983185,0.4560244083404541,0.3835420310497284,0.007824116386473179,0.4633145034313202,0.3226582407951355,-0.008463986217975616,0.47115346789360046,0.26847150921821594,-0.021003255620598793,0.4111698269844055,0.48315176367759705,0.011163285933434963,0.42254307866096497,0.3922012448310852,-0.003479758044704795,0.4299769401550293,0.33573728799819946,-0.017491009086370468,0.4366757571697235,0.28786230087280273,-0.026613345369696617,0.3759501576423645,0.5013306140899658,0.0015752710169181228,0.3865016996860504,0.43239402770996094,-0.012191832065582275,0.39460980892181396,0.3868013024330139,-0.01963069476187229,0.402288556098938,0.34335649013519287,-0.02467542141675949
0.3928576111793518,0.7167112231254578,3.3666316312519484e-07,0.45907750725746155,0.6704425811767578,-0.026856839656829834,0.5043739080429077,0.5968511700630188,-0.03369750827550888,0.5228427052497864,0.5124686360359192,-0.04101065546274185,0.5138745903968811,0.44240033626556396,-0.046605341136455536,0.47539547085762024,0.49948692321777344,0.0153807383030653,0.49273040890693665,0.42064034938812256,-0.004741620272397995,0.4988572597503662,0.40299147367477417,-0.0261221993714571,0.5045324563980103,0.40109938383102417,-0.03845905885100365,0.443410724401474,0.4832860231399536,0.01652132347226143,0.45784181356430054,0.3848159909248352,0.005577859003096819,0.4642660915851593,0.3227909803390503,-0.012032258324325085,0.4715896546840668,0.2679375410079956,-0.02525920793414116,0.4115341901779175,0.4860258400440216,0.00999370776116848,0.4220186471939087,0.3943505883216858,-0.004836334381252527,0.42936262488365173,0.33528709411621094,-0.018911641091108322,0.43672123551368713,0.28615665435791016,-0.028017105534672737,0.3760857582092285,0.5037820339202881,-5.231970590102719e-06,0.3853835165500641,0.4337886869907379,-0.012666874565184116,0.3929552435874939,0.38708457350730896,-0.01894778572022915,0.4006817936897278,0.3434859812259674,-0.02316480502486229
0.3917582035064697,0.7161386609077454,3.3237111551898124e-07,0.45882293581962585,0.6694844961166382,-0.027275538071990013,0.5059385299682617,0.5954119563102722,-0.03387877345085144,0.5241855978965759,0.5092769265174866,-0.04077671095728874,0.5133652687072754,0.4390559196472168,-0.04584810510277748,0.4759465456008911,0.49893465638160706,0.016303174197673798,0.49298128485679626,0.41860872507095337,-0.003020798321813345,0.4972347021102905,0.4006931185722351,-0.023933786898851395,0.5010126233100891,0.39846715331077576,-0.036020565778017044,0.4437810480594635,0.4828658998012543,0.01801437884569168,0.4582924544811249,0.38444674015045166,0.007831979542970657,0.46424686908721924,0.3226096034049988,-0.009798646904528141,0.47082504630088806,0.2682335078716278,-0.0231477078050375,0.4120081663131714,0.4855194091796875,0.012042905203998089,0.42292073369026184,0.3940544128417969,-0.0022576770279556513,0.43059226870536804,0.3354300558567047,-0.01652947999536991,0.4378311038017273,0.28673914074897766,-0.025825001299381256,0.37598150968551636,0.5028980374336243,0.002604134613648057,0.3856484591960907,0.43272656202316284,-0.009888360276818275,0.39367881417274475,0.38631314039230347,-0.016383446753025055,0.40179067850112915,0.34284913539886475,-0.02071276120841503
0.3917333781719208,0.7145247459411621,3.2266760285892815e-07,0.45858222246170044,0.669166088104248,-0.026759833097457886,0.5064922571182251,0.595307469367981,-0.033869318664073944,0.5249140858650208,0.5104054808616638,-0.041406504809856415,0.5114837884902954,0.44171392917633057,-0.047075770795345306,0.47700661420822144,0.4972720146179199,0.014997489750385284,0.49420464038848877,0.41878417134284973,-0.005170382093638182,0.4984121024608612,0.4035343527793884,-0.026315812021493912,0.5016562938690186,0.4049464464187622,-0.038149669766426086,0.44463926553726196,0.4804080128669739,0.01632549613714218,0.4593276083469391,0.38290339708328247,0.006447023246437311,0.4656289517879486,0.321892112493515,-0.009823095053434372,0.47256606817245483,0.2680874168872833,-0.02206735499203205,0.41277816891670227,0.48234325647354126,0.009979317896068096,0.4239486753940582,0.39149898290634155,-0.0038114667404443026,0.43157368898391724,0.3342091143131256,-0.016489800065755844,0.43861496448516846,0.28649047017097473,-0.02465365268290043,0.3769401013851166,0.49936869740486145,0.00010990245209541172,0.38688552379608154,0.4300950765609741,-0.011617172509431839,0.39504295587539673,0.3845992386341095,-0.0168647151440382,0.4028816223144531,0.3421689569950104,-0.02026350051164627
0.39196932315826416,0.7129157781600952,3.3223111017832707e-07,0.4587553143501282,0.6676406860351562,-0.026848528534173965,0.5060892701148987,0.5949878096580505,-0.03413163870573044,0.5248703956604004,0.5098384618759155,-0.041941843926906586,0.5132544636726379,0.44052183628082275,-0.0479414276778698,0.47756627202033997,0.49724557995796204,0.01566479168832302,0.49477291107177734,0.4204671084880829,-0.004068796057254076,0.500666618347168,0.40327203273773193,-0.024744868278503418,0.5057629942893982,0.403245210647583,-0.03643222898244858,0.44519689679145813,0.4802747368812561,0.016920488327741623,0.4594580829143524,0.3823462724685669,0.0068701161071658134,0.46643781661987305,0.3213852643966675,-0.009225034154951572,0.47466087341308594,0.267084002494812,-0.021262718364596367,0.4136107563972473,0.4820839762687683,0.010462814010679722,0.42455241084098816,0.39123672246932983,-0.0038996993098407984,0.4324510991573334,0.3336593806743622,-0.016638586297631264,0.4401317238807678,0.2856970727443695,-0.024720946326851845,0.3781680762767792,0.49906909465789795,0.0004738982825074345,0.3882145881652832,0.43023425340652466,-0.011946773156523705,0.3962445557117462,0.384438157081604,-0.01757507398724556,0.40407538414001465,0.34185153245925903,-0.021182043477892876
0.3928927481174469,0.7120087742805481,3.376614756689378e-07,0.4600696563720703,0.6668252348899841,-0.026692267507314682,0.5066232681274414,0.592603325843811,-0.03356635570526123,0.5252345204353333,0.5076098442077637,-0.04104738309979439,0.5126535892486572,0.4393411874771118,-0.046654753386974335,0.4786681532859802,0.49693265557289124,0.01697622798383236,0.49642959237098694,0.4202837347984314,-0.002824796363711357,0.5021774172782898,0.40344536304473877,-0.023657606914639473,0.5064716935157776,0.4052571654319763,-0.03515508770942688,0.44612452387809753,0.4799322485923767,0.01840328425168991,0.46099570393562317,0.3819696605205536,0.008924753405153751,0.46815407276153564,0.3206866979598999,-0.006878440268337727,0.4763834476470947,0.2660725712776184,-0.018609553575515747,0.4142893850803375,0.4816834628582001,0.011960220523178577,0.42567288875579834,0.39104098081588745,-0.0018525406485423446,0.43395599722862244,0.3331630825996399,-0.014595198445022106,0.4416866600513458,0.2849969267845154,-0.02266000770032406,0.3785763382911682,0.4982059895992279,0.00195763586089015,0.38895127177238464,0.42951512336730957,-0.009824656881392002,0.3972647786140442,0.3838335871696472,-0.01526937261223793,0.40549957752227783,0.3414360284805298,-0.018805628642439842
0.39261123538017273,0.7111380696296692,3.389994560620835e-07,0.45906195044517517,0.6658475399017334,-0.027063563466072083,0.5061789751052856,0.5929351449012756,-0.03480243682861328,0.5251872539520264,0.5084572434425354,-0.043249718844890594,0.5127913355827332,0.4401364326477051,-0.04962757229804993,0.47952693700790405,0.49549832940101624,0.01680469512939453,0.4976353049278259,0.4174429178237915,-0.0039928681217134,0.5030468702316284,0.4027111828327179,-0.02536037378013134,0.5070703625679016,0.40773558616638184,-0.036727286875247955,0.4470841586589813,0.4785548150539398,0.018338019028306007,0.46227312088012695,0.38064059615135193,0.00902688130736351,0.4689854085445404,0.3196569085121155,-0.006376797799021006,0.47710832953453064,0.2648768723011017,-0.01772131398320198,0.41533178091049194,0.4803370237350464,0.011844891123473644,0.42711111903190613,0.39002490043640137,-0.0013515274040400982,0.4352608025074005,0.33204591274261475,-0.013195776380598545,0.44298678636550903,0.2837088108062744,-0.020644761621952057,0.37953469157218933,0.4967877268791199,0.001635668333619833,0.38988879323005676,0.42802590131759644,-0.009327228181064129,0.3979819416999817,0.38211697340011597,-0.013918922282755375,0.4059813320636749,0.33957481384277344,-0.016757873818278313
0.39198142290115356,0.709721028804779,3.273554227689601e-07,0.4583904445171356,0.6647504568099976,-0.026823414489626884,0.5053914785385132,0.5916752219200134,-0.03439280763268471,0.5248683094978333,0.5073590278625488,-0.04265151917934418,0.5140562653541565,0.4385277032852173,-0.04887489974498749,0.4808463454246521,0.4950036406517029,0.01586325094103813,0.49887827038764954,0.415120929479599,-0.005935268010944128,0.503625214099884,0.40041759610176086,-0.027918150648474693,0.5074296593666077,0.40565481781959534,-0.03962261602282524,0.4483835697174072,0.4781709611415863,0.01726575940847397,0.4638313949108124,0.37988269329071045,0.00685630738735199,0.4705459773540497,0.3185790479183197,-0.00940769538283348,0.4787147343158722,0.26391011476516724,-0.021327754482626915,0.41639551520347595,0.48034095764160156,0.01073981262743473,0.42841213941574097,0.38955873250961304,-0.0032564550638198853,0.4366428256034851,0.33108991384506226,-0.015614500269293785,0.4446239471435547,0.2823724150657654,-0.02335108071565628,0.3801003098487854,0.4971763491630554,0.0005827590357512236,0.3908498287200928,0.4280676245689392,-0.010874785482883453,0.3992663621902466,0.3819493353366852,-0.015808796510100365,0.40771687030792236,0.3390018343925476,-0.018853208050131798
0.3913860321044922,0.7082743048667908,3.07916309338907e-07,0.457933247089386,0.6654784679412842,-0.02574661374092102,0.5054945945739746,0.5917412042617798,-0.03220994770526886,0.524507999420166,0.5078522562980652,-0.039378222078084946,0.5143213868141174,0.44082367420196533,-0.04457038268446922,0.48241472244262695,0.4954768121242523,0.015778588131070137,0.5009855628013611,0.41674479842185974,-0.005546430591493845,0.5064243674278259,0.4026187062263489,-0.02720891498029232,0.5109609365463257,0.4081822335720062,-0.03882918506860733,0.4499165713787079,0.477750301361084,0.01684708520770073,0.4655464291572571,0.38015371561050415,0.006536401808261871,0.4728148877620697,0.3189961016178131,-0.009640859439969063,0.4814196228981018,0.2648031711578369,-0.021512091159820557,0.4176837205886841,0.47937390208244324,0.010231738910079002,0.4298831820487976,0.38886624574661255,-0.0036635883152484894,0.43828877806663513,0.3308866024017334,-0.015861542895436287,0.4466145634651184,0.2823580205440521,-0.02349880151450634,0.38131973147392273,0.49551308155059814,9.630844579078257e-05,0.39204737544059753,0.4263978600502014,-0.011268078349530697,0.4004843235015869,0.3805515170097351,-0.015988603234291077,0.40931379795074463,0.33779656887054443,-0.01888195425271988
0.38532212376594543,0.7014296054840088,2.756933952241525e-07,0.44806206226348877,0.6613024473190308,-0.025349395349621773,0.497226357460022,0.5922464728355408,-0.031283583492040634,0.5155757665634155,0.513515830039978,-0.03754232078790665,0.510526180267334,0.45101398229599,-0.04166463762521744,0.47668346762657166,0.49231937527656555,0.012328081764280796,0.49649369716644287,0.41340503096580505,-0.009426727890968323,0.5017707347869873,0.4021582007408142,-0.03124288097023964,0.5063391923904419,0.4073830842971802,-0.043205197900533676,0.44563397765159607,0.47508811950683594,0.01329581718891859,0.4626542925834656,0.3795418441295624,0.001232256181538105,0.47019505500793457,0.3189995586872101,-0.01619664393365383,0.4787876009941101,0.266215056180954,-0.028801169246435165,0.41438552737236023,0.47690728306770325,0.007025347091257572,0.4283321499824524,0.38814014196395874,-0.00802257377654314,0.43621617555618286,0.33250677585601807,-0.0209621824324131,0.44419124722480774,0.28553032875061035,-0.028880450874567032,0.37871596217155457,0.49311527609825134,-0.0025765597820281982,0.39155375957489014,0.42614051699638367,-0.014436685480177402,0.40037021040916443,0.3819941282272339,-0.019359184429049492,0.4092363119125366,0.339866042137146,-0.022246714681386948
0.38661402463912964,0.7007613182067871,2.7491478249430656e-07,0.44901782274246216,0.6620747447013855,-0.024701453745365143,0.497318297624588,0.5923413038253784,-0.03166494891047478,0.5155240893363953,0.5141576528549194,-0.03937192261219025,0.5068898797035217,0.4542468786239624,-0.044941507279872894,0.47789737582206726,0.4916629195213318,0.010878508910536766,0.49953603744506836,0.411888986825943,-0.013930258341133595,0.503656804561615,0.40468400716781616,-0.03707383945584297,0.5052818059921265,0.41927430033683777,-0.04860984534025192,0.44565489888191223,0.47409915924072266,0.01137411966919899,0.4627878963947296,0.37857455015182495,-0.0010280115529894829,0.4703677296638489,0.3181101679801941,-0.01709904707968235,0.47888386249542236,0.26488757133483887,-0.028271373361349106,0.41365334391593933,0.47670918703079224,0.004461351316422224,0.42732369899749756,0.38784968852996826,-0.010262374766170979,0.43592673540115356,0.3314018249511719,-0.02126014605164528,0.44451630115509033,0.2834831476211548,-0.027628544718027115,0.37771594524383545,0.4938083291053772,-0.005883204750716686,0.39059552550315857,0.4266248047351837,-0.01696767471730709,0.39976921677589417,0.3819177746772766,-0.020382417365908623,0.40927669405937195,0.3396812081336975,-0.02193956822156906
0.3848736584186554,0.6990193724632263,2.9228647235868266e-07,0.44613116979599,0.6605623960494995,-0.02673579752445221,0.4944591820240021,0.5911694765090942,-0.03347376734018326,0.5121855139732361,0.5123884081840515,-0.04026462882757187,0.5053986310958862,0.4514513611793518,-0.0448010228574276,0.47653013467788696,0.4915750324726105,0.01088709570467472,0.4981543719768524,0.413108229637146,-0.01188381016254425,0.5044190883636475,0.4030913710594177,-0.03412407636642456,0.5091114044189453,0.41316354274749756,-0.04572932794690132,0.4447185695171356,0.4739883542060852,0.012827816419303417,0.4612976312637329,0.3783784508705139,0.0013119110371917486,0.4686207175254822,0.31780558824539185,-0.015344330109655857,0.4771933853626251,0.26467904448509216,-0.027240201830863953,0.41298797726631165,0.4766214191913605,0.007382780313491821,0.4263036847114563,0.38827311992645264,-0.006910601165145636,0.4345443546772003,0.33218663930892944,-0.019078660756349564,0.44288381934165955,0.28468161821365356,-0.026439297944307327,0.37736618518829346,0.4934753179550171,-0.0015865921741351485,0.38999930024147034,0.4264008700847626,-0.012704496271908283,0.3984922766685486,0.3817003667354584,-0.016973290592432022,0.4074559509754181,0.3393879532814026,-0.019307365640997887
0.3855092525482178,0.6990228295326233,2.883538172682165e-07,0.44787362217903137,0.6580525040626526,-0.024975093081593513,0.49563300609588623,0.5891392827033997,-0.030635759234428406,0.5118448138237,0.5106785893440247,-0.0367061123251915,0.5016409754753113,0.4515131413936615,-0.04062848538160324,0.47417545318603516,0.49046966433525085,0.014129654504358768,0.4938216209411621,0.41315874457359314,-0.006804413627833128,0.4996820092201233,0.40286359190940857,-0.028245888650417328,0.5044755935668945,0.41136595606803894,-0.03970448300242424,0.4425573945045471,0.4740065336227417,0.015522979199886322,0.4585617482662201,0.3789910674095154,0.005316968075931072,0.4659881293773651,0.318955659866333,-0.010920125059783459,0.4746151268482208,0.2660302519798279,-0.022663116455078125,0.41135504841804504,0.4769708216190338,0.009628280065953732,0.4246796667575836,0.3889586627483368,-0.003662663511931896,0.432832270860672,0.3331776559352875,-0.015767712146043777,0.44081175327301025,0.2860914468765259,-0.023190706968307495,0.3761308789253235,0.4937363862991333,0.00031483653583563864,0.38865989446640015,0.4269624948501587,-0.010121334344148636,0.3970215916633606,0.38248610496520996,-0.014306745491921902,0.40577733516693115,0.34046733379364014,-0.016685258597135544
0.3855583071708679,0.6980615258216858,2.630077062804048e-07,0.447637140750885,0.6575729250907898,-0.02367214299738407,0.4937689006328583,0.5863757729530334,-0.027992263436317444,0.509405791759491,0.5081888437271118,-0.032743752002716064,0.5016520023345947,0.4489794969558716,-0.03531120344996452,0.47094014286994934,0.4895254671573639,0.01411532610654831,0.4886782467365265,0.41029787063598633,-0.006452198605984449,0.49350425601005554,0.4021391272544861,-0.027475619688630104,0.4976288974285126,0.4118204712867737,-0.038732659071683884,0.4404640793800354,0.4738859534263611,0.01536473073065281,0.4560120701789856,0.3795085847377777,0.005092947278171778,0.4633414149284363,0.3195948004722595,-0.011296993121504784,0.4712604880332947,0.26756101846694946,-0.023295661434531212,0.41017037630081177,0.47726961970329285,0.009522470645606518,0.4226025342941284,0.389803409576416,-0.0036723981611430645,0.4303109645843506,0.334637850522995,-0.01609811559319496,0.4376600682735443,0.2884446978569031,-0.023852776736021042,0.37606966495513916,0.49421045184135437,0.00043853867100551724,0.38800331950187683,0.42773935198783875,-0.009923877194523811,0.3960403501987457,0.38363951444625854,-0.014473517425358295,0.40400198101997375,0.34201204776763916,-0.017219925299286842
0.38552790880203247,0.6974273920059204,2.766913951290917e-07,0.4474737346172333,0.6556944847106934,-0.02412448823451996,0.4929690957069397,0.5867981910705566,-0.028633547946810722,0.5089513063430786,0.508209764957428,-0.03343236818909645,0.5006157159805298,0.4473128020763397,-0.036306533962488174,0.46953871846199036,0.49093562364578247,0.015306530520319939,0.48679012060165405,0.41423144936561584,-0.0030801831744611263,0.4915273189544678,0.4000994563102722,-0.023106390610337257,0.495947927236557,0.3999570608139038,-0.03464457392692566,0.4399590790271759,0.4761279225349426,0.0166412852704525,0.45511940121650696,0.3829975128173828,0.006609837058931589,0.46185919642448425,0.3232089877128601,-0.010380502790212631,0.4694814682006836,0.2699902057647705,-0.0230660829693079,0.4102950990200043,0.47948551177978516,0.011006653308868408,0.42194297909736633,0.3930245041847229,-0.0025453795678913593,0.42920681834220886,0.3376787304878235,-0.015971047803759575,0.43636855483055115,0.29112470149993896,-0.0244953203946352,0.37648075819015503,0.495745450258255,0.002179182833060622,0.38731732964515686,0.4292985200881958,-0.009035215713083744,0.3952418863773346,0.38501960039138794,-0.014682426117360592,0.4035000503063202,0.34306836128234863,-0.018320154398679733
0.38682612776756287,0.6971419453620911,2.715441951295361e-07,0.4481412172317505,0.6563885807991028,-0.0234275683760643,0.49277082085609436,0.5862056016921997,-0.027749989181756973,0.5063616633415222,0.5086041688919067,-0.03236578032374382,0.4966980516910553,0.44982847571372986,-0.03502316772937775,0.4690167307853699,0.49110040068626404,0.01324857771396637,0.48635566234588623,0.4121052324771881,-0.006594331469386816,0.49125397205352783,0.4005286693572998,-0.02720711939036846,0.49579551815986633,0.4057549238204956,-0.03860381990671158,0.4394174814224243,0.4763282537460327,0.014350620098412037,0.45435142517089844,0.3826988637447357,0.003795891534537077,0.4609542787075043,0.32268092036247253,-0.013255173340439796,0.468045711517334,0.2714463770389557,-0.02584666572511196,0.40982943773269653,0.47991856932640076,0.00864929798990488,0.4214441478252411,0.3928983807563782,-0.00488155335187912,0.42885562777519226,0.3376126289367676,-0.01825864054262638,0.43603914976119995,0.2918698787689209,-0.026770828291773796,0.3761243522167206,0.4966486990451813,-0.00013399167801253498,0.3869345188140869,0.4304031729698181,-0.011118040420114994,0.39470070600509644,0.38650327920913696,-0.0166105255484581,0.4027706980705261,0.3448584973812103,-0.020148785784840584
0.38793790340423584,0.6968855857849121,2.6911405370810826e-07,0.44790422916412354,0.6560475826263428,-0.023720819503068924,0.491791307926178,0.5863986015319824,-0.02834082767367363,0.5053756833076477,0.5086081027984619,-0.03318248689174652,0.4970294237136841,0.4480929672718048,-0.03620084375143051,0.46867281198501587,0.49064207077026367,0.012952222488820553,0.48425665497779846,0.41315704584121704,-0.005721988156437874,0.4881250858306885,0.40014711022377014,-0.02545902132987976,0.492422491312027,0.4015042781829834,-0.03678653761744499,0.4394128918647766,0.4767568111419678,0.014027143828570843,0.4537297785282135,0.38366496562957764,0.0035278412979096174,0.46023425459861755,0.32427483797073364,-0.013339851051568985,0.46749627590179443,0.2724459767341614,-0.025877589359879494,0.41012808680534363,0.4807702898979187,0.008397596888244152,0.4208248555660248,0.39445966482162476,-0.005335548892617226,0.4277820885181427,0.3395378589630127,-0.01865486241877079,0.43448832631111145,0.2936764657497406,-0.027121737599372864,0.3766341209411621,0.497932106256485,-0.00029122590785846114,0.38707244396209717,0.43140822649002075,-0.011738781817257404,0.39481407403945923,0.3874506950378418,-0.01738792099058628,0.4026479721069336,0.34564000368118286,-0.020986324176192284
0.38995200395584106,0.6964572072029114,2.649793486853014e-07,0.4487058222293854,0.6572889685630798,-0.023314371705055237,0.4921714663505554,0.5877599120140076,-0.02794809825718403,0.5053200721740723,0.5108599662780762,-0.03269350528717041,0.495359867811203,0.45236384868621826,-0.03585653007030487,0.46871909499168396,0.49147820472717285,0.010188339278101921,0.48440688848495483,0.41346973180770874,-0.008725769817829132,0.48987990617752075,0.40020161867141724,-0.028184160590171814,0.4959506690502167,0.40201494097709656,-0.03942330554127693,0.4396058917045593,0.4773940443992615,0.010805892758071423,0.4537438154220581,0.38413912057876587,-7.833324343664572e-05,0.46009135246276855,0.32504767179489136,-0.016776245087385178,0.46688202023506165,0.2741774916648865,-0.029211129993200302,0.41030973196029663,0.48152124881744385,0.005041655618697405,0.4209255874156952,0.394606351852417,-0.008945871144533157,0.42791154980659485,0.3390958309173584,-0.022285694256424904,0.43459028005599976,0.2924278974533081,-0.030916864052414894,0.37673014402389526,0.49920645356178284,-0.0036683198995888233,0.38696718215942383,0.4327179789543152,-0.015618139877915382,0.3947325348854065,0.3890022039413452,-0.02145247720181942,0.4024830758571625,0.34708842635154724,-0.025238433852791786
0.38884538412094116,0.6980748176574707,2.8021528919452976e-07,0.44826653599739075,0.6560072898864746,-0.026877935975790024,0.48969367146492004,0.5860481858253479,-0.032054271548986435,0.500087320804596,0.5057395696640015,-0.03665478900074959,0.49254971742630005,0.44121018052101135,-0.03953803703188896,0.46568867564201355,0.4921150207519531,0.012444154359400272,0.4776557683944702,0.4145206809043884,-0.004559333436191082,0.47815003991127014,0.39506518840789795,-0.023815011605620384,0.4799404740333557,0.3871349096298218,-0.03583743795752525,0.4370957911014557,0.4792555272579193,0.01517484337091446,0.4506228566169739,0.3869965672492981,0.004859869368374348,0.45661661028862,0.3272358179092407,-0.012424146756529808,0.46366921067237854,0.27469712495803833,-0.025558724999427795,0.408916711807251,0.4841909408569336,0.0109251718968153,0.4194395840167999,0.3973466157913208,-0.003499462269246578,0.42614316940307617,0.34220725297927856,-0.017990902066230774,0.43278202414512634,0.2960467040538788,-0.027214806526899338,0.37625694274902344,0.5019375681877136,0.0034428308717906475,0.38651713728904724,0.43525201082229614,-0.009337176568806171,0.3938106298446655,0.39120206236839294,-0.016541382297873497,0.401252806186676,0.34863853454589844,-0.02129248157143593
0.38866034150123596,0.6975387930870056,2.7519473633219604e-07,0.4472229778766632,0.6564466953277588,-0.02380424179136753,0.48840034008026123,0.5861182808876038,-0.027622735127806664,0.4990527629852295,0.5079217553138733,-0.03125857934355736,0.49305108189582825,0.4467853903770447,-0.0331270769238472,0.4643931984901428,0.4902593195438385,0.012247640639543533,0.4781193137168884,0.41301286220550537,-0.004446528851985931,0.4829481542110443,0.39777904748916626,-0.022792501375079155,0.4890053868293762,0.39509648084640503,-0.03388472646474838,0.43602296710014343,0.4776615500450134,0.013766685500741005,0.44872355461120605,0.38531580567359924,0.003780093276873231,0.45531371235847473,0.32666337490081787,-0.012708676978945732,0.4626663029193878,0.2760004699230194,-0.0250240545719862,0.40792977809906006,0.4828193485736847,0.008845826610922813,0.41765356063842773,0.39651745557785034,-0.0048510292544960976,0.4243764877319336,0.34235119819641113,-0.018310770392417908,0.4309002161026001,0.2968749701976776,-0.026828549802303314,0.37565404176712036,0.501302182674408,0.000989866559393704,0.3851976990699768,0.43521058559417725,-0.011124164797365665,0.3921521008014679,0.3920544981956482,-0.01732073724269867,0.3992308974266052,0.35043099522590637,-0.02115771919488907
0.3908652067184448,0.7011141777038574,2.7235202537667647e-07,0.448927104473114,0.6576701998710632,-0.023524250835180283,0.48734837770462036,0.5856783986091614,-0.026522723957896233,0.4933716654777527,0.5064313411712646,-0.029623690992593765,0.48447996377944946,0.4449860155582428,-0.031025417149066925,0.46328869462013245,0.493350088596344,0.016890499740839005,0.4761587083339691,0.417516827583313,0.0016712311189621687,0.48053863644599915,0.40140965580940247,-0.01618874818086624,0.48624667525291443,0.39916348457336426,-0.027135545387864113,0.4342935383319855,0.481335312128067,0.018303070217370987,0.44609570503234863,0.38931673765182495,0.009769624099135399,0.45188379287719727,0.3303889036178589,-0.006672222167253494,0.4589550495147705,0.2790221571922302,-0.019124167039990425,0.4062289893627167,0.48680374026298523,0.012898522429168224,0.41438931226730347,0.4001239836215973,-6.251729791983962e-05,0.4210051894187927,0.34543442726135254,-0.014341702684760094,0.4277486801147461,0.2992086410522461,-0.023525623604655266,0.3740258514881134,0.5052278637886047,0.0045140632428228855,0.38221752643585205,0.43865638971328735,-0.007160957902669907,0.38889604806900024,0.394718199968338,-0.014084871858358383,0.39659634232521057,0.3517332077026367,-0.018737277016043663
0.44469648599624634,0.7138183116912842,3.9568308807247377e-07,0.5055398941040039,0.6736511588096619,-0.030104124918580055,0.5499572157859802,0.6054943203926086,-0.039218559861183167,0.5639573931694031,0.5252981781959534,-0.04803523048758507,0.5629458427429199,0.4543096721172333,-0.05519749969244003,0.5268811583518982,0.5168271064758301,0.008864481002092361,0.543634295463562,0.451593279838562,-0.01009334996342659,0.5499945878982544,0.42812424898147583,-0.02892698533833027,0.5539721846580505,0.42082157731056213,-0.03942747414112091,0.4926908612251282,0.49840667843818665,0.011130849830806255,0.5083564519882202,0.40539801120758057,0.002080232370644808,0.5171490907669067,0.3473690450191498,-0.011121714487671852,0.5270509719848633,0.29418784379959106,-0.02088739350438118,0.45976901054382324,0.49838191270828247,0.005444851238280535,0.4649295508861542,0.4104856252670288,-0.009453692473471165,0.47016027569770813,0.3540786802768707,-0.02237934060394764,0.47593027353286743,0.3069055676460266,-0.030281439423561096,0.4240649938583374,0.5130774974822998,-0.003993588499724865,0.42992305755615234,0.4431232810020447,-0.017514042556285858,0.43393856287002563,0.3975721001625061,-0.02444535493850708,0.4382394552230835,0.354799747467041,-0.029095755890011787
0.43971729278564453,0.7120630145072937,3.9855839872871e-07,0.4998425543308258,0.6700310707092285,-0.02784622088074684,0.5426734089851379,0.6068999171257019,-0.03670243173837662,0.5572457909584045,0.531526505947113,-0.045748915523290634,0.5603941679000854,0.4642372727394104,-0.05350080132484436,0.5200575590133667,0.5207672119140625,0.009899881668388844,0.5365666747093201,0.45810267329216003,-0.007808381225913763,0.5440539717674255,0.434146523475647,-0.026447301730513573,0.5504722595214844,0.42166510224342346,-0.03794417530298233,0.4879545271396637,0.5030162334442139,0.01069073285907507,0.5043518543243408,0.41293418407440186,0.0006186476093716919,0.513204038143158,0.35693567991256714,-0.015250244177877903,0.523137629032135,0.304502934217453,-0.027302172034978867,0.4560074508190155,0.5031070709228516,0.004231508355587721,0.45952340960502625,0.41777825355529785,-0.0114981047809124,0.46165984869003296,0.3625614643096924,-0.02676883153617382,0.46513035893440247,0.3157923221588135,-0.03660472854971886,0.4203369617462158,0.5175849199295044,-0.005571340676397085,0.42348378896713257,0.4500950574874878,-0.019595662131905556,0.42597246170043945,0.40621593594551086,-0.027584541589021683,0.4295613169670105,0.3643507957458496,-0.03328227251768112
0.432653546333313,0.719544529914856,3.7663789953512605e-07,0.4894530773162842,0.6774323582649231,-0.02771073766052723,0.5312941074371338,0.6170196533203125,-0.03721635788679123,0.5465523600578308,0.5452357530593872,-0.04676654934883118,0.5533446669578552,0.48121532797813416,-0.05480609089136124,0.5150330066680908,0.5324509739875793,0.007617430295795202,0.5302815437316895,0.4674408435821533,-0.01224527508020401,0.5349153876304626,0.4445696771144867,-0.03243641182780266,0.5382590293884277,0.4340989887714386,-0.044208019971847534,0.48081153631210327,0.5144241452217102,0.008754520677030087,0.49496665596961975,0.4242161810398102,-0.0027211408596485853,0.5015223026275635,0.3691169023513794,-0.0195100549608469,0.5095217823982239,0.31791573762893677,-0.03173741698265076,0.4474371373653412,0.51460200548172,0.0028817858546972275,0.45026853680610657,0.43105971813201904,-0.012716179713606834,0.45161154866218567,0.37590497732162476,-0.02756292000412941,0.4545029401779175,0.3296373188495636,-0.03685629367828369,0.41151750087738037,0.5285740494728088,-0.0063067045994102955,0.41522589325904846,0.46097517013549805,-0.019239915534853935,0.4171355068683624,0.41750621795654297,-0.02596687525510788,0.42035236954689026,0.37649524211883545,-0.030455496162176132
0.4212019145488739,0.7154874801635742,3.29090681816524e-07,0.4777675271034241,0.675438404083252,-0.0264714527875185,0.5198920369148254,0.6115977168083191,-0.03470408543944359,0.5329042673110962,0.535768449306488,-0.04308953881263733,0.5301042795181274,0.472434937953949,-0.04998399317264557,0.4987971782684326,0.5309712290763855,0.010671493597328663,0.5139958262443542,0.46347227692604065,-0.010393106378614902,0.5179234743118286,0.4467070698738098,-0.030870920047163963,0.5187289118766785,0.4489084780216217,-0.04122018441557884,0.46708717942237854,0.5149003863334656,0.012598199769854546,0.48413804173469543,0.4272879362106323,0.0033243042416870594,0.49253425002098083,0.3720656931400299,-0.0108115179464221,0.5022121071815491,0.3207109570503235,-0.021010346710681915,0.43582993745803833,0.5148842334747314,0.007045236881822348,0.44531381130218506,0.43129462003707886,-0.005662855226546526,0.4523489773273468,0.3759028911590576,-0.017886193469166756,0.4606141746044159,0.32940053939819336,-0.0255928635597229,0.40001803636550903,0.527919352054596,-0.0019622319377958775,0.4029011130332947,0.4615410566329956,-0.012282329611480236,0.4066801369190216,0.4177885353565216,-0.01703929528594017,0.41272348165512085,0.37649792432785034,-0.020175769925117493
0.415440171957016,0.7155387997627258,3.307111455796985e-07,0.47420862317085266,0.6751934289932251,-0.025152022019028664,0.5163888335227966,0.6110461950302124,-0.03374034911394119,0.5296822786331177,0.5361008644104004,-0.04315532371401787,0.5235853791236877,0.4741300046443939,-0.05108046159148216,0.49301284551620483,0.5317795276641846,0.00886524934321642,0.5066863894462585,0.46184825897216797,-0.013919737190008163,0.5124621391296387,0.4489328861236572,-0.03472304716706276,0.5160874724388123,0.45634108781814575,-0.04504716396331787,0.4622240960597992,0.5161219239234924,0.009503165259957314,0.47938790917396545,0.4287671446800232,-0.0012904744362458587,0.4888760447502136,0.37202465534210205,-0.015765603631734848,0.4994058907032013,0.3194733262062073,-0.026258209720253944,0.4310820400714874,0.5165272355079651,0.0027570489328354597,0.4377009868621826,0.43258270621299744,-0.011483791284263134,0.44213172793388367,0.3767187297344208,-0.02439475804567337,0.4483288824558258,0.32984083890914917,-0.03243150934576988,0.39502865076065063,0.5301005244255066,-0.007273920811712742,0.39417487382888794,0.4634409248828888,-0.01921958476305008,0.3941977918148041,0.41829848289489746,-0.025206848978996277,0.3963773548603058,0.37628355622291565,-0.029089782387018204
0.41231486201286316,0.7122595906257629,3.0888023161423916e-07,0.47085997462272644,0.6755532622337341,-0.022972768172621727,0.5139409303665161,0.6132960915565491,-0.03137883171439171,0.5265968441963196,0.5386924743652344,-0.04078091308474541,0.519460141658783,0.47733861207962036,-0.048889268189668655,0.4899618923664093,0.5304781794548035,0.0059776450507342815,0.5049830079078674,0.46103259921073914,-0.016602566465735435,0.509696364402771,0.45060229301452637,-0.03636857494711876,0.5117299556732178,0.46018552780151367,-0.046032339334487915,0.4589260518550873,0.5140874981880188,0.005549543537199497,0.47673436999320984,0.42696329951286316,-0.005425643175840378,0.4860336184501648,0.3712162375450134,-0.01900702901184559,0.4952451288700104,0.31974318623542786,-0.02889496460556984,0.42799097299575806,0.5145455002784729,-0.0016900263726711273,0.43057358264923096,0.43082332611083984,-0.01600017584860325,0.43296635150909424,0.37489965558052063,-0.028431493788957596,0.4366089701652527,0.32865530252456665,-0.03627579286694527,0.3925827741622925,0.528550386428833,-0.011855484917759895,0.3918779194355011,0.4608558416366577,-0.023562440648674965,0.39243537187576294,0.4165074825286865,-0.02923997864127159,0.39465346932411194,0.3759908080101013,-0.03308650851249695
0.4100121855735779,0.7085319757461548,3.0593707833759254e-07,0.46799927949905396,0.6718920469284058,-0.024301236495375633,0.5119413137435913,0.6102656722068787,-0.03312619775533676,0.5238077640533447,0.536396324634552,-0.042252663522958755,0.5150706171989441,0.4760951101779938,-0.05063524842262268,0.48782551288604736,0.5292590856552124,0.002250019460916519,0.5028265714645386,0.46789610385894775,-0.01886397786438465,0.5073251128196716,0.44960111379623413,-0.037917956709861755,0.509224534034729,0.44658535718917847,-0.04829090088605881,0.4555826783180237,0.5111101269721985,0.0018450530478730798,0.47121527791023254,0.4247789680957794,-0.00968226883560419,0.47854387760162354,0.3696831464767456,-0.02348201721906662,0.48603305220603943,0.31797105073928833,-0.03356996923685074,0.42385008931159973,0.5110194683074951,-0.004866739269345999,0.4254271388053894,0.4275612533092499,-0.020435137674212456,0.4262957274913788,0.3727695345878601,-0.033325593918561935,0.4284994602203369,0.3264214098453522,-0.041395895183086395,0.3883603513240814,0.5255799293518066,-0.01444799080491066,0.38712647557258606,0.45806363224983215,-0.027887944132089615,0.38690850138664246,0.4142512083053589,-0.034272704273462296,0.38770437240600586,0.3739805817604065,-0.038499001413583755
0.4133169651031494,0.7014576196670532,3.178258225489117e-07,0.4703127145767212,0.6654181480407715,-0.02365000918507576,0.5140832662582397,0.6049403548240662,-0.031597159802913666,0.5284795761108398,0.5313065648078918,-0.04000498726963997,0.5208002924919128,0.470797061920166,-0.047491420060396194,0.49052736163139343,0.5252335667610168,0.004318821243941784,0.506630539894104,0.46279478073120117,-0.015545650385320187,0.5127578973770142,0.4466375708580017,-0.033707428723573685,0.51651930809021,0.4442684054374695,-0.04367753863334656,0.4595227837562561,0.5073041915893555,0.00386915635317564,0.47550615668296814,0.4214685559272766,-0.00702320272102952,0.4834248721599579,0.36700010299682617,-0.021327685564756393,0.49127811193466187,0.31587448716163635,-0.03198479115962982,0.4280945360660553,0.5072035193443298,-0.0028657878283411264,0.42868316173553467,0.4243530035018921,-0.018113313242793083,0.42954540252685547,0.36954426765441895,-0.03230374678969383,0.43173444271087646,0.3234395384788513,-0.04142715036869049,0.392763614654541,0.521117091178894,-0.012352937832474709,0.3901849389076233,0.4543883800506592,-0.0257819015532732,0.38910582661628723,0.41038110852241516,-0.03317425400018692,0.3891651928424835,0.3702147603034973,-0.03825908899307251
0.42607581615448,0.7228114604949951,3.4840240914491005e-07,0.48170363903045654,0.6851339340209961,-0.026593098416924477,0.5240169763565063,0.6241520643234253,-0.037088993936777115,0.5405309200286865,0.5537182092666626,-0.0478237010538578,0.5415633916854858,0.49022120237350464,-0.05697457864880562,0.5018339157104492,0.536941647529602,0.0015801811823621392,0.5190898180007935,0.4689410328865051,-0.023385463282465935,0.5253041386604309,0.45885804295539856,-0.044978395104408264,0.5278642177581787,0.46841418743133545,-0.05540579557418823,0.46823757886886597,0.5186958909034729,0.0024142940528690815,0.4835044741630554,0.42700472474098206,-0.009978819638490677,0.49014291167259216,0.3723512887954712,-0.02475920505821705,0.4972345232963562,0.32162779569625854,-0.03507251292467117,0.4360158145427704,0.519607663154602,-0.0037066808436065912,0.4375494122505188,0.4353333115577698,-0.018852299079298973,0.43868488073349,0.37913841009140015,-0.03180118650197983,0.44103723764419556,0.3313767910003662,-0.03982500731945038,0.4018975794315338,0.5350993871688843,-0.013048531487584114,0.40511906147003174,0.4671945869922638,-0.02468106523156166,0.4074293375015259,0.42381948232650757,-0.029779456555843353,0.41077062487602234,0.3835706114768982,-0.03306398540735245
0.42575544118881226,0.7312813401222229,3.4724615716186236e-07,0.48266124725341797,0.6904460191726685,-0.025992462411522865,0.523703932762146,0.6282371282577515,-0.036249883472919464,0.5377750992774963,0.5568942427635193,-0.04715472832322121,0.5357824563980103,0.4915924668312073,-0.056484319269657135,0.4974539279937744,0.5388898253440857,0.004682921338826418,0.5154296159744263,0.4719706177711487,-0.02078337036073208,0.522327721118927,0.46243712306022644,-0.0436590313911438,0.5253390669822693,0.47257286310195923,-0.055096011608839035,0.46481406688690186,0.5219395756721497,0.004676439333707094,0.4787255823612213,0.4306141436100006,-0.008086108602583408,0.4846430718898773,0.37468746304512024,-0.023950306698679924,0.4910682439804077,0.3223513662815094,-0.03529827669262886,0.43345314264297485,0.5243344306945801,-0.002543851500377059,0.43640005588531494,0.43954482674598694,-0.018501102924346924,0.43778517842292786,0.3836732506752014,-0.03177518770098686,0.4400954246520996,0.33530592918395996,-0.04003313556313515,0.3997437655925751,0.5412766933441162,-0.012989749200642109,0.40467369556427,0.4741756319999695,-0.025612246245145798,0.408139169216156,0.4306427836418152,-0.031070828437805176,0.41206178069114685,0.38961559534072876,-0.034603916108608246
0.4225587248802185,0.7232248783111572,3.692395296184259e-07,0.4803726375102997,0.6813237071037292,-0.022899679839611053,0.5197911262512207,0.615222692489624,-0.029480895027518272,0.5314021110534668,0.5407423973083496,-0.036746956408023834,0.5287044048309326,0.47746211290359497,-0.042795080691576004,0.49554091691970825,0.5356730222702026,0.011739949695765972,0.5123008489608765,0.47582781314849854,-0.0060640848241746426,0.5175351500511169,0.45413529872894287,-0.024425586685538292,0.5201210379600525,0.4438363313674927,-0.035424962639808655,0.4635305404663086,0.5183268785476685,0.010503030382096767,0.47777271270751953,0.42993712425231934,0.00021931387891527265,0.485051691532135,0.37375232577323914,-0.014698960818350315,0.49220559000968933,0.3199356496334076,-0.02579655684530735,0.432145357131958,0.5192648768424988,0.0024959177244454622,0.43349170684814453,0.43639031052589417,-0.013643419370055199,0.4355871379375458,0.38200056552886963,-0.027995677664875984,0.43850892782211304,0.3340899348258972,-0.03699169680476189,0.39801540970802307,0.5341931581497192,-0.008277473971247673,0.40129080414772034,0.47000589966773987,-0.022468069568276405,0.40553808212280273,0.42801257967948914,-0.029827211052179337,0.4108600616455078,0.38718682527542114,-0.03503327816724777
0.4310917854309082,0.7190547585487366,3.2199312727243523e-07,0.4877649247646332,0.6755755543708801,-0.023855313658714294,0.5263158082962036,0.6072725653648376,-0.028289197012782097,0.5389078259468079,0.5326513648033142,-0.03274732083082199,0.5343894362449646,0.4693407714366913,-0.03623855486512184,0.4959076941013336,0.523501455783844,0.013046816922724247,0.5073014497756958,0.4563157558441162,-0.0002651959366630763,0.5123226046562195,0.4292188286781311,-0.015552761033177376,0.5179919004440308,0.4088596701622009,-0.025918198749423027,0.4678322970867157,0.512496829032898,0.013087466359138489,0.4760913848876953,0.42526504397392273,0.002912011230364442,0.4788209795951843,0.3694955110549927,-0.012831375002861023,0.4818647801876068,0.31900691986083984,-0.024511056020855904,0.44012531638145447,0.516990602016449,0.006802169140428305,0.44611191749572754,0.43387725949287415,-0.008807278238236904,0.45061543583869934,0.38177645206451416,-0.02268746867775917,0.45439353585243225,0.3369789719581604,-0.031190646812319756,0.4085206985473633,0.5339023470878601,-0.0023048303555697203,0.4160831570625305,0.46958017349243164,-0.017274286597967148,0.42292243242263794,0.42718973755836487,-0.025340812280774117,0.42964738607406616,0.38647425174713135,-0.030485691502690315
0.4315570294857025,0.7195838093757629,3.05645102116614e-07,0.48761293292045593,0.6762100458145142,-0.023396790027618408,0.5256224870681763,0.6030362844467163,-0.025646885856986046,0.5376185178756714,0.526695966720581,-0.02721787989139557,0.5308430194854736,0.4649357795715332,-0.02819189615547657,0.4947640597820282,0.5201276540756226,0.009670864790678024,0.49986186623573303,0.4439910352230072,-0.0008761166245676577,0.49971485137939453,0.3975435495376587,-0.013984392397105694,0.5000017285346985,0.35508981347084045,-0.024371353909373283,0.4681189954280853,0.5124862194061279,0.01039635669440031,0.47414830327033997,0.4262794852256775,-0.00043940090108662844,0.47615694999694824,0.36958155035972595,-0.01633555442094803,0.47750982642173767,0.31954658031463623,-0.028175830841064453,0.441169798374176,0.5184394717216492,0.005743013229221106,0.44670864939689636,0.4358667731285095,-0.00938633643090725,0.4515988528728485,0.38431066274642944,-0.022784311324357986,0.45504507422447205,0.3405480980873108,-0.031137308105826378,0.40989434719085693,0.5354141592979431,-0.0016342152375727892,0.4170472323894501,0.47030767798423767,-0.01656399294734001,0.42364346981048584,0.4282437860965729,-0.024919677525758743,0.4299568235874176,0.38822150230407715,-0.030226077884435654
0.4291619658470154,0.7041612863540649,2.708348745272815e-07,0.4858526587486267,0.6658960580825806,-0.025913752615451813,0.529928982257843,0.6080504655838013,-0.032656047493219376,0.5421362519264221,0.536510705947876,-0.03908146172761917,0.5374826788902283,0.4770152270793915,-0.04403816908597946,0.497327983379364,0.5227669477462769,0.009242003783583641,0.5078277587890625,0.45599785447120667,-0.010345329530537128,0.5135802626609802,0.4440169930458069,-0.029993604868650436,0.5197458267211914,0.4464733600616455,-0.040851496160030365,0.46885284781455994,0.509268045425415,0.011172261089086533,0.4777394235134125,0.4242006540298462,9.970280370907858e-05,0.479185551404953,0.3701997995376587,-0.016205914318561554,0.48245400190353394,0.3226454555988312,-0.02805561199784279,0.4416133761405945,0.510879635810852,0.006345795001834631,0.4495390057563782,0.4305956959724426,-0.007742272689938545,0.45314764976501465,0.37868279218673706,-0.020158151164650917,0.457698255777359,0.3353871703147888,-0.027680696919560432,0.4097037613391876,0.5244473218917847,-0.0016894869040697813,0.4191979467868805,0.46150851249694824,-0.012898632325232029,0.4254876375198364,0.42027682065963745,-0.018023613840341568,0.4323228597640991,0.3808552324771881,-0.02107848972082138
0.43615642189979553,0.6882278323173523,2.7298861482449865e-07,0.49249228835105896,0.6546348333358765,-0.023304646834731102,0.532554566860199,0.603233814239502,-0.030798982828855515,0.5504657030105591,0.5420351624488831,-0.039075449109077454,0.5521690845489502,0.48678502440452576,-0.04576307535171509,0.4897690713405609,0.5108268857002258,0.008470858447253704,0.5015435814857483,0.44708776473999023,-0.014232524670660496,0.5159815549850464,0.4455997943878174,-0.03582382947206497,0.5287420749664307,0.4620303511619568,-0.04680361971259117,0.46549931168556213,0.49667832255363464,0.008778725750744343,0.4743362069129944,0.41248077154159546,-0.0029426743276417255,0.47571948170661926,0.35873913764953613,-0.018846577033400536,0.4781554043292999,0.3123807907104492,-0.03033839538693428,0.44114741683006287,0.49755561351776123,0.0023575013037770987,0.4504944682121277,0.4170381426811218,-0.010597105138003826,0.4539985656738281,0.364462673664093,-0.021821506321430206,0.45810627937316895,0.3212001621723175,-0.028701052069664,0.4127054810523987,0.5105390548706055,-0.007338803727179766,0.42214247584342957,0.4478248655796051,-0.016836771741509438,0.4275493621826172,0.4055109918117523,-0.020347632467746735,0.433268278837204,0.3666156530380249,-0.022271601483225822
0.4287540316581726,0.6898199319839478,2.595009789274627e-07,0.4864751100540161,0.6549097299575806,-0.021220475435256958,0.5283978581428528,0.6068894863128662,-0.02875196374952793,0.5447880029678345,0.5468987226486206,-0.037712786346673965,0.5393086671829224,0.49463412165641785,-0.0453275702893734,0.48405998945236206,0.5094119906425476,0.009224225766956806,0.49862197041511536,0.4474174678325653,-0.015198259614408016,0.5133371353149414,0.44849616289138794,-0.03818932920694351,0.5248053669929504,0.46927282214164734,-0.04954180866479874,0.4595174193382263,0.494609534740448,0.007945995777845383,0.46784624457359314,0.40826815366744995,-0.0040650987066328526,0.46691158413887024,0.35275423526763916,-0.02010350674390793,0.46682649850845337,0.30577322840690613,-0.03156903758645058,0.43514400720596313,0.49600404500961304,4.0256287320517004e-05,0.44284188747406006,0.41395947337150574,-0.012961911968886852,0.4442477524280548,0.3608231246471405,-0.02387535758316517,0.4462936818599701,0.31806617975234985,-0.030492015182971954,0.4057498574256897,0.5112416744232178,-0.011031817644834518,0.41423481702804565,0.44742026925086975,-0.020369725301861763,0.4184359610080719,0.4050973653793335,-0.023241547867655754,0.42276033759117126,0.36722898483276367,-0.024584468454122543
0.4158807098865509,0.6995683908462524,2.1136581551672862e-07,0.47418850660324097,0.6637735366821289,-0.02595975250005722,0.5186764001846313,0.6073781251907349,-0.034256916493177414,0.5294849872589111,0.5380531549453735,-0.04279964417219162,0.5134298801422119,0.48531484603881836,-0.049685850739479065,0.4798818826675415,0.5101479291915894,0.00560068991035223,0.4918118119239807,0.4449414014816284,-0.019234178587794304,0.498290091753006,0.4467734694480896,-0.04155125096440315,0.5021937489509583,0.46689754724502563,-0.05214666202664375,0.4504721760749817,0.4953215420246124,0.006623116787523031,0.45683667063713074,0.4060823917388916,-0.0048941997811198235,0.4554522931575775,0.35186535120010376,-0.019726281985640526,0.4554181694984436,0.30422136187553406,-0.030189411714673042,0.4230167865753174,0.49826833605766296,0.0004879523767158389,0.42883652448654175,0.4151654839515686,-0.013288459740579128,0.42983701825141907,0.36134037375450134,-0.025086605921387672,0.43132302165031433,0.3162180185317993,-0.032203733921051025,0.3910820484161377,0.5156196355819702,-0.009071690030395985,0.39804399013519287,0.44984865188598633,-0.019366338849067688,0.40197646617889404,0.4071919620037079,-0.02345474436879158,0.405750036239624,0.3672177195549011,-0.025750501081347466
0.4114326238632202,0.7046516537666321,2.1101052993799385e-07,0.4700893759727478,0.6689345240592957,-0.026469416916370392,0.5161834955215454,0.6138584613800049,-0.03740965947508812,0.5268282294273376,0.5438353419303894,-0.0486147478222847,0.5027984380722046,0.49403148889541626,-0.0578729547560215,0.4786416292190552,0.5131468176841736,0.0026455908082425594,0.4896877110004425,0.4407626986503601,-0.024745004251599312,0.49229663610458374,0.4452503025531769,-0.048449866473674774,0.493447482585907,0.4688836336135864,-0.05948594957590103,0.4481886029243469,0.49890100955963135,0.003690785728394985,0.4555908441543579,0.40880224108695984,-0.00973662082105875,0.45423078536987305,0.35476696491241455,-0.02581827901303768,0.45412954688072205,0.3066980242729187,-0.037128545343875885,0.4196549654006958,0.5025110244750977,-0.0021955466363579035,0.4254024028778076,0.4200853705406189,-0.016213994473218918,0.426058292388916,0.36638402938842773,-0.02744232676923275,0.42729344964027405,0.3209015727043152,-0.03423319756984711,0.3866533935070038,0.5198456048965454,-0.011494917795062065,0.39346039295196533,0.45433953404426575,-0.02068878337740898,0.3974834680557251,0.4119460880756378,-0.023678969591856003,0.4013516902923584,0.37253254652023315,-0.025281677022576332
0.4148486256599426,0.7037811279296875,2.5216823473783734e-07,0.4716501533985138,0.6641151905059814,-0.02695280686020851,0.5142183303833008,0.6088615655899048,-0.03712445870041847,0.5228909850120544,0.5403003692626953,-0.047297120094299316,0.5059360265731812,0.48549556732177734,-0.05610452592372894,0.47469362616539,0.5127682685852051,0.0038708746433258057,0.48591148853302,0.44967567920684814,-0.019112080335617065,0.48939546942710876,0.44663724303245544,-0.04104000702500343,0.49095654487609863,0.45684677362442017,-0.05273176357150078,0.4464418292045593,0.49956637620925903,0.004917968064546585,0.4552769362926483,0.4127819240093231,-0.006821966264396906,0.45683375000953674,0.35893958806991577,-0.022274518385529518,0.45955026149749756,0.311135858297348,-0.033625658601522446,0.42018651962280273,0.5025187730789185,-0.0009104054770432413,0.4282548129558563,0.42105019092559814,-0.015182177536189556,0.4314928650856018,0.36835622787475586,-0.027239076793193817,0.43484795093536377,0.3239082098007202,-0.03470252826809883,0.38973096013069153,0.5196642875671387,-0.010131091810762882,0.39780452847480774,0.45600348711013794,-0.02159520424902439,0.40284013748168945,0.4142606854438782,-0.02619779296219349,0.4068298935890198,0.37495511770248413,-0.02893444150686264
0.4138205349445343,0.6977707147598267,2.4582152491348097e-07,0.470578670501709,0.6616909503936768,-0.02656499482691288,0.5134892463684082,0.6068766713142395,-0.03650487959384918,0.5248184204101562,0.5386611223220825,-0.04630229249596596,0.5077289342880249,0.48401862382888794,-0.054859708994627,0.4757429361343384,0.5133804082870483,0.0017813105368986726,0.4877983629703522,0.451844185590744,-0.021273506805300713,0.4913693368434906,0.4491581320762634,-0.042812611907720566,0.49232375621795654,0.4593959450721741,-0.05420577898621559,0.4481481909751892,0.4987034797668457,0.0027403931599110365,0.4580225348472595,0.41216373443603516,-0.009079682640731335,0.45982998609542847,0.3584275543689728,-0.024376921355724335,0.46233800053596497,0.31103378534317017,-0.035606395453214645,0.4220077395439148,0.5006639361381531,-0.002842599991708994,0.43038812279701233,0.41941705346107483,-0.01694834791123867,0.43386223912239075,0.36667877435684204,-0.028937174007296562,0.43715330958366394,0.32232850790023804,-0.036474935710430145,0.39157748222351074,0.5170918107032776,-0.011690662242472172,0.40001726150512695,0.4536603093147278,-0.022891102358698845,0.40539753437042236,0.4121084213256836,-0.0273301862180233,0.4094755947589874,0.37344375252723694,-0.030041756108403206
0.4202120900154114,0.6978439688682556,2.869445836495288e-07,0.47663211822509766,0.6619445085525513,-0.02294083870947361,0.5176414847373962,0.6124750375747681,-0.03178766742348671,0.533229410648346,0.5532187223434448,-0.04150700941681862,0.5306891798973083,0.49965283274650574,-0.04968356341123581,0.4737558662891388,0.5143330097198486,0.005156449042260647,0.4882405400276184,0.45486289262771606,-0.019636359065771103,0.5047279596328735,0.4561236500740051,-0.04237356036901474,0.5182031989097595,0.4757668972015381,-0.053649332374334335,0.44824323058128357,0.5006198287010193,0.004506058059632778,0.4574752449989319,0.41342565417289734,-0.008295630104839802,0.45893678069114685,0.3583363890647888,-0.02432982064783573,0.4611690640449524,0.31072384119033813,-0.035769276320934296,0.4231032729148865,0.5028864145278931,-0.0025388135109096766,0.43165189027786255,0.420007586479187,-0.01608153060078621,0.4345840811729431,0.3666281998157501,-0.02692418172955513,0.43795067071914673,0.3229680061340332,-0.03346379101276398,0.3936052918434143,0.5189474821090698,-0.012795960530638695,0.40163564682006836,0.4546787142753601,-0.022431297227740288,0.40615415573120117,0.4119046628475189,-0.024990877136588097,0.4106272757053375,0.37316614389419556,-0.026059679687023163
0.4284639060497284,0.7023177146911621,2.930636355813476e-07,0.4848708212375641,0.6652073860168457,-0.018966812640428543,0.5271974802017212,0.6120386123657227,-0.025483518838882446,0.5492795705795288,0.5542952418327332,-0.033518411219120026,0.5607184171676636,0.506233274936676,-0.03981218487024307,0.4764803349971771,0.5129312872886658,0.009565710090100765,0.49258849024772644,0.4510950446128845,-0.012628834694623947,0.5130547881126404,0.45077037811279297,-0.03387653827667236,0.5304222702980042,0.4693680703639984,-0.044812459498643875,0.45230352878570557,0.49852830171585083,0.007232034578919411,0.4609135687351227,0.41128647327423096,-0.004519400652498007,0.46227583289146423,0.35569334030151367,-0.020395295694470406,0.46379145979881287,0.309656023979187,-0.03197794035077095,0.42798757553100586,0.5014722347259521,-0.0011444308329373598,0.4358289837837219,0.4176410734653473,-0.01356801763176918,0.43845656514167786,0.36314088106155396,-0.024566520005464554,0.441649466753006,0.3191899359226227,-0.03163009509444237,0.3994571268558502,0.5192312598228455,-0.012446586973965168,0.4069140553474426,0.45397454500198364,-0.02147827483713627,0.41108763217926025,0.41016364097595215,-0.024056999012827873,0.41599786281585693,0.37081030011177063,-0.025380175560712814
0.4362625181674957,0.704434871673584,3.205640837222745e-07,0.4916298985481262,0.6637178063392639,-0.02188080921769142,0.5323596000671387,0.6064655184745789,-0.030136601999402046,0.5525758862495422,0.544364333152771,-0.039567768573760986,0.5616135597229004,0.488861083984375,-0.046848755329847336,0.47810590267181396,0.5096191763877869,0.00880350824445486,0.4950616657733917,0.4442724585533142,-0.01530351210385561,0.5169433951377869,0.4433959722518921,-0.037837233394384384,0.535215437412262,0.46152663230895996,-0.04918411746621132,0.4543972313404083,0.4964579939842224,0.007475332356989384,0.4617759883403778,0.40752971172332764,-0.004974203649908304,0.46251940727233887,0.3515588045120239,-0.02121887542307377,0.4632329046726227,0.3046714961528778,-0.03297465667128563,0.4303419291973114,0.5001358389854431,-0.0004903858643956482,0.43710067868232727,0.41441625356674194,-0.013421528041362762,0.4391533136367798,0.35904794931411743,-0.024154800921678543,0.4416660666465759,0.3138771653175354,-0.03090629354119301,0.4026721119880676,0.5178818702697754,-0.011733390390872955,0.40968990325927734,0.45169302821159363,-0.02095910906791687,0.4132827818393707,0.4069110155105591,-0.023307494819164276,0.41704025864601135,0.36694204807281494,-0.024300482124090195
0.44420239329338074,0.7002439498901367,3.203211917934823e-07,0.49975571036338806,0.6600744724273682,-0.022139208391308784,0.5400723814964294,0.6052676439285278,-0.03189726918935776,0.5587379932403564,0.5450931191444397,-0.042958229780197144,0.5659271478652954,0.48663944005966187,-0.051958803087472916,0.4867576062679291,0.5053226351737976,0.005922852549701929,0.5049986243247986,0.43969210982322693,-0.01994699239730835,0.5282406806945801,0.43972867727279663,-0.043714310973882675,0.5471464395523071,0.45861777663230896,-0.05567196384072304,0.46303248405456543,0.49219292402267456,0.0040131378918886185,0.4714466631412506,0.402506023645401,-0.009153801947832108,0.47269174456596375,0.3456682562828064,-0.026099516078829765,0.47353464365005493,0.2981342673301697,-0.03866976127028465,0.43926194310188293,0.4959857165813446,-0.004394302144646645,0.4464952051639557,0.4103580415248871,-0.017384633421897888,0.4493868947029114,0.35484522581100464,-0.02823365479707718,0.45245739817619324,0.3094925284385681,-0.035384174436330795,0.4122922420501709,0.513748824596405,-0.016110379248857498,0.41957947611808777,0.44735950231552124,-0.025382084771990776,0.4241865277290344,0.4019443988800049,-0.027804400771856308,0.4289869964122772,0.3614622950553894,-0.02896951511502266
0.44294437766075134,0.7008050680160522,3.2208558309321234e-07,0.4989299476146698,0.6620165109634399,-0.023387663066387177,0.5397673845291138,0.606417715549469,-0.03298719599843025,0.5587481260299683,0.5440317392349243,-0.04382510855793953,0.5650402307510376,0.484815776348114,-0.052553363144397736,0.48824843764305115,0.5065407752990723,0.0075120870023965836,0.5058161616325378,0.44122618436813354,-0.018155016005039215,0.5284329652786255,0.44109609723091125,-0.04218721017241478,0.547543466091156,0.4599445164203644,-0.054457612335681915,0.46397411823272705,0.492505818605423,0.006358123850077391,0.47195926308631897,0.4030579924583435,-0.006807116791605949,0.4732084274291992,0.3468484878540039,-0.023853834718465805,0.4749312400817871,0.29828697443008423,-0.03637320175766945,0.4398576617240906,0.4954715669155121,-0.0016234847716987133,0.447805255651474,0.4095492362976074,-0.015064472332596779,0.4509657621383667,0.3543086647987366,-0.025863580405712128,0.45458975434303284,0.3091069757938385,-0.032719917595386505,0.412552148103714,0.5125434994697571,-0.013085881248116493,0.42019522190093994,0.4463295340538025,-0.022516725584864616,0.42451876401901245,0.4015156924724579,-0.02485469914972782,0.42908361554145813,0.36180466413497925,-0.025867313146591187
0.44197314977645874,0.7012156844139099,3.274646758200106e-07,0.49836382269859314,0.6626972556114197,-0.024227287620306015,0.539877712726593,0.608600378036499,-0.03423399478197098,0.5576982498168945,0.5460324883460999,-0.045258861035108566,0.56324702501297,0.48640087246894836,-0.054273076355457306,0.48903027176856995,0.507544994354248,0.007023334968835115,0.5055654644966125,0.4430425465106964,-0.018528899177908897,0.5267371535301208,0.4415326714515686,-0.042373865842819214,0.5450398921966553,0.46045854687690735,-0.05445568636059761,0.46404388546943665,0.4930896461009979,0.006430945824831724,0.4723283648490906,0.40400147438049316,-0.006677894853055477,0.47346293926239014,0.3481408655643463,-0.023561011999845505,0.4755488336086273,0.30005741119384766,-0.035880930721759796,0.43938180804252625,0.4957466125488281,-0.0010505856480449438,0.44779837131500244,0.40978318452835083,-0.014640317298471928,0.4510499835014343,0.3546651005744934,-0.025513891130685806,0.45504507422447205,0.30991417169570923,-0.032376568764448166,0.4112005829811096,0.5129826068878174,-0.012027814984321594,0.4190613329410553,0.4468986988067627,-0.02161250077188015,0.4237549304962158,0.4022326171398163,-0.02411453053355217,0.4290027618408203,0.3626425564289093,-0.025236984714865685
0.4320101737976074,0.6993913650512695,3.009237161677447e-07,0.48928770422935486,0.663655698299408,-0.023833783343434334,0.5308114886283875,0.613187313079834,-0.03380914032459259,0.5487510561943054,0.5535886287689209,-0.0450865812599659,0.554881751537323,0.49720004200935364,-0.054645996540784836,0.48578211665153503,0.5104514360427856,0.005950242280960083,0.5003868937492371,0.44523459672927856,-0.021126242354512215,0.5173509120941162,0.44642120599746704,-0.04616352543234825,0.5325497984886169,0.46710842847824097,-0.05871889740228653,0.45998615026474,0.49613484740257263,0.005003521218895912,0.46912533044815063,0.40638333559036255,-0.008944149129092693,0.47027695178985596,0.34942811727523804,-0.02645789459347725,0.4728563129901886,0.299752801656723,-0.0389520600438118,0.43453019857406616,0.49913591146469116,-0.0028390022926032543,0.4417110085487366,0.4142339825630188,-0.017152318730950356,0.44337084889411926,0.35943299531936646,-0.028995104134082794,0.44610247015953064,0.31412583589553833,-0.03621038421988487,0.40492451190948486,0.5166499614715576,-0.014099284075200558,0.41185107827186584,0.4507609009742737,-0.02414776384830475,0.41537782549858093,0.40675801038742065,-0.027364589273929596,0.4192068874835968,0.3674216866493225,-0.02887997403740883
0.4300384819507599,0.6987787485122681,3.0082483704063634e-07,0.4860307276248932,0.6650625467300415,-0.024913566187024117,0.5274247527122498,0.6157225966453552,-0.03567153215408325,0.5456674695014954,0.5594461560249329,-0.04741518199443817,0.5528497695922852,0.5076821446418762,-0.05730542168021202,0.48493003845214844,0.5100606679916382,0.0029517856892198324,0.4999234080314636,0.44437751173973083,-0.0252027940005064,0.5167369246482849,0.447488009929657,-0.051078055053949356,0.5309332013130188,0.4696059823036194,-0.0639769658446312,0.4587732255458832,0.49592846632003784,0.002415075898170471,0.4682309925556183,0.4067428410053253,-0.012505936436355114,0.46972718834877014,0.34994271397590637,-0.030759764835238457,0.47221070528030396,0.3011634051799774,-0.04370570927858353,0.43294191360473633,0.4992685616016388,-0.004939321894198656,0.44093236327171326,0.41510242223739624,-0.019620826467871666,0.44335299730300903,0.3603406250476837,-0.03217339888215065,0.4466361105442047,0.31543606519699097,-0.03982166200876236,0.4028776288032532,0.5170659422874451,-0.0157622117549181,0.41032207012176514,0.45139259099960327,-0.02568231150507927,0.41434746980667114,0.4070320427417755,-0.029113367199897766,0.4188753068447113,0.36691808700561523,-0.03082270920276642
0.42725449800491333,0.6988406181335449,2.9451081218212494e-07,0.48497653007507324,0.6657636165618896,-0.026338839903473854,0.5282852649688721,0.6177731156349182,-0.03702503442764282,0.5440961718559265,0.5591737627983093,-0.04823615774512291,0.5479129552841187,0.5051712393760681,-0.057612620294094086,0.48628711700439453,0.5112061500549316,0.0026433193124830723,0.5002530813217163,0.4475717544555664,-0.024357618764042854,0.514737606048584,0.4489890933036804,-0.04900405928492546,0.5272281169891357,0.4685192406177521,-0.061334528028964996,0.4593866467475891,0.49668827652931213,0.0029372775461524725,0.4683206379413605,0.4071371555328369,-0.012091618031263351,0.469639390707016,0.35094645619392395,-0.030262554064393044,0.4727715253829956,0.30220362544059753,-0.04294143617153168,0.4330384433269501,0.4991217851638794,-0.0035952292382717133,0.44092005491256714,0.41483891010284424,-0.019077125936746597,0.4434536099433899,0.36046916246414185,-0.031989872455596924,0.4475307762622833,0.3157396912574768,-0.039586905390024185,0.4021261930465698,0.5159769654273987,-0.01358184777200222,0.40965771675109863,0.4501132369041443,-0.024392280727624893,0.41426628828048706,0.40608105063438416,-0.028421107679605484,0.41968899965286255,0.36590683460235596,-0.030355170369148254
0.42160460352897644,0.7008262872695923,2.53805154670772e-07,0.48038429021835327,0.6673213839530945,-0.02692118100821972,0.5241948962211609,0.618459165096283,-0.03770377114415169,0.5397239923477173,0.557546079158783,-0.04904448986053467,0.5338146090507507,0.5001323819160461,-0.05877621844410896,0.4885837435722351,0.5170449018478394,0.0018142054323107004,0.5043584704399109,0.45333659648895264,-0.02681010402739048,0.5143687725067139,0.4584755301475525,-0.05241575837135315,0.5208582878112793,0.48137202858924866,-0.06485575437545776,0.4605678915977478,0.5008424520492554,0.002303121145814657,0.47037529945373535,0.4108486771583557,-0.012597464956343174,0.4718102812767029,0.3553425073623657,-0.030876915901899338,0.47496482729911804,0.30549049377441406,-0.04388907551765442,0.4327566921710968,0.5025007724761963,-0.004263028036803007,0.4410432279109955,0.41872692108154297,-0.01983286812901497,0.4439333975315094,0.36421334743499756,-0.033210787922143936,0.44778892397880554,0.3191317915916443,-0.04140131548047066,0.4004400372505188,0.5182387232780457,-0.014289584942162037,0.40871524810791016,0.4527440667152405,-0.025064293295145035,0.41405993700027466,0.40917956829071045,-0.029244422912597656,0.4194585084915161,0.36938029527664185,-0.03162712603807449
0.42034438252449036,0.7020716667175293,2.3455179132270132e-07,0.47811633348464966,0.6690897345542908,-0.025791654363274574,0.5220209956169128,0.6181372404098511,-0.03588757663965225,0.5364028215408325,0.5558286905288696,-0.046515028923749924,0.5285638570785522,0.49993807077407837,-0.05541574954986572,0.4900059998035431,0.5164950489997864,0.0027625528164207935,0.5059633255004883,0.45223915576934814,-0.02574693039059639,0.514169454574585,0.457669734954834,-0.05114239826798439,0.5185762047767639,0.48230114579200745,-0.06322836875915527,0.46084704995155334,0.49998506903648376,0.00303106801584363,0.4703504741191864,0.40955352783203125,-0.011125457473099232,0.47132015228271484,0.3540816307067871,-0.02842848002910614,0.4736730456352234,0.30533576011657715,-0.040545228868722916,0.43243125081062317,0.5020390748977661,-0.003666422562673688,0.44076767563819885,0.4183436334133148,-0.018353668972849846,0.4433320462703705,0.36421191692352295,-0.03046758845448494,0.44676563143730164,0.31881213188171387,-0.03778533264994621,0.3997400999069214,0.5185604691505432,-0.01379130594432354,0.40796932578086853,0.45326709747314453,-0.023790303617715836,0.4128313362598419,0.4108213484287262,-0.026945238932967186,0.4178057610988617,0.37155723571777344,-0.028486452996730804
0.42001593112945557,0.7037013173103333,2.2096591578701918e-07,0.47680342197418213,0.669941246509552,-0.026385052129626274,0.5205472707748413,0.6175509691238403,-0.036799561232328415,0.5343972444534302,0.5540370345115662,-0.04764249175786972,0.5256426334381104,0.4976934790611267,-0.0565442256629467,0.4875161647796631,0.5159816145896912,0.0018088408978655934,0.5040772557258606,0.45093443989753723,-0.027824439108371735,0.5118789672851562,0.45804718136787415,-0.05368957668542862,0.5153803825378418,0.4829326570034027,-0.06583532691001892,0.4590787887573242,0.4997292160987854,0.002023181412369013,0.4696619510650635,0.4094094932079315,-0.01315680518746376,0.4710191786289215,0.3538268506526947,-0.030921094119548798,0.4730019271373749,0.3050282895565033,-0.04321257397532463,0.4313526451587677,0.5017839670181274,-0.004851856268942356,0.4396143853664398,0.41859814524650574,-0.020349429920315742,0.442253053188324,0.3647974729537964,-0.0328059196472168,0.44523486495018005,0.3194393515586853,-0.04021534323692322,0.3992639482021332,0.5180657505989075,-0.015173813328146935,0.4075605869293213,0.45284393429756165,-0.025598784908652306,0.41249871253967285,0.41020485758781433,-0.029030691832304,0.4171517491340637,0.37084197998046875,-0.03068947046995163
0.42048195004463196,0.7052533626556396,2.2206405958513642e-07,0.47769707441329956,0.6692092418670654,-0.02758680284023285,0.5195073485374451,0.6133456826210022,-0.03779987990856171,0.5292121767997742,0.546125054359436,-0.048260901123285294,0.5192992687225342,0.48868995904922485,-0.056670669466257095,0.4869299829006195,0.5142602920532227,0.003197484416887164,0.49979597330093384,0.44915497303009033,-0.024849804118275642,0.5062188506126404,0.4531494379043579,-0.049404583871364594,0.5098026394844055,0.4747272729873657,-0.06106511130928993,0.4582073986530304,0.49910634756088257,0.004183455370366573,0.4673524796962738,0.40962475538253784,-0.009997093118727207,0.4692451059818268,0.3544993996620178,-0.026268750429153442,0.4726620316505432,0.30637127161026,-0.037513308227062225,0.4308556914329529,0.5018291473388672,-0.0023132667411118746,0.4380919933319092,0.4191003739833832,-0.017846208065748215,0.4404352307319641,0.36602991819381714,-0.029790230095386505,0.4436575472354889,0.32119321823120117,-0.03671593219041824,0.3994141221046448,0.5186537504196167,-0.012430347502231598,0.4073835611343384,0.4535161554813385,-0.02357410453259945,0.41179734468460083,0.4106809198856354,-0.027721036225557327,0.41601142287254333,0.37056228518486023,-0.029861461371183395
0.42021113634109497,0.7050269246101379,2.1760759238986793e-07,0.47643885016441345,0.6696327328681946,-0.027574384585022926,0.5167852640151978,0.6131656765937805,-0.037759799510240555,0.5275646448135376,0.5463210344314575,-0.04815465211868286,0.5194783210754395,0.48825716972351074,-0.05658973008394241,0.48403921723365784,0.5141009092330933,0.002378764795139432,0.49717527627944946,0.4484099745750427,-0.025339912623167038,0.5037900805473328,0.45302873849868774,-0.049915656447410583,0.5077196955680847,0.47426313161849976,-0.061965201050043106,0.45618051290512085,0.4991777539253235,0.003491370240226388,0.46566081047058105,0.4101178050041199,-0.010793667286634445,0.46789708733558655,0.35476452112197876,-0.027796560898423195,0.4713951349258423,0.30622273683547974,-0.039906442165374756,0.42931848764419556,0.5024067759513855,-0.002704569371417165,0.4372701942920685,0.4203575849533081,-0.01817093975841999,0.44010260701179504,0.3671470880508423,-0.030861785635352135,0.4435645043849945,0.321818470954895,-0.03861379995942116,0.39875683188438416,0.5196624994277954,-0.01244372222572565,0.40654703974723816,0.4550284743309021,-0.023833725601434708,0.4110853672027588,0.4121190309524536,-0.02859627455472946,0.415400892496109,0.3716045022010803,-0.03138091042637825
0.4201997220516205,0.7041664123535156,2.2855356007767114e-07,0.47656193375587463,0.6699003577232361,-0.028473738580942154,0.518059492111206,0.6144762635231018,-0.03987066447734833,0.5293987989425659,0.5495200753211975,-0.05143410712480545,0.521160900592804,0.4914023280143738,-0.06095412001013756,0.4849180579185486,0.5136706829071045,0.000675638613756746,0.5001105070114136,0.4499099850654602,-0.028571296483278275,0.5075979232788086,0.4576651453971863,-0.053986143320798874,0.5112415552139282,0.48271429538726807,-0.06605783849954605,0.4561258554458618,0.4988924562931061,0.0019206301076337695,0.4653089940547943,0.4100548028945923,-0.012588562443852425,0.46751105785369873,0.35454899072647095,-0.029629437252879143,0.4710805118083954,0.30449989438056946,-0.04177013039588928,0.42843008041381836,0.502647340297699,-0.004271398764103651,0.4365743398666382,0.42086225748062134,-0.01973426714539528,0.44001248478889465,0.3669965863227844,-0.03252038732171059,0.4439259171485901,0.3205561637878418,-0.04044223576784134,0.3977195620536804,0.5207563638687134,-0.014081167988479137,0.4053623378276825,0.45665472745895386,-0.025338387116789818,0.41021695733070374,0.413632333278656,-0.029932772740721703,0.41496387124061584,0.37282222509384155,-0.03263353183865547
0.4146449565887451,0.703014075756073,2.4866145054147637e-07,0.46999070048332214,0.6705913543701172,-0.027209706604480743,0.5109360814094543,0.615815281867981,-0.037488751113414764,0.5228254795074463,0.5490586161613464,-0.047636788338422775,0.5116105079650879,0.49250197410583496,-0.05582883581519127,0.47956663370132446,0.5153482556343079,0.0018924735486507416,0.49374493956565857,0.450230211019516,-0.021492134779691696,0.4966032803058624,0.45046642422676086,-0.042986754328012466,0.4974912405014038,0.46367430686950684,-0.054203297942876816,0.45237335562705994,0.4998505115509033,0.0033021436538547277,0.4632999897003174,0.41366302967071533,-0.00846814550459385,0.4668874740600586,0.3599114418029785,-0.023454461246728897,0.4716860353946686,0.31235483288764954,-0.03453117609024048,0.42568129301071167,0.5022611618041992,-0.002071905881166458,0.4342004954814911,0.42167434096336365,-0.015896081924438477,0.43884509801864624,0.3692607879638672,-0.027556804940104485,0.44373083114624023,0.32445162534713745,-0.034991949796676636,0.39548927545547485,0.5188888311386108,-0.010838164947926998,0.40377315878868103,0.4567790925502777,-0.02196507714688778,0.40975162386894226,0.41508281230926514,-0.02663024514913559,0.41530340909957886,0.3755818009376526,-0.029513593763113022
0.41771984100341797,0.6962586045265198,2.6082906856572663e-07,0.4731699526309967,0.6634343266487122,-0.030110109597444534,0.514894425868988,0.6123077273368835,-0.042209602892398834,0.5262489318847656,0.5458019375801086,-0.05392444133758545,0.5158161520957947,0.48697590827941895,-0.06346582621335983,0.4839278757572174,0.5106940269470215,0.0018252533627673984,0.49816185235977173,0.4477880299091339,-0.02326483093202114,0.5012622475624084,0.44997119903564453,-0.04582510516047478,0.501762330532074,0.4675735533237457,-0.056967321783304214,0.4561154544353485,0.4951629638671875,0.0046549164690077305,0.46763986349105835,0.4095352292060852,-0.007132058497518301,0.4707118570804596,0.3562934696674347,-0.02196844108402729,0.47515279054641724,0.3078523874282837,-0.03284737840294838,0.42949238419532776,0.4974718987941742,1.5644243831047788e-05,0.4389234483242035,0.4183288514614105,-0.013787331990897655,0.44316601753234863,0.3667078912258148,-0.02550121769309044,0.4475252032279968,0.322232186794281,-0.03292957693338394,0.3991217017173767,0.5133559107780457,-0.008374685421586037,0.40766701102256775,0.4521952271461487,-0.019129443913698196,0.4134216904640198,0.4108336567878723,-0.02389422617852688,0.4189918041229248,0.37124103307724,-0.026915179565548897
0.42239102721214294,0.6917509436607361,2.1710761188842298e-07,0.4779849648475647,0.662866473197937,-0.029054146260023117,0.5202580094337463,0.6134644746780396,-0.04007187858223915,0.5316928029060364,0.5499938726425171,-0.05052504688501358,0.5236978530883789,0.4931948781013489,-0.05896830931305885,0.4911862015724182,0.5132783055305481,-0.0009206624235957861,0.5057215690612793,0.45164820551872253,-0.025805015116930008,0.5072321891784668,0.45582452416419983,-0.048154108226299286,0.5058474540710449,0.4723426103591919,-0.059534043073654175,0.4637390077114105,0.49784034490585327,0.0014048214070498943,0.4752107560634613,0.4123634696006775,-0.011605655774474144,0.47780972719192505,0.35985106229782104,-0.027825841680169106,0.48112356662750244,0.3132723867893219,-0.039712388068437576,0.4369710087776184,0.49958837032318115,-0.0031340084969997406,0.4465934932231903,0.42091214656829834,-0.0179048553109169,0.450959712266922,0.36932724714279175,-0.03117273934185505,0.4550207555294037,0.3251354396343231,-0.039583221077919006,0.4066550135612488,0.5144274830818176,-0.011081215925514698,0.41592350602149963,0.4529021382331848,-0.022597497329115868,0.4221416413784027,0.4120059311389923,-0.028184041380882263,0.427562415599823,0.37293586134910583,-0.03176683187484741
0.4251687526702881,0.6877880692481995,2.3145267391555535e-07,0.47920262813568115,0.661964476108551,-0.028241582214832306,0.5240971446037292,0.6160297989845276,-0.040065161883831024,0.5387395024299622,0.5568000674247742,-0.05158587545156479,0.5354573726654053,0.5033077001571655,-0.06144728139042854,0.5025246143341064,0.5173091888427734,-0.0031944718211889267,0.5189771056175232,0.4579896032810211,-0.03024205192923546,0.5221185684204102,0.45927518606185913,-0.05401305481791496,0.5217232704162598,0.4792834520339966,-0.0657615214586258,0.4713052809238434,0.4971812665462494,-0.001919633592478931,0.48307913541793823,0.40825268626213074,-0.015930140390992165,0.4853910803794861,0.35650235414505005,-0.03350488841533661,0.48934081196784973,0.311292439699173,-0.046216532588005066,0.4411853551864624,0.49599432945251465,-0.007214308250695467,0.446086585521698,0.4159121513366699,-0.02252095192670822,0.4475094676017761,0.3648836612701416,-0.03747168928384781,0.4499271810054779,0.32307374477386475,-0.04718760773539543,0.40798354148864746,0.5095786452293396,-0.01578706130385399,0.41252005100250244,0.4456382095813751,-0.02703678421676159,0.41436344385147095,0.4047292470932007,-0.03284651041030884,0.4167007505893707,0.3670288324356079,-0.03678491339087486
0.4267128109931946,0.6859080791473389,2.3841582219574775e-07,0.4827771484851837,0.6587554216384888,-0.02818547934293747,0.5280292630195618,0.6140756607055664,-0.04064198210835457,0.5433933734893799,0.5557675957679749,-0.05292031168937683,0.5430898666381836,0.5028403997421265,-0.0636824443936348,0.5056015849113464,0.5161516666412354,-0.0034762797877192497,0.5209994912147522,0.45667585730552673,-0.030816081911325455,0.5235882997512817,0.4551982581615448,-0.05457422882318497,0.5226031541824341,0.47459614276885986,-0.06625169515609741,0.47354617714881897,0.49669378995895386,-0.002350002760067582,0.4848184287548065,0.4079326391220093,-0.016684066504240036,0.4865569472312927,0.355400025844574,-0.033843640238046646,0.4899192154407501,0.3105420470237732,-0.04605279490351677,0.44298267364501953,0.4960556924343109,-0.0078025152906775475,0.4479933977127075,0.4159650206565857,-0.02326827682554722,0.4494240880012512,0.36453568935394287,-0.03725143149495125,0.45193251967430115,0.32293856143951416,-0.04614190384745598,0.40873295068740845,0.5101802945137024,-0.016582826152443886,0.41306832432746887,0.44673991203308105,-0.028160983696579933,0.4151320457458496,0.40544477105140686,-0.0335828997194767,0.41776779294013977,0.36745816469192505,-0.03697255998849869
0.4282797574996948,0.6890758872032166,2.4779291152299265e-07,0.482870876789093,0.6614069938659668,-0.028559450060129166,0.5269290208816528,0.6147106885910034,-0.040400050580501556,0.5422402024269104,0.5547295808792114,-0.05206302925944328,0.5419623255729675,0.5008872747421265,-0.06210251525044441,0.505731463432312,0.5183852314949036,-0.002167666796594858,0.5214667916297913,0.45835593342781067,-0.028599567711353302,0.5234797596931458,0.4571247100830078,-0.051502812653779984,0.5219425559043884,0.4761347472667694,-0.0625838041305542,0.47398099303245544,0.49870356917381287,-0.0006046915077604353,0.4859737753868103,0.4090937674045563,-0.013931398279964924,0.48791906237602234,0.3563993275165558,-0.030250882729887962,0.49166345596313477,0.31012672185897827,-0.04194388538599014,0.44368159770965576,0.4976124167442322,-0.0058935657143592834,0.4480726718902588,0.4173886775970459,-0.020834336057305336,0.44879433512687683,0.3655446171760559,-0.035153619945049286,0.4505062401294708,0.32329362630844116,-0.04441056028008461,0.4098440408706665,0.5107958316802979,-0.014583542011678219,0.4150746464729309,0.4469536244869232,-0.025668643414974213,0.41707995533943176,0.40606969594955444,-0.03145480901002884,0.4197997450828552,0.3685813546180725,-0.0353868193924427
0.4252779185771942,0.6797760725021362,2.4775775386842724e-07,0.4800308346748352,0.6530648469924927,-0.02679535001516342,0.5241239070892334,0.6068645119667053,-0.0383063368499279,0.539660632610321,0.5471960306167603,-0.049871962517499924,0.5383860468864441,0.49284496903419495,-0.06017758324742317,0.5045259594917297,0.5135502815246582,-0.0026324198115617037,0.5212898254394531,0.4555840492248535,-0.02938358671963215,0.5247229337692261,0.45315682888031006,-0.052447427064180374,0.5240361094474792,0.47017574310302734,-0.06381040811538696,0.473232626914978,0.4932186007499695,-0.00209836196154356,0.48619282245635986,0.4050610065460205,-0.01624486595392227,0.4896109700202942,0.35308629274368286,-0.03289126977324486,0.4948931336402893,0.30690616369247437,-0.04472954943776131,0.44299808144569397,0.4920992851257324,-0.0080599719658494,0.4474877417087555,0.4126315116882324,-0.02385866455733776,0.4491041898727417,0.36112233996391296,-0.038103822618722916,0.45212069153785706,0.31867581605911255,-0.047153495252132416,0.40910208225250244,0.5054658055305481,-0.017168818041682243,0.4142323434352875,0.442397803068161,-0.029070939868688583,0.41701778769493103,0.40105605125427246,-0.034994255751371384,0.4205259382724762,0.36310163140296936,-0.03892459347844124
0.4244045615196228,0.6769999861717224,2.7495713084135787e-07,0.47932904958724976,0.6512950658798218,-0.02774948813021183,0.5225220918655396,0.6076276302337646,-0.04088883101940155,0.5398964881896973,0.549598753452301,-0.05410580337047577,0.5385589003562927,0.4941522479057312,-0.06606518477201462,0.5034096837043762,0.5126103758811951,-0.004950250498950481,0.5225259065628052,0.45743486285209656,-0.0320872887969017,0.5252459645271301,0.45381057262420654,-0.05517374724149704,0.5225624442100525,0.46808943152427673,-0.06657727807760239,0.47281530499458313,0.4908014237880707,-0.004434543661773205,0.48798584938049316,0.4035050868988037,-0.018399909138679504,0.4933314323425293,0.35207051038742065,-0.03437022119760513,0.5000874400138855,0.30426573753356934,-0.045902498066425323,0.4427013397216797,0.4888784885406494,-0.010447450913488865,0.4467965364456177,0.41014420986175537,-0.026334911584854126,0.4488588571548462,0.35867494344711304,-0.0405607745051384,0.4517931640148163,0.3158194124698639,-0.04977855458855629,0.4093950390815735,0.5017343759536743,-0.01966416835784912,0.41349273920059204,0.4394192099571228,-0.032015491276979446,0.41584843397140503,0.39820653200149536,-0.03820088505744934,0.4184466600418091,0.361009418964386,-0.04242537543177605
0.4232475757598877,0.6937404870986938,3.033288749065832e-07,0.47809159755706787,0.6641335487365723,-0.027647724375128746,0.520375669002533,0.6178966164588928,-0.04108002036809921,0.5366556644439697,0.5553207397460938,-0.054865531623363495,0.5364607572555542,0.4960785508155823,-0.06733681261539459,0.4986547827720642,0.5241900086402893,-0.0024728416465222836,0.5163630843162537,0.46182751655578613,-0.030596820637583733,0.5217959880828857,0.4579693078994751,-0.05462148040533066,0.5222530961036682,0.47623181343078613,-0.06602839380502701,0.46701565384864807,0.5050363540649414,-0.0012349133612588048,0.48159241676330566,0.4174337685108185,-0.014739004895091057,0.48630383610725403,0.3655925393104553,-0.030858231708407402,0.492377370595932,0.3161247968673706,-0.042420677840709686,0.43705785274505615,0.5045648813247681,-0.0067591676488518715,0.4409291744232178,0.42519623041152954,-0.021271757781505585,0.44186684489250183,0.3724128007888794,-0.034109991043806076,0.4440964460372925,0.3279913663864136,-0.042463041841983795,0.4037216305732727,0.518619179725647,-0.01567390188574791,0.40725457668304443,0.4552990198135376,-0.026041928678750992,0.40975987911224365,0.4142557978630066,-0.03053816221654415,0.41337570548057556,0.3768687844276428,-0.03355377912521362
0.4236942529678345,0.690010130405426,2.812283810271765e-07,0.4765145480632782,0.660093367099762,-0.027327757328748703,0.5162885785102844,0.6118226647377014,-0.041069332510232925,0.5303711295127869,0.5475181937217712,-0.05515643209218979,0.5277045965194702,0.4873256981372833,-0.0679345428943634,0.49708545207977295,0.5239599943161011,-0.005131531041115522,0.5141105651855469,0.4607839584350586,-0.03394192457199097,0.5178349018096924,0.46017956733703613,-0.057526595890522,0.5170851945877075,0.48017004132270813,-0.06856320053339005,0.4662228226661682,0.5048547983169556,-0.004263858776539564,0.48085784912109375,0.41864991188049316,-0.01838519051671028,0.4854745864868164,0.3674657940864563,-0.03415794298052788,0.49116313457489014,0.31711864471435547,-0.045555830001831055,0.43646368384361267,0.5048929452896118,-0.00998158473521471,0.4391430616378784,0.42686304450035095,-0.02521524578332901,0.44017738103866577,0.37508225440979004,-0.038058530539274216,0.4424819052219391,0.3303322494029999,-0.04650792106986046,0.40338587760925293,0.5195083022117615,-0.018902722746133804,0.40559467673301697,0.4576444625854492,-0.02982395328581333,0.4077848792076111,0.4176286458969116,-0.034547358751297,0.41059088706970215,0.38107407093048096,-0.03785955533385277
0.4274238348007202,0.7013928890228271,2.3207094557164964e-07,0.482082724571228,0.6708866953849792,-0.025678714737296104,0.5264002084732056,0.6196682453155518,-0.036848295480012894,0.5387537479400635,0.5539109706878662,-0.04839932918548584,0.5298851728439331,0.4956306517124176,-0.05884164199233055,0.5048301219940186,0.5298162698745728,-0.0013133365428075194,0.5188226103782654,0.466354101896286,-0.027497557923197746,0.5220958590507507,0.4615614712238312,-0.0495581291615963,0.5224436521530151,0.4778779447078705,-0.060250524431467056,0.47240567207336426,0.5112093687057495,-0.0012254449538886547,0.4823633134365082,0.42166921496391296,-0.014567798934876919,0.48253217339515686,0.37020498514175415,-0.029965439811348915,0.4847172498703003,0.3229517340660095,-0.04095203056931496,0.4420965313911438,0.5110713839530945,-0.007585339713841677,0.4445895552635193,0.43127790093421936,-0.022635072469711304,0.44454118609428406,0.3802298903465271,-0.03507901355624199,0.44544047117233276,0.337226003408432,-0.04316352680325508,0.40863654017448425,0.5252124071121216,-0.017096424475312233,0.41400399804115295,0.46240609884262085,-0.028237640857696533,0.41725626587867737,0.42264989018440247,-0.033045925199985504,0.4207276403903961,0.3860856294631958,-0.03636794164776802
0.4292050898075104,0.7012664079666138,2.433853865113633e-07,0.48390820622444153,0.6688070297241211,-0.025813329964876175,0.5267525911331177,0.6188323497772217,-0.036108873784542084,0.5396090149879456,0.5552504062652588,-0.04662302881479263,0.5338722467422485,0.49885252118110657,-0.05564533546566963,0.5007971525192261,0.5259576439857483,0.002168736420571804,0.5144476890563965,0.4616197347640991,-0.02305607683956623,0.5197011828422546,0.4583355486392975,-0.04537200555205345,0.5229460000991821,0.4740232825279236,-0.05642089992761612,0.47054147720336914,0.509320855140686,0.002940066158771515,0.48058512806892395,0.4210451543331146,-0.010412359610199928,0.4822932481765747,0.3689020276069641,-0.026582865044474602,0.48602351546287537,0.32232850790023804,-0.0379895456135273,0.44185975193977356,0.5098989009857178,-0.0029168284963816404,0.4475332796573639,0.42993393540382385,-0.017604390159249306,0.44968169927597046,0.37904292345046997,-0.029859036207199097,0.4529552161693573,0.3363548517227173,-0.03743172436952591,0.4095169007778168,0.5236128568649292,-0.012019564397633076,0.4168715476989746,0.461118221282959,-0.02260875515639782,0.42115581035614014,0.42068010568618774,-0.02707621082663536,0.425762802362442,0.38316789269447327,-0.0298142172396183
0.42977839708328247,0.6990875005722046,2.406745522876008e-07,0.4848189055919647,0.670201301574707,-0.024592438712716103,0.527084231376648,0.6218159198760986,-0.034982502460479736,0.5425306558609009,0.5617170333862305,-0.04585498198866844,0.536379337310791,0.5063610076904297,-0.05546872317790985,0.5003646612167358,0.5248561501502991,0.00033940590219572186,0.5150424838066101,0.46077805757522583,-0.025941448286175728,0.5203446745872498,0.45926934480667114,-0.048973169177770615,0.5226131677627563,0.47755634784698486,-0.0601610504090786,0.4703741669654846,0.5081850290298462,0.0002562861773185432,0.480517715215683,0.41958799958229065,-0.01331298891454935,0.4831182062625885,0.3673344850540161,-0.029776306822896004,0.4871671199798584,0.3206745982170105,-0.04160836711525917,0.4416191577911377,0.5093246698379517,-0.006225787103176117,0.4476584196090698,0.4290485978126526,-0.02066531591117382,0.4499685764312744,0.37679383158683777,-0.033390458673238754,0.45327672362327576,0.33274078369140625,-0.04161990433931351,0.40958672761917114,0.5238077044487,-0.015803765505552292,0.4163963794708252,0.46097514033317566,-0.026268072426319122,0.42113521695137024,0.4196842908859253,-0.03099469467997551,0.4263969659805298,0.381249338388443,-0.03415132313966751
0.4293886721134186,0.6987269520759583,2.5247067014788627e-07,0.48431363701820374,0.6694273948669434,-0.026256907731294632,0.5272659063339233,0.6193498969078064,-0.03710860759019852,0.542107105255127,0.5573030114173889,-0.047978438436985016,0.5344009399414062,0.5022153258323669,-0.057421501725912094,0.5012606978416443,0.5240610241889954,-0.0014966969611123204,0.5165271759033203,0.45933595299720764,-0.028228795155882835,0.5217465162277222,0.4579693078994751,-0.05124443396925926,0.5238170623779297,0.47669053077697754,-0.0621861070394516,0.47050154209136963,0.5071054697036743,-0.0006370244082063437,0.4809747040271759,0.4180757701396942,-0.014325519092381,0.48333191871643066,0.366227924823761,-0.030363203957676888,0.4871772229671478,0.3197442889213562,-0.04164915531873703,0.44129714369773865,0.5081759095191956,-0.006290234159678221,0.447238028049469,0.42791539430618286,-0.02097766101360321,0.4492321312427521,0.37672552466392517,-0.033339835703372955,0.4522600769996643,0.33380401134490967,-0.04102552309632301,0.4089048504829407,0.5228897333145142,-0.015155782923102379,0.41611209511756897,0.4595813751220703,-0.025573942810297012,0.420534610748291,0.41922909021377563,-0.029865872114896774,0.4252188801765442,0.3819807767868042,-0.03251681104302406
0.4290027618408203,0.6995389461517334,2.4173633050850185e-07,0.4845905005931854,0.668421745300293,-0.02520466037094593,0.5275712013244629,0.6177400350570679,-0.03561174124479294,0.541374683380127,0.5540875196456909,-0.046401239931583405,0.5318036675453186,0.49782857298851013,-0.05586300045251846,0.5013627409934998,0.5224578976631165,0.0009073074324987829,0.5161851644515991,0.45826050639152527,-0.025343630462884903,0.520545482635498,0.4562814235687256,-0.04825536906719208,0.5217701196670532,0.4742587208747864,-0.059292636811733246,0.4705400764942169,0.5057988166809082,0.001010341104120016,0.4807136356830597,0.4166393578052521,-0.012205002829432487,0.48261138796806335,0.36462923884391785,-0.028068913146853447,0.486063688993454,0.31782975792884827,-0.039345260709524155,0.4412398934364319,0.5073477625846863,-0.005483163055032492,0.44659996032714844,0.42681315541267395,-0.02001264877617359,0.44849660992622375,0.37498772144317627,-0.03223799541592598,0.45133668184280396,0.33163532614707947,-0.03993379697203636,0.40824094414711,0.5227992534637451,-0.015171308070421219,0.4149092137813568,0.45908328890800476,-0.025773776695132256,0.4194882810115814,0.41776132583618164,-0.030231989920139313,0.424377977848053,0.3794645071029663,-0.03308286890387535
0.4284895062446594,0.7003076076507568,2.4024231493058323e-07,0.4837367832660675,0.667601466178894,-0.024905242025852203,0.526194155216217,0.6160923838615417,-0.034998614341020584,0.5390883088111877,0.5515501499176025,-0.045494306832551956,0.5284786820411682,0.4961870610713959,-0.054556336253881454,0.49991241097450256,0.5207188129425049,0.0022517312318086624,0.5149355530738831,0.45834869146347046,-0.02292071096599102,0.5196442604064941,0.45682865381240845,-0.04523714259266853,0.5214024186134338,0.4735281467437744,-0.056244246661663055,0.46930769085884094,0.503613293170929,0.002161422511562705,0.47927984595298767,0.4148528575897217,-0.010655239224433899,0.4807833731174469,0.36295464634895325,-0.026394551619887352,0.48367545008659363,0.3166492283344269,-0.03761517256498337,0.4400823712348938,0.5050680637359619,-0.004476684611290693,0.44507256150245667,0.42476630210876465,-0.018906567245721817,0.44675949215888977,0.37370532751083374,-0.03121751919388771,0.4492669999599457,0.33098578453063965,-0.03897520527243614,0.4074884057044983,0.5207253098487854,-0.014284508302807808,0.4140914976596832,0.4573676288127899,-0.02492208033800125,0.41830381751060486,0.4163667559623718,-0.029422838240861893,0.42266058921813965,0.37851428985595703,-0.03228713199496269
0.42643284797668457,0.6992817521095276,2.3233135948430572e-07,0.48187968134880066,0.6670083999633789,-0.02586636133491993,0.5243920087814331,0.6151169538497925,-0.03631514683365822,0.5380622744560242,0.5501342415809631,-0.047074541449546814,0.5289236307144165,0.4936610758304596,-0.05623641237616539,0.4979439079761505,0.5198553800582886,0.001845282269641757,0.5120809674263,0.4549027383327484,-0.024268625304102898,0.5166130661964417,0.4540245532989502,-0.047171451151371,0.5184741020202637,0.4718059301376343,-0.0582602433860302,0.46813783049583435,0.5030593276023865,0.002213176805526018,0.47814294695854187,0.41343629360198975,-0.011064909398555756,0.4789581298828125,0.36070626974105835,-0.02713361568748951,0.4810269773006439,0.31367993354797363,-0.03852132335305214,0.43942418694496155,0.5044296979904175,-0.004158164840191603,0.44475626945495605,0.4237375259399414,-0.018698032945394516,0.4455106854438782,0.37156835198402405,-0.03091040998697281,0.4470154047012329,0.3275635838508606,-0.03855011612176895,0.4069572985172272,0.5194150805473328,-0.013811676762998104,0.41362264752388,0.45553717017173767,-0.024246787652373314,0.4172431230545044,0.414212167263031,-0.02845955640077591,0.42087697982788086,0.3758169710636139,-0.031076107174158096
0.42565223574638367,0.6988523006439209,2.2332619664666709e-07,0.48164770007133484,0.6668697595596313,-0.024911990389227867,0.5253022909164429,0.6141431331634521,-0.03474901616573334,0.5379528999328613,0.5494725704193115,-0.044945862144231796,0.5277809500694275,0.4945758581161499,-0.053513702005147934,0.4953133165836334,0.5169651508331299,0.001601595664396882,0.5100951790809631,0.45151838660240173,-0.024406198412179947,0.5151571035385132,0.4517209529876709,-0.0470266230404377,0.5172050595283508,0.4706881642341614,-0.05782540142536163,0.4655648469924927,0.500908374786377,0.0016530249267816544,0.4756792485713959,0.41141217947006226,-0.011560495011508465,0.476734459400177,0.3581269383430481,-0.027117423713207245,0.47855547070503235,0.3111605644226074,-0.03801579773426056,0.4372771978378296,0.5028379559516907,-0.004904948174953461,0.44282037019729614,0.4216441810131073,-0.01917232759296894,0.4440959692001343,0.36905136704444885,-0.030947556719183922,0.44585418701171875,0.3246050775051117,-0.03822539746761322,0.40540674328804016,0.5184057950973511,-0.014691666699945927,0.4123190641403198,0.4540526568889618,-0.02501489967107773,0.41603732109069824,0.41193145513534546,-0.029130782932043076,0.41960087418556213,0.37272292375564575,-0.03157605603337288
0.4251820743083954,0.6975632309913635,2.0490236352088687e-07,0.48184531927108765,0.6667724251747131,-0.02386333793401718,0.5260908603668213,0.6163018941879272,-0.033512748777866364,0.5417003631591797,0.5547695159912109,-0.043693382292985916,0.5294098258018494,0.5020025968551636,-0.05234294757246971,0.4967668652534485,0.5158118605613708,0.0014587079640477896,0.5107911825180054,0.45192790031433105,-0.024137403815984726,0.5138765573501587,0.45246070623397827,-0.0468328557908535,0.514255166053772,0.47025638818740845,-0.057968586683273315,0.46678298711776733,0.49876073002815247,0.0009106207871809602,0.4756757915019989,0.4095681607723236,-0.012013645842671394,0.47617822885513306,0.3568783104419708,-0.02788856253027916,0.47754308581352234,0.31005463004112244,-0.03928819298744202,0.4378485679626465,0.5002216100692749,-0.005920051597058773,0.44284385442733765,0.41978588700294495,-0.019794132560491562,0.4434669017791748,0.36763542890548706,-0.03173024207353592,0.44447681307792664,0.32331788539886475,-0.03934042528271675,0.4052339494228363,0.5159969925880432,-0.015846416354179382,0.41130468249320984,0.4521457552909851,-0.02578861080110073,0.4151213765144348,0.41044583916664124,-0.029636312276124954,0.41872650384902954,0.37162071466445923,-0.03201238811016083
0.42497682571411133,0.6942888498306274,2.1069632794024074e-07,0.4822227954864502,0.6637120246887207,-0.025538893416523933,0.5280054211616516,0.6136777400970459,-0.03449346870183945,0.5424948930740356,0.5515673756599426,-0.04344693198800087,0.5339198112487793,0.49806755781173706,-0.050510093569755554,0.4968803822994232,0.5100409984588623,0.0027628173120319843,0.5106276869773865,0.4449913799762726,-0.021398214623332024,0.514568567276001,0.4461497664451599,-0.04344742000102997,0.5159426331520081,0.46332335472106934,-0.05430646240711212,0.4676685929298401,0.4939410388469696,0.003542981343343854,0.4765916168689728,0.40449535846710205,-0.008885007351636887,0.47640642523765564,0.3503243327140808,-0.025085484609007835,0.4769349694252014,0.30384957790374756,-0.03655463084578514,0.4392234683036804,0.4954712390899658,-0.002207026118412614,0.44603419303894043,0.4135088622570038,-0.015828119590878487,0.44743701815605164,0.3611447811126709,-0.028158459812402725,0.44943705201148987,0.31714928150177,-0.03576459363102913,0.40626537799835205,0.5104230642318726,-0.011187140829861164,0.41323304176330566,0.4460713267326355,-0.020976776257157326,0.4172866940498352,0.4047324061393738,-0.02496512234210968,0.42159679532051086,0.3657646179199219,-0.0272410549223423
0.426379919052124,0.6939669847488403,2.1110290049364266e-07,0.48291006684303284,0.6623508930206299,-0.0251918975263834,0.5287219882011414,0.6127522587776184,-0.03448418900370598,0.5433698892593384,0.5504882335662842,-0.043984271585941315,0.5346889495849609,0.49546051025390625,-0.05166349187493324,0.49833980202674866,0.5086339712142944,0.0033087790943682194,0.5117330551147461,0.4444426894187927,-0.02027243748307228,0.515617311000824,0.4435120224952698,-0.04173078015446663,0.5172591805458069,0.4587957262992859,-0.052349526435136795,0.4686434268951416,0.49219033122062683,0.0036340111400932074,0.4778292179107666,0.4025923013687134,-0.008304586634039879,0.4772258698940277,0.34906911849975586,-0.02355307713150978,0.47771114110946655,0.3026813268661499,-0.03429810702800751,0.44004157185554504,0.49354347586631775,-0.002574674552306533,0.44669583439826965,0.41209182143211365,-0.015656592324376106,0.44793739914894104,0.36042147874832153,-0.026969827711582184,0.4499624967575073,0.31670764088630676,-0.03396369516849518,0.4071720838546753,0.5084380507469177,-0.01210202556103468,0.4145185947418213,0.44388818740844727,-0.021625583991408348,0.418373703956604,0.40230992436408997,-0.025151405483484268,0.42248860001564026,0.36307990550994873,-0.02709498442709446
0.42861509323120117,0.6921526193618774,2.1033062580499973e-07,0.4850355088710785,0.6612704992294312,-0.0255177840590477,0.5297475457191467,0.6110808849334717,-0.03473423793911934,0.5440703630447388,0.5484036207199097,-0.04395781457424164,0.5360850691795349,0.4935683310031891,-0.05154288560152054,0.49901458621025085,0.507901668548584,0.0017971227644011378,0.5128635168075562,0.4438186287879944,-0.021640438586473465,0.5169731974601746,0.441142737865448,-0.04308796674013138,0.5186024308204651,0.4546267092227936,-0.053978946059942245,0.4693782329559326,0.491290420293808,0.002223727060481906,0.47902944684028625,0.4008675515651703,-0.010196983814239502,0.47858506441116333,0.34710493683815,-0.025972949340939522,0.4790271520614624,0.3014432191848755,-0.0371677502989769,0.4407810568809509,0.4927349388599396,-0.003708707168698311,0.44800153374671936,0.41065189242362976,-0.01737736165523529,0.44947800040245056,0.3590505123138428,-0.029420379549264908,0.45164477825164795,0.31578558683395386,-0.036920707672834396,0.4081094264984131,0.5079885721206665,-0.012875239364802837,0.41559380292892456,0.4432205855846405,-0.02319718338549137,0.41927289962768555,0.40148815512657166,-0.027371468022465706,0.42287302017211914,0.3623410165309906,-0.02977323904633522
0.42905405163764954,0.6900301575660706,2.1089215351821622e-07,0.4860033690929413,0.6587264537811279,-0.025381872430443764,0.5308462381362915,0.6084212064743042,-0.03476984426379204,0.544786810874939,0.5446803569793701,-0.04422773793339729,0.5342980027198792,0.4897539019584656,-0.05188458412885666,0.5007426738739014,0.505097508430481,0.002418234944343567,0.5147332549095154,0.4401223659515381,-0.02161112241446972,0.518106997013092,0.43943551182746887,-0.043482404202222824,0.5190055966377258,0.4551743268966675,-0.05436261370778084,0.47052112221717834,0.48833009600639343,0.0028823346365243196,0.4797547459602356,0.39789441227912903,-0.009548838250339031,0.4793972671031952,0.3443971276283264,-0.02546866238117218,0.4800257086753845,0.2984914183616638,-0.036771275103092194,0.44154661893844604,0.4898301959037781,-0.0030622933991253376,0.44810372591018677,0.4079948663711548,-0.01655302196741104,0.4494783282279968,0.35653233528137207,-0.028351077809929848,0.45150959491729736,0.3132152557373047,-0.03569044917821884,0.40867215394973755,0.505228579044342,-0.012248974293470383,0.4162384271621704,0.4404350519180298,-0.022065646946430206,0.4200163781642914,0.3991301655769348,-0.025744879618287086,0.4236786961555481,0.3605932593345642,-0.02779063582420349
0.43031740188598633,0.6884179711341858,2.1644750347604713e-07,0.4873771667480469,0.6564927697181702,-0.02541077509522438,0.5308229923248291,0.6052154302597046,-0.034744154661893845,0.5461727380752563,0.5421095490455627,-0.04426325112581253,0.5377459526062012,0.48711133003234863,-0.05206915736198425,0.5002890229225159,0.5020111799240112,0.0022971967700868845,0.5141555666923523,0.43727362155914307,-0.021331528201699257,0.518227219581604,0.43545687198638916,-0.04281175881624222,0.5196405053138733,0.4490970969200134,-0.053670261055231094,0.47082656621932983,0.4856739044189453,0.0024107294157147408,0.4798597991466522,0.39481478929519653,-0.01012373622506857,0.4795011878013611,0.3405088186264038,-0.025903142988681793,0.4798884689807892,0.293925404548645,-0.037100594490766525,0.4421062767505646,0.48742592334747314,-0.003922614268958569,0.4484756290912628,0.4050241708755493,-0.017752986401319504,0.4498806595802307,0.35302603244781494,-0.029649382457137108,0.4519718885421753,0.309320330619812,-0.03700612485408783,0.4093468189239502,0.5028446912765503,-0.013513102196156979,0.41646435856819153,0.4377611577510834,-0.023918425664305687,0.4204302430152893,0.3957982659339905,-0.028006749227643013,0.4244113266468048,0.35682931542396545,-0.030338359996676445
0.43048152327537537,0.6860104203224182,2.233408906704426e-07,0.48790472745895386,0.6529031991958618,-0.027428394183516502,0.5324162840843201,0.6000293493270874,-0.03785060718655586,0.5446878671646118,0.5326299071311951,-0.04831673577427864,0.5371401906013489,0.47418439388275146,-0.05676427111029625,0.5017073154449463,0.4984903335571289,0.0029249126091599464,0.5160906910896301,0.43239521980285645,-0.023563161492347717,0.5205913186073303,0.4328211843967438,-0.046878427267074585,0.5218519568443298,0.4520406723022461,-0.0579204224050045,0.4715849757194519,0.48219797015190125,0.004138269927352667,0.48078247904777527,0.3910430073738098,-0.009335908107459545,0.4799550473690033,0.33672887086868286,-0.02562137320637703,0.4801396131515503,0.2901286482810974,-0.0368037186563015,0.4429399073123932,0.4838903248310089,-0.0017334296135231853,0.4493172764778137,0.40176859498023987,-0.01638505607843399,0.4501992166042328,0.349740207195282,-0.028041183948516846,0.45191824436187744,0.30644989013671875,-0.03479529544711113,0.40977615118026733,0.4996741712093353,-0.011096586473286152,0.4170669615268707,0.434650719165802,-0.02159879542887211,0.42090049386024475,0.3927749991416931,-0.02529011107981205,0.42468389868736267,0.3538270890712738,-0.0269993357360363
0.4311493933200836,0.6829733848571777,2.2726595716449083e-07,0.48794180154800415,0.6517759561538696,-0.027132956311106682,0.5335245728492737,0.6014776825904846,-0.03863760828971863,0.5490403771400452,0.5391536951065063,-0.05036052688956261,0.5432867407798767,0.4830763339996338,-0.06018683314323425,0.502559244632721,0.495735764503479,0.00018338377412874252,0.5186880230903625,0.4297234117984772,-0.02795564942061901,0.5236009955406189,0.43137577176094055,-0.05243956670165062,0.5241561532020569,0.45429739356040955,-0.06396540999412537,0.4720969796180725,0.4788166582584381,0.0009075917187146842,0.48142746090888977,0.3868344724178314,-0.013704266399145126,0.4806514084339142,0.33244097232818604,-0.030815809965133667,0.4809637665748596,0.2864312529563904,-0.04261643439531326,0.4428355097770691,0.4806876480579376,-0.00521110137924552,0.44945675134658813,0.3979218602180481,-0.02016718126833439,0.4506228566169739,0.3450929820537567,-0.03218737244606018,0.4527384042739868,0.3017905354499817,-0.039369385689496994,0.4094237685203552,0.4968513250350952,-0.014794530346989632,0.41686829924583435,0.4314866065979004,-0.0253116637468338,0.4206707179546356,0.3885491192340851,-0.028972432017326355,0.4246847629547119,0.3492681086063385,-0.030748577788472176
0.4310486912727356,0.682781457901001,2.3660258818836155e-07,0.4890124201774597,0.6490848660469055,-0.027565736323595047,0.5336799621582031,0.5966216921806335,-0.037372976541519165,0.5476986169815063,0.5307289958000183,-0.0469687394797802,0.5423747301101685,0.4726785719394684,-0.054683953523635864,0.5022281408309937,0.4934111535549164,0.002646779641509056,0.5173900127410889,0.42907851934432983,-0.020484788343310356,0.5214130282402039,0.42646679282188416,-0.04175655171275139,0.5229267477989197,0.43962207436561584,-0.05266332998871803,0.4724963903427124,0.47620853781700134,0.00369381089694798,0.48168715834617615,0.3839123249053955,-0.00876680575311184,0.4811485707759857,0.3290712237358093,-0.024985749274492264,0.4816895127296448,0.28317463397979736,-0.036479681730270386,0.4436113238334656,0.47760990262031555,-0.0020199406426399946,0.4495820999145508,0.3936821222305298,-0.016654016450047493,0.4506160616874695,0.3407434821128845,-0.02970210462808609,0.4525575041770935,0.29714804887771606,-0.03764686733484268,0.4105609655380249,0.4935407042503357,-0.011096763424575329,0.4178207516670227,0.4271444082260132,-0.022606223821640015,0.42156919836997986,0.3843230605125427,-0.027752744033932686,0.425437867641449,0.3446877598762512,-0.030693495646119118
0.43118950724601746,0.6809121966362,2.435057524508011e-07,0.49042490124702454,0.6476178169250488,-0.028269201517105103,0.5352340340614319,0.5914457440376282,-0.037950433790683746,0.5503080487251282,0.5218769907951355,-0.04742339625954628,0.5466004610061646,0.4605095088481903,-0.05512816086411476,0.5053330659866333,0.49156832695007324,0.003856705967336893,0.5212581157684326,0.4294499158859253,-0.019295429810881615,0.524233341217041,0.42378875613212585,-0.04081379994750023,0.524110734462738,0.4348168969154358,-0.05192048102617264,0.4745034873485565,0.47320228815078735,0.005274781491607428,0.4840659201145172,0.38167518377304077,-0.006891871336847544,0.4833044111728668,0.32646042108535767,-0.02293011173605919,0.4836390018463135,0.2789469361305237,-0.03441789373755455,0.44470930099487305,0.47342410683631897,-0.00032590932096354663,0.450320303440094,0.3897910714149475,-0.015087268315255642,0.4505009055137634,0.3370198607444763,-0.02799990028142929,0.4515811800956726,0.292812705039978,-0.03593515232205391,0.41106465458869934,0.48818323016166687,-0.009386841207742691,0.4176125228404999,0.422203004360199,-0.021001344546675682,0.42105627059936523,0.37962591648101807,-0.026113005355000496,0.4246106743812561,0.3402612805366516,-0.02915921062231064
0.4315730035305023,0.6778234839439392,2.7467788754620415e-07,0.49164879322052,0.6456055045127869,-0.028201235458254814,0.5385233163833618,0.5930901765823364,-0.039151884615421295,0.5543791055679321,0.5245456099510193,-0.050095945596694946,0.5478073954582214,0.4611929953098297,-0.05922366678714752,0.5065944194793701,0.487975150346756,0.0037486583460122347,0.5247746109962463,0.4257946312427521,-0.02081894688308239,0.5302717089653015,0.42043399810791016,-0.043262630701065063,0.5311965346336365,0.435528963804245,-0.05421127378940582,0.4750283658504486,0.46887898445129395,0.005135832820087671,0.4854685664176941,0.3768065571784973,-0.006380259990692139,0.4863084554672241,0.3216002583503723,-0.021556012332439423,0.48827674984931946,0.2742577791213989,-0.0323772206902504,0.44512808322906494,0.4688684046268463,-0.0006851039943285286,0.44995489716529846,0.384531170129776,-0.014553342945873737,0.4509342312812805,0.33029359579086304,-0.026641279458999634,0.4527948796749115,0.2855224609375,-0.034205034375190735,0.4116958975791931,0.48416563868522644,-0.010098954662680626,0.4174667000770569,0.41802942752838135,-0.020932091400027275,0.4200378954410553,0.37493807077407837,-0.025304505601525307,0.4221835434436798,0.33603936433792114,-0.027836620807647705
0.43279552459716797,0.6754117012023926,2.7072761099589115e-07,0.49257341027259827,0.6452428698539734,-0.028661295771598816,0.5398632884025574,0.5920261144638062,-0.04041300714015961,0.5570060014724731,0.5237325429916382,-0.05206680670380592,0.5515804290771484,0.46115103363990784,-0.061896611005067825,0.5116029381752014,0.4876132905483246,-6.20977662038058e-05,0.5313129425048828,0.4208649694919586,-0.026631055399775505,0.5367927551269531,0.4165920913219452,-0.050062838941812515,0.5370921492576599,0.43517953157424927,-0.06119129806756973,0.4786491096019745,0.4679422974586487,0.0013946248218417168,0.48910224437713623,0.3727944493293762,-0.011441314592957497,0.48978176712989807,0.31686967611312866,-0.02753705531358719,0.4914146959781647,0.2695322632789612,-0.03892204165458679,0.44740989804267883,0.4678559899330139,-0.004128655418753624,0.45223966240882874,0.3815467953681946,-0.01846999116241932,0.45349666476249695,0.32641828060150146,-0.030904997140169144,0.4555140435695648,0.2818194627761841,-0.03873370587825775,0.41309255361557007,0.48289504647254944,-0.013193907216191292,0.41824907064437866,0.4147811830043793,-0.024190690368413925,0.4204389452934265,0.3703286945819855,-0.02861925959587097,0.4223940074443817,0.3307313919067383,-0.031139720231294632
0.4339800179004669,0.675631582736969,2.6652335805010807e-07,0.49373191595077515,0.6460556983947754,-0.028838366270065308,0.5430257320404053,0.5914992690086365,-0.04073932394385338,0.55970698595047,0.5234777331352234,-0.05241280794143677,0.5538411736488342,0.4605168402194977,-0.06232212856411934,0.5152685046195984,0.48586463928222656,-0.0019095425959676504,0.5354717373847961,0.42173001170158386,-0.029357576742768288,0.5402780175209045,0.4150868058204651,-0.05321935936808586,0.5392215847969055,0.4315400719642639,-0.0645848959684372,0.4811271131038666,0.46527329087257385,-0.0009323043050244451,0.491800457239151,0.36958247423171997,-0.01460290513932705,0.4929295778274536,0.3126489520072937,-0.030625857412815094,0.49452775716781616,0.26478198170661926,-0.041787244379520416,0.4490814208984375,0.4653588831424713,-0.00690804049372673,0.4537373185157776,0.37876272201538086,-0.02202250435948372,0.4556741416454315,0.3236067295074463,-0.03434336557984352,0.458256334066391,0.27810072898864746,-0.041989605873823166,0.4139595627784729,0.48110827803611755,-0.01644386537373066,0.419139564037323,0.41250118613243103,-0.028301067650318146,0.4215478301048279,0.3675885796546936,-0.032944321632385254,0.4235854148864746,0.32684528827667236,-0.03552395477890968
0.4348714351654053,0.6761136651039124,2.8587473366314953e-07,0.4955335557460785,0.6459681391716003,-0.03002251870930195,0.545029878616333,0.5911872386932373,-0.04239843040704727,0.5632535219192505,0.5220874547958374,-0.05445843189954758,0.5578784346580505,0.45740726590156555,-0.0648200586438179,0.5168635845184326,0.48554643988609314,-0.001946716452948749,0.5374588370323181,0.42073142528533936,-0.02951180562376976,0.5433634519577026,0.4123104512691498,-0.05352657660841942,0.5434576869010925,0.4271402657032013,-0.06494803726673126,0.4826240539550781,0.46440014243125916,-0.0003439667052589357,0.49356091022491455,0.36729753017425537,-0.013722706586122513,0.49448513984680176,0.3094763159751892,-0.0294319000095129,0.49624404311180115,0.26052695512771606,-0.04034002497792244,0.4503670036792755,0.4639976918697357,-0.005875586066395044,0.45597368478775024,0.37635907530784607,-0.02064257673919201,0.4583408832550049,0.32055753469467163,-0.03243870288133621,0.4613017141819,0.27454107999801636,-0.03971989452838898,0.4148726165294647,0.47935324907302856,-0.015171678736805916,0.42021554708480835,0.4102451801300049,-0.026778584346175194,0.42274826765060425,0.36501723527908325,-0.031085655093193054,0.4249202311038971,0.3238487243652344,-0.0333787202835083
0.43680912256240845,0.6747094988822937,2.743194329468679e-07,0.49710530042648315,0.6452988386154175,-0.02900790236890316,0.5461360812187195,0.5905218720436096,-0.04117821902036667,0.5667946934700012,0.5236606597900391,-0.05339736491441727,0.5644358992576599,0.4606666564941406,-0.06396413594484329,0.5189956426620483,0.48451608419418335,-0.0023242190945893526,0.5404863357543945,0.4161366820335388,-0.0313752144575119,0.5469035506248474,0.4102088510990143,-0.056649260222911835,0.547336220741272,0.428764283657074,-0.06865788996219635,0.4839744567871094,0.46324074268341064,-0.0012523788027465343,0.4949144124984741,0.3649975061416626,-0.015860777348279953,0.4957863390445709,0.3068922758102417,-0.03309963271021843,0.49745050072669983,0.2572140693664551,-0.0451219268143177,0.4510278105735779,0.4627869427204132,-0.007146327756345272,0.4574626386165619,0.3738877773284912,-0.02239508554339409,0.4597121775150299,0.3171939253807068,-0.03486660122871399,0.4625783860683441,0.270238995552063,-0.042649172246456146,0.4156288206577301,0.47794973850250244,-0.016692453995347023,0.4215458035469055,0.40767985582351685,-0.02803896926343441,0.42428669333457947,0.3615739941596985,-0.03219775855541229,0.42678797245025635,0.3199514150619507,-0.03446989133954048
0.44472771883010864,0.6847392320632935,2.8127243467679364e-07,0.5088654160499573,0.6501011848449707,-0.03066297061741352,0.5591148138046265,0.5864093899726868,-0.04242807626724243,0.5782805681228638,0.5090948343276978,-0.05374634638428688,0.570436954498291,0.44015321135520935,-0.06386949867010117,0.5323400497436523,0.4827089309692383,-0.0015537411672994494,0.5533357858657837,0.4172489643096924,-0.03034183196723461,0.5578013062477112,0.40448853373527527,-0.05653269961476326,0.5563826560974121,0.41051551699638367,-0.07036417722702026,0.4965125024318695,0.4604475498199463,-0.0007494379533454776,0.5089802145957947,0.360789954662323,-0.01671336032450199,0.5103486180305481,0.3002942204475403,-0.03593822568655014,0.5120985507965088,0.24670355021953583,-0.04966667294502258,0.4621392786502838,0.46020594239234924,-0.007049832958728075,0.4710066020488739,0.36772215366363525,-0.024971405044198036,0.47452375292778015,0.30845779180526733,-0.039224475622177124,0.47784706950187683,0.2578067481517792,-0.04801446199417114,0.4241963028907776,0.47684282064437866,-0.016883565112948418,0.4333857595920563,0.4043692350387573,-0.030854666605591774,0.43958356976509094,0.35683608055114746,-0.03629930317401886,0.4448920488357544,0.3129849433898926,-0.039414022117853165
0.43933814764022827,0.7348201274871826,3.0827538921585074e-07,0.506141722202301,0.6907911896705627,-0.03578581288456917,0.5636763572692871,0.6177621483802795,-0.049596238881349564,0.5780423879623413,0.5287519693374634,-0.06273355334997177,0.5671369433403015,0.4529896676540375,-0.07414258271455765,0.5285179018974304,0.5044202208518982,-0.0018595564179122448,0.5497748255729675,0.4226435124874115,-0.034817781299352646,0.5554762482643127,0.41148805618286133,-0.0639771968126297,0.5571345686912537,0.4240162670612335,-0.07881635427474976,0.4878714680671692,0.48370271921157837,-0.000272186502115801,0.5005272626876831,0.3718888759613037,-0.0183017048984766,0.5009056329727173,0.30438923835754395,-0.03986062854528427,0.5030211806297302,0.24559959769248962,-0.055129073560237885,0.45029208064079285,0.48689720034599304,-0.007036096882075071,0.4584251046180725,0.3847205340862274,-0.026813870295882225,0.46199554204940796,0.3195148706436157,-0.04278205707669258,0.46679195761680603,0.2635887861251831,-0.05272025242447853,0.40777093172073364,0.5092945694923401,-0.017998427152633667,0.4152166247367859,0.4288119077682495,-0.03321662172675133,0.41969725489616394,0.37602025270462036,-0.039400938898324966,0.42372676730155945,0.32611751556396484,-0.04300351440906525
0.43744778633117676,0.7371902465820312,3.23172827165763e-07,0.5039581060409546,0.6916325092315674,-0.036201175302267075,0.5605146288871765,0.6194027662277222,-0.05051068216562271,0.57610023021698,0.5307842493057251,-0.06423278898000717,0.5647298097610474,0.4540102481842041,-0.07647863030433655,0.5269474387168884,0.5072290301322937,-0.001492018112912774,0.5483680963516235,0.4292239546775818,-0.03395510092377663,0.5520076751708984,0.4132970869541168,-0.06310202181339264,0.5514215230941772,0.42029696702957153,-0.07836256176233292,0.4858068823814392,0.4858202040195465,-0.00011286696826573461,0.4984740912914276,0.3735111951828003,-0.018216434866189957,0.4979709982872009,0.30649226903915405,-0.03960762545466423,0.49941086769104004,0.2471783459186554,-0.05469055846333504,0.4478878974914551,0.4882396161556244,-0.0070946430787444115,0.45476609468460083,0.3860071301460266,-0.027111327275633812,0.45747146010398865,0.3219488263130188,-0.04255631938576698,0.4616478979587555,0.2672502398490906,-0.05208808183670044,0.4053586423397064,0.5099839568138123,-0.018373865634202957,0.4122711420059204,0.42989403009414673,-0.03368639573454857,0.4169858396053314,0.3775412142276764,-0.0394352525472641,0.42127323150634766,0.3289407193660736,-0.04276347905397415
0.43460702896118164,0.7405360341072083,3.3405038379896723e-07,0.5017765760421753,0.6950953006744385,-0.03696722537279129,0.5593904852867126,0.6226266622543335,-0.05100372061133385,0.5755382180213928,0.5335626006126404,-0.06399799883365631,0.5637421607971191,0.45666131377220154,-0.07574885338544846,0.5245975255966187,0.5121429562568665,-0.002954103983938694,0.5459076166152954,0.4370451271533966,-0.033432021737098694,0.550494372844696,0.4166741669178009,-0.061466284096241,0.551013708114624,0.41456925868988037,-0.07695093750953674,0.4834190309047699,0.48998647928237915,-0.0013498661573976278,0.4959182143211365,0.3781161308288574,-0.01931251399219036,0.4961802363395691,0.3102363348007202,-0.04117252677679062,0.49796730279922485,0.2489922046661377,-0.05689020827412605,0.4451662003993988,0.4917500615119934,-0.007787022273987532,0.4519878327846527,0.3894135057926178,-0.028377169743180275,0.45556965470314026,0.325120747089386,-0.04522138088941574,0.45996707677841187,0.26958516240119934,-0.05586590990424156,0.40254300832748413,0.5131150484085083,-0.018414681777358055,0.40924781560897827,0.4328553080558777,-0.03488202393054962,0.41358819603919983,0.3804020881652832,-0.04190783575177193,0.4171929359436035,0.33127880096435547,-0.04629392921924591
0.4298020303249359,0.7427061200141907,3.47976083503454e-07,0.4980808198451996,0.6984711289405823,-0.0354703888297081,0.5550916790962219,0.6262085437774658,-0.050292033702135086,0.572009801864624,0.5413125157356262,-0.06471729278564453,0.5613175630569458,0.46617749333381653,-0.07769621163606644,0.5205181241035461,0.511177122592926,-0.004890776239335537,0.5431704521179199,0.4293791949748993,-0.03844910487532616,0.5484230518341064,0.4152829945087433,-0.06805284321308136,0.5493440628051758,0.4238590598106384,-0.08348403871059418,0.4786757528781891,0.4907330274581909,-0.004496143665164709,0.49246519804000854,0.3767448663711548,-0.02362096682190895,0.4935278594493866,0.3079347014427185,-0.04639555513858795,0.49561068415641785,0.24740222096443176,-0.06278035044670105,0.43919846415519714,0.49469971656799316,-0.012095436453819275,0.4463735520839691,0.39171916246414185,-0.03281082212924957,0.4495202600955963,0.3273988664150238,-0.0501333512365818,0.4533478915691376,0.2727603018283844,-0.06127195432782173,0.3958396315574646,0.5182323455810547,-0.02375928685069084,0.4025597870349884,0.43695253133773804,-0.039894696325063705,0.40677976608276367,0.384657621383667,-0.04703099653124809,0.4100228548049927,0.33606404066085815,-0.05164103955030441
0.4292736351490021,0.7430527210235596,3.364488634360896e-07,0.4968325197696686,0.6990582346916199,-0.03487458825111389,0.5543474555015564,0.6264750957489014,-0.049642372876405716,0.5704972147941589,0.5412966012954712,-0.06380437314510345,0.5606218576431274,0.46622228622436523,-0.07661326974630356,0.5216510891914368,0.5120370388031006,-0.007394175045192242,0.5430819988250732,0.4310612678527832,-0.041655633598566055,0.5472156405448914,0.41574376821517944,-0.07173898816108704,0.547005295753479,0.4212650656700134,-0.08759363740682602,0.4789491593837738,0.490294486284256,-0.007746878080070019,0.49297553300857544,0.37507596611976624,-0.027597568929195404,0.4941612482070923,0.30543777346611023,-0.05040648952126503,0.49574175477027893,0.2442871332168579,-0.06677834689617157,0.4388286769390106,0.49381911754608154,-0.01576940342783928,0.44472238421440125,0.390017032623291,-0.03697500750422478,0.4465395212173462,0.325143039226532,-0.053837746381759644,0.4490419328212738,0.26943910121917725,-0.06463735550642014,0.3946700394153595,0.5182141065597534,-0.02777247503399849,0.40097081661224365,0.4352850615978241,-0.04410749301314354,0.4045773148536682,0.38284358382225037,-0.05051276460289955,0.40726256370544434,0.3334810435771942,-0.05454167351126671
0.4237074851989746,0.7405582666397095,3.710813132329349e-07,0.49133551120758057,0.6967732906341553,-0.037760041654109955,0.5491414070129395,0.6199001669883728,-0.05391266196966171,0.567313015460968,0.5329799056053162,-0.06927066296339035,0.5573086142539978,0.45545661449432373,-0.0830865427851677,0.5156956911087036,0.504134476184845,-0.010268963873386383,0.5381256937980652,0.4199050962924957,-0.04668978974223137,0.5432922840118408,0.40853264927864075,-0.07763450592756271,0.5438011288642883,0.4199409484863281,-0.09341273456811905,0.47239983081817627,0.48233580589294434,-0.00954512506723404,0.48717042803764343,0.36468732357025146,-0.02973865531384945,0.4888576865196228,0.293321430683136,-0.05280948802828789,0.4909813106060028,0.22989541292190552,-0.06951209157705307,0.43171194195747375,0.4868243932723999,-0.01707528345286846,0.4348008334636688,0.38133877515792847,-0.038890041410923004,0.43453454971313477,0.31390607357025146,-0.05740378051996231,0.4355446696281433,0.2554566562175751,-0.06962180882692337,0.387690007686615,0.5126984715461731,-0.028828948736190796,0.39259833097457886,0.42914843559265137,-0.045615438371896744,0.39503002166748047,0.37602126598358154,-0.05355655029416084,0.39690834283828735,0.3256985545158386,-0.05911342799663544
0.4223984479904175,0.742943525314331,3.4618457789292734e-07,0.4901279807090759,0.6984298229217529,-0.037378277629613876,0.5465916395187378,0.6191006898880005,-0.05271507427096367,0.564554750919342,0.529088020324707,-0.06743305176496506,0.5577901005744934,0.44941526651382446,-0.08047252893447876,0.5139012932777405,0.5037862658500671,-0.008395197801291943,0.5358684062957764,0.417265385389328,-0.04489653557538986,0.5404980182647705,0.40642520785331726,-0.0756804421544075,0.5397623181343079,0.4196377396583557,-0.09103279560804367,0.47099626064300537,0.4819819927215576,-0.007727073039859533,0.4860020577907562,0.3627747893333435,-0.027779508382081985,0.48734986782073975,0.29008948802948,-0.05021717771887779,0.48870742321014404,0.2255128026008606,-0.06615153700113297,0.4306010901927948,0.48662373423576355,-0.015508526936173439,0.4342091977596283,0.37932920455932617,-0.037300534546375275,0.43491560220718384,0.3118932843208313,-0.05470491573214531,0.4367191791534424,0.2536221146583557,-0.06576994061470032,0.38678374886512756,0.5123029351234436,-0.027578504756093025,0.39191901683807373,0.4266572892665863,-0.044416092336177826,0.3944801688194275,0.37178099155426025,-0.05149653181433678,0.39650923013687134,0.32072150707244873,-0.05601564422249794
0.42302653193473816,0.7453011274337769,3.4707534268818563e-07,0.49117302894592285,0.698676347732544,-0.03722532466053963,0.5472366213798523,0.6192501783370972,-0.0529651939868927,0.5647825598716736,0.529887855052948,-0.06819251924753189,0.5578938722610474,0.45010673999786377,-0.08186047524213791,0.5136029124259949,0.5031157732009888,-0.009041805751621723,0.5346542000770569,0.41651439666748047,-0.04592582583427429,0.538806676864624,0.40564411878585815,-0.0772496908903122,0.5380706787109375,0.41741931438446045,-0.09329570084810257,0.47030341625213623,0.48170149326324463,-0.008808596059679985,0.484566867351532,0.3622605800628662,-0.029774928465485573,0.4858649969100952,0.28912341594696045,-0.053546465933322906,0.4873068630695343,0.22304251790046692,-0.07065431028604507,0.4293383061885834,0.4869861900806427,-0.01687370054423809,0.43129780888557434,0.37952977418899536,-0.03971662372350693,0.4313885271549225,0.3112500309944153,-0.05839970335364342,0.4327384829521179,0.25151288509368896,-0.07046953588724136,0.385283887386322,0.513446569442749,-0.02909347042441368,0.3902644217014313,0.42789870500564575,-0.04680468514561653,0.39305058121681213,0.37274694442749023,-0.05479026958346367,0.39517202973365784,0.3209923505783081,-0.060135699808597565
0.4211396872997284,0.7467058897018433,3.461662174686353e-07,0.48900172114372253,0.6988269090652466,-0.035936735570430756,0.5441574454307556,0.6194218993186951,-0.05197741091251373,0.5619884133338928,0.530752420425415,-0.0682106763124466,0.5555323958396912,0.45178288221359253,-0.08278234302997589,0.5113502740859985,0.5021194219589233,-0.006748348940163851,0.5322622060775757,0.41134190559387207,-0.0457187183201313,0.5372840762138367,0.4042903780937195,-0.07830583304166794,0.5374494791030884,0.4244501292705536,-0.09410472214221954,0.46819576621055603,0.48198485374450684,-0.007174792233854532,0.4824156165122986,0.3605530261993408,-0.028441056609153748,0.48313623666763306,0.2870531976222992,-0.05188794434070587,0.4841708540916443,0.22157561779022217,-0.06835503876209259,0.4277183413505554,0.4880927503108978,-0.01622512750327587,0.4296987056732178,0.37914279103279114,-0.03853743150830269,0.4284394085407257,0.31002408266067505,-0.05592765659093857,0.42906221747398376,0.2507096529006958,-0.06687367707490921,0.38390275835990906,0.5151985883712769,-0.02954706735908985,0.388008713722229,0.4281558096408844,-0.04600869491696358,0.38995373249053955,0.3721762001514435,-0.05254676565527916,0.39181986451148987,0.3201892375946045,-0.05665699020028114
0.4193149507045746,0.7463651895523071,3.553707301762188e-07,0.4872147738933563,0.6979328393936157,-0.03598296269774437,0.5425286889076233,0.6194397211074829,-0.052373915910720825,0.5615488290786743,0.5317395329475403,-0.06888087093830109,0.5552175045013428,0.4518525302410126,-0.08397915214300156,0.5093761682510376,0.5015153884887695,-0.007428353186696768,0.5309354662895203,0.41511744260787964,-0.04459574446082115,0.5344997048377991,0.4038296937942505,-0.07637318223714828,0.5328397750854492,0.41634097695350647,-0.09252779185771942,0.4660094976425171,0.4804942011833191,-0.008127817884087563,0.4806376099586487,0.3602774739265442,-0.028520723804831505,0.4815593659877777,0.28795209527015686,-0.05152608081698418,0.4823554456233978,0.22187206149101257,-0.06803377717733383,0.42534029483795166,0.48610934615135193,-0.017181912437081337,0.4268098473548889,0.37784236669540405,-0.03920148313045502,0.42553776502609253,0.30938291549682617,-0.056638602167367935,0.42540767788887024,0.24960213899612427,-0.06796135753393173,0.3817218542098999,0.5135341882705688,-0.030473720282316208,0.3853060007095337,0.4274570941925049,-0.047197986394166946,0.3871501386165619,0.37267327308654785,-0.053829681128263474,0.3883299231529236,0.3217489421367645,-0.05825890973210335
0.41955283284187317,0.7464717030525208,3.6004891512675385e-07,0.4872729778289795,0.6974970102310181,-0.03571902960538864,0.5420916676521301,0.6180130243301392,-0.0511765293776989,0.561097264289856,0.5300554037094116,-0.06658735126256943,0.5562194585800171,0.4501136243343353,-0.08060353249311447,0.5086445808410645,0.5025744438171387,-0.006813228130340576,0.5299481153488159,0.41767680644989014,-0.042584437876939774,0.5346565246582031,0.40491223335266113,-0.07352729141712189,0.5341587066650391,0.41457557678222656,-0.0896153450012207,0.46581050753593445,0.4809480607509613,-0.007463355083018541,0.48082664608955383,0.3616921901702881,-0.02765515074133873,0.482278048992157,0.28854790329933167,-0.05090793967247009,0.48315244913101196,0.22226828336715698,-0.06767019629478455,0.4249603748321533,0.48597604036331177,-0.016330020502209663,0.42624959349632263,0.37787798047065735,-0.038629766553640366,0.4253193140029907,0.3087865114212036,-0.05677636340260506,0.4254957139492035,0.24848517775535583,-0.06858217716217041,0.3810439705848694,0.5126705169677734,-0.02930644527077675,0.38453707098960876,0.42733141779899597,-0.04657844081521034,0.38642367720603943,0.3723994493484497,-0.053806010633707047,0.38786640763282776,0.32097792625427246,-0.05870808660984039
0.4149845838546753,0.7498059272766113,3.688926426548278e-07,0.4832252264022827,0.7019541263580322,-0.03551911935210228,0.5376144051551819,0.6204714179039001,-0.05174851045012474,0.5565754175186157,0.5314629077911377,-0.06829867511987686,0.547337532043457,0.45037680864334106,-0.08350828289985657,0.5045033097267151,0.5023929476737976,-0.008727708831429482,0.5261898040771484,0.41209957003593445,-0.04642142355442047,0.5297462344169617,0.4008287191390991,-0.07790563255548477,0.5270178318023682,0.4150813817977905,-0.09373433142900467,0.46153154969215393,0.4817408323287964,-0.010004905052483082,0.4783462882041931,0.3616340756416321,-0.03083142638206482,0.4802008271217346,0.2877829372882843,-0.054241545498371124,0.4809286296367645,0.21949702501296997,-0.07113272696733475,0.4203820824623108,0.4887606203556061,-0.019665934145450592,0.4192769229412079,0.3793392777442932,-0.04290610924363136,0.415732204914093,0.30853983759880066,-0.06265398859977722,0.41319912672042847,0.24646946787834167,-0.0757119208574295,0.37635472416877747,0.5180096626281738,-0.03331800922751427,0.37843450903892517,0.43223774433135986,-0.05168521776795387,0.37919771671295166,0.37707632780075073,-0.0606459341943264,0.3791083097457886,0.3249039649963379,-0.06704224646091461
0.41405993700027466,0.7528733015060425,3.6157373983769503e-07,0.4826186001300812,0.7038209438323975,-0.035216074436903,0.5367424488067627,0.6228094100952148,-0.05099993571639061,0.5528584718704224,0.53349769115448,-0.06714776903390884,0.5482497215270996,0.45297375321388245,-0.08168867975473404,0.5029353499412537,0.5022958517074585,-0.0068393852561712265,0.5237600207328796,0.41121456027030945,-0.04413280636072159,0.5283169746398926,0.40218186378479004,-0.07558268308639526,0.5270456075668335,0.41969817876815796,-0.09133977442979813,0.45942676067352295,0.48193615674972534,-0.00803381111472845,0.474826842546463,0.3603787422180176,-0.02854285016655922,0.4766443371772766,0.28611069917678833,-0.05240649729967117,0.4776410758495331,0.21909210085868835,-0.06971212476491928,0.4183061122894287,0.48923397064208984,-0.017649762332439423,0.4164201021194458,0.37976396083831787,-0.04054991528391838,0.41275161504745483,0.30926623940467834,-0.060410089790821075,0.41058868169784546,0.24851197004318237,-0.0734807699918747,0.3745146691799164,0.518881618976593,-0.03126683458685875,0.37629109621047974,0.4317994713783264,-0.049238163977861404,0.3767545223236084,0.3760833740234375,-0.05792584270238876,0.3767715394496918,0.3236548602581024,-0.0640047937631607
0.4124232232570648,0.7540408372879028,3.786188074172969e-07,0.48036831617355347,0.7044799327850342,-0.03627075254917145,0.5344604849815369,0.6247313022613525,-0.05278463289141655,0.5506215691566467,0.5365320444107056,-0.06951721757650375,0.5447037220001221,0.4549819231033325,-0.0847356840968132,0.5005131959915161,0.5035033226013184,-0.00889656227082014,0.5219259858131409,0.41268086433410645,-0.04616134986281395,0.526789665222168,0.40287643671035767,-0.07746831327676773,0.5258985757827759,0.4189103841781616,-0.09328256547451019,0.45666393637657166,0.4830965995788574,-0.009876481257379055,0.4723198115825653,0.36043959856033325,-0.030422454699873924,0.4742894470691681,0.28569573163986206,-0.054118432104587555,0.4756121039390564,0.21687030792236328,-0.07139530777931213,0.41509270668029785,0.4903147518634796,-0.019258156418800354,0.4134967029094696,0.3801610767841339,-0.04225919768214226,0.4106011390686035,0.3096160888671875,-0.062127768993377686,0.4090273678302765,0.24805060029029846,-0.07529643923044205,0.37071773409843445,0.5193879008293152,-0.032712671905756,0.37299302220344543,0.43207088112831116,-0.050969574600458145,0.3734584450721741,0.3761405348777771,-0.059677015990018845,0.37326815724372864,0.3235337436199188,-0.065797358751297
0.41275554895401,0.7555832862854004,3.636301926235319e-07,0.47986212372779846,0.7072821855545044,-0.035764168947935104,0.5326789617538452,0.6276776194572449,-0.052075378596782684,0.550413191318512,0.5413573980331421,-0.06878650933504105,0.5469887256622314,0.4622080326080322,-0.0836704820394516,0.49905985593795776,0.5040411353111267,-0.008708123117685318,0.5202900767326355,0.40910500288009644,-0.04745563864707947,0.5266692638397217,0.4034379720687866,-0.08004771918058395,0.5272306203842163,0.4238201081752777,-0.09618238359689713,0.4552621841430664,0.48386701941490173,-0.009708783589303493,0.47045519948005676,0.3609201908111572,-0.030958183109760284,0.4726552665233612,0.285967081785202,-0.055961381644010544,0.47405457496643066,0.217392235994339,-0.07428659498691559,0.4133787751197815,0.49066704511642456,-0.019127132371068,0.412433385848999,0.380907267332077,-0.04167231172323227,0.4095732271671295,0.3106485605239868,-0.06210217624902725,0.40789884328842163,0.25024688243865967,-0.07571997493505478,0.3687635064125061,0.5186125636100769,-0.03263339027762413,0.3707622289657593,0.4305115342140198,-0.049701351672410965,0.3702859878540039,0.37374579906463623,-0.05820009857416153,0.36950933933258057,0.32082584500312805,-0.06425245851278305
0.41199880838394165,0.7568395733833313,3.710459850481129e-07,0.4784274995326996,0.7083510756492615,-0.03621085733175278,0.5325319170951843,0.6300580501556396,-0.05292901396751404,0.549729585647583,0.5440096259117126,-0.06983291357755661,0.5448909997940063,0.464735209941864,-0.08503952622413635,0.4981514811515808,0.5059499144554138,-0.010336852632462978,0.518617570400238,0.41021984815597534,-0.04869570955634117,0.5248425602912903,0.40340980887413025,-0.08134926855564117,0.5260980725288391,0.4220375120639801,-0.09803513437509537,0.4542263150215149,0.4853523075580597,-0.011294359341263771,0.4692193269729614,0.3612954616546631,-0.03306371718645096,0.47154927253723145,0.28581294417381287,-0.059453073889017105,0.47308868169784546,0.21785703301429749,-0.07909901440143585,0.4120599627494812,0.49229755997657776,-0.02039436437189579,0.4106028378009796,0.3809692859649658,-0.04338836669921875,0.40729859471321106,0.3100872039794922,-0.0654507502913475,0.40541619062423706,0.2499038577079773,-0.08050259947776794,0.3670070767402649,0.5209300518035889,-0.03345628082752228,0.3685202896595001,0.43223243951797485,-0.0511694960296154,0.36773258447647095,0.37488996982574463,-0.06091843172907829,0.366682767868042,0.3211938738822937,-0.06810492277145386
0.40964800119400024,0.7634140253067017,3.8500323285006743e-07,0.47806262969970703,0.7156004905700684,-0.036440152674913406,0.5339205861091614,0.636993408203125,-0.053424663841724396,0.5516364574432373,0.5504190325737,-0.0708051323890686,0.5449981689453125,0.470878005027771,-0.08636576682329178,0.49667495489120483,0.5091923475265503,-0.01029418595135212,0.5170077681541443,0.4105370342731476,-0.04970964789390564,0.5249649882316589,0.4071926474571228,-0.08293651044368744,0.5279227495193481,0.43130865693092346,-0.0993218868970871,0.45187968015670776,0.48911505937576294,-0.011037569493055344,0.46836942434310913,0.36434027552604675,-0.0321778804063797,0.47207075357437134,0.28807705640792847,-0.057978492230176926,0.475347101688385,0.21878212690353394,-0.07710397243499756,0.40933001041412354,0.49628564715385437,-0.020150594413280487,0.4078693389892578,0.38467317819595337,-0.04194062575697899,0.4051804542541504,0.31278330087661743,-0.06359494477510452,0.40458977222442627,0.25225934386253357,-0.07841402292251587,0.36353567242622375,0.526060163974762,-0.033438313752412796,0.36296260356903076,0.4364355802536011,-0.04992133378982544,0.3610783815383911,0.3788492679595947,-0.058978162705898285,0.35985732078552246,0.32572004199028015,-0.06561148166656494
0.4104011654853821,0.7672551274299622,3.979740199611115e-07,0.4789247214794159,0.7197213172912598,-0.03926277905702591,0.534350574016571,0.6402214765548706,-0.05782528594136238,0.550868034362793,0.5521307587623596,-0.07646899670362473,0.5420597195625305,0.47098663449287415,-0.09334614872932434,0.4956315755844116,0.5111744403839111,-0.012917720712721348,0.5162131190299988,0.41106563806533813,-0.0543251633644104,0.5243632793426514,0.4087672233581543,-0.08905696123838425,0.5276303291320801,0.43446508049964905,-0.10615027695894241,0.45095786452293396,0.49172744154930115,-0.012603593058884144,0.4680665135383606,0.3664603531360626,-0.0344870388507843,0.4716614782810211,0.2894449234008789,-0.06126924976706505,0.47478970885276794,0.21857494115829468,-0.08136829733848572,0.40866518020629883,0.4997478127479553,-0.020996490493416786,0.4080064594745636,0.387803852558136,-0.043238263577222824,0.40517306327819824,0.3146655857563019,-0.06559959799051285,0.40404194593429565,0.2530893385410309,-0.08107011020183563,0.36300209164619446,0.5302708745002747,-0.03384128212928772,0.36323487758636475,0.4395892322063446,-0.050598617643117905,0.36144307255744934,0.3805482089519501,-0.060220032930374146,0.359818696975708,0.32600656151771545,-0.0674508810043335
0.410492867231369,0.769646406173706,4.0937464973467286e-07,0.4789179265499115,0.720915675163269,-0.03978535532951355,0.5345685482025146,0.6426858901977539,-0.05910518392920494,0.5516419410705566,0.5558079481124878,-0.07848624885082245,0.5438190698623657,0.4749808609485626,-0.09611482918262482,0.49624794721603394,0.5136653184890747,-0.013599125668406487,0.5166306495666504,0.413122296333313,-0.055577222257852554,0.5250617861747742,0.41090065240859985,-0.09078581631183624,0.5289031267166138,0.4366985857486725,-0.10799254477024078,0.4513282775878906,0.494829922914505,-0.012972024269402027,0.46813976764678955,0.36923664808273315,-0.035098835825920105,0.47153469920158386,0.2925781309604645,-0.06217004731297493,0.4748537242412567,0.22246456146240234,-0.08241324871778488,0.40871480107307434,0.5023079514503479,-0.021087253466248512,0.40849578380584717,0.38964197039604187,-0.04310639575123787,0.4048974812030792,0.3168107867240906,-0.0653320699930191,0.4032665193080902,0.25643211603164673,-0.08068490028381348,0.36259013414382935,0.5317867994308472,-0.033729441463947296,0.3625483810901642,0.4406536817550659,-0.049977730959653854,0.36019888520240784,0.381465882062912,-0.05929532274603844,0.3581925630569458,0.3271510601043701,-0.06624048948287964
0.4118739068508148,0.7712552547454834,4.0139076418199693e-07,0.4804513156414032,0.7221910953521729,-0.038421280682086945,0.5358052849769592,0.6435272097587585,-0.05736397206783295,0.5532253980636597,0.5581696629524231,-0.07666930556297302,0.5452334880828857,0.47852325439453125,-0.0941586047410965,0.495148241519928,0.5139217376708984,-0.013157873414456844,0.5156888365745544,0.4118724465370178,-0.05583024397492409,0.5253917574882507,0.4120623469352722,-0.09157019108533859,0.5303165912628174,0.4403560161590576,-0.10898929089307785,0.45071208477020264,0.49547943472862244,-0.013324346393346786,0.46772512793540955,0.37017494440078735,-0.03606082499027252,0.4715879559516907,0.29283028841018677,-0.06349243223667145,0.47495904564857483,0.22260728478431702,-0.08397237211465836,0.4083906412124634,0.503889262676239,-0.022163275629281998,0.4078333377838135,0.391744464635849,-0.04443825036287308,0.40475451946258545,0.31887292861938477,-0.06670642644166946,0.40383172035217285,0.2579962909221649,-0.08211806416511536,0.3627600073814392,0.5343199372291565,-0.03542887046933174,0.3624761998653412,0.44396212697029114,-0.051781196147203445,0.3598920702934265,0.3849796950817108,-0.06109469383955002,0.35787105560302734,0.33054524660110474,-0.06806167960166931
0.41131722927093506,0.7732723951339722,4.018734784949629e-07,0.47940054535865784,0.7239599227905273,-0.03751413896679878,0.5347619652748108,0.6448529362678528,-0.05578726530075073,0.5537349581718445,0.5587162375450134,-0.0744594857096672,0.5432268977165222,0.4796278476715088,-0.09150618314743042,0.49554353952407837,0.516597330570221,-0.012911158613860607,0.5160514116287231,0.416675865650177,-0.053723566234111786,0.5248132944107056,0.414372056722641,-0.08799748122692108,0.5286819338798523,0.4388215243816376,-0.10499387979507446,0.4509563744068146,0.49697068333625793,-0.013844344764947891,0.46819987893104553,0.3715040683746338,-0.03549819439649582,0.471899151802063,0.2943499684333801,-0.06180949509143829,0.4748324155807495,0.2241828441619873,-0.08158452063798904,0.408164381980896,0.504891574382782,-0.02323884144425392,0.4081176519393921,0.39194008708000183,-0.045103758573532104,0.4052807092666626,0.31851890683174133,-0.06718122959136963,0.40413421392440796,0.2566159665584564,-0.08259672671556473,0.3620566129684448,0.5353686809539795,-0.03693806752562523,0.36088648438453674,0.445239782333374,-0.053685642778873444,0.35818207263946533,0.38635706901550293,-0.06314142048358917,0.3560079038143158,0.3315846920013428,-0.07022972404956818
0.4114368259906769,0.7715363502502441,4.3019360873586265e-07,0.4807074964046478,0.7240334749221802,-0.041540928184986115,0.5389775037765503,0.6463252902030945,-0.06217517703771591,0.559296727180481,0.5601956844329834,-0.08264397829771042,0.5513558387756348,0.48020774126052856,-0.10117840021848679,0.49908146262168884,0.5165830254554749,-0.014381865970790386,0.5208039879798889,0.4159110486507416,-0.058208514004945755,0.5319761037826538,0.41324156522750854,-0.09464810788631439,0.5381230711936951,0.4406893253326416,-0.11219362914562225,0.4555692672729492,0.497281551361084,-0.013425296172499657,0.4756614863872528,0.37444868683815,-0.03640254959464073,0.48117074370384216,0.29705435037612915,-0.06306642293930054,0.48581480979919434,0.22638624906539917,-0.08273323625326157,0.4132949709892273,0.503964900970459,-0.021777184680104256,0.41572999954223633,0.3916223347187042,-0.04421801120042801,0.41452234983444214,0.31591445207595825,-0.06586635112762451,0.41514256596565247,0.2520991861820221,-0.08076786249876022,0.3660551905632019,0.5325596332550049,-0.03497748821973801,0.3618389964103699,0.4423914849758148,-0.052000805735588074,0.35701942443847656,0.3818628191947937,-0.0614895299077034,0.353125661611557,0.3252483308315277,-0.0683894082903862
0.41336047649383545,0.7632672190666199,3.966728741033876e-07,0.4840323030948639,0.7183328866958618,-0.041498202830553055,0.5445597767829895,0.6419166326522827,-0.06226237490773201,0.5668593645095825,0.5546533465385437,-0.08288265019655228,0.5603328347206116,0.4719693064689636,-0.10157033801078796,0.5060400366783142,0.5088756084442139,-0.013818452134728432,0.5293285846710205,0.4104600250720978,-0.05870598927140236,0.5388565063476562,0.408230185508728,-0.0960344597697258,0.5425525903701782,0.4370461702346802,-0.1138361319899559,0.46078580617904663,0.4872157871723175,-0.012857573106884956,0.4772559702396393,0.36271852254867554,-0.03654797002673149,0.47912612557411194,0.28565770387649536,-0.06318590044975281,0.48134228587150574,0.21541067957878113,-0.08233069628477097,0.41827282309532166,0.4924079179763794,-0.021153902634978294,0.42298153042793274,0.3790251612663269,-0.04365498572587967,0.42273765802383423,0.3043493926525116,-0.06336209923028946,0.42364779114723206,0.24127399921417236,-0.07651711255311966,0.37133312225341797,0.5198768377304077,-0.03437313437461853,0.37324661016464233,0.4286702275276184,-0.050421345978975296,0.3733955919742584,0.36772391200065613,-0.057880423963069916,0.3739207983016968,0.3113812804222107,-0.06296894699335098
0.41271424293518066,0.7632959485054016,3.815006834884116e-07,0.4829816520214081,0.72003173828125,-0.04060402885079384,0.5439971685409546,0.6421573162078857,-0.06066863611340523,0.5678174495697021,0.5545129179954529,-0.08067107945680618,0.559790849685669,0.47206616401672363,-0.09900904446840286,0.5059646368026733,0.5102407932281494,-0.014732730574905872,0.5287585258483887,0.4116242229938507,-0.05942683666944504,0.5395483374595642,0.40851420164108276,-0.09661062806844711,0.5449182987213135,0.43769147992134094,-0.11461301892995834,0.4609541893005371,0.48753827810287476,-0.014291706494987011,0.476762056350708,0.3618042469024658,-0.03821943327784538,0.4780634343624115,0.2846394181251526,-0.06532904505729675,0.4801327586174011,0.21492281556129456,-0.08510193228721619,0.4186095893383026,0.4925084114074707,-0.022820964455604553,0.4225108325481415,0.37869030237197876,-0.04555392637848854,0.4214639961719513,0.30407947301864624,-0.0661189928650856,0.42188340425491333,0.2416907548904419,-0.08022283762693405,0.3721190392971039,0.520321249961853,-0.03615202009677887,0.3738803565502167,0.4293856620788574,-0.05256472900509834,0.3733978867530823,0.36817559599876404,-0.060860879719257355,0.37332451343536377,0.31155669689178467,-0.06689039617776871
0.4146256446838379,0.7634504437446594,3.8688685322085803e-07,0.48422834277153015,0.7199834585189819,-0.0399949885904789,0.5435627698898315,0.6442749500274658,-0.06064177304506302,0.5674293041229248,0.5594199895858765,-0.08152908831834793,0.5606523752212524,0.47861748933792114,-0.10071107000112534,0.5054612755775452,0.5088377594947815,-0.014789402484893799,0.528233528137207,0.4098837673664093,-0.059697605669498444,0.5400431752204895,0.4079734683036804,-0.09693370759487152,0.5465602278709412,0.43962064385414124,-0.11482647061347961,0.4604789614677429,0.4865815341472626,-0.014850005507469177,0.4758063554763794,0.3596233129501343,-0.03881773725152016,0.4770572781562805,0.2834400534629822,-0.06543254107236862,0.4793323874473572,0.21595367789268494,-0.0846998393535614,0.41834890842437744,0.4921993017196655,-0.02386021800339222,0.42221203446388245,0.3776471018791199,-0.046257879585027695,0.42151445150375366,0.30375492572784424,-0.06620559841394424,0.42255088686943054,0.2430294156074524,-0.07985858619213104,0.37228548526763916,0.5205617547035217,-0.03769741952419281,0.37412479519844055,0.42930734157562256,-0.05380142852663994,0.373673677444458,0.36767882108688354,-0.06177693232893944,0.3740345537662506,0.3112128973007202,-0.0675162747502327
0.4141862392425537,0.7647687196731567,3.7833174815204984e-07,0.4844488501548767,0.7208963632583618,-0.03989385440945625,0.5449258685112,0.6442170739173889,-0.060030870139598846,0.5689415335655212,0.5585339665412903,-0.08027048408985138,0.5610181093215942,0.4774353802204132,-0.09879104793071747,0.5054078102111816,0.5085797905921936,-0.014248345047235489,0.52829909324646,0.41059786081314087,-0.058803316205739975,0.540112316608429,0.4085432291030884,-0.0962764173746109,0.5466143488883972,0.4391886293888092,-0.11460576206445694,0.4605194330215454,0.4859478771686554,-0.014276825822889805,0.47547081112861633,0.3591018319129944,-0.0382731556892395,0.4768943190574646,0.2827513515949249,-0.06568551063537598,0.47896715998649597,0.21575626730918884,-0.08569459617137909,0.4182898998260498,0.4915611147880554,-0.023167135193943977,0.42249953746795654,0.37625938653945923,-0.04581896588206291,0.4221133589744568,0.30181658267974854,-0.06656496971845627,0.4231472611427307,0.24103492498397827,-0.08082038909196854,0.3721769154071808,0.5205386281013489,-0.03680822253227234,0.3739466071128845,0.4287749230861664,-0.05323564633727074,0.3736918270587921,0.36705464124679565,-0.06164195016026497,0.37411773204803467,0.31062597036361694,-0.06772616505622864
0.414867103099823,0.7656797766685486,3.663222116756515e-07,0.4854271709918976,0.7219353914260864,-0.04019041359424591,0.5462360978126526,0.644659161567688,-0.060430824756622314,0.569341778755188,0.557734489440918,-0.08068796992301941,0.5606370568275452,0.477107435464859,-0.09929121285676956,0.5061684250831604,0.5107285380363464,-0.015432541258633137,0.5291180610656738,0.41265860199928284,-0.06034809723496437,0.5397486090660095,0.40968286991119385,-0.09781678766012192,0.5449344515800476,0.4398670494556427,-0.1161259114742279,0.460742324590683,0.48769426345825195,-0.015353000722825527,0.475008100271225,0.3596053123474121,-0.03956708312034607,0.4757763147354126,0.2831311821937561,-0.06662338227033615,0.4775831997394562,0.2161272168159485,-0.0863296166062355,0.4183328151702881,0.49280139803886414,-0.024094073101878166,0.4222288429737091,0.3768479824066162,-0.04690031334757805,0.4217204451560974,0.3027159571647644,-0.0673179030418396,0.42283132672309875,0.24216654896736145,-0.08132505416870117,0.3720542788505554,0.521288275718689,-0.037626709789037704,0.37393438816070557,0.4292784035205841,-0.054157063364982605,0.37330013513565063,0.3677820563316345,-0.062396250665187836,0.3732945919036865,0.31175005435943604,-0.06833998113870621
0.4148613512516022,0.7678438425064087,3.6137575420980284e-07,0.48597899079322815,0.723068356513977,-0.039728086441755295,0.5473131537437439,0.6438280344009399,-0.05905627831816673,0.5704320669174194,0.5567499995231628,-0.07851416617631912,0.5617921948432922,0.47683754563331604,-0.09620124101638794,0.5054335594177246,0.5105791091918945,-0.013096899725496769,0.5279908180236816,0.41196539998054504,-0.057872071862220764,0.5397706627845764,0.4107186794281006,-0.09567802399396896,0.546191394329071,0.4423234462738037,-0.11418093740940094,0.4602716267108917,0.4880431294441223,-0.01313906628638506,0.4743475317955017,0.36017751693725586,-0.037257928401231766,0.47515180706977844,0.2830778956413269,-0.06492586433887482,0.47696495056152344,0.21564900875091553,-0.0850488543510437,0.4180290400981903,0.49362653493881226,-0.022142352536320686,0.42219170928001404,0.37769609689712524,-0.04495512321591377,0.42198726534843445,0.302948534488678,-0.06587697565555573,0.42332372069358826,0.24183917045593262,-0.08017075061798096,0.37182244658470154,0.522510290145874,-0.03593236580491066,0.37405815720558167,0.4302857220172882,-0.052377842366695404,0.3736724257469177,0.36847564578056335,-0.06077073514461517,0.37404918670654297,0.31175756454467773,-0.06682725995779037
0.41583824157714844,0.7678865194320679,3.669053683097445e-07,0.4865435063838959,0.7242286801338196,-0.04057619348168373,0.5469891428947449,0.6464762687683105,-0.061022572219371796,0.5708533525466919,0.5603206753730774,-0.08155142515897751,0.562006950378418,0.4796638786792755,-0.10035710036754608,0.5069485306739807,0.5107795000076294,-0.015282324515283108,0.5295221209526062,0.4102352559566498,-0.061078354716300964,0.5408017039299011,0.40994134545326233,-0.09943877160549164,0.5467012524604797,0.4424803853034973,-0.11806775629520416,0.46175187826156616,0.48878276348114014,-0.01509842462837696,0.47633999586105347,0.3604995608329773,-0.039683278650045395,0.4765995740890503,0.2836611866950989,-0.06754247099161148,0.47758057713508606,0.21601730585098267,-0.08785141259431839,0.4192574918270111,0.4948856234550476,-0.023900527507066727,0.4231068193912506,0.37923914194107056,-0.04656452685594559,0.42210984230041504,0.30441445112228394,-0.0673334002494812,0.4227069616317749,0.24317225813865662,-0.08167164027690887,0.3728122115135193,0.524029552936554,-0.03757661581039429,0.3747292757034302,0.43190717697143555,-0.05354629456996918,0.3744075894355774,0.3703630864620209,-0.06166939437389374,0.37509870529174805,0.31390082836151123,-0.06768026947975159
0.4156407415866852,0.7691869139671326,3.769623049265647e-07,0.4870058298110962,0.7246325016021729,-0.0396774597465992,0.5479662418365479,0.6468711495399475,-0.060128744691610336,0.5712396502494812,0.5605391263961792,-0.08103565126657486,0.5626107454299927,0.47950759530067444,-0.10016536712646484,0.5074156522750854,0.5108985304832458,-0.014566256664693356,0.5312361717224121,0.40909719467163086,-0.06106879934668541,0.5435375571250916,0.41003283858299255,-0.09968551248311996,0.5501967668533325,0.4453938603401184,-0.1181640699505806,0.4616481363773346,0.4889155626296997,-0.01492792833596468,0.4768179655075073,0.3601055145263672,-0.03973570466041565,0.4777029752731323,0.2826169431209564,-0.06748739629983902,0.47934266924858093,0.2139672040939331,-0.08760733902454376,0.41909700632095337,0.4952998459339142,-0.024332696571946144,0.42282378673553467,0.3794093430042267,-0.04712621122598648,0.4217926561832428,0.30434009432792664,-0.06783678382635117,0.4224409759044647,0.2429494857788086,-0.08206623047590256,0.37285852432250977,0.5247271060943604,-0.03857294097542763,0.37524357438087463,0.43269217014312744,-0.05479864776134491,0.3746758699417114,0.37034302949905396,-0.06308241188526154,0.3750588595867157,0.3130333423614502,-0.06908061355352402
0.41602930426597595,0.7708246111869812,3.586430921131978e-07,0.48708903789520264,0.7269189357757568,-0.039174921810626984,0.5483896732330322,0.6482457518577576,-0.059240490198135376,0.5723299384117126,0.5613021850585938,-0.07970017939805984,0.5636135339736938,0.47963428497314453,-0.09852791577577591,0.5096632838249207,0.512525737285614,-0.015803005546331406,0.5332540273666382,0.4112507104873657,-0.06173904612660408,0.5440583229064941,0.41193917393684387,-0.09956737607717514,0.5491848587989807,0.44608286023139954,-0.11775986850261688,0.46319344639778137,0.4901483654975891,-0.016675980761647224,0.47794926166534424,0.35972267389297485,-0.04131191968917847,0.4787721037864685,0.28304722905158997,-0.06881227344274521,0.48042789101600647,0.2149389684200287,-0.08882485330104828,0.4198289215564728,0.496682733297348,-0.02634221501648426,0.4224106967449188,0.37953072786331177,-0.04941302537918091,0.42099717259407043,0.30465081334114075,-0.07040050625801086,0.42144742608070374,0.24314743280410767,-0.0848706066608429,0.3731110394001007,0.5267404913902283,-0.04067961499094963,0.37465688586235046,0.433442622423172,-0.05731858313083649,0.3739663064479828,0.3711414933204651,-0.06582371145486832,0.37411513924598694,0.314139723777771,-0.07203944027423859
0.41547954082489014,0.7741674780845642,3.618476966948947e-07,0.4869689643383026,0.7293634414672852,-0.0396023653447628,0.5483093857765198,0.6506210565567017,-0.05932856351137161,0.5722020268440247,0.562210202217102,-0.07926839590072632,0.562792181968689,0.47964558005332947,-0.09767389297485352,0.5085719227790833,0.515891969203949,-0.015642734244465828,0.5336260795593262,0.417377233505249,-0.06036338582634926,0.5435333847999573,0.41525664925575256,-0.09758666157722473,0.5473386645317078,0.4441133439540863,-0.11595632880926132,0.46275267004966736,0.4920729696750641,-0.01635608822107315,0.4785964787006378,0.3620235323905945,-0.04037526994943619,0.47972261905670166,0.28518980741500854,-0.06767088174819946,0.4813559353351593,0.21693763136863708,-0.08773785084486008,0.41940397024154663,0.49747249484062195,-0.02577870525419712,0.42222654819488525,0.38007616996765137,-0.04901154711842537,0.420820951461792,0.3060705065727234,-0.07022660225629807,0.42095887660980225,0.24527475237846375,-0.08485925942659378,0.3723776936531067,0.5269852876663208,-0.039849866181612015,0.3742634057998657,0.4337150752544403,-0.057059429585933685,0.3735066056251526,0.3719470500946045,-0.06581954658031464,0.37295082211494446,0.31596219539642334,-0.07220190763473511
0.4145488142967224,0.7742847800254822,3.425919032906677e-07,0.48537060618400574,0.7305870652198792,-0.038720935583114624,0.5478131175041199,0.6537801027297974,-0.058212947100400925,0.57334965467453,0.5672988891601562,-0.07792647927999496,0.5623106956481934,0.4862782657146454,-0.09636089205741882,0.5102778673171997,0.5189738273620605,-0.018029572442173958,0.5360475182533264,0.41963067650794983,-0.06201411038637161,0.5443076491355896,0.41846394538879395,-0.09862427413463593,0.5460723042488098,0.44556331634521484,-0.11706611514091492,0.46419593691825867,0.4947000741958618,-0.019326159730553627,0.4815278649330139,0.3655799627304077,-0.043259769678115845,0.4838564991950989,0.28910282254219055,-0.0712636262178421,0.4860832989215851,0.2209898829460144,-0.09230310469865799,0.419695645570755,0.5002766847610474,-0.028853556141257286,0.42215868830680847,0.382803350687027,-0.0521627739071846,0.42074671387672424,0.30835962295532227,-0.0750599056482315,0.4209705889225006,0.24650701880455017,-0.09137720614671707,0.3717551827430725,0.5301054120063782,-0.042732324451208115,0.37278038263320923,0.4377583861351013,-0.060551717877388,0.3715752363204956,0.3769162893295288,-0.07054930180311203,0.37047046422958374,0.32159069180488586,-0.07816483825445175
0.4158969819545746,0.7741849422454834,3.4850046404244495e-07,0.48634475469589233,0.729924738407135,-0.03899206593632698,0.5484070777893066,0.652212381362915,-0.05836585909128189,0.5732477307319641,0.566504955291748,-0.07783499360084534,0.5638613700866699,0.48624908924102783,-0.0960230901837349,0.5128762125968933,0.5192636847496033,-0.017721964046359062,0.538184642791748,0.4229755997657776,-0.06153643876314163,0.5452291965484619,0.41992372274398804,-0.09820220619440079,0.5455946326255798,0.44427362084388733,-0.11685194075107574,0.46634119749069214,0.4947417974472046,-0.01924704946577549,0.48334261775016785,0.3660399913787842,-0.04346587136387825,0.48526984453201294,0.2889188528060913,-0.07155688107013702,0.4870331287384033,0.2196907103061676,-0.0925382673740387,0.42144593596458435,0.5004769563674927,-0.029039688408374786,0.42315563559532166,0.38448548316955566,-0.052986644208431244,0.42153042554855347,0.31080928444862366,-0.07550309598445892,0.42154577374458313,0.24865052103996277,-0.0912952646613121,0.37302517890930176,0.5303981900215149,-0.04321436211466789,0.3739902377128601,0.4378756582736969,-0.06146302446722984,0.3731492757797241,0.37736743688583374,-0.07109631597995758,0.3726613521575928,0.3215504288673401,-0.07833966612815857
0.4177853763103485,0.7740610837936401,3.758608499992988e-07,0.48744818568229675,0.72841477394104,-0.03889535367488861,0.5483089685440063,0.6520901918411255,-0.059103984385728836,0.5728365182876587,0.5670656561851501,-0.07960613071918488,0.5654950141906738,0.4860853850841522,-0.09870870411396027,0.5134313702583313,0.5180142521858215,-0.017269877716898918,0.5395134687423706,0.4204159677028656,-0.06129692122340202,0.5465883016586304,0.4175187349319458,-0.09780600666999817,0.5469555854797363,0.4424920678138733,-0.11600590497255325,0.4674893319606781,0.4943057894706726,-0.0188616793602705,0.48691150546073914,0.36663347482681274,-0.04251328483223915,0.4900273084640503,0.28916454315185547,-0.06950791925191879,0.49268868565559387,0.2183939814567566,-0.08958810567855835,0.423165500164032,0.5001378655433655,-0.028905775398015976,0.4261309802532196,0.3847613036632538,-0.05190439894795418,0.4254612624645233,0.31017425656318665,-0.07317345589399338,0.42625686526298523,0.24655050039291382,-0.08813407272100449,0.37488704919815063,0.529792308807373,-0.04345853254199028,0.37618640065193176,0.4376433789730072,-0.0609104186296463,0.3759000599384308,0.3765004575252533,-0.06968052685260773,0.37626543641090393,0.3196094334125519,-0.07619771361351013
0.4156782627105713,0.7774710655212402,3.52001706005467e-07,0.485382080078125,0.7326140999794006,-0.037955645471811295,0.5466974973678589,0.6545907855033875,-0.05733555182814598,0.5713711977005005,0.5689714550971985,-0.07701196521520615,0.5623373985290527,0.4884866178035736,-0.09549606591463089,0.5106654167175293,0.5211672782897949,-0.018050063401460648,0.5374451875686646,0.4250974655151367,-0.06169939041137695,0.544650673866272,0.42184963822364807,-0.09803295135498047,0.5445685386657715,0.4457109272480011,-0.11649076640605927,0.464053213596344,0.4971655011177063,-0.020329022780060768,0.48153746128082275,0.3682929575443268,-0.04448387771844864,0.4840993285179138,0.29100310802459717,-0.07230954617261887,0.4860096275806427,0.22166264057159424,-0.09316173195838928,0.41918376088142395,0.5036669969558716,-0.030736437067389488,0.4206146001815796,0.38665252923965454,-0.05459126457571983,0.41931334137916565,0.3124393820762634,-0.07723892480134964,0.41962990164756775,0.24994641542434692,-0.09324175119400024,0.3711990714073181,0.5344385504722595,-0.045403577387332916,0.3714984655380249,0.44170477986335754,-0.06389115005731583,0.3706851601600647,0.38021120429039,-0.07390399277210236,0.3704736530780792,0.323615700006485,-0.08145886659622192
0.4154703617095947,0.7795498371124268,3.597548925426963e-07,0.4845353960990906,0.7340134382247925,-0.03709787130355835,0.545507550239563,0.6566014289855957,-0.05665222927927971,0.5718282461166382,0.572533130645752,-0.0768573060631752,0.5618835091590881,0.4922504723072052,-0.09562277048826218,0.5095476508140564,0.5214105844497681,-0.017342593520879745,0.5356875061988831,0.4223378896713257,-0.061635106801986694,0.5440288186073303,0.4228631258010864,-0.09785463660955429,0.5455216765403748,0.4520725607872009,-0.11562906205654144,0.46287861466407776,0.4980718195438385,-0.01983717642724514,0.4799387753009796,0.3679174780845642,-0.04383603483438492,0.48239970207214355,0.29117193818092346,-0.07078403234481812,0.4846925139427185,0.2220863699913025,-0.0906880646944046,0.41789519786834717,0.504825234413147,-0.030555514618754387,0.41892215609550476,0.3875366449356079,-0.0536952018737793,0.41773995757102966,0.3135766386985779,-0.07526708394289017,0.4185501039028168,0.2514815330505371,-0.09039590507745743,0.36976858973503113,0.5358947515487671,-0.04557310417294502,0.3700680732727051,0.44333407282829285,-0.06285153329372406,0.368884414434433,0.38243287801742554,-0.0717112123966217,0.3683873414993286,0.32706594467163086,-0.07832174003124237
0.41556552052497864,0.7792876362800598,3.440996465542412e-07,0.48444005846977234,0.7338051795959473,-0.03710427135229111,0.5463796854019165,0.6567753553390503,-0.05599021539092064,0.5721372365951538,0.5727568864822388,-0.07524335384368896,0.5615540742874146,0.49346423149108887,-0.0933360755443573,0.5107825994491577,0.5228625535964966,-0.017225012183189392,0.5370171070098877,0.42724865674972534,-0.05990440770983696,0.5437982082366943,0.4233020842075348,-0.09591800719499588,0.5436594486236572,0.4451165199279785,-0.11447635293006897,0.4636613428592682,0.4985640048980713,-0.019846951588988304,0.48045796155929565,0.3695811331272125,-0.043477099388837814,0.4825466275215149,0.292488157749176,-0.0714394599199295,0.48398736119270325,0.22290048003196716,-0.0926177054643631,0.41816824674606323,0.5047351717948914,-0.030395900830626488,0.41938987374305725,0.38822612166404724,-0.05367905646562576,0.4181440472602844,0.31453317403793335,-0.07641894370317459,0.4183891713619232,0.2521304488182068,-0.09269004315137863,0.3697674870491028,0.5351740717887878,-0.045144081115722656,0.37020403146743774,0.4422892928123474,-0.06305108964443207,0.36908262968063354,0.381541907787323,-0.07280200719833374,0.3683403730392456,0.3256164789199829,-0.08033666759729385
0.415559858083725,0.7784819602966309,3.5565571465667745e-07,0.48512598872184753,0.7330712080001831,-0.03767320141196251,0.5464881658554077,0.6554253101348877,-0.05735638365149498,0.5717505216598511,0.5711549520492554,-0.07746884226799011,0.5614055395126343,0.4915742874145508,-0.09631253778934479,0.5111029744148254,0.5212916731834412,-0.01811644248664379,0.5378056168556213,0.4249997138977051,-0.06220794469118118,0.5444589257240295,0.42251914739608765,-0.0986797958612442,0.543977677822113,0.44692865014076233,-0.11706514656543732,0.46382150053977966,0.497335284948349,-0.020663632079958916,0.48083582520484924,0.3682791590690613,-0.044947218149900436,0.48302847146987915,0.2913793623447418,-0.07245966792106628,0.4848049283027649,0.22178438305854797,-0.09297290444374084,0.41842612624168396,0.5041627287864685,-0.031346265226602554,0.41916728019714355,0.38804614543914795,-0.05506325140595436,0.41763824224472046,0.31487247347831726,-0.07698278874158859,0.4179866313934326,0.2524416148662567,-0.09244728088378906,0.3702559769153595,0.5356096029281616,-0.04632510989904404,0.37037527561187744,0.44358840584754944,-0.06435689330101013,0.36919352412223816,0.3832989037036896,-0.07359810918569565,0.36868396401405334,0.3275817632675171,-0.0805702954530716
0.4149966239929199,0.7774096131324768,3.5330066339156474e-07,0.4840583801269531,0.7312891483306885,-0.03769136965274811,0.5462427139282227,0.6547375917434692,-0.056835468858480453,0.5716624855995178,0.5703790783882141,-0.07625685632228851,0.5615584254264832,0.49044618010520935,-0.09454062581062317,0.5111395120620728,0.5218894481658936,-0.017203640192747116,0.5379289984703064,0.42770522832870483,-0.06026352941989899,0.5442760586738586,0.42265966534614563,-0.09652473777532578,0.5434149503707886,0.4430713355541229,-0.11518494039773941,0.4639494717121124,0.49730339646339417,-0.019584069028496742,0.480742871761322,0.36922481656074524,-0.04361063987016678,0.48310017585754395,0.29208680987358093,-0.07159487158060074,0.48491331934928894,0.22176063060760498,-0.09261143207550049,0.4185936450958252,0.5033760666847229,-0.03002234548330307,0.4193248748779297,0.38741621375083923,-0.0538296177983284,0.4179438054561615,0.31382131576538086,-0.07637546956539154,0.41823846101760864,0.25101587176322937,-0.09230395406484604,0.3703825771808624,0.5339583158493042,-0.044722165912389755,0.37057292461395264,0.4417017102241516,-0.06297796964645386,0.3696550726890564,0.3810715079307556,-0.07265038043260574,0.36927053332328796,0.3249616026878357,-0.07999684661626816
0.4159117639064789,0.7756379842758179,3.729655020379141e-07,0.48543888330459595,0.7297337055206299,-0.03869864344596863,0.5466168522834778,0.6535000801086426,-0.059123020619153976,0.5714895129203796,0.5689539909362793,-0.07993881404399872,0.5605945587158203,0.4888697862625122,-0.09931926429271698,0.5106698870658875,0.5191392302513123,-0.018280042335391045,0.5364258885383606,0.4197670817375183,-0.06301913410425186,0.5442869663238525,0.41878271102905273,-0.09950284659862518,0.5454020500183105,0.4473525583744049,-0.11728230863809586,0.46378469467163086,0.4961830973625183,-0.019897351041436195,0.4811182916164398,0.36735570430755615,-0.044075097888708115,0.48346269130706787,0.290057897567749,-0.07125366479158401,0.48563531041145325,0.21980470418930054,-0.0913771390914917,0.41898539662361145,0.5025270581245422,-0.029904156923294067,0.42022424936294556,0.3872925043106079,-0.05307108536362648,0.4186060130596161,0.3132666349411011,-0.0744626596570015,0.4188670217990875,0.2507326602935791,-0.08948974311351776,0.37088480591773987,0.5323869585990906,-0.04438353702425957,0.3712001442909241,0.4406052827835083,-0.0615980289876461,0.3700740337371826,0.3796699047088623,-0.07042967528104782,0.36972159147262573,0.32350677251815796,-0.07703529298305511
0.41574451327323914,0.7758170366287231,3.643090451532771e-07,0.48503056168556213,0.7296714782714844,-0.038532525300979614,0.5471019744873047,0.6529422998428345,-0.05847125127911568,0.5720416903495789,0.5680082440376282,-0.07866279035806656,0.5619583129882812,0.48790881037712097,-0.09756138920783997,0.5117054581642151,0.5183458924293518,-0.017564980313181877,0.5372614860534668,0.42129963636398315,-0.06137785315513611,0.54410320520401,0.4178767800331116,-0.09777117520570755,0.5443335771560669,0.4428005516529083,-0.11598105728626251,0.4647362232208252,0.49455320835113525,-0.019302798435091972,0.4819165766239166,0.3663870394229889,-0.04297668859362602,0.4843752086162567,0.28954756259918213,-0.07023114711046219,0.48666706681251526,0.22020167112350464,-0.0905333086848259,0.41983601450920105,0.5007225871086121,-0.029326973482966423,0.4217056930065155,0.38466495275497437,-0.05249103903770447,0.4202166795730591,0.3104766011238098,-0.07418713718652725,0.420386403799057,0.24764880537986755,-0.0894835889339447,0.37152692675590515,0.5312476754188538,-0.04376073554158211,0.372191458940506,0.4388687312602997,-0.06141023710370064,0.37122660875320435,0.3782281279563904,-0.07045452296733856,0.37078946828842163,0.3221244215965271,-0.07719536125659943
0.4171290993690491,0.7715387344360352,3.622976976203063e-07,0.48636218905448914,0.7266911864280701,-0.03916943073272705,0.5470077991485596,0.6501752138137817,-0.05976084619760513,0.57051682472229,0.5663803815841675,-0.08064716309309006,0.5618488788604736,0.4864294230937958,-0.10010126978158951,0.510880708694458,0.5151760578155518,-0.018882231786847115,0.5358946919441223,0.4130419194698334,-0.06490510702133179,0.5447869300842285,0.41466134786605835,-0.10281872004270554,0.5474710464477539,0.44581133127212524,-0.12140956521034241,0.4646333158016205,0.49341174960136414,-0.020325705409049988,0.4830174446105957,0.36467573046684265,-0.04557409510016441,0.485257625579834,0.2871799170970917,-0.07418829202651978,0.48739588260650635,0.21736344695091248,-0.09541592001914978,0.4203035235404968,0.5005207657814026,-0.030269352719187737,0.42304447293281555,0.3846448063850403,-0.05380541458725929,0.4213055968284607,0.3097911477088928,-0.07620783150196075,0.421692430973053,0.24692970514297485,-0.09204205870628357,0.3721379041671753,0.5305934548377991,-0.04472897946834564,0.3729029893875122,0.4382409155368805,-0.06184452027082443,0.37189075350761414,0.3768543601036072,-0.07116593420505524,0.37208837270736694,0.31967395544052124,-0.07831691205501556
0.41707131266593933,0.7713375687599182,3.813310343048215e-07,0.48600536584854126,0.7258548736572266,-0.039221715182065964,0.5474662184715271,0.6486393213272095,-0.05939500406384468,0.5716650485992432,0.5635096430778503,-0.07971303910017014,0.5626406669616699,0.48299846053123474,-0.09862105548381805,0.5121539235115051,0.5141957998275757,-0.01870713010430336,0.5382047891616821,0.4148944616317749,-0.06312098354101181,0.5456513166427612,0.4129864275455475,-0.09946831315755844,0.5465456247329712,0.44008830189704895,-0.11718420684337616,0.46537595987319946,0.49179205298423767,-0.019924936816096306,0.48380333185195923,0.3634404242038727,-0.0437898263335228,0.487113356590271,0.2864595949649811,-0.07071445137262344,0.4901959002017975,0.21695160865783691,-0.09060393273830414,0.4206239581108093,0.4985487163066864,-0.029560238122940063,0.4234783351421356,0.3825322985649109,-0.052643660455942154,0.4224521815776825,0.30808025598526,-0.07409565895795822,0.42311418056488037,0.2454441487789154,-0.08904311805963516,0.3720592260360718,0.5286712050437927,-0.04367378354072571,0.37320801615715027,0.4357775151729584,-0.061155397444963455,0.37256285548210144,0.37428444623947144,-0.07013474404811859,0.37267637252807617,0.3173123896121979,-0.07668996602296829
0.4162251353263855,0.7704357504844666,3.859853165977256e-07,0.4863165318965912,0.7252970933914185,-0.04036407172679901,0.5479762554168701,0.6484071612358093,-0.06095604971051216,0.5724670886993408,0.5619297027587891,-0.08153660595417023,0.5630486607551575,0.4802696406841278,-0.10065076500177383,0.5129814147949219,0.514573335647583,-0.01841345801949501,0.5384970903396606,0.4146304726600647,-0.06306904554367065,0.5460541248321533,0.41315358877182007,-0.09990806877613068,0.5473366379737854,0.4408809542655945,-0.11792565137147903,0.4664745032787323,0.49138781428337097,-0.01879408210515976,0.4853993058204651,0.3624529540538788,-0.04249648377299309,0.4894759953022003,0.28465735912323,-0.06997311860322952,0.4935404360294342,0.21384480595588684,-0.09044916182756424,0.4219585657119751,0.49698832631111145,-0.027722759172320366,0.4252414107322693,0.3809105157852173,-0.05057255178689957,0.42444440722465515,0.3060665726661682,-0.07228294759988785,0.42532163858413696,0.24318790435791016,-0.08753946423530579,0.3735259771347046,0.5260186791419983,-0.0412488617002964,0.3744458556175232,0.43288856744766235,-0.05827563256025314,0.3737329840660095,0.37129831314086914,-0.06709159165620804,0.37367865443229675,0.314373642206192,-0.07368124276399612
0.41795361042022705,0.7721661329269409,3.6313815598987276e-07,0.4877256155014038,0.726166307926178,-0.038897667080163956,0.5490738749504089,0.648404598236084,-0.05803205072879791,0.5727469325065613,0.5612249970436096,-0.07724037766456604,0.5640483498573303,0.47998279333114624,-0.09508704394102097,0.5136266946792603,0.5161532163619995,-0.015942975878715515,0.5393776297569275,0.4197886288166046,-0.058830033987760544,0.5456488728523254,0.41499921679496765,-0.09496308863162994,0.5450655221939087,0.43665406107902527,-0.11321213096380234,0.4671970009803772,0.4921075105667114,-0.017066925764083862,0.48597991466522217,0.36495646834373474,-0.04027761518955231,0.4893043041229248,0.28777098655700684,-0.06749001890420914,0.4922707676887512,0.21724650263786316,-0.08784228563308716,0.4225037693977356,0.49743470549583435,-0.026590121909976006,0.42482808232307434,0.382290780544281,-0.04962892085313797,0.42395126819610596,0.30892032384872437,-0.07136606425046921,0.42473581433296204,0.2468515932559967,-0.08653081208467484,0.3739181160926819,0.5265991687774658,-0.040579237043857574,0.3749416172504425,0.4335756301879883,-0.05803569406270981,0.37386852502822876,0.3730289340019226,-0.06699955463409424,0.37312185764312744,0.3170802891254425,-0.07366275042295456
0.4184294044971466,0.7731629014015198,3.771982619582559e-07,0.4876631498336792,0.727076530456543,-0.03857874870300293,0.5486891865730286,0.6493613719940186,-0.058077048510313034,0.5731725692749023,0.5632026791572571,-0.07770363986492157,0.5643631219863892,0.482742577791214,-0.09600821882486343,0.5137208104133606,0.517250657081604,-0.017225021496415138,0.5393538475036621,0.42002472281455994,-0.0606631301343441,0.5467422008514404,0.4157465398311615,-0.09687286615371704,0.5474161505699158,0.4388795495033264,-0.11496578902006149,0.467105895280838,0.49334657192230225,-0.01873011887073517,0.48622047901153564,0.36513081192970276,-0.04229985922574997,0.49019742012023926,0.28771892189979553,-0.06957338005304337,0.4937869608402252,0.21755793690681458,-0.08988718688488007,0.4222791790962219,0.49874454736709595,-0.02851010300219059,0.4253208041191101,0.3827846050262451,-0.05155772343277931,0.42468690872192383,0.30866339802742004,-0.07318301498889923,0.42561212182044983,0.24605226516723633,-0.08831874281167984,0.37369072437286377,0.5277431607246399,-0.04270028695464134,0.37490707635879517,0.4344475269317627,-0.06008083373308182,0.374268501996994,0.3732190728187561,-0.0689006969332695,0.37418025732040405,0.31637054681777954,-0.07546231895685196
0.41851183772087097,0.7736517190933228,3.6986057239118963e-07,0.4882253110408783,0.7276390790939331,-0.03833785280585289,0.5493189096450806,0.6506774425506592,-0.05787817761301994,0.5736907720565796,0.5644433498382568,-0.07760343700647354,0.5640934109687805,0.4838238060474396,-0.09618590027093887,0.5136630535125732,0.5182978510856628,-0.017280828207731247,0.5392134189605713,0.4222799241542816,-0.060132190585136414,0.5455234050750732,0.41666656732559204,-0.09601589292287827,0.545172929763794,0.43761759996414185,-0.11422445625066757,0.46731773018836975,0.494340181350708,-0.01909138262271881,0.4863364100456238,0.3658786416053772,-0.042342741042375565,0.49003881216049194,0.28851860761642456,-0.06936729699373245,0.4932897984981537,0.21839168667793274,-0.08966447412967682,0.42267298698425293,0.49989551305770874,-0.02909759245812893,0.4254165589809418,0.3834956884384155,-0.052132394164800644,0.4246383607387543,0.30939069390296936,-0.07394047826528549,0.42519673705101013,0.2467477023601532,-0.0893416702747345,0.37422987818717957,0.5294131636619568,-0.04346075281500816,0.37507736682891846,0.4362295866012573,-0.06118594855070114,0.3743145167827606,0.3747813105583191,-0.07039390504360199,0.37386202812194824,0.31783825159072876,-0.07734286040067673
0.41905030608177185,0.7746678590774536,3.7289521515049273e-07,0.4881059229373932,0.7303478717803955,-0.03929766267538071,0.547706127166748,0.6531001925468445,-0.059550683945417404,0.5726895928382874,0.5674610137939453,-0.08008986711502075,0.5668368935585022,0.4859638810157776,-0.09927525371313095,0.5139490962028503,0.5195096135139465,-0.017837051302194595,0.5400228500366211,0.420766681432724,-0.06245649233460426,0.5482876300811768,0.4172676205635071,-0.09911178052425385,0.5496063232421875,0.44467538595199585,-0.11707399040460587,0.4675288796424866,0.4960399866104126,-0.018981799483299255,0.48545029759407043,0.3672512173652649,-0.04296651855111122,0.487704336643219,0.28984335064888,-0.07008431851863861,0.48973992466926575,0.21980497241020203,-0.09018213301897049,0.42311808466911316,0.5017483830451965,-0.0286460742354393,0.4253154993057251,0.38603532314300537,-0.05175226554274559,0.42378705739974976,0.3119349777698517,-0.07316331565380096,0.42391881346702576,0.24988046288490295,-0.08819413185119629,0.37514978647232056,0.5309597849845886,-0.04285111650824547,0.3756434917449951,0.4389241635799408,-0.06014164909720421,0.37449729442596436,0.3777672052383423,-0.06908319890499115,0.37396493554115295,0.3215499520301819,-0.07576601952314377
0.41795614361763,0.7822175621986389,3.2988705811476393e-07,0.48634475469589233,0.7336955070495605,-0.036100734025239944,0.5454494953155518,0.6572898626327515,-0.053632233291864395,0.5688578486442566,0.5727989673614502,-0.07146971672773361,0.5599111318588257,0.4944886267185211,-0.08792270720005035,0.5121045708656311,0.526412308216095,-0.011211919598281384,0.5368250012397766,0.4365912973880768,-0.05169498920440674,0.5413772463798523,0.42916232347488403,-0.08716459572315216,0.5395758152008057,0.4448201060295105,-0.10584695637226105,0.4658847153186798,0.5034872889518738,-0.013211400248110294,0.4796715974807739,0.37665265798568726,-0.036277007311582565,0.4796353876590729,0.30109846591949463,-0.06374822556972504,0.4796079695224762,0.23203185200691223,-0.08415155857801437,0.42200034856796265,0.5096520185470581,-0.023189961910247803,0.42458829283714294,0.39671140909194946,-0.046637579798698425,0.423141747713089,0.32608044147491455,-0.06764523684978485,0.42235803604125977,0.2647434175014496,-0.08199702203273773,0.375580370426178,0.5386782288551331,-0.037315864115953445,0.38186606764793396,0.44869184494018555,-0.05497274547815323,0.38353902101516724,0.39016851782798767,-0.06323925405740738,0.3841415345668793,0.3353675305843353,-0.06922236829996109
0.4179675579071045,0.7823807001113892,3.3530210430399165e-07,0.48628345131874084,0.7359440922737122,-0.03559551388025284,0.5435569286346436,0.6598390936851501,-0.053275685757398605,0.5694605708122253,0.5748339295387268,-0.07154946774244308,0.56050044298172,0.49466490745544434,-0.08837028592824936,0.5116190910339355,0.5290736556053162,-0.011064295656979084,0.537467896938324,0.4377066493034363,-0.0523180328309536,0.5431410074234009,0.4321346580982208,-0.08774622529745102,0.5420447587966919,0.4517737925052643,-0.10600925236940384,0.46661576628685,0.5049470067024231,-0.013294177129864693,0.4807043969631195,0.37720832228660583,-0.03640267625451088,0.4804017245769501,0.30196303129196167,-0.0633254200220108,0.48022228479385376,0.23383641242980957,-0.08325567841529846,0.4233570992946625,0.510150671005249,-0.023587914183735847,0.4263206720352173,0.3970499336719513,-0.046690408140420914,0.42503154277801514,0.32630661129951477,-0.06709187477827072,0.42472049593925476,0.2653900384902954,-0.08110365271568298,0.377263605594635,0.5384336113929749,-0.03804081305861473,0.38316458463668823,0.44924721121788025,-0.055024318397045135,0.3850626051425934,0.39098501205444336,-0.06282831728458405,0.38629448413848877,0.33680105209350586,-0.06858760118484497
0.41788893938064575,0.7786547541618347,3.2404486205450667e-07,0.4871114492416382,0.7272143959999084,-0.03535838425159454,0.5471159815788269,0.6514202356338501,-0.05216887965798378,0.5691443681716919,0.564054548740387,-0.0694621205329895,0.5542107820510864,0.4849056303501129,-0.08552513271570206,0.511742353439331,0.5260577201843262,-0.006273198407143354,0.5361961722373962,0.43804189562797546,-0.04531369358301163,0.5398346185684204,0.427386999130249,-0.07977073639631271,0.5380327701568604,0.4399791657924652,-0.09792227298021317,0.4669707119464874,0.5037000179290771,-0.008307017385959625,0.4794970154762268,0.3774103820323944,-0.0304406825453043,0.4770504832267761,0.30301135778427124,-0.05710538849234581,0.475633442401886,0.2356221079826355,-0.07675012201070786,0.4244798719882965,0.5091956853866577,-0.018544187769293785,0.42763933539390564,0.39716559648513794,-0.041451964527368546,0.42664873600006104,0.32686322927474976,-0.06157953664660454,0.4266125559806824,0.2662767767906189,-0.0752270519733429,0.3783971071243286,0.5368291735649109,-0.03293279930949211,0.3844766914844513,0.44888341426849365,-0.049991901963949203,0.387384295463562,0.3913901746273041,-0.05782186612486839,0.3897562026977539,0.3372490108013153,-0.0635070651769638
0.41753244400024414,0.7783627510070801,3.2274033401336055e-07,0.4858057498931885,0.728196382522583,-0.03559638187289238,0.5450682044029236,0.6524349451065063,-0.05219820514321327,0.5682969689369202,0.565910816192627,-0.06909456104040146,0.554805338382721,0.4870847463607788,-0.08476942032575607,0.510490894317627,0.5269796848297119,-0.0077737923711538315,0.5343690514564514,0.4387040436267853,-0.04651110991835594,0.5387338399887085,0.42921480536460876,-0.0805482491850853,0.5375091433525085,0.4416133761405945,-0.09859634935855865,0.46652933955192566,0.5043899416923523,-0.0098930848762393,0.4795461595058441,0.37770533561706543,-0.03219658508896828,0.47717052698135376,0.302371621131897,-0.059123869985342026,0.47508686780929565,0.23501837253570557,-0.07895515859127045,0.4243474304676056,0.509918212890625,-0.020061643794178963,0.4277860224246979,0.39711084961891174,-0.0431288480758667,0.4265027940273285,0.326288640499115,-0.06393267214298248,0.4256918728351593,0.26549994945526123,-0.0780663937330246,0.37826767563819885,0.5378272533416748,-0.03431028872728348,0.3843613266944885,0.4496464133262634,-0.051652681082487106,0.3872798681259155,0.3921392560005188,-0.05992603674530983,0.3894205689430237,0.33820801973342896,-0.06592829525470734
0.41775375604629517,0.7772811055183411,3.1869441841081425e-07,0.48557236790657043,0.7271289825439453,-0.03590844199061394,0.5446226000785828,0.6506919264793396,-0.05211858078837395,0.5670185089111328,0.5639329552650452,-0.06857441365718842,0.5559772253036499,0.484743595123291,-0.08364655077457428,0.5102159976959229,0.5247047543525696,-0.005803457926958799,0.534089207649231,0.43933382630348206,-0.043718334287405014,0.5388845205307007,0.42893511056900024,-0.07733626663684845,0.5383175611495972,0.44072097539901733,-0.09518010169267654,0.46618834137916565,0.5025594830513,-0.007458650041371584,0.477756530046463,0.3769972026348114,-0.029090801253914833,0.47487595677375793,0.30271685123443604,-0.055127669125795364,0.4730547070503235,0.2356003224849701,-0.07417955994606018,0.42467981576919556,0.5082147121429443,-0.017395054921507835,0.42828765511512756,0.3961493968963623,-0.04024828225374222,0.42707815766334534,0.32596299052238464,-0.06018422916531563,0.42655766010284424,0.26494112610816956,-0.0735153928399086,0.37936320900917053,0.5358736515045166,-0.0315396822988987,0.3856259286403656,0.44786566495895386,-0.04894007742404938,0.3880147933959961,0.39075884222984314,-0.05688538774847984,0.38962480425834656,0.3367736339569092,-0.0624459832906723
0.41915613412857056,0.7750815153121948,3.1969977953849593e-07,0.48712441325187683,0.7245784997940063,-0.03557540848851204,0.54518723487854,0.6492863893508911,-0.05204889550805092,0.5667225122451782,0.5629750490188599,-0.0688263326883316,0.5563639402389526,0.48417016863822937,-0.08422665297985077,0.5104731321334839,0.5242305397987366,-0.005509061738848686,0.5345932245254517,0.4395982623100281,-0.043810728937387466,0.5385689735412598,0.4285537600517273,-0.07791812717914581,0.5368542075157166,0.43983495235443115,-0.09597669541835785,0.466278076171875,0.502014696598053,-0.007028447464108467,0.477230429649353,0.3774668276309967,-0.02893543243408203,0.47428372502326965,0.30376705527305603,-0.054989419877529144,0.47256550192832947,0.23652461171150208,-0.0739831030368805,0.4248713254928589,0.5072552561759949,-0.016788898035883904,0.42887595295906067,0.39604640007019043,-0.03969019278883934,0.4276485741138458,0.32614901661872864,-0.059073369950056076,0.4269956350326538,0.265001505613327,-0.07189889997243881,0.37978053092956543,0.5344500541687012,-0.030732177197933197,0.3866497278213501,0.44759178161621094,-0.047848571091890335,0.38924843072891235,0.3908781409263611,-0.05520304664969444,0.3907448351383209,0.3370653986930847,-0.060235220938920975
0.41999852657318115,0.7742724418640137,3.2126706628332613e-07,0.4866757392883301,0.7239341735839844,-0.03667493537068367,0.5448091626167297,0.6469848155975342,-0.05290151759982109,0.5661200881004333,0.5589556694030762,-0.06910089403390884,0.5547009110450745,0.4786677360534668,-0.08395084738731384,0.5111340880393982,0.5236263275146484,-0.004554322920739651,0.5345538854598999,0.4420749843120575,-0.04177114740014076,0.5381914973258972,0.42978572845458984,-0.07547449320554733,0.5362853407859802,0.43852293491363525,-0.09357315301895142,0.46727895736694336,0.5011409521102905,-0.005245029926300049,0.47766929864883423,0.3793908357620239,-0.02648617886006832,0.4749792814254761,0.3059420883655548,-0.05254139378666878,0.47356730699539185,0.2385723888874054,-0.07156025618314743,0.42625486850738525,0.5060654878616333,-0.014281108044087887,0.43081527948379517,0.39648640155792236,-0.03684226796030998,0.43043819069862366,0.32681167125701904,-0.05626964941620827,0.43028524518013,0.26530739665031433,-0.06915688514709473,0.3814390301704407,0.5330580472946167,-0.027607344090938568,0.3887290954589844,0.44731128215789795,-0.04486631974577904,0.392081081867218,0.3910369575023651,-0.05242767184972763,0.3944240212440491,0.3369324207305908,-0.057559799402952194
0.42087405920028687,0.7727413773536682,3.1986601811695436e-07,0.48738768696784973,0.7219058275222778,-0.03583851456642151,0.5458981394767761,0.6460863351821899,-0.05139922350645065,0.5666275024414062,0.5588278770446777,-0.06684264540672302,0.5538208484649658,0.48020604252815247,-0.08094143122434616,0.5105234384536743,0.5224640965461731,-0.0036169877275824547,0.5327063202857971,0.44190889596939087,-0.03904886171221733,0.5375710725784302,0.4310484826564789,-0.07160509377717972,0.5373838543891907,0.4396001994609833,-0.08922076225280762,0.4675973951816559,0.5008801221847534,-0.004173149820417166,0.47730332612991333,0.3814080059528351,-0.024487828835844994,0.4752405285835266,0.30847230553627014,-0.04996399208903313,0.47428688406944275,0.24154570698738098,-0.06864995509386063,0.427386075258255,0.5060054063796997,-0.012829044833779335,0.4336051344871521,0.3966916799545288,-0.03465789929032326,0.43445920944213867,0.32700490951538086,-0.05344675853848457,0.4353131055831909,0.26559603214263916,-0.0658903568983078,0.38336730003356934,0.5323390960693359,-0.025643426924943924,0.3910500407218933,0.4473227262496948,-0.042368337512016296,0.395594984292984,0.3917560577392578,-0.049311041831970215,0.39928826689720154,0.3385266363620758,-0.053902555257081985
0.4236930012702942,0.7647416591644287,3.248001405609102e-07,0.49148792028427124,0.7102618217468262,-0.03699365630745888,0.5487584471702576,0.6346520781517029,-0.05227740481495857,0.5643218159675598,0.5459261536598206,-0.06717588007450104,0.5518465042114258,0.46724843978881836,-0.08043213933706284,0.5080147385597229,0.5157434344291687,5.618271097773686e-05,0.5263885855674744,0.43473339080810547,-0.03393957391381264,0.532568097114563,0.42560070753097534,-0.06579363346099854,0.5358362197875977,0.43453630805015564,-0.08325795084238052,0.46743497252464294,0.49814316630363464,0.0008985458989627659,0.4765191674232483,0.38358986377716064,-0.01944701187312603,0.4750954806804657,0.3131404221057892,-0.0453009195625782,0.4753747880458832,0.24876350164413452,-0.06418698281049728,0.42947232723236084,0.5044330358505249,-0.006746354512870312,0.43852415680885315,0.39851921796798706,-0.029004553332924843,0.4414723813533783,0.3325132727622986,-0.047014493495225906,0.4447784721851349,0.27495551109313965,-0.058428894728422165,0.3869820535182953,0.5300271511077881,-0.01865399070084095,0.39724472165107727,0.4484867751598358,-0.03546375036239624,0.40345513820648193,0.39532020688056946,-0.042005594819784164,0.4085513651371002,0.3439757525920868,-0.045978400856256485
0.4243699610233307,0.7605575323104858,3.2714990538806887e-07,0.49147263169288635,0.7088457942008972,-0.03675534576177597,0.5472871661186218,0.6323472261428833,-0.05116181820631027,0.5629776120185852,0.5435782670974731,-0.06494966149330139,0.5522032380104065,0.46531373262405396,-0.07704197615385056,0.5085508227348328,0.5143572688102722,-0.00048200279707089067,0.5276400446891785,0.4329744279384613,-0.033516883850097656,0.5345859527587891,0.42374280095100403,-0.06441940367221832,0.5384199619293213,0.4326867461204529,-0.08127883821725845,0.468351274728775,0.49591124057769775,0.0008945536683313549,0.4775295555591583,0.3823447823524475,-0.018550870940089226,0.47609132528305054,0.3130159080028534,-0.043599966913461685,0.4761964976787567,0.25035616755485535,-0.06183501332998276,0.43066734075546265,0.5015931725502014,-0.006044239737093449,0.43894749879837036,0.396424263715744,-0.02742157131433487,0.44146934151649475,0.330191969871521,-0.045401431620121,0.4444367289543152,0.27258768677711487,-0.05677861347794533,0.38839030265808105,0.5265781879425049,-0.017141491174697876,0.3973994553089142,0.44517838954925537,-0.03356776759028435,0.40274035930633545,0.3921113908290863,-0.04030836373567581,0.4072631001472473,0.3410458266735077,-0.04433900862932205
0.4191596210002899,0.7505501508712769,3.2410878247901564e-07,0.484202116727829,0.7005746364593506,-0.03427264466881752,0.5332967638969421,0.6222206950187683,-0.04610195755958557,0.5502597093582153,0.5364499688148499,-0.05737429857254028,0.5514007806777954,0.4599940776824951,-0.0668751522898674,0.49794697761535645,0.5097660422325134,0.0014868316939100623,0.5172471404075623,0.43098169565200806,-0.028526512905955315,0.526829719543457,0.4210438132286072,-0.05686403438448906,0.533042311668396,0.42759817838668823,-0.07247379422187805,0.46001601219177246,0.4920114576816559,0.0025713236536830664,0.4692324697971344,0.38087156414985657,-0.015617254190146923,0.4693799614906311,0.31110623478889465,-0.03916086256504059,0.4700866937637329,0.24945884943008423,-0.056186653673648834,0.4235807955265045,0.4974384903907776,-0.004347061272710562,0.4322088360786438,0.39318227767944336,-0.0250838790088892,0.43664753437042236,0.3267897963523865,-0.04286179319024086,0.4412744641304016,0.2695450484752655,-0.053927116096019745,0.38402971625328064,0.5210753679275513,-0.015127880498766899,0.3924892246723175,0.44080883264541626,-0.03164652734994888,0.3987196087837219,0.38774484395980835,-0.038624413311481476,0.40457242727279663,0.33733701705932617,-0.04267089068889618
0.42160189151763916,0.7649440169334412,3.2450785170112795e-07,0.485750675201416,0.7191630601882935,-0.035173431038856506,0.5388603806495667,0.6502673625946045,-0.0513642281293869,0.5587934255599976,0.57365882396698,-0.06750234216451645,0.5543226599693298,0.5009177327156067,-0.08127102255821228,0.4995591342449188,0.5239507555961609,-0.003991412464529276,0.5157668590545654,0.4341147840023041,-0.04113243892788887,0.5275347232818604,0.4328906536102295,-0.07322750985622406,0.5362951159477234,0.45721668004989624,-0.08878100663423538,0.4614390730857849,0.5074133276939392,-0.0033127740025520325,0.4703885316848755,0.39275282621383667,-0.023938553407788277,0.46971243619918823,0.32264864444732666,-0.04715024307370186,0.4704055190086365,0.26128292083740234,-0.06318783015012741,0.425576776266098,0.5135986804962158,-0.011013191193342209,0.4343773424625397,0.4094741940498352,-0.030621856451034546,0.4373668134212494,0.3424663543701172,-0.04562860354781151,0.4408779442310333,0.28511694073677063,-0.054807696491479874,0.38613826036453247,0.5381755232810974,-0.02313189022243023,0.3952168822288513,0.4575284421443939,-0.03671536594629288,0.4005618989467621,0.4040102958679199,-0.040724750608205795,0.4059998095035553,0.35327857732772827,-0.04247355833649635
0.4223434329032898,0.7680841088294983,3.578252290026285e-07,0.4877051115036011,0.7182379961013794,-0.03582485392689705,0.5442637205123901,0.6484661102294922,-0.05009612813591957,0.5647940039634705,0.5651407241821289,-0.06404421478509903,0.5541161298751831,0.4893842935562134,-0.07621408253908157,0.5049243569374084,0.5298594236373901,0.0020338688045740128,0.5238164663314819,0.4516123831272125,-0.02893236093223095,0.5338475704193115,0.44143474102020264,-0.05829721316695213,0.5414074063301086,0.4484592378139496,-0.07432226836681366,0.46713757514953613,0.5109791159629822,0.0034341441933065653,0.47727957367897034,0.40188461542129517,-0.01470348984003067,0.4759969115257263,0.33456921577453613,-0.0382973775267601,0.47650086879730225,0.2723330855369568,-0.055339377373456955,0.4309805631637573,0.5146558880805969,-0.0034235406201332808,0.4403381645679474,0.4141916036605835,-0.023154037073254585,0.4429529309272766,0.3504188656806946,-0.0392603799700737,0.446207731962204,0.2951754927635193,-0.049279745668172836,0.3894244432449341,0.5363759994506836,-0.014586249366402626,0.3989155888557434,0.45813867449760437,-0.029189296066761017,0.40416213870048523,0.4065890312194824,-0.03443947434425354,0.409187912940979,0.35724470019340515,-0.03738514333963394
0.4257844090461731,0.7546266913414001,3.50539494320401e-07,0.4929308295249939,0.7080128192901611,-0.0367678664624691,0.5500985980033875,0.6349652409553528,-0.050007618963718414,0.5674462914466858,0.5484625697135925,-0.06197873502969742,0.5547254085540771,0.47286146879196167,-0.07266899943351746,0.5126931667327881,0.5243057012557983,-0.0015620371559634805,0.5318067073822021,0.45195597410202026,-0.029912147670984268,0.5382993817329407,0.4374047517776489,-0.0571012869477272,0.5426818132400513,0.43414515256881714,-0.0728900358080864,0.4746403694152832,0.5053131580352783,0.0002950460184365511,0.4868980050086975,0.40036553144454956,-0.017678039148449898,0.48845306038856506,0.3339540362358093,-0.04049139469861984,0.49153661727905273,0.27253323793411255,-0.05711525306105614,0.43805694580078125,0.5081223845481873,-0.005732045508921146,0.4492628872394562,0.41051143407821655,-0.02655811980366707,0.4551848769187927,0.34831130504608154,-0.04347976669669151,0.46151697635650635,0.2931118309497833,-0.05393369495868683,0.39577293395996094,0.5280710458755493,-0.015823768451809883,0.4068036377429962,0.4512074887752533,-0.0326705239713192,0.4143935441970825,0.4006497263908386,-0.03967655822634697,0.42182305455207825,0.35160648822784424,-0.0438196137547493
0.4358171224594116,0.7578753232955933,3.3548184319442953e-07,0.5016704201698303,0.7084899544715881,-0.0353386290371418,0.5562485456466675,0.6275956034660339,-0.047274935990571976,0.5712200403213501,0.538027286529541,-0.05802401900291443,0.5596481561660767,0.46197354793548584,-0.0673794075846672,0.5209234952926636,0.5213758945465088,5.9496040194062516e-05,0.5366999506950378,0.44425681233406067,-0.027046967297792435,0.5421912670135498,0.4285922646522522,-0.05300513654947281,0.5466444492340088,0.42397183179855347,-0.06829649209976196,0.48282888531684875,0.5059299468994141,0.0015023625455796719,0.49364209175109863,0.4011281728744507,-0.01580021344125271,0.49561065435409546,0.3348780870437622,-0.037681981921195984,0.4986277222633362,0.2735482454299927,-0.05376054346561432,0.4462738037109375,0.5114847421646118,-0.004952963441610336,0.4564693868160248,0.4135109484195709,-0.02559659443795681,0.46249639987945557,0.35228508710861206,-0.04189512878656387,0.4685721695423126,0.29654446244239807,-0.05205759406089783,0.4043940007686615,0.5341712832450867,-0.015343782491981983,0.41507524251937866,0.45780351758003235,-0.032750844955444336,0.4230951964855194,0.4078059196472168,-0.0402015745639801,0.43061184883117676,0.3574278950691223,-0.04472259059548378
0.4350893199443817,0.7673110961914062,3.20141623433301e-07,0.49946874380111694,0.7189185619354248,-0.035292744636535645,0.5533316135406494,0.644010066986084,-0.048780202865600586,0.5711844563484192,0.5589914321899414,-0.06144121289253235,0.5563774704933167,0.4851623475551605,-0.07279226183891296,0.5189903974533081,0.5308884978294373,-0.00020865071564912796,0.5348352789878845,0.4558294415473938,-0.028847329318523407,0.5397007465362549,0.4411153793334961,-0.056222546845674515,0.5428656339645386,0.4397963583469391,-0.07200367748737335,0.48083603382110596,0.5139004588127136,0.0010136112105101347,0.4903433620929718,0.40847378969192505,-0.016606437042355537,0.4895297884941101,0.34359535574913025,-0.03886934369802475,0.4905475378036499,0.2821047306060791,-0.05513264983892441,0.44437265396118164,0.5195581912994385,-0.005583598278462887,0.4548824429512024,0.4219859838485718,-0.025660710409283638,0.4587686061859131,0.36090707778930664,-0.041559044271707535,0.4626961350440979,0.30504319071769714,-0.05159827321767807,0.40290847420692444,0.5427964925765991,-0.01620909944176674,0.4135509729385376,0.46708351373672485,-0.0322079062461853,0.42034345865249634,0.41763773560523987,-0.038468800485134125,0.4265613257884979,0.36844557523727417,-0.0422736294567585
0.4447084367275238,0.777722954750061,3.169341482589516e-07,0.5113905072212219,0.7303033471107483,-0.03367287293076515,0.5667107105255127,0.6561300158500671,-0.045892100781202316,0.582030177116394,0.5696122050285339,-0.05710633471608162,0.566067636013031,0.49639075994491577,-0.06754589825868607,0.5314446687698364,0.5479020476341248,-0.0008709807880222797,0.5484557151794434,0.4777596890926361,-0.02706880308687687,0.554318368434906,0.45924073457717896,-0.052674032747745514,0.558578372001648,0.4498962461948395,-0.06820932775735855,0.49351418018341064,0.5310372114181519,-0.00017305983055848628,0.5035275816917419,0.42925554513931274,-0.017409177497029305,0.5035475492477417,0.36585694551467896,-0.03912912681698799,0.5046431422233582,0.30574190616607666,-0.055117491632699966,0.457274466753006,0.5355905890464783,-0.006686910055577755,0.4670005142688751,0.44028687477111816,-0.026863403618335724,0.47218820452690125,0.37927499413490295,-0.04252251982688904,0.477560818195343,0.32324400544166565,-0.05237099528312683,0.4156782329082489,0.5575752854347229,-0.01692972518503666,0.4261535108089447,0.4818492531776428,-0.033547159284353256,0.43430066108703613,0.43259531259536743,-0.04009009152650833,0.4422450661659241,0.3835747241973877,-0.04408472776412964
0.44396156072616577,0.7350469827651978,3.4663096926124126e-07,0.5086451768875122,0.6894637942314148,-0.03420983999967575,0.564383864402771,0.6268323659896851,-0.04750138893723488,0.5788755416870117,0.5436381101608276,-0.05988093465566635,0.5600738525390625,0.47460147738456726,-0.07089955359697342,0.5291398763656616,0.5203018188476562,0.004129230510443449,0.5454402565956116,0.45360124111175537,-0.019644778221845627,0.5493423938751221,0.43773072957992554,-0.04325796663761139,0.5518311262130737,0.4369528889656067,-0.056609299033880234,0.49257954955101013,0.5033425092697144,0.006778246257454157,0.5040625929832458,0.4059726595878601,-0.00564093142747879,0.5044097900390625,0.3472921848297119,-0.0235095527023077,0.506960391998291,0.29279625415802,-0.036709014326334,0.45898866653442383,0.5057775974273682,0.0016205371357500553,0.4684115946292877,0.41505032777786255,-0.014427012763917446,0.47216787934303284,0.3578890264034271,-0.02786627970635891,0.47650498151779175,0.30804574489593506,-0.036306314170360565,0.4193272888660431,0.5240448713302612,-0.007585233077406883,0.429552286863327,0.45214834809303284,-0.020641086623072624,0.4361312985420227,0.4058070182800293,-0.025759706273674965,0.44194722175598145,0.3612123131752014,-0.02882476896047592
0.4413558542728424,0.7173606157302856,3.4915129276669177e-07,0.5046236515045166,0.6767810583114624,-0.032653942704200745,0.5521072745323181,0.6147488951683044,-0.04475774988532066,0.5694153308868408,0.5398544669151306,-0.05659741535782814,0.5628719329833984,0.4724339246749878,-0.06695543229579926,0.5149997472763062,0.5059212446212769,0.003157283877953887,0.530128002166748,0.43268173933029175,-0.023930488154292107,0.5408669710159302,0.42394089698791504,-0.04971909523010254,0.5504827499389648,0.4344446361064911,-0.06361981481313705,0.4818175435066223,0.4896309971809387,0.00539444899186492,0.49177759885787964,0.39073070883750916,-0.009897444397211075,0.49426692724227905,0.3301032781600952,-0.030288148671388626,0.4994313716888428,0.2759196162223816,-0.04517674446105957,0.44976767897605896,0.492736279964447,-0.00012027160119032487,0.46115198731422424,0.400100439786911,-0.017574673518538475,0.4670077860355377,0.3407812714576721,-0.03267260640859604,0.47406336665153503,0.29115575551986694,-0.04205823689699173,0.413090318441391,0.5106372833251953,-0.00951246079057455,0.42362290620803833,0.43872129917144775,-0.02302418276667595,0.4308634400367737,0.39096248149871826,-0.02899111993610859,0.43846163153648376,0.3463885188102722,-0.03259963169693947
0.4371539354324341,0.7219418287277222,3.7006989828114456e-07,0.5021586418151855,0.6839914321899414,-0.033648282289505005,0.552197277545929,0.6215288639068604,-0.04731481894850731,0.5691659450531006,0.5476686954498291,-0.06085527315735817,0.5616722702980042,0.48052099347114563,-0.07277372479438782,0.5113333463668823,0.5152837038040161,-0.0008544513257220387,0.5274096727371216,0.43763595819473267,-0.03243287652730942,0.538544237613678,0.42996129393577576,-0.060412514954805374,0.547929584980011,0.4481935501098633,-0.07398172467947006,0.4765845239162445,0.49840047955513,0.001623218529857695,0.4884529411792755,0.3969390392303467,-0.014490412548184395,0.49118572473526,0.3333401083946228,-0.034406933933496475,0.49599751830101013,0.27742066979408264,-0.04863026738166809,0.4439447820186615,0.5006492733955383,-0.004023113287985325,0.4514468014240265,0.40696588158607483,-0.020985905081033707,0.4533221423625946,0.3458608388900757,-0.03567265719175339,0.45674043893814087,0.29687750339508057,-0.044771138578653336,0.40756911039352417,0.5184782147407532,-0.013873145915567875,0.4136561155319214,0.44404637813568115,-0.02630474604666233,0.4166688919067383,0.3943488597869873,-0.03190888091921806,0.41969728469848633,0.3500814437866211,-0.03531894460320473
0.4413733184337616,0.7345002889633179,3.8255396361819294e-07,0.506745457649231,0.6971261501312256,-0.0355626679956913,0.5603387951850891,0.6360028386116028,-0.05167840048670769,0.5759631395339966,0.5598275661468506,-0.06720354408025742,0.5633270144462585,0.49149101972579956,-0.08130872249603271,0.518392026424408,0.525587260723114,-0.0055681634694337845,0.5349276661872864,0.45110610127449036,-0.03918080776929855,0.543584406375885,0.4409410357475281,-0.0686502605676651,0.5498703122138977,0.45606762170791626,-0.08326806128025055,0.4811142683029175,0.5061052441596985,-0.0028207264840602875,0.4943605065345764,0.40485817193984985,-0.020042458549141884,0.4973865747451782,0.3425135314464569,-0.04008518531918526,0.5026879906654358,0.2861279845237732,-0.0543515719473362,0.4468323886394501,0.5072126984596252,-0.008117393590509892,0.4536028802394867,0.41307729482650757,-0.026022516191005707,0.45516419410705566,0.3522375226020813,-0.040546998381614685,0.45862212777137756,0.3025406002998352,-0.04959665611386299,0.40854400396347046,0.5260211229324341,-0.017729803919792175,0.41443029046058655,0.45026904344558716,-0.030765799805521965,0.41762131452560425,0.4007958769798279,-0.036104965955019,0.42084383964538574,0.35616105794906616,-0.03935350477695465
0.4368402659893036,0.7257221937179565,3.844581328849017e-07,0.5017526149749756,0.6875359416007996,-0.034828126430511475,0.5528422594070435,0.6241947412490845,-0.04977632313966751,0.5684495568275452,0.5493869781494141,-0.06424340605735779,0.5623300671577454,0.48049917817115784,-0.0770239606499672,0.5104547142982483,0.5142623782157898,-0.004362720064818859,0.5273313522338867,0.43721652030944824,-0.03804393485188484,0.5375151038169861,0.42908522486686707,-0.06747427582740784,0.544989287853241,0.4467349946498871,-0.08178876340389252,0.4740102291107178,0.49615857005119324,-0.0017218270804733038,0.486506849527359,0.39402511715888977,-0.0190394576638937,0.4902676045894623,0.3302847146987915,-0.03916124254465103,0.49561190605163574,0.27387553453445435,-0.05341882258653641,0.44027793407440186,0.4986289441585541,-0.007235113065689802,0.4460163116455078,0.40443986654281616,-0.025259923189878464,0.4470340609550476,0.34412047266960144,-0.0398591123521328,0.45021960139274597,0.29421573877334595,-0.04878081753849983,0.4032396078109741,0.5183324813842773,-0.01701321266591549,0.40823739767074585,0.4427778422832489,-0.030057791620492935,0.41099685430526733,0.39383015036582947,-0.03540968522429466,0.4142124056816101,0.3493378162384033,-0.0385683998465538
0.4385925233364105,0.7532336115837097,3.3423822287659277e-07,0.5038774609565735,0.709210216999054,-0.031742118299007416,0.5602321028709412,0.6452155709266663,-0.04715932905673981,0.5795977115631104,0.5687331557273865,-0.06270204484462738,0.5634104013442993,0.5010359287261963,-0.07722830027341843,0.52276611328125,0.5318210124969482,-0.0038488167338073254,0.544430136680603,0.46580180525779724,-0.036323949694633484,0.5497729778289795,0.45388293266296387,-0.06556029617786407,0.5504108667373657,0.46022289991378784,-0.08110765367746353,0.4827771484851837,0.5091667175292969,-0.004991475958377123,0.49486103653907776,0.40409743785858154,-0.022219913080334663,0.4957970380783081,0.3415917754173279,-0.04262774810194969,0.4983394145965576,0.2821458876132965,-0.05764176696538925,0.44547948241233826,0.5105646252632141,-0.013671472668647766,0.4483696520328522,0.41473859548568726,-0.03259887173771858,0.4480224847793579,0.35338062047958374,-0.048310428857803345,0.4491918683052063,0.29969555139541626,-0.05870942771434784,0.4051528871059418,0.5320137739181519,-0.026240866631269455,0.40897083282470703,0.4539348781108856,-0.0404064916074276,0.4111037850379944,0.4040992259979248,-0.0462317168712616,0.41311198472976685,0.35771018266677856,-0.050332263112068176
