0.2874704897403717,0.793697714805603,-7.729633466624364e-08,0.3126681447029114,0.6903447508811951,-0.03336883708834648,0.3863759934902191,0.6209102869033813,-0.047393523156642914,0.46531766653060913,0.6112909317016602,-0.06264829635620117,0.5237355828285217,0.6407760381698608,-0.0765618309378624,0.4662325382232666,0.6155531406402588,-0.0106327123939991,0.5655795335769653,0.5959756970405579,-0.04192660376429558,0.6276854872703552,0.5936144590377808,-0.06137213483452797,0.6795348525047302,0.592366635799408,-0.07393486797809601,0.4676024317741394,0.6875969171524048,-0.01284823939204216,0.5147137641906738,0.6978434920310974,-0.07955411076545715,0.4433118999004364,0.7145468592643738,-0.09667857736349106,0.38274484872817993,0.7232285737991333,-0.08869530260562897,0.46174493432044983,0.7545364499092102,-0.02031821757555008,0.49140164256095886,0.7650489211082458,-0.08295216411352158,0.4179774522781372,0.7682170271873474,-0.07567689567804337,0.3658815026283264,0.76411372423172,-0.05076625943183899,0.44704681634902954,0.8148372173309326,-0.030690230429172516,0.46835052967071533,0.8176999092102051,-0.07044854015111923,0.4151413142681122,0.8154510259628296,-0.06230149045586586,0.37692326307296753,0.8092856407165527,-0.04339846596121788
0.2872397303581238,0.7831942439079285,-3.6413595694284595e-08,0.3133968412876129,0.6786170601844788,-0.03277194872498512,0.3829721212387085,0.613477349281311,-0.04759334772825241,0.46163496375083923,0.6039631962776184,-0.0641523152589798,0.5216541886329651,0.6336365342140198,-0.07901199907064438,0.4643128216266632,0.6044572591781616,-0.00874252337962389,0.5655091404914856,0.5851974487304688,-0.040846969932317734,0.6293522715568542,0.5845268368721008,-0.06155514344573021,0.6818857192993164,0.5838969349861145,-0.07470663636922836,0.4655335247516632,0.6763765215873718,-0.010908462107181549,0.5100021362304688,0.6887792348861694,-0.07954992353916168,0.4397903084754944,0.7051119208335876,-0.09897823631763458,0.3771860599517822,0.7125469446182251,-0.09193958342075348,0.4597459137439728,0.7432813048362732,-0.018290963023900986,0.48519253730773926,0.7550079822540283,-0.0812571793794632,0.4139255881309509,0.7579221725463867,-0.07564491778612137,0.36142778396606445,0.7532563209533691,-0.05129316449165344,0.44518306851387024,0.8025925159454346,-0.02859727293252945,0.4646851122379303,0.8079337477684021,-0.06745399534702301,0.41268882155418396,0.8043498992919922,-0.05986940488219261,0.37329772114753723,0.7968220114707947,-0.040891580283641815
0.28331655263900757,0.7831196188926697,-3.384283431273616e-08,0.31106746196746826,0.6762555241584778,-0.03116355836391449,0.3819551467895508,0.6111832857131958,-0.04456813260912895,0.46089619398117065,0.6012964248657227,-0.059974249452352524,0.5190659761428833,0.6300371885299683,-0.0737273097038269,0.46317315101623535,0.6013602018356323,-0.005447685718536377,0.5642465949058533,0.5841012001037598,-0.036905206739902496,0.6291027069091797,0.5844296216964722,-0.058075401932001114,0.6818703413009644,0.584644079208374,-0.07163742184638977,0.4644162654876709,0.6745172142982483,-0.008025256916880608,0.5094389915466309,0.6862493753433228,-0.07632356882095337,0.4392596185207367,0.7024286389350891,-0.0967300683259964,0.37520819902420044,0.7101379632949829,-0.09023776650428772,0.45852741599082947,0.7425458431243896,-0.01571674831211567,0.48376667499542236,0.7529340982437134,-0.07783132046461105,0.4136858582496643,0.7557474374771118,-0.07316640019416809,0.3601255416870117,0.7508590817451477,-0.049513012170791626,0.44350314140319824,0.8020015954971313,-0.026239320635795593,0.4616667330265045,0.8069574236869812,-0.06416289508342743,0.4111820459365845,0.8031424283981323,-0.056856535375118256,0.3721156120300293,0.7954827547073364,-0.038131825625896454
0.2898603677749634,0.6957973837852478,1.5894405791527788e-08,0.3123236298561096,0.5754595994949341,-0.02767280861735344,0.38220447301864624,0.5013237595558167,-0.03838031366467476,0.4631161689758301,0.485755056142807,-0.05258895084261894,0.52450031042099,0.5074969530105591,-0.06519947946071625,0.4606511890888214,0.4925212562084198,0.007161552086472511,0.5601201057434082,0.466338574886322,-0.025033416226506233,0.626792311668396,0.4615374803543091,-0.04892018437385559,0.6810705661773682,0.4591098427772522,-0.06428851187229156,0.4681331515312195,0.5660793781280518,0.0029131968040019274,0.511602520942688,0.5685956478118896,-0.0683116465806961,0.4419211447238922,0.5836290121078491,-0.09297934174537659,0.3764570951461792,0.5920697450637817,-0.08859952539205551,0.46818864345550537,0.6339866518974304,-0.007041634060442448,0.4889996349811554,0.6349537968635559,-0.07181520760059357,0.4175643026828766,0.6435772776603699,-0.07000792771577835,0.36017662286758423,0.6428233981132507,-0.047148168087005615,0.4593565762042999,0.6946218013763428,-0.019769886508584023,0.4694100022315979,0.6937974095344543,-0.060006752610206604,0.4186880886554718,0.6952437162399292,-0.05494329333305359,0.37831664085388184,0.6907573342323303,-0.036860667169094086
0.29409050941467285,0.6836335062980652,2.2776960761916598e-08,0.3140082359313965,0.5635393261909485,-0.028247211128473282,0.3827793300151825,0.48863252997398376,-0.039399512112140656,0.46259045600891113,0.47374120354652405,-0.05370453745126724,0.5232775211334229,0.49620160460472107,-0.0665181428194046,0.46356281638145447,0.47837722301483154,0.0037174897734075785,0.5640747547149658,0.45164060592651367,-0.028425777330994606,0.6307556629180908,0.4454079866409302,-0.05160513520240784,0.6863620281219482,0.44268566370010376,-0.06653750687837601,0.4698813557624817,0.5519450306892395,-0.00044845943921245635,0.5151363015174866,0.5566367506980896,-0.07186746597290039,0.4441208839416504,0.572196364402771,-0.09562820941209793,0.3790997862815857,0.5816108584403992,-0.09048884361982346,0.46904897689819336,0.6200045943260193,-0.010023592971265316,0.49214863777160645,0.6230722069740295,-0.07507763803005219,0.41993996500968933,0.632966935634613,-0.07212827354669571,0.3636121153831482,0.6337798237800598,-0.048412155359983444,0.45944786071777344,0.6803009510040283,-0.022366374731063843,0.47073981165885925,0.6814548373222351,-0.0627703070640564,0.41956692934036255,0.6851445436477661,-0.05697359889745712,0.3803757429122925,0.6830857992172241,-0.03835182264447212
0.30676865577697754,0.6597615480422974,4.6453578761429526e-08,0.3228362798690796,0.5379430055618286,-0.027977872639894485,0.39445576071739197,0.46022260189056396,-0.03665251284837723,0.4794013500213623,0.4470065236091614,-0.04832015559077263,0.5427044630050659,0.47215914726257324,-0.058190830051898956,0.47891077399253845,0.45361530780792236,0.008218451403081417,0.5818114876747131,0.42938923835754395,-0.02341317944228649,0.6502392888069153,0.4211229085922241,-0.047209084033966064,0.7066037058830261,0.4165574908256531,-0.0631638914346695,0.48313215374946594,0.5307249426841736,0.0037257287185639143,0.5319115519523621,0.5322344899177551,-0.07007347047328949,0.45650848746299744,0.5497202277183533,-0.09624084085226059,0.38800159096717834,0.5603839159011841,-0.09214712679386139,0.48062580823898315,0.6011341214179993,-0.0061303372494876385,0.5083701610565186,0.6004427075386047,-0.07406341284513474,0.4321715235710144,0.609634518623352,-0.07182493060827255,0.37361940741539,0.609302818775177,-0.048024050891399384,0.4695454239845276,0.6629254221916199,-0.01852620393037796,0.48459672927856445,0.6620367169380188,-0.06256003677845001,0.42928817868232727,0.667594313621521,-0.05705427750945091,0.3888509273529053,0.6671943664550781,-0.03799647092819214
0.2851097881793976,0.6603784561157227,-1.1594344329068917e-07,0.29774361848831177,0.5357930660247803,-0.03403598070144653,0.37404707074165344,0.4525693356990814,-0.047794997692108154,0.4624518156051636,0.43803465366363525,-0.06329306215047836,0.5300384759902954,0.46321535110473633,-0.07723275572061539,0.4655846655368805,0.44523048400878906,-0.008491898886859417,0.5773184299468994,0.4146060347557068,-0.04462777450680733,0.6500176191329956,0.40583449602127075,-0.06855493783950806,0.7097786664962769,0.3988213837146759,-0.08439182490110397,0.47537633776664734,0.526232123374939,-0.01159440353512764,0.517352819442749,0.5233952403068542,-0.09054704755544662,0.43384385108947754,0.5438701510429382,-0.11347159743309021,0.36379897594451904,0.5555689930915833,-0.10639268904924393,0.4752110540866852,0.6002667546272278,-0.020143859088420868,0.4963558614253998,0.596497118473053,-0.0929909273982048,0.411918580532074,0.6077564358711243,-0.0872204527258873,0.3517068028450012,0.6073049306869507,-0.060208309441804886,0.4647842049598694,0.6669616103172302,-0.031595516949892044,0.47535401582717896,0.6634927988052368,-0.07922688871622086,0.4137609601020813,0.6680899858474731,-0.07262735813856125,0.3714241087436676,0.6646164655685425,-0.052198830991983414
0.25870418548583984,0.6921659708023071,-1.3932624653989478e-07,0.2686566710472107,0.5476182103157043,-0.045560307800769806,0.35434839129447937,0.4508012533187866,-0.06635472923517227,0.45975399017333984,0.4316502809524536,-0.0886903703212738,0.5409987568855286,0.4559476971626282,-0.1089063435792923,0.4848253130912781,0.43241509795188904,-0.01865384355187416,0.6217583417892456,0.39914724230766296,-0.062097396701574326,0.7093397974967957,0.3874068260192871,-0.08992186188697815,0.7820248603820801,0.378678560256958,-0.10900630801916122,0.4959924817085266,0.5311745405197144,-0.021790703758597374,0.5358253121376038,0.5395510196685791,-0.11655622720718384,0.43525469303131104,0.5651105046272278,-0.14158572256565094,0.35260850191116333,0.5820529460906982,-0.13192400336265564,0.4911799430847168,0.6232815980911255,-0.031724683940410614,0.5064724087715149,0.6276146173477173,-0.11875800788402557,0.404548704624176,0.6372483372688293,-0.10942743718624115,0.3349281847476959,0.6350851655006409,-0.07654958963394165,0.47257116436958313,0.7048094272613525,-0.045758217573165894,0.47763684391975403,0.7060962915420532,-0.10220929980278015,0.40151989459991455,0.7038378715515137,-0.09335513412952423,0.35153910517692566,0.6944637298583984,-0.06885115802288055
0.25765061378479004,0.6995699405670166,-1.5316410895138688e-07,0.2668408751487732,0.5555418133735657,-0.044646505266427994,0.3554335832595825,0.4592083990573883,-0.06544844806194305,0.46146321296691895,0.4421091079711914,-0.08804228901863098,0.5434126853942871,0.46648818254470825,-0.10891037434339523,0.48736944794654846,0.44045189023017883,-0.020522095263004303,0.6263846158981323,0.40699583292007446,-0.06483392417430878,0.716032862663269,0.3955325186252594,-0.09279128909111023,0.7900192737579346,0.3875913619995117,-0.1115650162100792,0.49872082471847534,0.5389881730079651,-0.024434873834252357,0.5383332371711731,0.5460788011550903,-0.11915072798728943,0.43605250120162964,0.5714877843856812,-0.14323493838310242,0.35252711176872253,0.5897777080535889,-0.1329016387462616,0.4938430190086365,0.6311111450195312,-0.034977078437805176,0.509124755859375,0.6339171528816223,-0.12158798426389694,0.4056072235107422,0.6439657807350159,-0.11022625863552094,0.33568093180656433,0.6442264318466187,-0.075950488448143,0.4748425781726837,0.7143632769584656,-0.04955628141760826,0.4835899770259857,0.713005006313324,-0.10464715212583542,0.4073667526245117,0.7106574773788452,-0.09313083440065384,0.35728195309638977,0.7033261060714722,-0.06673987954854965
0.25569313764572144,0.7027329206466675,-1.8383340716354724e-07,0.2661721110343933,0.55902498960495,-0.04505928233265877,0.355229914188385,0.46006524562835693,-0.06573861092329025,0.4630121886730194,0.44136667251586914,-0.08853565901517868,0.5454387664794922,0.46763676404953003,-0.10936331003904343,0.4866262972354889,0.4422462284564972,-0.01785275526344776,0.6238091588020325,0.4066404700279236,-0.06104389578104019,0.7112234234809875,0.393756240606308,-0.08814628422260284,0.7843049764633179,0.3834420442581177,-0.10664068907499313,0.49852901697158813,0.5408147573471069,-0.021560119464993477,0.5368028879165649,0.5500865578651428,-0.11755288392305374,0.4347098767757416,0.5754625201225281,-0.14262689650058746,0.35060080885887146,0.5927482843399048,-0.13231149315834045,0.49488577246665955,0.6320038437843323,-0.03205127641558647,0.5068113803863525,0.6366616487503052,-0.11962209641933441,0.4044649302959442,0.6453612446784973,-0.1102001816034317,0.33439216017723083,0.6437913179397583,-0.07672594487667084,0.47755905985832214,0.7134525775909424,-0.04666980728507042,0.4815748631954193,0.7128489017486572,-0.10241016000509262,0.4057201147079468,0.7104669809341431,-0.09289923310279846,0.35503292083740234,0.7021588087081909,-0.06771335005760193
0.2563764452934265,0.7024598717689514,-1.5711849243871256e-07,0.26681259274482727,0.5587029457092285,-0.0451367050409317,0.3550356924533844,0.4615342319011688,-0.06662455946207047,0.4619693160057068,0.4434855282306671,-0.0901675596833229,0.544184148311615,0.4677544832229614,-0.1116110309958458,0.4866907596588135,0.4422014355659485,-0.01965937577188015,0.6239712238311768,0.40721219778060913,-0.06371363252401352,0.7116449475288391,0.39467722177505493,-0.09134824573993683,0.784723162651062,0.38456645607948303,-0.11006753146648407,0.4978419840335846,0.5407946705818176,-0.023552415892481804,0.5367408990859985,0.5507825613021851,-0.11988071352243423,0.43650877475738525,0.5768923163414001,-0.14518243074417114,0.353246808052063,0.5941413640975952,-0.13520725071430206,0.49366000294685364,0.6322022676467896,-0.03412903845310211,0.5063796043395996,0.6384745240211487,-0.12184764444828033,0.40515226125717163,0.6472086310386658,-0.11248276382684708,0.3354092538356781,0.6443758010864258,-0.07916721701622009,0.4758160710334778,0.7137397527694702,-0.04879361763596535,0.48154643177986145,0.7163069248199463,-0.10428375750780106,0.4067210555076599,0.7129008173942566,-0.09462348371744156,0.35590219497680664,0.7019906044006348,-0.06943967938423157
0.2524091601371765,0.7032128572463989,-1.8134011270376504e-07,0.26368248462677,0.5589241981506348,-0.04567915201187134,0.3536696434020996,0.4595441222190857,-0.06664523482322693,0.46125486493110657,0.44035762548446655,-0.08929168432950974,0.5427047610282898,0.4653926491737366,-0.10981336981058121,0.48274025321006775,0.44011372327804565,-0.020534995943307877,0.6205744743347168,0.40450599789619446,-0.06367875635623932,0.7075524926185608,0.39201927185058594,-0.09038680791854858,0.7800604701042175,0.3825121819972992,-0.10852072387933731,0.4946107268333435,0.5395013689994812,-0.023549051955342293,0.5339347124099731,0.5504370331764221,-0.1189570277929306,0.4321320056915283,0.5766684412956238,-0.14294040203094482,0.34802913665771484,0.5941957831382751,-0.13217110931873322,0.49090301990509033,0.6315231919288635,-0.03325692191720009,0.5045163035392761,0.6374421715736389,-0.1197807714343071,0.40285998582839966,0.6472031474113464,-0.10949572175741196,0.33265140652656555,0.6458462476730347,-0.07593801617622375,0.4733906388282776,0.7131775617599487,-0.04717440530657768,0.47811222076416016,0.7154838442802429,-0.1023213192820549,0.4027790129184723,0.7130533456802368,-0.09283632040023804,0.35192227363586426,0.7036594748497009,-0.06796753406524658
0.2482372671365738,0.7034212350845337,-1.5641784045783425e-07,0.2609180808067322,0.5558863282203674,-0.046768687665462494,0.3511618971824646,0.4544607400894165,-0.06734372675418854,0.4582562744617462,0.4350309669971466,-0.08969530463218689,0.5395606756210327,0.460306853055954,-0.10964956134557724,0.4797244668006897,0.4371800124645233,-0.01776800863444805,0.6177424788475037,0.40094971656799316,-0.06258540600538254,0.7060641050338745,0.3874814212322235,-0.09094572067260742,0.7794307470321655,0.3776482343673706,-0.11002802848815918,0.49316972494125366,0.5371849536895752,-0.020609145984053612,0.5315974950790405,0.5463065505027771,-0.11974168568849564,0.4296691417694092,0.5717980265617371,-0.14627057313919067,0.34415075182914734,0.5902724862098694,-0.13591565191745758,0.4907536506652832,0.6290654540061951,-0.03061535768210888,0.5006142258644104,0.6337029933929443,-0.11981627345085144,0.3988814353942871,0.6443735361099243,-0.111142598092556,0.32838284969329834,0.6437555551528931,-0.0774531438946724,0.4743269681930542,0.7103695869445801,-0.04507630690932274,0.4741624593734741,0.7132594585418701,-0.10224496573209763,0.39910888671875,0.7110680341720581,-0.09439326077699661,0.34959936141967773,0.7014210820198059,-0.06985955685377121
0.24733105301856995,0.7010299563407898,-1.5031893951800157e-07,0.2599424719810486,0.555162250995636,-0.0470278337597847,0.34797462821006775,0.4537872076034546,-0.06862568855285645,0.4548538327217102,0.4329293966293335,-0.09200777858495712,0.5366392135620117,0.4598301649093628,-0.11288008093833923,0.4759567677974701,0.4368043541908264,-0.019397657364606857,0.6150065660476685,0.3990772068500519,-0.06544503569602966,0.7035542130470276,0.38551580905914307,-0.09437430649995804,0.7775452136993408,0.37580406665802,-0.1136942133307457,0.4883865714073181,0.5370997190475464,-0.02239665947854519,0.5294376015663147,0.5448803901672363,-0.12203232198953629,0.4266836941242218,0.5715349316596985,-0.14790645241737366,0.34241336584091187,0.5904431343078613,-0.13706178963184357,0.48551884293556213,0.6293795108795166,-0.03252686560153961,0.49962538480758667,0.6330214142799377,-0.12248367816209793,0.3971004784107208,0.6444405317306519,-0.11231264472007751,0.32698583602905273,0.6440627574920654,-0.07735268026590347,0.4690159559249878,0.7115552425384521,-0.04707608371973038,0.4748687446117401,0.713619589805603,-0.1044074073433876,0.39966726303100586,0.7114518284797668,-0.0950409471988678,0.3497261703014374,0.7019813060760498,-0.06933873891830444
0.24487417936325073,0.6999338865280151,-1.2745734068175807e-07,0.25742149353027344,0.5512322783470154,-0.048810623586177826,0.34651803970336914,0.451166570186615,-0.06918841600418091,0.45345327258110046,0.4319048821926117,-0.09092424064874649,0.5345223546028137,0.45702221989631653,-0.10967808216810226,0.47472208738327026,0.43337029218673706,-0.016457093879580498,0.6137869358062744,0.3953379988670349,-0.062269166111946106,0.7027006149291992,0.38148584961891174,-0.09168548882007599,0.7769991159439087,0.37243208289146423,-0.11141009628772736,0.48703137040138245,0.5343132615089417,-0.01819780468940735,0.5266713500022888,0.5432512164115906,-0.11942826956510544,0.4238918721675873,0.5693612694740295,-0.14727409183979034,0.33892422914505005,0.5886174440383911,-0.137200728058815,0.4840969741344452,0.627175509929657,-0.027540182694792747,0.49677351117134094,0.6311297416687012,-0.11922876536846161,0.39449605345726013,0.6428252458572388,-0.11131919920444489,0.324205219745636,0.6426095962524414,-0.07721097767353058,0.46792271733283997,0.7082425355911255,-0.041424572467803955,0.4721353352069855,0.7111737728118896,-0.10091013461351395,0.39779531955718994,0.7099615931510925,-0.09381738305091858,0.34939488768577576,0.7018128633499146,-0.06913614273071289
0.24401041865348816,0.6995763778686523,-1.5051328716708667e-07,0.25789517164230347,0.5520346164703369,-0.04772545024752617,0.34568747878074646,0.4509137272834778,-0.06928246468305588,0.4518829882144928,0.4307076930999756,-0.09253650903701782,0.5340546369552612,0.4571346640586853,-0.11309407651424408,0.4727885127067566,0.4335747957229614,-0.018591320142149925,0.6110243201255798,0.3940849304199219,-0.06453634053468704,0.6982476711273193,0.3802281618118286,-0.09344672411680222,0.7712484002113342,0.3700653314590454,-0.11275704205036163,0.4854166805744171,0.5342150330543518,-0.021078219637274742,0.5246286988258362,0.5432889461517334,-0.12103345990180969,0.4218423366546631,0.5710147619247437,-0.14737118780612946,0.337959885597229,0.5900781154632568,-0.1368979960680008,0.482604056596756,0.6268395185470581,-0.03090030327439308,0.49586406350135803,0.6321411728858948,-0.12139172852039337,0.3938533663749695,0.6447481513023376,-0.11195066571235657,0.3243338167667389,0.6443709135055542,-0.07736952602863312,0.4661230742931366,0.7085300087928772,-0.04517534002661705,0.47200852632522583,0.7132948040962219,-0.10318177938461304,0.3980572819709778,0.7122782468795776,-0.09469670057296753,0.34916549921035767,0.7029004096984863,-0.06948637217283249
0.23275676369667053,0.6941477060317993,-1.987712181517054e-07,0.23925542831420898,0.5436037182807922,-0.04335953667759895,0.3238743543624878,0.44555163383483887,-0.06333686411380768,0.428554505109787,0.43242430686950684,-0.0854937732219696,0.5084061622619629,0.44776713848114014,-0.10570418834686279,0.45547693967819214,0.4376305937767029,-0.018009604886174202,0.5880522727966309,0.39909106492996216,-0.06006926670670509,0.6711698770523071,0.38614940643310547,-0.08643919974565506,0.7406981587409973,0.3749076724052429,-0.1041964665055275,0.46857786178588867,0.5340656638145447,-0.021727781742811203,0.49910688400268555,0.5469895005226135,-0.11500340700149536,0.399009644985199,0.5751603245735168,-0.13976849615573883,0.31975695490837097,0.5912752747535706,-0.13055869936943054,0.4665067195892334,0.6212942600250244,-0.032049983739852905,0.4763266146183014,0.6331851482391357,-0.11764836311340332,0.3755538761615753,0.6465287804603577,-0.1085054874420166,0.3085746169090271,0.6444551348686218,-0.07607147842645645,0.4514853358268738,0.6990578174591064,-0.04632502421736717,0.45664140582084656,0.7092355489730835,-0.10098564624786377,0.38339558243751526,0.710233211517334,-0.0918332189321518,0.3352787494659424,0.699699878692627,-0.06717289239168167
0.25226616859436035,0.6964641809463501,-1.3242357965737028e-07,0.2639622688293457,0.5591687560081482,-0.03970294073224068,0.34226247668266296,0.471659392118454,-0.05733172222971916,0.43767470121383667,0.45501792430877686,-0.07695420831441879,0.5122936367988586,0.46745413541793823,-0.09438752382993698,0.45616838335990906,0.4587346315383911,-0.01098782941699028,0.5780870914459229,0.42576900124549866,-0.04871245101094246,0.6538779735565186,0.4156896471977234,-0.07305581867694855,0.7177831530570984,0.407534658908844,-0.08918168395757675,0.46436837315559387,0.5456504821777344,-0.013317341916263103,0.5008082985877991,0.5567759871482849,-0.0973072350025177,0.41160693764686584,0.58290034532547,-0.12069466710090637,0.3407178521156311,0.5976456999778748,-0.11257708817720413,0.46135634183883667,0.6247609853744507,-0.021909240633249283,0.4787832498550415,0.6339010000228882,-0.09900685399770737,0.38846156001091003,0.6469069123268127,-0.09098506718873978,0.32807809114456177,0.6470280885696411,-0.06116260588169098,0.44809937477111816,0.6951010823249817,-0.03412977233529091,0.4583141505718231,0.7012449502944946,-0.08239537477493286,0.393452525138855,0.7035696506500244,-0.07359466701745987,0.3503164052963257,0.6974647641181946,-0.05070159211754799
0.24957938492298126,0.678516149520874,-1.298214868938885e-07,0.2582398056983948,0.5519894361495972,-0.03561442717909813,0.33379316329956055,0.4653303623199463,-0.05220811814069748,0.42077362537384033,0.44789084792137146,-0.07073464244604111,0.4857771396636963,0.46372559666633606,-0.0877680703997612,0.4369424879550934,0.45298171043395996,-0.016921531409025192,0.5514872670173645,0.4230288863182068,-0.05548673868179321,0.6251929402351379,0.41585856676101685,-0.08043848723173141,0.6857674717903137,0.41001975536346436,-0.0967399999499321,0.44763317704200745,0.5328046679496765,-0.02051164023578167,0.47728461027145386,0.5456269383430481,-0.10041617602109909,0.3947042226791382,0.5692310333251953,-0.12237011641263962,0.3281511068344116,0.5795616507530212,-0.11550474166870117,0.4472618103027344,0.6058065891265869,-0.02948201820254326,0.4556598663330078,0.6170637607574463,-0.10126765072345734,0.37448400259017944,0.6279287934303284,-0.09358927607536316,0.3186052441596985,0.6244394183158875,-0.06674841791391373,0.43567606806755066,0.6709997653961182,-0.04183376580476761,0.44056275486946106,0.6789143085479736,-0.0868832916021347,0.3799999952316284,0.6823838949203491,-0.07787446677684784,0.33872702717781067,0.6763263940811157,-0.05638128146529198
0.24957814812660217,0.6845979690551758,-1.1531879806625511e-07,0.25689947605133057,0.5555123686790466,-0.034833502024412155,0.3316354751586914,0.4680764079093933,-0.050837572664022446,0.4188961982727051,0.44830188155174255,-0.06892532855272293,0.48397472500801086,0.46384283900260925,-0.08540589362382889,0.43409040570259094,0.45482683181762695,-0.015171850100159645,0.5500809550285339,0.4236431121826172,-0.05452742800116539,0.624564528465271,0.41557902097702026,-0.08060047030448914,0.6859757900238037,0.40949082374572754,-0.09756851941347122,0.44499120116233826,0.5346987843513489,-0.0185177493840456,0.47657692432403564,0.5490686297416687,-0.09869068115949631,0.39375439286231995,0.5734620690345764,-0.12110035121440887,0.32771778106689453,0.5831781625747681,-0.11447077244520187,0.44528403878211975,0.6077336072921753,-0.027228599414229393,0.45691972970962524,0.6194188594818115,-0.09960085898637772,0.3749038577079773,0.6317082643508911,-0.09188016504049301,0.3181650936603546,0.6284160017967224,-0.06464844197034836,0.4343874752521515,0.6717608571052551,-0.03921816498041153,0.4418826997280121,0.681724488735199,-0.08491085469722748,0.3811943829059601,0.6860364675521851,-0.07594617456197739,0.33936265110969543,0.6796144843101501,-0.05415685102343559
0.24997307360172272,0.6833822727203369,-1.084858496369634e-07,0.2591068744659424,0.5551580786705017,-0.0336478166282177,0.33428215980529785,0.47012951970100403,-0.04930080100893974,0.4199947714805603,0.4514102041721344,-0.06724434345960617,0.4845959544181824,0.464214026927948,-0.0837291032075882,0.43631836771965027,0.45532792806625366,-0.014824938029050827,0.5512402653694153,0.42525041103363037,-0.05378597974777222,0.6256917119026184,0.4179108738899231,-0.07967907935380936,0.6871214509010315,0.4121711254119873,-0.09649675339460373,0.44669267535209656,0.5353240966796875,-0.019035376608371735,0.47701406478881836,0.5490838289260864,-0.09904227405786514,0.39562439918518066,0.5728622674942017,-0.12205387651920319,0.3292349576950073,0.5827994346618652,-0.11597271263599396,0.4464462995529175,0.6085644364356995,-0.028469689190387726,0.45588138699531555,0.6199733018875122,-0.10057428479194641,0.3751232624053955,0.631373941898346,-0.09395449608564377,0.31866520643234253,0.6272862553596497,-0.06767166405916214,0.4349108934402466,0.6728553175926208,-0.04102790728211403,0.440911203622818,0.6818429827690125,-0.08650536835193634,0.38019371032714844,0.6858198046684265,-0.07785031944513321,0.3381151258945465,0.6789462566375732,-0.056407127529382706
0.25125473737716675,0.6856241822242737,-1.0828358654180192e-07,0.26083987951278687,0.5563594102859497,-0.03341636061668396,0.3363012671470642,0.4706287682056427,-0.048358574509620667,0.4233654737472534,0.4517044425010681,-0.06571349501609802,0.4882461428642273,0.46367308497428894,-0.0815889984369278,0.43815097212791443,0.45625579357147217,-0.012373936362564564,0.552343487739563,0.42710888385772705,-0.050900816917419434,0.6261295080184937,0.42015698552131653,-0.07671629637479782,0.6868013143539429,0.4150230288505554,-0.09351776540279388,0.4479893147945404,0.5361348390579224,-0.01656673289835453,0.4802389442920685,0.5481234788894653,-0.09585445374250412,0.3987986147403717,0.5713968873023987,-0.11871690303087234,0.3320503234863281,0.5816928744316101,-0.1125839427113533,0.44725608825683594,0.609576404094696,-0.026215165853500366,0.45875266194343567,0.6191216707229614,-0.09822715073823929,0.37782663106918335,0.6302860379219055,-0.0917452946305275,0.3211657702922821,0.6269906759262085,-0.06546195596456528,0.4354241192340851,0.6743931174278259,-0.03896184265613556,0.4434083104133606,0.6811788082122803,-0.08454063534736633,0.38323551416397095,0.6847358345985413,-0.07609813660383224,0.34113186597824097,0.6787410974502563,-0.05481556057929993
0.25190454721450806,0.6847107410430908,-9.574643655696491e-08,0.26406431198120117,0.5563849210739136,-0.033574577420949936,0.3396090567111969,0.472689151763916,-0.048192981630563736,0.42588913440704346,0.45278504490852356,-0.06531709432601929,0.4904925525188446,0.46429139375686646,-0.08074202388525009,0.4392101764678955,0.45642733573913574,-0.010626516304910183,0.554290771484375,0.42714840173721313,-0.04885336756706238,0.6285814046859741,0.4201611280441284,-0.07480510324239731,0.6893228888511658,0.41458237171173096,-0.091682069003582,0.44888874888420105,0.5367671847343445,-0.014250684529542923,0.4798824191093445,0.550672709941864,-0.09341926872730255,0.39927542209625244,0.5749492645263672,-0.1170254498720169,0.3328081965446472,0.5850160717964172,-0.1115134134888649,0.44825348258018494,0.6103081703186035,-0.023400232195854187,0.4596201479434967,0.6209772825241089,-0.09515706449747086,0.3800269663333893,0.6328040957450867,-0.08932220190763474,0.32344672083854675,0.6292465925216675,-0.06349743157625198,0.4366305470466614,0.6746056079864502,-0.03569161891937256,0.4454821050167084,0.6839709877967834,-0.0811370462179184,0.3866439461708069,0.6874048709869385,-0.07314459979534149,0.34465375542640686,0.6803617477416992,-0.05209454521536827
0.2555471658706665,0.6820902824401855,-6.369002392148104e-08,0.26871538162231445,0.5539965033531189,-0.034896839410066605,0.3446263074874878,0.47017067670822144,-0.04846128076314926,0.4328089654445648,0.4491961598396301,-0.06444517523050308,0.49667009711265564,0.46284258365631104,-0.07845907658338547,0.4408760070800781,0.4522911012172699,-0.007030589506030083,0.5565291047096252,0.4234224259853363,-0.04495947062969208,0.6311915516853333,0.4167708456516266,-0.07157637923955917,0.6928930282592773,0.41167283058166504,-0.08902201801538467,0.44960322976112366,0.5341048836708069,-0.009696554392576218,0.48675018548965454,0.5471348166465759,-0.09089925140142441,0.4068666994571686,0.5694783926010132,-0.11709072440862656,0.33840036392211914,0.5796748995780945,-0.11233624070882797,0.4493017792701721,0.608208179473877,-0.0181084293872118,0.4665208160877228,0.6176285147666931,-0.09232208877801895,0.38651564717292786,0.6277379989624023,-0.08924073725938797,0.3277314305305481,0.6243999004364014,-0.06391583383083344,0.43867164850234985,0.6712518930435181,-0.029674695804715157,0.4495999217033386,0.6799923181533813,-0.07729458808898926,0.39158016443252563,0.6827828884124756,-0.07160648703575134,0.34927043318748474,0.6766419410705566,-0.051410775631666183
0.25802069902420044,0.68149334192276,-5.4203386667950326e-08,0.2717020511627197,0.5488244295120239,-0.03233936056494713,0.348619282245636,0.4657149016857147,-0.04404132813215256,0.43816497921943665,0.44727036356925964,-0.058565497398376465,0.5017502307891846,0.46362513303756714,-0.07118771225214005,0.44097673892974854,0.4489695429801941,-0.0017098966054618359,0.5557464361190796,0.41976961493492126,-0.03750404715538025,0.630462110042572,0.4138352870941162,-0.06316305696964264,0.6921077966690063,0.40950900316238403,-0.08006274700164795,0.44947829842567444,0.530124843120575,-0.004470488056540489,0.48830100893974304,0.5436175465583801,-0.08344253897666931,0.40969863533973694,0.5654796957969666,-0.10933762788772583,0.34069743752479553,0.5752570629119873,-0.1046842709183693,0.44951891899108887,0.6033571362495422,-0.012857422232627869,0.4678252339363098,0.6129172444343567,-0.08535832911729813,0.38722309470176697,0.6230356097221375,-0.08277192711830139,0.3266741931438446,0.6200778484344482,-0.05804263427853584,0.4391641318798065,0.665668249130249,-0.02420920692384243,0.44725480675697327,0.6743301153182983,-0.07060520350933075,0.38874518871307373,0.6768821477890015,-0.06554270535707474,0.3453316390514374,0.6699392795562744,-0.046064343303442
0.2603145241737366,0.6786898970603943,-3.4710748053612406e-08,0.2741418778896332,0.5471861958503723,-0.03346945345401764,0.3488735854625702,0.46516668796539307,-0.04585439711809158,0.4365878105163574,0.44472014904022217,-0.06128671020269394,0.5005210638046265,0.46160340309143066,-0.0747913047671318,0.44076454639434814,0.44797635078430176,-1.918257294164505e-05,0.5532709956169128,0.41752833127975464,-0.03677964210510254,0.6268914937973022,0.411172091960907,-0.06338551640510559,0.6882904171943665,0.4068629741668701,-0.08096938580274582,0.4505213499069214,0.5275953412055969,-0.003110308898612857,0.49031907320022583,0.5382086038589478,-0.0838799774646759,0.4121531546115875,0.5590788125991821,-0.11160541325807571,0.3426695168018341,0.5691906213760376,-0.10777278244495392,0.4516719579696655,0.5998476147651672,-0.012226460501551628,0.468471884727478,0.6083629727363586,-0.08638415485620499,0.3891238272190094,0.6184941530227661,-0.085451140999794,0.3288195729255676,0.6164533495903015,-0.06128606200218201,0.4427400231361389,0.6614249348640442,-0.0245011318475008,0.45032915472984314,0.6682204008102417,-0.07195740193128586,0.3932470381259918,0.6731017827987671,-0.06786913424730301,0.35047703981399536,0.6695154905319214,-0.048847928643226624
0.2615470588207245,0.6767671704292297,-4.414138032871051e-08,0.27397361397743225,0.5479793548583984,-0.03312527388334274,0.34888094663619995,0.4662274420261383,-0.04601694643497467,0.43554672598838806,0.4450002908706665,-0.06175893172621727,0.49918678402900696,0.4609280228614807,-0.07585069537162781,0.44039246439933777,0.44894999265670776,-0.00375392590649426,0.5533251166343689,0.4172043204307556,-0.03972374647855759,0.6274052262306213,0.4095782935619354,-0.06484181433916092,0.6886352300643921,0.4040223956108093,-0.08122163265943527,0.4499782919883728,0.5273091793060303,-0.006593883503228426,0.48896321654319763,0.5371208786964417,-0.0847959965467453,0.4121735692024231,0.5585188269615173,-0.110030896961689,0.34401601552963257,0.5693846940994263,-0.10509341955184937,0.45069360733032227,0.5985832214355469,-0.015093786641955376,0.4681742787361145,0.6061278581619263,-0.08676735311746597,0.38966843485832214,0.6164569854736328,-0.08412443846464157,0.329928457736969,0.614613950252533,-0.059571705758571625,0.4408966898918152,0.6602052450180054,-0.026674024760723114,0.44959476590156555,0.6657270789146423,-0.07235110551118851,0.3932453989982605,0.6704044342041016,-0.06712224334478378,0.3504408597946167,0.6664218902587891,-0.047747816890478134
0.265811562538147,0.6789284944534302,-1.4605306830617337e-07,0.28236502408981323,0.5562020540237427,-0.030744874849915504,0.35767778754234314,0.47739213705062866,-0.043784935027360916,0.4417566657066345,0.4609658420085907,-0.059282563626766205,0.5049917697906494,0.4768354594707489,-0.07296886295080185,0.4474092125892639,0.46116429567337036,-0.00884323287755251,0.5538232326507568,0.43162351846694946,-0.04519006237387657,0.6232834458351135,0.4244924485683441,-0.06909401714801788,0.680203378200531,0.4190734922885895,-0.08432485163211823,0.4548077881336212,0.5369950532913208,-0.012778566218912601,0.4911611080169678,0.5483042001724243,-0.08622784912586212,0.41369813680648804,0.5719429850578308,-0.10613220930099487,0.349664568901062,0.5818426012992859,-0.09919006377458572,0.452887624502182,0.6062053442001343,-0.022129882127046585,0.46781012415885925,0.6192933320999146,-0.08873441815376282,0.39096182584762573,0.6303113698959351,-0.081498883664608,0.3377934694290161,0.6266973614692688,-0.056019674986600876,0.4409419298171997,0.6678591966629028,-0.03452190011739731,0.4511294662952423,0.6765302419662476,-0.07555729150772095,0.39554160833358765,0.678960919380188,-0.0667230412364006,0.356540709733963,0.6716316938400269,-0.04645739123225212
0.2690749168395996,0.681233286857605,-1.0401249284086589e-07,0.2833685874938965,0.5622274279594421,-0.03179886192083359,0.35743632912635803,0.4841916561126709,-0.04445543885231018,0.4395352005958557,0.46301087737083435,-0.05942380428314209,0.500342607498169,0.47254273295402527,-0.07266543060541153,0.4464878737926483,0.4652186930179596,-0.008123992010951042,0.5538907051086426,0.4367382526397705,-0.04280893877148628,0.6237487196922302,0.43043357133865356,-0.06604897230863571,0.6809356212615967,0.4262627363204956,-0.08108619600534439,0.455440878868103,0.5418106317520142,-0.01102234423160553,0.4924769997596741,0.5522834062576294,-0.08394075930118561,0.4176049828529358,0.5742915868759155,-0.10507535189390182,0.3530316948890686,0.5852198600769043,-0.09905026108026505,0.45474526286125183,0.613291323184967,-0.019308727234601974,0.4727972745895386,0.6219158172607422,-0.08598727732896805,0.3984973430633545,0.6318074464797974,-0.08062693476676941,0.3438529670238495,0.6298390030860901,-0.056273967027664185,0.4438810348510742,0.675689697265625,-0.03051603026688099,0.4581400752067566,0.6807016134262085,-0.07216012477874756,0.4055789113044739,0.683391273021698,-0.0649196058511734,0.3666521906852722,0.6792181730270386,-0.04571035876870155
0.27416110038757324,0.6820077300071716,-1.0491829272041286e-07,0.2905963659286499,0.5679309964179993,-0.03085646778345108,0.36222562193870544,0.4921846389770508,-0.044396866112947464,0.4438174366950989,0.4738921821117401,-0.06020042672753334,0.5060685276985168,0.49115169048309326,-0.07440952956676483,0.450614869594574,0.47510772943496704,-0.008103197440505028,0.5553955435752869,0.44720813632011414,-0.04328832030296326,0.6235793828964233,0.44083982706069946,-0.06693131476640701,0.6796177625656128,0.43682780861854553,-0.0822899118065834,0.458038330078125,0.5501891374588013,-0.011809051968157291,0.49600014090538025,0.5597370266914368,-0.08455701917409897,0.42118704319000244,0.5806088447570801,-0.10551876574754715,0.3577353060245514,0.5906810760498047,-0.09954677522182465,0.4564843475818634,0.6205765604972839,-0.020772146061062813,0.47432196140289307,0.6299358606338501,-0.08708924800157547,0.39850032329559326,0.6384296417236328,-0.08054240792989731,0.3447951376438141,0.6354334950447083,-0.055648334324359894,0.44482678174972534,0.6829887628555298,-0.03261476382613182,0.45626917481422424,0.6874526143074036,-0.07376624643802643,0.40048521757125854,0.6886998414993286,-0.06543369591236115,0.36155906319618225,0.6835730075836182,-0.0457170344889164
0.2766207456588745,0.6871496438980103,-9.95517694946102e-08,0.292732298374176,0.573090136051178,-0.03020547516644001,0.36276915669441223,0.4985981583595276,-0.042956799268722534,0.4435003101825714,0.4789351224899292,-0.05821314454078674,0.5038926005363464,0.49300289154052734,-0.07176833599805832,0.4505583345890045,0.4804619550704956,-0.005411566700786352,0.5548900365829468,0.4530492424964905,-0.03976434841752052,0.6224825978279114,0.4460937976837158,-0.0631074383854866,0.678088366985321,0.4415096938610077,-0.07828011363744736,0.45766785740852356,0.5546306371688843,-0.008857822977006435,0.4958149790763855,0.564457893371582,-0.08020803332328796,0.42289161682128906,0.584556519985199,-0.10114550590515137,0.36122775077819824,0.5939568281173706,-0.09544520080089569,0.45641255378723145,0.6242166757583618,-0.017665429040789604,0.47527575492858887,0.6334817409515381,-0.08330513536930084,0.40093865990638733,0.6424868106842041,-0.07746858894824982,0.34796544909477234,0.6404326558113098,-0.05308705195784569,0.4454715847969055,0.6858671307563782,-0.029295507818460464,0.4584234356880188,0.6909674406051636,-0.07035558670759201,0.4040374755859375,0.6927689909934998,-0.06278723478317261,0.36561182141304016,0.6885267496109009,-0.04359351098537445
0.2791063189506531,0.6898822784423828,-1.070372448452872e-07,0.29399609565734863,0.5765859484672546,-0.02954060398042202,0.3649900555610657,0.502356231212616,-0.04199642315506935,0.4462878108024597,0.4844873547554016,-0.05686921626329422,0.5067111253738403,0.5007611513137817,-0.07011888921260834,0.45108911395072937,0.48771166801452637,-0.006647410802543163,0.5554559826850891,0.45905783772468567,-0.04031094163656235,0.6235588788986206,0.45239871740341187,-0.06292369961738586,0.6792775392532349,0.44788914918899536,-0.07758520543575287,0.45854660868644714,0.561417281627655,-0.01008534710854292,0.4965040683746338,0.5680475831031799,-0.08028092235326767,0.4243457019329071,0.5872092247009277,-0.10043787956237793,0.3626668155193329,0.5975586175918579,-0.09442108124494553,0.45811107754707336,0.6302304267883301,-0.018657198175787926,0.4770667552947998,0.6354901790618896,-0.08264729380607605,0.40278351306915283,0.643618643283844,-0.07636523991823196,0.349778413772583,0.6421141624450684,-0.05212400481104851,0.44818592071533203,0.6916970014572144,-0.030028657987713814,0.4603765606880188,0.692657470703125,-0.06996365636587143,0.40583476424217224,0.6936950087547302,-0.0622369684278965,0.3679332137107849,0.690267026424408,-0.04323290288448334
0.279308944940567,0.6922752261161804,-1.1752995732194904e-07,0.2954000234603882,0.579518735408783,-0.02835996448993683,0.3669432997703552,0.5061326622962952,-0.039778102189302444,0.447796106338501,0.4888680875301361,-0.05365311726927757,0.5071457028388977,0.5040059089660645,-0.06610450148582458,0.4520874619483948,0.4914400577545166,-0.005596490576863289,0.5554038286209106,0.4641760289669037,-0.038845960050821304,0.6230369806289673,0.4571492075920105,-0.061795104295015335,0.678368330001831,0.45177391171455383,-0.07675231248140335,0.4593614935874939,0.5652021169662476,-0.009194277226924896,0.4973011314868927,0.5732645988464355,-0.07831726968288422,0.4253520369529724,0.5936044454574585,-0.09867409616708755,0.3639984726905823,0.6036936640739441,-0.09308615326881409,0.4587384760379791,0.6344293355941772,-0.017756711691617966,0.4784204363822937,0.640024721622467,-0.08068788051605225,0.4056384265422821,0.648640513420105,-0.0746913030743599,0.35322487354278564,0.6473689675331116,-0.05093539133667946,0.4486512243747711,0.6954107284545898,-0.02897476591169834,0.4621174931526184,0.6965069770812988,-0.06792673468589783,0.4082784056663513,0.6977072358131409,-0.05986027419567108,0.3704342842102051,0.6947219967842102,-0.040803417563438416
0.2798283100128174,0.7004895806312561,-8.657529093625271e-08,0.29556089639663696,0.5849422812461853,-0.02881302498281002,0.3660859763622284,0.5112758874893188,-0.03979327529668808,0.44681426882743835,0.4931163191795349,-0.05314278602600098,0.5057854652404785,0.5070003867149353,-0.0647318959236145,0.45339685678482056,0.49566611647605896,-0.003281685058027506,0.5572823882102966,0.4676012694835663,-0.03663499653339386,0.6245583891868591,0.459541380405426,-0.06018704175949097,0.6800301671028137,0.4529886841773987,-0.0756879672408104,0.46025317907333374,0.5700405240058899,-0.00673782778903842,0.49953341484069824,0.5771551132202148,-0.07715664058923721,0.427516371011734,0.598629891872406,-0.0991678386926651,0.3653038740158081,0.6094669103622437,-0.09430475533008575,0.4589426517486572,0.6396237015724182,-0.015273556113243103,0.4796111583709717,0.6455000638961792,-0.0798415094614029,0.40617743134498596,0.6552470326423645,-0.07493425160646439,0.3527662754058838,0.6547771096229553,-0.05124432221055031,0.44809645414352417,0.6998652219772339,-0.026467299088835716,0.46204763650894165,0.7037783265113831,-0.0666852816939354,0.40763938426971436,0.7058676481246948,-0.05931539088487625,0.36933037638664246,0.7030283212661743,-0.040316373109817505
0.28073206543922424,0.7021273970603943,-9.621798113812474e-08,0.2968563437461853,0.5891661047935486,-0.028537524864077568,0.3686286211013794,0.5159538388252258,-0.04001042991876602,0.4496539831161499,0.4983336925506592,-0.05395815148949623,0.5091006755828857,0.5137227177619934,-0.06633564829826355,0.45379093289375305,0.4996136426925659,-0.005249349400401115,0.5583738684654236,0.4726085066795349,-0.03913399577140808,0.626145601272583,0.4662022292613983,-0.06251593679189682,0.6819792985916138,0.46170228719711304,-0.07765867561101913,0.46146878600120544,0.5735316872596741,-0.008905712515115738,0.4993159770965576,0.5835615992546082,-0.07931361347436905,0.42697641253471375,0.6045642495155334,-0.10028277337551117,0.3652706742286682,0.6149994730949402,-0.09474863857030869,0.4610193073749542,0.6428855657577515,-0.017574256286025047,0.48071804642677307,0.6514325141906738,-0.08129703998565674,0.40675681829452515,0.6603671908378601,-0.07524167001247406,0.35353195667266846,0.6583489775657654,-0.05119411647319794,0.45091140270233154,0.703590989112854,-0.028973735868930817,0.4637340307235718,0.7089471817016602,-0.06809995323419571,0.40941357612609863,0.7111017107963562,-0.05994637683033943,0.37178701162338257,0.7073123455047607,-0.04066222161054611
0.28029704093933105,0.7094004154205322,-9.706485570859513e-08,0.29797500371932983,0.5929428339004517,-0.026269014924764633,0.36953115463256836,0.5200384259223938,-0.03532528877258301,0.45116522908210754,0.5018484592437744,-0.047201771289110184,0.5093528032302856,0.514853835105896,-0.057426732033491135,0.4549376368522644,0.504332959651947,5.9675945522030815e-05,0.5593159794807434,0.47766968607902527,-0.03243443742394447,0.6270251274108887,0.47069251537323,-0.05615135654807091,0.6829172968864441,0.4650486707687378,-0.07167086750268936,0.46066147089004517,0.5787620544433594,-0.003970086574554443,0.5003981590270996,0.5901564359664917,-0.07334700226783752,0.42918068170547485,0.6108275055885315,-0.09599455446004868,0.3670803904533386,0.6205452680587769,-0.09173941612243652,0.4591020941734314,0.6488441228866577,-0.01284592505544424,0.4822819232940674,0.6570606231689453,-0.07604625076055527,0.40810391306877136,0.6655765771865845,-0.07175472378730774,0.3532370924949646,0.66462641954422,-0.04872871935367584,0.44837358593940735,0.7097052931785583,-0.024179838597774506,0.4628060758113861,0.7156931757926941,-0.06299696862697601,0.4079205095767975,0.7166180610656738,-0.05561951547861099,0.36916443705558777,0.7129093408584595,-0.03672663867473602
0.2820228338241577,0.7083473205566406,-1.2872669685748406e-07,0.29833197593688965,0.5946033596992493,-0.026157934218645096,0.37188664078712463,0.5222747921943665,-0.03591913357377052,0.4534546136856079,0.5083246231079102,-0.0481448695063591,0.5109339952468872,0.5240845680236816,-0.0587141215801239,0.4578459858894348,0.50650954246521,-0.006313524208962917,0.5625924468040466,0.4815813899040222,-0.03900811821222305,0.6302767992019653,0.4760456383228302,-0.06181870400905609,0.6857643127441406,0.47109830379486084,-0.07667878270149231,0.4636848568916321,0.5810462236404419,-0.01039882656186819,0.4998883605003357,0.5961894989013672,-0.07914888113737106,0.4277958869934082,0.6165820360183716,-0.09944193065166473,0.3656599521636963,0.6255375742912292,-0.09396208822727203,0.4622366428375244,0.6502758860588074,-0.018967358395457268,0.4813377857208252,0.6624108552932739,-0.08025627583265305,0.4072774052619934,0.6692090034484863,-0.07414735853672028,0.35378479957580566,0.665632963180542,-0.050879109650850296,0.4510641098022461,0.710090160369873,-0.030115315690636635,0.4631919860839844,0.7202304005622864,-0.06751689314842224,0.40772199630737305,0.7189958691596985,-0.059423867613077164,0.36922070384025574,0.7116576433181763,-0.0406106673181057
0.2811945974826813,0.7173177599906921,-1.284532231693447e-07,0.2974942922592163,0.5984154939651489,-0.02508043497800827,0.3713766634464264,0.5259638428688049,-0.03224024549126625,0.45408913493156433,0.5105792284011841,-0.042005933821201324,0.511295735836029,0.520397961139679,-0.04985365271568298,0.4567326605319977,0.5097969770431519,0.00014718895545229316,0.5626509785652161,0.48361295461654663,-0.031580179929733276,0.6313729286193848,0.47697383165359497,-0.05512569472193718,0.6882340312004089,0.4709629416465759,-0.07063809037208557,0.46210405230522156,0.5844194293022156,-0.0033836239017546177,0.5010409951210022,0.6001380085945129,-0.07174419611692429,0.4286308288574219,0.6205558776855469,-0.09374979138374329,0.36554527282714844,0.6289024353027344,-0.08936045318841934,0.46120017766952515,0.6541803479194641,-0.011578277684748173,0.48496317863464355,0.664991021156311,-0.07300518453121185,0.4093305766582489,0.671843945980072,-0.06833141297101974,0.353953093290329,0.6692190170288086,-0.045637380331754684,0.45134443044662476,0.7130246758460999,-0.02223907597362995,0.46556976437568665,0.7228007912635803,-0.06000274792313576,0.4090048372745514,0.7215482592582703,-0.05289793014526367,0.37000417709350586,0.7153204679489136,-0.034461211413145065
0.27951475977897644,0.7220295667648315,-9.449714610809679e-08,0.2961019277572632,0.6035906672477722,-0.028560921549797058,0.36870187520980835,0.5293339490890503,-0.03826899453997612,0.4518267512321472,0.5127902030944824,-0.05018431320786476,0.5114274621009827,0.5252746343612671,-0.06000075489282608,0.4560699462890625,0.511017918586731,-0.0032052788883447647,0.5627854466438293,0.48548567295074463,-0.03730800747871399,0.6329856514930725,0.48020005226135254,-0.0627235472202301,0.6906593441963196,0.47566986083984375,-0.07939042896032333,0.4629056751728058,0.5869385600090027,-0.005861451383680105,0.5010098218917847,0.6021181344985962,-0.0771835520863533,0.4291045665740967,0.6250655651092529,-0.1007983386516571,0.3649601638317108,0.6354906558990479,-0.09695030003786087,0.4630052447319031,0.6575717926025391,-0.013474006205797195,0.48494231700897217,0.6672812104225159,-0.07690250128507614,0.41010916233062744,0.6759452819824219,-0.07273491472005844,0.35404032468795776,0.673897385597229,-0.04984906688332558,0.4533920884132385,0.7173282504081726,-0.023923464119434357,0.466032475233078,0.7270123362541199,-0.06360586732625961,0.41020888090133667,0.7266077995300293,-0.05730023980140686,0.37057268619537354,0.7198197841644287,-0.03884199261665344
0.2785547971725464,0.7238420248031616,-1.1517259679294511e-07,0.2942957580089569,0.6033556461334229,-0.02688903547823429,0.36927157640457153,0.5283730626106262,-0.034911829978227615,0.4539409875869751,0.5120533108711243,-0.045449916273355484,0.5125744938850403,0.5235589742660522,-0.05397295206785202,0.45686691999435425,0.5105152726173401,-0.0013431545812636614,0.5632201433181763,0.48477503657341003,-0.03443436697125435,0.6323863863945007,0.47988516092300415,-0.05916079506278038,0.6897127628326416,0.47589170932769775,-0.07542687654495239,0.46443045139312744,0.5867489576339722,-0.004522200208157301,0.49980998039245605,0.6039415597915649,-0.07562892138957977,0.42776334285736084,0.6242424845695496,-0.0995517447590828,0.36370569467544556,0.6326802372932434,-0.0959906131029129,0.4646381139755249,0.6571009755134583,-0.012493886053562164,0.4814843535423279,0.6679747104644775,-0.07584036886692047,0.40719836950302124,0.675140917301178,-0.0728062093257904,0.35149458050727844,0.6723806858062744,-0.05076983571052551,0.45521342754364014,0.716258704662323,-0.023125706240534782,0.4637985825538635,0.7265400886535645,-0.06254518777132034,0.40799659490585327,0.7250457406044006,-0.056814420968294144,0.3684646785259247,0.717558741569519,-0.03881141543388367
0.27651578187942505,0.7226812839508057,-1.2746032496124826e-07,0.294129878282547,0.6031136512756348,-0.026849526911973953,0.370267391204834,0.5284482836723328,-0.035285208374261856,0.45483142137527466,0.5128690004348755,-0.0463203489780426,0.5137296319007874,0.5263106226921082,-0.055497102439403534,0.45587581396102905,0.5114248394966125,-0.002253793878480792,0.5624191164970398,0.4847884774208069,-0.035273052752017975,0.6310771703720093,0.4794822335243225,-0.05944034457206726,0.6879985332489014,0.4750254154205322,-0.07529164105653763,0.4634057879447937,0.5875788331031799,-0.005664762109518051,0.5002151727676392,0.6033086776733398,-0.07697717845439911,0.42736220359802246,0.6240479946136475,-0.10032530874013901,0.362141877412796,0.6331334114074707,-0.09617168456315994,0.4635482430458069,0.6578533053398132,-0.013807694427669048,0.48119667172431946,0.6676811575889587,-0.07700622826814651,0.4063686728477478,0.6754518151283264,-0.07330402731895447,0.35022109746932983,0.67317795753479,-0.0508083775639534,0.45398008823394775,0.7172476649284363,-0.024624532088637352,0.4633696675300598,0.7259584069252014,-0.06369651854038239,0.4071010649204254,0.7246692180633545,-0.057456716895103455,0.3670843243598938,0.7177095413208008,-0.03921101987361908
0.2764627933502197,0.7236793041229248,-1.0897868918391396e-07,0.29366329312324524,0.6022291779518127,-0.027184834703803062,0.3686462640762329,0.527040421962738,-0.035555150359869,0.45293039083480835,0.5109430551528931,-0.04687565565109253,0.511597752571106,0.5231155157089233,-0.056180499494075775,0.4562999904155731,0.5097148418426514,-0.00013469495752360672,0.5626189708709717,0.48272427916526794,-0.033650510013103485,0.6313668489456177,0.4775984585285187,-0.05888859182596207,0.6886141300201416,0.47288480401039124,-0.07554411143064499,0.46330153942108154,0.5864754915237427,-0.003651536302641034,0.4991139769554138,0.6029666662216187,-0.0756237655878067,0.42739951610565186,0.6226043701171875,-0.10042287409305573,0.36286574602127075,0.6301408410072327,-0.09741316735744476,0.4634380340576172,0.6573241949081421,-0.012164640240371227,0.4816141128540039,0.6675243973731995,-0.07646740227937698,0.407190203666687,0.6741986870765686,-0.07373761385679245,0.35067319869995117,0.6706581115722656,-0.051684245467185974,0.45437079668045044,0.7170652151107788,-0.02342609129846096,0.4658753573894501,0.7272695899009705,-0.0634385421872139,0.4097990393638611,0.7245211601257324,-0.05770183727145195,0.3688929080963135,0.715646505355835,-0.03961145132780075
0.275758296251297,0.724532961845398,-1.4445294027609634e-07,0.29211753606796265,0.6020627617835999,-0.02554735168814659,0.36718201637268066,0.5263125896453857,-0.03300072252750397,0.45246657729148865,0.5112802386283875,-0.04339222237467766,0.5108325481414795,0.5253457427024841,-0.05167236551642418,0.4554319977760315,0.5085194706916809,0.000931885908357799,0.5615420937538147,0.4820753037929535,-0.032394587993621826,0.629631757736206,0.47739723324775696,-0.05752449482679367,0.6865915656089783,0.47314682602882385,-0.07417802512645721,0.4633104205131531,0.5859329104423523,-0.0030512483790516853,0.49786829948425293,0.6030348539352417,-0.07491598278284073,0.42469164729118347,0.6225830316543579,-0.09948746860027313,0.36033105850219727,0.6297966241836548,-0.09622816741466522,0.4642157554626465,0.6570149660110474,-0.01184750720858574,0.47940754890441895,0.6681309938430786,-0.0753939300775528,0.4036531448364258,0.67445307970047,-0.07237496972084045,0.3479570150375366,0.6705952882766724,-0.050285179167985916,0.4558389484882355,0.7171221971511841,-0.023280253633856773,0.46222397685050964,0.727368175983429,-0.06239674240350723,0.4049074351787567,0.7240908145904541,-0.05659785866737366,0.36569276452064514,0.7149215340614319,-0.03861289098858833
0.2749943137168884,0.7223668694496155,-1.3210751603764948e-07,0.2922133207321167,0.6005849838256836,-0.026602959260344505,0.3675849437713623,0.5261552333831787,-0.03403274714946747,0.4525439143180847,0.5104168057441711,-0.04429556801915169,0.5112274289131165,0.5214892029762268,-0.052315130829811096,0.4564182758331299,0.5080564022064209,0.0020626212935894728,0.5622783899307251,0.481742262840271,-0.031382910907268524,0.6307803392410278,0.47700533270835876,-0.0570114329457283,0.6880362629890442,0.47303780913352966,-0.07401639223098755,0.46396225690841675,0.5859906673431396,-0.0014362875372171402,0.49901604652404785,0.601345419883728,-0.07377707213163376,0.42582833766937256,0.6210430860519409,-0.09921181201934814,0.3609323501586914,0.6290410161018372,-0.096415214240551,0.4643908739089966,0.6574597954750061,-0.010016404092311859,0.4810066223144531,0.6664365530014038,-0.07445438951253891,0.4058636426925659,0.6728563904762268,-0.07232685387134552,0.34986016154289246,0.6696147322654724,-0.05060112476348877,0.4557706415653229,0.7174243330955505,-0.021282214671373367,0.46511149406433105,0.7261512279510498,-0.06160230189561844,0.40818995237350464,0.7229901552200317,-0.05651802197098732,0.3683086037635803,0.7144224643707275,-0.03882654756307602
0.23945698142051697,0.7339763045310974,-1.8670915835627966e-07,0.2496538907289505,0.6080374717712402,-0.04036807641386986,0.3279113471508026,0.5195175409317017,-0.060882940888404846,0.42039191722869873,0.505049467086792,-0.08213742077350616,0.48898595571517944,0.539020836353302,-0.10129256546497345,0.440723180770874,0.5070842504501343,-0.029180249199271202,0.564775824546814,0.47358787059783936,-0.07287107408046722,0.6412051916122437,0.46531030535697937,-0.10089045017957687,0.7062203884124756,0.4594552516937256,-0.11954698711633682,0.45263025164604187,0.5956510901451111,-0.031217509880661964,0.4830612242221832,0.6140906810760498,-0.11758923530578613,0.3908469080924988,0.6359496712684631,-0.13860389590263367,0.3182474374771118,0.6446748971939087,-0.1300022006034851,0.45166733860969543,0.6777985095977783,-0.03866516053676605,0.46043649315834045,0.6900624632835388,-0.1136789321899414,0.37187567353248596,0.6966152191162109,-0.10185959190130234,0.31175321340560913,0.6904419660568237,-0.07166546583175659,0.4383946657180786,0.75052410364151,-0.05011722818017006,0.44303765892982483,0.7625237703323364,-0.0973978117108345,0.3767491281032562,0.7563161253929138,-0.08731230348348618,0.33231836557388306,0.7418111562728882,-0.06462656706571579
0.20982106029987335,0.7358985543251038,-1.423653088750143e-07,0.21941743791103363,0.6075367331504822,-0.043577924370765686,0.29607319831848145,0.5157752633094788,-0.06743880361318588,0.3902917802333832,0.49569064378738403,-0.09164707362651825,0.46372899413108826,0.5212835073471069,-0.11356697976589203,0.41507798433303833,0.49084293842315674,-0.03684287145733833,0.5472018122673035,0.45584437251091003,-0.08512362092733383,0.6309165954589844,0.44758838415145874,-0.11622347682714462,0.702176570892334,0.4408978819847107,-0.13651201128959656,0.4265497922897339,0.5823216438293457,-0.03945690393447876,0.46269747614860535,0.6058733463287354,-0.13188934326171875,0.3680330812931061,0.6321084499359131,-0.15568840503692627,0.2906724214553833,0.6417360305786133,-0.14786966145038605,0.42504751682281494,0.6663340926170349,-0.047234322875738144,0.4347803294658661,0.6834200620651245,-0.12626942992210388,0.3425027132034302,0.6942506432533264,-0.11371456831693649,0.2796486020088196,0.6882060170173645,-0.082262322306633,0.4104849100112915,0.7401513457298279,-0.059266794472932816,0.4127981662750244,0.755909264087677,-0.10733910650014877,0.3428880274295807,0.7543240785598755,-0.0948440283536911,0.2967204749584198,0.7407621145248413,-0.06995000690221786
0.20874199271202087,0.7544921636581421,-1.5432986799623905e-07,0.21632832288742065,0.622904360294342,-0.045713674277067184,0.29032018780708313,0.5279492139816284,-0.07127079367637634,0.38375288248062134,0.5068848133087158,-0.09715767204761505,0.45841795206069946,0.5377069711685181,-0.12067490816116333,0.41358911991119385,0.5069587230682373,-0.037384532392024994,0.5451524257659912,0.4673995077610016,-0.08581236749887466,0.6284719705581665,0.4573168158531189,-0.1165468692779541,0.6986789703369141,0.4496556520462036,-0.13654688000679016,0.4286484718322754,0.5999114513397217,-0.038913026452064514,0.45723333954811096,0.6202927827835083,-0.13084711134433746,0.36132848262786865,0.6490291357040405,-0.1530667245388031,0.2865876257419586,0.661331057548523,-0.14415624737739563,0.42890802025794983,0.6857947707176208,-0.04612485691905022,0.4343220293521881,0.6995528340339661,-0.125139057636261,0.3424087166786194,0.7114834785461426,-0.11127500236034393,0.2814892530441284,0.7072936296463013,-0.07882528752088547,0.41599375009536743,0.7629474401473999,-0.057877086102962494,0.41781219840049744,0.7760905027389526,-0.10620620846748352,0.34873488545417786,0.7741159200668335,-0.0932755172252655,0.3037686347961426,0.7605653405189514,-0.06781244277954102
0.2171885073184967,0.7528306245803833,-1.5763950500513602e-07,0.2294883131980896,0.6263038516044617,-0.04077938199043274,0.303886741399765,0.5374727845191956,-0.06376775354146957,0.39299508929252625,0.5142595767974854,-0.08790788054466248,0.4631763696670532,0.5389165282249451,-0.11009277403354645,0.4202648997306824,0.5110652446746826,-0.03295712172985077,0.547359824180603,0.4710398018360138,-0.07948143035173416,0.6278836727142334,0.45976370573043823,-0.11015541106462479,0.6955451965332031,0.4500739872455597,-0.13021434843540192,0.43292245268821716,0.6015172600746155,-0.036167360842227936,0.464558482170105,0.6219858527183533,-0.12526938319206238,0.37320393323898315,0.649868369102478,-0.14864477515220642,0.2979912757873535,0.6602492332458496,-0.14138612151145935,0.43215054273605347,0.686664879322052,-0.04442145302891731,0.4406881332397461,0.7006551027297974,-0.12141688168048859,0.35126885771751404,0.7117955684661865,-0.1095624789595604,0.28883495926856995,0.7065788507461548,-0.07906467467546463,0.418657124042511,0.7617282867431641,-0.056624364107847214,0.4236205518245697,0.7750633358955383,-0.10373099148273468,0.3550645112991333,0.7717626094818115,-0.09117459505796432,0.3072393238544464,0.7576267123222351,-0.06644679605960846
0.216624453663826,0.7552971243858337,-1.5955886567553534e-07,0.22931475937366486,0.6271814703941345,-0.04101734608411789,0.3039321303367615,0.536986768245697,-0.06415201723575592,0.39404547214508057,0.5179445147514343,-0.08827845752239227,0.4649934768676758,0.5448209643363953,-0.11019821465015411,0.4191965162754059,0.514744222164154,-0.034494828432798386,0.5458840131759644,0.47383615374565125,-0.08070254325866699,0.6261542439460754,0.46318894624710083,-0.11091192811727524,0.693916916847229,0.4536769986152649,-0.1308392584323883,0.43151047825813293,0.6057446002960205,-0.037792354822158813,0.4643527865409851,0.6236079931259155,-0.12647224962711334,0.37379276752471924,0.6500176191329956,-0.149563267827034,0.2988518476486206,0.6599326729774475,-0.14232918620109558,0.430521696805954,0.6910049319267273,-0.04606831818819046,0.43973952531814575,0.7023966908454895,-0.12183721363544464,0.35149312019348145,0.7124984264373779,-0.10975995659828186,0.2896779477596283,0.7067921757698059,-0.07953939586877823,0.4166783392429352,0.7671335935592651,-0.05841459706425667,0.42108672857284546,0.7788403630256653,-0.10429679602384567,0.3542851209640503,0.774565577507019,-0.09183261543512344,0.3079621195793152,0.7600093483924866,-0.06758596748113632
0.21749179065227509,0.7522838115692139,-1.5986762491593254e-07,0.2306235283613205,0.6267994046211243,-0.04098832607269287,0.304618239402771,0.538874626159668,-0.06454716622829437,0.3928399085998535,0.5197216868400574,-0.08907287567853928,0.4625157415866852,0.5434330701828003,-0.1115209236741066,0.4204794466495514,0.5151911377906799,-0.03493592515587807,0.545926034450531,0.4769064784049988,-0.08107562363147736,0.625426173210144,0.46622079610824585,-0.11107101291418076,0.6924517154693604,0.4571213722229004,-0.1306723952293396,0.4323795437812805,0.6052595973014832,-0.03826045244932175,0.4637620151042938,0.6282317638397217,-0.1257329136133194,0.3728049695491791,0.655212938785553,-0.14781151711940765,0.299504816532135,0.6647740602493286,-0.1403033435344696,0.4312319755554199,0.6900548338890076,-0.046607162803411484,0.4406714141368866,0.705686092376709,-0.12170417606830597,0.3522508144378662,0.7158779501914978,-0.108659528195858,0.2918356657028198,0.7106015682220459,-0.07819991558790207,0.4177129864692688,0.7657157778739929,-0.0589972548186779,0.4238758385181427,0.7795135974884033,-0.10436892509460449,0.356755793094635,0.776164710521698,-0.09092088788747787,0.3113477826118469,0.7627465724945068,-0.06618265062570572
0.21772338449954987,0.7576168775558472,-1.678550063388684e-07,0.23065248131752014,0.6321597695350647,-0.040569938719272614,0.30543941259384155,0.5425588488578796,-0.0633823350071907,0.39447182416915894,0.5226163864135742,-0.08720453828573227,0.4641627371311188,0.5513679385185242,-0.10890485346317291,0.4193456470966339,0.5197687745094299,-0.03339380398392677,0.5449643731117249,0.4805852174758911,-0.07811972498893738,0.6238929629325867,0.4700678586959839,-0.10680165141820908,0.6902129054069519,0.460811972618103,-0.1256961077451706,0.4315956234931946,0.609244704246521,-0.03639942780137062,0.4625357389450073,0.6301283836364746,-0.12326797097921371,0.3724832534790039,0.6563689708709717,-0.1452099084854126,0.2982339560985565,0.6657517552375793,-0.13747243583202362,0.430623322725296,0.6932252645492554,-0.04434603452682495,0.43952056765556335,0.706915557384491,-0.11905078589916229,0.3520587086677551,0.7175675630569458,-0.1065642237663269,0.29070591926574707,0.7124554514884949,-0.07627935707569122,0.41691628098487854,0.7683266997337341,-0.05628965049982071,0.4216136634349823,0.7806694507598877,-0.10178869962692261,0.35576969385147095,0.7781940698623657,-0.08922921121120453,0.3099570870399475,0.7655380368232727,-0.06496314704418182
0.219435453414917,0.7547537088394165,-1.6219256337990373e-07,0.23282068967819214,0.631798267364502,-0.040417298674583435,0.3055097460746765,0.5431395173072815,-0.06425408273935318,0.39268073439598083,0.525059700012207,-0.0891510620713234,0.46156686544418335,0.5542076826095581,-0.11204860359430313,0.42024171352386475,0.525632917881012,-0.036201220005750656,0.5458307266235352,0.4849051833152771,-0.0808514729142189,0.6252666115760803,0.47437459230422974,-0.10911529511213303,0.6914396286010742,0.4652515649795532,-0.12757301330566406,0.43253323435783386,0.6147717833518982,-0.03898916020989418,0.46258607506752014,0.6320626139640808,-0.12464094907045364,0.3744950294494629,0.6568685173988342,-0.1457446813583374,0.3004646897315979,0.6675468683242798,-0.1378432661294937,0.4319494664669037,0.6971485018730164,-0.04656778648495674,0.43961140513420105,0.7067155838012695,-0.1191975399851799,0.3545285761356354,0.7160350680351257,-0.10646325349807739,0.2930063307285309,0.7118268013000488,-0.07663287222385406,0.4190056025981903,0.7714909315109253,-0.058215416967868805,0.4235844314098358,0.7809370756149292,-0.10223265737295151,0.3596556782722473,0.7773534655570984,-0.08979980647563934,0.31379419565200806,0.7646819949150085,-0.06599210947751999
0.22119241952896118,0.7580747604370117,-1.5091234217834426e-07,0.23502901196479797,0.6369844675064087,-0.040993381291627884,0.30805253982543945,0.5502732992172241,-0.06474923342466354,0.39434391260147095,0.5302447080612183,-0.08955936133861542,0.4626748859882355,0.5592806339263916,-0.11233163625001907,0.4213893711566925,0.5303221940994263,-0.03411209583282471,0.5458707809448242,0.4902362823486328,-0.07882074266672134,0.6242820024490356,0.4806126356124878,-0.1069316416978836,0.6901664733886719,0.47254619002342224,-0.12508103251457214,0.4324239492416382,0.6179034113883972,-0.03678716719150543,0.46464860439300537,0.6361794471740723,-0.12301623821258545,0.3753426969051361,0.6626995801925659,-0.14381785690784454,0.3018411099910736,0.673577606678009,-0.13506421446800232,0.4309259057044983,0.699387788772583,-0.04450215771794319,0.44044893980026245,0.711979866027832,-0.11845529079437256,0.35408130288124084,0.7234971523284912,-0.1051873043179512,0.29360783100128174,0.7200156450271606,-0.07416137307882309,0.4172094464302063,0.7725247144699097,-0.05630215257406235,0.4242389500141144,0.7841145992279053,-0.10066711157560349,0.36030691862106323,0.7829806208610535,-0.0874457135796547,0.31562626361846924,0.7719224095344543,-0.06278469413518906
0.22009266912937164,0.7631033062934875,-1.6195255625461868e-07,0.23343177139759064,0.6412474513053894,-0.04106781631708145,0.30745723843574524,0.5539509654045105,-0.06373820453882217,0.3967767059803009,0.5340191721916199,-0.08741133660078049,0.4658891558647156,0.5634428858757019,-0.10904183983802795,0.4198055565357208,0.5342353582382202,-0.0319066159427166,0.543923020362854,0.4941336512565613,-0.0760299488902092,0.6227413415908813,0.48413413763046265,-0.1039627194404602,0.6891339421272278,0.47582393884658813,-0.12215986847877502,0.4310200810432434,0.6207035183906555,-0.03396930918097496,0.46442118287086487,0.638725996017456,-0.11951228231191635,0.3753746747970581,0.6638467311859131,-0.14052969217300415,0.3020140826702118,0.6736025810241699,-0.13197937607765198,0.4299975037574768,0.7014304399490356,-0.041181642562150955,0.441310852766037,0.7142659425735474,-0.11501387506723404,0.3547009825706482,0.724170446395874,-0.10255756974220276,0.2938861548900604,0.7201937437057495,-0.07197320461273193,0.41651755571365356,0.77418053150177,-0.052488427609205246,0.42350003123283386,0.78566575050354,-0.09750787168741226,0.3594699800014496,0.7834670543670654,-0.0855947807431221,0.3146015405654907,0.7723149657249451,-0.06171753257513046
0.22235612571239471,0.7644614577293396,-1.4434282036290824e-07,0.2351975291967392,0.6400123834609985,-0.03902982175350189,0.3082228899002075,0.5528531074523926,-0.060813575983047485,0.39620521664619446,0.535422682762146,-0.0840727910399437,0.4633242189884186,0.5663279891014099,-0.105308398604393,0.4201172888278961,0.5355108976364136,-0.029661567881703377,0.5438779592514038,0.4947966933250427,-0.07221312820911407,0.6214905977249146,0.48451846837997437,-0.09887295216321945,0.6866216659545898,0.47590070962905884,-0.11614622175693512,0.4303416609764099,0.6220725178718567,-0.03278007358312607,0.4653167724609375,0.6379188299179077,-0.11704311519861221,0.37742289900779724,0.6632882356643677,-0.13770246505737305,0.3039289116859436,0.6751415133476257,-0.12896853685379028,0.4288216531276703,0.7020367383956909,-0.040882185101509094,0.4420025944709778,0.7135983109474182,-0.1136249527335167,0.35662904381752014,0.7238456010818481,-0.10144302248954773,0.29580044746398926,0.7208854556083679,-0.07111538201570511,0.41514381766319275,0.7739143967628479,-0.05285502225160599,0.4261344075202942,0.7851205468177795,-0.09627421200275421,0.3633626103401184,0.7833948135375977,-0.08365113288164139,0.31800997257232666,0.7730294466018677,-0.05952157452702522
0.22431237995624542,0.763039767742157,-1.4774401790873526e-07,0.23652173578739166,0.6414768695831299,-0.039627622812986374,0.3087880313396454,0.5558810830116272,-0.06151280552148819,0.39646801352500916,0.5365273952484131,-0.08489751070737839,0.4645490348339081,0.5642505884170532,-0.1063413918018341,0.4207242727279663,0.535765528678894,-0.028405454009771347,0.5439802408218384,0.49512362480163574,-0.07083143293857574,0.62144935131073,0.4840310513973236,-0.09749399870634079,0.6862084865570068,0.4748653769493103,-0.11476028710603714,0.43131035566329956,0.6218217611312866,-0.031087979674339294,0.4650132656097412,0.6378846168518066,-0.1154806837439537,0.37776443362236023,0.6638913154602051,-0.13670526444911957,0.30532708764076233,0.675387442111969,-0.1283206343650818,0.4301545023918152,0.7017170190811157,-0.03887683525681496,0.44192662835121155,0.7134292721748352,-0.11240797489881516,0.3562575578689575,0.7247991561889648,-0.10092272609472275,0.29573553800582886,0.721775233745575,-0.0708710327744484,0.41698727011680603,0.7737160325050354,-0.05052606016397476,0.4255921244621277,0.7847224473953247,-0.09520946443080902,0.3620437681674957,0.783768892288208,-0.08341009169816971,0.31645238399505615,0.7731302976608276,-0.059604186564683914
0.22651754319667816,0.7576141953468323,-1.421370257048693e-07,0.23943094909191132,0.6385254263877869,-0.03937855362892151,0.3118523359298706,0.5541439056396484,-0.06146670877933502,0.3984680771827698,0.536272406578064,-0.08496455103158951,0.4653397798538208,0.5640755891799927,-0.10653748363256454,0.42300981283187866,0.5360208749771118,-0.0304652638733387,0.5453060269355774,0.4956340193748474,-0.07281648367643356,0.6218252778053284,0.48406147956848145,-0.09916143119335175,0.6858556270599365,0.4743015170097351,-0.1162465438246727,0.43252721428871155,0.6214798092842102,-0.03344033285975456,0.4659035801887512,0.6387060284614563,-0.11772435903549194,0.37962740659713745,0.6636373400688171,-0.13892266154289246,0.30787426233291626,0.674410343170166,-0.1307266652584076,0.4305328130722046,0.7005736231803894,-0.041305169463157654,0.4418638348579407,0.7136187553405762,-0.11461807787418365,0.35684269666671753,0.7234759330749512,-0.10339333862066269,0.29704466462135315,0.7191182971000671,-0.07374869287014008,0.41664785146713257,0.7715919017791748,-0.05292908847332001,0.4259493052959442,0.7835927605628967,-0.09721583873033524,0.362600713968277,0.781916081905365,-0.08530820906162262,0.31731319427490234,0.7708823084831238,-0.06165207177400589
0.23328642547130585,0.7567282319068909,-1.6249323664396798e-07,0.2455502301454544,0.6331655979156494,-0.03469839692115784,0.3194423019886017,0.5462533235549927,-0.05284494161605835,0.40705931186676025,0.52891606092453,-0.0731513574719429,0.4715538024902344,0.5556809306144714,-0.09176211059093475,0.4293082654476166,0.5304366946220398,-0.022377239540219307,0.5484794974327087,0.49023985862731934,-0.06193093582987785,0.6230818629264832,0.4786462187767029,-0.08763100951910019,0.6867099404335022,0.47056829929351807,-0.10458815097808838,0.43663111329078674,0.6155131459236145,-0.026485895738005638,0.47005972266197205,0.631801187992096,-0.10714499652385712,0.3847147226333618,0.6545906662940979,-0.12802477180957794,0.31394052505493164,0.665474534034729,-0.12037652730941772,0.4337582290172577,0.6942447423934937,-0.03536222130060196,0.4478025436401367,0.7061408162117004,-0.10602664947509766,0.36305829882621765,0.7160352468490601,-0.0953003317117691,0.30325430631637573,0.7137019634246826,-0.06656207889318466,0.4197959005832672,0.7650133371353149,-0.047615934163331985,0.431527704000473,0.7756031155586243,-0.09035633504390717,0.3669900894165039,0.7723698616027832,-0.0788198709487915,0.3209666609764099,0.761146068572998,-0.05588879436254501
0.2345810979604721,0.7540011405944824,-1.5828727839561907e-07,0.24770230054855347,0.6287351846694946,-0.036274079233407974,0.32155877351760864,0.5431925654411316,-0.054180171340703964,0.4099407494068146,0.5249361991882324,-0.07396218925714493,0.47590172290802,0.5505183339118958,-0.09169667959213257,0.42853859066963196,0.5246433019638062,-0.020193487405776978,0.547557532787323,0.484873503446579,-0.05964450165629387,0.6218931674957275,0.47278398275375366,-0.08534684032201767,0.6846750974655151,0.4643290042877197,-0.1021817997097969,0.4376399517059326,0.609362006187439,-0.022966107353568077,0.47138723731040955,0.627041757106781,-0.10327379405498505,0.3859560489654541,0.6516256928443909,-0.12422935664653778,0.31662094593048096,0.6633064150810242,-0.11668453365564346,0.4363490641117096,0.6876314282417297,-0.030945271253585815,0.45057639479637146,0.6983494758605957,-0.10145299136638641,0.3677378296852112,0.7094789743423462,-0.09113859385251999,0.30973702669143677,0.7087488174438477,-0.06266158074140549,0.4240773916244507,0.7571436166763306,-0.04250456020236015,0.4358855187892914,0.7660075426101685,-0.08526457846164703,0.3740956485271454,0.7643408179283142,-0.0743078961968422,0.3303093910217285,0.7553466558456421,-0.05171139910817146
0.2348787486553192,0.7538753747940063,-1.5977816758550034e-07,0.24907635152339935,0.6287062168121338,-0.03585544228553772,0.322696328163147,0.5438436269760132,-0.0537102073431015,0.4113728702068329,0.5254522562026978,-0.07356373965740204,0.47800323367118835,0.5490851402282715,-0.09142452478408813,0.4272295832633972,0.5225762724876404,-0.019103894010186195,0.545920729637146,0.4840414226055145,-0.05848850682377815,0.6208748817443848,0.4713594317436218,-0.08481606096029282,0.6840028762817383,0.4618969261646271,-0.10219749808311462,0.4375249743461609,0.6061384081840515,-0.022120444104075432,0.470917284488678,0.6241211891174316,-0.10244221240282059,0.3869860768318176,0.6484135389328003,-0.12476778030395508,0.3172719478607178,0.6595785021781921,-0.11834881454706192,0.4374271333217621,0.6834833025932312,-0.03026331588625908,0.4513297975063324,0.6942742466926575,-0.10029835253953934,0.37048184871673584,0.7051222920417786,-0.0911589115858078,0.31251096725463867,0.7039097547531128,-0.0637303963303566,0.4267144501209259,0.7523531913757324,-0.04200164973735809,0.4387547969818115,0.7609508633613586,-0.08442511409521103,0.3780881464481354,0.7590465545654297,-0.07398445904254913,0.3338289260864258,0.7498193383216858,-0.05188747122883797
0.23561586439609528,0.7536167502403259,-1.437336578646864e-07,0.250550776720047,0.6272101998329163,-0.035085730254650116,0.323853075504303,0.5431306958198547,-0.05227961391210556,0.41197383403778076,0.5246769785881042,-0.07156353443861008,0.47771894931793213,0.546876847743988,-0.08882220834493637,0.4270727336406708,0.5224227905273438,-0.017697414383292198,0.5442002415657043,0.48375049233436584,-0.05684354528784752,0.6190776824951172,0.4722028970718384,-0.08364848792552948,0.6823868751525879,0.4629419147968292,-0.10139966011047363,0.4369797110557556,0.6051854491233826,-0.020759141072630882,0.4723947048187256,0.623400092124939,-0.10112128406763077,0.39043840765953064,0.6467211842536926,-0.12476756423711777,0.31960952281951904,0.6566368937492371,-0.11916802823543549,0.4367196559906006,0.6815888285636902,-0.02881939522922039,0.45102211833000183,0.6930127739906311,-0.0989760085940361,0.37101489305496216,0.7024394273757935,-0.09192964434623718,0.31154942512512207,0.699847400188446,-0.0656808465719223,0.4256814420223236,0.7493369579315186,-0.040327392518520355,0.43736177682876587,0.7590391635894775,-0.08317665010690689,0.37701210379600525,0.7565587162971497,-0.07429961115121841,0.33127352595329285,0.746347188949585,-0.053135111927986145
0.23889894783496857,0.7477675080299377,-1.4220088928595942e-07,0.2517712712287903,0.6241993308067322,-0.03433274105191231,0.324832558631897,0.5408483743667603,-0.05193014442920685,0.4125419855117798,0.5234638452529907,-0.07144051045179367,0.4772869646549225,0.5470673441886902,-0.08915386348962784,0.4278180003166199,0.5211963653564453,-0.02213067188858986,0.5457082986831665,0.48194342851638794,-0.060682523995637894,0.620265007019043,0.4701964259147644,-0.08592609316110611,0.6828029155731201,0.46066123247146606,-0.10248968750238419,0.43696102499961853,0.603603184223175,-0.02523840218782425,0.4723745584487915,0.6214076280593872,-0.1037132516503334,0.39147788286209106,0.6455418467521667,-0.12478643655776978,0.32094982266426086,0.6560465097427368,-0.11802323907613754,0.43611133098602295,0.6793725490570068,-0.03292437270283699,0.45031219720840454,0.6902993321418762,-0.10099773854017258,0.3712993264198303,0.7018065452575684,-0.09193003922700882,0.31217920780181885,0.6998973488807678,-0.06511401385068893,0.42441102862358093,0.7467057108879089,-0.04400274530053139,0.4365207850933075,0.756868839263916,-0.08540745824575424,0.3765268921852112,0.755736231803894,-0.0753963515162468,0.33051905035972595,0.7453702092170715,-0.05392402037978172
0.2410777062177658,0.7459758520126343,-1.3842617363479803e-07,0.2538684606552124,0.6241927146911621,-0.0357012003660202,0.3256286680698395,0.5405420064926147,-0.05459704250097275,0.41188743710517883,0.5218815207481384,-0.07512835413217545,0.47695600986480713,0.5445688962936401,-0.09383001923561096,0.4292132556438446,0.5197551846504211,-0.02353481575846672,0.5454258322715759,0.4807005524635315,-0.06253253668546677,0.6187611222267151,0.4690001308917999,-0.08770467340946198,0.6801996231079102,0.4594578146934509,-0.10412628203630447,0.43859076499938965,0.6015166640281677,-0.026467543095350266,0.47401997447013855,0.6198909878730774,-0.10551144927740097,0.39320772886276245,0.6445618271827698,-0.12632085382938385,0.3237161934375763,0.654964804649353,-0.11919902265071869,0.4381284713745117,0.6765090227127075,-0.03415572643280029,0.4513075649738312,0.6892432570457458,-0.103143610060215,0.37190744280815125,0.7009201049804688,-0.09367525577545166,0.3138839900493622,0.6987983584403992,-0.0663728266954422,0.42684996128082275,0.7432647347450256,-0.045314814895391464,0.43876948952674866,0.7544683218002319,-0.08715926855802536,0.37839072942733765,0.7536802887916565,-0.07671091705560684,0.3330579996109009,0.7430498600006104,-0.05491567403078079
0.24289681017398834,0.7426505088806152,-1.3657631825481076e-07,0.2534875273704529,0.6252872347831726,-0.037588849663734436,0.32381749153137207,0.5425546169281006,-0.05838315561413765,0.40786421298980713,0.5218226313591003,-0.08042426407337189,0.4729519784450531,0.5420089960098267,-0.10073543339967728,0.4299725890159607,0.5202252268791199,-0.027514800429344177,0.545446515083313,0.48142966628074646,-0.06777958571910858,0.6179595589637756,0.4700717628002167,-0.09311375021934509,0.6791298389434814,0.46081528067588806,-0.10944964736700058,0.43980666995048523,0.6010228395462036,-0.030118579044938087,0.47434401512145996,0.6190060377120972,-0.1103358045220375,0.3920566439628601,0.6445255279541016,-0.13059571385383606,0.3232870101928711,0.6551417112350464,-0.12278280407190323,0.4392145574092865,0.6752575039863586,-0.03755659982562065,0.4510565996170044,0.6890990138053894,-0.10772249847650528,0.37031981348991394,0.7007912993431091,-0.09777390956878662,0.31307002902030945,0.6976611018180847,-0.06991990655660629,0.42766520380973816,0.7415757179260254,-0.04852989315986633,0.43826988339424133,0.753609836101532,-0.09123541414737701,0.3771764636039734,0.7540713548660278,-0.08060091733932495,0.33262908458709717,0.7435891032218933,-0.058522406965494156
0.24254153668880463,0.7408323287963867,-1.295022400427115e-07,0.254152774810791,0.6229811310768127,-0.035847172141075134,0.3246505856513977,0.5409048795700073,-0.05546877533197403,0.40838074684143066,0.5208025574684143,-0.07671232521533966,0.47270023822784424,0.5439490079879761,-0.09623011946678162,0.42915865778923035,0.5204291939735413,-0.02428884245455265,0.5451839566230774,0.4819851219654083,-0.06388120353221893,0.6176433563232422,0.4708731770515442,-0.08930471539497375,0.6785700917243958,0.4615901708602905,-0.10588628798723221,0.4381175637245178,0.6014307141304016,-0.027658654376864433,0.47457629442214966,0.6174209117889404,-0.10747586935758591,0.3936242461204529,0.642488420009613,-0.12841643393039703,0.324930340051651,0.6533915996551514,-0.12118630111217499,0.43714430928230286,0.6762714982032776,-0.03579866513609886,0.45085418224334717,0.6871504783630371,-0.10552699863910675,0.3710613250732422,0.6983798146247864,-0.09601055830717087,0.31394705176353455,0.6954210996627808,-0.06853627413511276,0.4252104163169861,0.7432155609130859,-0.047349963337183,0.43623870611190796,0.7526887655258179,-0.08970095962285995,0.3757011592388153,0.7522048950195312,-0.07914528250694275,0.3316303491592407,0.7418239116668701,-0.05727458372712135
0.24473686516284943,0.740370512008667,-1.4573440410003968e-07,0.25638121366500854,0.6263702511787415,-0.03538047522306442,0.32569748163223267,0.5454147458076477,-0.055616360157728195,0.4093245267868042,0.5253177881240845,-0.07741006463766098,0.4743348956108093,0.5471475124359131,-0.09753386676311493,0.43011218309402466,0.5240632891654968,-0.026394693180918694,0.5453212261199951,0.48549097776412964,-0.06609372794628143,0.6170501708984375,0.474773108959198,-0.09107966721057892,0.6771866083145142,0.46554017066955566,-0.10731209814548492,0.4385911226272583,0.6041538715362549,-0.029935311526060104,0.47531819343566895,0.6193475723266602,-0.10817111283540726,0.395142138004303,0.6440667510032654,-0.12761346995830536,0.32733863592147827,0.6532790660858154,-0.12000714987516403,0.4371834099292755,0.6783798336982727,-0.038092877715826035,0.45191070437431335,0.6904392242431641,-0.10648281127214432,0.37112462520599365,0.7017775774002075,-0.09541933983564377,0.3138478994369507,0.6979199051856995,-0.0675792470574379,0.4247726798057556,0.745223879814148,-0.04964975640177727,0.43596383929252625,0.7551915645599365,-0.09122262895107269,0.37449419498443604,0.754609227180481,-0.07983087003231049,0.3300435543060303,0.7437227964401245,-0.05778641253709793
0.24630117416381836,0.7401310205459595,-1.4774930434668931e-07,0.25745701789855957,0.6232258081436157,-0.033720534294843674,0.32795560359954834,0.5425094366073608,-0.05182830989360809,0.4117854833602905,0.5241526365280151,-0.07183646410703659,0.47501060366630554,0.5471803545951843,-0.0902368575334549,0.4307716190814972,0.5232881903648376,-0.02177964337170124,0.5460406541824341,0.48648250102996826,-0.05999148264527321,0.6179410815238953,0.4756523072719574,-0.08450645953416824,0.6781108379364014,0.4662911295890808,-0.10042754560709,0.4393300712108612,0.6023897528648376,-0.025271227583289146,0.47437602281570435,0.6196640729904175,-0.10290294140577316,0.39453771710395813,0.6447551250457764,-0.1230432465672493,0.32698798179626465,0.6557824015617371,-0.11564043909311295,0.43855413794517517,0.6754634976387024,-0.03332577645778656,0.45319071412086487,0.6882737874984741,-0.10136108100414276,0.37372174859046936,0.69964599609375,-0.09153370559215546,0.3169001638889313,0.6971231698989868,-0.06411386281251907,0.42722779512405396,0.7407748699188232,-0.04462461546063423,0.4396689832210541,0.7517895698547363,-0.08585754036903381,0.3796228766441345,0.7518091201782227,-0.0751202180981636,0.335904061794281,0.742019772529602,-0.053247541189193726
0.2452695071697235,0.7387564182281494,-1.368624964470655e-07,0.2563436031341553,0.6225209832191467,-0.033799272030591965,0.32597750425338745,0.5424551963806152,-0.052542440593242645,0.4092888832092285,0.5237516760826111,-0.07299943268299103,0.47209930419921875,0.5476535558700562,-0.09181536734104156,0.42821410298347473,0.5238289833068848,-0.02500913478434086,0.5451567769050598,0.4841494560241699,-0.06426732242107391,0.6177740097045898,0.4713163375854492,-0.08915216475725174,0.6781445741653442,0.46025699377059937,-0.10524220764636993,0.43654289841651917,0.6028347015380859,-0.02863297425210476,0.47335338592529297,0.6184341907501221,-0.10697511583566666,0.3935776352882385,0.6438257694244385,-0.12672241032123566,0.32576051354408264,0.6548166275024414,-0.11904322355985641,0.43557485938072205,0.6759839653968811,-0.03661496192216873,0.450391948223114,0.6877742409706116,-0.10437939316034317,0.3716285228729248,0.7002183198928833,-0.09364474564790726,0.3150424659252167,0.6978896260261536,-0.06588196009397507,0.42382940649986267,0.7409666776657104,-0.04792623966932297,0.43511679768562317,0.7525309324264526,-0.0886683464050293,0.37518250942230225,0.7524287700653076,-0.07739797979593277,0.33178654313087463,0.7423674464225769,-0.05534262955188751
0.24386736750602722,0.7392154335975647,-1.358168191245568e-07,0.2547469139099121,0.6224154829978943,-0.03463148698210716,0.3244929909706116,0.5426021814346313,-0.053400974720716476,0.408161997795105,0.5233818292617798,-0.07364688813686371,0.4716538190841675,0.5459684133529663,-0.09202934056520462,0.42689967155456543,0.5222815275192261,-0.024884546175599098,0.5439721941947937,0.4830213189125061,-0.0646737739443779,0.6167056560516357,0.47046923637390137,-0.08983426541090012,0.6775096654891968,0.4597299098968506,-0.10597795993089676,0.4346699118614197,0.6020351052284241,-0.028026033192873,0.4727068543434143,0.6180634498596191,-0.10716662555932999,0.3917282819747925,0.6431685090065002,-0.12710124254226685,0.32411614060401917,0.653319776058197,-0.11904752999544144,0.4332955479621887,0.6755973100662231,-0.03561915084719658,0.4480449855327606,0.6876174211502075,-0.10420660674571991,0.3680858612060547,0.6996971368789673,-0.09362015128135681,0.31207141280174255,0.6969146132469177,-0.06541728228330612,0.4212532341480255,0.740399956703186,-0.04655423387885094,0.43114468455314636,0.7522311806678772,-0.08751799166202545,0.3707459270954132,0.7520213723182678,-0.07624504715204239,0.3285278379917145,0.7418175935745239,-0.053895868360996246
0.24239295721054077,0.7405786514282227,-1.219712117972449e-07,0.2539595365524292,0.623420774936676,-0.03566056117415428,0.32318609952926636,0.5423256158828735,-0.05473814159631729,0.4072278141975403,0.5219736695289612,-0.07522845268249512,0.47081461548805237,0.5460662245750427,-0.0937333032488823,0.4260808527469635,0.5229048132896423,-0.024551311507821083,0.5425710678100586,0.4833463132381439,-0.06470772624015808,0.615638256072998,0.47188442945480347,-0.0904311090707779,0.6763837337493896,0.4625479280948639,-0.10702717304229736,0.43413183093070984,0.6027432084083557,-0.027497975155711174,0.47205260396003723,0.6183711290359497,-0.10792668163776398,0.3921695947647095,0.6440325379371643,-0.12922804057598114,0.3233084976673126,0.6547241806983948,-0.12187842279672623,0.4328424334526062,0.6761050224304199,-0.035053737461566925,0.44692233204841614,0.6878055334091187,-0.10479629784822464,0.3674412667751312,0.699382483959198,-0.09557530283927917,0.3096909523010254,0.6958688497543335,-0.06804627925157547,0.42025429010391235,0.7404142022132874,-0.046055614948272705,0.4283686876296997,0.7526779174804688,-0.08857763558626175,0.36793678998947144,0.7517015337944031,-0.07877557724714279,0.3241385519504547,0.7402448058128357,-0.05721906200051308
0.24243907630443573,0.7392174601554871,-1.2995559472983587e-07,0.2548854351043701,0.6228408217430115,-0.0365031436085701,0.324551522731781,0.5437980890274048,-0.0565226785838604,0.4081103205680847,0.5256780982017517,-0.07783159613609314,0.47201603651046753,0.546610414981842,-0.0969792902469635,0.42727693915367126,0.5250352025032043,-0.02579302340745926,0.5426437854766846,0.4851997494697571,-0.06664284318685532,0.6151893734931946,0.4732455015182495,-0.0925782173871994,0.6754111051559448,0.46364957094192505,-0.10922807455062866,0.43592292070388794,0.605036735534668,-0.02866724319756031,0.47130632400512695,0.6207961440086365,-0.10933977365493774,0.390434205532074,0.6451355218887329,-0.13023142516613007,0.32294201850891113,0.6544575691223145,-0.1227656677365303,0.4347769320011139,0.6780650019645691,-0.03633718192577362,0.4464162588119507,0.6898319125175476,-0.1056334525346756,0.36752039194107056,0.6999042630195618,-0.09539414197206497,0.3120720684528351,0.6953144073486328,-0.0676138773560524,0.42242297530174255,0.7423418760299683,-0.047646261751651764,0.4295947551727295,0.7547758221626282,-0.08923584967851639,0.37063223123550415,0.7525952458381653,-0.07859621942043304,0.32954996824264526,0.740228533744812,-0.05676685646176338
0.2427111268043518,0.7549842596054077,-1.613380362641692e-07,0.25448182225227356,0.6402639746665955,-0.03403269499540329,0.3248348832130432,0.5606371164321899,-0.0510101392865181,0.4102719724178314,0.543015718460083,-0.06988342851400375,0.47498178482055664,0.5691252946853638,-0.08723492920398712,0.42799001932144165,0.5487329959869385,-0.017838044092059135,0.5423554182052612,0.509929358959198,-0.053775276988744736,0.613229513168335,0.4987955689430237,-0.07680565863847733,0.6729376316070557,0.4900640547275543,-0.09208908677101135,0.43442779779434204,0.628566563129425,-0.020736878737807274,0.4728056788444519,0.6368919610977173,-0.09562136232852936,0.39418938755989075,0.6619262099266052,-0.11498557031154633,0.32768523693084717,0.6757252812385559,-0.10749080777168274,0.43196728825569153,0.7027818560600281,-0.028542716056108475,0.4524134397506714,0.7046290040016174,-0.09529916197061539,0.37273117899894714,0.7164600491523743,-0.08534382283687592,0.3159056007862091,0.7178749442100525,-0.05805959552526474,0.41970351338386536,0.7702217698097229,-0.03957134857773781,0.4367903470993042,0.7697423696517944,-0.08082665503025055,0.37648215889930725,0.768356204032898,-0.07048074156045914,0.3327772617340088,0.7619520425796509,-0.04920569434762001
0.23652298748493195,0.7272764444351196,-2.1259816662677622e-07,0.25424373149871826,0.6042095422744751,-0.03153446689248085,0.3307074010372162,0.5228796601295471,-0.04732922464609146,0.414255291223526,0.5095118880271912,-0.06494476646184921,0.4768218696117401,0.5366296172142029,-0.08146686851978302,0.42286911606788635,0.5079532861709595,-0.0231298990547657,0.5318576693534851,0.4739843010902405,-0.06246040761470795,0.6026238203048706,0.4656585454940796,-0.08733175694942474,0.6632557511329651,0.46083804965019226,-0.1031617745757103,0.43705636262893677,0.5839489102363586,-0.02672230266034603,0.4532720744609833,0.5985167026519775,-0.10615575313568115,0.36865395307540894,0.6185872554779053,-0.1260061115026474,0.29755908250808716,0.6302345991134644,-0.11758847534656525,0.437016099691391,0.6540159583091736,-0.0345160998404026,0.42190349102020264,0.66641765832901,-0.10040494799613953,0.3414914608001709,0.6751098036766052,-0.0913853719830513,0.2822440266609192,0.67287677526474,-0.06507241725921631,0.42256960272789,0.7150704860687256,-0.0459538996219635,0.3969006836414337,0.7288728952407837,-0.08559025824069977,0.3321419954299927,0.7245209217071533,-0.07771305739879608,0.2875138521194458,0.7124046683311462,-0.05798005312681198
0.23965676128864288,0.7170653343200684,-2.280900588402801e-07,0.2505977153778076,0.5938376188278198,-0.03306854888796806,0.32310253381729126,0.5093083381652832,-0.0498393289744854,0.4082458019256592,0.49235451221466064,-0.06800931692123413,0.47195255756378174,0.521613359451294,-0.08469463884830475,0.41973578929901123,0.4892265200614929,-0.024532858282327652,0.5297530293464661,0.4508889615535736,-0.06471475958824158,0.6018434166908264,0.4418279528617859,-0.09042513370513916,0.6633638143539429,0.4370480179786682,-0.10685736685991287,0.43915286660194397,0.5625321865081787,-0.0268048495054245,0.45115992426872253,0.5847890973091125,-0.10642120987176895,0.3653026521205902,0.6110049486160278,-0.12569336593151093,0.2947752773761749,0.6249659657478333,-0.11704739183187485,0.442629873752594,0.6313765645027161,-0.033488575369119644,0.42440101504325867,0.6529863476753235,-0.09863618016242981,0.3431442081928253,0.6646453142166138,-0.0887252539396286,0.28352272510528564,0.6625250577926636,-0.06223496422171593,0.4305458664894104,0.6925104260444641,-0.04419194906949997,0.40106678009033203,0.7144421935081482,-0.08319486677646637,0.33560043573379517,0.711300790309906,-0.07548803091049194,0.2909049391746521,0.6975324153900146,-0.05602957680821419
0.24391630291938782,0.724777340888977,-2.703166330775275e-07,0.2516288459300995,0.6047396659851074,-0.030866827815771103,0.3218136429786682,0.5178543925285339,-0.04548170045018196,0.40766167640686035,0.5044115781784058,-0.062232133001089096,0.47133350372314453,0.5375723838806152,-0.07784207165241241,0.423542857170105,0.49862581491470337,-0.02026739902794361,0.5332631468772888,0.454485148191452,-0.056734684854745865,0.6043528914451599,0.44127506017684937,-0.07953039556741714,0.6648377776145935,0.43298056721687317,-0.0944439247250557,0.4436631500720978,0.5723017454147339,-0.02304324321448803,0.45258018374443054,0.5976479649543762,-0.09910257160663605,0.3691498935222626,0.6244021654129028,-0.11739750951528549,0.3013433516025543,0.6393803358078003,-0.10880573838949203,0.44736215472221375,0.6408908367156982,-0.030079195275902748,0.4293767809867859,0.6645576357841492,-0.09232667833566666,0.34898993372917175,0.6742066740989685,-0.0830455869436264,0.2908797264099121,0.6721479892730713,-0.05786881223320961,0.4355483949184418,0.7025339603424072,-0.04105218127369881,0.40608280897140503,0.725715160369873,-0.07842322438955307,0.3404317796230316,0.7229331135749817,-0.0715530589222908,0.29704028367996216,0.7110841870307922,-0.05326838046312332
0.24195383489131927,0.7220597267150879,-2.6774438310894766e-07,0.25387316942214966,0.6014613509178162,-0.0327640175819397,0.32398977875709534,0.5169188380241394,-0.04881748557090759,0.4102270007133484,0.5063379406929016,-0.0668579488992691,0.47622522711753845,0.5378301739692688,-0.08360083401203156,0.4256477355957031,0.49796828627586365,-0.020777516067028046,0.5336963534355164,0.4545913636684418,-0.05732928588986397,0.6039287447929382,0.44005900621414185,-0.07993332296609879,0.6631941199302673,0.430510938167572,-0.0947306677699089,0.44494298100471497,0.5739676356315613,-0.02312922105193138,0.45198971033096313,0.5963431596755981,-0.10034170746803284,0.36873185634613037,0.6206821799278259,-0.11948966979980469,0.30110031366348267,0.6355505585670471,-0.11106839776039124,0.4473010301589966,0.6440054178237915,-0.029984239488840103,0.42660781741142273,0.663642406463623,-0.0935964360833168,0.34671977162361145,0.6703660488128662,-0.08558966219425201,0.2893354594707489,0.6678797006607056,-0.060702983289957047,0.4340073764324188,0.7065823674201965,-0.04080143943428993,0.4027368724346161,0.7231321334838867,-0.07911540567874908,0.3383234143257141,0.7170188426971436,-0.0730590745806694,0.29561951756477356,0.7039072513580322,-0.05498828366398811
0.24375763535499573,0.7220544219017029,-2.3609422328263463e-07,0.25479042530059814,0.5997708439826965,-0.03181116655468941,0.32500535249710083,0.5165335536003113,-0.04754582792520523,0.41227787733078003,0.5084487795829773,-0.06543207913637161,0.478923499584198,0.535973846912384,-0.08236920833587646,0.42745766043663025,0.4964849054813385,-0.019774291664361954,0.5363953709602356,0.45283520221710205,-0.054850395768880844,0.6073611974716187,0.4377594590187073,-0.07626716792583466,0.6666064262390137,0.42857110500335693,-0.09019309282302856,0.44326698780059814,0.5731513500213623,-0.022624310106039047,0.4542742371559143,0.5923564434051514,-0.09934823960065842,0.37250789999961853,0.618304431438446,-0.11841951310634613,0.3035454750061035,0.6368215680122375,-0.10961909592151642,0.4429568648338318,0.6436165571212769,-0.0297537948936224,0.42694514989852905,0.6602264046669006,-0.09481078386306763,0.3462256193161011,0.6694764494895935,-0.08737211674451828,0.28591930866241455,0.6699135899543762,-0.06208202987909317,0.42769718170166016,0.7053598165512085,-0.040425922721624374,0.3993476927280426,0.7179384231567383,-0.08036938309669495,0.3336118161678314,0.7141993045806885,-0.07437774538993835,0.28763699531555176,0.7040548324584961,-0.05585155263543129
0.23611392080783844,0.7305718064308167,-2.487289521013736e-07,0.2484481930732727,0.6066135168075562,-0.0330466628074646,0.3280826807022095,0.5268219709396362,-0.04810798913240433,0.41923969984054565,0.5134854316711426,-0.06464673578739166,0.48973628878593445,0.5139561295509338,-0.08012719452381134,0.42083004117012024,0.507796049118042,-0.02025606483221054,0.5338087677955627,0.4708278775215149,-0.05690881609916687,0.6098371148109436,0.46365875005722046,-0.07876542955636978,0.6717705130577087,0.4609082341194153,-0.09218857437372208,0.4349254071712494,0.5885854959487915,-0.022959092631936073,0.4488527774810791,0.5935430526733398,-0.09997685998678207,0.36637014150619507,0.6258208751678467,-0.11678998172283173,0.3002975285053253,0.6521274447441101,-0.1065485030412674,0.4331494867801666,0.6624351739883423,-0.03061617910861969,0.42551931738853455,0.6628047227859497,-0.0960645079612732,0.34369373321533203,0.6802816390991211,-0.08377319574356079,0.2870180606842041,0.6911910772323608,-0.05533963069319725,0.4186524748802185,0.7312209606170654,-0.041919007897377014,0.397760272026062,0.7265719175338745,-0.08135395497083664,0.3329089879989624,0.7242651581764221,-0.07174773514270782,0.2920844554901123,0.7197335958480835,-0.050932902842760086
0.2347431182861328,0.7259184718132019,-2.2385422937531985e-07,0.24988067150115967,0.6048293113708496,-0.033471059054136276,0.3322254419326782,0.526711106300354,-0.04834217205643654,0.42356446385383606,0.5168860554695129,-0.06455114483833313,0.49275583028793335,0.5229159593582153,-0.07991284132003784,0.42776694893836975,0.5130050182342529,-0.02390049211680889,0.5403280854225159,0.4784798324108124,-0.06072216480970383,0.6141806244850159,0.4714313745498657,-0.08249367028474808,0.676283597946167,0.4668254852294922,-0.09669899940490723,0.4385159909725189,0.5932215452194214,-0.026672078296542168,0.4526827037334442,0.6039092540740967,-0.104635089635849,0.3684302270412445,0.6340304017066956,-0.12131557613611221,0.30191224813461304,0.6555046439170837,-0.11170822381973267,0.4340360462665558,0.6668567657470703,-0.03432300686836243,0.42613402009010315,0.675475001335144,-0.10065146535634995,0.3424276113510132,0.6866666674613953,-0.0894227847456932,0.28362882137298584,0.6886269450187683,-0.06256140768527985,0.41585293412208557,0.7340229749679565,-0.045749131590127945,0.3910869359970093,0.7426551580429077,-0.0878460630774498,0.3234514594078064,0.7350821495056152,-0.08174429833889008,0.28129810094833374,0.7213110327720642,-0.06390801072120667
0.23220424354076385,0.7276886701583862,-2.1083326373627642e-07,0.2511559724807739,0.606819212436676,-0.035060662776231766,0.33221352100372314,0.5331650972366333,-0.05006244778633118,0.4226841926574707,0.5269206762313843,-0.06636732816696167,0.49136820435523987,0.533789873123169,-0.08138200640678406,0.4294389486312866,0.5173091888427734,-0.02121121622622013,0.5425198078155518,0.4824688136577606,-0.05701036378741264,0.6160131692886353,0.4754934012889862,-0.07810283452272415,0.6785428524017334,0.47132259607315063,-0.09193435311317444,0.4383004903793335,0.5985407829284668,-0.02275701053440571,0.45343470573425293,0.6089892387390137,-0.10029974579811096,0.37061718106269836,0.6372032761573792,-0.11790281534194946,0.3054511249065399,0.6589255928993225,-0.10856175422668457,0.4319286048412323,0.6722602844238281,-0.029365813359618187,0.42751115560531616,0.6781079769134521,-0.09667454659938812,0.34481966495513916,0.6872974634170532,-0.08672872185707092,0.28598326444625854,0.6913498640060425,-0.05975841358304024,0.4123597741127014,0.7388198375701904,-0.03979380801320076,0.3902761936187744,0.7431921362876892,-0.08323920518159866,0.3249841332435608,0.7347762584686279,-0.07815617322921753,0.28336256742477417,0.7241017818450928,-0.060224760323762894
0.23253871500492096,0.7271469831466675,-2.458872643273935e-07,0.25179222226142883,0.6092917919158936,-0.035907767713069916,0.3327486515045166,0.5381211042404175,-0.0522870197892189,0.42406171560287476,0.5364667177200317,-0.06966748833656311,0.4934038519859314,0.5458038449287415,-0.08554097265005112,0.4324164390563965,0.5196771025657654,-0.023550458252429962,0.5443829298019409,0.49131861329078674,-0.059998996555805206,0.6168034076690674,0.48831823468208313,-0.08154340088367462,0.677913248538971,0.48597580194473267,-0.09590456634759903,0.44062793254852295,0.6015676259994507,-0.025308340787887573,0.45775076746940613,0.612974226474762,-0.10297594219446182,0.3729337453842163,0.6392346620559692,-0.12070940434932709,0.3054785132408142,0.6581975221633911,-0.1117214784026146,0.4338071346282959,0.6757348775863647,-0.032134946435689926,0.43146929144859314,0.6810709834098816,-0.09985638409852982,0.3467950224876404,0.6872034072875977,-0.09028614312410355,0.28687232732772827,0.6885793805122375,-0.0639914870262146,0.4140491783618927,0.7438790798187256,-0.042769771069288254,0.3899882733821869,0.7464240789413452,-0.08723561465740204,0.3225032687187195,0.7339405417442322,-0.08327190577983856,0.2801135182380676,0.7193647623062134,-0.06648194044828415
0.23052959144115448,0.7301394939422607,-2.1473691447226884e-07,0.2523435354232788,0.6120473146438599,-0.035673290491104126,0.33419644832611084,0.5402489304542542,-0.05154705420136452,0.4254800081253052,0.5411367416381836,-0.06852530688047409,0.49443116784095764,0.5595934987068176,-0.0839717909693718,0.43084412813186646,0.5250570178031921,-0.0215302724391222,0.5436683893203735,0.504064679145813,-0.057761114090681076,0.615915834903717,0.5055441856384277,-0.07943381369113922,0.677248477935791,0.5067664980888367,-0.09409176558256149,0.43770894408226013,0.6067182421684265,-0.023410487920045853,0.45807191729545593,0.6192532181739807,-0.10138001292943954,0.37459278106689453,0.6454081535339355,-0.1198832094669342,0.3070409297943115,0.6634799242019653,-0.11139025539159775,0.43033090233802795,0.6803378462791443,-0.030430814251303673,0.4301467835903168,0.6874862909317017,-0.09912919253110886,0.34610000252723694,0.6940792202949524,-0.09023895859718323,0.2850688695907593,0.6949353814125061,-0.06398356705904007,0.4102650284767151,0.7475496530532837,-0.04127497971057892,0.3896222710609436,0.7522536516189575,-0.08759454637765884,0.3228422701358795,0.7424420118331909,-0.08445557206869125,0.2790946364402771,0.729469358921051,-0.0678638443350792
0.2309962511062622,0.7365663647651672,-1.8214809927030728e-07,0.2542363405227661,0.61464923620224,-0.03572027012705803,0.33469122648239136,0.5402349829673767,-0.05103064328432083,0.42528119683265686,0.543310821056366,-0.06770818680524826,0.4943380057811737,0.5682786703109741,-0.08286408334970474,0.43205422163009644,0.5291898250579834,-0.01614055410027504,0.543830394744873,0.5106650590896606,-0.051878929138183594,0.6165099143981934,0.5146142244338989,-0.07361850142478943,0.6776416301727295,0.5192123055458069,-0.0879136323928833,0.43857982754707336,0.6098917126655579,-0.017310649156570435,0.45607396960258484,0.6260249614715576,-0.09574022144079208,0.373196005821228,0.6525044441223145,-0.11537863314151764,0.3057648539543152,0.6707590818405151,-0.10666514188051224,0.4315643608570099,0.6820474863052368,-0.023916952311992645,0.42776980996131897,0.6914793252944946,-0.0929931029677391,0.3449554443359375,0.6994422078132629,-0.08517565578222275,0.2846023142337799,0.7010387182235718,-0.05860121548175812,0.41249799728393555,0.7488842010498047,-0.03434833139181137,0.3900306224822998,0.7529521584510803,-0.08038259297609329,0.3237115740776062,0.7440208196640015,-0.07698187232017517,0.2805272936820984,0.7309922575950623,-0.05940207093954086
0.22894646227359772,0.7443023920059204,-1.0851985621229687e-07,0.2556970715522766,0.6274360418319702,-0.04243611544370651,0.33566075563430786,0.5596252679824829,-0.06045151129364967,0.4234214723110199,0.5595540404319763,-0.07897735387086868,0.49014195799827576,0.5821877121925354,-0.09550245106220245,0.43231573700904846,0.5400553345680237,-0.015782533213496208,0.5448869466781616,0.5293579697608948,-0.05412959307432175,0.6178169250488281,0.5358494520187378,-0.0779912993311882,0.6786466836929321,0.5418644547462463,-0.09307005256414413,0.43605682253837585,0.620914101600647,-0.014565709047019482,0.4615389108657837,0.6369549036026001,-0.0990285575389862,0.3780142068862915,0.6659711599349976,-0.1226046085357666,0.3080386221408844,0.68490070104599,-0.11397063732147217,0.4280065596103668,0.6922442317008972,-0.01963092014193535,0.4261912405490875,0.7032985091209412,-0.09664315730333328,0.3414379358291626,0.7172976136207581,-0.09232359379529953,0.27935948967933655,0.7203489542007446,-0.0645269900560379,0.4083281457424164,0.7569417953491211,-0.02858780138194561,0.3918575942516327,0.7625399231910706,-0.08020409196615219,0.32576310634613037,0.7591174840927124,-0.0779850110411644,0.28082284331321716,0.7481078505516052,-0.059161681681871414
0.23255302011966705,0.7451457977294922,-9.888398011526078e-08,0.25751960277557373,0.6261208653450012,-0.03867505118250847,0.33711791038513184,0.5582582950592041,-0.054836124181747437,0.42471975088119507,0.5614530444145203,-0.07209677249193192,0.4913908541202545,0.5847010612487793,-0.08780062943696976,0.43679624795913696,0.5411341190338135,-0.013839422725141048,0.5488108992576599,0.530017077922821,-0.04986797645688057,0.6215683221817017,0.5379953384399414,-0.07258814573287964,0.6822699308395386,0.5469114780426025,-0.08684764802455902,0.4394835829734802,0.6196889877319336,-0.013277634978294373,0.46071767807006836,0.6440891027450562,-0.09414805471897125,0.3784312903881073,0.6716857552528381,-0.11714919656515121,0.3091563582420349,0.6885849833488464,-0.10909076780080795,0.4298543930053711,0.6901453733444214,-0.018364721909165382,0.4294154644012451,0.7056376338005066,-0.0921596884727478,0.34638309478759766,0.7180805206298828,-0.0882159173488617,0.28432855010032654,0.7206089496612549,-0.061556290835142136,0.40878626704216003,0.7537254691123962,-0.02688724920153618,0.39491525292396545,0.7608470320701599,-0.07641647756099701,0.33053240180015564,0.75935298204422,-0.07369010150432587,0.28612035512924194,0.7504569888114929,-0.054681356996297836
0.2300487905740738,0.7477596998214722,-1.0360838587075705e-07,0.2571868300437927,0.627652108669281,-0.03927614167332649,0.3380134701728821,0.562042772769928,-0.055344920605421066,0.4260658919811249,0.5645501017570496,-0.07249784469604492,0.4936203360557556,0.5849644541740417,-0.08790361881256104,0.43418461084365845,0.5435112714767456,-0.01082550548017025,0.5461260080337524,0.5306897759437561,-0.04755218327045441,0.6191089153289795,0.5377587080001831,-0.0712234377861023,0.6801038384437561,0.5450569987297058,-0.08612637221813202,0.43812641501426697,0.6238964796066284,-0.010358450002968311,0.46227163076400757,0.6405176520347595,-0.09277062863111496,0.3794793486595154,0.6677991151809692,-0.11674699932336807,0.309637188911438,0.685591459274292,-0.10885161906480789,0.4299566447734833,0.6955944299697876,-0.015948278829455376,0.4305337965488434,0.7047687768936157,-0.09099981188774109,0.3461984395980835,0.7179077863693237,-0.08687957376241684,0.28361445665359497,0.7222692370414734,-0.05962754040956497,0.4103902578353882,0.7603578567504883,-0.025183668360114098,0.3966050446033478,0.7629011869430542,-0.07553224265575409,0.3303431272506714,0.7602126598358154,-0.07275763899087906,0.2849890887737274,0.7517057657241821,-0.053540993481874466
0.2306150496006012,0.7487742900848389,-1.1133544575159249e-07,0.25739774107933044,0.6300495266914368,-0.03715268895030022,0.33595114946365356,0.561854898929596,-0.05326894670724869,0.4231334924697876,0.5637827515602112,-0.07106396555900574,0.4901711940765381,0.5873275399208069,-0.0873291864991188,0.4369620978832245,0.5442124605178833,-0.011387741193175316,0.5483779907226562,0.5343086123466492,-0.047061193734407425,0.6206551194190979,0.5411890745162964,-0.06957113742828369,0.6805948615074158,0.5483621954917908,-0.08384066820144653,0.4391118288040161,0.6235445141792297,-0.012319664470851421,0.46055227518081665,0.6445380449295044,-0.09241832047700882,0.37818700075149536,0.6703426837921143,-0.11507697403430939,0.30910828709602356,0.6865478754043579,-0.10702989995479584,0.4288467764854431,0.694736897945404,-0.01899193972349167,0.4277489483356476,0.7077248096466064,-0.0919959768652916,0.3449363112449646,0.7179701328277588,-0.0875103697180748,0.2838680148124695,0.7195784449577332,-0.060861025005578995,0.4069589078426361,0.7588868141174316,-0.029087375849485397,0.39296936988830566,0.7641213536262512,-0.07747556269168854,0.3283403217792511,0.7614231705665588,-0.07395324856042862,0.2847760319709778,0.7527536153793335,-0.05480791628360748
0.22838720679283142,0.7509524822235107,-1.3806132415083994e-07,0.2561144530773163,0.6330249309539795,-0.036877889186143875,0.33605486154556274,0.5663432478904724,-0.05279214307665825,0.42286765575408936,0.5681023001670837,-0.07013275474309921,0.48987358808517456,0.5925902724266052,-0.08596348762512207,0.434055358171463,0.5498466491699219,-0.012910113669931889,0.5455694198608398,0.5378419160842896,-0.048645514994859695,0.617490828037262,0.5436837673187256,-0.07086364924907684,0.6767569780349731,0.5498310327529907,-0.08471549302339554,0.43773895502090454,0.6291165351867676,-0.01352053415030241,0.4599798917770386,0.6476748585700989,-0.09309087693691254,0.378322571516037,0.6733564138412476,-0.11488176882266998,0.3088831901550293,0.6892160773277283,-0.10626966506242752,0.4286326766014099,0.7001475095748901,-0.019668571650981903,0.4259049892425537,0.7118048071861267,-0.09156112372875214,0.34339261054992676,0.722659707069397,-0.08618801087141037,0.2820585370063782,0.7237648367881775,-0.05916861072182655,0.4078085124492645,0.7640779614448547,-0.029268840327858925,0.39380279183387756,0.7685855031013489,-0.07627077400684357,0.3295564651489258,0.7643372416496277,-0.0716981291770935,0.2846097946166992,0.7535576820373535,-0.052003152668476105
0.22980572283267975,0.7504047155380249,-1.4342924714583205e-07,0.25526997447013855,0.6359155774116516,-0.035267941653728485,0.3346731960773468,0.5671988129615784,-0.05121786519885063,0.42062678933143616,0.5654568672180176,-0.06898612529039383,0.4866248369216919,0.5923202633857727,-0.08533608913421631,0.4317321181297302,0.5514840483665466,-0.014582048170268536,0.5453680753707886,0.5395503640174866,-0.049864526838064194,0.6168847680091858,0.5459961891174316,-0.07120385766029358,0.6768321990966797,0.5527470111846924,-0.08455993235111237,0.43564602732658386,0.6302509307861328,-0.016007937490940094,0.45764127373695374,0.6491737365722656,-0.09384062886238098,0.37578368186950684,0.6740692853927612,-0.11371109634637833,0.3074175715446472,0.6906415224075317,-0.10461931675672531,0.4268646538257599,0.7009961605072021,-0.022740818560123444,0.4273523986339569,0.7128259539604187,-0.09203837066888809,0.34641939401626587,0.7248228788375854,-0.08400238305330276,0.2869276702404022,0.7290565967559814,-0.056266628205776215,0.40660202503204346,0.7652126550674438,-0.03298613056540489,0.3972994387149811,0.7716516256332397,-0.07756908237934113,0.33456486463546753,0.769899308681488,-0.07144621759653091,0.2920750081539154,0.7635021209716797,-0.051489707082509995
0.22882694005966187,0.7508726119995117,-1.607799617886485e-07,0.25658118724823,0.6378897428512573,-0.033942271023988724,0.3363748788833618,0.5701348185539246,-0.04948475584387779,0.421064555644989,0.5702693462371826,-0.06711259484291077,0.486683189868927,0.5979270339012146,-0.08345010876655579,0.4301601052284241,0.557301938533783,-0.015179739333689213,0.543437123298645,0.543499231338501,-0.05053006112575531,0.6150926947593689,0.5482993721961975,-0.07181891798973083,0.6749992370605469,0.5537002086639404,-0.08519376069307327,0.4343815743923187,0.6361451745033264,-0.01730000227689743,0.45487692952156067,0.655255138874054,-0.09501521289348602,0.3739399015903473,0.6794319748878479,-0.11484961956739426,0.3058083653450012,0.6947190165519714,-0.10599040985107422,0.4259815514087677,0.7069568634033203,-0.02452857978641987,0.4238811433315277,0.7195272445678711,-0.09300501644611359,0.34392157196998596,0.7304928302764893,-0.08508868515491486,0.28477126359939575,0.7323318719863892,-0.057895809412002563,0.406051367521286,0.771043598651886,-0.03520619869232178,0.39553558826446533,0.7784255146980286,-0.07887957990169525,0.33330896496772766,0.774199366569519,-0.07256559282541275,0.2900499701499939,0.7642498016357422,-0.05282622203230858
0.23363250494003296,0.7609310150146484,-1.524702355482077e-07,0.259952187538147,0.6445629000663757,-0.034648310393095016,0.3410375118255615,0.5701433420181274,-0.0494736023247242,0.42868635058403015,0.5658472776412964,-0.06636665761470795,0.4925793707370758,0.602114737033844,-0.08183286339044571,0.4313068985939026,0.560911238193512,-0.013749354518949986,0.5460864305496216,0.5449213981628418,-0.048869866877794266,0.6175535917282104,0.5494541525840759,-0.06963914632797241,0.6772406697273254,0.5544247031211853,-0.08261635154485703,0.4372941851615906,0.6387873888015747,-0.01488442812114954,0.4587327241897583,0.6550847291946411,-0.09219309687614441,0.37827104330062866,0.679902195930481,-0.11148250848054886,0.31046953797340393,0.6958158016204834,-0.10206610709428787,0.43213561177253723,0.7090247273445129,-0.02133641205728054,0.43435952067375183,0.7181706428527832,-0.0898430272936821,0.3539521098136902,0.7295427322387695,-0.08131930232048035,0.29336017370224,0.7316399812698364,-0.053352877497673035,0.41476014256477356,0.772756040096283,-0.0313541516661644,0.4076848030090332,0.7778754830360413,-0.0754399374127388,0.3471110463142395,0.773481011390686,-0.06921344995498657,0.3039913773536682,0.7626587748527527,-0.04930127039551735
0.23720046877861023,0.7542232275009155,-1.7675883157153294e-07,0.262134850025177,0.6379613280296326,-0.03288231045007706,0.34404289722442627,0.5649397373199463,-0.047822006046772,0.43027397990226746,0.5593701004981995,-0.0640149861574173,0.4924936294555664,0.5930028557777405,-0.07873183488845825,0.4316069483757019,0.5575511455535889,-0.022808130830526352,0.5469124913215637,0.5417674779891968,-0.05932984501123428,0.6186633110046387,0.5462069511413574,-0.08051051199436188,0.6780176162719727,0.5504778623580933,-0.09363643825054169,0.43691450357437134,0.6355804204940796,-0.02433783747255802,0.4609776735305786,0.6524112820625305,-0.09973249584436417,0.37833231687545776,0.6761686205863953,-0.11522199958562851,0.30949270725250244,0.6903282403945923,-0.104485422372818,0.43010973930358887,0.706743597984314,-0.030465854331851006,0.4332234859466553,0.7171938419342041,-0.09547147899866104,0.35435619950294495,0.7278551459312439,-0.0834658294916153,0.29576414823532104,0.7287187576293945,-0.055071357637643814,0.4109041392803192,0.770599365234375,-0.03997526690363884,0.4080599248409271,0.780094563961029,-0.08059828728437424,0.34755098819732666,0.773087203502655,-0.07172136753797531,0.3042171597480774,0.7601867318153381,-0.051338039338588715
0.23705372214317322,0.754603922367096,-1.5287682231246436e-07,0.2608683705329895,0.6372073888778687,-0.033759891986846924,0.3412731885910034,0.5616273880004883,-0.04934162646532059,0.4285567104816437,0.5560150146484375,-0.06590273976325989,0.48994413018226624,0.5944796204566956,-0.08084260672330856,0.4298601746559143,0.5554201006889343,-0.024132002145051956,0.5466617345809937,0.5376601219177246,-0.059876926243305206,0.6184782981872559,0.5401470065116882,-0.08061661571264267,0.6781244277954102,0.5430333018302917,-0.0938948541879654,0.4353013336658478,0.633032500743866,-0.025109270587563515,0.46139928698539734,0.6500390768051147,-0.10116677731275558,0.37991392612457275,0.6733435988426208,-0.11746012419462204,0.31002601981163025,0.6870586276054382,-0.1071622371673584,0.429302453994751,0.7034287452697754,-0.030471455305814743,0.43273383378982544,0.7139583826065063,-0.09527920931577682,0.3552926182746887,0.7240036725997925,-0.08440060168504715,0.29524099826812744,0.7232452630996704,-0.056842852383852005,0.41046085953712463,0.7657764554023743,-0.03936345502734184,0.40494439005851746,0.7762465476989746,-0.08074463158845901,0.3447437286376953,0.7684425115585327,-0.07354696094989777,0.29961562156677246,0.7536113262176514,-0.05418910086154938
0.23546533286571503,0.7456726431846619,-1.3340110172066488e-07,0.26180118322372437,0.6308540105819702,-0.03341018408536911,0.34299129247665405,0.5572068691253662,-0.048987437039613724,0.4298136234283447,0.5494450330734253,-0.06525005400180817,0.4912463426589966,0.5823337435722351,-0.07984559237957001,0.4265075922012329,0.5444228649139404,-0.026064155623316765,0.5437332391738892,0.525579571723938,-0.06228061392903328,0.6156724095344543,0.5294433832168579,-0.08348114043474197,0.675626277923584,0.5323410630226135,-0.09683949500322342,0.4303358793258667,0.6207265257835388,-0.026875842362642288,0.46012791991233826,0.6424229741096497,-0.10256727784872055,0.37935951352119446,0.6685996651649475,-0.11869340389966965,0.30945971608161926,0.6812270879745483,-0.10869840532541275,0.42482587695121765,0.6905168890953064,-0.03183944523334503,0.4304436445236206,0.7071694135665894,-0.09643643349409103,0.35165321826934814,0.7199071645736694,-0.08532359451055527,0.29027602076530457,0.7181460857391357,-0.0579398050904274,0.40706774592399597,0.7516202926635742,-0.04027744382619858,0.40197429060935974,0.7706719040870667,-0.08172889053821564,0.33914029598236084,0.7657787799835205,-0.07436094433069229,0.2916194796562195,0.7504909634590149,-0.05505507439374924
0.2387320101261139,0.7418248653411865,-1.404979315111632e-07,0.26415884494781494,0.6232991218566895,-0.03170664608478546,0.34457650780677795,0.5495702624320984,-0.04685574024915695,0.43074730038642883,0.5428228974342346,-0.06305832415819168,0.49102020263671875,0.5754223465919495,-0.07767283171415329,0.42838436365127563,0.5419406890869141,-0.02541409060359001,0.5444498062133789,0.5199556350708008,-0.06255140900611877,0.6162620186805725,0.5209540724754333,-0.08451924473047256,0.6763458251953125,0.5226173996925354,-0.09835246205329895,0.4334457218647003,0.6187229752540588,-0.027292946353554726,0.4630213677883148,0.6358588933944702,-0.10389941185712814,0.3818890452384949,0.6595357060432434,-0.12036668509244919,0.31108033657073975,0.6722413301467896,-0.11029057204723358,0.42791104316711426,0.6884157657623291,-0.03326322138309479,0.42969298362731934,0.7011170387268066,-0.0978001207113266,0.3517223596572876,0.7119438052177429,-0.08735881000757217,0.2905544340610504,0.7093740105628967,-0.06042715162038803,0.40934133529663086,0.7491023540496826,-0.04262830689549446,0.40034061670303345,0.7645105123519897,-0.08326970040798187,0.3383679687976837,0.7579782605171204,-0.07606888562440872,0.2913084030151367,0.741355299949646,-0.05707581713795662
0.24029572308063507,0.7356184720993042,-1.6480130682339222e-07,0.2644435167312622,0.6208671927452087,-0.031489498913288116,0.34487780928611755,0.5480703711509705,-0.046658676117658615,0.4307020902633667,0.5409789085388184,-0.06296562403440475,0.4915061593055725,0.5682926177978516,-0.0777985230088234,0.43417245149612427,0.5372010469436646,-0.025877999141812325,0.5472434163093567,0.517586886882782,-0.0625983402132988,0.6173495054244995,0.5178523063659668,-0.08467722684144974,0.6758327484130859,0.5184243321418762,-0.09909220039844513,0.4400660991668701,0.61466383934021,-0.028613846749067307,0.4638842046260834,0.6330111622810364,-0.10453972965478897,0.3832903504371643,0.6552162766456604,-0.12135449796915054,0.3131752014160156,0.6664276123046875,-0.11237076669931412,0.4336569607257843,0.6859161257743835,-0.03546404093503952,0.4313224256038666,0.700887143611908,-0.0994359478354454,0.35252508521080017,0.7081895470619202,-0.08935414999723434,0.2914433181285858,0.7027373313903809,-0.06372825056314468,0.41394561529159546,0.7480154037475586,-0.04583905637264252,0.399220734834671,0.7668224573135376,-0.08718781173229218,0.33500051498413086,0.7573375701904297,-0.08113831281661987,0.28843584656715393,0.7385311722755432,-0.06350942701101303
0.2404102087020874,0.745948076248169,-1.5305029421597283e-07,0.2654697299003601,0.6250222325325012,-0.028916582465171814,0.3451930284500122,0.5516453981399536,-0.04234044998884201,0.4319937229156494,0.5465792417526245,-0.057892438024282455,0.49145808815956116,0.5774086117744446,-0.07212040573358536,0.4357466399669647,0.5417194366455078,-0.018856855109333992,0.5501907467842102,0.525219738483429,-0.05518810451030731,0.6219229102134705,0.5272009372711182,-0.07814710587263107,0.6809968948364258,0.5298479199409485,-0.09265049546957016,0.44030216336250305,0.6197240352630615,-0.022138772532343864,0.46531546115875244,0.6421716809272766,-0.09838670492172241,0.3846040964126587,0.6631634831428528,-0.11737773567438126,0.3128087520599365,0.673166811466217,-0.10894713550806046,0.43343979120254517,0.6904739141464233,-0.02938953973352909,0.4334116280078888,0.7057703733444214,-0.09420763701200485,0.3542529344558716,0.7142454981803894,-0.08560553938150406,0.29183056950569153,0.7109673023223877,-0.059446193277835846,0.41386324167251587,0.7509416341781616,-0.03975712135434151,0.4047468304634094,0.7672206163406372,-0.07992016524076462,0.3425231873989105,0.760855495929718,-0.07241364568471909,0.2958097457885742,0.745461106300354,-0.05281922221183777
0.23964695632457733,0.7460888624191284,-1.4223094524368207e-07,0.26551976799964905,0.624777615070343,-0.03053881786763668,0.34588977694511414,0.5514337420463562,-0.04471316188573837,0.4332095682621002,0.546920895576477,-0.060837164521217346,0.49293771386146545,0.5824445486068726,-0.07554019242525101,0.43407729268074036,0.5417638421058655,-0.01920470781624317,0.5490951538085938,0.5247518420219421,-0.05612204968929291,0.6209345459938049,0.5268203616142273,-0.07922923564910889,0.6805645227432251,0.5299073457717896,-0.093709297478199,0.43859556317329407,0.6192967295646667,-0.02171351946890354,0.46553340554237366,0.6406177282333374,-0.09949743747711182,0.384357213973999,0.662275493144989,-0.11913083493709564,0.3121034801006317,0.6733993887901306,-0.11044275015592575,0.43221715092658997,0.689563512802124,-0.028328465297818184,0.4334774315357208,0.7043715715408325,-0.09459379315376282,0.3538406193256378,0.714384138584137,-0.08637403696775436,0.2909015417098999,0.7130034565925598,-0.05962179973721504,0.4132131040096283,0.7496348023414612,-0.03815210610628128,0.40549230575561523,0.7648338079452515,-0.07926716655492783,0.343793660402298,0.759881854057312,-0.07200177758932114,0.29694339632987976,0.7465177178382874,-0.052051104605197906
0.23881325125694275,0.7457785606384277,-1.3125934117397264e-07,0.2644732594490051,0.6260042190551758,-0.03163100779056549,0.34491318464279175,0.5516493916511536,-0.045707203447818756,0.4324268698692322,0.5470796823501587,-0.061440806835889816,0.49213099479675293,0.58274906873703,-0.07556463032960892,0.4337362051010132,0.5420286655426025,-0.01913069747388363,0.5487039089202881,0.5247041583061218,-0.05611707642674446,0.620454728603363,0.5270577669143677,-0.07923277467489243,0.6799657344818115,0.5306872725486755,-0.09372887015342712,0.43779534101486206,0.6197425127029419,-0.02114620991051197,0.46661654114723206,0.641573429107666,-0.09894902259111404,0.385994553565979,0.6629859805107117,-0.11840713024139404,0.31430602073669434,0.6735122203826904,-0.10953996330499649,0.43120521306991577,0.689707338809967,-0.027524998411536217,0.43456336855888367,0.7043462991714478,-0.09387392550706863,0.355188250541687,0.7132470011711121,-0.08595936000347137,0.2929188013076782,0.7107453346252441,-0.05948513373732567,0.4120088517665863,0.7496983408927917,-0.03722892329096794,0.40453463792800903,0.7657139301300049,-0.07869436591863632,0.34218791127204895,0.7605137228965759,-0.07207808643579483,0.2961541712284088,0.7470155358314514,-0.052682068198919296
0.24040165543556213,0.7437928318977356,-1.5319551494030748e-07,0.2652105689048767,0.6252036094665527,-0.030745603144168854,0.3447616398334503,0.5514033436775208,-0.045032210648059845,0.4312810003757477,0.5466586351394653,-0.06113985925912857,0.491226464509964,0.580497145652771,-0.07581108808517456,0.434780478477478,0.5430590510368347,-0.020657215267419815,0.5492179989814758,0.5249345898628235,-0.05807677283883095,0.6210711002349854,0.527201771736145,-0.08120966702699661,0.6805192232131958,0.5302824378013611,-0.09553108364343643,0.43948423862457275,0.6203574538230896,-0.023311328142881393,0.46729469299316406,0.6410959362983704,-0.10065887868404388,0.3864035904407501,0.663166880607605,-0.11913149058818817,0.31467878818511963,0.6743869185447693,-0.10964563488960266,0.4331603944301605,0.6902351975440979,-0.030201826244592667,0.4350430965423584,0.7051527500152588,-0.09537257999181747,0.3561564087867737,0.7144735455513,-0.08615420758724213,0.2948969006538391,0.7121977806091309,-0.059136223047971725,0.41430118680000305,0.751246452331543,-0.04041454195976257,0.4073106050491333,0.7673019170761108,-0.08013413846492767,0.34554323554039,0.7602459192276001,-0.07222723960876465,0.29994386434555054,0.7449477910995483,-0.05229741707444191
0.24313004314899445,0.7435061931610107,-1.5727680136023992e-07,0.26861345767974854,0.6250572800636292,-0.02926265262067318,0.3484795391559601,0.551478385925293,-0.04238640516996384,0.43437057733535767,0.5485700964927673,-0.057633839547634125,0.49315184354782104,0.5850353240966797,-0.07151380181312561,0.4380445182323456,0.5431466698646545,-0.017517276108264923,0.5521392226219177,0.5256006717681885,-0.053937580436468124,0.6233371496200562,0.5282527208328247,-0.07639097422361374,0.6822164058685303,0.5318589210510254,-0.0900937020778656,0.4425642490386963,0.619727373123169,-0.020263785496354103,0.46859753131866455,0.6426457762718201,-0.09693735837936401,0.3875133991241455,0.6659605503082275,-0.11549947410821915,0.3161459267139435,0.6782242059707642,-0.1058277040719986,0.4364280104637146,0.6888055801391602,-0.027144066989421844,0.43806448578834534,0.7061138153076172,-0.09252943843603134,0.35811346769332886,0.7173923254013062,-0.08355822414159775,0.29619455337524414,0.717191755771637,-0.056136906147003174,0.4179757237434387,0.7485617995262146,-0.03711047023534775,0.41145941615104675,0.7661203145980835,-0.07702180743217468,0.34943056106567383,0.7617558240890503,-0.0689040869474411,0.3039053976535797,0.7494817972183228,-0.04836887866258621
0.24227310717105865,0.7460112571716309,-1.7341237423806888e-07,0.2667545676231384,0.6250140070915222,-0.030243845656514168,0.34611964225769043,0.5504013299942017,-0.0436866320669651,0.43322378396987915,0.5477362871170044,-0.058765143156051636,0.4932677745819092,0.5843150615692139,-0.07215486466884613,0.4382249116897583,0.5424878597259521,-0.018953686580061913,0.5520973801612854,0.5267568230628967,-0.05527369678020477,0.6237255334854126,0.5303753018379211,-0.07788969576358795,0.682988166809082,0.5345142483711243,-0.09212254732847214,0.44364139437675476,0.6203667521476746,-0.021089673042297363,0.46745574474334717,0.6427406072616577,-0.09700389206409454,0.3862342834472656,0.664549708366394,-0.115265853703022,0.31593117117881775,0.6751456260681152,-0.10619349032640457,0.4373883008956909,0.6905744075775146,-0.027444519102573395,0.43809378147125244,0.7066949605941772,-0.09145672619342804,0.35897353291511536,0.714407742023468,-0.08226700127124786,0.2979353666305542,0.7117231488227844,-0.05578302964568138,0.4183994233608246,0.7520902156829834,-0.037116847932338715,0.40928149223327637,0.7688971757888794,-0.07680977880954742,0.34726080298423767,0.760456383228302,-0.06976484507322311,0.30234426259994507,0.7444342970848083,-0.050537046045064926
0.24154824018478394,0.7457633018493652,-1.415721158082306e-07,0.2654877007007599,0.6236885786056519,-0.031586721539497375,0.3426339030265808,0.5506393313407898,-0.04629466310143471,0.4301413893699646,0.5483700633049011,-0.06268089264631271,0.4908478558063507,0.5814118385314941,-0.07744681090116501,0.43652528524398804,0.5386267900466919,-0.019923437386751175,0.5515100359916687,0.5222843289375305,-0.05726433917880058,0.6235494613647461,0.525540292263031,-0.08161026984453201,0.6837784051895142,0.530105471611023,-0.09728826582431793,0.44080227613449097,0.6177234649658203,-0.022022468969225883,0.4644853174686432,0.6419704556465149,-0.09938449412584305,0.38395723700523376,0.6627611517906189,-0.1199260801076889,0.31369248032569885,0.6726542115211487,-0.1128050908446312,0.4339298903942108,0.6894128918647766,-0.028408635407686234,0.436493456363678,0.7058780193328857,-0.09370887279510498,0.3572034239768982,0.7126960158348083,-0.08588220924139023,0.2948193848133087,0.709013819694519,-0.060551729053258896,0.41443800926208496,0.7514487504959106,-0.038261428475379944,0.40469661355018616,0.7686876654624939,-0.07979217916727066,0.3416268229484558,0.7609853148460388,-0.07392043620347977,0.2953329086303711,0.7452803254127502,-0.05537528172135353
0.24009911715984344,0.7471342086791992,-1.2495061696427e-07,0.2633918821811676,0.6243822574615479,-0.031684983521699905,0.3404686748981476,0.5495481491088867,-0.04718440771102905,0.42787957191467285,0.5452474355697632,-0.06440287083387375,0.48960646986961365,0.5777932405471802,-0.08027893304824829,0.43376320600509644,0.5369961261749268,-0.02111959271132946,0.5494095683097839,0.5203469395637512,-0.058232296258211136,0.6217492818832397,0.523207426071167,-0.08163481950759888,0.6817672252655029,0.5269337296485901,-0.096344955265522,0.43959322571754456,0.6157857179641724,-0.023400582373142242,0.4651709794998169,0.6389496922492981,-0.10075535625219345,0.3851245045661926,0.6615752577781677,-0.12036418169736862,0.31369632482528687,0.6729558110237122,-0.11212445050477982,0.4335615634918213,0.6866815090179443,-0.029868431389331818,0.4345901906490326,0.7038161754608154,-0.09574980288743973,0.3553432524204254,0.7133973836898804,-0.08756547421216965,0.29218578338623047,0.710704505443573,-0.06138818338513374,0.41473764181137085,0.748059868812561,-0.03967135027050972,0.40565425157546997,0.765342652797699,-0.08079861104488373,0.3426809310913086,0.7600613236427307,-0.073752760887146,0.29466208815574646,0.7450248003005981,-0.05417056381702423
0.2399645298719406,0.7466566562652588,-1.1122462950652334e-07,0.264898419380188,0.6219659447669983,-0.030463166534900665,0.34084755182266235,0.5462362170219421,-0.04517527297139168,0.42809614539146423,0.54290771484375,-0.06195725500583649,0.4896891415119171,0.5780389308929443,-0.0770840048789978,0.43260934948921204,0.5349444150924683,-0.018018411472439766,0.5484116673469543,0.5168907046318054,-0.05532097816467285,0.6210840940475464,0.5191856026649475,-0.07920888066291809,0.6811632513999939,0.5222998261451721,-0.09427105635404587,0.43788591027259827,0.6136317849159241,-0.020679835230112076,0.4660320281982422,0.6359081864356995,-0.09895089268684387,0.38600003719329834,0.6593490839004517,-0.119597889482975,0.3135347366333008,0.6710228323936462,-0.11170034855604172,0.4324888288974762,0.6845267415046692,-0.027588045224547386,0.4345594048500061,0.7006409764289856,-0.09386659413576126,0.354897677898407,0.7101621627807617,-0.08654266595840454,0.29049694538116455,0.707002580165863,-0.06059224531054497,0.4138934910297394,0.7451964616775513,-0.037779729813337326,0.404130220413208,0.7625743746757507,-0.07908234000205994,0.3409441411495209,0.7568912506103516,-0.07274327427148819,0.2925887107849121,0.741249680519104,-0.0535040907561779
0.23797811567783356,0.7396750450134277,-1.2693084272541455e-07,0.2638491988182068,0.6196367144584656,-0.03092491813004017,0.34250408411026,0.5473118424415588,-0.04649059474468231,0.4295564889907837,0.5439783334732056,-0.06380350887775421,0.4917619228363037,0.5726343989372253,-0.07971774786710739,0.43307650089263916,0.5347235798835754,-0.0233740396797657,0.5481421947479248,0.5159005522727966,-0.06250585615634918,0.6208128929138184,0.5179262757301331,-0.08736992627382278,0.6806109547615051,0.520990788936615,-0.1028539314866066,0.4380365014076233,0.6150904297828674,-0.026570579037070274,0.4656192660331726,0.6347264051437378,-0.10525207966566086,0.3845444619655609,0.6546810269355774,-0.1248205155134201,0.31202831864356995,0.6640517711639404,-0.11658961325883865,0.43098774552345276,0.6874201893806458,-0.03394666686654091,0.43201228976249695,0.701481282711029,-0.10070963948965073,0.35088109970092773,0.708418607711792,-0.0921991690993309,0.2871571481227875,0.7029625177383423,-0.0659143254160881,0.4108894169330597,0.7495439648628235,-0.04455513879656792,0.4012523889541626,0.7664163708686829,-0.08563737571239471,0.3372720181941986,0.757160484790802,-0.07794220000505447,0.28918689489364624,0.7382009029388428,-0.05823863670229912
0.2397966980934143,0.7375726699829102,-1.2473022081849194e-07,0.2633562982082367,0.6160975098609924,-0.033365651965141296,0.34059417247772217,0.5414813756942749,-0.05037510395050049,0.42777493596076965,0.5387622714042664,-0.06892209500074387,0.48831650614738464,0.5742850303649902,-0.08592692017555237,0.43450307846069336,0.5334575176239014,-0.0254830215126276,0.5505658388137817,0.5155295133590698,-0.06370430439710617,0.6226819753646851,0.5186408758163452,-0.0874265804886818,0.6828784942626953,0.5225139856338501,-0.10264366120100021,0.4390382766723633,0.6124891042709351,-0.02768261544406414,0.4627994894981384,0.6348596215248108,-0.10642963647842407,0.3819861114025116,0.6546272039413452,-0.12562404572963715,0.31079593300819397,0.6639977693557739,-0.11732397973537445,0.43214061856269836,0.6838779449462891,-0.0341893807053566,0.43207216262817383,0.7005952596664429,-0.10069552063941956,0.3526906371116638,0.7073664665222168,-0.0919957160949707,0.289839506149292,0.702491283416748,-0.06581432372331619,0.4120543301105499,0.7458077669143677,-0.04428131505846977,0.401449590921402,0.7635694146156311,-0.08673467487096786,0.33856937289237976,0.7548660635948181,-0.08060722798109055,0.29130420088768005,0.7374187707901001,-0.061794061213731766
0.23832707107067108,0.7381202578544617,-1.3084213890124374e-07,0.2621806561946869,0.6173694729804993,-0.03392323851585388,0.3391839265823364,0.5438313484191895,-0.049580130726099014,0.4263005256652832,0.5390244126319885,-0.06654921174049377,0.4881840646266937,0.570533812046051,-0.08166497200727463,0.43270519375801086,0.530059814453125,-0.020716559141874313,0.5478192567825317,0.5135654211044312,-0.058274850249290466,0.6195038557052612,0.516204833984375,-0.08179310709238052,0.6790390014648438,0.5194403529167175,-0.09674698114395142,0.4371365010738373,0.6087508201599121,-0.02215539664030075,0.46352601051330566,0.6334111094474792,-0.10140196979045868,0.3822302222251892,0.6539215445518494,-0.12186074256896973,0.31062018871307373,0.662922739982605,-0.1137085035443306,0.4302152097225189,0.6795186400413513,-0.028166580945253372,0.4312072992324829,0.6972475647926331,-0.09565936774015427,0.35134631395339966,0.7032988667488098,-0.088373564183712,0.2894291281700134,0.6978915929794312,-0.062461309134960175,0.4104406237602234,0.7403684258460999,-0.03774802014231682,0.3987285792827606,0.7586793899536133,-0.08050574362277985,0.33560898900032043,0.7514180541038513,-0.07513799518346786,0.28950923681259155,0.7350910902023315,-0.05657413229346275
0.2236786037683487,0.7347105741500854,-1.2004011296085082e-07,0.24427157640457153,0.6122255325317383,-0.03352917730808258,0.3170069456100464,0.5374501347541809,-0.048788901418447495,0.39923742413520813,0.5252305865287781,-0.06562276184558868,0.46142661571502686,0.5493804216384888,-0.08075267821550369,0.41141852736473083,0.5157307386398315,-0.016198066994547844,0.5228718519210815,0.4970566928386688,-0.05437220260500908,0.5936226844787598,0.4987134635448456,-0.07899230718612671,0.6527310013771057,0.503113865852356,-0.09380105882883072,0.4219943881034851,0.5893511176109314,-0.016690237447619438,0.43996158242225647,0.6137190461158752,-0.09490186721086502,0.35990193486213684,0.6368433237075806,-0.11682387441396713,0.29095935821533203,0.6508738994598389,-0.10939832776784897,0.4201381504535675,0.6553383469581604,-0.021976947784423828,0.4105091691017151,0.6763634085655212,-0.08894506096839905,0.33201533555984497,0.6875244379043579,-0.08361135423183441,0.2713913917541504,0.6869864463806152,-0.05839437618851662,0.40468528866767883,0.7116517424583435,-0.03083464875817299,0.38635021448135376,0.7335367202758789,-0.0724438950419426,0.32338571548461914,0.7318963408470154,-0.0671846866607666,0.2769160270690918,0.7189736366271973,-0.04797456040978432
0.2222478985786438,0.7374208569526672,-7.522137934756756e-08,0.2410666048526764,0.6176384687423706,-0.03808093070983887,0.31026244163513184,0.5424155592918396,-0.05592357739806175,0.392962247133255,0.5253075957298279,-0.07483143359422684,0.4582596719264984,0.5437024235725403,-0.09185981750488281,0.4054015576839447,0.5139312148094177,-0.016896994784474373,0.5164820551872253,0.4924779236316681,-0.05684429407119751,0.5879644155502319,0.492925226688385,-0.08286437392234802,0.6482346057891846,0.4962861239910126,-0.09840498119592667,0.41671985387802124,0.5870585441589355,-0.016073444858193398,0.43969303369522095,0.6075201034545898,-0.09717990458011627,0.36069491505622864,0.6336422562599182,-0.12085097283124924,0.2917152941226959,0.6497816443443298,-0.11361899971961975,0.4160432815551758,0.6529826521873474,-0.020668186247348785,0.4110647737979889,0.6731579899787903,-0.09141992032527924,0.3318144381046295,0.6876927614212036,-0.08690375089645386,0.2703760862350464,0.6887253522872925,-0.06083788722753525,0.4018414318561554,0.7098224759101868,-0.02903102897107601,0.3881545066833496,0.7304068803787231,-0.07355727255344391,0.325558602809906,0.7318005561828613,-0.06874298304319382,0.2781507968902588,0.7208333015441895,-0.0489640012383461
0.22429397702217102,0.7300467491149902,-3.231816947391053e-08,0.2422640323638916,0.6151505708694458,-0.04002302139997482,0.3090411126613617,0.5424404144287109,-0.05908321216702461,0.39008834958076477,0.5264593958854675,-0.07948913425207138,0.4559829831123352,0.540932834148407,-0.0983019545674324,0.40878528356552124,0.5075900554656982,-0.014382045716047287,0.5184428691864014,0.4894503355026245,-0.055319156497716904,0.5898840427398682,0.49200570583343506,-0.08311910927295685,0.6495407223701477,0.4977913200855255,-0.09981183707714081,0.4183764159679413,0.581821858882904,-0.013764515519142151,0.43943074345588684,0.6050641536712646,-0.09687841683626175,0.35927650332450867,0.6325548887252808,-0.12302443385124207,0.2905941903591156,0.6502330303192139,-0.11692946404218674,0.4164274334907532,0.6484540104866028,-0.019083475694060326,0.4119611382484436,0.6687268614768982,-0.09228002279996872,0.3319334387779236,0.6840051412582397,-0.08917980641126633,0.27159929275512695,0.686556875705719,-0.0633099302649498,0.40206408500671387,0.7071499824523926,-0.028202831745147705,0.3893391191959381,0.7244959473609924,-0.07506018131971359,0.32591262459754944,0.7285606265068054,-0.07045404613018036,0.2799147963523865,0.72125244140625,-0.0500500462949276
0.22618252038955688,0.7324796915054321,-5.494991128784932e-08,0.2399301528930664,0.615556001663208,-0.036707449704408646,0.305921733379364,0.5422062873840332,-0.054799649864435196,0.3873448669910431,0.5237011909484863,-0.07466330379247665,0.45409107208251953,0.5351561307907104,-0.09319757670164108,0.4075963795185089,0.5069441199302673,-0.013679200783371925,0.5180090069770813,0.48772478103637695,-0.05261644721031189,0.5891352295875549,0.4900589883327484,-0.07920891791582108,0.6480993032455444,0.4953506886959076,-0.0952782854437828,0.41963550448417664,0.5802403688430786,-0.013998961076140404,0.4377720355987549,0.6029611229896545,-0.0939503014087677,0.36028873920440674,0.6307277083396912,-0.11924884468317032,0.2926813066005707,0.6484853029251099,-0.11376640200614929,0.4182164967060089,0.6466109752655029,-0.01961858570575714,0.4118006229400635,0.6652947664260864,-0.09064194560050964,0.33208468556404114,0.6822168231010437,-0.08714744448661804,0.2706422805786133,0.6850194931030273,-0.06194726377725601,0.40378856658935547,0.7039658427238464,-0.02869315817952156,0.3888634443283081,0.7221184968948364,-0.0741163045167923,0.3261350095272064,0.72624671459198,-0.06905169039964676,0.2786116600036621,0.7176108956336975,-0.04888656735420227
0.2259945571422577,0.7290422320365906,-5.3290349910639634e-08,0.23985354602336884,0.6130927801132202,-0.03836235776543617,0.3072928786277771,0.5390918254852295,-0.056888189166784286,0.38898178935050964,0.5225192904472351,-0.0764336809515953,0.455173134803772,0.5328224897384644,-0.09447715431451797,0.408051997423172,0.5031923055648804,-0.017853617668151855,0.5181024074554443,0.4847547709941864,-0.05701872706413269,0.5887269973754883,0.48757436871528625,-0.08355258405208588,0.647187352180481,0.49293971061706543,-0.09973481297492981,0.41903039813041687,0.5771363377571106,-0.017213093116879463,0.43676528334617615,0.6035476326942444,-0.09661074727773666,0.35914671421051025,0.6315681338310242,-0.12113619595766068,0.29242610931396484,0.647898256778717,-0.11571396142244339,0.41741201281547546,0.6434443593025208,-0.021860454231500626,0.41073548793792725,0.6632490754127502,-0.09153412282466888,0.3317834436893463,0.6795655488967896,-0.08749883621931076,0.27160781621932983,0.6815118789672852,-0.06278084963560104,0.403329074382782,0.7013223767280579,-0.030174102634191513,0.3864867687225342,0.7179298400878906,-0.07497935742139816,0.32404109835624695,0.7231264114379883,-0.06992482393980026,0.2786867320537567,0.7160744667053223,-0.05015888437628746
0.22739826142787933,0.7259002327919006,-7.681793334768372e-08,0.24040545523166656,0.6105725169181824,-0.03520519658923149,0.30970457196235657,0.5375450849533081,-0.052172672003507614,0.3917723596096039,0.5218150019645691,-0.07081446051597595,0.45762354135513306,0.5292527675628662,-0.0882139578461647,0.4103263318538666,0.5013373494148254,-0.014879564754664898,0.5202866792678833,0.48328882455825806,-0.052969615906476974,0.5906009078025818,0.48688700795173645,-0.07855461537837982,0.6486748456954956,0.49269357323646545,-0.09403207153081894,0.4199047386646271,0.575817346572876,-0.015838617458939552,0.4395526945590973,0.6001260876655579,-0.09465520828962326,0.3615988492965698,0.6274843811988831,-0.11897480487823486,0.2941233813762665,0.6434850692749023,-0.11317083984613419,0.4178745746612549,0.6424205899238586,-0.021818792447447777,0.413166344165802,0.6605485677719116,-0.09176859259605408,0.33220890164375305,0.6777262091636658,-0.08791980147361755,0.271303653717041,0.6805599927902222,-0.0629458799958229,0.4041770398616791,0.7011816501617432,-0.031044552102684975,0.3883485794067383,0.7148340940475464,-0.07620012015104294,0.3238586187362671,0.7213836908340454,-0.07096341997385025,0.2783598005771637,0.7161241173744202,-0.05093597620725632
0.2285030633211136,0.7263098955154419,-1.0487790547131226e-07,0.23969002068042755,0.6088852286338806,-0.03141949325799942,0.310098260641098,0.5351045727729797,-0.04603620618581772,0.3933788239955902,0.5215178728103638,-0.06276049464941025,0.4584364891052246,0.5277459025382996,-0.07829055935144424,0.41120168566703796,0.5018502473831177,-0.011946088634431362,0.5206879377365112,0.4829031229019165,-0.04878980666399002,0.5903137922286987,0.4865524172782898,-0.07419492304325104,0.6478951573371887,0.49192190170288086,-0.08991789817810059,0.4197847843170166,0.5759254097938538,-0.014394961297512054,0.4399563670158386,0.599949061870575,-0.09131807088851929,0.36234548687934875,0.629344642162323,-0.11511297523975372,0.2957794666290283,0.6457882523536682,-0.10988165438175201,0.41664886474609375,0.6424737572669983,-0.021569199860095978,0.41401365399360657,0.6596400737762451,-0.0894274190068245,0.3328559696674347,0.6775538325309753,-0.08449972420930862,0.27282482385635376,0.679876983165741,-0.059873804450035095,0.4019434452056885,0.7008888125419617,-0.03176428750157356,0.38753899931907654,0.7153078317642212,-0.07484167814254761,0.3233325481414795,0.7208065986633301,-0.06858133524656296,0.2788466513156891,0.7134950160980225,-0.04874468967318535
0.227341890335083,0.7244263887405396,-7.22085999882438e-08,0.23965328931808472,0.6090145707130432,-0.03489551320672035,0.30979350209236145,0.5356743335723877,-0.05112292990088463,0.392886757850647,0.5188726782798767,-0.06891243904829025,0.4588172137737274,0.5244476795196533,-0.0854029580950737,0.40951377153396606,0.49994921684265137,-0.013422677293419838,0.5199413299560547,0.48291248083114624,-0.05098352208733559,0.5899561643600464,0.4877263009548187,-0.07672571390867233,0.6481002569198608,0.49414777755737305,-0.09249824285507202,0.4182467460632324,0.5744969844818115,-0.014216319657862186,0.440025269985199,0.5963165760040283,-0.09266144782304764,0.36159247159957886,0.625849723815918,-0.11688530445098877,0.2946881055831909,0.6430480480194092,-0.11123914271593094,0.4154692590236664,0.6408727169036865,-0.020044635981321335,0.41418176889419556,0.6558303236961365,-0.08974191546440125,0.33286452293395996,0.6741164922714233,-0.08499927073717117,0.27279114723205566,0.6770399808883667,-0.05957301706075668,0.4012724757194519,0.6985253095626831,-0.029063500463962555,0.38954147696495056,0.7111492156982422,-0.0736095979809761,0.3264653980731964,0.7174838781356812,-0.06742160022258759,0.281886488199234,0.7109063267707825,-0.04694686084985733
0.22813056409358978,0.7242553234100342,-7.235743026967612e-08,0.2401300072669983,0.6077926158905029,-0.03459053114056587,0.30966559052467346,0.5344548225402832,-0.050385717302560806,0.3927042484283447,0.5204854607582092,-0.0678827315568924,0.45803695917129517,0.5267760753631592,-0.08393531292676926,0.409381240606308,0.4995420277118683,-0.011969020590186119,0.519493818283081,0.4809972047805786,-0.04952852427959442,0.5897019505500793,0.48516303300857544,-0.07548568397760391,0.6477624177932739,0.49100202322006226,-0.09133956581354141,0.41764503717422485,0.5740147829055786,-0.012946476228535175,0.4400695562362671,0.5978384613990784,-0.09137273579835892,0.36250928044319153,0.6270304918289185,-0.11611463129520416,0.2966573238372803,0.6426153779029846,-0.11070846021175385,0.41523367166519165,0.6401504874229431,-0.019011184573173523,0.4156394302845001,0.6566445827484131,-0.08858653903007507,0.33461126685142517,0.6749306917190552,-0.08403389155864716,0.27551034092903137,0.6771955490112305,-0.05856519192457199,0.40174323320388794,0.6982151865959167,-0.02825024351477623,0.39212632179260254,0.7106736898422241,-0.07227982580661774,0.32992905378341675,0.7177545428276062,-0.0655667632818222,0.2868993282318115,0.7119628190994263,-0.04460826888680458
0.22867202758789062,0.7228797078132629,-8.769805504016404e-08,0.24336984753608704,0.6060375571250916,-0.032460592687129974,0.3137608468532562,0.5327291488647461,-0.04771993309259415,0.39630571007728577,0.5218340158462524,-0.06521212309598923,0.46158477663993835,0.5299896001815796,-0.08162537962198257,0.4102347493171692,0.497850239276886,-0.010604223236441612,0.5184141993522644,0.4808596670627594,-0.047323308885097504,0.5882417559623718,0.48546433448791504,-0.07246661931276321,0.6461055278778076,0.49180084466934204,-0.08771705627441406,0.42100438475608826,0.5711480379104614,-0.012385085225105286,0.43899938464164734,0.596818208694458,-0.08924990147352219,0.36230146884918213,0.6257757544517517,-0.11351636797189713,0.2966538965702057,0.6413021683692932,-0.10795685648918152,0.4196043312549591,0.6364598274230957,-0.019041990861296654,0.4142422080039978,0.6563186049461365,-0.08702510595321655,0.3335702419281006,0.6743263006210327,-0.082842618227005,0.2736749053001404,0.6759689450263977,-0.05784649774432182,0.406210333108902,0.6943250298500061,-0.02879646047949791,0.3909643292427063,0.7081208825111389,-0.07178111374378204,0.32844486832618713,0.714385986328125,-0.06540712714195251,0.28436651825904846,0.7067787647247314,-0.04474738985300064
0.2304002046585083,0.7228776812553406,-7.552502978569464e-08,0.24349384009838104,0.6043359041213989,-0.03173752874135971,0.3142614960670471,0.5311427116394043,-0.04658820852637291,0.3969882130622864,0.5215950012207031,-0.06373772770166397,0.46073564887046814,0.5322946310043335,-0.07977260649204254,0.4092257022857666,0.49862927198410034,-0.010705972090363503,0.5182257890701294,0.47994646430015564,-0.04659358412027359,0.587709367275238,0.48385947942733765,-0.07108214497566223,0.6452071666717529,0.48978519439697266,-0.086113341152668,0.41828230023384094,0.5721173286437988,-0.012776569463312626,0.4398483633995056,0.5959769487380981,-0.08838634192943573,0.36452919244766235,0.623672366142273,-0.11167386174201965,0.299521803855896,0.6387882828712463,-0.10613676905632019,0.41615694761276245,0.6378660202026367,-0.019684627652168274,0.4160115718841553,0.6540272831916809,-0.08656230568885803,0.3367823362350464,0.6718410849571228,-0.08164229243993759,0.27752038836479187,0.674512505531311,-0.05686405301094055,0.40262946486473083,0.6964185237884521,-0.02963828667998314,0.39328232407569885,0.7079378366470337,-0.07179617881774902,0.332211434841156,0.7142271399497986,-0.06496869772672653,0.28844451904296875,0.708355188369751,-0.044652633368968964
0.23160482943058014,0.7187116742134094,-7.552743852556887e-08,0.24807076156139374,0.602636992931366,-0.03127647191286087,0.31753161549568176,0.5306396484375,-0.04559075087308884,0.3995831608772278,0.5225313305854797,-0.06252147257328033,0.462491512298584,0.5372932553291321,-0.07817874103784561,0.4133635461330414,0.4984171986579895,-0.0068972911685705185,0.5208856463432312,0.48122674226760864,-0.04224654287099838,0.5897182822227478,0.48558372259140015,-0.06688062101602554,0.6462669968605042,0.49174097180366516,-0.08218789845705032,0.4212651550769806,0.572067141532898,-0.009247662499547005,0.441797137260437,0.5958483815193176,-0.08449306339025497,0.36691221594810486,0.6232824325561523,-0.10875850915908813,0.3021901845932007,0.6378040313720703,-0.10373552143573761,0.41821685433387756,0.6377719640731812,-0.01659340225160122,0.41651374101638794,0.6550237536430359,-0.08318205922842026,0.3379601240158081,0.672156572341919,-0.07942204922437668,0.2791741192340851,0.6733921766281128,-0.05526210367679596,0.40349480509757996,0.6963701844215393,-0.02698221057653427,0.39274048805236816,0.7083282470703125,-0.06897974759340286,0.33199799060821533,0.7133052349090576,-0.06263265758752823,0.2887951731681824,0.7054986953735352,-0.042517077177762985
0.23397956788539886,0.7237871885299683,-5.440193362460377e-08,0.25233376026153564,0.6072553992271423,-0.033499591052532196,0.31975066661834717,0.5338732004165649,-0.049268223345279694,0.4025765657424927,0.5262840986251831,-0.06709708273410797,0.46643128991127014,0.5497279763221741,-0.08347027003765106,0.40931272506713867,0.5063064098358154,-0.009820247069001198,0.5192548632621765,0.4873519837856293,-0.04694841057062149,0.5898560881614685,0.49064305424690247,-0.07202811539173126,0.6487078070640564,0.49554911255836487,-0.08754032850265503,0.41742005944252014,0.5777461528778076,-0.011049281805753708,0.44484972953796387,0.600536584854126,-0.08859320729970932,0.3702966272830963,0.628748893737793,-0.1126125380396843,0.30574360489845276,0.6440104246139526,-0.10691779106855392,0.41606539487838745,0.6411747932434082,-0.01755753718316555,0.4205731153488159,0.6604661345481873,-0.0857638418674469,0.34252774715423584,0.6757960319519043,-0.0821230486035347,0.28309565782546997,0.6765705347061157,-0.05766717717051506,0.4029747545719147,0.6985734701156616,-0.027388010174036026,0.39382365345954895,0.7129589915275574,-0.0706217810511589,0.33334097266197205,0.7171565294265747,-0.06574824452400208,0.28943705558776855,0.7093409299850464,-0.04672176018357277
0.23440460860729218,0.7246387004852295,-3.659561187419058e-08,0.25406956672668457,0.6069589853286743,-0.03243361786007881,0.3216699957847595,0.5354026556015015,-0.04712666943669319,0.4038207530975342,0.5293548107147217,-0.0641290619969368,0.46589183807373047,0.5515843629837036,-0.07983244210481644,0.4122200310230255,0.5065449476242065,-0.006737144198268652,0.5201035737991333,0.48857569694519043,-0.04314199090003967,0.5897283554077148,0.4921654164791107,-0.06858503073453903,0.6475682258605957,0.4976910650730133,-0.08426843583583832,0.41979092359542847,0.5794337391853333,-0.008105868473649025,0.44558626413345337,0.6015167832374573,-0.0844946876168251,0.37087467312812805,0.6272436380386353,-0.1094728484749794,0.3056403398513794,0.6409592628479004,-0.1044844537973404,0.41749390959739685,0.6437712907791138,-0.014667551964521408,0.42072927951812744,0.6614578366279602,-0.08257227391004562,0.341829389333725,0.676265299320221,-0.08014215528964996,0.2812539041042328,0.6768277287483215,-0.056236740201711655,0.4029712378978729,0.7002149224281311,-0.024360716342926025,0.3943099081516266,0.7142573595046997,-0.06788481026887894,0.332977294921875,0.7180919647216797,-0.06318552792072296,0.2881883382797241,0.7098938822746277,-0.043884363025426865
0.22886992990970612,0.7311962246894836,-7.279451352815158e-08,0.24875839054584503,0.6120182275772095,-0.03007049858570099,0.3184686303138733,0.5396813750267029,-0.04447340592741966,0.400802880525589,0.535628080368042,-0.06173529103398323,0.46027445793151855,0.5634214282035828,-0.07777475565671921,0.4080738425254822,0.5163475871086121,-0.009394606575369835,0.5163587331771851,0.49383544921875,-0.04474671185016632,0.5842291116714478,0.4930793046951294,-0.06869050115346909,0.6405700445175171,0.4945860207080841,-0.08385393023490906,0.414686381816864,0.5899615287780762,-0.012682394124567509,0.44198721647262573,0.6121048927307129,-0.0876162126660347,0.36804646253585815,0.6321987509727478,-0.11091470718383789,0.3025715947151184,0.6404770016670227,-0.10580167919397354,0.4111952781677246,0.6547421813011169,-0.020746175199747086,0.4136645197868347,0.6732964515686035,-0.08600335568189621,0.33672353625297546,0.6814027428627014,-0.08297981321811676,0.2765565812587738,0.6761786341667175,-0.06033819913864136,0.394924521446228,0.7102643847465515,-0.031995080411434174,0.38434484601020813,0.7261810302734375,-0.07330840080976486,0.32347169518470764,0.725532054901123,-0.06867745518684387,0.2780240774154663,0.7140854001045227,-0.050769198685884476
0.2347845435142517,0.7279626727104187,-1.003343399474943e-07,0.25338077545166016,0.6090843081474304,-0.029790297150611877,0.3223534822463989,0.5374415516853333,-0.04481299966573715,0.40345147252082825,0.5345631837844849,-0.06240013614296913,0.4630734324455261,0.5599849820137024,-0.07871795445680618,0.41364234685897827,0.5152416229248047,-0.013585176318883896,0.5202484130859375,0.4873057007789612,-0.049657028168439865,0.5881075859069824,0.4821763038635254,-0.07367806136608124,0.6446028351783752,0.479830265045166,-0.08888440579175949,0.4215402901172638,0.5889000296592712,-0.01698906347155571,0.4457414746284485,0.609907865524292,-0.0923675000667572,0.3710244297981262,0.6309666633605957,-0.11499574780464172,0.30487605929374695,0.6406357288360596,-0.10952300578355789,0.4183715283870697,0.6540996432304382,-0.02485896460711956,0.4170725345611572,0.6714842319488525,-0.09029718488454819,0.339895099401474,0.680581271648407,-0.08641993999481201,0.27982163429260254,0.6765181422233582,-0.06327939033508301,0.4018227756023407,0.70984947681427,-0.03578679636120796,0.38963332772254944,0.7255859971046448,-0.07691885530948639,0.3283991813659668,0.7240424752235413,-0.07174008339643478,0.2829415798187256,0.7112951874732971,-0.05355304107069969
0.233856201171875,0.7289952039718628,-1.0205546630004392e-07,0.2516824007034302,0.609561562538147,-0.031026547774672508,0.32060307264328003,0.5383692383766174,-0.04603283852338791,0.40231990814208984,0.5353114008903503,-0.06327194720506668,0.4617149829864502,0.562044620513916,-0.07896588742733002,0.4117276072502136,0.5188351273536682,-0.013154436834156513,0.5188307166099548,0.48908519744873047,-0.04827588051557541,0.5863348841667175,0.48281681537628174,-0.07140856981277466,0.6429083943367004,0.48019492626190186,-0.08618868887424469,0.41895410418510437,0.5919430255889893,-0.01574775204062462,0.44486773014068604,0.6117563843727112,-0.09077313542366028,0.3709292709827423,0.6308254599571228,-0.11318772286176682,0.30586370825767517,0.6399176716804504,-0.10752253979444504,0.4150031805038452,0.6563271284103394,-0.022903289645910263,0.4159379005432129,0.6728160381317139,-0.0882730484008789,0.3394530415534973,0.6798349618911743,-0.08471691608428955,0.28025805950164795,0.6753042936325073,-0.061789620667696,0.39811113476753235,0.7112352848052979,-0.033212531358003616,0.3865715265274048,0.7262167930603027,-0.07426831871271133,0.32625889778137207,0.7240264415740967,-0.06957795470952988,0.2815704345703125,0.7121262550354004,-0.05183715373277664
0.23330549895763397,0.7300090193748474,-1.1031855962073678e-07,0.24935826659202576,0.6110077500343323,-0.030777405947446823,0.31787872314453125,0.5394471883773804,-0.04651429504156113,0.3995248079299927,0.5366784334182739,-0.06451001763343811,0.45959368348121643,0.5615012049674988,-0.08122815191745758,0.4120318591594696,0.5186002254486084,-0.016234727576375008,0.5182949304580688,0.4885879456996918,-0.052085570991039276,0.5857560634613037,0.4827331602573395,-0.07564212381839752,0.6419916152954102,0.4799969494342804,-0.09062626212835312,0.41979360580444336,0.5914912819862366,-0.019414983689785004,0.4435550570487976,0.612837553024292,-0.09495428949594498,0.3689485490322113,0.6331307291984558,-0.1171933263540268,0.30297476053237915,0.6425055861473083,-0.11148450523614883,0.41578084230422974,0.6558327674865723,-0.026938915252685547,0.4142785370349884,0.6744883060455322,-0.09281761199235916,0.33712777495384216,0.6830438375473022,-0.08858560025691986,0.2774837017059326,0.679110050201416,-0.06518671661615372,0.39845383167266846,0.7103307843208313,-0.03755969926714897,0.38661497831344604,0.7271472215652466,-0.07887933403253555,0.3259308338165283,0.7255326509475708,-0.07347890734672546,0.280692994594574,0.7134256362915039,-0.055184174329042435
0.23440352082252502,0.7276003360748291,-9.347500906642381e-08,0.250751793384552,0.6116599440574646,-0.030906084924936295,0.32046401500701904,0.542931318283081,-0.046137724071741104,0.4031789302825928,0.5422226786613464,-0.06363462656736374,0.46275877952575684,0.5670973658561707,-0.07959391921758652,0.411413311958313,0.5183937549591064,-0.014202273450791836,0.5199956297874451,0.4895711839199066,-0.049069322645664215,0.5878898501396179,0.48394253849983215,-0.07124387472867966,0.6446516513824463,0.4811859726905823,-0.08531838655471802,0.4172589182853699,0.5918337106704712,-0.017135359346866608,0.4477806091308594,0.6150980591773987,-0.0915389284491539,0.3728889226913452,0.6375420689582825,-0.11197780072689056,0.3078474700450897,0.6478136777877808,-0.10495645552873611,0.4124565124511719,0.6572940349578857,-0.024703437462449074,0.41792452335357666,0.6771351099014282,-0.08877179771661758,0.3406839966773987,0.6851911544799805,-0.08291347324848175,0.28283369541168213,0.6805726289749146,-0.058912891894578934,0.394871324300766,0.7145552635192871,-0.03548095002770424,0.386981338262558,0.7312576174736023,-0.07432673126459122,0.327111154794693,0.7275831699371338,-0.06792914867401123,0.28448840975761414,0.713589072227478,-0.04965503513813019
0.2333156317472458,0.7319074869155884,-6.95824127205924e-08,0.25178804993629456,0.6162354350090027,-0.03228801488876343,0.3211277723312378,0.5461611747741699,-0.047356460243463516,0.40356898307800293,0.5448346734046936,-0.06450624018907547,0.46268540620803833,0.5717373490333557,-0.08005059510469437,0.41191694140434265,0.5186308026313782,-0.01185919251292944,0.5201087594032288,0.4903757572174072,-0.047737523913383484,0.5882742404937744,0.48449617624282837,-0.07153259217739105,0.6454898118972778,0.4822792708873749,-0.08663784712553024,0.4170059561729431,0.5923243165016174,-0.014102546498179436,0.44955670833587646,0.6169413328170776,-0.09095963090658188,0.3737422227859497,0.6421341896057129,-0.11377381533384323,0.30746617913246155,0.6541019678115845,-0.10738172382116318,0.4123246371746063,0.6579750180244446,-0.02118968963623047,0.4199800193309784,0.6785879135131836,-0.08848735690116882,0.34156689047813416,0.688904881477356,-0.08435472846031189,0.2819259762763977,0.6853960752487183,-0.0600631982088089,0.395227313041687,0.7142131924629211,-0.031422633677721024,0.3893354833126068,0.7317979335784912,-0.07309586554765701,0.32786792516708374,0.7316319346427917,-0.06739538162946701,0.2836361527442932,0.7200535535812378,-0.04855863004922867
0.23410949110984802,0.735736608505249,-7.953596536935947e-08,0.25182467699050903,0.6178637146949768,-0.0302768275141716,0.32090118527412415,0.5481652021408081,-0.04457741230726242,0.40385138988494873,0.546545684337616,-0.06149764358997345,0.4628797173500061,0.5719823241233826,-0.0767381563782692,0.4121644198894501,0.5208555459976196,-0.009363202378153801,0.5202527642250061,0.4910842776298523,-0.04528297111392021,0.5885857343673706,0.485049843788147,-0.0695720985531807,0.6462632417678833,0.48251986503601074,-0.08510258048772812,0.41821834444999695,0.5949060320854187,-0.012852409854531288,0.45025983452796936,0.6171033382415771,-0.08954119682312012,0.37455010414123535,0.6409462094306946,-0.11286380887031555,0.3091469407081604,0.6519625782966614,-0.10712880641222,0.4138944745063782,0.66093510389328,-0.021154627203941345,0.4211232364177704,0.6794891953468323,-0.0880052000284195,0.34200456738471985,0.6888189315795898,-0.08366118371486664,0.2829909324645996,0.6849606037139893,-0.05951040983200073,0.396987646818161,0.7176839113235474,-0.032532818615436554,0.3902668356895447,0.7339172959327698,-0.07300392538309097,0.32870933413505554,0.7316969633102417,-0.06675218790769577,0.28550201654434204,0.7189214825630188,-0.04790462553501129
0.23278170824050903,0.7370251417160034,-5.617689780024193e-08,0.2513914108276367,0.6191973686218262,-0.03157172352075577,0.3201412260532379,0.5503497123718262,-0.04695854336023331,0.40119481086730957,0.5502585172653198,-0.06486881524324417,0.46022990345954895,0.5758965015411377,-0.08109274506568909,0.41463223099708557,0.5220544934272766,-0.01174393855035305,0.5223513841629028,0.4929639995098114,-0.0491756908595562,0.5910823345184326,0.48724982142448425,-0.07454638928174973,0.6486960053443909,0.4850574731826782,-0.09067721664905548,0.4205613136291504,0.5971173048019409,-0.01519063301384449,0.45009005069732666,0.6215817332267761,-0.0934675857424736,0.37455520033836365,0.6450783610343933,-0.11762101948261261,0.3086150884628296,0.6546142101287842,-0.11224892735481262,0.41521182656288147,0.6637811660766602,-0.023554325103759766,0.4185127913951874,0.6850526928901672,-0.09208609908819199,0.3398945927619934,0.6940932869911194,-0.08874308317899704,0.2801198363304138,0.6880186200141907,-0.06491333246231079,0.3963567018508911,0.7195520401000977,-0.03506017103791237,0.38769030570983887,0.7391409277915955,-0.0773782804608345,0.3264625072479248,0.7370867133140564,-0.07185902446508408,0.28221699595451355,0.7220529913902283,-0.05307389050722122
0.23283617198467255,0.7365197539329529,-1.0775558934028595e-07,0.250641793012619,0.6213440299034119,-0.030069679021835327,0.32079729437828064,0.5521193742752075,-0.045582547783851624,0.4030686914920807,0.551562488079071,-0.06358310580253601,0.46267586946487427,0.5777736306190491,-0.08021900802850723,0.41647908091545105,0.5251209735870361,-0.01569417305290699,0.5240566730499268,0.4964953660964966,-0.051781803369522095,0.5926263928413391,0.4907488226890564,-0.07532398402690887,0.6497256755828857,0.4888971447944641,-0.09044216573238373,0.4223189651966095,0.6003153324127197,-0.019820846617221832,0.45093217492103577,0.6243024468421936,-0.09559247642755508,0.3750233054161072,0.6453641057014465,-0.11713481694459915,0.30803388357162476,0.6544998288154602,-0.11076502501964569,0.41640666127204895,0.6680559515953064,-0.028346139937639236,0.41913914680480957,0.6871213316917419,-0.0934206172823906,0.34187251329421997,0.6929383873939514,-0.08843254297971725,0.28256383538246155,0.6860894560813904,-0.06494945287704468,0.39731431007385254,0.7261816263198853,-0.0400269478559494,0.3859899044036865,0.7426629066467285,-0.08030638843774796,0.32445162534713745,0.7372951507568359,-0.07460125535726547,0.2798265814781189,0.721181333065033,-0.056593939661979675
0.23359808325767517,0.7370209097862244,-9.766866782001671e-08,0.25340139865875244,0.623286247253418,-0.032646775245666504,0.32401230931282043,0.5539838671684265,-0.04980418086051941,0.4054752290248871,0.556437611579895,-0.06907360255718231,0.4642470180988312,0.5858026146888733,-0.08682076632976532,0.41833850741386414,0.5295314788818359,-0.019700348377227783,0.5274658799171448,0.5001620650291443,-0.05669110640883446,0.5955966711044312,0.4944835901260376,-0.07968362420797348,0.6523975729942322,0.4928346276283264,-0.0943065881729126,0.4229035973548889,0.6044643521308899,-0.023024167865514755,0.45347440242767334,0.6261759996414185,-0.09968902915716171,0.37638214230537415,0.6485375165939331,-0.11966032534837723,0.30930352210998535,0.6595093011856079,-0.11190903931856155,0.4162408411502838,0.6721245646476746,-0.03106154128909111,0.42244935035705566,0.6903073191642761,-0.09644674509763718,0.34486865997314453,0.6966801881790161,-0.08997155725955963,0.2857266068458557,0.6905186772346497,-0.06538661569356918,0.39607810974121094,0.7305058240890503,-0.04254346713423729,0.38716623187065125,0.7473080158233643,-0.0828455314040184,0.3265035152435303,0.7400646209716797,-0.07699371129274368,0.2827504873275757,0.7222422957420349,-0.058980755507946014
0.23504804074764252,0.735474169254303,-1.2849430675032636e-07,0.25464773178100586,0.621868371963501,-0.03160128369927406,0.32493460178375244,0.5532894730567932,-0.048249535262584686,0.4056241810321808,0.5573898553848267,-0.06726105511188507,0.4638347327709198,0.5856136083602905,-0.0847843810915947,0.42498937249183655,0.529901921749115,-0.01857953518629074,0.5319666266441345,0.5033595561981201,-0.05540753901004791,0.5990541577339172,0.49837058782577515,-0.07857204973697662,0.6548724174499512,0.49694952368736267,-0.09329288452863693,0.42952364683151245,0.6051114201545715,-0.02274668589234352,0.4561721682548523,0.6294311285018921,-0.09978369623422623,0.37755087018013,0.6514776945114136,-0.12036745250225067,0.31002384424209595,0.6617658734321594,-0.1126013696193695,0.4217716157436371,0.6735332608222961,-0.031483765691518784,0.42253604531288147,0.6926814913749695,-0.09689684957265854,0.34439921379089355,0.6989133358001709,-0.09049836546182632,0.28645071387290955,0.6928341388702393,-0.0656617134809494,0.4004538953304291,0.7327284216880798,-0.04359342157840729,0.3879992663860321,0.7493779063224792,-0.08335772901773453,0.32666537165641785,0.741899311542511,-0.07694394886493683,0.28417813777923584,0.7248045802116394,-0.05834555998444557
0.2311694324016571,0.7541697025299072,-1.0960569341023074e-07,0.2538612484931946,0.6345422267913818,-0.03442767634987831,0.324310302734375,0.562014639377594,-0.05086037516593933,0.4097176790237427,0.560360848903656,-0.06910539418458939,0.47291284799575806,0.5893110632896423,-0.08502542972564697,0.4176032841205597,0.5399322509765625,-0.015157192014157772,0.528806209564209,0.5042890906333923,-0.05375150218605995,0.5988544821739197,0.49468550086021423,-0.07822155207395554,0.6578687429428101,0.4889141917228699,-0.09370534867048264,0.42383772134780884,0.6178292632102966,-0.01784408465027809,0.45708879828453064,0.63350909948349,-0.10115138441324234,0.377134770154953,0.6602874994277954,-0.1251484453678131,0.3058434724807739,0.6772609949111938,-0.11727369576692581,0.4197790324687958,0.6881960034370422,-0.0254987645894289,0.42393600940704346,0.7051253914833069,-0.09817086905241013,0.34177088737487793,0.7179630994796753,-0.0935753658413887,0.27859359979629517,0.7192840576171875,-0.06663023680448532,0.4030704200267792,0.7482672333717346,-0.03658865764737129,0.3911500573158264,0.7645624876022339,-0.0826595202088356,0.3279762864112854,0.7632257342338562,-0.07819758355617523,0.2825317084789276,0.7540856599807739,-0.05861959978938103
0.23073548078536987,0.7549901008605957,-1.0556377105785941e-07,0.2533060312271118,0.6361055374145508,-0.03660140931606293,0.32567256689071655,0.5632742047309875,-0.05486474558711052,0.4103487730026245,0.5610044002532959,-0.0746605321764946,0.47460493445396423,0.5852466821670532,-0.09269336611032486,0.419194757938385,0.5408797860145569,-0.020227603614330292,0.5298555493354797,0.5045197010040283,-0.05828581377863884,0.5999867916107178,0.4953874945640564,-0.08189120888710022,0.6585448384284973,0.490581750869751,-0.09659416228532791,0.42528465390205383,0.6199378371238708,-0.021807152777910233,0.45683443546295166,0.634434700012207,-0.10321662575006485,0.37679651379585266,0.6586366891860962,-0.12542054057121277,0.30493053793907166,0.6754186749458313,-0.11701612174510956,0.420464426279068,0.690900444984436,-0.028417188674211502,0.42571622133255005,0.702272355556488,-0.09898614883422852,0.34557023644447327,0.7133294939994812,-0.09324156492948532,0.28369492292404175,0.7158483862876892,-0.06649903953075409,0.4030658006668091,0.7527663707733154,-0.0385403111577034,0.3964845538139343,0.761749804019928,-0.08231857419013977,0.3345794081687927,0.7600877285003662,-0.07615873962640762,0.28945595026016235,0.7526340484619141,-0.0561094656586647
0.2283996194601059,0.7613762617111206,-9.663773425927502e-08,0.2518438696861267,0.6384958028793335,-0.03739866986870766,0.3239409625530243,0.5659757256507874,-0.0551077201962471,0.40975281596183777,0.562146782875061,-0.07433425635099411,0.47497695684432983,0.5853646397590637,-0.09150934964418411,0.4178607165813446,0.5418840646743774,-0.016868136823177338,0.528677225112915,0.5060023665428162,-0.05499918386340141,0.599233865737915,0.497276246547699,-0.07954009622335434,0.6586340069770813,0.49162745475769043,-0.09502074867486954,0.42449408769607544,0.6213260889053345,-0.01778814010322094,0.4545399844646454,0.6372906565666199,-0.10042621195316315,0.3748038411140442,0.6624095439910889,-0.12464553117752075,0.30293774604797363,0.678308367729187,-0.11736062914133072,0.41999730467796326,0.6924659013748169,-0.023941198363900185,0.4231072962284088,0.7052668929100037,-0.09677058458328247,0.34201580286026,0.716877281665802,-0.09259462356567383,0.2787461280822754,0.7188441753387451,-0.06605586409568787,0.4025799334049225,0.7532841563224792,-0.03364152833819389,0.3946499526500702,0.7644475102424622,-0.07958003133535385,0.3315984308719635,0.7636920213699341,-0.07454466074705124,0.28469061851501465,0.7559183239936829,-0.05459924787282944
0.22829364240169525,0.7591400146484375,-1.350037308611718e-07,0.24996939301490784,0.6389603018760681,-0.03728659823536873,0.3240512013435364,0.5656821727752686,-0.05535980314016342,0.40967780351638794,0.5632244944572449,-0.07458662241697311,0.4746905267238617,0.5845484733581543,-0.09201241284608841,0.42136290669441223,0.540188729763031,-0.022245489060878754,0.5314468145370483,0.5053680539131165,-0.06007738783955574,0.6011708378791809,0.4971439838409424,-0.08315983414649963,0.6592393517494202,0.49240410327911377,-0.09738126397132874,0.42902871966362,0.6197449564933777,-0.022992972284555435,0.45524677634239197,0.6384711265563965,-0.1033410057425499,0.3734961152076721,0.6637271046638489,-0.12447092682123184,0.3015643060207367,0.6799163818359375,-0.11566156148910522,0.42407462000846863,0.6911637783050537,-0.028727620840072632,0.4235703647136688,0.7067884802818298,-0.09874752908945084,0.3417612314224243,0.7174080014228821,-0.0928635224699974,0.2793561816215515,0.7183048129081726,-0.0663083866238594,0.4055904746055603,0.752558708190918,-0.03802349045872688,0.3949970304965973,0.765527069568634,-0.0815812349319458,0.3313550651073456,0.7628035545349121,-0.0756051167845726,0.28505969047546387,0.7524968385696411,-0.05571896210312843
0.22745570540428162,0.7599958777427673,-1.2945137939368578e-07,0.24626466631889343,0.6400695443153381,-0.03880315274000168,0.31907761096954346,0.5663878321647644,-0.058112479746341705,0.406139075756073,0.5626626014709473,-0.07837212085723877,0.47324439883232117,0.5823289155960083,-0.09680808335542679,0.41840019822120667,0.5388699769973755,-0.023907983675599098,0.528819739818573,0.5015209913253784,-0.06254789978265762,0.5989277362823486,0.49244919419288635,-0.08630858361721039,0.6584005951881409,0.4870222210884094,-0.10139261931180954,0.42684420943260193,0.6187933087348938,-0.02499258518218994,0.4556550979614258,0.6372463703155518,-0.10642508417367935,0.37383145093917847,0.6626285314559937,-0.12750715017318726,0.3027571439743042,0.6778983473777771,-0.11894943565130234,0.4220731556415558,0.6912058591842651,-0.03126227483153343,0.42364293336868286,0.7064775228500366,-0.1028788611292839,0.3404884338378906,0.7162792682647705,-0.09594833105802536,0.2784685790538788,0.7159931063652039,-0.06887821108102798,0.40388238430023193,0.7546366453170776,-0.04127217456698418,0.39470264315605164,0.7668342590332031,-0.0864894688129425,0.3300289511680603,0.7631906270980835,-0.08019845932722092,0.2831909656524658,0.7520598769187927,-0.06027638167142868
0.22685234248638153,0.7596909999847412,-1.4035647666332807e-07,0.24505606293678284,0.6377660632133484,-0.037798911333084106,0.3157443404197693,0.5618773102760315,-0.0574115552008152,0.4019882082939148,0.5576308369636536,-0.07801976799964905,0.46823781728744507,0.5779613256454468,-0.09681038558483124,0.4193629324436188,0.5329459309577942,-0.0250634104013443,0.5288430452346802,0.4971478581428528,-0.06417576968669891,0.5989352464675903,0.48793238401412964,-0.08874161541461945,0.6579570174217224,0.4824292063713074,-0.1042519062757492,0.4281392991542816,0.6134052276611328,-0.026742732152342796,0.4545553922653198,0.6344399452209473,-0.10857609659433365,0.3709050714969635,0.6608503460884094,-0.13019387423992157,0.2971465587615967,0.676814615726471,-0.12180691957473755,0.4235476851463318,0.6871278285980225,-0.03331189602613449,0.4228726625442505,0.7037959694862366,-0.10441441833972931,0.3396736979484558,0.714560866355896,-0.09756609797477722,0.276309072971344,0.7150691747665405,-0.07053931057453156,0.4051315188407898,0.7509631514549255,-0.04350609704852104,0.3946717083454132,0.7638311982154846,-0.08806800842285156,0.32904744148254395,0.7607406973838806,-0.08128146827220917,0.2812114357948303,0.750672459602356,-0.060860443860292435
0.22246524691581726,0.7530406713485718,-1.3259221987027558e-07,0.24139386415481567,0.6275859475135803,-0.03551706299185753,0.31329458951950073,0.5504817962646484,-0.053422532975673676,0.39982351660728455,0.5452070832252502,-0.07271420955657959,0.46442094445228577,0.5697126388549805,-0.09016261249780655,0.4150539040565491,0.5222532749176025,-0.02310432679951191,0.5264356732368469,0.4843115210533142,-0.061537012457847595,0.5961763858795166,0.4747407138347626,-0.08531071245670319,0.6554891467094421,0.4712370038032532,-0.10017994791269302,0.42388278245925903,0.6037513017654419,-0.025057237595319748,0.4511834681034088,0.6270155906677246,-0.10669010877609253,0.36668020486831665,0.6522723436355591,-0.12791305780410767,0.2923447787761688,0.6684471964836121,-0.11907103657722473,0.4192008376121521,0.6782381534576416,-0.0316457599401474,0.41648393869400024,0.69610995054245,-0.1019381657242775,0.33321911096572876,0.7056512832641602,-0.0957263857126236,0.2687532901763916,0.7050033807754517,-0.06921464204788208,0.39993947744369507,0.7404455542564392,-0.04170553386211395,0.3857029676437378,0.7563273310661316,-0.08536573499441147,0.31966453790664673,0.7523092031478882,-0.07928413897752762,0.27040982246398926,0.7399645447731018,-0.059402674436569214
0.21794036030769348,0.7465431690216064,-1.6277228098715568e-07,0.24129582941532135,0.6241971850395203,-0.03744794800877571,0.31633448600769043,0.5474541783332825,-0.056863266974687576,0.4027661085128784,0.541449785232544,-0.077683225274086,0.46921494603157043,0.567310094833374,-0.09681499004364014,0.4144023358821869,0.5226044654846191,-0.026042360812425613,0.5239490270614624,0.4804380536079407,-0.0663032978773117,0.5936071872711182,0.4691164493560791,-0.09102818369865417,0.6529460549354553,0.4630579948425293,-0.10671555250883102,0.4248303771018982,0.6060264110565186,-0.028548678383231163,0.446898490190506,0.6282429695129395,-0.11198896914720535,0.3626191318035126,0.6489959955215454,-0.13363920152187347,0.2905142605304718,0.6601483225822449,-0.125226229429245,0.4198839068412781,0.6812424063682556,-0.0360560342669487,0.410310298204422,0.6994622349739075,-0.10717858374118805,0.3263617157936096,0.7035808563232422,-0.10107141733169556,0.26400554180145264,0.6979249119758606,-0.075023353099823,0.3994802236557007,0.7455902099609375,-0.04742814227938652,0.37806236743927,0.7631843090057373,-0.09154000133275986,0.3113346993923187,0.7536287903785706,-0.0861392393708229,0.26403874158859253,0.7363468408584595,-0.0671328455209732
0.21958257257938385,0.7432414293289185,-1.8792091793784493e-07,0.23852403461933136,0.6185388565063477,-0.035046759992837906,0.3131285607814789,0.541300892829895,-0.05397878959774971,0.39956003427505493,0.5370039939880371,-0.07424727082252502,0.4649694561958313,0.562363862991333,-0.0928189754486084,0.4172571301460266,0.5137373208999634,-0.028969665989279747,0.5274837613105774,0.472084105014801,-0.06742635369300842,0.5974353551864624,0.46326079964637756,-0.09055629372596741,0.6570550799369812,0.45968198776245117,-0.10540468990802765,0.4295143783092499,0.5962510704994202,-0.032024797052145004,0.44626668095588684,0.6253992319107056,-0.11320014297962189,0.36078178882598877,0.6493476033210754,-0.13336807489395142,0.2867289185523987,0.6613883376121521,-0.12473904341459274,0.4257916510105133,0.6729923486709595,-0.03930031135678291,0.41266289353370667,0.6967042684555054,-0.10825801640748978,0.3279222846031189,0.702983021736145,-0.10090436786413193,0.2634240984916687,0.6978676319122314,-0.0750255212187767,0.406429260969162,0.7387071251869202,-0.0502750426530838,0.3812571167945862,0.7613286375999451,-0.09403898566961288,0.31219810247421265,0.7534834146499634,-0.08868083357810974,0.2624594569206238,0.736272931098938,-0.06995122879743576
0.21661899983882904,0.744150698184967,-1.9414568441789015e-07,0.23613452911376953,0.6198520660400391,-0.03676515072584152,0.31008949875831604,0.5415475964546204,-0.05626760050654411,0.3973691463470459,0.5341848731040955,-0.07704562693834305,0.46474841237068176,0.5587881803512573,-0.09598490595817566,0.4106235206127167,0.5149221420288086,-0.028070470318198204,0.5225697755813599,0.47075194120407104,-0.06729604303836823,0.5934864282608032,0.46018195152282715,-0.09083939343690872,0.6546749472618103,0.4539909362792969,-0.10607729107141495,0.4220845401287079,0.5975199341773987,-0.03066227212548256,0.4463455080986023,0.6206813454627991,-0.11176726967096329,0.3615143895149231,0.644670307636261,-0.13117355108261108,0.28887686133384705,0.6573138236999512,-0.12227924913167953,0.41824790835380554,0.6738201379776001,-0.03797844052314758,0.41396674513816833,0.69246906042099,-0.10758264362812042,0.32891684770584106,0.6980549097061157,-0.09904950857162476,0.2654660940170288,0.693713903427124,-0.07236220687627792,0.3992926776409149,0.7402672171592712,-0.04914092645049095,0.3822431266307831,0.7572067975997925,-0.09320615977048874,0.3140750229358673,0.7488535046577454,-0.08694890886545181,0.26498931646347046,0.732812762260437,-0.06782814115285873
0.21479447185993195,0.7437272667884827,-1.783752452411136e-07,0.231958270072937,0.6206355094909668,-0.03910704329609871,0.30521345138549805,0.5416250228881836,-0.05980862304568291,0.39258143305778503,0.5332227945327759,-0.08140785247087479,0.46085190773010254,0.5564064383506775,-0.10113927721977234,0.4097081422805786,0.5126904249191284,-0.029324114322662354,0.5209391117095947,0.47005170583724976,-0.0694720521569252,0.5912737846374512,0.4588450491428375,-0.09371661394834518,0.6521323323249817,0.4529689848423004,-0.10933984071016312,0.4224427044391632,0.5957054495811462,-0.03140717372298241,0.4456197917461395,0.6196396946907043,-0.11427073180675507,0.3598000407218933,0.6436829566955566,-0.1344132125377655,0.2872607409954071,0.6579384207725525,-0.12544631958007812,0.41898393630981445,0.6722479462623596,-0.03853209689259529,0.41409996151924133,0.6927240490913391,-0.10996691882610321,0.3283928334712982,0.6992294192314148,-0.10173840075731277,0.26571008563041687,0.6964215040206909,-0.07462802529335022,0.4005991816520691,0.7393250465393066,-0.04965624958276749,0.38450756669044495,0.7577088475227356,-0.09466101229190826,0.3160453736782074,0.7511023283004761,-0.08827938139438629,0.2678874433040619,0.7373508214950562,-0.06871765106916428
0.21399427950382233,0.7432817220687866,-1.701253609098785e-07,0.23079313337802887,0.6201245784759521,-0.03886399418115616,0.3051680028438568,0.541221022605896,-0.05894932895898819,0.39287421107292175,0.5337128639221191,-0.07992623746395111,0.46026891469955444,0.5554434061050415,-0.09897572547197342,0.40795132517814636,0.5098382234573364,-0.027515308931469917,0.5197355151176453,0.46847832202911377,-0.06712766736745834,0.5904838442802429,0.4585002660751343,-0.09110087901353836,0.6515709161758423,0.4536304473876953,-0.10632767528295517,0.41954854130744934,0.5919620394706726,-0.0290621817111969,0.4464236795902252,0.6166543960571289,-0.11192778497934341,0.3610435724258423,0.6437788009643555,-0.13231028616428375,0.2874532639980316,0.6598367094993591,-0.12305285036563873,0.41699743270874023,0.667556643486023,-0.03560291603207588,0.41622284054756165,0.6885026097297668,-0.10758696496486664,0.32937121391296387,0.6980882287025452,-0.09972655773162842,0.26467257738113403,0.6964518427848816,-0.07222075015306473,0.4002206325531006,0.733615517616272,-0.0459599643945694,0.38759419322013855,0.7514532804489136,-0.09134671837091446,0.3181312382221222,0.7467943429946899,-0.08488593250513077,0.2680972218513489,0.733433187007904,-0.06487863510847092
0.21207375824451447,0.7476956844329834,-1.6307477324062347e-07,0.22928649187088013,0.6238350868225098,-0.039454374462366104,0.3025375008583069,0.5442147850990295,-0.05977456271648407,0.3910454213619232,0.5347241759300232,-0.08105651289224625,0.46078094840049744,0.5558159351348877,-0.10049235820770264,0.403221070766449,0.5132530331611633,-0.026495156809687614,0.5160872340202332,0.4705100655555725,-0.06697308272123337,0.5873461961746216,0.4591110646724701,-0.09178659319877625,0.6488778591156006,0.4515542984008789,-0.10767846554517746,0.4155673384666443,0.5957575440406799,-0.028120795264840126,0.44419875741004944,0.6175580620765686,-0.11185795813798904,0.35911768674850464,0.644943356513977,-0.13309310376644135,0.28647857904434204,0.660135805606842,-0.12445816397666931,0.4137378931045532,0.6710226535797119,-0.034955330193042755,0.41599008440971375,0.6901500821113586,-0.10767564922571182,0.3291057050228119,0.6997482180595398,-0.0995403453707695,0.26518505811691284,0.6975466012954712,-0.07178503274917603,0.39733821153640747,0.7368916869163513,-0.04574863985180855,0.3864046335220337,0.7545517683029175,-0.09159345924854279,0.31746789813041687,0.7509524822235107,-0.08490360528230667,0.2685205936431885,0.7380781173706055,-0.06470804661512375
0.2123124748468399,0.7483384013175964,-1.69135958572042e-07,0.22977417707443237,0.6255177855491638,-0.037655074149370193,0.3030121922492981,0.5445415377616882,-0.05785505101084709,0.3900304436683655,0.5339530110359192,-0.07934540510177612,0.45841503143310547,0.5538178086280823,-0.09913680702447891,0.40476709604263306,0.5125835537910461,-0.02640519291162491,0.5166023969650269,0.4710928499698639,-0.06600911170244217,0.5869333148002625,0.46064746379852295,-0.09021580964326859,0.6470288634300232,0.45296549797058105,-0.1055871844291687,0.41768598556518555,0.5939525961875916,-0.028654389083385468,0.44375115633010864,0.6193027496337891,-0.11080225557088852,0.35926324129104614,0.6487991809844971,-0.13131281733512878,0.2864696979522705,0.6634553074836731,-0.12257976084947586,0.4167167842388153,0.6688480973243713,-0.03583197295665741,0.41617551445961,0.6914230585098267,-0.10727182775735855,0.32940903306007385,0.7051181793212891,-0.0984003096818924,0.26478999853134155,0.7035710215568542,-0.07042117416858673,0.4015127122402191,0.7355362176895142,-0.04673662781715393,0.3914138674736023,0.7549980878829956,-0.09106289595365524,0.32170650362968445,0.7527337074279785,-0.08289555460214615,0.27116912603378296,0.7389493584632874,-0.06183368340134621
0.2144472748041153,0.7475782632827759,-1.4363305922415748e-07,0.22996149957180023,0.6265257596969604,-0.0393100306391716,0.3002411723136902,0.546014666557312,-0.06007625535130501,0.38558927178382874,0.5314379334449768,-0.08182193338871002,0.4536188542842865,0.5518762469291687,-0.101750448346138,0.4009898006916046,0.5110073685646057,-0.02510131523013115,0.5145077705383301,0.47144535183906555,-0.06436971575021744,0.5861269235610962,0.4621085822582245,-0.08840387314558029,0.6470560431480408,0.4558756947517395,-0.10354357212781906,0.4148155450820923,0.5917027592658997,-0.025835588574409485,0.4440011978149414,0.6159415245056152,-0.10729149729013443,0.36021989583969116,0.6478463411331177,-0.12756426632404327,0.2876133322715759,0.665800154209137,-0.11859308183193207,0.4154922664165497,0.665714681148529,-0.03175878897309303,0.41963285207748413,0.6863833665847778,-0.10265426337718964,0.33624956011772156,0.7020823359489441,-0.09359045326709747,0.2732628881931305,0.7034403085708618,-0.06550540775060654,0.402976930141449,0.7316119074821472,-0.041554924100637436,0.39850935339927673,0.7487012147903442,-0.0856422483921051,0.3319878578186035,0.7493961453437805,-0.07744937390089035,0.28230732679367065,0.7390230298042297,-0.05634252727031708
0.21611584722995758,0.7398718595504761,-1.874955586345095e-07,0.22488775849342346,0.6188585758209229,-0.03322414681315422,0.2935532331466675,0.5380216836929321,-0.04993264377117157,0.3787883222103119,0.5294949412345886,-0.0684266984462738,0.441834419965744,0.5564433932304382,-0.08515483886003494,0.3960197865962982,0.5087563395500183,-0.022320376709103584,0.5102003216743469,0.4729524254798889,-0.06254106760025024,0.5845190286636353,0.46531450748443604,-0.08897361159324646,0.6463092565536499,0.46228718757629395,-0.10551400482654572,0.4107874631881714,0.5833661556243896,-0.024270832538604736,0.4298638105392456,0.6121395230293274,-0.10467677563428879,0.3471240997314453,0.6413418650627136,-0.12663255631923676,0.2783964276313782,0.6574122309684753,-0.11964504420757294,0.4127074182033539,0.6508103609085083,-0.03068760223686695,0.4072335362434387,0.6781527996063232,-0.09780609607696533,0.3253512978553772,0.6928331851959229,-0.09049401432275772,0.2657374441623688,0.6925415992736816,-0.06482605636119843,0.40107789635658264,0.7102808356285095,-0.040792517364025116,0.38568514585494995,0.7366468906402588,-0.08043349534273148,0.3203046917915344,0.7363634705543518,-0.07300002127885818,0.2753804326057434,0.7233346700668335,-0.05316996946930885
0.21261532604694366,0.7364001870155334,-1.858430209722428e-07,0.22100630402565002,0.616990864276886,-0.034347549080848694,0.2924984097480774,0.5348740220069885,-0.05172033980488777,0.37834644317626953,0.5275683999061584,-0.07042382657527924,0.43904244899749756,0.5586954355239868,-0.08748047798871994,0.39467838406562805,0.5085818767547607,-0.026859642937779427,0.5090334415435791,0.47334882616996765,-0.06777060776948929,0.5820642113685608,0.4662209749221802,-0.09401924163103104,0.6446081399917603,0.4631603956222534,-0.11072660237550735,0.4085901975631714,0.5833972692489624,-0.02884609065949917,0.43049395084381104,0.6170560121536255,-0.1091618537902832,0.34548524022102356,0.6472009420394897,-0.12905369699001312,0.2773244380950928,0.6623664498329163,-0.12106798589229584,0.4094119071960449,0.6513948440551758,-0.035342730581760406,0.4081588089466095,0.6830883026123047,-0.10267440974712372,0.3238735795021057,0.6963727474212646,-0.09341146051883698,0.2642848491668701,0.6942355036735535,-0.0669102817773819,0.39663785696029663,0.71237713098526,-0.0456889383494854,0.3856913149356842,0.7435195446014404,-0.08634506165981293,0.31787073612213135,0.7415843605995178,-0.07844214141368866,0.2719326615333557,0.7259116172790527,-0.058681901544332504
0.21494945883750916,0.7365537881851196,-1.9101052828318643e-07,0.22253960371017456,0.615210235118866,-0.03252227604389191,0.2915271520614624,0.5343368053436279,-0.049246180802583694,0.3761793375015259,0.5264585018157959,-0.0675463005900383,0.43651509284973145,0.5561747550964355,-0.08422927558422089,0.3960072994232178,0.5103669762611389,-0.024573897942900658,0.5110182762145996,0.47522369027137756,-0.06374073028564453,0.5844629406929016,0.4681026041507721,-0.08895242214202881,0.6461198329925537,0.464497447013855,-0.10489510744810104,0.40854591131210327,0.5854897499084473,-0.026593713089823723,0.4285331666469574,0.6165869832038879,-0.10464359074831009,0.34462830424308777,0.6459364891052246,-0.12427879869937897,0.27682924270629883,0.660361647605896,-0.11654901504516602,0.4087635278701782,0.6532064080238342,-0.032815124839544296,0.4060857892036438,0.6811471581459045,-0.0979083925485611,0.3239187002182007,0.6944348812103271,-0.08859051018953323,0.2656627297401428,0.6926784515380859,-0.06250572949647903,0.39606085419654846,0.7129766345024109,-0.04265827685594559,0.38356590270996094,0.7401607036590576,-0.08100287616252899,0.3174448013305664,0.7385873198509216,-0.07226122170686722,0.2728427052497864,0.7240792512893677,-0.05218391492962837
0.21123014390468597,0.7415429949760437,-1.7150570386093023e-07,0.22249388694763184,0.6194137334823608,-0.03493012860417366,0.29209795594215393,0.5381672978401184,-0.051990021020174026,0.3776940405368805,0.5305364727973938,-0.07048644125461578,0.43902716040611267,0.5620112419128418,-0.08687440305948257,0.3935215473175049,0.513589084148407,-0.023284850642085075,0.5083044767379761,0.47808516025543213,-0.06404490023851395,0.5825619697570801,0.4713181257247925,-0.09027474373579025,0.645073413848877,0.46909230947494507,-0.10676345229148865,0.4065760672092438,0.5879107117652893,-0.024509213864803314,0.42750418186187744,0.6176679730415344,-0.10502171516418457,0.34498411417007446,0.6464328765869141,-0.12594909965991974,0.27710047364234924,0.6619135141372681,-0.1182389035820961,0.4069663882255554,0.6553906798362732,-0.030532555654644966,0.4032352864742279,0.6842491030693054,-0.097685307264328,0.3214417099952698,0.69642174243927,-0.08993953466415405,0.262067586183548,0.6939717531204224,-0.06408429145812988,0.39314037561416626,0.7152543067932129,-0.04053493216633797,0.37755244970321655,0.7445175647735596,-0.0809626430273056,0.31179723143577576,0.7404400110244751,-0.07451122254133224,0.2666381895542145,0.7233057022094727,-0.05546857416629791
0.21259699761867523,0.7401163578033447,-1.6040279149365233e-07,0.2233574539422989,0.6203950047492981,-0.033273305743932724,0.2921856641769409,0.539427638053894,-0.04946170747280121,0.37595221400260925,0.5296421051025391,-0.06735929846763611,0.43656665086746216,0.5602913498878479,-0.08328376710414886,0.3934629261493683,0.5124754309654236,-0.020174209028482437,0.5088513493537903,0.4800778925418854,-0.06060142442584038,0.5829583406448364,0.4756063222885132,-0.08752786368131638,0.6455214023590088,0.47467610239982605,-0.10435879975557327,0.40616941452026367,0.5865803956985474,-0.021539511159062386,0.42858070135116577,0.6182426810264587,-0.10045361518859863,0.3460294306278229,0.6488499641418457,-0.12181907892227173,0.27984359860420227,0.6640245914459229,-0.11487707495689392,0.40801480412483215,0.6532343029975891,-0.02762664668262005,0.407723993062973,0.6823875308036804,-0.09295535087585449,0.3262353837490082,0.6965996623039246,-0.08455946296453476,0.2684250473976135,0.6955862045288086,-0.05867648497223854,0.39736878871917725,0.7124639749526978,-0.037547484040260315,0.3861153721809387,0.7411108016967773,-0.07534297555685043,0.3208644986152649,0.7401795387268066,-0.06692042201757431,0.2770591974258423,0.7263234257698059,-0.04682626575231552
0.21432991325855255,0.7410800457000732,-1.184225197903288e-07,0.22722157835960388,0.6266542673110962,-0.035835012793540955,0.29518842697143555,0.5487133264541626,-0.053131621330976486,0.3779503107070923,0.536978542804718,-0.07180264592170715,0.4387088418006897,0.5661234855651855,-0.08861871808767319,0.3949641287326813,0.5166719555854797,-0.021508650854229927,0.5117475390434265,0.4866746664047241,-0.061643291264772415,0.58622145652771,0.4840054214000702,-0.0877448171377182,0.6481035947799683,0.4846799373626709,-0.10378795862197876,0.40500834584236145,0.5909722447395325,-0.02169719897210598,0.42971643805503845,0.6237596869468689,-0.10070869326591492,0.34921994805336,0.6546239852905273,-0.12201984971761703,0.2833627462387085,0.6691155433654785,-0.11489564180374146,0.40504392981529236,0.6572405695915222,-0.02680104970932007,0.40711042284965515,0.686608612537384,-0.09297725558280945,0.327659010887146,0.7012201547622681,-0.08539403229951859,0.2702527642250061,0.6990265846252441,-0.05984628573060036,0.3930022418498993,0.7164048552513123,-0.03578256815671921,0.3841111660003662,0.7445119023323059,-0.07479257881641388,0.3204834461212158,0.7448403239250183,-0.0668640285730362,0.27593642473220825,0.7308027148246765,-0.046844277530908585
0.21994908154010773,0.7384384274482727,-1.3415761657142866e-07,0.2379688024520874,0.6261469125747681,-0.033175986260175705,0.30727288126945496,0.5507456064224243,-0.05005576089024544,0.3878052830696106,0.5458563566207886,-0.06879735738039017,0.4466215968132019,0.579503059387207,-0.08569102734327316,0.4043564200401306,0.5251116752624512,-0.02188737504184246,0.5196481347084045,0.4985887110233307,-0.06287951022386551,0.5926914811134338,0.49869757890701294,-0.09020450711250305,0.6530823707580566,0.5018436908721924,-0.10735483467578888,0.41281455755233765,0.6010560393333435,-0.02395303174853325,0.4361823499202728,0.6297478675842285,-0.10268103331327438,0.3549165725708008,0.6568578481674194,-0.12391854077577591,0.28888851404190063,0.669593095779419,-0.11731911450624466,0.4108031690120697,0.6687376499176025,-0.030711201950907707,0.41447123885154724,0.6922159194946289,-0.09573065489530563,0.33602312207221985,0.7040615677833557,-0.08741290867328644,0.2792013883590698,0.7011193633079529,-0.061970531940460205,0.39708611369132996,0.7292160987854004,-0.04124341532588005,0.3910285234451294,0.752682626247406,-0.07976923137903214,0.3298138380050659,0.7490569353103638,-0.07131465524435043,0.2870318293571472,0.7333662509918213,-0.05123254284262657
0.2205093950033188,0.7436094880104065,-1.8132033119400148e-07,0.23257364332675934,0.6287866234779358,-0.033482588827610016,0.3019371032714844,0.5504323244094849,-0.0509478859603405,0.38543277978897095,0.5455342531204224,-0.0695575401186943,0.44633397459983826,0.5791410207748413,-0.08634328097105026,0.40369343757629395,0.5314053893089294,-0.027808742597699165,0.5198706388473511,0.5043193101882935,-0.06722892820835114,0.5931057929992676,0.502687394618988,-0.09179825335741043,0.6542330384254456,0.5028591752052307,-0.10742130130529404,0.41417545080184937,0.6064925789833069,-0.02957369200885296,0.43631410598754883,0.6353130340576172,-0.10733839869499207,0.3537615239620209,0.6603566408157349,-0.12560832500457764,0.28616783022880554,0.6709018349647522,-0.11712595075368881,0.4128403663635254,0.6743691563606262,-0.03553512692451477,0.4124008119106293,0.7006615400314331,-0.09941300004720688,0.33165255188941956,0.7092747688293457,-0.0889556035399437,0.273529052734375,0.7031847238540649,-0.06266330182552338,0.39865028858184814,0.7353903651237488,-0.04533320292830467,0.3860589563846588,0.7617161870002747,-0.08391286432743073,0.32106783986091614,0.7556265592575073,-0.07596708089113235,0.277108371257782,0.7375136613845825,-0.05672282353043556
0.22324520349502563,0.7407354116439819,-1.6911766920202354e-07,0.23453260958194733,0.6274317502975464,-0.032770004123449326,0.30323806405067444,0.5531217455863953,-0.050211101770401,0.38682904839515686,0.5479031801223755,-0.0687946155667305,0.44742074608802795,0.5757932662963867,-0.08577198535203934,0.4060935080051422,0.5312387943267822,-0.027541283518075943,0.5214968919754028,0.5057215094566345,-0.06640574336051941,0.5948124527931213,0.5039159655570984,-0.09152287989854813,0.6555047035217285,0.503550112247467,-0.10760346055030823,0.41485634446144104,0.6079474091529846,-0.02962023764848709,0.4377138614654541,0.6356722116470337,-0.1057792454957962,0.35738039016723633,0.6602420806884766,-0.12441916763782501,0.29005953669548035,0.6709927320480347,-0.11693879961967468,0.4125676453113556,0.6770485043525696,-0.03572123125195503,0.4142776131629944,0.6992372274398804,-0.09807129949331284,0.33534112572669983,0.7067985534667969,-0.08754011988639832,0.27741539478302,0.7012655735015869,-0.062041886150836945,0.3985345959663391,0.7389169335365295,-0.04556041583418846,0.3880397379398346,0.760677695274353,-0.0830928385257721,0.3237072229385376,0.7541931867599487,-0.07423603534698486,0.27959004044532776,0.7373257279396057,-0.05479970574378967
0.224278062582016,0.7394931316375732,-1.5100073369467282e-07,0.2363978624343872,0.6267796158790588,-0.03388659283518791,0.3046536445617676,0.5518860816955566,-0.05205259099602699,0.38785460591316223,0.5477775931358337,-0.0713043138384819,0.448962926864624,0.5786836743354797,-0.08890201151371002,0.4072186350822449,0.5304235219955444,-0.027853047475218773,0.5232424736022949,0.5070390701293945,-0.0671285018324852,0.596656322479248,0.505858838558197,-0.09203030169010162,0.6576608419418335,0.5059381723403931,-0.1078580990433693,0.4153073728084564,0.6064034700393677,-0.02973661571741104,0.4398444890975952,0.6343843340873718,-0.10734667629003525,0.3584080636501312,0.659725546836853,-0.12610408663749695,0.2903796434402466,0.6713000535964966,-0.11791834980249405,0.4128558337688446,0.6747224926948547,-0.03581802919507027,0.4158778786659241,0.6982535719871521,-0.09953144192695618,0.3371247947216034,0.70664381980896,-0.08916617929935455,0.2795026898384094,0.7017090320587158,-0.06301827728748322,0.3984760344028473,0.7360785007476807,-0.045691974461078644,0.3894489109516144,0.7580078840255737,-0.08413082361221313,0.3254600465297699,0.7526932954788208,-0.07556779682636261,0.2818039655685425,0.737019956111908,-0.055934567004442215
0.22586072981357574,0.7370762825012207,-1.4807511661274475e-07,0.2399568110704422,0.6252192258834839,-0.03407011181116104,0.308401495218277,0.5524280071258545,-0.05229208618402481,0.390438437461853,0.5480465292930603,-0.07167050987482071,0.45188388228416443,0.5773518085479736,-0.08939813822507858,0.4078103005886078,0.5321529507637024,-0.026876436546444893,0.5225819945335388,0.5068143606185913,-0.06595764309167862,0.5955212116241455,0.5052069425582886,-0.09041416645050049,0.6563003063201904,0.505556046962738,-0.10586738586425781,0.41672417521476746,0.6078042387962341,-0.028629925101995468,0.44107258319854736,0.6344799399375916,-0.10579168051481247,0.35994952917099,0.6589160561561584,-0.12424831092357635,0.29287001490592957,0.6705852150917053,-0.1159055233001709,0.4140385091304779,0.6758497953414917,-0.03472154587507248,0.41539186239242554,0.6983934044837952,-0.09808844327926636,0.3376179337501526,0.7065192461013794,-0.08767665177583694,0.28155773878097534,0.7020202279090881,-0.06150037422776222,0.3992021679878235,0.7368576526641846,-0.04462876170873642,0.3891434967517853,0.7581685185432434,-0.08233639597892761,0.3280787169933319,0.7523790597915649,-0.0737035945057869,0.28660309314727783,0.7367219924926758,-0.05414183810353279
0.22779126465320587,0.7391477227210999,-1.497621155976958e-07,0.24096070230007172,0.6257468461990356,-0.033074039965867996,0.30909061431884766,0.5513734817504883,-0.04987279698252678,0.39212122559547424,0.5457679033279419,-0.06794007122516632,0.45231708884239197,0.5773921608924866,-0.08431068807840347,0.4086877703666687,0.5315107107162476,-0.02382306009531021,0.5243388414382935,0.508750319480896,-0.06222410127520561,0.5973882079124451,0.5076695084571838,-0.08630625903606415,0.65799880027771,0.5079197883605957,-0.10145238041877747,0.4172378480434418,0.607845664024353,-0.025485657155513763,0.44255879521369934,0.6321693062782288,-0.10294888913631439,0.3608255386352539,0.6570917963981628,-0.12159350514411926,0.2923213541507721,0.6700330376625061,-0.11272715032100677,0.41538333892822266,0.6758725643157959,-0.031486913561820984,0.41739267110824585,0.6959750652313232,-0.09487368166446686,0.33917808532714844,0.7047387957572937,-0.08471455425024033,0.2822377383708954,0.7019566893577576,-0.058136891573667526,0.401570200920105,0.7363176941871643,-0.04124327003955841,0.39109158515930176,0.755840003490448,-0.07870789617300034,0.3291819095611572,0.7508779168128967,-0.07034798711538315,0.28765246272087097,0.7373493909835815,-0.05070515722036362
0.2288154512643814,0.7386102676391602,-1.5229461780563724e-07,0.24320469796657562,0.6265324354171753,-0.03212361037731171,0.3116690218448639,0.5528098940849304,-0.0482347346842289,0.39348721504211426,0.547154426574707,-0.06560829281806946,0.4534528851509094,0.5756013989448547,-0.08116515725851059,0.4096108078956604,0.5301004648208618,-0.023192409425973892,0.5245438814163208,0.5081188082695007,-0.06254900246858597,0.5977194905281067,0.5077547430992126,-0.0881715789437294,0.6585975885391235,0.5087372064590454,-0.10436970740556717,0.41748592257499695,0.6061550378799438,-0.025275100022554398,0.4435551166534424,0.6314761638641357,-0.10258296877145767,0.36149874329566956,0.6572320461273193,-0.12181039154529572,0.29432544112205505,0.670050859451294,-0.11383894830942154,0.4154488146305084,0.6742274761199951,-0.03168509155511856,0.41958293318748474,0.6954354047775269,-0.09499501436948776,0.34108415246009827,0.704481303691864,-0.08456156402826309,0.2853485345840454,0.7012338638305664,-0.05820249021053314,0.4019612967967987,0.7340961694717407,-0.041752323508262634,0.39511197805404663,0.7552684545516968,-0.07910434156656265,0.333215594291687,0.7501449584960938,-0.06998259574174881,0.2923516631126404,0.7358889579772949,-0.05002490058541298
0.23007449507713318,0.7388327121734619,-1.5985119716788176e-07,0.2458408623933792,0.6259668469429016,-0.0306128840893507,0.3136434853076935,0.5530954599380493,-0.045776862651109695,0.39479389786720276,0.5467037558555603,-0.06240125373005867,0.4543442726135254,0.5756943225860596,-0.07723497599363327,0.41168156266212463,0.5326549410820007,-0.020975716412067413,0.5250232815742493,0.5109811425209045,-0.05967768281698227,0.5978574752807617,0.5102875232696533,-0.08533003181219101,0.6577115058898926,0.511036217212677,-0.10156100243330002,0.41865554451942444,0.6093159914016724,-0.023440934717655182,0.44395712018013,0.6341121196746826,-0.0998748242855072,0.3630119264125824,0.6573803424835205,-0.11976847797632217,0.2950991690158844,0.667851448059082,-0.11228475719690323,0.4155327379703522,0.6782379150390625,-0.03001435287296772,0.4173014760017395,0.6971167325973511,-0.09217370301485062,0.3402249217033386,0.7045972347259521,-0.08279959112405777,0.2844642400741577,0.7004033327102661,-0.05727539584040642,0.40071120858192444,0.7384286522865295,-0.040091369301080704,0.3897654116153717,0.7568899393081665,-0.07665636390447617,0.32839277386665344,0.7507297396659851,-0.06801193207502365,0.2879127562046051,0.7364310026168823,-0.04838218167424202
0.23170527815818787,0.7358670830726624,-1.5917842688395467e-07,0.24618713557720184,0.6267731785774231,-0.031027114018797874,0.3149428069591522,0.5555706024169922,-0.04640871286392212,0.39614278078079224,0.5479114055633545,-0.06317847222089767,0.4553634226322174,0.5725849270820618,-0.07859992980957031,0.41261306405067444,0.5324752330780029,-0.021857185289263725,0.5252596735954285,0.5122467279434204,-0.05900873988866806,0.5971001982688904,0.512269139289856,-0.08323901146650314,0.6565911769866943,0.513749361038208,-0.09855636209249496,0.42025721073150635,0.6073353886604309,-0.024065472185611725,0.4447559714317322,0.6335737705230713,-0.09878138452768326,0.3646986186504364,0.6570284366607666,-0.11783426254987717,0.2971697747707367,0.668328046798706,-0.11015122383832932,0.41704055666923523,0.6749188899993896,-0.030264222994446754,0.4191054105758667,0.6953320503234863,-0.09166329354047775,0.3427487015724182,0.7038811445236206,-0.08230824768543243,0.28697577118873596,0.700951099395752,-0.05707387253642082,0.4026554524898529,0.7344582676887512,-0.03991479426622391,0.39337900280952454,0.7536513805389404,-0.07639902830123901,0.33242249488830566,0.7488614916801453,-0.06779377907514572,0.2910825312137604,0.7362197637557983,-0.048340123146772385
0.23164761066436768,0.7363932728767395,-1.5851655632559414e-07,0.24682392179965973,0.6275292634963989,-0.03189574554562569,0.3149369955062866,0.5553168654441833,-0.04719381034374237,0.3963314890861511,0.5454163551330566,-0.06372832506895065,0.4557870924472809,0.5701907277107239,-0.07872594892978668,0.4110860228538513,0.5324089527130127,-0.020288001745939255,0.5237793922424316,0.5103977918624878,-0.05802095681428909,0.5961031913757324,0.5095468759536743,-0.08308929949998856,0.6559054851531982,0.5097286105155945,-0.09895982593297958,0.41892215609550476,0.6075082421302795,-0.02204931154847145,0.4458577334880829,0.6319675445556641,-0.09791085869073868,0.3658638000488281,0.6562426686286926,-0.11817063391208649,0.2982158660888672,0.6669937968254089,-0.1109427660703659,0.4167632758617401,0.6752492785453796,-0.027978181838989258,0.42174232006073,0.6941685080528259,-0.09087450802326202,0.34509924054145813,0.7034949064254761,-0.08215844631195068,0.28927338123321533,0.7001810669898987,-0.05675620585680008,0.40335774421691895,0.7344765067100525,-0.03734093904495239,0.3968634307384491,0.7528122663497925,-0.0751325860619545,0.33566582202911377,0.7481743693351746,-0.06685245037078857,0.2937985956668854,0.7350887656211853,-0.04721103236079216
0.23306910693645477,0.7356374859809875,-1.6734789198835642e-07,0.24706052243709564,0.6255519986152649,-0.030707621946930885,0.3157382905483246,0.5517126321792603,-0.04540245234966278,0.3972938656806946,0.5427098274230957,-0.06142592430114746,0.4553016424179077,0.5697180032730103,-0.07601621001958847,0.4119749367237091,0.5303376317024231,-0.02089870162308216,0.5249605774879456,0.5079053044319153,-0.05798632279038429,0.5966246724128723,0.5078742504119873,-0.08224242925643921,0.6561364531517029,0.5090755820274353,-0.09751811623573303,0.419521301984787,0.6037472486495972,-0.02264569327235222,0.44549331068992615,0.6325441598892212,-0.09743817895650864,0.365059494972229,0.6578760743141174,-0.11659090965986252,0.29761239886283875,0.6684786081314087,-0.10893967747688293,0.41751620173454285,0.6700549721717834,-0.028379883617162704,0.42150670289993286,0.6921871304512024,-0.09030341356992722,0.34466588497161865,0.7025730609893799,-0.08117548376321793,0.2885279357433319,0.6994166374206543,-0.05586728826165199,0.4044935703277588,0.7285661697387695,-0.03744649514555931,0.39836984872817993,0.7490271329879761,-0.07481227070093155,0.33604735136032104,0.7450202703475952,-0.06645962595939636,0.29262688755989075,0.7313936948776245,-0.04696487635374069
0.2385903298854828,0.7338587641716003,-1.4665457115370373e-07,0.2536579668521881,0.6244306564331055,-0.029410075396299362,0.3219996392726898,0.5522034168243408,-0.043640218675136566,0.4014047682285309,0.5404909253120422,-0.06000293418765068,0.45927920937538147,0.5652371048927307,-0.07509367913007736,0.4159570634365082,0.5282307863235474,-0.015555261634290218,0.5268988013267517,0.5059729814529419,-0.05334502086043358,0.5988670587539673,0.5057418346405029,-0.07977399975061417,0.6581345796585083,0.5077276229858398,-0.09622912853956223,0.42506834864616394,0.6018867492675781,-0.017829202115535736,0.4491618573665619,0.628778874874115,-0.09245716780424118,0.3723733723163605,0.6538754105567932,-0.11432880163192749,0.30730167031288147,0.6652916669845581,-0.10870730131864548,0.42526745796203613,0.6671341061592102,-0.024328216910362244,0.4281001389026642,0.686691164970398,-0.08641422539949417,0.35310447216033936,0.6983428001403809,-0.07924696058034897,0.2977484464645386,0.6977044343948364,-0.05487245321273804,0.4152933955192566,0.7242296934127808,-0.034043218940496445,0.411363810300827,0.7426310777664185,-0.07024356722831726,0.35246801376342773,0.7403930425643921,-0.061418261379003525,0.31041309237480164,0.7292584180831909,-0.0413840189576149
0.24254293739795685,0.742416262626648,-1.5182348533926415e-07,0.2612701952457428,0.6296515464782715,-0.02875193953514099,0.33228546380996704,0.5592077970504761,-0.04181718826293945,0.4140287935733795,0.5575389862060547,-0.05615139380097389,0.4694916307926178,0.5862774848937988,-0.06866871565580368,0.4249454736709595,0.5461512207984924,-0.01905423030257225,0.5367180109024048,0.5296682119369507,-0.05591914430260658,0.6085919141769409,0.5329641103744507,-0.08108058571815491,0.6672947406768799,0.535865306854248,-0.0970701351761818,0.429877907037735,0.621425449848175,-0.020851600915193558,0.4591232240200043,0.6483801007270813,-0.09382327646017075,0.38168102502822876,0.6701028347015381,-0.1130901649594307,0.31504857540130615,0.6770946383476257,-0.1062924787402153,0.4265747368335724,0.6883794069290161,-0.026575051248073578,0.4339219927787781,0.7069138288497925,-0.08621343225240707,0.3591621518135071,0.713286817073822,-0.0768919587135315,0.3038185238838196,0.7073327302932739,-0.052220284938812256,0.41246935725212097,0.74665367603302,-0.03553299233317375,0.40892475843429565,0.7647991180419922,-0.07023905217647552,0.3494233787059784,0.7553205490112305,-0.0613928884267807,0.3080674409866333,0.7378753423690796,-0.04236632212996483
0.24213482439517975,0.7409714460372925,-1.4932697922631633e-07,0.26158151030540466,0.6293660998344421,-0.02898700162768364,0.3322313725948334,0.5603659152984619,-0.04218493029475212,0.41377103328704834,0.5582500100135803,-0.05655813589692116,0.4684734046459198,0.5883780121803284,-0.06905306875705719,0.4250715672969818,0.5458455681800842,-0.019230395555496216,0.535702109336853,0.5302380919456482,-0.05719922482967377,0.6081624627113342,0.5341833233833313,-0.08391907811164856,0.667751669883728,0.5376871824264526,-0.10098016262054443,0.42991262674331665,0.6204656362533569,-0.0206601582467556,0.4580480754375458,0.6490718126296997,-0.09368014335632324,0.38113489747047424,0.670443594455719,-0.1137569323182106,0.3145144283771515,0.6770533323287964,-0.10774295777082443,0.4264289438724518,0.6870541572570801,-0.026036685332655907,0.4326736330986023,0.7075012922286987,-0.08556611090898514,0.3581606149673462,0.7125688195228577,-0.07723435759544373,0.3021724224090576,0.7061299085617065,-0.05332966148853302,0.41197970509529114,0.7450109124183655,-0.03471261262893677,0.4060567617416382,0.7655149698257446,-0.06958628445863724,0.3466127812862396,0.755418598651886,-0.06164873018860817,0.3050503134727478,0.7374371290206909,-0.04321206733584404
0.24339698255062103,0.7422977685928345,-1.5238542516726739e-07,0.2623804211616516,0.6304550766944885,-0.028235778212547302,0.33407407999038696,0.5625886917114258,-0.041504617780447006,0.41458144783973694,0.5647867321968079,-0.05631621554493904,0.4679180681705475,0.5960683822631836,-0.06943647563457489,0.42848435044288635,0.5490140914916992,-0.02025730162858963,0.538581132888794,0.5299268364906311,-0.05705704540014267,0.6097874641418457,0.5299712419509888,-0.08314663171768188,0.6685423254966736,0.5299690961837769,-0.10032213479280472,0.43262141942977905,0.6244274377822876,-0.022816728800535202,0.4568253755569458,0.6527550220489502,-0.09512898325920105,0.3820297122001648,0.6745282411575317,-0.11597379297018051,0.3160475492477417,0.6816728711128235,-0.11121359467506409,0.4279415011405945,0.691895067691803,-0.02901689149439335,0.4324111044406891,0.7117636203765869,-0.08890240639448166,0.3578186631202698,0.7183712124824524,-0.08131182938814163,0.30050718784332275,0.7127496600151062,-0.05819135159254074,0.41239190101623535,0.7496333122253418,-0.03838347643613815,0.4073757231235504,0.7694786787033081,-0.07469743490219116,0.3477427065372467,0.761478841304779,-0.06685777753591537,0.3048918843269348,0.7448349595069885,-0.048461250960826874
0.24397796392440796,0.7455089688301086,-1.6673047298354504e-07,0.26110631227493286,0.6337645053863525,-0.029453055933117867,0.33222174644470215,0.5665642023086548,-0.04255754500627518,0.4140252470970154,0.5701382160186768,-0.05683167278766632,0.46767058968544006,0.6005575656890869,-0.06886838376522064,0.4274972081184387,0.548833966255188,-0.019785577431321144,0.5386594533920288,0.5277713537216187,-0.055428698658943176,0.6094052195549011,0.5270230174064636,-0.07940132915973663,0.66729736328125,0.5267682075500488,-0.09498220682144165,0.4316408038139343,0.6234651803970337,-0.02123570442199707,0.4583399295806885,0.6520630121231079,-0.09343743324279785,0.38321423530578613,0.6746886968612671,-0.11287900805473328,0.31784772872924805,0.6825358867645264,-0.1065308004617691,0.4275071322917938,0.6905537843704224,-0.026506906375288963,0.43288931250572205,0.7107220888137817,-0.08584233373403549,0.35865914821624756,0.7162155508995056,-0.07778257876634598,0.3029913604259491,0.7097241878509521,-0.054242268204689026,0.4126379191875458,0.7482659816741943,-0.03509701415896416,0.40605300664901733,0.7675288915634155,-0.07040149718523026,0.3467596173286438,0.7577510476112366,-0.06304888427257538,0.30559903383255005,0.7395625114440918,-0.04518744722008705
0.24186715483665466,0.7471952438354492,-1.555164601541037e-07,0.2612431049346924,0.6342419385910034,-0.031176242977380753,0.3340204656124115,0.5683018565177917,-0.04527336731553078,0.4165939390659332,0.5726779103279114,-0.06045571714639664,0.47151002287864685,0.6025855541229248,-0.07347211986780167,0.4254463315010071,0.5515766143798828,-0.021819235756993294,0.5356680750846863,0.5262731313705444,-0.05876854062080383,0.6067953109741211,0.523662269115448,-0.08342425525188446,0.6658351421356201,0.5229222178459167,-0.09933534264564514,0.4305257797241211,0.6262733340263367,-0.023009024560451508,0.4578893184661865,0.6547623872756958,-0.09696869552135468,0.38283571600914,0.6766988039016724,-0.11719334870576859,0.3173510730266571,0.6847513914108276,-0.11087757349014282,0.426090270280838,0.6932666897773743,-0.02815011329948902,0.4310714304447174,0.7142318487167358,-0.08924796432256699,0.3570297062397003,0.7195538878440857,-0.08189578354358673,0.30119621753692627,0.7134096026420593,-0.05815404653549194,0.4101715087890625,0.750673234462738,-0.036726027727127075,0.4046357572078705,0.7709144353866577,-0.0732598751783371,0.34683898091316223,0.7614050507545471,-0.06638849526643753,0.3056621551513672,0.7431334257125854,-0.04845184460282326
0.24535296857357025,0.7427186369895935,-1.5234559214150067e-07,0.26322856545448303,0.6305602192878723,-0.0305450651794672,0.33375242352485657,0.5672284364700317,-0.044963184744119644,0.4146633744239807,0.5731029510498047,-0.060643963515758514,0.46845513582229614,0.6018534898757935,-0.07414231449365616,0.42986056208610535,0.5489197969436646,-0.021453140303492546,0.5394103527069092,0.5210448503494263,-0.05685063824057579,0.6089311838150024,0.5147535800933838,-0.08018042892217636,0.6660251021385193,0.5105919241905212,-0.09527973085641861,0.43359026312828064,0.6245020627975464,-0.022827981039881706,0.4595373272895813,0.6544440388679504,-0.09609966725111008,0.38397181034088135,0.6759767532348633,-0.11603832989931107,0.3177303075790405,0.6841089725494385,-0.10943441838026047,0.4276813566684723,0.692380964756012,-0.027960985898971558,0.4312254786491394,0.7130782604217529,-0.08865029364824295,0.35802045464515686,0.7182996273040771,-0.08147317916154861,0.30272066593170166,0.7124318480491638,-0.057822518050670624,0.41093823313713074,0.7497580051422119,-0.03636457026004791,0.4050327241420746,0.7689957618713379,-0.07225397229194641,0.348152220249176,0.7594935894012451,-0.0650392547249794,0.30772608518600464,0.7415913939476013,-0.046890173107385635
0.24186845123767853,0.7475537657737732,-1.6855214823863207e-07,0.2621193826198578,0.6359997987747192,-0.031170565634965897,0.33335596323013306,0.5715639591217041,-0.045100726187229156,0.41498863697052,0.5757933855056763,-0.060590166598558426,0.47000205516815186,0.6065170168876648,-0.07366476207971573,0.42683327198028564,0.5514506101608276,-0.018366849049925804,0.536471962928772,0.5184422731399536,-0.0538102425634861,0.6061577200889587,0.5098187923431396,-0.07685291022062302,0.6639578342437744,0.5046848058700562,-0.09178587049245834,0.43037378787994385,0.6266498565673828,-0.019981399178504944,0.45807862281799316,0.6538792848587036,-0.09455147385597229,0.3834071755409241,0.6759726405143738,-0.11550656706094742,0.3183213770389557,0.6853492259979248,-0.10896928608417511,0.42451047897338867,0.6948084831237793,-0.025648806244134903,0.429553359746933,0.7139937281608582,-0.08818687498569489,0.3555809259414673,0.7191921472549438,-0.08203466981649399,0.30015844106674194,0.7138860821723938,-0.05823285132646561,0.40752655267715454,0.7530388236045837,-0.03464134782552719,0.4016992449760437,0.7704974412918091,-0.07201418280601501,0.3444608151912689,0.7615402936935425,-0.06576760858297348,0.30408138036727905,0.7450164556503296,-0.0478358268737793
0.2429964542388916,0.746225893497467,-1.5638080697044643e-07,0.260276198387146,0.6349135041236877,-0.033053185790777206,0.33168041706085205,0.5710932612419128,-0.04846725985407829,0.4138190448284149,0.5756689310073853,-0.0649106502532959,0.46964168548583984,0.600776731967926,-0.07898873835802078,0.42699992656707764,0.549353301525116,-0.022836241871118546,0.5367335677146912,0.5150884389877319,-0.05773951858282089,0.6059517860412598,0.505233108997345,-0.07992438226938248,0.6632752418518066,0.4988364577293396,-0.09444234520196915,0.4304145276546478,0.6250367760658264,-0.023580363020300865,0.4584236145019531,0.6527534127235413,-0.09681043773889542,0.3841884732246399,0.6748550534248352,-0.116348035633564,0.3197540044784546,0.6845636367797852,-0.10957822948694229,0.424062043428421,0.6930198669433594,-0.02837175503373146,0.4301627576351166,0.7117393612861633,-0.08980107307434082,0.3574153184890747,0.7162270545959473,-0.08282531052827835,0.3030078411102295,0.7103747725486755,-0.05936533957719803,0.4070146381855011,0.7515342235565186,-0.036611851304769516,0.40287765860557556,0.7683181762695312,-0.07378929108381271,0.3464670777320862,0.7576148509979248,-0.06743627041578293,0.30630186200141907,0.7391798496246338,-0.04992258921265602
0.24013373255729675,0.7493374943733215,-1.8661911838080414e-07,0.25745058059692383,0.6332578659057617,-0.031792234629392624,0.32916828989982605,0.5660654902458191,-0.046749260276556015,0.41257673501968384,0.5698370933532715,-0.0630282461643219,0.46911898255348206,0.5983278155326843,-0.07693245261907578,0.4240763485431671,0.5455910563468933,-0.02271156571805477,0.5339578986167908,0.5055843591690063,-0.059036269783973694,0.6041321754455566,0.49267077445983887,-0.0826755091547966,0.6627793908119202,0.4844033122062683,-0.09828867018222809,0.4293724000453949,0.6221553087234497,-0.02428552508354187,0.45634010434150696,0.6448145508766174,-0.09904012084007263,0.38116779923439026,0.668032705783844,-0.11917804926633835,0.31637874245643616,0.6805305480957031,-0.11274699121713638,0.4243849813938141,0.6915119886398315,-0.02984127588570118,0.4300103187561035,0.7075807452201843,-0.09239815920591354,0.35514146089553833,0.7123268842697144,-0.08527962863445282,0.29910901188850403,0.7084088921546936,-0.06149155646562576,0.40828385949134827,0.7507973909378052,-0.03883078321814537,0.40229302644729614,0.765129804611206,-0.07657861709594727,0.3441227674484253,0.7539685368537903,-0.07035080343484879,0.30333244800567627,0.7368729710578918,-0.052869684994220734
0.23906058073043823,0.7496970891952515,-1.9151387675719889e-07,0.25645965337753296,0.6354489922523499,-0.0320560522377491,0.3282583951950073,0.5667521953582764,-0.047554198652505875,0.41095685958862305,0.5697565078735352,-0.06441673636436462,0.4679681658744812,0.5996496677398682,-0.07916160672903061,0.4238179326057434,0.5504685044288635,-0.023413829505443573,0.5343811511993408,0.5159339308738708,-0.05960169807076454,0.6045169830322266,0.5079771876335144,-0.08305113762617111,0.6627349257469177,0.502894401550293,-0.09844984114170074,0.4290803074836731,0.625633955001831,-0.024860156700015068,0.45347121357917786,0.6487562656402588,-0.09942314028739929,0.3781766891479492,0.6713230609893799,-0.11971555650234222,0.3137282133102417,0.6815391182899475,-0.1135927066206932,0.4247584640979767,0.6930637955665588,-0.030249040573835373,0.4276956021785736,0.7092652320861816,-0.09248827397823334,0.35276034474372864,0.7141205072402954,-0.08569377660751343,0.29662442207336426,0.7082175016403198,-0.06230337172746658,0.4095768332481384,0.7515959739685059,-0.039069849997758865,0.40193819999694824,0.7662407159805298,-0.07680454105138779,0.34312450885772705,0.7554567456245422,-0.07052166014909744,0.30101022124290466,0.7364606261253357,-0.05294892564415932
0.235699862241745,0.7408568859100342,-1.4071297016471362e-07,0.2556515336036682,0.6259915232658386,-0.029298881068825722,0.3288651704788208,0.5594643354415894,-0.04448315501213074,0.4084157645702362,0.5575394630432129,-0.062052350491285324,0.4651032090187073,0.5816922783851624,-0.07828205823898315,0.4180423617362976,0.5409083366394043,-0.020066332072019577,0.5275439620018005,0.5086014270782471,-0.055399589240550995,0.5972718596458435,0.5003061890602112,-0.07776002585887909,0.6553574800491333,0.4959329068660736,-0.09212787449359894,0.42258498072624207,0.6173650622367859,-0.023888040333986282,0.4461527466773987,0.6370333433151245,-0.09852422773838043,0.37140172719955444,0.6527870297431946,-0.11873944103717804,0.30585092306137085,0.6605274677276611,-0.11205286532640457,0.4165005385875702,0.6852424144744873,-0.031498003751039505,0.4145662486553192,0.6971343159675598,-0.09452623128890991,0.34006452560424805,0.6991490721702576,-0.08822531253099442,0.2834634780883789,0.6927620768547058,-0.06459620594978333,0.3986301124095917,0.7426643371582031,-0.042134348303079605,0.38788527250289917,0.7526587843894958,-0.08007083833217621,0.3293200135231018,0.7438381910324097,-0.07268338650465012,0.28644025325775146,0.7287750840187073,-0.053919579833745956
0.2348679006099701,0.7398706078529358,-1.8489608066829533e-07,0.2547556459903717,0.6277437806129456,-0.03255088999867439,0.32494714856147766,0.5606577396392822,-0.04899490624666214,0.4035423994064331,0.5576778054237366,-0.06703029572963715,0.4622357487678528,0.5834972858428955,-0.08335455507040024,0.41960805654525757,0.5400987863540649,-0.023353736847639084,0.5277969241142273,0.5064607262611389,-0.05968344211578369,0.5960120558738708,0.4991433024406433,-0.0817713811993599,0.6535434722900391,0.49516433477401733,-0.09602173417806625,0.42704254388809204,0.6178397536277771,-0.02591039054095745,0.4473934769630432,0.6374652981758118,-0.10097920894622803,0.3686720132827759,0.6545531749725342,-0.1195329949259758,0.302550733089447,0.6633844971656799,-0.11163173615932465,0.42124220728874207,0.6875686049461365,-0.03273114562034607,0.41385573148727417,0.6999112367630005,-0.09597121179103851,0.3379054665565491,0.7008883953094482,-0.0881732925772667,0.28241467475891113,0.69430011510849,-0.06372126936912537,0.40251731872558594,0.7469234466552734,-0.043079789727926254,0.3846954107284546,0.7584304213523865,-0.08167464286088943,0.32517755031585693,0.7473692893981934,-0.07496871799230576,0.2840518355369568,0.730819582939148,-0.05686148256063461
0.23268245160579681,0.7416130304336548,-1.4211809684638865e-07,0.2468053698539734,0.635684609413147,-0.03222295269370079,0.3149787187576294,0.5669293403625488,-0.046260204166173935,0.3924216330051422,0.5626603364944458,-0.061410170048475266,0.44767364859580994,0.5857201814651489,-0.07524604350328445,0.40574198961257935,0.544269323348999,-0.018604101613163948,0.5098746418952942,0.5201940536499023,-0.05087866634130478,0.5744417309761047,0.5165829062461853,-0.07034467160701752,0.6278749704360962,0.516513466835022,-0.08283336460590363,0.4129258394241333,0.6140754222869873,-0.019564474001526833,0.4332267642021179,0.6353962421417236,-0.08837799727916718,0.35925230383872986,0.6534909009933472,-0.10496661067008972,0.29830458760261536,0.6645230054855347,-0.09681713581085205,0.40703871846199036,0.6755025386810303,-0.025058196857571602,0.40371111035346985,0.6909822821617126,-0.08244843035936356,0.3346843719482422,0.6938297748565674,-0.07531095296144485,0.2847200632095337,0.6910043358802795,-0.05313057452440262,0.38930544257164,0.7310662865638733,-0.03424927219748497,0.371628999710083,0.7445455193519592,-0.07004747539758682,0.3151131570339203,0.7366286516189575,-0.06527674198150635,0.2780018746852875,0.7232059836387634,-0.049670927226543427
0.23316709697246552,0.7387290000915527,-1.3425933786948008e-07,0.24724791944026947,0.6310124397277832,-0.0320759117603302,0.314475417137146,0.5626372694969177,-0.04590412601828575,0.3930821716785431,0.5551559925079346,-0.06098845973610878,0.4495818614959717,0.5774912238121033,-0.07464771717786789,0.40194445848464966,0.5392866730690002,-0.016059154644608498,0.5057945251464844,0.5124445557594299,-0.04871810972690582,0.5701878070831299,0.5076992511749268,-0.06880264729261398,0.6241185665130615,0.5069446563720703,-0.08159928768873215,0.4089187979698181,0.6089916825294495,-0.016965925693511963,0.4345149099826813,0.6281520128250122,-0.08684282004833221,0.3602558672428131,0.6462957262992859,-0.1043119877576828,0.29794034361839294,0.6576746106147766,-0.09630005061626434,0.4040016233921051,0.6706662178039551,-0.02250339835882187,0.4054156243801117,0.6852482557296753,-0.081036776304245,0.3347785472869873,0.6887529492378235,-0.07414798438549042,0.2827589809894562,0.6860966682434082,-0.05149002745747566,0.38748809695243835,0.725925087928772,-0.031681254506111145,0.37347880005836487,0.7402116060256958,-0.06749952584505081,0.31693723797798157,0.733309805393219,-0.06236568093299866,0.2785801589488983,0.720785915851593,-0.04631149768829346
0.23467005789279938,0.7281972169876099,-1.46062816952508e-07,0.25094467401504517,0.6247145533561707,-0.032602451741695404,0.31824353337287903,0.5562713146209717,-0.04762095957994461,0.3955109417438507,0.5507684946060181,-0.06378424912691116,0.4509449005126953,0.5747055411338806,-0.0785609632730484,0.40283942222595215,0.5325835347175598,-0.019340068101882935,0.5053002834320068,0.505384624004364,-0.05352547764778137,0.5699000954627991,0.5007147192955017,-0.07471943646669388,0.6237728595733643,0.4993005692958832,-0.0879485234618187,0.411044180393219,0.6004811525344849,-0.019687041640281677,0.43231233954429626,0.622654914855957,-0.09048596024513245,0.3577454686164856,0.6441724300384521,-0.10818487405776978,0.2966027855873108,0.6562026143074036,-0.10026267915964127,0.4087173044681549,0.66084885597229,-0.02451964281499386,0.40554872155189514,0.6783547401428223,-0.08269458264112473,0.3356189727783203,0.6851295232772827,-0.07505505532026291,0.2854079604148865,0.6833252310752869,-0.05194110795855522,0.3953130841255188,0.7158740162849426,-0.03304675593972206,0.38102322816848755,0.7305169701576233,-0.06753123551607132,0.3244084119796753,0.7235460877418518,-0.06105545163154602,0.2864514887332916,0.7099868655204773,-0.04407515004277229
0.23603203892707825,0.7084413170814514,-1.078456577374709e-07,0.2522091865539551,0.6025930047035217,-0.03187549486756325,0.31787750124931335,0.5343344211578369,-0.047565050423145294,0.3925175070762634,0.5263558030128479,-0.06506168097257614,0.4495179057121277,0.5501512289047241,-0.08099908381700516,0.4028753936290741,0.5075883269309998,-0.01678217202425003,0.5028960704803467,0.479056715965271,-0.05012942850589752,0.5659230351448059,0.4741080701351166,-0.07041149586439133,0.6189079880714417,0.47307467460632324,-0.08281335979700089,0.41320979595184326,0.5772449970245361,-0.01802927255630493,0.43310898542404175,0.5978396534919739,-0.08906412869691849,0.3587779402732849,0.6180248856544495,-0.10752169042825699,0.29578620195388794,0.6308637857437134,-0.09943314641714096,0.4128793478012085,0.6405153870582581,-0.02372094802558422,0.4071469306945801,0.6567190289497375,-0.08293606340885162,0.33727213740348816,0.6666059494018555,-0.0758618414402008,0.2853960692882538,0.6681646108627319,-0.05184395611286163,0.4010118544101715,0.6964536309242249,-0.03290847688913345,0.3884938359260559,0.7096188068389893,-0.06786421686410904,0.33527183532714844,0.7089611887931824,-0.061140142381191254,0.29781368374824524,0.7017760276794434,-0.04306352511048317
0.23877005279064178,0.7087775468826294,-1.5293849742192833e-07,0.25089579820632935,0.603717565536499,-0.032256972044706345,0.31419339776039124,0.5348223447799683,-0.04610520973801613,0.3922552764415741,0.526562511920929,-0.06154314801096916,0.45025357604026794,0.5499758124351501,-0.07574091106653214,0.3997286558151245,0.5098876357078552,-0.012389609590172768,0.5012866258621216,0.478675901889801,-0.04311567172408104,0.5656322240829468,0.4734513759613037,-0.061891984194517136,0.6193844079971313,0.47168996930122375,-0.07371560484170914,0.4098586440086365,0.5774784088134766,-0.011862114071846008,0.43035969138145447,0.595966100692749,-0.07895264029502869,0.3575882613658905,0.6184510588645935,-0.0966634526848793,0.2975517511367798,0.6327340006828308,-0.08927219361066818,0.41007325053215027,0.6379027366638184,-0.01608523353934288,0.4095461964607239,0.6519174575805664,-0.0739840641617775,0.3387320637702942,0.6608831286430359,-0.0682777613401413,0.28783518075942993,0.6625689268112183,-0.045960910618305206,0.400236576795578,0.6940091252326965,-0.023678582161664963,0.3894117772579193,0.7026923894882202,-0.05935041606426239,0.3338835835456848,0.7009650468826294,-0.054186489433050156,0.2955959737300873,0.6938688158988953,-0.03756672516465187
0.2400653213262558,0.7064813375473022,-1.4045947693830385e-07,0.24889013171195984,0.602173924446106,-0.03178917244076729,0.3117010295391083,0.5327877402305603,-0.04573162645101547,0.38997578620910645,0.5249512791633606,-0.06122260540723801,0.44797036051750183,0.5485199689865112,-0.0754358321428299,0.4013321101665497,0.5066136717796326,-0.013548871502280235,0.5026879906654358,0.4758354425430298,-0.04549403116106987,0.567193329334259,0.46971774101257324,-0.06544619053602219,0.6207282543182373,0.4678877890110016,-0.0780358612537384,0.41285619139671326,0.5747499465942383,-0.013742439448833466,0.4292673170566559,0.5959881544113159,-0.08232707530260086,0.356344610452652,0.6188442707061768,-0.10045076906681061,0.29745447635650635,0.6320416927337646,-0.09324207156896591,0.41266897320747375,0.6350180506706238,-0.01860651560127735,0.4058891236782074,0.6515312790870667,-0.07680317014455795,0.33496367931365967,0.6603680849075317,-0.07049023360013962,0.2853109836578369,0.6600838899612427,-0.04801135137677193,0.4012298882007599,0.6898641586303711,-0.026967737823724747,0.38390856981277466,0.7023828625679016,-0.06186363473534584,0.3272252678871155,0.7005244493484497,-0.05588831752538681,0.2903774678707123,0.6914209723472595,-0.03892363980412483
0.24106310307979584,0.7034494876861572,-1.63331222324814e-07,0.2508637607097626,0.6001030206680298,-0.02990470454096794,0.31341123580932617,0.5307016372680664,-0.043245647102594376,0.39019855856895447,0.5247076749801636,-0.058425746858119965,0.4465537965297699,0.5501216650009155,-0.0723680928349495,0.4030604362487793,0.5049455165863037,-0.013178018853068352,0.5025349855422974,0.47501567006111145,-0.04493294283747673,0.5661341547966003,0.46973225474357605,-0.06506083905696869,0.6187258362770081,0.46791911125183105,-0.07797377556562424,0.4128963351249695,0.5734753012657166,-0.014566835016012192,0.4295235276222229,0.5936316251754761,-0.08189476281404495,0.3568502962589264,0.6171623468399048,-0.0997406467795372,0.298846572637558,0.6300137042999268,-0.09296593070030212,0.4116077423095703,0.6346953511238098,-0.02040478028357029,0.40640872716903687,0.6501021385192871,-0.07793375104665756,0.3353649973869324,0.6587727665901184,-0.07147679477930069,0.28624334931373596,0.6573788523674011,-0.04937364161014557,0.39932775497436523,0.6904376149177551,-0.029505973681807518,0.38527679443359375,0.7011347413063049,-0.06412354111671448,0.3286767899990082,0.6990563869476318,-0.057495664805173874,0.29199326038360596,0.6893314123153687,-0.040395114570856094
0.24049149453639984,0.7032660841941833,-1.481384401813557e-07,0.25050580501556396,0.5997337102890015,-0.03092973306775093,0.3119873106479645,0.5304747819900513,-0.04499635472893715,0.3886353075504303,0.524757444858551,-0.06084519997239113,0.44536441564559937,0.5506157875061035,-0.07543797791004181,0.4023229777812958,0.5047164559364319,-0.013054043985903263,0.5021294951438904,0.4746999740600586,-0.04520587995648384,0.5661052465438843,0.4690844416618347,-0.0653977245092392,0.619236409664154,0.4675150215625763,-0.07813569903373718,0.4123813509941101,0.5725727677345276,-0.014022418297827244,0.42891404032707214,0.5929849743843079,-0.0822649896144867,0.3558975160121918,0.6166589260101318,-0.1003483310341835,0.29751306772232056,0.6305488348007202,-0.09312852472066879,0.41146284341812134,0.6330572366714478,-0.019608821719884872,0.4060247540473938,0.6502541303634644,-0.07818293571472168,0.3350136876106262,0.6593774557113647,-0.07195091992616653,0.2856447696685791,0.658815860748291,-0.049285952001810074,0.39955827593803406,0.6880246996879578,-0.028524262830615044,0.38534075021743774,0.7002411484718323,-0.06372038275003433,0.32914620637893677,0.6990973949432373,-0.057223688811063766,0.2927704453468323,0.6901884078979492,-0.03974810615181923
0.23825675249099731,0.7027039527893066,-1.3564834944190807e-07,0.24922972917556763,0.5993565917015076,-0.03141277655959129,0.3112486004829407,0.5314872860908508,-0.045466627925634384,0.38814815878868103,0.5252179503440857,-0.0613095760345459,0.4456549286842346,0.548027515411377,-0.07596062123775482,0.401473730802536,0.5007445216178894,-0.011923975311219692,0.5014312267303467,0.47316527366638184,-0.045190878212451935,0.5658578276634216,0.4680935740470886,-0.06664719432592392,0.6194223761558533,0.4666493535041809,-0.0801922008395195,0.4121522009372711,0.5695086717605591,-0.012929463759064674,0.4289040267467499,0.5906915068626404,-0.08321329951286316,0.35458478331565857,0.6154131889343262,-0.10269858688116074,0.2946104407310486,0.6295810341835022,-0.09587091952562332,0.41182056069374084,0.6307610273361206,-0.018725711852312088,0.4059309959411621,0.6482665538787842,-0.07932024449110031,0.3334171175956726,0.6585984826087952,-0.07362938672304153,0.28257042169570923,0.6583459377288818,-0.05069858208298683,0.40018656849861145,0.6858689188957214,-0.02788781374692917,0.38484469056129456,0.6998486518859863,-0.06498179584741592,0.3268245756626129,0.699845552444458,-0.05903167277574539,0.28912192583084106,0.6906428933143616,-0.04143331199884415
0.2387641966342926,0.7049831748008728,-1.3304735091423936e-07,0.2482919842004776,0.5986811518669128,-0.03131762892007828,0.30980437994003296,0.531014621257782,-0.04451936110854149,0.387405127286911,0.5255480408668518,-0.05948951095342636,0.44401979446411133,0.5501121878623962,-0.07304932922124863,0.3997851610183716,0.5033461451530457,-0.009461155161261559,0.5007373094558716,0.47359925508499146,-0.04130061715841293,0.5653073787689209,0.46761107444763184,-0.061904679983854294,0.6191333532333374,0.46583229303359985,-0.07506219297647476,0.4097047746181488,0.5722346305847168,-0.010058986023068428,0.42941030859947205,0.5902721285820007,-0.07857782393693924,0.3556460440158844,0.6141027212142944,-0.09761600941419601,0.2970569133758545,0.6283661723136902,-0.09080187976360321,0.40872129797935486,0.6333619356155396,-0.015539716929197311,0.4060280919075012,0.6472228169441223,-0.07478344440460205,0.3345717787742615,0.6565326452255249,-0.06930264085531235,0.28549137711524963,0.6568411588668823,-0.04683774337172508,0.3968030512332916,0.6886438131332397,-0.0243672002106905,0.38431257009506226,0.6987730860710144,-0.06023339182138443,0.32825005054473877,0.6974111795425415,-0.05420570448040962,0.2920399308204651,0.6883637309074402,-0.03688964992761612
0.23012575507164001,0.7227586507797241,-1.0334936462186306e-07,0.23979511857032776,0.6160888671875,-0.03428506478667259,0.2985859215259552,0.5447011590003967,-0.048721764236688614,0.37557655572891235,0.5310404896736145,-0.06436015665531158,0.4348629415035248,0.552216112613678,-0.07808776944875717,0.38444721698760986,0.5119603276252747,-0.010671621188521385,0.4883071482181549,0.4760008454322815,-0.043616604059934616,0.5548000335693359,0.46701693534851074,-0.06452061235904694,0.6103809475898743,0.4619297385215759,-0.07740779966115952,0.395883172750473,0.5798242092132568,-0.009378824383020401,0.4222569465637207,0.5984292030334473,-0.08166851848363876,0.3493707478046417,0.6308333873748779,-0.10269410908222198,0.2877250611782074,0.6506901979446411,-0.0955006554722786,0.3985929489135742,0.640102744102478,-0.012993459589779377,0.4021250307559967,0.6576455235481262,-0.07590796798467636,0.32949113845825195,0.6765809655189514,-0.07143403589725494,0.276222288608551,0.6819456219673157,-0.047632403671741486,0.3903009295463562,0.6937628388404846,-0.019971752539277077,0.38321971893310547,0.7093799114227295,-0.058537621051073074,0.32575398683547974,0.7155020833015442,-0.053173478692770004,0.2846996486186981,0.7105711698532104,-0.03491054102778435
0.26948779821395874,0.7826600670814514,-3.852222718592202e-08,0.28252601623535156,0.6933724284172058,-0.03072216548025608,0.34167370200157166,0.6295725703239441,-0.043529212474823,0.40210992097854614,0.5986212491989136,-0.05677960067987442,0.44634202122688293,0.5842064023017883,-0.06879119575023651,0.411978542804718,0.6131622195243835,-0.024794895201921463,0.5008754730224609,0.5748552083969116,-0.05852247402071953,0.5597317814826965,0.5621553659439087,-0.07962025701999664,0.6093283295631409,0.552544355392456,-0.09248165786266327,0.42144328355789185,0.6727698445320129,-0.025050057098269463,0.4458627700805664,0.6879308819770813,-0.09029075503349304,0.3843904435634613,0.7151320576667786,-0.1067439541220665,0.3305388391017914,0.7276254892349243,-0.10058131068944931,0.4223315119743347,0.7305797934532166,-0.02907543070614338,0.4266314208507538,0.748699426651001,-0.08520433306694031,0.36565959453582764,0.7636683583259583,-0.07742441445589066,0.3196912109851837,0.7619824409484863,-0.05545923858880997,0.41370028257369995,0.7815517783164978,-0.03613078221678734,0.41691872477531433,0.8016535043716431,-0.07012428343296051,0.3691421151161194,0.8034993410110474,-0.06237931177020073,0.3326960802078247,0.7923993468284607,-0.04539237543940544
0.2666073143482208,0.6970752477645874,-8.354702174528938e-08,0.2905794382095337,0.5888946652412415,-0.03593935817480087,0.3643924593925476,0.5305452346801758,-0.0481729619204998,0.4416186809539795,0.5090407133102417,-0.06091419234871864,0.49987226724624634,0.5039271712303162,-0.07176470011472702,0.441461980342865,0.5304244756698608,-0.011839991435408592,0.5454750657081604,0.5048700571060181,-0.044700976461172104,0.61050945520401,0.5025169253349304,-0.06554316729307175,0.6660378575325012,0.5025173425674438,-0.07843349874019623,0.4426319897174835,0.5992646217346191,-0.009978675283491611,0.46970611810684204,0.6106007099151611,-0.08525840193033218,0.39739617705345154,0.6254287362098694,-0.1081933006644249,0.3363882899284363,0.6323874592781067,-0.10213108360767365,0.4349713921546936,0.6595433354377747,-0.012964469380676746,0.43751025199890137,0.6711046695709229,-0.0811709314584732,0.36568987369537354,0.6755601167678833,-0.07859967648983002,0.31281620264053345,0.6699755191802979,-0.054989904165267944,0.4185551702976227,0.7066056132316589,-0.018939925357699394,0.4114007353782654,0.7176170349121094,-0.0627581775188446,0.35608163475990295,0.7136692404747009,-0.05896701663732529,0.31663790345191956,0.7024796605110168,-0.04120676964521408
0.2655365765094757,0.6999679207801819,-1.0963969998556422e-07,0.2883855700492859,0.5904567241668701,-0.03482145071029663,0.363914430141449,0.5301982164382935,-0.04619995877146721,0.44122591614723206,0.5076759457588196,-0.05848962441086769,0.4998873174190521,0.5022765398025513,-0.0688427984714508,0.44226473569869995,0.5308653712272644,-0.009855618700385094,0.5453769564628601,0.5064624547958374,-0.04383614659309387,0.6106835007667542,0.5047814846038818,-0.06552158296108246,0.6662514805793762,0.5055843591690063,-0.07898034900426865,0.44570329785346985,0.6008525490760803,-0.009173518978059292,0.4694118797779083,0.6107286810874939,-0.08582714200019836,0.3960460424423218,0.6252338290214539,-0.10903088748455048,0.33534011244773865,0.6318322420120239,-0.10281119495630264,0.4391113221645355,0.6617932319641113,-0.013606940396130085,0.4373249411582947,0.6731386184692383,-0.08289343118667603,0.36388733983039856,0.6765227317810059,-0.08027414232492447,0.3120230436325073,0.6693649291992188,-0.05644283816218376,0.4226824939250946,0.710721492767334,-0.021054988726973534,0.41147109866142273,0.7215452790260315,-0.06550952047109604,0.3548593521118164,0.715281069278717,-0.06212314963340759,0.31693947315216064,0.7006801962852478,-0.04459255561232567
0.26336973905563354,0.705084502696991,-9.864709227258572e-08,0.28602978587150574,0.5954505205154419,-0.034272924065589905,0.36030980944633484,0.5367030501365662,-0.04518447443842888,0.4382920265197754,0.5149936676025391,-0.05716736987233162,0.49665218591690063,0.5081073045730591,-0.06742317229509354,0.44138479232788086,0.534835934638977,-0.006866555195301771,0.5444400310516357,0.508344829082489,-0.03886914998292923,0.6101929545402527,0.5062630772590637,-0.05999051779508591,0.665449857711792,0.5071033239364624,-0.07306576520204544,0.44446542859077454,0.6047093272209167,-0.0057418919168412685,0.46832096576690674,0.6153218150138855,-0.08052987605333328,0.39699333906173706,0.6293773055076599,-0.10446925461292267,0.33541738986968994,0.6356993913650513,-0.09886866807937622,0.43754062056541443,0.6652312278747559,-0.009663501754403114,0.4359830915927887,0.6766054630279541,-0.07754437625408173,0.36435365676879883,0.6795876622200012,-0.07687266916036606,0.31128430366516113,0.6722968816757202,-0.05441141873598099,0.42120832204818726,0.7131130695343018,-0.016475051641464233,0.4093163013458252,0.7238480448722839,-0.06018440052866936,0.3534102737903595,0.7180007696151733,-0.05782205983996391,0.31411927938461304,0.704155445098877,-0.0409371554851532
0.2603158950805664,0.7182061076164246,-1.5402839892431075e-07,0.28153157234191895,0.6034219861030579,-0.025221744552254677,0.3599246144294739,0.5438907742500305,-0.03178838640451431,0.4433072507381439,0.5395998954772949,-0.04088985174894333,0.5034169554710388,0.5459010004997253,-0.04902299493551254,0.4352531135082245,0.5272919535636902,0.0036723543889820576,0.5395478010177612,0.505035936832428,-0.02190154418349266,0.6049973964691162,0.5033854246139526,-0.03787064552307129,0.6592779159545898,0.5041401386260986,-0.04807065427303314,0.4380038380622864,0.6004223823547363,0.0014559909468516707,0.46971482038497925,0.60835200548172,-0.06541576236486435,0.3974040746688843,0.6254421472549438,-0.08423870801925659,0.33539634943008423,0.6370239853858948,-0.07620849460363388,0.4320259690284729,0.6654461622238159,-0.00530579686164856,0.4424740672111511,0.66438227891922,-0.06700074672698975,0.36682450771331787,0.6702158451080322,-0.06261923909187317,0.31198978424072266,0.6711896657943726,-0.03889327123761177,0.41685914993286133,0.720877468585968,-0.01430085301399231,0.41050636768341064,0.71421217918396,-0.053755830973386765,0.3525104224681854,0.7084025144577026,-0.049338992685079575,0.31332719326019287,0.7008001804351807,-0.03217897564172745
0.25692716240882874,0.7203338742256165,-1.323133886899086e-07,0.2821866273880005,0.6081823110580444,-0.02491731569170952,0.3617013394832611,0.5464686155319214,-0.03351020812988281,0.44504818320274353,0.5429338216781616,-0.04542619362473488,0.5060920715332031,0.5507574677467346,-0.05684511363506317,0.434812068939209,0.5288107395172119,0.0018551978282630444,0.5367472171783447,0.5067915320396423,-0.028020372614264488,0.6042280197143555,0.5049960017204285,-0.04802832752466202,0.6604291200637817,0.5075981616973877,-0.060595396906137466,0.4370677173137665,0.6020961403846741,-0.002484882716089487,0.46959948539733887,0.6084756851196289,-0.07327315956354141,0.39684703946113586,0.6227662563323975,-0.0946412906050682,0.33352726697921753,0.6337281465530396,-0.08785532414913177,0.4306514859199524,0.6680246591567993,-0.011554017663002014,0.44274723529815674,0.665953516960144,-0.07575104385614395,0.36559587717056274,0.6698569059371948,-0.07177571207284927,0.3090774118900299,0.6693606972694397,-0.0478057861328125,0.4141515791416168,0.724712073802948,-0.022878598421812057,0.41271165013313293,0.7155933380126953,-0.06311804801225662,0.3537295460700989,0.7094523906707764,-0.057490698993206024,0.31317153573036194,0.7016637921333313,-0.039244141429662704
0.25628215074539185,0.7232266664505005,-1.0000499628404214e-07,0.2807866930961609,0.6053816080093384,-0.02578619122505188,0.3593541979789734,0.5446876883506775,-0.033504001796245575,0.44497743248939514,0.5424120426177979,-0.044232241809368134,0.5062650442123413,0.5483255982398987,-0.05416296422481537,0.43174368143081665,0.5261006355285645,0.004846783820539713,0.5355459451675415,0.504463255405426,-0.023054979741573334,0.603055477142334,0.5011786222457886,-0.041638653725385666,0.6593310832977295,0.5022711753845215,-0.05351071432232857,0.43406566977500916,0.6003356575965881,0.0018147419905290008,0.4695712625980377,0.6083877086639404,-0.06802790611982346,0.39655134081840515,0.623183012008667,-0.08941850066184998,0.3320556879043579,0.6351447701454163,-0.08260161429643631,0.4281526207923889,0.6670727133750916,-0.006164326332509518,0.4422706663608551,0.6646913886070251,-0.07027103006839752,0.36529967188835144,0.6703007221221924,-0.06735993921756744,0.3080512583255768,0.6719786524772644,-0.04396810382604599,0.41280409693717957,0.724132776260376,-0.016388623043894768,0.4098546802997589,0.7139002680778503,-0.056973647326231,0.351308137178421,0.7077745199203491,-0.05280808359384537,0.31106212735176086,0.7006543278694153,-0.0355696976184845
0.2545754015445709,0.7253934741020203,-9.77990666228834e-08,0.2810252904891968,0.6061166524887085,-0.025182129815220833,0.35891783237457275,0.5441368222236633,-0.032570719718933105,0.44458910822868347,0.5418919324874878,-0.04368458315730095,0.5062625408172607,0.552200198173523,-0.05409017577767372,0.4300007224082947,0.5268370509147644,0.009015675634145737,0.5325719714164734,0.5033099055290222,-0.019507769495248795,0.6005328297615051,0.49963319301605225,-0.039455633610486984,0.6576248407363892,0.5009925365447998,-0.05199064686894417,0.4334038197994232,0.6010916233062744,0.006105765700340271,0.4661507308483124,0.6094071269035339,-0.06452316045761108,0.3944762945175171,0.6236611604690552,-0.08831481635570526,0.33092862367630005,0.6348820924758911,-0.0827583596110344,0.42872488498687744,0.6673195958137512,-0.001864069141447544,0.440667986869812,0.6662309169769287,-0.06688101589679718,0.36439454555511475,0.6704645752906799,-0.06650126725435257,0.30611708760261536,0.6702731251716614,-0.04404834285378456,0.41445988416671753,0.7230945825576782,-0.012007258832454681,0.41182276606559753,0.714402437210083,-0.05315999686717987,0.35459938645362854,0.7067177295684814,-0.05020369216799736,0.3127502501010895,0.6965712308883667,-0.03312935680150986
0.2539054751396179,0.7231101989746094,-1.0474022360540403e-07,0.2785322666168213,0.6054549217224121,-0.02572559006512165,0.3556022047996521,0.542934775352478,-0.03432297334074974,0.4417504370212555,0.5395110845565796,-0.04660671204328537,0.5039176344871521,0.5493965148925781,-0.05820586904883385,0.428987592458725,0.5244138240814209,0.00483175041154027,0.5321448445320129,0.49985402822494507,-0.024977507069706917,0.6003892421722412,0.49652794003486633,-0.045167893171310425,0.6575651168823242,0.49787506461143494,-0.05777071788907051,0.4339861571788788,0.5985289216041565,0.0017579735722392797,0.46567076444625854,0.6046620011329651,-0.06941304355859756,0.39413952827453613,0.6180704236030579,-0.09243428707122803,0.33030885457992554,0.6291908621788025,-0.08664236217737198,0.43057167530059814,0.664747953414917,-0.006311272736638784,0.44163966178894043,0.6629146337509155,-0.07182841747999191,0.3641560971736908,0.6671116352081299,-0.07098376005887985,0.3041595220565796,0.6673314571380615,-0.048429831862449646,0.41697603464126587,0.7204097509384155,-0.01663534715771675,0.41195470094680786,0.7121137976646423,-0.05877899006009102,0.35345423221588135,0.7036370038986206,-0.05647077038884163,0.3102126717567444,0.6931124329566956,-0.039890680462121964
0.28450721502304077,0.7035303711891174,-1.1753846251849609e-07,0.31094110012054443,0.5927217602729797,-0.024733228608965874,0.38488829135894775,0.529045581817627,-0.03407978266477585,0.4655625522136688,0.528559684753418,-0.047883182764053345,0.5254201292991638,0.543247640132904,-0.06119475141167641,0.45747110247612,0.5080806016921997,0.006907838396728039,0.55559903383255,0.4806858003139496,-0.022667109966278076,0.6200888156890869,0.4745888113975525,-0.04275469109416008,0.6742486357688904,0.4729876220226288,-0.05516752228140831,0.46540114283561707,0.5794509053230286,0.0028510044794529676,0.49039942026138306,0.5889085531234741,-0.0667555183172226,0.42006880044937134,0.6065636277198792,-0.08954408764839172,0.3585881292819977,0.6194260120391846,-0.08379768580198288,0.46477025747299194,0.6447765231132507,-0.0063046785071492195,0.4706190228462219,0.6479715704917908,-0.07031811028718948,0.3955388069152832,0.6577203869819641,-0.06887338310480118,0.3373112082481384,0.6611441969871521,-0.04601135104894638,0.4543975591659546,0.7019888162612915,-0.01781042292714119,0.4513613283634186,0.6998045444488525,-0.058859579265117645,0.39659222960472107,0.6990185379981995,-0.055327415466308594,0.35507622361183167,0.6939014792442322,-0.037664562463760376
0.2775338292121887,0.7132207155227661,-1.3480587313097203e-07,0.3036904036998749,0.5999298095703125,-0.02710745297372341,0.3793218731880188,0.5382885336875916,-0.03682541474699974,0.46312087774276733,0.5423213839530945,-0.0502704381942749,0.5239157676696777,0.5602512359619141,-0.06310426443815231,0.4557681679725647,0.5196364521980286,0.003926087636500597,0.5559809803962708,0.491759717464447,-0.02499561198055744,0.6201993227005005,0.48543840646743774,-0.044864386320114136,0.6748955845832825,0.48287755250930786,-0.05753161013126373,0.463530033826828,0.5927976965904236,0.001408469513989985,0.4876459240913391,0.6058715581893921,-0.06894412636756897,0.41478273272514343,0.6214205622673035,-0.09218770265579224,0.35151034593582153,0.6323661208152771,-0.08661964535713196,0.4614579677581787,0.6592308878898621,-0.006069711409509182,0.46515020728111267,0.664993405342102,-0.07027996331453323,0.38900914788246155,0.6717829704284668,-0.06927669793367386,0.3304382562637329,0.6733196973800659,-0.04683931916952133,0.44940194487571716,0.7170602679252625,-0.016061607748270035,0.443253755569458,0.7159560322761536,-0.05739026144146919,0.38602057099342346,0.7129133939743042,-0.054265398532152176,0.3436712622642517,0.7072815895080566,-0.036823105067014694
0.6176896095275879,0.6158726215362549,-7.35119414230212e-08,0.6143998503684998,0.5155482292175293,-0.04020412638783455,0.557964563369751,0.4219905436038971,-0.057818587869405746,0.4865950644016266,0.39068278670310974,-0.07385702431201935,0.4291728138923645,0.3931986093521118,-0.08834882825613022,0.4593488574028015,0.43157845735549927,-0.034871239215135574,0.3602377772331238,0.39627933502197266,-0.0706280767917633,0.2983357310295105,0.38312631845474243,-0.09082286804914474,0.2426670640707016,0.3752453625202179,-0.10436992347240448,0.45164525508880615,0.4971391558647156,-0.034329939633607864,0.41595181822776794,0.4525598883628845,-0.10186871141195297,0.494773268699646,0.47272467613220215,-0.1166059598326683,0.5483789443969727,0.49326300621032715,-0.10917721688747406,0.4541560709476471,0.5623427629470825,-0.038179077208042145,0.4268007278442383,0.5245451331138611,-0.10290924459695816,0.504710853099823,0.5379824638366699,-0.08938697725534439,0.5519404411315918,0.5509280562400818,-0.06154981628060341,0.4623976945877075,0.6321266293525696,-0.04524021968245506,0.4421437084674835,0.5948767066001892,-0.08898195624351501,0.4987707734107971,0.5922431945800781,-0.07795778661966324,0.5336436033248901,0.5960516333580017,-0.05757775530219078
0.6130720973014832,0.6419897675514221,-1.039437975691726e-07,0.6090923547744751,0.5406412482261658,-0.04175575450062752,0.5497217774391174,0.4481959342956543,-0.06042544171214104,0.4762183427810669,0.4228602647781372,-0.07706078886985779,0.41825297474861145,0.421206533908844,-0.09194567054510117,0.4486098289489746,0.45588433742523193,-0.039157934486866,0.3455248177051544,0.42095327377319336,-0.07629227638244629,0.281235933303833,0.408723920583725,-0.09693974256515503,0.22441034018993378,0.40236592292785645,-0.11065351963043213,0.44185560941696167,0.5254795551300049,-0.03838175907731056,0.4051936864852905,0.48429280519485474,-0.10723290592432022,0.48553910851478577,0.5042590498924255,-0.12134160101413727,0.5403761863708496,0.5230096578598022,-0.11341962218284607,0.44568708539009094,0.593246579170227,-0.04198969528079033,0.4167918562889099,0.5574707984924316,-0.10762826353311539,0.4961593449115753,0.5704650282859802,-0.09267168492078781,0.5444319248199463,0.5816237926483154,-0.06387251615524292,0.45624756813049316,0.6646392345428467,-0.04894617572426796,0.43245890736579895,0.6283268332481384,-0.09350195527076721,0.49070343375205994,0.6258255839347839,-0.0813065692782402,0.5267543792724609,0.6285554766654968,-0.05986831337213516
0.6123633980751038,0.6439339518547058,-7.828619175143103e-08,0.6070719957351685,0.5408976078033447,-0.04258979856967926,0.5499467849731445,0.4495691657066345,-0.06273410469293594,0.477902889251709,0.42320704460144043,-0.0809006467461586,0.41955000162124634,0.42436519265174866,-0.09721675515174866,0.4479770064353943,0.457893043756485,-0.04034920409321785,0.3453734815120697,0.4233125150203705,-0.07854238152503967,0.28092795610427856,0.4108853340148926,-0.10021572560071945,0.2240520417690277,0.40455979108810425,-0.11457614600658417,0.4414154291152954,0.5276685357093811,-0.0396188385784626,0.40542957186698914,0.4869398772716522,-0.10930699110031128,0.48500072956085205,0.5063127875328064,-0.12414231896400452,0.5395902395248413,0.5249613523483276,-0.11677198112010956,0.4452986717224121,0.5958895087242126,-0.04337829351425171,0.41719678044319153,0.5603434443473816,-0.10920307040214539,0.4952772557735443,0.5726011991500854,-0.09460452944040298,0.5429214835166931,0.5834972262382507,-0.06615074723958969,0.4557783901691437,0.6669550538063049,-0.050628311932086945,0.4335441291332245,0.6306887865066528,-0.09484575688838959,0.4906604290008545,0.6275390386581421,-0.08278976380825043,0.5258439183235168,0.6300291419029236,-0.06160164996981621
0.614417314529419,0.660198986530304,-9.034443593236574e-08,0.6124809384346008,0.5540351271629333,-0.04363051801919937,0.5540169477462769,0.4594686031341553,-0.06309924274682999,0.4801429808139801,0.42832767963409424,-0.08017224073410034,0.42076095938682556,0.4284096360206604,-0.0954260304570198,0.4510611593723297,0.4655976891517639,-0.04008862376213074,0.34751975536346436,0.4283069670200348,-0.0786077156662941,0.2814849615097046,0.413528174161911,-0.10063719004392624,0.22284111380577087,0.4056212306022644,-0.11540044099092484,0.4438929259777069,0.536060631275177,-0.038784656673669815,0.40648794174194336,0.49636727571487427,-0.10963068902492523,0.4879366457462311,0.5182234644889832,-0.125005304813385,0.5429193377494812,0.5386808514595032,-0.11775903403759003,0.44773587584495544,0.6053438186645508,-0.04201875627040863,0.4191560745239258,0.5710898041725159,-0.11002323031425476,0.4992005228996277,0.5860539078712463,-0.09535467624664307,0.54642653465271,0.5984013676643372,-0.06625014543533325,0.45731496810913086,0.6779660582542419,-0.04864025488495827,0.4336102604866028,0.642183780670166,-0.0941765159368515,0.492434561252594,0.641414999961853,-0.08145412057638168,0.5276594161987305,0.6457076072692871,-0.059576328843832016
0.6062285304069519,0.6620359420776367,-9.025556124697687e-08,0.6039425134658813,0.5550917387008667,-0.04534025117754936,0.5435327291488647,0.4610375463962555,-0.06482013314962387,0.4681771695613861,0.4318946301937103,-0.08183024823665619,0.408554345369339,0.4339774549007416,-0.09681475907564163,0.4376184940338135,0.4698413014411926,-0.038841214030981064,0.33245909214019775,0.43570470809936523,-0.07702600210905075,0.26575422286987305,0.4229922890663147,-0.09895667433738708,0.2070113718509674,0.41638684272766113,-0.11377757787704468,0.43117234110832214,0.5406559705734253,-0.036864373832941055,0.3953971266746521,0.503142237663269,-0.10858127474784851,0.47698771953582764,0.5235288739204407,-0.12431635707616806,0.5327883362770081,0.5423612594604492,-0.11682169884443283,0.43537119030952454,0.6099283695220947,-0.039848692715168,0.40930065512657166,0.5777000784873962,-0.10850543528795242,0.48980405926704407,0.5914105176925659,-0.09472792595624924,0.5373865365982056,0.6022606492042542,-0.065956711769104,0.44540005922317505,0.6822213530540466,-0.04651569575071335,0.4259212613105774,0.6486408114433289,-0.0930953174829483,0.48533982038497925,0.6475514769554138,-0.08195357769727707,0.5203332901000977,0.6496102809906006,-0.06091497838497162
0.60870361328125,0.6622133851051331,-1.0381042159224307e-07,0.606259822845459,0.5549088716506958,-0.04411426931619644,0.5440360307693481,0.4597308933734894,-0.06250310689210892,0.4675111770629883,0.4324079155921936,-0.07843165844678879,0.40852463245391846,0.43675607442855835,-0.09245891869068146,0.4411197006702423,0.47178804874420166,-0.03823783993721008,0.3344198167324066,0.4386136531829834,-0.07583141326904297,0.2675851583480835,0.42572021484375,-0.09726553410291672,0.20877960324287415,0.41952985525131226,-0.11184407770633698,0.43529459834098816,0.542714536190033,-0.03671034425497055,0.39657631516456604,0.5053191184997559,-0.10709206014871597,0.47921299934387207,0.5248821377754211,-0.12208256870508194,0.5342063903808594,0.5434361696243286,-0.11450568586587906,0.44003909826278687,0.6120635271072388,-0.03995564579963684,0.41060829162597656,0.5790606141090393,-0.10762354731559753,0.4918065369129181,0.5925740003585815,-0.09284670650959015,0.5386195182800293,0.6040891408920288,-0.06379479914903641,0.45007947087287903,0.6852642297744751,-0.046765804290771484,0.427423894405365,0.6509034633636475,-0.09236136823892593,0.4868517518043518,0.6493898034095764,-0.08002327382564545,0.5214314460754395,0.6525284647941589,-0.05852033942937851
0.6093103885650635,0.6602379679679871,-9.453614779886266e-08,0.6062545776367188,0.5527828931808472,-0.04453030973672867,0.5440195202827454,0.4587559700012207,-0.06324806809425354,0.46761322021484375,0.4324658513069153,-0.07943791896104813,0.4088273346424103,0.4370785057544708,-0.09373021125793457,0.440725177526474,0.4706951975822449,-0.03905540704727173,0.334616482257843,0.4382862448692322,-0.07643823325634003,0.2676873207092285,0.42617306113243103,-0.09792791306972504,0.20876963436603546,0.4196307361125946,-0.11264128983020782,0.4349138140678406,0.542763888835907,-0.03720247372984886,0.39820992946624756,0.5051857829093933,-0.10820227861404419,0.47989410161972046,0.5243729948997498,-0.12377186864614487,0.536247968673706,0.5426772832870483,-0.11645854264497757,0.439673513174057,0.612372100353241,-0.04008035734295845,0.4123408794403076,0.5795013904571533,-0.10762698203325272,0.4924018383026123,0.5917282104492188,-0.09377343952655792,0.5407549738883972,0.6024261713027954,-0.06538303941488266,0.4502030611038208,0.6849960088729858,-0.04660596698522568,0.4285985827445984,0.6509961485862732,-0.09266170859336853,0.4877645969390869,0.6491440534591675,-0.08155452460050583,0.5237377882003784,0.6514301896095276,-0.06080150231719017
0.6102069020271301,0.6600564122200012,-9.652934807036218e-08,0.6072430610656738,0.5538884997367859,-0.04445425048470497,0.5459339022636414,0.4622786045074463,-0.06385456770658493,0.47121092677116394,0.435308575630188,-0.08086808770895004,0.4119081497192383,0.4362894296646118,-0.09594588726758957,0.4407936632633209,0.4718756675720215,-0.040585365146398544,0.3341255784034729,0.4397323727607727,-0.07892628014087677,0.2675231099128723,0.4283466041088104,-0.10093095153570175,0.2087409943342209,0.4226890206336975,-0.11581508070230484,0.4352239966392517,0.5437142252922058,-0.03900470584630966,0.3995806872844696,0.506345272064209,-0.11008399724960327,0.48155081272125244,0.5254372358322144,-0.12539440393447876,0.5367981195449829,0.5433169603347778,-0.11818032711744308,0.44017571210861206,0.6133100390434265,-0.042142365127801895,0.41331401467323303,0.5808053016662598,-0.10987360030412674,0.49399253726005554,0.5929750204086304,-0.09535686671733856,0.5418693423271179,0.6033937335014343,-0.06663071364164352,0.45096513628959656,0.6857556700706482,-0.04891049489378929,0.42899200320243835,0.6518226861953735,-0.09485112875699997,0.4883127808570862,0.6496763825416565,-0.08288364112377167,0.5241438150405884,0.6518005132675171,-0.06150861456990242
0.6103104948997498,0.6614076495170593,-8.661009331945024e-08,0.6073518395423889,0.5541139841079712,-0.04582042619585991,0.546063244342804,0.46124398708343506,-0.06587080657482147,0.4709624648094177,0.4329294264316559,-0.08326970785856247,0.4111053943634033,0.43604105710983276,-0.09866508841514587,0.44124162197113037,0.471468448638916,-0.041812654584646225,0.33511435985565186,0.43931132555007935,-0.08065158873796463,0.267960786819458,0.4278309643268585,-0.10304078459739685,0.20905974507331848,0.4225275218486786,-0.1180940568447113,0.4358993470668793,0.5435929298400879,-0.039764631539583206,0.3992125391960144,0.5067947506904602,-0.11156906187534332,0.48059535026550293,0.5254112482070923,-0.12717442214488983,0.5365270972251892,0.54312664270401,-0.11986885964870453,0.44098353385925293,0.6135984063148499,-0.042554132640361786,0.414532333612442,0.5810388922691345,-0.11079150438308716,0.49455422163009644,0.5926826000213623,-0.09659039974212646,0.5423613786697388,0.6029939651489258,-0.06783056259155273,0.45169469714164734,0.6860718131065369,-0.04909048601984978,0.43015486001968384,0.6513502597808838,-0.09507973492145538,0.48904210329055786,0.6486352682113647,-0.08318962901830673,0.5247591137886047,0.6506739258766174,-0.0617917962372303
0.6113956570625305,0.6630522012710571,-9.835561343152222e-08,0.6097603440284729,0.5575110912322998,-0.045272815972566605,0.5479469895362854,0.46235617995262146,-0.06469254940748215,0.4711192548274994,0.4344039559364319,-0.08142785727977753,0.41018393635749817,0.437736839056015,-0.09620649367570877,0.44332048296928406,0.47228682041168213,-0.04123619198799133,0.33590054512023926,0.4398610293865204,-0.07950039207935333,0.26866084337234497,0.42825838923454285,-0.10136216133832932,0.20947512984275818,0.4229271113872528,-0.11622785031795502,0.4375813603401184,0.5438014268875122,-0.03939065709710121,0.40014883875846863,0.5062436461448669,-0.11055190116167068,0.4822748303413391,0.5251144170761108,-0.1259579211473465,0.5378063917160034,0.5432625412940979,-0.11873261630535126,0.4425387680530548,0.6135439276695251,-0.04226430878043175,0.41376012563705444,0.5804034471511841,-0.11025204509496689,0.4948232173919678,0.5927354097366333,-0.0956520140171051,0.5427307486534119,0.6036004424095154,-0.06684383004903793,0.4532543122768402,0.6865322589874268,-0.04880708456039429,0.4315054714679718,0.6519332528114319,-0.09518652409315109,0.49089765548706055,0.6494592428207397,-0.08337654918432236,0.5262107253074646,0.6518030762672424,-0.0620899423956871
0.6151002049446106,0.6627435088157654,-8.492374092838872e-08,0.6124093532562256,0.554927408695221,-0.04485735297203064,0.5496547222137451,0.4615596830844879,-0.06412891298532486,0.4739077389240265,0.43283435702323914,-0.08099283277988434,0.4133226275444031,0.43809816241264343,-0.09580908715724945,0.4453156292438507,0.47255370020866394,-0.03982718288898468,0.3382079005241394,0.4405006766319275,-0.07854477316141129,0.2707490921020508,0.42836689949035645,-0.10117150843143463,0.21138443052768707,0.42275065183639526,-0.11657010763883591,0.43909400701522827,0.543579638004303,-0.038286689668893814,0.4028986394405365,0.5044025778770447,-0.11004138737916946,0.48512619733810425,0.5228541493415833,-0.12622472643852234,0.5403127074241638,0.5418034195899963,-0.11938457190990448,0.44354283809661865,0.6133948564529419,-0.04154520109295845,0.41660839319229126,0.5782260894775391,-0.10986585170030594,0.49768778681755066,0.5904260277748108,-0.09575250744819641,0.5452424883842468,0.6024824380874634,-0.06711447983980179,0.4538016617298126,0.6860160231590271,-0.04849180206656456,0.43464288115501404,0.6495164036750793,-0.09486080706119537,0.4937402904033661,0.6474576592445374,-0.08324210345745087,0.5284045934677124,0.6511852741241455,-0.062034979462623596
0.6180383563041687,0.6606706976890564,-9.973634007565124e-08,0.6159293055534363,0.5522280931472778,-0.04486394673585892,0.5533199906349182,0.4585309326648712,-0.06413078308105469,0.47702789306640625,0.4310503304004669,-0.0809180736541748,0.41648274660110474,0.43392491340637207,-0.09566524624824524,0.4477839171886444,0.4682892858982086,-0.04020218551158905,0.33970028162002563,0.4369586706161499,-0.07885775715112686,0.2719593048095703,0.42544329166412354,-0.10119114071130753,0.21199257671833038,0.42119741439819336,-0.11633344739675522,0.4418225884437561,0.5401065349578857,-0.038566090166568756,0.4040965437889099,0.50240159034729,-0.10999294370412827,0.48745205998420715,0.519447922706604,-0.12581564486026764,0.543195366859436,0.5371600985527039,-0.11866529285907745,0.4467317461967468,0.6104414463043213,-0.04170118272304535,0.4189578592777252,0.5765793323516846,-0.11027047038078308,0.5008811950683594,0.5871793627738953,-0.09607657045125961,0.5487282276153564,0.5977684855461121,-0.06719440221786499,0.45791900157928467,0.68381667137146,-0.04844976216554642,0.4366726279258728,0.6480531096458435,-0.09535669535398483,0.4967619776725769,0.6437241435050964,-0.08380352705717087,0.532119631767273,0.6455262899398804,-0.06245066970586777
0.6185966730117798,0.6613456010818481,-1.1990728410182783e-07,0.6191531419754028,0.5518845915794373,-0.04454556852579117,0.5565494298934937,0.45408937335014343,-0.062335070222616196,0.4782886505126953,0.4266960322856903,-0.07758279889822006,0.4181535542011261,0.43011754751205444,-0.09079993516206741,0.45110222697257996,0.4662802815437317,-0.03818713501095772,0.3426271080970764,0.4340272843837738,-0.0756269097328186,0.2746720314025879,0.42183876037597656,-0.09698927402496338,0.2144964039325714,0.41695576906204224,-0.11172908544540405,0.4443901479244232,0.537225067615509,-0.0364001989364624,0.40644097328186035,0.4982222616672516,-0.10739491879940033,0.4897982180118561,0.5160715579986572,-0.12308595329523087,0.5448769927024841,0.5346834659576416,-0.1157778725028038,0.44849419593811035,0.6064647436141968,-0.03939379006624222,0.4214676022529602,0.5723047256469727,-0.1081351563334465,0.5040516257286072,0.5839921832084656,-0.09424415975809097,0.5512890815734863,0.5953505039215088,-0.06551802903413773,0.45841166377067566,0.6796714067459106,-0.04595454782247543,0.4390993118286133,0.644054651260376,-0.09320901334285736,0.49995678663253784,0.6409990787506104,-0.0821777805685997,0.5346746444702148,0.6433764696121216,-0.061250075697898865
0.6225036382675171,0.6578367352485657,-9.297948366793207e-08,0.6233855485916138,0.5476164817810059,-0.04511154443025589,0.563360869884491,0.4494708776473999,-0.06448789685964584,0.48566773533821106,0.42431676387786865,-0.0812918171286583,0.42545565962791443,0.4269549548625946,-0.0959818884730339,0.4541366994380951,0.4611666798591614,-0.03981844335794449,0.34602048993110657,0.4290436804294586,-0.07902127504348755,0.2778169810771942,0.4157330393791199,-0.10184904932975769,0.217433899641037,0.4101622700691223,-0.11750653386116028,0.4466814398765564,0.5331609845161438,-0.03822462260723114,0.4096677899360657,0.4928833544254303,-0.11052162945270538,0.49487197399139404,0.5094269514083862,-0.1269710808992386,0.5504492521286011,0.5287699103355408,-0.12011890113353729,0.4505118131637573,0.6032295823097229,-0.04145326092839241,0.42354705929756165,0.5678159594535828,-0.11124065518379211,0.5073675513267517,0.5791163444519043,-0.09705851972103119,0.5546968579292297,0.5917952656745911,-0.0679585263133049,0.4605902433395386,0.6776242852210999,-0.04829353094100952,0.4412457346916199,0.6401345729827881,-0.09604105353355408,0.5025522708892822,0.636431097984314,-0.08466292172670364,0.5368453860282898,0.6399208307266235,-0.0633653923869133
0.6240323185920715,0.6555262207984924,-1.0381446458040955e-07,0.6240590810775757,0.5452664494514465,-0.04426468536257744,0.5631531476974487,0.4463709592819214,-0.0627860277891159,0.48591530323028564,0.41957059502601624,-0.07886194437742233,0.42642685770988464,0.4203115701675415,-0.09280312806367874,0.4557924270629883,0.4574568569660187,-0.038775186985731125,0.34739887714385986,0.4246102571487427,-0.0772191733121872,0.2789331376552582,0.41228345036506653,-0.09928569197654724,0.21861431002616882,0.40714287757873535,-0.11436598747968674,0.44848182797431946,0.5295822024345398,-0.037403471767902374,0.4105601906776428,0.48792460560798645,-0.10998651385307312,0.4954507648944855,0.5066527128219604,-0.12615668773651123,0.5521471500396729,0.5264946818351746,-0.11865465342998505,0.4522460699081421,0.5998582243919373,-0.040810272097587585,0.4256094694137573,0.5635624527931213,-0.11078959703445435,0.5090646743774414,0.5756170153617859,-0.09716019034385681,0.5573441982269287,0.5875413417816162,-0.06807102262973785,0.4620428681373596,0.6745932698249817,-0.047703277319669724,0.4421098828315735,0.6374160051345825,-0.0957319363951683,0.5038318634033203,0.6335733532905579,-0.08485010266304016,0.5396981239318848,0.6356444358825684,-0.06368733197450638
0.6263099312782288,0.6522219777107239,-1.1466897831269307e-07,0.6257869601249695,0.5422918200492859,-0.04341743141412735,0.5637471079826355,0.4432857930660248,-0.061930809170007706,0.48586076498031616,0.41689756512641907,-0.07819940894842148,0.4263257682323456,0.4149421155452728,-0.09237634390592575,0.45618441700935364,0.4547601342201233,-0.03886305168271065,0.3476845324039459,0.4223945438861847,-0.07749155163764954,0.2795797884464264,0.4098246693611145,-0.09946165978908539,0.21939648687839508,0.4049072265625,-0.11439289152622223,0.44862794876098633,0.5275844931602478,-0.03801918402314186,0.4127315878868103,0.4856612980365753,-0.11008764058351517,0.498489111661911,0.504145085811615,-0.12553033232688904,0.5541284680366516,0.5241674184799194,-0.1178734079003334,0.4523612856864929,0.5980427861213684,-0.04187798127532005,0.42651066184043884,0.5608788728713989,-0.11186700314283371,0.5109902024269104,0.573170006275177,-0.09719580411911011,0.5589204430580139,0.5857837796211243,-0.06758688390254974,0.4627503752708435,0.6727460026741028,-0.04914582148194313,0.44223982095718384,0.6338037252426147,-0.09704002737998962,0.5046329498291016,0.6303249001502991,-0.08513400703668594,0.5404459834098816,0.6335585117340088,-0.06331998109817505
0.6270320415496826,0.6526071429252625,-1.1094954999180118e-07,0.6254223585128784,0.5425011515617371,-0.04367604851722717,0.5632704496383667,0.443685919046402,-0.062414731830358505,0.48594602942466736,0.4174947440624237,-0.07888718694448471,0.4267911911010742,0.4135604500770569,-0.09325038641691208,0.4562909007072449,0.45557352900505066,-0.04003021866083145,0.3481842875480652,0.42282170057296753,-0.07880593091249466,0.2797771990299225,0.41072601079940796,-0.10062486678361893,0.21950280666351318,0.40550756454467773,-0.11537709087133408,0.44904425740242004,0.5291292667388916,-0.03912923485040665,0.4125549793243408,0.48613524436950684,-0.11159961670637131,0.49774274230003357,0.5044798254966736,-0.12679795920848846,0.5542022585868835,0.5239869356155396,-0.11879703402519226,0.45296788215637207,0.5995251536369324,-0.042925626039505005,0.4271612763404846,0.5618623495101929,-0.11282403767108917,0.511017918586731,0.5736095309257507,-0.0980716198682785,0.5595144629478455,0.5855758786201477,-0.06833329051733017,0.4635796844959259,0.6737151145935059,-0.05018458887934685,0.4423806369304657,0.6337686777114868,-0.09759355336427689,0.5043174028396606,0.6305807828903198,-0.08550611883401871,0.5407500863075256,0.6340655088424683,-0.06360308080911636
0.6275675296783447,0.6499500274658203,-9.294890190858496e-08,0.625140905380249,0.5390454530715942,-0.04505354166030884,0.5646964311599731,0.4411224126815796,-0.06539323180913925,0.487495481967926,0.4162423014640808,-0.0833129808306694,0.42712247371673584,0.41593295335769653,-0.0990944430232048,0.4563412070274353,0.4527409076690674,-0.04085937887430191,0.3480892479419708,0.4194684624671936,-0.08131692558526993,0.2794787287712097,0.4070420265197754,-0.10459747165441513,0.21892425417900085,0.402337908744812,-0.12019375711679459,0.44883501529693604,0.5261455178260803,-0.03979320824146271,0.4131222665309906,0.4833606481552124,-0.11383658647537231,0.49972769618034363,0.5025632977485657,-0.12999410927295685,0.555751383304596,0.5237491726875305,-0.12238618731498718,0.4529590904712677,0.5972181558609009,-0.04359030723571777,0.42696496844291687,0.5602074861526489,-0.115362748503685,0.5118398666381836,0.5721768736839294,-0.10065735876560211,0.5595557689666748,0.5848249197006226,-0.07049287110567093,0.4637966752052307,0.6726024150848389,-0.05084853619337082,0.4420350193977356,0.6335583925247192,-0.0995851382613182,0.5046895742416382,0.6288259029388428,-0.0870852991938591,0.5405231714248657,0.6319047212600708,-0.06452039629220963
0.6291898488998413,0.6477248668670654,-1.0205795319961908e-07,0.627294659614563,0.5375809073448181,-0.04442260414361954,0.5651170015335083,0.43953365087509155,-0.06371782720088959,0.4875781536102295,0.4140454828739166,-0.08075125515460968,0.42774173617362976,0.40839290618896484,-0.09569620341062546,0.457565039396286,0.45128634572029114,-0.04003649577498436,0.3486160933971405,0.41809290647506714,-0.07900959998369217,0.2797899544239044,0.4053846299648285,-0.10109176486730576,0.21877120435237885,0.4003807306289673,-0.11611823737621307,0.4500952959060669,0.5243093967437744,-0.039005979895591736,0.4126850366592407,0.48193198442459106,-0.11152976751327515,0.4982782006263733,0.49961045384407043,-0.12713058292865753,0.554282009601593,0.5195657014846802,-0.1195136234164238,0.45395830273628235,0.5952075123786926,-0.04272448644042015,0.426392525434494,0.5584089159965515,-0.11311288923025131,0.5110864043235779,0.5691936016082764,-0.09828061610460281,0.5597736835479736,0.5812228918075562,-0.06847874820232391,0.4647544026374817,0.6704370975494385,-0.049941565841436386,0.4425177276134491,0.6315367221832275,-0.09825076162815094,0.5051056146621704,0.6268367171287537,-0.08620116114616394,0.5418336987495422,0.6298288106918335,-0.06416038423776627
0.6339518427848816,0.6366049647331238,-9.514855747738693e-08,0.6311390399932861,0.527163565158844,-0.046571046113967896,0.5703769326210022,0.43212029337882996,-0.06830357015132904,0.49524304270744324,0.4018135368824005,-0.08756829053163528,0.4333057403564453,0.4002222418785095,-0.10476382821798325,0.4639202952384949,0.44135987758636475,-0.04607022553682327,0.3520491123199463,0.4063323140144348,-0.08848585188388824,0.2822071313858032,0.39402520656585693,-0.11266366392374039,0.22015850245952606,0.38915133476257324,-0.12878462672233582,0.4554406702518463,0.5147004127502441,-0.045216552913188934,0.41778549551963806,0.47130876779556274,-0.12182558327913284,0.5048853158950806,0.4930749237537384,-0.13779184222221375,0.5620521903038025,0.5154825448989868,-0.12966299057006836,0.4582204222679138,0.5874817967414856,-0.049242712557315826,0.430715411901474,0.5502501726150513,-0.12182755768299103,0.5158767104148865,0.5647677183151245,-0.10569682717323303,0.5647469162940979,0.5790183544158936,-0.07452845573425293,0.46798279881477356,0.6638824343681335,-0.05711447820067406,0.4478433132171631,0.6262294054031372,-0.10651124268770218,0.510168194770813,0.6227881908416748,-0.09381888806819916,0.5460752248764038,0.6270812153816223,-0.07102139294147491
0.6361808180809021,0.6390581727027893,-9.380690357829735e-08,0.6347665190696716,0.5292280912399292,-0.04463164508342743,0.5747027397155762,0.43212634325027466,-0.06520508974790573,0.5001106858253479,0.40468376874923706,-0.0837535411119461,0.44076040387153625,0.4082135558128357,-0.10037082433700562,0.4651563763618469,0.44379478693008423,-0.04381921514868736,0.3539850115776062,0.4083824157714844,-0.08457733690738678,0.284857839345932,0.3944932222366333,-0.10749909281730652,0.222993865609169,0.38896065950393677,-0.12294845283031464,0.45686042308807373,0.5171851515769958,-0.04320410639047623,0.4209895431995392,0.4726370871067047,-0.11727774888277054,0.5076609253883362,0.49140235781669617,-0.13260053098201752,0.5630941987037659,0.5128350853919983,-0.12482982873916626,0.4598722457885742,0.5889223217964172,-0.04726484417915344,0.4340002238750458,0.5489084720611572,-0.11815768480300903,0.5186711549758911,0.560914158821106,-0.10253525525331497,0.5666818022727966,0.5751732587814331,-0.07234445959329605,0.46950554847717285,0.6644611358642578,-0.05495056137442589,0.4503750503063202,0.6234340071678162,-0.10306818783283234,0.51238614320755,0.6197633743286133,-0.09054042398929596,0.5479674935340881,0.6251214146614075,-0.06831169873476028
0.6374887824058533,0.6424607038497925,-8.548425256549308e-08,0.6370928883552551,0.5330696702003479,-0.04692570120096207,0.5772708654403687,0.4349522590637207,-0.06841170787811279,0.5015848278999329,0.4061219096183777,-0.08743593841791153,0.441535621881485,0.4062320590019226,-0.10438235849142075,0.4657745659351349,0.4457150995731354,-0.044642459601163864,0.35665297508239746,0.41075143218040466,-0.08551736921072006,0.2872629165649414,0.39921897649765015,-0.10862786322832108,0.2262147068977356,0.39326533675193787,-0.12422628700733185,0.4584115147590637,0.5203660130500793,-0.0432647280395031,0.4228212833404541,0.47761237621307373,-0.11856909841299057,0.5076982975006104,0.4987224042415619,-0.13462448120117188,0.5658271312713623,0.5185392498970032,-0.126942977309227,0.46213072538375854,0.5923795104026794,-0.04684197157621384,0.437907874584198,0.5548585057258606,-0.11891798675060272,0.5217268466949463,0.5680904984474182,-0.1042025238275528,0.571806788444519,0.580018162727356,-0.07426443696022034,0.47228777408599854,0.6670230627059937,-0.05423187464475632,0.4533066153526306,0.628426730632782,-0.10352244973182678,0.5157210826873779,0.626453161239624,-0.09184744209051132,0.5532849431037903,0.6297277212142944,-0.06995619088411331
0.6361916065216064,0.652542233467102,-9.935406097838495e-08,0.6355780363082886,0.5421463847160339,-0.047063376754522324,0.574559211730957,0.44277554750442505,-0.06800909340381622,0.4969686269760132,0.41307586431503296,-0.08641793578863144,0.4358328878879547,0.41076913475990295,-0.10285304486751556,0.46503692865371704,0.4532974362373352,-0.04434226080775261,0.3560153841972351,0.4182925224304199,-0.08441875129938126,0.28640347719192505,0.40659618377685547,-0.10698995739221573,0.22507816553115845,0.4009280204772949,-0.12218652665615082,0.4579600393772125,0.5278348922729492,-0.04246575012803078,0.4218534231185913,0.4854307472705841,-0.11660603433847427,0.5062082409858704,0.5049947500228882,-0.1323043406009674,0.5643256306648254,0.5242005586624146,-0.12462862581014633,0.46164053678512573,0.5993856191635132,-0.04548611491918564,0.43594568967819214,0.5632349848747253,-0.11631349474191666,0.5193343758583069,0.5751157402992249,-0.10142749547958374,0.569875955581665,0.5866174101829529,-0.0716414675116539,0.4716368019580841,0.6737473011016846,-0.052348870784044266,0.45029154419898987,0.636146605014801,-0.10057402402162552,0.5122650265693665,0.6327292323112488,-0.08853685855865479,0.5504249334335327,0.6354798674583435,-0.06655507534742355
0.6244375705718994,0.666011393070221,-1.0574938613672202e-07,0.6242527961730957,0.5559859275817871,-0.044812966138124466,0.5647261738777161,0.45625990629196167,-0.06424476206302643,0.4893336892127991,0.42330819368362427,-0.08150001615285873,0.4290125072002411,0.4298880696296692,-0.09687571972608566,0.45358210802078247,0.4639841318130493,-0.039070818573236465,0.34578341245651245,0.4302656352519989,-0.07756213843822479,0.2774925231933594,0.4173145890235901,-0.09961887449026108,0.2174413800239563,0.41109520196914673,-0.11444411426782608,0.44637778401374817,0.536348819732666,-0.037641558796167374,0.41071006655693054,0.49805301427841187,-0.11021307110786438,0.4954165518283844,0.5183349847793579,-0.1262660175561905,0.553199291229248,0.5376468300819397,-0.11867044121026993,0.45010271668434143,0.607320249080658,-0.04106486216187477,0.42545750737190247,0.5741768479347229,-0.11076689511537552,0.5079442262649536,0.5873026847839355,-0.097417913377285,0.5571584701538086,0.5987759232521057,-0.06852658838033676,0.4597112834453583,0.6814512610435486,-0.04807953163981438,0.43986976146698,0.6462541222572327,-0.09531968832015991,0.5009138584136963,0.6436813473701477,-0.08413933962583542,0.5381476283073425,0.6459037065505981,-0.06277556717395782
0.625413179397583,0.6695437431335449,-9.460544703188134e-08,0.6271721720695496,0.5601671934127808,-0.04727393016219139,0.5666811466217041,0.45789635181427,-0.06785024702548981,0.4880369305610657,0.4254459738731384,-0.08572404831647873,0.425459623336792,0.42853444814682007,-0.10171175003051758,0.45510968565940857,0.46545255184173584,-0.042573895305395126,0.34552279114723206,0.42850059270858765,-0.08211998641490936,0.27601510286331177,0.4148677587509155,-0.10470019280910492,0.2150002121925354,0.4071924090385437,-0.12003394216299057,0.44742438197135925,0.5396838188171387,-0.04062904790043831,0.4123656749725342,0.5001744627952576,-0.11482341587543488,0.497606098651886,0.5216771960258484,-0.13103190064430237,0.5560977458953857,0.5411622524261475,-0.12361809611320496,0.45085182785987854,0.612318754196167,-0.04359959065914154,0.42543119192123413,0.5784146189689636,-0.11477942019701004,0.5093653798103333,0.5926979780197144,-0.10021398961544037,0.5598111152648926,0.6045777201652527,-0.07061678916215897,0.4602936804294586,0.688328742980957,-0.05040085315704346,0.4407477378845215,0.6528193354606628,-0.09936901181936264,0.503626823425293,0.6517497301101685,-0.08763092756271362,0.5416222214698792,0.6548338532447815,-0.0657278299331665
0.6253125667572021,0.6678280234336853,-8.67771490220548e-08,0.6257382035255432,0.559302806854248,-0.04745979607105255,0.564988911151886,0.45740923285484314,-0.06829021126031876,0.48685699701309204,0.42464250326156616,-0.08644744008779526,0.4235379099845886,0.4298800826072693,-0.10272577404975891,0.45344239473342896,0.4655049741268158,-0.042649202048778534,0.3443717360496521,0.4295288920402527,-0.08273669332265854,0.2749122679233551,0.4161417484283447,-0.10571110248565674,0.21391838788986206,0.40909308195114136,-0.12118881940841675,0.445835679769516,0.5393985509872437,-0.04085986316204071,0.41029566526412964,0.5003812313079834,-0.11549467593431473,0.49574971199035645,0.5213980674743652,-0.13196229934692383,0.5545671582221985,0.5410586595535278,-0.12453754991292953,0.449569970369339,0.6119905114173889,-0.04405407980084419,0.42494314908981323,0.5788003206253052,-0.11585152894258499,0.5090517401695251,0.5929548144340515,-0.10154640674591064,0.5594058036804199,0.6051058769226074,-0.07186013460159302,0.45919695496559143,0.6881958842277527,-0.05107440799474716,0.44003140926361084,0.652754008769989,-0.10048387199640274,0.5029318928718567,0.6516523361206055,-0.08881338685750961,0.5408935546875,0.6551417112350464,-0.06681128591299057
0.6241374015808105,0.6685905456542969,-1.0933646166222388e-07,0.6250171661376953,0.5593558549880981,-0.04672703891992569,0.565363347530365,0.4574596881866455,-0.06697642058134079,0.4882752597332001,0.42577826976776123,-0.08466396480798721,0.42656394839286804,0.4300904870033264,-0.10056415945291519,0.4524652659893036,0.46474236249923706,-0.042301107197999954,0.3431660234928131,0.42912495136260986,-0.08191421627998352,0.2734312415122986,0.41592907905578613,-0.10450877249240875,0.21232382953166962,0.4091711938381195,-0.11968091130256653,0.44506800174713135,0.5391067266464233,-0.04042595624923706,0.4097490608692169,0.5013906955718994,-0.11418741941452026,0.49441176652908325,0.5231965184211731,-0.13011205196380615,0.5530627369880676,0.5427135825157166,-0.12245041877031326,0.44894322752952576,0.6115131378173828,-0.043481700122356415,0.42497754096984863,0.5790990591049194,-0.11438804864883423,0.5080935955047607,0.5937750339508057,-0.10013139247894287,0.558152973651886,0.6058322191238403,-0.07062893360853195,0.45885953307151794,0.6871746778488159,-0.0503152497112751,0.43883854150772095,0.6527299284934998,-0.09893923997879028,0.5009728670120239,0.6521741151809692,-0.08728674054145813,0.538918673992157,0.6553908586502075,-0.06539800018072128
0.6237165331840515,0.669283926486969,-8.474439994188288e-08,0.6243694424629211,0.5600056648254395,-0.04872457683086395,0.564784586429596,0.45901739597320557,-0.07027405500411987,0.48654887080192566,0.4263048470020294,-0.0890008956193924,0.42296040058135986,0.4292871057987213,-0.10563531517982483,0.45208463072776794,0.4658055305480957,-0.04317965731024742,0.3430750370025635,0.42999547719955444,-0.08365600556135178,0.2731819152832031,0.4169319272041321,-0.10695713758468628,0.2118457704782486,0.40983644127845764,-0.12267089635133743,0.444477379322052,0.5400254130363464,-0.04079284518957138,0.40939557552337646,0.5015356540679932,-0.11602912098169327,0.4943765699863434,0.5228622555732727,-0.13273920118808746,0.5533096194267273,0.5423067212104797,-0.1253712773323059,0.447909414768219,0.6125233173370361,-0.043591875582933426,0.42371246218681335,0.5795930624008179,-0.11541125923395157,0.5072742700576782,0.593685507774353,-0.10127335786819458,0.5575448274612427,0.6053982973098755,-0.07166790962219238,0.45729538798332214,0.6880145072937012,-0.05041702836751938,0.438900887966156,0.6528273224830627,-0.09953348338603973,0.501285195350647,0.6515883803367615,-0.08821357041597366,0.5389187335968018,0.6543076038360596,-0.06646762043237686
0.6228138208389282,0.6699742078781128,-1.008739971553041e-07,0.6243250370025635,0.5604231357574463,-0.047838933765888214,0.5642812252044678,0.45865172147750854,-0.06869053840637207,0.4859216511249542,0.4280342757701874,-0.0866948664188385,0.4238452911376953,0.4300382733345032,-0.10268403589725494,0.45194315910339355,0.46608439087867737,-0.04365827143192291,0.34203991293907166,0.43036985397338867,-0.0839923769235611,0.27210402488708496,0.41702938079833984,-0.10698176175355911,0.21080215275287628,0.4099699556827545,-0.12250769883394241,0.4440857768058777,0.5409522652626038,-0.0414426364004612,0.4088257849216461,0.5028177499771118,-0.11647689342498779,0.4944974184036255,0.5250806212425232,-0.13255897164344788,0.5532633662223816,0.5452239513397217,-0.12478341907262802,0.4474741518497467,0.6133865714073181,-0.04427141696214676,0.4231547713279724,0.5804194211959839,-0.11594182997941971,0.5070081949234009,0.5948702692985535,-0.10138791799545288,0.5568401217460632,0.6069414615631104,-0.07158469408750534,0.4568195343017578,0.6893807649612427,-0.0510176420211792,0.43849581480026245,0.6541670560836792,-0.10017262399196625,0.501097559928894,0.6530244946479797,-0.08877545595169067,0.5381482839584351,0.6555914282798767,-0.0670405775308609
0.6223173141479492,0.6690716743469238,-9.039360548968034e-08,0.6225759983062744,0.5604433417320251,-0.04855216667056084,0.5627269744873047,0.45922765135765076,-0.0697740763425827,0.4849070608615875,0.42777255177497864,-0.08815664798021317,0.4218616187572479,0.4313199818134308,-0.10451812297105789,0.45023128390312195,0.46643438935279846,-0.04299326613545418,0.3409147262573242,0.43049877882003784,-0.0832410603761673,0.27127569913864136,0.417768269777298,-0.1061643734574318,0.2099306434392929,0.41055333614349365,-0.12161646038293839,0.4429173767566681,0.5406626462936401,-0.040570054203271866,0.40707162022590637,0.5034559369087219,-0.11543603986501694,0.4919812083244324,0.5255681276321411,-0.13193444907665253,0.5507975816726685,0.5444538593292236,-0.12446454167366028,0.4465193748474121,0.6131661534309387,-0.043312910944223404,0.4215489327907562,0.5816481709480286,-0.11535454541444778,0.5054782629013062,0.5965338945388794,-0.1012459397315979,0.555982768535614,0.6075616478919983,-0.07156333327293396,0.4560713469982147,0.6888490915298462,-0.049991995096206665,0.4367115795612335,0.6557989120483398,-0.09969978034496307,0.49956899881362915,0.6551718711853027,-0.0885753482580185,0.5374848246574402,0.6570497751235962,-0.06686703860759735
0.6203211545944214,0.6706862449645996,-9.494193164982789e-08,0.6203582882881165,0.5593811869621277,-0.04725440591573715,0.5584204196929932,0.4602777063846588,-0.06747760623693466,0.4802025854587555,0.428992360830307,-0.0851185992360115,0.41828757524490356,0.4319550395011902,-0.10080546140670776,0.44777601957321167,0.4666311740875244,-0.04131466522812843,0.3387189507484436,0.4302141070365906,-0.081109918653965,0.2690213918685913,0.4178991913795471,-0.10399624705314636,0.20802442729473114,0.4104461967945099,-0.11947228014469147,0.44063493609428406,0.5417919158935547,-0.03911305218935013,0.40474388003349304,0.5042046308517456,-0.11410291492938995,0.48995569348335266,0.5260310173034668,-0.13102540373802185,0.5504540205001831,0.5446134805679321,-0.12362877279520035,0.44437092542648315,0.6147990226745605,-0.04198909550905228,0.41966357827186584,0.5820804238319397,-0.11362145841121674,0.5035943984985352,0.5958740711212158,-0.10022731870412827,0.5552632808685303,0.6067527532577515,-0.07095883041620255,0.4541802406311035,0.6908062100410461,-0.04869437962770462,0.4353885352611542,0.656546950340271,-0.09811138361692429,0.4981565773487091,0.6553037166595459,-0.08760519325733185,0.5367242097854614,0.6568203568458557,-0.06631947308778763
0.6190046072006226,0.6700148582458496,-9.265001921221483e-08,0.6181290149688721,0.5604305863380432,-0.04798837751150131,0.5560288429260254,0.4627736210823059,-0.06863689422607422,0.4785412549972534,0.4306288957595825,-0.08667681366205215,0.4158559739589691,0.4320651590824127,-0.10265310108661652,0.4447770118713379,0.4680921733379364,-0.04159628227353096,0.3355617821216583,0.43209391832351685,-0.0813545510172844,0.26616591215133667,0.4197353422641754,-0.10408832877874374,0.20528076589107513,0.41256093978881836,-0.11933525651693344,0.4375592768192291,0.5425935983657837,-0.039086319506168365,0.4025309681892395,0.5047984719276428,-0.11392965167760849,0.48763078451156616,0.5259832143783569,-0.13076448440551758,0.5475428700447083,0.5445833206176758,-0.12333199381828308,0.4412871301174164,0.6151267290115356,-0.041747186332941055,0.417700856924057,0.5823999047279358,-0.11318065226078033,0.5012756586074829,0.5964117050170898,-0.09973383694887161,0.5525935888290405,0.607856273651123,-0.07040435820817947,0.45128151774406433,0.6903389692306519,-0.04834182560443878,0.4322444498538971,0.6562358140945435,-0.09748029708862305,0.49461114406585693,0.6549708247184753,-0.08683957159519196,0.5333134531974792,0.6570886373519897,-0.06540753692388535
0.6115430593490601,0.6695017218589783,-9.906751330390762e-08,0.6102950572967529,0.5607247948646545,-0.04752232879400253,0.5490396022796631,0.4641379117965698,-0.0685315653681755,0.4717954993247986,0.43264240026474,-0.08684978634119034,0.4095528721809387,0.435344398021698,-0.10331303626298904,0.43840837478637695,0.4708919823169708,-0.04358714073896408,0.32897084951400757,0.43587061762809753,-0.0835418552160263,0.25993263721466064,0.4229419231414795,-0.10629650950431824,0.19877642393112183,0.4158777594566345,-0.12166982889175415,0.432008296251297,0.5447157025337219,-0.04133224114775658,0.39559662342071533,0.5085262060165405,-0.11571601778268814,0.48121052980422974,0.5288312435150146,-0.13187925517559052,0.5404698252677917,0.5470557808876038,-0.12436088174581528,0.4367280602455139,0.6168482899665833,-0.04403805360198021,0.410947322845459,0.5855178236961365,-0.1150052547454834,0.494633287191391,0.5984683632850647,-0.10073130577802658,0.5454114675521851,0.6093114018440247,-0.07119359076023102,0.4474255442619324,0.6918033361434937,-0.050596605986356735,0.426283597946167,0.6593891382217407,-0.09931205213069916,0.48826900124549866,0.6571887135505676,-0.08805366605520248,0.5264517068862915,0.6588165163993835,-0.06646869331598282
0.6130884289741516,0.668258011341095,-9.037063364303322e-08,0.6124946475028992,0.5580436587333679,-0.048655878752470016,0.5503491759300232,0.45960819721221924,-0.06950107216835022,0.4717833995819092,0.4328848719596863,-0.08721276372671127,0.4102865755558014,0.43566861748695374,-0.10277457535266876,0.4396515190601349,0.4702935218811035,-0.044071514159440994,0.3302307724952698,0.4363769292831421,-0.08493342250585556,0.26067692041397095,0.4235897362232208,-0.10837732255458832,0.19936859607696533,0.4170367121696472,-0.12425414472818375,0.43291354179382324,0.545074999332428,-0.0415554977953434,0.396117627620697,0.5083768963813782,-0.1166650727391243,0.4813494086265564,0.5289923548698425,-0.13305239379405975,0.5392700433731079,0.5474193692207336,-0.1255742907524109,0.437438040971756,0.6172013282775879,-0.04421176761388779,0.41254961490631104,0.5856241583824158,-0.11627881228923798,0.4965272843837738,0.5992152094841003,-0.10182298719882965,0.545428991317749,0.6101261973381042,-0.07202932983636856,0.4477321207523346,0.6925216317176819,-0.05082733929157257,0.4290400445461273,0.6591471433639526,-0.10010512918233871,0.491305410861969,0.6579540371894836,-0.08861041069030762,0.5271750688552856,0.6602334976196289,-0.0668754130601883
0.6277502775192261,0.6738301515579224,-7.150858039040031e-08,0.6269270181655884,0.5626039505004883,-0.051397696137428284,0.5671497583389282,0.4627418518066406,-0.07459628582000732,0.4884823262691498,0.4338608682155609,-0.0945170521736145,0.42503678798675537,0.4372031092643738,-0.11225733906030655,0.4531381130218506,0.47178277373313904,-0.048243701457977295,0.34297752380371094,0.436734676361084,-0.09143475443124771,0.27166879177093506,0.424346923828125,-0.11662228405475616,0.20949380099773407,0.4175930619239807,-0.1334875524044037,0.4459969699382782,0.5478212237358093,-0.045203156769275665,0.41043615341186523,0.5112513899803162,-0.12401169538497925,0.4953519105911255,0.5327048301696777,-0.14185896515846252,0.5558280944824219,0.5520534515380859,-0.13472165167331696,0.4498226046562195,0.6207751035690308,-0.04755060747265816,0.4269016981124878,0.5904244184494019,-0.12210717052221298,0.5106506943702698,0.6036584377288818,-0.10854779183864594,0.5617300271987915,0.614753782749176,-0.07879498600959778,0.45917800068855286,0.6961808800697327,-0.05417312681674957,0.4411975145339966,0.6628268361091614,-0.10517042875289917,0.5035635232925415,0.661479651927948,-0.09448212385177612,0.5416843891143799,0.6639105081558228,-0.07284874469041824
0.627699613571167,0.6752038598060608,-7.736925056178734e-08,0.6276485323905945,0.5638335347175598,-0.04968206584453583,0.567635715007782,0.4631941318511963,-0.07230588048696518,0.4904349744319916,0.4331468343734741,-0.0919514000415802,0.4284835457801819,0.4380675256252289,-0.10956548154354095,0.45396357774734497,0.4729905128479004,-0.04757219925522804,0.34331926703453064,0.4375203847885132,-0.0905604436993599,0.2722617983818054,0.4247669279575348,-0.1157316118478775,0.21020324528217316,0.4180436432361603,-0.1326534003019333,0.44698214530944824,0.54906165599823,-0.04531850293278694,0.41159138083457947,0.5126412510871887,-0.12337230145931244,0.49676647782325745,0.5340313911437988,-0.14080512523651123,0.556570291519165,0.5529186725616455,-0.13372661173343658,0.4509423077106476,0.6223196387290955,-0.04824736714363098,0.42731109261512756,0.5912075638771057,-0.12222819030284882,0.511615514755249,0.6049849987030029,-0.10794950276613235,0.562736451625824,0.616060733795166,-0.07802608609199524,0.46065661311149597,0.6979628801345825,-0.055330097675323486,0.44303587079048157,0.6643304228782654,-0.10621338337659836,0.5060556530952454,0.6634585857391357,-0.09503569453954697,0.544337809085846,0.6657654047012329,-0.07317747920751572
0.631272554397583,0.6731672286987305,-7.182938333016864e-08,0.6298552751541138,0.5634269714355469,-0.0496174693107605,0.5701172947883606,0.46453094482421875,-0.07274846732616425,0.4929564595222473,0.43460333347320557,-0.09293358027935028,0.4301149249076843,0.4402254819869995,-0.11100591719150543,0.4561645984649658,0.47530511021614075,-0.04800086095929146,0.34534159302711487,0.44038519263267517,-0.09134415537118912,0.27394795417785645,0.427107572555542,-0.11677408218383789,0.21164406836032867,0.41990888118743896,-0.13394838571548462,0.44944435358047485,0.551419734954834,-0.0461825430393219,0.41248029470443726,0.5133490562438965,-0.1251019388437271,0.49879103899002075,0.5353066325187683,-0.14295446872711182,0.5592726469039917,0.5560749769210815,-0.13598772883415222,0.45364177227020264,0.6246774196624756,-0.049448974430561066,0.4294044077396393,0.5924978852272034,-0.12426973134279251,0.5144102573394775,0.6069886088371277,-0.10988669842481613,0.5653725862503052,0.6201037764549255,-0.07959392666816711,0.4631086587905884,0.7002645134925842,-0.05681091174483299,0.4450238347053528,0.6652796268463135,-0.10794731974601746,0.5081652402877808,0.6646663546562195,-0.09640459716320038,0.5461850166320801,0.6691589951515198,-0.07421761006116867
0.6320524215698242,0.6714581251144409,-9.038457449150883e-08,0.6312395334243774,0.5606362819671631,-0.049738191068172455,0.5695037245750427,0.4630796015262604,-0.07274326682090759,0.49140748381614685,0.43438681960105896,-0.09280109405517578,0.42784661054611206,0.4373096227645874,-0.11082509905099869,0.45673176646232605,0.47192224860191345,-0.048775848001241684,0.34578049182891846,0.4372823238372803,-0.09241927415132523,0.2744307518005371,0.42504578828811646,-0.11802074313163757,0.21196620166301727,0.4197492003440857,-0.1351785659790039,0.44907501339912415,0.5485936403274536,-0.046480465680360794,0.41698259115219116,0.5138111114501953,-0.12472277879714966,0.503098726272583,0.5359026789665222,-0.14168040454387665,0.5619622468948364,0.5562361478805542,-0.13447417318820953,0.45291993021965027,0.6223400235176086,-0.04934663698077202,0.43191811442375183,0.5925408601760864,-0.1228739395737648,0.5164405107498169,0.6064223647117615,-0.10730832815170288,0.5665315389633179,0.6184689402580261,-0.0768955647945404,0.4632352292537689,0.6981309652328491,-0.056447405368089676,0.4473574459552765,0.6649988293647766,-0.10654953867197037,0.5101783871650696,0.6641151309013367,-0.09426484256982803,0.5471116304397583,0.6674779653549194,-0.0717894434928894
0.6322746276855469,0.6746699213981628,-9.58793151539794e-08,0.6332244873046875,0.5628883242607117,-0.04988214001059532,0.5722086429595947,0.46360060572624207,-0.07241161912679672,0.4949909448623657,0.4320853352546692,-0.09200050681829453,0.4321146309375763,0.43158164620399475,-0.10956534743309021,0.45827516913414,0.47061869502067566,-0.04814881086349487,0.3469099998474121,0.43490636348724365,-0.09139101207256317,0.27508872747421265,0.422756165266037,-0.11657024919986725,0.21240702271461487,0.4173455238342285,-0.13345308601856232,0.45055463910102844,0.5469560027122498,-0.045590419322252274,0.4160167872905731,0.5115999579429626,-0.12405305355787277,0.5019304156303406,0.5340902209281921,-0.14116734266281128,0.561581015586853,0.5547287464141846,-0.1337701380252838,0.4539778232574463,0.6209355592727661,-0.04822847619652748,0.43146586418151855,0.5906524062156677,-0.12216177582740784,0.5160672068595886,0.6051834225654602,-0.1072787269949913,0.5666703581809998,0.6179797649383545,-0.07698659598827362,0.46345603466033936,0.6973865032196045,-0.05507667362689972,0.44701501727104187,0.6641516089439392,-0.10579144209623337,0.5099816918373108,0.6636828780174255,-0.09441474080085754,0.5474109649658203,0.6672588586807251,-0.07240822911262512
0.6342262625694275,0.6743313074111938,-8.580133226132602e-08,0.6349310874938965,0.5614714026451111,-0.05019478499889374,0.5742341876029968,0.46047914028167725,-0.0726621225476265,0.49610525369644165,0.42960551381111145,-0.09219946712255478,0.43232443928718567,0.4324454069137573,-0.10966166108846664,0.4593345820903778,0.46922779083251953,-0.046347614377737045,0.3482002317905426,0.43350106477737427,-0.08970987796783447,0.27634215354919434,0.4206962585449219,-0.11541182547807693,0.21346889436244965,0.41414201259613037,-0.1327027976512909,0.4513588845729828,0.5456811785697937,-0.043753430247306824,0.4161965847015381,0.5093958973884583,-0.1222657784819603,0.5024569034576416,0.5316271185874939,-0.1402057558298111,0.5625386834144592,0.5518302321434021,-0.13329938054084778,0.4547579288482666,0.6198681592941284,-0.04647552967071533,0.4318726658821106,0.5890654921531677,-0.12071767449378967,0.5168251395225525,0.6038752794265747,-0.1063614934682846,0.568027913570404,0.6164535284042358,-0.07623090595006943,0.46419891715049744,0.696479856967926,-0.05343350023031235,0.44747164845466614,0.6628670692443848,-0.10441265255212784,0.5109354853630066,0.6625568866729736,-0.09318695217370987,0.54909348487854,0.6660131812095642,-0.07117022573947906
0.6338949203491211,0.6751742959022522,-7.408123536833955e-08,0.6350915431976318,0.5615371465682983,-0.05083967000246048,0.5755169987678528,0.4603998363018036,-0.0741373598575592,0.49811574816703796,0.4288350045681,-0.09432711452245712,0.4347480535507202,0.430727481842041,-0.11232073605060577,0.4600119888782501,0.4677993655204773,-0.04937262833118439,0.3484870195388794,0.4315844774246216,-0.09346199780702591,0.2762686014175415,0.4190196990966797,-0.11937035620212555,0.2133987843990326,0.4121876657009125,-0.1367500275373459,0.4519154727458954,0.5457183122634888,-0.0468074269592762,0.41696974635124207,0.5086464285850525,-0.1266324371099472,0.5028600692749023,0.5310739874839783,-0.14460080862045288,0.5642321705818176,0.5510841608047485,-0.13744999468326569,0.4550005793571472,0.6202365159988403,-0.0495261587202549,0.4335835874080658,0.5885346531867981,-0.12439390271902084,0.5180146098136902,0.6030569672584534,-0.11024437099695206,0.5694538950920105,0.6153796911239624,-0.08016941696405411,0.4641013741493225,0.6965751647949219,-0.056564636528491974,0.44869962334632874,0.6619599461555481,-0.10789108276367188,0.5119696855545044,0.6620193719863892,-0.09697414934635162,0.5503439903259277,0.6653725504875183,-0.0751279816031456
0.6341281533241272,0.674643337726593,-7.150416792001124e-08,0.6352441906929016,0.5626822710037231,-0.05146254599094391,0.5752190947532654,0.46157729625701904,-0.07504523545503616,0.4964812994003296,0.429596871137619,-0.09541512280702591,0.43192991614341736,0.4319034814834595,-0.1136002242565155,0.45934879779815674,0.4683183431625366,-0.04917663335800171,0.3476738929748535,0.43169859051704407,-0.0932718813419342,0.2754787802696228,0.4184713363647461,-0.1190609335899353,0.21231164038181305,0.4108603596687317,-0.13636259734630585,0.45144030451774597,0.5460634827613831,-0.046558693051338196,0.41582947969436646,0.5084797143936157,-0.12667188048362732,0.5030350685119629,0.5312187075614929,-0.1445944905281067,0.564716637134552,0.5513116717338562,-0.13721905648708344,0.45486387610435486,0.6205210089683533,-0.04928985983133316,0.4324404001235962,0.5885522961616516,-0.12509365379810333,0.5182390213012695,0.6036418676376343,-0.11065372824668884,0.5701364278793335,0.615863025188446,-0.07999908179044724,0.4642412066459656,0.6970385313034058,-0.05631121248006821,0.4471305310726166,0.6620499491691589,-0.10851346701383591,0.5116255283355713,0.6622521877288818,-0.09723062068223953,0.5507564544677734,0.6656876802444458,-0.07484381645917892
0.6317042708396912,0.6763520836830139,-5.7853281276720736e-08,0.6340065002441406,0.5629541873931885,-0.05250979959964752,0.574273407459259,0.4618862569332123,-0.07686762511730194,0.4951271414756775,0.43084412813186646,-0.09792321175336838,0.4308706521987915,0.43465477228164673,-0.11686889082193375,0.4573497474193573,0.46996647119522095,-0.05088895186781883,0.34479832649230957,0.4325786530971527,-0.09605389088392258,0.2724745571613312,0.4199957847595215,-0.1225709542632103,0.20921006798744202,0.41245096921920776,-0.14029711484909058,0.4488736689090729,0.5481203198432922,-0.04780663549900055,0.4141095280647278,0.5095710754394531,-0.12958166003227234,0.5020649433135986,0.5324214696884155,-0.1482154130935669,0.5645830631256104,0.5528631210327148,-0.14100219309329987,0.4515472650527954,0.6228398680686951,-0.05011019855737686,0.43033072352409363,0.5898628830909729,-0.12745121121406555,0.5173067450523376,0.6049151420593262,-0.11348547041416168,0.5702223777770996,0.6174600720405579,-0.08276886492967606,0.4599531888961792,0.6999604105949402,-0.056754689663648605,0.44558218121528625,0.6643857359886169,-0.11052971333265305,0.5115723013877869,0.6640089750289917,-0.10003010928630829,0.551573634147644,0.6670801639556885,-0.07782752811908722
0.630478024482727,0.6777356863021851,-8.149367403120777e-08,0.6321017146110535,0.5649383664131165,-0.051217950880527496,0.5701969265937805,0.4630011022090912,-0.07393325865268707,0.48881229758262634,0.43303436040878296,-0.09343800693750381,0.4240730106830597,0.43615296483039856,-0.11085396260023117,0.4544672667980194,0.47137072682380676,-0.047278475016355515,0.3422389328479767,0.4348059296607971,-0.09047951549291611,0.27010297775268555,0.4222741425037384,-0.11554320156574249,0.20704568922519684,0.4148816466331482,-0.13242672383785248,0.4472004473209381,0.5492367148399353,-0.044428762048482895,0.41025665402412415,0.5116835236549377,-0.12427148222923279,0.4981301724910736,0.5337987542152405,-0.1423601508140564,0.5606411695480347,0.5533543229103088,-0.13491308689117432,0.451090544462204,0.6236633062362671,-0.046901337802410126,0.4277189373970032,0.5918322801589966,-0.12291388213634491,0.5146486759185791,0.6062514781951904,-0.10882836580276489,0.5672810077667236,0.6181516647338867,-0.07816927880048752,0.4606955647468567,0.7008746862411499,-0.053560830652713776,0.4432719945907593,0.6662851572036743,-0.10609588027000427,0.5085068345069885,0.6654711961746216,-0.09522835165262222,0.5478472709655762,0.6680428385734558,-0.07303977757692337
0.6280887126922607,0.6865634322166443,-1.1241592545729873e-07,0.6274354457855225,0.5735985040664673,-0.04904285445809364,0.5633156299591064,0.4700775742530823,-0.06984849274158478,0.47904157638549805,0.4391201138496399,-0.08789696544408798,0.4128488600254059,0.44223037362098694,-0.10421612858772278,0.45177513360977173,0.47974979877471924,-0.04191639646887779,0.3392547369003296,0.442820280790329,-0.08385750651359558,0.26641592383384705,0.43104782700538635,-0.10815911740064621,0.20302677154541016,0.42311152815818787,-0.12437896430492401,0.4430471658706665,0.5567660331726074,-0.03928738087415695,0.40390434861183167,0.5209046602249146,-0.11808507889509201,0.4915609061717987,0.5470917224884033,-0.1362929493188858,0.5546965003013611,0.5677875280380249,-0.12862224876880646,0.44583526253700256,0.6305439472198486,-0.04181821644306183,0.41782844066619873,0.6007348299026489,-0.1173558384180069,0.5056560635566711,0.618518590927124,-0.10302703827619553,0.5611597895622253,0.6305118799209595,-0.07177150249481201,0.4552905857563019,0.7074843049049377,-0.048251546919345856,0.43537437915802,0.6769355535507202,-0.10074640065431595,0.5018165111541748,0.6775038242340088,-0.08951998502016068,0.5431945323944092,0.6793550252914429,-0.06658944487571716
0.626577615737915,0.689128041267395,-1.0746391154725643e-07,0.6281437873840332,0.5761780142784119,-0.04991450160741806,0.5635936260223389,0.4726552665233612,-0.07058893144130707,0.4805949628353119,0.4425167441368103,-0.08835349231958389,0.4160615801811218,0.4479811191558838,-0.10409460216760635,0.4494111239910126,0.4807024300098419,-0.04305383190512657,0.33704593777656555,0.4451112747192383,-0.08516347408294678,0.26400989294052124,0.4336867332458496,-0.10973275452852249,0.2009221613407135,0.426738977432251,-0.1263398826122284,0.4412594735622406,0.5581980347633362,-0.04019896686077118,0.4056066870689392,0.5225725769996643,-0.11959618330001831,0.4924517869949341,0.5470433831214905,-0.1379694789648056,0.5546149611473083,0.566987931728363,-0.13050195574760437,0.44446879625320435,0.6324907541275024,-0.04273649677634239,0.4225083589553833,0.6035475134849548,-0.11842565983533859,0.5083763003349304,0.6184796094894409,-0.10548335313796997,0.561124861240387,0.6291527152061462,-0.07552090287208557,0.45371314883232117,0.7101951837539673,-0.04935408756136894,0.43938949704170227,0.679595947265625,-0.10199394077062607,0.5043659806251526,0.6782068014144897,-0.09239868819713593,0.5435171127319336,0.678359866142273,-0.07100147008895874
0.6275451183319092,0.6882901787757874,-9.178499738027313e-08,0.6269716024398804,0.574592649936676,-0.05013866722583771,0.5626296997070312,0.4732799530029297,-0.07152582705020905,0.4808107018470764,0.4450426995754242,-0.09011734277009964,0.41745254397392273,0.4517812132835388,-0.10660093277692795,0.4474014639854431,0.48261934518814087,-0.043446749448776245,0.33549362421035767,0.4483514428138733,-0.08632279932498932,0.26228243112564087,0.4374563694000244,-0.1116771250963211,0.1991267204284668,0.43019258975982666,-0.1287856101989746,0.43969592452049255,0.5610268115997314,-0.04080092906951904,0.40282270312309265,0.5262434482574463,-0.1209287941455841,0.48964446783065796,0.5493621230125427,-0.14001348614692688,0.5528519749641418,0.5679483413696289,-0.13287505507469177,0.4433800280094147,0.6355531215667725,-0.04358864575624466,0.420658677816391,0.6066045761108398,-0.11961488425731659,0.5066498517990112,0.6202441453933716,-0.10719208419322968,0.5603943467140198,0.6302525997161865,-0.07740215957164764,0.45322391390800476,0.7125529050827026,-0.050550080835819244,0.4380505084991455,0.6817052960395813,-0.10357695072889328,0.5029815435409546,0.6795499324798584,-0.09445597976446152,0.5429322719573975,0.6789562702178955,-0.07325601577758789
0.6261767148971558,0.6901974081993103,-1.0159620700278538e-07,0.6274418830871582,0.5794237852096558,-0.05118628963828087,0.563082218170166,0.47802847623825073,-0.07306250184774399,0.48121169209480286,0.4475865364074707,-0.09175583720207214,0.41591745615005493,0.4517265856266022,-0.10831931233406067,0.4464050531387329,0.48432591557502747,-0.04604179412126541,0.33322885632514954,0.4496752619743347,-0.08874579519033432,0.2603459358215332,0.43910181522369385,-0.11332233250141144,0.1972074806690216,0.4335540533065796,-0.12984338402748108,0.43891483545303345,0.5618300437927246,-0.04299319162964821,0.40209463238716125,0.527399480342865,-0.12268353253602982,0.48985788226127625,0.5498595833778381,-0.14068438112735748,0.552670955657959,0.5680537223815918,-0.1329202651977539,0.44296661019325256,0.6364692449569702,-0.04537653550505638,0.42092856764793396,0.6082166433334351,-0.12116634100675583,0.5071617960929871,0.6216351985931396,-0.10776116698980331,0.5594737529754639,0.6309291124343872,-0.0775112584233284,0.45329567790031433,0.7138621807098389,-0.051968783140182495,0.4387780725955963,0.6839046478271484,-0.10464013367891312,0.5036018490791321,0.6815272569656372,-0.09478577226400375,0.5421673059463501,0.6808069348335266,-0.07319246232509613
0.6255213022232056,0.6906173229217529,-1.257300539236894e-07,0.6275541186332703,0.5788577795028687,-0.05014333873987198,0.5621231198310852,0.4771556854248047,-0.0705362930893898,0.47979509830474854,0.44742411375045776,-0.08770965784788132,0.41582363843917847,0.4518812298774719,-0.10270153731107712,0.44649505615234375,0.48466527462005615,-0.04437365382909775,0.3325710892677307,0.45116886496543884,-0.08601456880569458,0.2592836618423462,0.4397565722465515,-0.11036951094865799,0.19628331065177917,0.4338916540145874,-0.12699338793754578,0.43994495272636414,0.5626451373100281,-0.04133113846182823,0.4025345742702484,0.5282581448554993,-0.12040282040834427,0.4905086159706116,0.5500073432922363,-0.13864755630493164,0.5530974864959717,0.5689069032669067,-0.13124248385429382,0.44428548216819763,0.6367353200912476,-0.043574072420597076,0.4211042523384094,0.6093034744262695,-0.11883334070444107,0.5074596405029297,0.6221368908882141,-0.10586164146661758,0.5596610903739929,0.6320396065711975,-0.07612043619155884,0.45409730076789856,0.7136231064796448,-0.04993949085474014,0.43799975514411926,0.6841741800308228,-0.10253388434648514,0.50318843126297,0.6820855140686035,-0.09297587722539902,0.5419284701347351,0.6817883253097534,-0.07175437361001968
0.6395292282104492,0.6774469017982483,-1.1244855357972483e-07,0.6383459568023682,0.5630534291267395,-0.04685338959097862,0.576751708984375,0.46518003940582275,-0.06732580065727234,0.5006688237190247,0.43246883153915405,-0.08552783727645874,0.4384613633155823,0.43895408511161804,-0.10162407904863358,0.4638981819152832,0.4708879590034485,-0.04129374027252197,0.3521420955657959,0.4367353022098541,-0.08267789334058762,0.28041622042655945,0.42362844944000244,-0.10750114172697067,0.21725866198539734,0.4176650047302246,-0.12438969314098358,0.45696792006492615,0.5463988184928894,-0.03977308049798012,0.4201114773750305,0.5130190253257751,-0.11599820852279663,0.5064781904220581,0.5327125787734985,-0.13409708440303802,0.5666086673736572,0.5510995388031006,-0.127681165933609,0.46095040440559387,0.6202057003974915,-0.043371912091970444,0.4374121129512787,0.5917041301727295,-0.1151990219950676,0.5211389660835266,0.6036873459815979,-0.10170849412679672,0.5715246200561523,0.6145505905151367,-0.07265545427799225,0.4708530902862549,0.695979654788971,-0.05098835378885269,0.4522331953048706,0.6648862361907959,-0.09964994341135025,0.5143502950668335,0.6624287366867065,-0.08846443146467209,0.5521844029426575,0.663744330406189,-0.06699053198099136
0.639453113079071,0.6534157991409302,-1.0495149638245493e-07,0.6404969692230225,0.5439993143081665,-0.04623330384492874,0.5814571380615234,0.4453992247581482,-0.06699205935001373,0.5047636032104492,0.41876867413520813,-0.08526542037725449,0.4451121389865875,0.4215511083602905,-0.10141368955373764,0.47018930315971375,0.4528772234916687,-0.043355055153369904,0.36170694231987,0.42002707719802856,-0.08408913761377335,0.2923377752304077,0.41032543778419495,-0.10729383677244186,0.23232607543468475,0.40476322174072266,-0.12282801419496536,0.4633665084838867,0.5287362337112427,-0.041577961295843124,0.42814192175865173,0.4927828013896942,-0.11617746949195862,0.5117958188056946,0.5131855010986328,-0.13263778388500214,0.5704028606414795,0.5298724174499512,-0.12551730871200562,0.46634557843208313,0.6001002192497253,-0.04475210979580879,0.4429902732372284,0.5691705942153931,-0.11556488275527954,0.525871753692627,0.5826119184494019,-0.10164479166269302,0.5762848854064941,0.5933537483215332,-0.07258976995944977,0.4750642776489258,0.6737916469573975,-0.0517965704202652,0.4570249319076538,0.6401053667068481,-0.10017669945955276,0.519561231136322,0.6393049955368042,-0.0893414244055748,0.557528018951416,0.6413421630859375,-0.06822308897972107
0.6384637355804443,0.6564710140228271,-9.427181169030519e-08,0.639336347579956,0.5463832020759583,-0.04822089895606041,0.5807909965515137,0.4471323490142822,-0.06995529681444168,0.5033625364303589,0.41852402687072754,-0.08881872892379761,0.4420948624610901,0.42271867394447327,-0.10554898530244827,0.46940696239471436,0.4558776915073395,-0.04485732689499855,0.3611684739589691,0.42316392064094543,-0.0859208032488823,0.29130542278289795,0.4128694236278534,-0.10934668779373169,0.2307727038860321,0.40724605321884155,-0.12499243021011353,0.46271252632141113,0.5308943390846252,-0.042305588722229004,0.42646607756614685,0.49487051367759705,-0.11768803745508194,0.5101523399353027,0.5153563022613525,-0.13428665697574615,0.5699867010116577,0.5328105092048645,-0.12692001461982727,0.46603628993034363,0.6021140813827515,-0.04486323520541191,0.4425932466983795,0.571783721446991,-0.11632789671421051,0.524959146976471,0.5851634740829468,-0.10246577858924866,0.575680673122406,0.5960072875022888,-0.07314085215330124,0.47505253553390503,0.6754955053329468,-0.051427848637104034,0.4563838839530945,0.6421730518341064,-0.10000558942556381,0.5184465050697327,0.6409097909927368,-0.08907530456781387,0.5566447377204895,0.6430916786193848,-0.06777863949537277
0.636726975440979,0.6570409536361694,-9.514059939874642e-08,0.6376487016677856,0.5470542907714844,-0.04780511558055878,0.5799806118011475,0.446256160736084,-0.06965956836938858,0.5018853545188904,0.41926100850105286,-0.08861570805311203,0.4406856894493103,0.4277840554714203,-0.1055593192577362,0.46842947602272034,0.45773768424987793,-0.04500322416424751,0.36014869809150696,0.4257280230522156,-0.08653483539819717,0.29011863470077515,0.4162129759788513,-0.11019732803106308,0.229462131857872,0.41053321957588196,-0.12594735622406006,0.46180659532546997,0.5336090922355652,-0.04280867800116539,0.4250600337982178,0.49743902683258057,-0.11907581239938736,0.509895920753479,0.5194938778877258,-0.1359328180551529,0.5704917311668396,0.5373950600624084,-0.1284472495317459,0.4650890529155731,0.6049762964248657,-0.04558827728033066,0.4421798586845398,0.5743287205696106,-0.11815352737903595,0.5256901979446411,0.5887746214866638,-0.10410455614328384,0.5769917964935303,0.5998649001121521,-0.07429396361112595,0.4737555980682373,0.6787034869194031,-0.05224214121699333,0.45570850372314453,0.6452122330665588,-0.10158024728298187,0.5193920135498047,0.6446967124938965,-0.09022444486618042,0.5582813620567322,0.6470994353294373,-0.06838208436965942
0.635899543762207,0.6584655046463013,-9.14776165927833e-08,0.6366273164749146,0.549142062664032,-0.04780406132340431,0.5789579153060913,0.4493493139743805,-0.07009860128164291,0.5013234615325928,0.4219675064086914,-0.08961279690265656,0.4401002526283264,0.4313865900039673,-0.107220858335495,0.46785420179367065,0.4606426954269409,-0.04580480605363846,0.3592543303966522,0.4293244481086731,-0.08801385760307312,0.28926777839660645,0.4196043610572815,-0.1125575602054596,0.22872303426265717,0.41393619775772095,-0.12883882224559784,0.46114063262939453,0.5357087850570679,-0.04364309459924698,0.42586463689804077,0.500938892364502,-0.11958549171686172,0.5098934769630432,0.5226224064826965,-0.1363917589187622,0.5693869590759277,0.5403420925140381,-0.12932948768138885,0.4643467962741852,0.606619656085968,-0.04644789174199104,0.44015273451805115,0.5766974091529846,-0.11834897100925446,0.5227806568145752,0.5913125872612,-0.10379019379615784,0.57398921251297,0.6027724742889404,-0.07407348603010178,0.47311821579933167,0.6797151565551758,-0.05320306867361069,0.4539563059806824,0.6468738317489624,-0.10202237963676453,0.5166239738464355,0.6466295123100281,-0.09009063243865967,0.5554217100143433,0.6495558023452759,-0.067997045814991
0.6355851888656616,0.6600989103317261,-9.05264556649854e-08,0.635921835899353,0.5511553287506104,-0.048362988978624344,0.5766515135765076,0.4519222378730774,-0.06995061039924622,0.49834662675857544,0.4252483546733856,-0.08845009654760361,0.4371134042739868,0.43423715233802795,-0.10483890771865845,0.4674731194972992,0.463335245847702,-0.045182812958955765,0.35897478461265564,0.4323786497116089,-0.08681618422269821,0.2883545458316803,0.4231317639350891,-0.11086896806955338,0.22734875977039337,0.41749870777130127,-0.1269250065088272,0.46042701601982117,0.5387212634086609,-0.042355552315711975,0.42514076828956604,0.5041860342025757,-0.11813469231128693,0.5088682174682617,0.5260181427001953,-0.13484203815460205,0.568564772605896,0.5434548258781433,-0.12756913900375366,0.4632018208503723,0.6094989776611328,-0.04459084942936897,0.4408823251724243,0.5797069072723389,-0.11645499616861343,0.5234906077384949,0.5942160487174988,-0.10227660834789276,0.5743951797485352,0.6053596138954163,-0.0727197527885437,0.47140005230903625,0.682613730430603,-0.050846755504608154,0.4541933238506317,0.6496140360832214,-0.09998725354671478,0.5172910094261169,0.6495943665504456,-0.08877647668123245,0.5557848811149597,0.652168869972229,-0.06711120158433914
0.6381288170814514,0.6677418947219849,-1.6229373045462125e-07,0.6409576535224915,0.5615156292915344,-0.04511083662509918,0.5803969502449036,0.460196316242218,-0.06422362476587296,0.5010694265365601,0.4309294819831848,-0.08077296614646912,0.4406723976135254,0.4404102563858032,-0.09572286903858185,0.4706997871398926,0.46903762221336365,-0.04250553622841835,0.3624235987663269,0.4390855133533478,-0.08209064602851868,0.29161083698272705,0.4300721287727356,-0.10535527020692825,0.2310820370912552,0.4246939420700073,-0.12128975987434387,0.46405667066574097,0.5440918207168579,-0.04026888310909271,0.42943087220191956,0.514600932598114,-0.11300145834684372,0.5125412940979004,0.5362595915794373,-0.12925811111927032,0.5717541575431824,0.5523755550384521,-0.12290363013744354,0.46695882081985474,0.6139132976531982,-0.04264940693974495,0.4422591030597687,0.5874869227409363,-0.11186549067497253,0.5246356129646301,0.6031761169433594,-0.09759671241044998,0.5766614079475403,0.6141844391822815,-0.06922038644552231,0.4754849672317505,0.6859313249588013,-0.048861440271139145,0.45786231756210327,0.6567389965057373,-0.09736394882202148,0.5212834477424622,0.6588738560676575,-0.08683990687131882,0.5606658458709717,0.6611654162406921,-0.06617234647274017
0.6376302242279053,0.6691426634788513,-1.2053421016844368e-07,0.6411367058753967,0.5620604753494263,-0.04723251238465309,0.5812079310417175,0.4604841470718384,-0.06742490082979202,0.5020737051963806,0.4320424795150757,-0.08466337621212006,0.44168147444725037,0.44400733709335327,-0.09979972243309021,0.4713914692401886,0.4709143340587616,-0.04363364353775978,0.36296960711479187,0.4403628706932068,-0.08480376750230789,0.292073130607605,0.43170228600502014,-0.10897219181060791,0.23145349323749542,0.4263256788253784,-0.12537221610546112,0.4641822278499603,0.5458580255508423,-0.040971118956804276,0.43066954612731934,0.5142820477485657,-0.11708401143550873,0.5141739845275879,0.5365222692489624,-0.134329155087471,0.5736954212188721,0.5531310439109802,-0.12738078832626343,0.4665539562702179,0.6154821515083313,-0.043268635869026184,0.44761794805526733,0.5893458724021912,-0.11476567387580872,0.5291622877120972,0.604974627494812,-0.10117374360561371,0.5789943933486938,0.6160116195678711,-0.07227674871683121,0.4740748703479767,0.6870313286781311,-0.04962025582790375,0.4621562063694,0.6570838093757629,-0.0984002873301506,0.5248204469680786,0.6597400307655334,-0.08807200938463211,0.5618476867675781,0.6626554131507874,-0.06725892424583435
0.6395565271377563,0.669347882270813,-1.199194201717546e-07,0.6428755521774292,0.5620262622833252,-0.045924682170152664,0.5830544233322144,0.46032440662384033,-0.06576541066169739,0.5048059225082397,0.43160897493362427,-0.08289093524217606,0.44458267092704773,0.4431406557559967,-0.09803242981433868,0.47170770168304443,0.4714205861091614,-0.04321860522031784,0.3635358214378357,0.4415643811225891,-0.08465920388698578,0.292754590511322,0.4330102205276489,-0.10969012975692749,0.23191557824611664,0.427913635969162,-0.12678153812885284,0.465361624956131,0.5466617345809937,-0.04109395667910576,0.43217897415161133,0.5145801901817322,-0.11695388704538345,0.5157673954963684,0.5351263880729675,-0.13503369688987732,0.5748450756072998,0.551466166973114,-0.12909479439258575,0.4683475196361542,0.6165376901626587,-0.043713025748729706,0.447427362203598,0.5890042185783386,-0.11504855751991272,0.5296400785446167,0.6032320857048035,-0.1018063947558403,0.5802888870239258,0.6142210364341736,-0.0734071210026741,0.4762662351131439,0.688282310962677,-0.05024881660938263,0.46273282170295715,0.6568319201469421,-0.09962712973356247,0.5259432196617126,0.6584302186965942,-0.08958151191473007,0.5639654994010925,0.6612005233764648,-0.06892800331115723
0.6409004330635071,0.6675689220428467,-1.2825584860820527e-07,0.6440841555595398,0.560633659362793,-0.046307384967803955,0.5818547606468201,0.45918896794319153,-0.06607973575592041,0.5014300346374512,0.4314640462398529,-0.08315902948379517,0.4407085180282593,0.4448900520801544,-0.09833376854658127,0.4720948040485382,0.47080206871032715,-0.04336311295628548,0.3642459511756897,0.441790372133255,-0.08428239822387695,0.2938782274723053,0.4343397617340088,-0.10887139290571213,0.23398271203041077,0.4294862151145935,-0.12586507201194763,0.4657387435436249,0.54624342918396,-0.04124528914690018,0.43414875864982605,0.514882504940033,-0.11787591874599457,0.5171269774436951,0.5347250699996948,-0.13635818660259247,0.5773859024047852,0.5507563948631287,-0.13047803938388824,0.4689529240131378,0.6155199408531189,-0.04388504847884178,0.44958049058914185,0.5890143513679504,-0.11571752279996872,0.5318011045455933,0.6025125980377197,-0.10331534594297409,0.583736002445221,0.613402783870697,-0.07547011971473694,0.47752732038497925,0.6865376234054565,-0.05052969604730606,0.4674470126628876,0.6568041443824768,-0.10131096839904785,0.531193733215332,0.6589599847793579,-0.0929565578699112,0.569929838180542,0.6616859436035156,-0.0733281597495079
0.6437642574310303,0.6677458882331848,-1.4574072793038795e-07,0.6449649930000305,0.559531569480896,-0.04515102878212929,0.5825862884521484,0.45816075801849365,-0.06455059349536896,0.5025908946990967,0.4300543963909149,-0.0815613716840744,0.4420863389968872,0.44491860270500183,-0.0968506708741188,0.47408527135849,0.46980395913124084,-0.04316386207938194,0.3663172721862793,0.44135934114456177,-0.08375381678342819,0.2953972816467285,0.4346514940261841,-0.10826320201158524,0.2350500524044037,0.4296160936355591,-0.1252075582742691,0.4675593674182892,0.5456911325454712,-0.04139036685228348,0.4397040605545044,0.5148244500160217,-0.11741863936185837,0.5211637020111084,0.5352399945259094,-0.13555952906608582,0.5818679928779602,0.5502926707267761,-0.1298781931400299,0.4704911708831787,0.6153205633163452,-0.04424777999520302,0.4537676274776459,0.5887086391448975,-0.11538805067539215,0.5347079038619995,0.6027225255966187,-0.10308851301670074,0.5885130763053894,0.6124709248542786,-0.07567080855369568,0.4793274700641632,0.685937225818634,-0.05108596757054329,0.46937471628189087,0.6563012599945068,-0.10188625007867813,0.5328475832939148,0.6582416296005249,-0.0938834622502327,0.5737895369529724,0.6594547629356384,-0.07450638711452484
0.6437336206436157,0.6680128574371338,-1.3029995216129464e-07,0.6443185210227966,0.5580971240997314,-0.04616951197385788,0.5832620859146118,0.4572290778160095,-0.06653051823377609,0.5036219358444214,0.42994293570518494,-0.08445709943771362,0.44373956322669983,0.4451117217540741,-0.10058517009019852,0.47403985261917114,0.4697530269622803,-0.0450119785964489,0.36775925755500793,0.44117212295532227,-0.08684496581554413,0.2968296706676483,0.4350123107433319,-0.11219671368598938,0.23661544919013977,0.4294334352016449,-0.12962915003299713,0.4658997356891632,0.5460039377212524,-0.04263673350214958,0.4434133768081665,0.5159991979598999,-0.12085659056901932,0.5243264436721802,0.5359233617782593,-0.1399507224559784,0.5862089991569519,0.5510286092758179,-0.13443221151828766,0.46746358275413513,0.6150634288787842,-0.04497428610920906,0.45766305923461914,0.5902510285377502,-0.11701416969299316,0.5380858778953552,0.6031030416488647,-0.10598365217447281,0.5930042862892151,0.6124711632728577,-0.07918331772089005,0.4752826988697052,0.6846264004707336,-0.05155603215098381,0.4748278558254242,0.6572046279907227,-0.10327791422605515,0.5387517809867859,0.6590624451637268,-0.09743519872426987,0.5800971984863281,0.6594937443733215,-0.07928279787302017
0.645341157913208,0.6688200831413269,-1.2901233503725962e-07,0.6449999809265137,0.5594420433044434,-0.0464555062353611,0.5849376320838928,0.45790302753448486,-0.06759943813085556,0.5063773989677429,0.4301687479019165,-0.0862950012087822,0.4460300803184509,0.44642895460128784,-0.10330843180418015,0.47554105520248413,0.4697679281234741,-0.046896036714315414,0.36940258741378784,0.4412609040737152,-0.08954087644815445,0.2980562448501587,0.43532493710517883,-0.11529113352298737,0.23766857385635376,0.42998796701431274,-0.13275665044784546,0.4671270549297333,0.5461031794548035,-0.044823452830314636,0.4454159140586853,0.5153040289878845,-0.1238359808921814,0.5252022743225098,0.5364308953285217,-0.14300322532653809,0.5872321724891663,0.5522212982177734,-0.13732200860977173,0.46865934133529663,0.6155679225921631,-0.047421377152204514,0.46011248230934143,0.590254545211792,-0.12022878974676132,0.5396959781646729,0.6040242910385132,-0.10939957946538925,0.5950145721435547,0.6131877899169922,-0.08244585990905762,0.47674188017845154,0.684772789478302,-0.05424529314041138,0.4758664667606354,0.6567460298538208,-0.10655131191015244,0.5394628047943115,0.6588325500488281,-0.10062982141971588,0.5817142724990845,0.6593304872512817,-0.08215693384408951
0.647615909576416,0.6683477759361267,-1.5748017290206917e-07,0.6474295258522034,0.5598267316818237,-0.043196890503168106,0.583448588848114,0.45923060178756714,-0.06218777596950531,0.503241240978241,0.4330892264842987,-0.07925525307655334,0.44415998458862305,0.452181339263916,-0.09469765424728394,0.47647544741630554,0.4717389643192291,-0.0449095144867897,0.370780885219574,0.445619136095047,-0.08521823585033417,0.2996761202812195,0.4408465623855591,-0.1090107336640358,0.23988290131092072,0.4360869824886322,-0.12547330558300018,0.46660393476486206,0.5490236878395081,-0.04356025904417038,0.4490199387073517,0.5233345031738281,-0.11945799738168716,0.5284833908081055,0.5399485230445862,-0.1369163691997528,0.5905595421791077,0.551865816116333,-0.1310112476348877,0.46734336018562317,0.6183531880378723,-0.046549294143915176,0.46402508020401,0.5949636697769165,-0.11649581044912338,0.5436040163040161,0.6051455736160278,-0.10551867634057999,0.5991247892379761,0.6126418113708496,-0.07954546809196472,0.4754651188850403,0.6866954565048218,-0.05368443951010704,0.4814620018005371,0.6589803099632263,-0.10435157269239426,0.5452656745910645,0.6596593856811523,-0.09949450939893723,0.5867820382118225,0.6589268445968628,-0.08248309046030045
0.6472112536430359,0.667229175567627,-1.1430748969587512e-07,0.64533531665802,0.5569866895675659,-0.046133216470479965,0.583451509475708,0.45806416869163513,-0.067350834608078,0.5043606758117676,0.4349561333656311,-0.08636647462844849,0.44556617736816406,0.45434796810150146,-0.10378485918045044,0.4744315445423126,0.47395649552345276,-0.04701051861047745,0.3698596954345703,0.44720548391342163,-0.09018981456756592,0.2994673550128937,0.4428858458995819,-0.11590166389942169,0.24011528491973877,0.4384155571460724,-0.13326559960842133,0.46508607268333435,0.5514397025108337,-0.04516695812344551,0.44689586758613586,0.5199742317199707,-0.1255251169204712,0.5279495716094971,0.5386953949928284,-0.14486348628997803,0.5913423895835876,0.5535327196121216,-0.13879479467868805,0.4669608771800995,0.6209180951118469,-0.04802677780389786,0.46336138248443604,0.5940600633621216,-0.12266477197408676,0.5449343919754028,0.6053593158721924,-0.1127762570977211,0.6017600297927856,0.6140665411949158,-0.08581070601940155,0.47608864307403564,0.6898665428161621,-0.05505919083952904,0.4814137816429138,0.6598092913627625,-0.10952308028936386,0.5464305877685547,0.6595470309257507,-0.10543720424175262,0.5893030166625977,0.6594789028167725,-0.08779004961252213
0.6478394269943237,0.667302668094635,-1.2969729823453235e-07,0.6460788249969482,0.5585213303565979,-0.04588709771633148,0.5832934975624084,0.46116727590560913,-0.06618700176477432,0.5037025213241577,0.4351549744606018,-0.0843336433172226,0.44388678669929504,0.4522232711315155,-0.10097043216228485,0.47703737020492554,0.4751398265361786,-0.04550715163350105,0.3716150224208832,0.44690293073654175,-0.08734682947397232,0.3012691140174866,0.4417562186717987,-0.11226312071084976,0.2411055564880371,0.43703651428222656,-0.12927865982055664,0.4687098562717438,0.5515210032463074,-0.0432647205889225,0.4475356340408325,0.520939290523529,-0.12172545492649078,0.5278608798980713,0.5394540429115295,-0.14039987325668335,0.5896906852722168,0.5537038445472717,-0.13454949855804443,0.47061285376548767,0.6207044124603271,-0.04571888595819473,0.46346402168273926,0.5944433212280273,-0.11923865973949432,0.5447403192520142,0.6062334179878235,-0.10875395685434341,0.6007740497589111,0.6153021454811096,-0.08180432766675949,0.47922083735466003,0.6897078156471252,-0.052276384085416794,0.48012685775756836,0.6601963639259338,-0.10575845837593079,0.5443682670593262,0.6601530909538269,-0.10089817643165588,0.5870463252067566,0.6607521772384644,-0.08306349813938141
0.6475483179092407,0.6698365211486816,-1.293336140406609e-07,0.6462348699569702,0.5607528686523438,-0.045227061957120895,0.5854857563972473,0.4639010429382324,-0.06553418934345245,0.5089381337165833,0.43568548560142517,-0.08384538441896439,0.45025062561035156,0.4503490626811981,-0.10071282088756561,0.4770035445690155,0.47506505250930786,-0.04557573050260544,0.37166258692741394,0.44648808240890503,-0.08688434213399887,0.3019728660583496,0.44089415669441223,-0.1113140657544136,0.24261850118637085,0.43642693758010864,-0.12778759002685547,0.4684876501560211,0.5506939888000488,-0.04341479018330574,0.4481062889099121,0.5208523273468018,-0.12088965624570847,0.5278907418251038,0.540302574634552,-0.13912008702754974,0.5895784497261047,0.5551741123199463,-0.1329641491174698,0.4703717529773712,0.6202769875526428,-0.04586409032344818,0.4639933109283447,0.5950692892074585,-0.11819669604301453,0.543954610824585,0.6068545579910278,-0.10796192288398743,0.5997141003608704,0.6157767176628113,-0.08128689229488373,0.4791973829269409,0.6895036101341248,-0.05235852673649788,0.4795338213443756,0.6613805294036865,-0.10492321848869324,0.5427053570747375,0.6606761813163757,-0.10005421936511993,0.5855704545974731,0.6604779362678528,-0.0821995660662651
0.6474241614341736,0.6687717437744141,-1.3054247460786428e-07,0.6455186605453491,0.5600287318229675,-0.04449333995580673,0.5843669176101685,0.4633285105228424,-0.06410448998212814,0.5066065192222595,0.43692493438720703,-0.08186943084001541,0.44788894057273865,0.45004937052726746,-0.09810862690210342,0.47794198989868164,0.47595125436782837,-0.043025676161050797,0.37302422523498535,0.4468459188938141,-0.0838252529501915,0.30385470390319824,0.4406370520591736,-0.10816310346126556,0.24494637548923492,0.43521615862846375,-0.12480176985263824,0.470005601644516,0.5515248775482178,-0.041260603815317154,0.4477560818195343,0.5194609761238098,-0.11834398657083511,0.5276499390602112,0.5390016436576843,-0.13682740926742554,0.5889989137649536,0.5550005435943604,-0.13099370896816254,0.47195762395858765,0.6202986836433411,-0.04417535662651062,0.4627842903137207,0.5937103629112244,-0.11631734669208527,0.5433622002601624,0.6056054830551147,-0.10619568079710007,0.5991665124893188,0.6156086325645447,-0.07979915291070938,0.4805704355239868,0.6894488334655762,-0.051101204007864,0.4810788333415985,0.6606343388557434,-0.10400889813899994,0.5450783967971802,0.6602723598480225,-0.09960959106683731,0.5878700613975525,0.6608867049217224,-0.08226404339075089
0.6459716558456421,0.6673552393913269,-1.3167617396447895e-07,0.6451966762542725,0.5585363507270813,-0.045106735080480576,0.5836158990859985,0.4616538882255554,-0.06482484936714172,0.5044761896133423,0.4366638660430908,-0.08243696391582489,0.4461513161659241,0.45207375288009644,-0.09853946417570114,0.4770013391971588,0.47463276982307434,-0.04302452504634857,0.3735244870185852,0.4455101490020752,-0.08369619399309158,0.3050427734851837,0.43955159187316895,-0.10786990821361542,0.2467951625585556,0.43398916721343994,-0.1243889108300209,0.4696506857872009,0.5503247380256653,-0.040883854031562805,0.44613707065582275,0.5185653567314148,-0.11740590631961823,0.5262114405632019,0.5385265946388245,-0.1355733722448349,0.587759792804718,0.5539777874946594,-0.12963946163654327,0.47244471311569214,0.618841826915741,-0.04349077120423317,0.46197983622550964,0.5913655161857605,-0.11561018973588943,0.5424893498420715,0.6045392751693726,-0.10508643835783005,0.5979048013687134,0.6150431632995605,-0.07837583124637604,0.4817292392253876,0.6877755522727966,-0.050062257796525955,0.47814860939979553,0.6579086780548096,-0.10269588977098465,0.5414721965789795,0.6585982441902161,-0.09746793657541275,0.5838357210159302,0.6598753333091736,-0.07961566746234894
0.6473355293273926,0.6651390790939331,-1.2631696222342725e-07,0.6436454057693481,0.5564302206039429,-0.04373927414417267,0.5822396278381348,0.45835229754447937,-0.06277702748775482,0.5034670829772949,0.4344581365585327,-0.07990916073322296,0.4447583854198456,0.44968968629837036,-0.0955236479640007,0.47818273305892944,0.4738728404045105,-0.040635354816913605,0.37517717480659485,0.4445030689239502,-0.08022003620862961,0.3068314492702484,0.43800270557403564,-0.10337364673614502,0.2482694536447525,0.43245893716812134,-0.11896660178899765,0.47115063667297363,0.5497889518737793,-0.03892369195818901,0.4468090832233429,0.5155866742134094,-0.11302364617586136,0.5265169739723206,0.5349749326705933,-0.12994951009750366,0.5867583751678467,0.550529956817627,-0.12352093309164047,0.474282830953598,0.6187686920166016,-0.041926026344299316,0.46254822611808777,0.5887200236320496,-0.11226027458906174,0.5424280762672424,0.601211428642273,-0.10066434741020203,0.5965402126312256,0.6116350889205933,-0.07340610772371292,0.4839535355567932,0.688318133354187,-0.04871552437543869,0.4756132662296295,0.6539466977119446,-0.09871917217969894,0.537772536277771,0.6538406014442444,-0.09123892337083817,0.5791061520576477,0.6563447117805481,-0.07215294986963272
0.6462740302085876,0.6636034250259399,-1.279618828675666e-07,0.6429221630096436,0.5556628108024597,-0.04330982640385628,0.5821698904037476,0.4582306742668152,-0.06224507838487625,0.504972517490387,0.43409547209739685,-0.07928386330604553,0.4474260210990906,0.44760680198669434,-0.09470628201961517,0.4778667986392975,0.4726143181324005,-0.040923092514276505,0.3754156231880188,0.44277024269104004,-0.08025874942541122,0.30740875005722046,0.43660232424736023,-0.10281229019165039,0.24938955903053284,0.4312135875225067,-0.11782301962375641,0.47087332606315613,0.5484113097190857,-0.03940039128065109,0.446178138256073,0.5132715106010437,-0.1133904829621315,0.5262912511825562,0.533324122428894,-0.12963618338108063,0.5872297286987305,0.549046516418457,-0.12243735045194626,0.4740559756755829,0.616926372051239,-0.042547643184661865,0.4644451141357422,0.5869821310043335,-0.112633615732193,0.5443304181098938,0.6003257036209106,-0.10074906796216965,0.597736120223999,0.6110837459564209,-0.07316142320632935,0.48356199264526367,0.6863447427749634,-0.04943493753671646,0.4763386845588684,0.6521013975143433,-0.09860390424728394,0.5383481383323669,0.6525847911834717,-0.09054607152938843,0.5790164470672607,0.6553725004196167,-0.0711216926574707
0.6473432779312134,0.6617875099182129,-1.2467712906527595e-07,0.642797589302063,0.553708016872406,-0.042561307549476624,0.5820826292037964,0.4578840732574463,-0.06109246611595154,0.505146861076355,0.4348440170288086,-0.07790319621562958,0.44783321022987366,0.4462830126285553,-0.09308896958827972,0.478474497795105,0.47147104144096375,-0.03954342380166054,0.3762388527393341,0.4420071840286255,-0.07829789072275162,0.3082588315010071,0.4356018602848053,-0.10089145600795746,0.2501884698867798,0.42995908856391907,-0.11603511869907379,0.4707753360271454,0.5467526316642761,-0.037946101278066635,0.44876545667648315,0.512174129486084,-0.11103009432554245,0.5275962948799133,0.5317104458808899,-0.12757034599781036,0.5880401134490967,0.5471508502960205,-0.12094417214393616,0.47336116433143616,0.6151329874992371,-0.0409647636115551,0.46440455317497253,0.584911584854126,-0.10983781516551971,0.5435032844543457,0.5981482267379761,-0.09844814985990524,0.5978520512580872,0.6088880300521851,-0.0715993121266365,0.48273366689682007,0.6841767430305481,-0.04776367172598839,0.4777052700519562,0.6508842706680298,-0.09673840552568436,0.5394100546836853,0.6513011455535889,-0.0896562859416008,0.5807889699935913,0.6534489989280701,-0.07094011455774307
0.645760178565979,0.6591998934745789,-1.0623477209037446e-07,0.6412733793258667,0.55048006772995,-0.0427909679710865,0.5813708901405334,0.45753589272499084,-0.06213987246155739,0.505673885345459,0.4315558075904846,-0.07997698336839676,0.44784900546073914,0.4412405788898468,-0.09618572145700455,0.47780925035476685,0.4698602557182312,-0.04032387211918831,0.37625813484191895,0.4394715428352356,-0.07947595417499542,0.30862146615982056,0.43260902166366577,-0.10251108556985855,0.2506396770477295,0.4273371398448944,-0.11789906769990921,0.47009599208831787,0.5446613430976868,-0.038773514330387115,0.44933444261550903,0.5095195770263672,-0.11143886297941208,0.5276088714599609,0.5274000763893127,-0.12785474956035614,0.5873845815658569,0.5424512624740601,-0.1214737817645073,0.47304150462150574,0.6134939789772034,-0.041887808591127396,0.46499189734458923,0.5820357799530029,-0.10983884334564209,0.5429102778434753,0.5938357710838318,-0.09796406328678131,0.5961409211158752,0.6045499444007874,-0.07116261124610901,0.4829545021057129,0.6824753284454346,-0.04887596517801285,0.4772190451622009,0.6476161479949951,-0.09646697342395782,0.5370773673057556,0.6462123990058899,-0.08857209980487823,0.5774673223495483,0.6481764316558838,-0.06961877644062042
0.6468403935432434,0.6328809261322021,-8.318431099496593e-08,0.6376772522926331,0.5235936045646667,-0.04424382001161575,0.5802745223045349,0.4350689947605133,-0.06694354116916656,0.5063527822494507,0.4134023189544678,-0.08778306841850281,0.44715696573257446,0.41840609908103943,-0.10677821189165115,0.48045608401298523,0.4471806287765503,-0.04656859487295151,0.3761236071586609,0.4178910255432129,-0.0886172354221344,0.3083936274051666,0.41119495034217834,-0.11314605921506882,0.24943269789218903,0.4071173071861267,-0.12910155951976776,0.4711472690105438,0.5220319032669067,-0.045192427933216095,0.4477752447128296,0.48697924613952637,-0.12027449905872345,0.5268283486366272,0.5077458620071411,-0.1364050656557083,0.5857318639755249,0.5257924199104309,-0.129324808716774,0.4720964729785919,0.5916000604629517,-0.04840525612235069,0.46020907163619995,0.5594910383224487,-0.11692134290933609,0.5375948548316956,0.5727428793907166,-0.10317588597536087,0.5903632640838623,0.5847364664077759,-0.07489369064569473,0.48147258162498474,0.660784900188446,-0.05568903684616089,0.47220680117607117,0.6292238235473633,-0.10354898869991302,0.5314637422561646,0.6242460608482361,-0.09448898583650589,0.5710903406143188,0.6240872740745544,-0.07428247481584549
0.6446653604507446,0.6253542900085449,-1.0349037182777465e-07,0.6338809132575989,0.5161574482917786,-0.044882457703351974,0.5759551525115967,0.4258052706718445,-0.06701941788196564,0.5020787715911865,0.4042171537876129,-0.08715173602104187,0.44374263286590576,0.404838502407074,-0.10530707240104675,0.4778890609741211,0.4419609606266022,-0.04534177482128143,0.3761157691478729,0.41122007369995117,-0.08678466826677322,0.3093434274196625,0.4042409658432007,-0.11037282645702362,0.25123152136802673,0.39882466197013855,-0.125532329082489,0.4666918218135834,0.5155459642410278,-0.04335474967956543,0.4500480890274048,0.4768896996974945,-0.11840841919183731,0.5267230868339539,0.5025480389595032,-0.13417047262191772,0.584685206413269,0.5235311388969421,-0.12628649175167084,0.4671818017959595,0.5825643539428711,-0.04615682363510132,0.46323078870773315,0.5492125749588013,-0.11499819904565811,0.5393091440200806,0.5664118528366089,-0.10218290984630585,0.5921419858932495,0.5785162448883057,-0.07413886487483978,0.47728678584098816,0.6484922766685486,-0.053098078817129135,0.47586962580680847,0.6171603798866272,-0.10142147541046143,0.5351985692977905,0.617365300655365,-0.09357817471027374,0.5752574801445007,0.6174954175949097,-0.07387382537126541
0.6428462266921997,0.6175874471664429,-9.481685481205204e-08,0.6332602500915527,0.5092117786407471,-0.04443994536995888,0.5781953930854797,0.42042043805122375,-0.06704213470220566,0.5085069537162781,0.39839527010917664,-0.08769936114549637,0.45186686515808105,0.40160149335861206,-0.10637172311544418,0.47979122400283813,0.4359375238418579,-0.047539159655570984,0.37673577666282654,0.40357446670532227,-0.08921337872743607,0.30979716777801514,0.3967011868953705,-0.11261206120252609,0.25172197818756104,0.3904159367084503,-0.12759459018707275,0.46800878643989563,0.5086446404457092,-0.04587513208389282,0.44943588972091675,0.46747320890426636,-0.12162984907627106,0.5249961614608765,0.49589505791664124,-0.13745054602622986,0.5826526880264282,0.5189180970191956,-0.12933194637298584,0.4674386978149414,0.5751444697380066,-0.04875112324953079,0.4637643098831177,0.5403041839599609,-0.11722695082426071,0.538697361946106,0.5592070817947388,-0.104354128241539,0.5905357003211975,0.5729631781578064,-0.07626847177743912,0.4760943055152893,0.6406399011611938,-0.05575132369995117,0.4747152626514435,0.6098853349685669,-0.10324200987815857,0.532649040222168,0.6106786131858826,-0.0951048880815506,0.571975588798523,0.6115384101867676,-0.0753009095788002
0.6446696519851685,0.6088598966598511,-8.051791411389786e-08,0.6345832347869873,0.5017521977424622,-0.04414452984929085,0.5808134078979492,0.4149783253669739,-0.06753551959991455,0.5140932202339172,0.38997015357017517,-0.08911308646202087,0.45818814635276794,0.3935023248195648,-0.10894367843866348,0.48107609152793884,0.42874324321746826,-0.04817527160048485,0.37913820147514343,0.3956829905509949,-0.08975870907306671,0.31306958198547363,0.3869953453540802,-0.11340879648923874,0.2557738423347473,0.37976059317588806,-0.12853768467903137,0.46978524327278137,0.500834584236145,-0.04687719792127609,0.4519163966178894,0.45762109756469727,-0.12155728042125702,0.5272120833396912,0.48664918541908264,-0.13718879222869873,0.5831375122070312,0.5107191801071167,-0.12943518161773682,0.4697047472000122,0.5682717561721802,-0.04998093843460083,0.46382588148117065,0.5316917896270752,-0.11840628832578659,0.5384913086891174,0.5509086847305298,-0.10535630583763123,0.5897873640060425,0.5650709867477417,-0.07732165604829788,0.4791077971458435,0.6345260143280029,-0.057036466896533966,0.4748925268650055,0.6005250215530396,-0.10505547374486923,0.5336273908615112,0.6004295349121094,-0.09621001780033112,0.5741089582443237,0.6025291681289673,-0.07583119720220566
0.6454876661300659,0.6025530099868774,-9.670756639934552e-08,0.6361926794052124,0.4954013228416443,-0.04376447573304176,0.5827417969703674,0.4080938398838043,-0.0668894350528717,0.514617383480072,0.3816150724887848,-0.0882733017206192,0.4572151005268097,0.3813149333000183,-0.10810773819684982,0.4832155108451843,0.4205907881259918,-0.047373101115226746,0.38252905011177063,0.38607853651046753,-0.08839002251625061,0.31705790758132935,0.37638381123542786,-0.11145137995481491,0.26028406620025635,0.36887824535369873,-0.12625396251678467,0.4717686176300049,0.4927363991737366,-0.046336300671100616,0.45408523082733154,0.4479404389858246,-0.11966417729854584,0.5291807055473328,0.4780449867248535,-0.13448156416416168,0.5838697552680969,0.5038225054740906,-0.12674997746944427,0.4720620810985565,0.5603649616241455,-0.04974367842078209,0.46497127413749695,0.521120548248291,-0.117557093501091,0.539162814617157,0.5421054363250732,-0.10384336113929749,0.5892643332481384,0.5581583976745605,-0.07587918639183044,0.48222747445106506,0.6273249387741089,-0.056997962296009064,0.47690027952194214,0.5923087000846863,-0.10471352934837341,0.5353142023086548,0.593026340007782,-0.09539678692817688,0.5748445987701416,0.5965051651000977,-0.0750235840678215
0.64693284034729,0.5972487926483154,-8.452015975990435e-08,0.6370658874511719,0.4897315800189972,-0.04341933876276016,0.5854551792144775,0.40198031067848206,-0.0667639821767807,0.5198306441307068,0.3745819330215454,-0.08853141963481903,0.4639161229133606,0.37388747930526733,-0.10881537199020386,0.48548662662506104,0.4130694568157196,-0.04707624390721321,0.3861023783683777,0.37752029299736023,-0.08883899450302124,0.32041728496551514,0.3673425316810608,-0.11271203309297562,0.26341336965560913,0.35930606722831726,-0.12794391810894012,0.4728848338127136,0.48482415080070496,-0.046088285744190216,0.45650801062583923,0.44038307666778564,-0.1200946792960167,0.5304107069969177,0.472597599029541,-0.13547582924365997,0.5848382711410522,0.49989280104637146,-0.12798148393630981,0.4717783033847809,0.5523016452789307,-0.0495728924870491,0.46661046147346497,0.5131573677062988,-0.11814640462398529,0.5407078266143799,0.5369455814361572,-0.10478205978870392,0.5910996794700623,0.5551141500473022,-0.07673001289367676,0.4802665412425995,0.6195204854011536,-0.05688576027750969,0.4760205149650574,0.5844717621803284,-0.10521755367517471,0.5350143313407898,0.5872705578804016,-0.09610775113105774,0.5752561092376709,0.5920921564102173,-0.07561884075403214
0.6465957760810852,0.5935633778572083,-9.111599297284556e-08,0.6378015875816345,0.4858945608139038,-0.042513031512498856,0.5851714015007019,0.39702802896499634,-0.06491547077894211,0.5190561413764954,0.3663962781429291,-0.0859261155128479,0.46154969930648804,0.3626419007778168,-0.1053929552435875,0.48580121994018555,0.40829378366470337,-0.04458299279212952,0.3875766396522522,0.37142235040664673,-0.08525507897138596,0.32313764095306396,0.3604597747325897,-0.10826504230499268,0.26701852679252625,0.35148370265960693,-0.12288117408752441,0.4739854037761688,0.4788375198841095,-0.04403606429696083,0.4575597941875458,0.4329368770122528,-0.11664450913667679,0.5311705470085144,0.46527761220932007,-0.1317039579153061,0.5843343138694763,0.4915769398212433,-0.12415807694196701,0.47327131032943726,0.5459149479866028,-0.04794935882091522,0.46752336621284485,0.5064094662666321,-0.11525359004735947,0.5410611629486084,0.5304723381996155,-0.10137800127267838,0.5896447896957397,0.5475244522094727,-0.07322055101394653,0.4817090928554535,0.6132852435112,-0.055588290095329285,0.4761222302913666,0.577322781085968,-0.10178261995315552,0.534074604511261,0.5802544951438904,-0.09130178391933441,0.5725046992301941,0.5848202109336853,-0.07027529180049896
0.6462482213973999,0.5903874635696411,-7.6991739206278e-08,0.6382943391799927,0.4824211895465851,-0.04322617128491402,0.5868797302246094,0.3934730291366577,-0.06607352942228317,0.5205723643302917,0.363452285528183,-0.08746432512998581,0.46334895491600037,0.35990241169929504,-0.10715941339731216,0.4866531789302826,0.40515220165252686,-0.044838156551122665,0.389434814453125,0.3665602505207062,-0.08580692112445831,0.3255192041397095,0.35494375228881836,-0.10894764959812164,0.2699016332626343,0.3446534276008606,-0.1235896423459053,0.4742496907711029,0.47574424743652344,-0.043986983597278595,0.4581632614135742,0.4281299412250519,-0.11727751046419144,0.530907928943634,0.46081626415252686,-0.13267658650875092,0.5845029950141907,0.48744678497314453,-0.12509019672870636,0.4728715121746063,0.5425429940223694,-0.04770088568329811,0.4687914550304413,0.5008528232574463,-0.11553287506103516,0.5419115424156189,0.5260050296783447,-0.10209054499864578,0.5909869074821472,0.5438470840454102,-0.07388162612915039,0.4804536998271942,0.6096022129058838,-0.05523298680782318,0.4766060411930084,0.5709542632102966,-0.10157129168510437,0.5343970060348511,0.5754755139350891,-0.09159265458583832,0.5731329321861267,0.58132404088974,-0.07080049812793732
0.6446475982666016,0.5886001586914062,-7.031835735915593e-08,0.6375154852867126,0.48004165291786194,-0.042680587619543076,0.5859323740005493,0.39005032181739807,-0.06512527912855148,0.5188528895378113,0.36008474230766296,-0.08618252724409103,0.46124503016471863,0.3557811975479126,-0.10574060678482056,0.4871178865432739,0.4047146141529083,-0.04394664242863655,0.3897973299026489,0.3641340434551239,-0.08480086177587509,0.32624566555023193,0.3516441583633423,-0.10755552351474762,0.27052783966064453,0.34076035022735596,-0.12187574803829193,0.4752071499824524,0.47502610087394714,-0.043414678424596786,0.45811960101127625,0.4228919744491577,-0.11645521223545074,0.5316263437271118,0.4574943780899048,-0.13142666220664978,0.5837684869766235,0.4855618178844452,-0.1235896572470665,0.4737612009048462,0.5415623188018799,-0.047413092106580734,0.4683200418949127,0.4949639141559601,-0.11608274281024933,0.5423001646995544,0.5233743190765381,-0.10201530903577805,0.5899530053138733,0.5430713295936584,-0.07314693182706833,0.48056983947753906,0.6094347834587097,-0.05501534417271614,0.47537821531295776,0.5670595169067383,-0.10168818384408951,0.534465491771698,0.5734070539474487,-0.09065746515989304,0.573094367980957,0.5808331966400146,-0.06909721344709396
0.6374624371528625,0.6013307571411133,-1.444909543124595e-07,0.640485405921936,0.49402618408203125,-0.03960951417684555,0.5877469778060913,0.39809417724609375,-0.05653487518429756,0.5165536999702454,0.36570894718170166,-0.07178951054811478,0.4586417078971863,0.36105093359947205,-0.08587615191936493,0.48639222979545593,0.40466347336769104,-0.035693712532520294,0.38574278354644775,0.36007261276245117,-0.07175590097904205,0.3235766589641571,0.33936017751693726,-0.09202408790588379,0.26857438683509827,0.323258638381958,-0.10525776445865631,0.4765389859676361,0.4715045392513275,-0.03475312888622284,0.4451424777507782,0.42307889461517334,-0.10298703610897064,0.5229530930519104,0.45754197239875793,-0.11687743663787842,0.5740234851837158,0.4865272343158722,-0.10866863280534744,0.47671231627464294,0.5370939373970032,-0.03799815848469734,0.45001721382141113,0.4952056407928467,-0.10264241695404053,0.5251756906509399,0.5220245718955994,-0.08720721304416656,0.5682384967803955,0.541075587272644,-0.058169618248939514,0.48341208696365356,0.6075159311294556,-0.044243358075618744,0.45846831798553467,0.5672314763069153,-0.08644457161426544,0.5143018960952759,0.5725077390670776,-0.07270625978708267,0.5472065806388855,0.5800789594650269,-0.05058230459690094
0.6369884610176086,0.6011821031570435,-1.454033053960302e-07,0.6382662653923035,0.4975103735923767,-0.039898138493299484,0.5867135524749756,0.4032270908355713,-0.05576767399907112,0.5183613896369934,0.36999672651290894,-0.06916062533855438,0.4622313380241394,0.36793792247772217,-0.08054254949092865,0.4836738407611847,0.408463716506958,-0.036341793835163116,0.3851580321788788,0.36453714966773987,-0.07296895235776901,0.32439279556274414,0.3419346511363983,-0.09393765032291412,0.27015817165374756,0.32584989070892334,-0.10750838369131088,0.47424471378326416,0.47432276606559753,-0.03493121266365051,0.44154906272888184,0.4296383261680603,-0.09869818389415741,0.5188740491867065,0.4632331132888794,-0.11070198565721512,0.5661934018135071,0.49072831869125366,-0.10268650203943253,0.4740160405635834,0.5392153263092041,-0.038162555545568466,0.4482274055480957,0.5013442039489746,-0.09983200579881668,0.5224200487136841,0.5267682671546936,-0.08444657176733017,0.5606960654258728,0.5443989038467407,-0.05655293166637421,0.4795326888561249,0.6080920100212097,-0.04452122375369072,0.454067587852478,0.5701867938041687,-0.0829143300652504,0.5077201724052429,0.5753141045570374,-0.06781274080276489,0.5372174382209778,0.5844273567199707,-0.04588608071208
0.6362353563308716,0.6041927933692932,-1.544826631061369e-07,0.6388453841209412,0.5013278722763062,-0.04101285710930824,0.5878279209136963,0.40537890791893005,-0.05693178251385689,0.5190725326538086,0.3728141784667969,-0.07000831514596939,0.4624291956424713,0.3691597580909729,-0.08110783249139786,0.4836273193359375,0.41076377034187317,-0.037165604531764984,0.38482749462127686,0.36735281348228455,-0.0735999271273613,0.32418161630630493,0.34576416015625,-0.09395110607147217,0.26956647634506226,0.3306116759777069,-0.10710590332746506,0.4738670289516449,0.47582706809043884,-0.03510003536939621,0.4410039782524109,0.43239960074424744,-0.09847042709589005,0.5191181302070618,0.4665335714817047,-0.1099725216627121,0.5652863383293152,0.4927766025066376,-0.10158666968345642,0.47357383370399475,0.5406990647315979,-0.03773808479309082,0.44772645831108093,0.5044566988945007,-0.09969690442085266,0.5226240158081055,0.5304144024848938,-0.08399759978055954,0.5598109364509583,0.5462878942489624,-0.055810946971178055,0.479157418012619,0.6101073622703552,-0.04351657256484032,0.4540219306945801,0.5744115710258484,-0.08246327191591263,0.5087975263595581,0.5787396430969238,-0.06730208545923233,0.538028359413147,0.5858573317527771,-0.045166559517383575
0.6367106437683105,0.6042122840881348,-1.5946345399697748e-07,0.6387853026390076,0.5024388432502747,-0.04032593220472336,0.586868941783905,0.40769580006599426,-0.055360134690999985,0.5188098549842834,0.3765776455402374,-0.06732991337776184,0.46269312500953674,0.3742509186267853,-0.0771007314324379,0.48239076137542725,0.4118921756744385,-0.03666602820158005,0.383808970451355,0.36989662051200867,-0.07293954491615295,0.3231012225151062,0.34884434938430786,-0.09326191246509552,0.2687839865684509,0.3345920443534851,-0.10629112273454666,0.4731982350349426,0.47744739055633545,-0.03466225042939186,0.43994665145874023,0.4350229799747467,-0.0965597927570343,0.5183876752853394,0.4684739112854004,-0.10722854733467102,0.5638612508773804,0.49419495463371277,-0.09856642782688141,0.47286033630371094,0.5426725149154663,-0.03743438795208931,0.446618914604187,0.5080419778823853,-0.09837900847196579,0.5213453769683838,0.5334275364875793,-0.0826709195971489,0.5568897128105164,0.5490091443061829,-0.054790399968624115,0.4783344268798828,0.6122044324874878,-0.043290991336107254,0.45330092310905457,0.5777775049209595,-0.08104259520769119,0.507472813129425,0.5824681520462036,-0.0654839351773262,0.5348848104476929,0.5905063152313232,-0.04342725872993469
0.6375017762184143,0.6078420877456665,-1.6515237177827657e-07,0.639372706413269,0.5047417879104614,-0.03952460363507271,0.5864918828010559,0.41161492466926575,-0.053622644394636154,0.5192585587501526,0.3819121718406677,-0.06457002460956573,0.46491551399230957,0.3819591999053955,-0.0733012706041336,0.48122507333755493,0.4179633855819702,-0.03581961244344711,0.38270705938339233,0.3778945207595825,-0.07147593051195145,0.3216626048088074,0.35814744234085083,-0.09146895259618759,0.26727068424224854,0.34475475549697876,-0.10435415804386139,0.47320306301116943,0.48388975858688354,-0.033790916204452515,0.4375397264957428,0.44105207920074463,-0.09468211978673935,0.5165994167327881,0.4730895161628723,-0.10488142818212509,0.5619181990623474,0.4977650046348572,-0.09609736502170563,0.4734293520450592,0.5491144061088562,-0.03649073839187622,0.4445817172527313,0.5132870674133301,-0.09705494344234467,0.5207677483558655,0.5375954508781433,-0.0813836008310318,0.5562546253204346,0.5529924631118774,-0.05359186977148056,0.4789169132709503,0.6185843348503113,-0.04218006134033203,0.45192083716392517,0.5828338861465454,-0.07975734770298004,0.506946861743927,0.5871486663818359,-0.06431551277637482,0.5343443751335144,0.5956598520278931,-0.0425463430583477
0.6367544531822205,0.6087974905967712,-1.5805474617991422e-07,0.6382776498794556,0.5067037343978882,-0.040184617042541504,0.5860714912414551,0.4126085638999939,-0.05527061969041824,0.5172300338745117,0.3847048580646515,-0.06735356897115707,0.4616377353668213,0.38426998257637024,-0.07732028514146805,0.48152756690979004,0.4189690351486206,-0.03578166663646698,0.38247150182724,0.37765181064605713,-0.07089948654174805,0.32124608755111694,0.35773271322250366,-0.09001374989748001,0.2667597830295563,0.3444315791130066,-0.10234745591878891,0.4727343022823334,0.4845876395702362,-0.03360026329755783,0.4363937973976135,0.4434584677219391,-0.09504008293151855,0.5154696702957153,0.47671544551849365,-0.10482832044363022,0.5614825487136841,0.5014753341674805,-0.09524929523468018,0.4726608395576477,0.5494807958602905,-0.0361451581120491,0.4442674517631531,0.5159013867378235,-0.09631922841072083,0.5192416310310364,0.5406731367111206,-0.07979077100753784,0.5545088052749634,0.5555247664451599,-0.05139313265681267,0.47805285453796387,0.6192337274551392,-0.041840579360723495,0.4518744647502899,0.5853983163833618,-0.07902152836322784,0.5062088370323181,0.5895841121673584,-0.06330938637256622,0.5331559777259827,0.5967005491256714,-0.04128795117139816
0.6363503932952881,0.6085345149040222,-1.4307457263385004e-07,0.6378898024559021,0.5078455805778503,-0.04012223705649376,0.5858410596847534,0.4140263497829437,-0.05574866384267807,0.5179194211959839,0.3860670030117035,-0.06852544844150543,0.4631895124912262,0.38768336176872253,-0.07930896431207657,0.48045939207077026,0.4206511974334717,-0.03689977154135704,0.38038840889930725,0.37931400537490845,-0.07292532175779343,0.31919100880622864,0.3593204915523529,-0.09287963062524796,0.2644522786140442,0.3460763394832611,-0.10577712208032608,0.4716784656047821,0.48602622747421265,-0.03520319610834122,0.4359268248081207,0.4447300434112549,-0.0983000248670578,0.5154518485069275,0.476592481136322,-0.1091947853565216,0.5623643398284912,0.5014064908027649,-0.10017380118370056,0.4719441533088684,0.5510460138320923,-0.03809894248843193,0.4445929527282715,0.517503023147583,-0.09931790083646774,0.519677460193634,0.5414954423904419,-0.08310427516698837,0.5558809638023376,0.5567377209663391,-0.054673321545124054,0.4775778651237488,0.6210404634475708,-0.044120803475379944,0.4523751139640808,0.5866039991378784,-0.08185448497533798,0.5066580176353455,0.5906895995140076,-0.06604370474815369,0.5341618657112122,0.5984119176864624,-0.04374602064490318
0.635823130607605,0.6084510684013367,-1.4296172423655662e-07,0.6370442509651184,0.5080251097679138,-0.040630925446748734,0.5842328071594238,0.4151301383972168,-0.056964077055454254,0.5170446634292603,0.386366605758667,-0.07056847214698792,0.46213990449905396,0.3895625174045563,-0.0822620838880539,0.47859013080596924,0.4222877621650696,-0.03794368356466293,0.37887054681777954,0.38189008831977844,-0.07414418458938599,0.3174923360347748,0.3628454804420471,-0.09410450607538223,0.2626994550228119,0.3503071069717407,-0.10703933984041214,0.47038352489471436,0.4879574179649353,-0.03626948222517967,0.4368439018726349,0.4462243318557739,-0.09966476261615753,0.5165137648582458,0.4776305556297302,-0.11054419726133347,0.5634509325027466,0.5020844340324402,-0.10162585973739624,0.4713394045829773,0.5532327890396118,-0.0391964428126812,0.44601842761039734,0.519173264503479,-0.10080855339765549,0.5214508771896362,0.5427420139312744,-0.08452413976192474,0.5582480430603027,0.5578228235244751,-0.056049298495054245,0.47751501202583313,0.622937023639679,-0.04529508948326111,0.4530099332332611,0.5880844593048096,-0.08365204185247421,0.5078881978988647,0.591578483581543,-0.06791969388723373,0.5362855195999146,0.5990031361579895,-0.04555940628051758
0.6360028982162476,0.6103067994117737,-1.4226390021576663e-07,0.6374677419662476,0.5104026198387146,-0.04084056615829468,0.5848625898361206,0.4164201319217682,-0.057088080793619156,0.5161384344100952,0.3870738744735718,-0.07079357653856277,0.46036821603775024,0.3910675048828125,-0.08291183412075043,0.4794568717479706,0.4232884645462036,-0.03678622469305992,0.3788474202156067,0.38172513246536255,-0.07189343869686127,0.31734031438827515,0.3617088198661804,-0.0910961925983429,0.2622326612472534,0.34902602434158325,-0.10365193337202072,0.47136110067367554,0.4882798492908478,-0.034889254719018936,0.43452972173690796,0.4490542709827423,-0.09834058582782745,0.5131326913833618,0.4802030920982361,-0.10983482748270035,0.5610816478729248,0.5047627091407776,-0.10110116004943848,0.47272464632987976,0.5533344149589539,-0.03748625889420509,0.44488245248794556,0.5205451846122742,-0.09953449666500092,0.520376443862915,0.5436683893203735,-0.08385767042636871,0.558548629283905,0.5587952733039856,-0.05551884323358536,0.4790239632129669,0.6231993436813354,-0.04318268969655037,0.4527890086174011,0.5890203714370728,-0.08258581161499023,0.5079210996627808,0.5921555757522583,-0.06764698028564453,0.5375804901123047,0.5985590219497681,-0.045587219297885895
0.6369954943656921,0.6121349334716797,-1.3110043539654725e-07,0.6380960941314697,0.5114505290985107,-0.04141310602426529,0.5855367183685303,0.41702327132225037,-0.05802346020936966,0.5177986025810242,0.38621777296066284,-0.0720050111413002,0.4620612859725952,0.38978487253189087,-0.08429961651563644,0.47887319326400757,0.4244597256183624,-0.03710521012544632,0.37978655099868774,0.3841707110404968,-0.07283445447683334,0.31859901547431946,0.36452823877334595,-0.09272301942110062,0.2639295756816864,0.35182487964630127,-0.10575758665800095,0.4709603488445282,0.48972466588020325,-0.03533012792468071,0.4342260956764221,0.44883379340171814,-0.0993528887629509,0.5129461288452148,0.4786381125450134,-0.11160578578710556,0.5615331530570984,0.5034018754959106,-0.10330061614513397,0.47282645106315613,0.5549488067626953,-0.0381307452917099,0.4457162618637085,0.5217411518096924,-0.10052891075611115,0.5210498571395874,0.5438490509986877,-0.08543544262647629,0.5595093369483948,0.5590929985046387,-0.057382311671972275,0.4798118770122528,0.6245505213737488,-0.04410723224282265,0.4545585513114929,0.5897766947746277,-0.08379567414522171,0.5093967318534851,0.5926517844200134,-0.06921668350696564,0.5389899015426636,0.5998007655143738,-0.04735130816698074
0.6369225382804871,0.6144863367080688,-1.3989466651764815e-07,0.6385380029678345,0.5121647119522095,-0.041420452296733856,0.5857369899749756,0.41811418533325195,-0.05775123089551926,0.5175907611846924,0.38734182715415955,-0.07129938900470734,0.4616267681121826,0.3901749849319458,-0.08310920745134354,0.48006969690322876,0.42536023259162903,-0.037315912544727325,0.38001736998558044,0.38545915484428406,-0.0729478970170021,0.3186304569244385,0.36606061458587646,-0.09283459186553955,0.263410747051239,0.35388678312301636,-0.10597219318151474,0.4722815752029419,0.4902052879333496,-0.035511355847120285,0.43404197692871094,0.45057228207588196,-0.09926591068506241,0.5125871300697327,0.4804909825325012,-0.11142875999212265,0.5605054497718811,0.5050347447395325,-0.10317228734493256,0.474204957485199,0.5552254319190979,-0.03826121613383293,0.44475823640823364,0.5231170654296875,-0.10050889849662781,0.5204544067382812,0.5448784232139587,-0.0851888433098793,0.5586511492729187,0.5594544410705566,-0.05708576366305351,0.4815696179866791,0.6245846748352051,-0.04421013966202736,0.45507925748825073,0.5918299555778503,-0.08406940847635269,0.5101467370986938,0.5941892862319946,-0.06951715052127838,0.5396795868873596,0.6004107594490051,-0.04770214855670929
0.6371562480926514,0.6155328750610352,-1.3896379869038356e-07,0.6394516229629517,0.5142654776573181,-0.040364820510149,0.5870915651321411,0.41987791657447815,-0.05622590705752373,0.5182408690452576,0.38827282190322876,-0.0696260929107666,0.4617684483528137,0.39175865054130554,-0.08154142647981644,0.48036476969718933,0.4270528554916382,-0.03654339537024498,0.3794468641281128,0.3860083520412445,-0.07194450497627258,0.3178737163543701,0.36591827869415283,-0.09164702147245407,0.262518048286438,0.3528710603713989,-0.10465054214000702,0.47253456711769104,0.49120283126831055,-0.03500733897089958,0.4339640140533447,0.4517907202243805,-0.0985129103064537,0.5121183395385742,0.48207512497901917,-0.11063192039728165,0.5601488351821899,0.5063402056694031,-0.10246266424655914,0.47446751594543457,0.5562505125999451,-0.03791043162345886,0.4440211057662964,0.5239464640617371,-0.10025124251842499,0.5196293592453003,0.5463206768035889,-0.0850054994225502,0.5585317015647888,0.5613277554512024,-0.05696839839220047,0.48176220059394836,0.6262283325195312,-0.043859075754880905,0.4543803930282593,0.5933480858802795,-0.0839390978217125,0.5093467831611633,0.5965680480003357,-0.06948261708021164,0.5395188927650452,0.6033458113670349,-0.04773380234837532
0.6375389695167542,0.6175752878189087,-1.369670172834958e-07,0.639159083366394,0.5149645209312439,-0.03951238468289375,0.5871617794036865,0.4202076196670532,-0.05512596666812897,0.5192598700523376,0.387551486492157,-0.06855683028697968,0.46306249499320984,0.39266446232795715,-0.08056917786598206,0.4799213111400604,0.42835289239883423,-0.03511893004179001,0.37920859456062317,0.3874368965625763,-0.07044434547424316,0.3175901174545288,0.36731278896331787,-0.0904955193400383,0.26227790117263794,0.3544606864452362,-0.1038019061088562,0.4725908935070038,0.4920879006385803,-0.03395070880651474,0.4339600205421448,0.4534197449684143,-0.0973982959985733,0.5114918947219849,0.4834347069263458,-0.11004319787025452,0.5593740344047546,0.5072393417358398,-0.10228392481803894,0.4749002456665039,0.5568599104881287,-0.03718261420726776,0.44393932819366455,0.5252056121826172,-0.0992291197180748,0.5191636681556702,0.5471627712249756,-0.08443848788738251,0.5584017038345337,0.5613501071929932,-0.05680832639336586,0.48255568742752075,0.626338541507721,-0.043432172387838364,0.4555931091308594,0.5945019125938416,-0.08368983119726181,0.5104333162307739,0.5971410274505615,-0.06976080685853958,0.5410356521606445,0.6024969816207886,-0.04831869900226593
0.6381605267524719,0.6175594329833984,-1.4574800388800213e-07,0.6399695873260498,0.5150191783905029,-0.039641618728637695,0.5880181193351746,0.42070430517196655,-0.055356886237859726,0.5207274556159973,0.39032554626464844,-0.06854310631752014,0.4662180244922638,0.395815908908844,-0.08005327731370926,0.4800291657447815,0.4292678236961365,-0.03704376146197319,0.3789936900138855,0.38961589336395264,-0.07292526960372925,0.3171537518501282,0.36999276280403137,-0.09330037236213684,0.26214927434921265,0.35700052976608276,-0.10679108649492264,0.4730394184589386,0.49429649114608765,-0.03580683097243309,0.4340885877609253,0.45574185252189636,-0.09908786416053772,0.5121625661849976,0.4863070249557495,-0.11098157614469528,0.5604262948036194,0.509871244430542,-0.10296780616044998,0.475233793258667,0.55925452709198,-0.03900297358632088,0.4440034031867981,0.5274685025215149,-0.10067683458328247,0.5195459723472595,0.5498479008674622,-0.08539081364870071,0.5586979985237122,0.5638149976730347,-0.05773443356156349,0.4826197028160095,0.6283308267593384,-0.045277368277311325,0.45550158619880676,0.596511960029602,-0.08491239696741104,0.5104606747627258,0.6000949740409851,-0.07061754912137985,0.5405157208442688,0.606030285358429,-0.04923485219478607
0.6380027532577515,0.6192753911018372,-1.253033019565919e-07,0.6393691301345825,0.5159228444099426,-0.03977050259709358,0.5873557329177856,0.42156514525413513,-0.05641718581318855,0.5196794867515564,0.3907700777053833,-0.07105012238025665,0.46461156010627747,0.3946111500263214,-0.08428987860679626,0.47936055064201355,0.43168869614601135,-0.03675040602684021,0.37850236892700195,0.3902696371078491,-0.07282296568155289,0.31682533025741577,0.36997491121292114,-0.09339186549186707,0.26180529594421387,0.3564997911453247,-0.10705580562353134,0.4722358286380768,0.4964647889137268,-0.035879019647836685,0.43448129296302795,0.45699945092201233,-0.10096584260463715,0.511992871761322,0.4874826669692993,-0.11405639350414276,0.5606222748756409,0.511730968952179,-0.10648215562105179,0.47485482692718506,0.5611898303031921,-0.03933015465736389,0.44454923272132874,0.5285377502441406,-0.10237088799476624,0.5202211141586304,0.5509904623031616,-0.08732528984546661,0.5610260963439941,0.5658230781555176,-0.059424251317977905,0.4826851487159729,0.6301426291465759,-0.045861855149269104,0.45644691586494446,0.5978776216506958,-0.08695738762617111,0.5118095278739929,0.601494312286377,-0.07315485924482346,0.5432618260383606,0.607268750667572,-0.05168520659208298
0.6374490261077881,0.6213910579681396,-1.2321491738020995e-07,0.6379673480987549,0.5169154405593872,-0.03923805058002472,0.5853000283241272,0.4234198331832886,-0.05607374384999275,0.5175516605377197,0.3917781412601471,-0.07151193171739578,0.46330469846725464,0.39628249406814575,-0.08584463596343994,0.48065483570098877,0.43171438574790955,-0.03543178364634514,0.3797966241836548,0.3906351923942566,-0.07111560553312302,0.31770920753479004,0.37067264318466187,-0.09161030501127243,0.2625761926174164,0.3569047749042511,-0.10527147352695465,0.4733334481716156,0.49720361828804016,-0.03475223109126091,0.4364347755908966,0.4602815508842468,-0.10109534114599228,0.5127347111701965,0.4902383089065552,-0.11528009176254272,0.5639880895614624,0.513672947883606,-0.10815467685461044,0.4754852056503296,0.5618792176246643,-0.038214247673749924,0.44644829630851746,0.5314003825187683,-0.10153250396251678,0.522185206413269,0.5549163818359375,-0.08693264424800873,0.5673117637634277,0.5703656673431396,-0.05908573791384697,0.4826961159706116,0.6302028894424438,-0.044849976897239685,0.45803362131118774,0.5997915863990784,-0.08694862574338913,0.5146546959877014,0.6054291129112244,-0.0741925910115242,0.5496890544891357,0.6112841367721558,-0.053003791719675064
0.6352232694625854,0.6225427985191345,-1.1856908344043404e-07,0.635922372341156,0.5161777138710022,-0.03958297520875931,0.581083357334137,0.4214564263820648,-0.05578859895467758,0.5098512172698975,0.3914424777030945,-0.07055091857910156,0.4551287889480591,0.40035951137542725,-0.08419647067785263,0.4807942807674408,0.431028813123703,-0.034687723964452744,0.3802150785923004,0.3889504373073578,-0.07014921307563782,0.31770387291908264,0.3689143657684326,-0.09077063947916031,0.2627514600753784,0.3542780876159668,-0.10478909313678741,0.4733240306377411,0.4979044198989868,-0.033704329282045364,0.4383770525455475,0.46185168623924255,-0.1009301170706749,0.513584315776825,0.4912891387939453,-0.11579570174217224,0.5661474466323853,0.5145633816719055,-0.10910988599061966,0.47509172558784485,0.5626088976860046,-0.036973901093006134,0.4479069709777832,0.5338549613952637,-0.10055822134017944,0.522874653339386,0.5567288994789124,-0.08701614290475845,0.5696045756340027,0.57184898853302,-0.05999375134706497,0.481935977935791,0.6304123401641846,-0.04356890544295311,0.46031683683395386,0.6023679971694946,-0.0864260271191597,0.5162162780761719,0.6077964901924133,-0.07541939616203308,0.5517237782478333,0.6124336123466492,-0.05553629249334335
0.6352583169937134,0.6277430057525635,-1.402239462322541e-07,0.6318598985671997,0.5220205783843994,-0.037245433777570724,0.5791021585464478,0.42680999636650085,-0.054302360862493515,0.5079804062843323,0.3988969326019287,-0.07048953324556351,0.45328307151794434,0.4075689911842346,-0.08599281311035156,0.48261699080467224,0.4392542243003845,-0.03887934610247612,0.3825545012950897,0.3973737359046936,-0.07611596584320068,0.3186987340450287,0.37833765149116516,-0.097480408847332,0.26347315311431885,0.3622252941131592,-0.1116146594285965,0.47234565019607544,0.5092903971672058,-0.039166949689388275,0.4474067986011505,0.4720100462436676,-0.10746446996927261,0.5223181843757629,0.5044124722480774,-0.12111345678567886,0.5769421458244324,0.5307573676109314,-0.11405248194932938,0.47173768281936646,0.5743964910507202,-0.04331031069159508,0.4532290995121002,0.5405123829841614,-0.10726210474967957,0.5295994281768799,0.5661572217941284,-0.09241113811731339,0.5812885165214539,0.5855283737182617,-0.06476166099309921,0.47714242339134216,0.6423963308334351,-0.05077104642987251,0.4617471694946289,0.6091639399528503,-0.09528247267007828,0.5205576419830322,0.6150326728820801,-0.08441752940416336,0.5607452988624573,0.6218627095222473,-0.06411194801330566
0.6343900561332703,0.6304305791854858,-1.1204123495645035e-07,0.6339818239212036,0.526199221611023,-0.03969467431306839,0.5789348483085632,0.4322137236595154,-0.057401955127716064,0.5075053572654724,0.40722882747650146,-0.07365860044956207,0.4541604816913605,0.410247802734375,-0.08867251127958298,0.4797685146331787,0.4433498978614807,-0.04016086831688881,0.3814592957496643,0.40046095848083496,-0.07751158624887466,0.31824564933776855,0.382037878036499,-0.0984058603644371,0.2639007568359375,0.3668220639228821,-0.11221452802419662,0.4699569344520569,0.5138455629348755,-0.03947139158844948,0.4476124942302704,0.4733157753944397,-0.10946609824895859,0.5234194397926331,0.5028842687606812,-0.12338114529848099,0.5785397291183472,0.5268069505691528,-0.1155756488442421,0.4702181816101074,0.5785361528396606,-0.04290607571601868,0.4585227966308594,0.5433490872383118,-0.10882828384637833,0.5353602170944214,0.5671813488006592,-0.09466562420129776,0.5849006175994873,0.5850684642791748,-0.06668856739997864,0.4769277274608612,0.645677924156189,-0.04971678927540779,0.4668562710285187,0.6096498370170593,-0.09523702412843704,0.526203989982605,0.617256760597229,-0.08461830765008926,0.5643724203109741,0.625644326210022,-0.06410025805234909
0.6355417370796204,0.6284162998199463,-1.0563869068391796e-07,0.6325528621673584,0.524953305721283,-0.03941332548856735,0.5772642493247986,0.43298256397247314,-0.058037374168634415,0.5070827007293701,0.4081498682498932,-0.07547704875469208,0.45351889729499817,0.4134490191936493,-0.09163637459278107,0.4794425070285797,0.4453108608722687,-0.04112129285931587,0.3802415728569031,0.4033186733722687,-0.0792643204331398,0.31757915019989014,0.38559064269065857,-0.10048983246088028,0.26311051845550537,0.3711203932762146,-0.11438474804162979,0.4694094657897949,0.5156923532485962,-0.04078279063105583,0.45021852850914,0.47511085867881775,-0.11070791631937027,0.5264210104942322,0.5038831830024719,-0.12410520762205124,0.5798968076705933,0.5272619724273682,-0.11631488054990768,0.46930959820747375,0.5809035897254944,-0.04458929970860481,0.45851728320121765,0.5440590977668762,-0.11018221825361252,0.5353193283081055,0.5671296119689941,-0.09510568529367447,0.5842456817626953,0.5850393772125244,-0.06683899462223053,0.475909948348999,0.6480380892753601,-0.051843009889125824,0.46693155169487,0.6101722121238708,-0.09695342928171158,0.525829017162323,0.6170219779014587,-0.08572003990411758,0.5634049773216248,0.6262505650520325,-0.06489397585391998
0.635709285736084,0.63008052110672,-9.288293512099699e-08,0.6317018866539001,0.5269982814788818,-0.039828285574913025,0.5768143534660339,0.4335494637489319,-0.058709729462862015,0.5070204734802246,0.41135501861572266,-0.07623641937971115,0.45406562089920044,0.41790124773979187,-0.09237663447856903,0.47819623351097107,0.44873687624931335,-0.042518243193626404,0.378657728433609,0.4066798686981201,-0.0801924616098404,0.3161062002182007,0.38952207565307617,-0.10066398233175278,0.2619350850582123,0.37576180696487427,-0.11383957415819168,0.46756821870803833,0.5193225741386414,-0.04173293709754944,0.44897782802581787,0.4776495099067688,-0.11151418089866638,0.5248290300369263,0.504374623298645,-0.12454114854335785,0.5787272453308105,0.5270081758499146,-0.11622297018766403,0.4670804440975189,0.5845959186553955,-0.04498986154794693,0.4581559896469116,0.546142578125,-0.11043691635131836,0.5351966023445129,0.5671818256378174,-0.09577342122793198,0.5850256681442261,0.584651529788971,-0.067568339407444,0.47383323311805725,0.6520329117774963,-0.05171600729227066,0.46728453040122986,0.6116317510604858,-0.09717382490634918,0.5264961123466492,0.6166775226593018,-0.08671389520168304,0.564768373966217,0.6255480647087097,-0.06613145768642426
0.6355594396591187,0.6295520067214966,-1.010490393582586e-07,0.6297912001609802,0.5255621671676636,-0.04009685665369034,0.5754325985908508,0.43387100100517273,-0.059855472296476364,0.505898654460907,0.4134531319141388,-0.07822082936763763,0.4526110291481018,0.4192296266555786,-0.09523729979991913,0.4792303144931793,0.4495517611503601,-0.04363517463207245,0.37849974632263184,0.4082494080066681,-0.08240097016096115,0.31600385904312134,0.3914492726325989,-0.10336863249540329,0.2613186240196228,0.3780038356781006,-0.1167270690202713,0.4685041904449463,0.5197824835777283,-0.04300188645720482,0.44981810450553894,0.47751083970069885,-0.11336978524923325,0.5269085168838501,0.5056350231170654,-0.1260598748922348,0.58035808801651,0.5287391543388367,-0.11742157489061356,0.468014121055603,0.5847927927970886,-0.046459611505270004,0.457614004611969,0.5458561182022095,-0.11275213211774826,0.5355473756790161,0.5685099959373474,-0.09702672809362411,0.5854435563087463,0.585821270942688,-0.0678943395614624,0.4752948582172394,0.651857316493988,-0.05335446819663048,0.466484397649765,0.6125634908676147,-0.09943441301584244,0.52653968334198,0.6178509593009949,-0.08788750320672989,0.565300703048706,0.6262568831443787,-0.06628936529159546
0.6351819038391113,0.6291651725769043,-9.928722732865936e-08,0.6287615299224854,0.5256492495536804,-0.0399659089744091,0.5734466314315796,0.4352683126926422,-0.05975446477532387,0.5036783814430237,0.4142914414405823,-0.07825982570648193,0.45029160380363464,0.41932541131973267,-0.09535854309797287,0.4768838584423065,0.45090022683143616,-0.04364215210080147,0.3773319125175476,0.41061919927597046,-0.08249369263648987,0.31507283449172974,0.39458346366882324,-0.1036386787891388,0.2606455683708191,0.38207489252090454,-0.11714141815900803,0.4664686918258667,0.5216137170791626,-0.043222855776548386,0.4490395486354828,0.4793221056461334,-0.11385006457567215,0.5263739228248596,0.5059401988983154,-0.12658490240573883,0.5800904035568237,0.5285090208053589,-0.11798981577157974,0.4664961099624634,0.5868219137191772,-0.046937424689531326,0.45784276723861694,0.5476821660995483,-0.11304901540279388,0.535402238368988,0.5686762928962708,-0.09736359119415283,0.5850192308425903,0.5854223370552063,-0.06831339746713638,0.4742348790168762,0.6536473035812378,-0.05414234846830368,0.4659379720687866,0.6133230924606323,-0.0995662584900856,0.5249399542808533,0.6177121996879578,-0.08799687027931213,0.5628584027290344,0.6261122822761536,-0.0665723979473114
0.6372921466827393,0.6234921813011169,-1.1996931448265968e-07,0.627893328666687,0.5197951793670654,-0.039251334965229034,0.5709949135780334,0.4357113838195801,-0.059367839246988297,0.5006514191627502,0.41734084486961365,-0.07810676097869873,0.44752371311187744,0.42892128229141235,-0.09558320790529251,0.47689783573150635,0.45200374722480774,-0.04595637321472168,0.376521497964859,0.41861844062805176,-0.08511751890182495,0.3131523132324219,0.4076399803161621,-0.10677537322044373,0.2578250467777252,0.39908480644226074,-0.12085726857185364,0.46791553497314453,0.5230079293251038,-0.04551777243614197,0.4520507752895355,0.48418089747428894,-0.11517877131700516,0.5288934707641602,0.5081371068954468,-0.12754611670970917,0.5838022828102112,0.5276095271110535,-0.1195945143699646,0.4694920778274536,0.5883907079696655,-0.04905296862125397,0.4599786102771759,0.5513930916786194,-0.11376696079969406,0.5366917848587036,0.5683990716934204,-0.098393015563488,0.5884810090065002,0.5818814039230347,-0.07047901302576065,0.4793977737426758,0.6537777185440063,-0.056141480803489685,0.4707719385623932,0.6167110204696655,-0.10218740999698639,0.5293070673942566,0.6167015433311462,-0.09220293164253235,0.5692310333251953,0.6205642223358154,-0.07214813679456711
0.6380265951156616,0.6238812208175659,-1.302577459227905e-07,0.6290324926376343,0.5203322768211365,-0.03960156813263893,0.5696309208869934,0.43718230724334717,-0.05904467776417732,0.4969569146633148,0.4202653169631958,-0.0767127126455307,0.443150132894516,0.429517924785614,-0.09290605038404465,0.47980377078056335,0.45332446694374084,-0.04701818525791168,0.37771275639533997,0.42182275652885437,-0.08649920672178268,0.31298118829727173,0.41241157054901123,-0.1079593077301979,0.256805419921875,0.4049558639526367,-0.1218639388680458,0.47008854150772095,0.525925874710083,-0.046006329357624054,0.4517991244792938,0.4871131479740143,-0.11602164059877396,0.5302239656448364,0.5095124244689941,-0.1274762749671936,0.587114155292511,0.52773517370224,-0.11865339428186417,0.4710141122341156,0.5912625193595886,-0.04901152849197388,0.4616430997848511,0.5532926321029663,-0.11371290683746338,0.5395358204841614,0.569609522819519,-0.09725726395845413,0.5915923118591309,0.5830950140953064,-0.06863344460725784,0.4803934395313263,0.6567671298980713,-0.05566159635782242,0.473174124956131,0.617922306060791,-0.10145147889852524,0.5323668122291565,0.61870938539505,-0.09104711562395096,0.5714195966720581,0.6233958005905151,-0.07082921266555786
0.6395374536514282,0.6229228973388672,-1.1816575806733454e-07,0.6291208267211914,0.5182937383651733,-0.03985988348722458,0.5692256689071655,0.4372205138206482,-0.05978531017899513,0.4981742203235626,0.4235714077949524,-0.07777883112430573,0.44685542583465576,0.43447497487068176,-0.09408891946077347,0.47860968112945557,0.4554443955421448,-0.04823732003569603,0.3778589367866516,0.4269757866859436,-0.08884012699127197,0.31297144293785095,0.419108510017395,-0.11144409328699112,0.25705885887145996,0.412943571805954,-0.12609101831912994,0.4685288369655609,0.528583288192749,-0.04718949273228645,0.4530053436756134,0.4911806881427765,-0.11838486790657043,0.5323799848556519,0.5116783380508423,-0.13045410811901093,0.5904009938240051,0.5289486646652222,-0.1216992512345314,0.46982821822166443,0.5937532782554626,-0.0501762218773365,0.4641650915145874,0.556891918182373,-0.11520260572433472,0.542322039604187,0.5709115266799927,-0.09928274899721146,0.5949225425720215,0.5838372707366943,-0.0708644688129425,0.4798377454280853,0.658473014831543,-0.05693912133574486,0.47652626037597656,0.6202878355979919,-0.1029500737786293,0.5353811979293823,0.6197166442871094,-0.09319823235273361,0.5740375518798828,0.6235794425010681,-0.07329019904136658
0.6417796611785889,0.6208027005195618,-1.1014194001290889e-07,0.6290184855461121,0.5173235535621643,-0.040073834359645844,0.5698353052139282,0.43912115693092346,-0.06038273125886917,0.5007103085517883,0.4257221817970276,-0.0789804607629776,0.4505797028541565,0.4381401836872101,-0.09596356749534607,0.4776113033294678,0.4580861032009125,-0.047520577907562256,0.3780424892902374,0.4312397539615631,-0.08843003958463669,0.3130457401275635,0.4251009523868561,-0.11161017417907715,0.2571415603160858,0.41974925994873047,-0.12656764686107635,0.46762600541114807,0.5307765007019043,-0.046413615345954895,0.4544017016887665,0.4941679537296295,-0.11841857433319092,0.5335007905960083,0.5136524438858032,-0.13148124516010284,0.5932145118713379,0.5302650928497314,-0.12314359098672867,0.4694189429283142,0.5956340432167053,-0.04942016676068306,0.4656316637992859,0.5592691898345947,-0.11495794355869293,0.5436489582061768,0.5721411108970642,-0.10031246393918991,0.5982449054718018,0.5841894149780273,-0.0724330022931099,0.47997143864631653,0.6599310636520386,-0.056264590471982956,0.4780861735343933,0.6229326128959656,-0.10309652239084244,0.5367873907089233,0.6210899353027344,-0.09457318484783173,0.5771238207817078,0.6237677335739136,-0.07518320530653
0.6427236795425415,0.6215833425521851,-1.0886704160384397e-07,0.6299782991409302,0.5176774263381958,-0.04157963767647743,0.570335865020752,0.4393894672393799,-0.0630326047539711,0.5012866258621216,0.4247361421585083,-0.0823795273900032,0.450363427400589,0.44006213545799255,-0.09996441006660461,0.4762749671936035,0.45971614122390747,-0.05146736279129982,0.3768289387226105,0.4353805482387543,-0.09388815611600876,0.31091952323913574,0.43114766478538513,-0.1175222173333168,0.2545614242553711,0.4268936812877655,-0.1324165016412735,0.46566563844680786,0.5338405966758728,-0.04993831366300583,0.4564003050327301,0.496244877576828,-0.12351929396390915,0.5371748208999634,0.5143206715583801,-0.1362646371126175,0.5993059277534485,0.5291537046432495,-0.12708240747451782,0.4678812623023987,0.5991181135177612,-0.05255495384335518,0.4705468416213989,0.5609291195869446,-0.11892205476760864,0.5486592054367065,0.5731134414672852,-0.1039179190993309,0.6034581065177917,0.5840113162994385,-0.07536907494068146,0.47916263341903687,0.6627088785171509,-0.05920640006661415,0.4817810356616974,0.6236823797225952,-0.10585540533065796,0.5403279066085815,0.6222623586654663,-0.09686136245727539,0.5802596807479858,0.6249709129333496,-0.07690867781639099
0.644777238368988,0.6232861876487732,-1.239664442209687e-07,0.6306530833244324,0.5209022164344788,-0.04148782789707184,0.5696132183074951,0.4447493553161621,-0.06294555217027664,0.5012280941009521,0.4310028851032257,-0.08212285488843918,0.45125022530555725,0.4491885304450989,-0.09942144900560379,0.4748499393463135,0.4613898992538452,-0.05264072120189667,0.3760673999786377,0.4394706189632416,-0.0952015370130539,0.3098316788673401,0.4369804263114929,-0.11933092772960663,0.25330790877342224,0.4340153932571411,-0.13452833890914917,0.46351853013038635,0.5359445810317993,-0.05102957785129547,0.4593166708946228,0.5011008977890015,-0.12488175928592682,0.5399877429008484,0.5165160298347473,-0.13838407397270203,0.6031510233879089,0.5289469957351685,-0.12964069843292236,0.4657897353172302,0.6015697121620178,-0.05343341454863548,0.47368931770324707,0.5642812252044678,-0.11964413523674011,0.5522560477256775,0.5736755132675171,-0.10619054734706879,0.6086513996124268,0.5823155641555786,-0.0786280483007431,0.47763386368751526,0.6641770005226135,-0.05996724218130112,0.48623281717300415,0.625029444694519,-0.10699746757745743,0.5448070764541626,0.6217709183692932,-0.09971872717142105,0.5854382514953613,0.6226494312286377,-0.0807621106505394
0.6448422074317932,0.6237218976020813,-1.2635349833090004e-07,0.6299301385879517,0.520079493522644,-0.041790686547756195,0.5673299431800842,0.4436466097831726,-0.06396684050559998,0.4960104823112488,0.4329441785812378,-0.08375595510005951,0.4444296956062317,0.45631900429725647,-0.10198793560266495,0.4720800518989563,0.46300068497657776,-0.053317852318286896,0.3736981153488159,0.44457200169563293,-0.09531056135892868,0.3075272738933563,0.443577378988266,-0.11945777386426926,0.2512601613998413,0.44266611337661743,-0.13499034941196442,0.46180182695388794,0.5374714136123657,-0.051587920635938644,0.4587641954421997,0.5050343871116638,-0.12460722774267197,0.5391069054603577,0.5167617797851562,-0.13830578327178955,0.6018043756484985,0.5270202159881592,-0.13037405908107758,0.4657203257083893,0.6029839515686035,-0.05372241884469986,0.4729464650154114,0.5684345364570618,-0.11906750500202179,0.5502027869224548,0.5746843218803406,-0.10555575042963028,0.6059277057647705,0.5810229182243347,-0.0786954015493393,0.47913306951522827,0.6648806929588318,-0.05997646972537041,0.48663657903671265,0.6284269690513611,-0.10686954110860825,0.5449888706207275,0.6231054663658142,-0.0997328907251358,0.5857508182525635,0.6220341920852661,-0.0812375470995903
0.6430943012237549,0.6252515316009521,-1.1550188361297842e-07,0.6291533708572388,0.5221036076545715,-0.043083224445581436,0.5654808282852173,0.44694435596466064,-0.06579051166772842,0.4931630492210388,0.4367113709449768,-0.08561491966247559,0.44133442640304565,0.459616482257843,-0.10351557284593582,0.4722064733505249,0.4655323326587677,-0.05703390762209892,0.37115615606307983,0.4496508836746216,-0.1004711389541626,0.30426520109176636,0.45194509625434875,-0.12502938508987427,0.24741008877754211,0.45347368717193604,-0.14083923399448395,0.46296629309654236,0.5413766503334045,-0.054839666932821274,0.45628800988197327,0.5114792585372925,-0.12941066920757294,0.5362721681594849,0.5191347599029541,-0.14312595129013062,0.5989722609519958,0.524832010269165,-0.1352073848247528,0.466240257024765,0.6063825488090515,-0.0566081665456295,0.4728083908557892,0.5736713409423828,-0.12247710675001144,0.5497964024543762,0.5770120620727539,-0.10859984904527664,0.6045079231262207,0.5814430117607117,-0.0817577987909317,0.4781186580657959,0.6676018238067627,-0.06277081370353699,0.4880811274051666,0.6318886876106262,-0.10970624536275864,0.5464296340942383,0.6270054578781128,-0.10299142450094223,0.5858076810836792,0.62544184923172,-0.08512082695960999
0.6425195932388306,0.6231135129928589,-1.2803511140191404e-07,0.6265767812728882,0.5212594866752625,-0.042937181890010834,0.5619146823883057,0.44891905784606934,-0.06611789017915726,0.48966825008392334,0.44249820709228516,-0.08622845262289047,0.4391065239906311,0.46987980604171753,-0.10440657287836075,0.4676847457885742,0.46682968735694885,-0.0587502121925354,0.3680286407470703,0.45628634095191956,-0.10247737914323807,0.30108657479286194,0.46006155014038086,-0.12741081416606903,0.2448398768901825,0.46288055181503296,-0.14343488216400146,0.4572017192840576,0.5433821082115173,-0.056284818798303604,0.4575886130332947,0.5173540115356445,-0.1302916705608368,0.537085771560669,0.5220834016799927,-0.14372070133686066,0.5995179414749146,0.525946319103241,-0.13598787784576416,0.4609034061431885,0.608578622341156,-0.057643093168735504,0.475008100271225,0.5782325267791748,-0.12213742733001709,0.5505564212799072,0.5789215564727783,-0.10834573954343796,0.6046131253242493,0.5820485353469849,-0.08216134458780289,0.47360458970069885,0.6695674061775208,-0.06356608122587204,0.4895438551902771,0.6362179517745972,-0.10951847583055496,0.5470684170722961,0.6308774948120117,-0.10333674401044846,0.5851910710334778,0.62874436378479,-0.08610646426677704
0.6412897706031799,0.6248477697372437,-1.2871217336396512e-07,0.6243151426315308,0.5212422013282776,-0.04245925322175026,0.5569034814834595,0.44830024242401123,-0.06507161259651184,0.48288464546203613,0.4423384666442871,-0.08464588969945908,0.4310952425003052,0.46888548135757446,-0.10243739187717438,0.4631674885749817,0.47154027223587036,-0.057936180382966995,0.3643009662628174,0.45904141664505005,-0.10147634148597717,0.297958642244339,0.4629485011100769,-0.12630373239517212,0.2420574277639389,0.46581318974494934,-0.14238481223583221,0.45406150817871094,0.5478222966194153,-0.05576300993561745,0.45496588945388794,0.5170071125030518,-0.12968184053897858,0.5348447561264038,0.5220568180084229,-0.14290063083171844,0.5972782373428345,0.5260075330734253,-0.1351376622915268,0.45929890871047974,0.6122149229049683,-0.05742121487855911,0.4740530550479889,0.578551709651947,-0.12224644422531128,0.5496026277542114,0.5793999433517456,-0.10798618197441101,0.6033916473388672,0.5816566348075867,-0.08148165047168732,0.47335362434387207,0.6724288463592529,-0.0634971484541893,0.4885910153388977,0.6366928219795227,-0.10977835953235626,0.5465644598007202,0.6302578449249268,-0.10310445725917816,0.5846827030181885,0.6265232563018799,-0.0855182632803917
0.6318185925483704,0.6171743869781494,-1.1204396344055567e-07,0.6108241081237793,0.5160085558891296,-0.042826734483242035,0.5417395234107971,0.44343921542167664,-0.06464308500289917,0.46747270226478577,0.4399000406265259,-0.08363854885101318,0.4161326289176941,0.4665013551712036,-0.10102268308401108,0.4544605016708374,0.47282037138938904,-0.05358051136136055,0.352337121963501,0.46491730213165283,-0.0945747122168541,0.28622889518737793,0.47400400042533875,-0.11779355257749557,0.23023292422294617,0.4803435206413269,-0.13305607438087463,0.4516025483608246,0.5476375222206116,-0.050958987325429916,0.4373127818107605,0.5210990309715271,-0.1227373331785202,0.5143043994903564,0.5259242653846741,-0.13606248795986176,0.5756692886352539,0.5276995897293091,-0.1287423074245453,0.45937737822532654,0.6114563941955566,-0.05245662108063698,0.4574531018733978,0.5824384689331055,-0.11719713360071182,0.5324159264564514,0.5817025899887085,-0.10370248556137085,0.5872962474822998,0.5810412764549255,-0.07743360847234726,0.4745584726333618,0.6714847683906555,-0.058027446269989014,0.4693921208381653,0.640486478805542,-0.10489392280578613,0.5268902778625488,0.6313498616218567,-0.09789564460515976,0.5683565139770508,0.6246660947799683,-0.08011344075202942
0.6245835423469543,0.6133437156677246,-8.342851032239196e-08,0.6053510308265686,0.5139707922935486,-0.04667123407125473,0.538322925567627,0.44184112548828125,-0.07098037004470825,0.46410471200942993,0.4383770525455475,-0.09181474894285202,0.41436344385147095,0.47182855010032654,-0.1109917163848877,0.4499344825744629,0.4709130525588989,-0.057416729629039764,0.3481979966163635,0.4648560881614685,-0.10149167478084564,0.282395601272583,0.47472241520881653,-0.12765371799468994,0.22671513259410858,0.4818750023841858,-0.14505714178085327,0.44865572452545166,0.5449482798576355,-0.05382706597447395,0.43224912881851196,0.5223269462585449,-0.1299467533826828,0.5091846585273743,0.5252308249473572,-0.145725280046463,0.570570707321167,0.5243235230445862,-0.13942848145961761,0.45599836111068726,0.6078526377677917,-0.05469955503940582,0.45284542441368103,0.5830729007720947,-0.12265469133853912,0.5278975963592529,0.5811205506324768,-0.11016123741865158,0.5821361541748047,0.5787195563316345,-0.08408626914024353,0.4691315293312073,0.6669194102287292,-0.06003051623702049,0.4683370888233185,0.6400119066238403,-0.10940089076757431,0.5264499187469482,0.6314495205879211,-0.10360685735940933,0.5667925477027893,0.6237325668334961,-0.08630609512329102
0.6199792623519897,0.6121882796287537,-1.0739267963799648e-07,0.6038658022880554,0.5139244198799133,-0.0436987429857254,0.5362831354141235,0.44381290674209595,-0.06635179370641708,0.46350327134132385,0.4397742748260498,-0.08580058813095093,0.4155029356479645,0.4739192724227905,-0.10368266701698303,0.4462446868419647,0.47014814615249634,-0.05771329253911972,0.3454287648200989,0.4665943682193756,-0.10135263204574585,0.2790290117263794,0.47797122597694397,-0.12782782316207886,0.22307336330413818,0.48732995986938477,-0.1458827406167984,0.4444395899772644,0.5439640283584595,-0.055011797696352005,0.43206536769866943,0.5256410241127014,-0.12956666946411133,0.5091308951377869,0.5252532362937927,-0.14482077956199646,0.5698384046554565,0.5218886137008667,-0.1391085833311081,0.45159927010536194,0.6072874665260315,-0.05627885088324547,0.45057982206344604,0.5857610106468201,-0.12158719450235367,0.5254611968994141,0.5811813473701477,-0.1080002412199974,0.5790841579437256,0.5778101086616516,-0.08252984285354614,0.46491673588752747,0.6673966646194458,-0.06198875233530998,0.4683116674423218,0.6418204307556152,-0.10975088179111481,0.5265019536018372,0.6331614255905151,-0.10364589840173721,0.5653896331787109,0.6255313158035278,-0.08685066550970078
0.6191679239273071,0.607757031917572,-9.493161456930466e-08,0.6002818942070007,0.5096836686134338,-0.04361678287386894,0.5323823094367981,0.4398292899131775,-0.06672146171331406,0.45799556374549866,0.4382258653640747,-0.08698471635580063,0.40706753730773926,0.47110578417778015,-0.10585907846689224,0.442060649394989,0.4722047746181488,-0.055119872093200684,0.34347373247146606,0.46910592913627625,-0.0988437607884407,0.27772849798202515,0.4801700711250305,-0.12533529102802277,0.22157448530197144,0.48911380767822266,-0.14334173500537872,0.44093766808509827,0.544786810874939,-0.05312047153711319,0.43025901913642883,0.5241374373435974,-0.1283346265554428,0.5085566639900208,0.5228911638259888,-0.14419889450073242,0.569513201713562,0.5197755694389343,-0.13865944743156433,0.4494575560092926,0.6077892780303955,-0.05522904545068741,0.4485797584056854,0.5854483842849731,-0.12225975841283798,0.5241550207138062,0.5800846815109253,-0.1087423637509346,0.5783222317695618,0.5755452513694763,-0.08270448446273804,0.46469417214393616,0.6673154830932617,-0.06166345626115799,0.4673837721347809,0.6423002481460571,-0.1110352948307991,0.5258468985557556,0.6307438611984253,-0.10492818802595139,0.5653086304664612,0.6211058497428894,-0.08765281736850739
0.61836838722229,0.6087066531181335,-1.2575056018704345e-07,0.6011171340942383,0.5101361870765686,-0.041654475033283234,0.5319780707359314,0.44094979763031006,-0.06244648993015289,0.4586399495601654,0.4398876428604126,-0.08058013767004013,0.4095810353755951,0.46865370869636536,-0.09731218963861465,0.44003236293792725,0.4727131724357605,-0.053134579211473465,0.34182611107826233,0.47048765420913696,-0.09425990283489227,0.2760603129863739,0.48159077763557434,-0.11818967014551163,0.22036436200141907,0.4909437894821167,-0.13437439501285553,0.4374326467514038,0.5456817150115967,-0.05098019912838936,0.430817574262619,0.5240607857704163,-0.12390097230672836,0.5075064301490784,0.5215123295783997,-0.13829542696475983,0.5678200125694275,0.5180203318595886,-0.13166673481464386,0.44540202617645264,0.608627200126648,-0.05266980081796646,0.45175737142562866,0.5849652290344238,-0.11787259578704834,0.5260325074195862,0.5774348974227905,-0.10523446649312973,0.579241931438446,0.5729091763496399,-0.07988817244768143,0.4609575569629669,0.6682829856872559,-0.05851006880402565,0.4691089987754822,0.6407933831214905,-0.1062169000506401,0.5271387696266174,0.6290686130523682,-0.10092473775148392,0.5657482743263245,0.6204856634140015,-0.08438358455896378
0.6196441650390625,0.6037189364433289,-8.120427708036004e-08,0.6005327701568604,0.5064998269081116,-0.04456167668104172,0.5334816575050354,0.43809935450553894,-0.06780153512954712,0.4612346589565277,0.4339906871318817,-0.08831029385328293,0.4097742736339569,0.4614298343658447,-0.10724728554487228,0.4429042935371399,0.4698699712753296,-0.05438399687409401,0.3437209725379944,0.46656596660614014,-0.09729993343353271,0.27779126167297363,0.47746050357818604,-0.12258001416921616,0.22139212489128113,0.4868357479572296,-0.1395156979560852,0.4418400824069977,0.5432901382446289,-0.0519680418074131,0.4287470877170563,0.5219854116439819,-0.12734894454479218,0.5053317546844482,0.5195390582084656,-0.14320111274719238,0.565880298614502,0.516202986240387,-0.13701818883419037,0.4500545561313629,0.6069244742393494,-0.053753625601530075,0.4507940113544464,0.5840442776679993,-0.12151686102151871,0.5257495045661926,0.5770842432975769,-0.10891566425561905,0.579126238822937,0.5728258490562439,-0.08278991281986237,0.46519970893859863,0.6661783456802368,-0.05985352024435997,0.468877375125885,0.6387483477592468,-0.10892846435308456,0.5274901390075684,0.6273027658462524,-0.10290390998125076,0.5672913193702698,0.6192678213119507,-0.08543399721384048
0.6202341914176941,0.6011126637458801,-8.896255820900478e-08,0.6012865304946899,0.5035094618797302,-0.043025389313697815,0.5351732969284058,0.434158593416214,-0.06537409871816635,0.463443785905838,0.43036913871765137,-0.08531603962182999,0.41183117032051086,0.45787379145622253,-0.10383796691894531,0.4456773102283478,0.46652305126190186,-0.05318838730454445,0.34568309783935547,0.46169450879096985,-0.09454948455095291,0.27997225522994995,0.4721145033836365,-0.118162602186203,0.22344090044498444,0.48116108775138855,-0.13389185070991516,0.4448748230934143,0.539928674697876,-0.05112099274992943,0.4301034212112427,0.5164226293563843,-0.1245836466550827,0.5057898163795471,0.5150298476219177,-0.13940466940402985,0.5660260915756226,0.5122672915458679,-0.1326807141304016,0.45311933755874634,0.6032419800758362,-0.05302511528134346,0.45170432329177856,0.5778914093971252,-0.11940218508243561,0.5265566110610962,0.5716358423233032,-0.10654421895742416,0.5803796648979187,0.5677208304405212,-0.08032213151454926,0.4685743749141693,0.662024974822998,-0.059032876044511795,0.46944180130958557,0.6334580183029175,-0.10714506357908249,0.5275160670280457,0.6216263175010681,-0.1007596105337143,0.5678566098213196,0.6134868264198303,-0.08306494355201721
0.6189680099487305,0.5837734937667847,-1.4437860329508112e-07,0.6035572290420532,0.48179543018341064,-0.044465575367212296,0.5379830002784729,0.40144747495651245,-0.06632671505212784,0.4601611793041229,0.39825546741485596,-0.08535761386156082,0.4015793800354004,0.41804060339927673,-0.10373525321483612,0.4515610635280609,0.4415334463119507,-0.05145762115716934,0.3498663902282715,0.4361459016799927,-0.09097085893154144,0.2845589816570282,0.4445146322250366,-0.11294510960578918,0.22914908826351166,0.4513973593711853,-0.12731841206550598,0.45313069224357605,0.5147882699966431,-0.04865872114896774,0.4284764230251312,0.49191391468048096,-0.1219143345952034,0.5052163600921631,0.49804726243019104,-0.13675403594970703,0.5655401945114136,0.5022101998329163,-0.1294107288122177,0.46160805225372314,0.5785828232765198,-0.04987950623035431,0.44622689485549927,0.5551813244819641,-0.11822430789470673,0.5234384536743164,0.5555866360664368,-0.10526341944932938,0.5784975290298462,0.5558062791824341,-0.07787305116653442,0.4772546589374542,0.6398078799247742,-0.05469094589352608,0.46362215280532837,0.6160497665405273,-0.10458767414093018,0.524243950843811,0.6039360165596008,-0.09694159030914307,0.5669736266136169,0.5963144302368164,-0.07768148928880692
0.6208226084709167,0.5790767669677734,-1.2811803173917724e-07,0.6034510731697083,0.4804321229457855,-0.041796259582042694,0.5350326895713806,0.40148234367370605,-0.060586486011743546,0.4568694531917572,0.39517074823379517,-0.07717780768871307,0.39695656299591064,0.40390104055404663,-0.09246447682380676,0.45055630803108215,0.43960142135620117,-0.04350333660840988,0.35201096534729004,0.43040552735328674,-0.08131586015224457,0.28783050179481506,0.4376736879348755,-0.10233325511217117,0.2324158102273941,0.44251424074172974,-0.11634068191051483,0.44886064529418945,0.509545087814331,-0.04113803058862686,0.4347549378871918,0.47898098826408386,-0.11238133907318115,0.5101311802864075,0.4862442910671234,-0.1267572045326233,0.567811906337738,0.49116042256355286,-0.11974046379327774,0.45606231689453125,0.5716679692268372,-0.043081581592559814,0.4487821161746979,0.5437533855438232,-0.10928760468959808,0.524480938911438,0.5466141104698181,-0.09631980210542679,0.5785070657730103,0.5478419065475464,-0.0695999264717102,0.470924973487854,0.632348895072937,-0.04875205457210541,0.4662730395793915,0.6025271415710449,-0.09689200669527054,0.5261021852493286,0.5947579145431519,-0.09025155007839203,0.5669035911560059,0.5902266502380371,-0.07214602828025818
0.6223611831665039,0.5759156942367554,-1.2348129985184642e-07,0.6044328212738037,0.4751671552658081,-0.04173897206783295,0.5371530652046204,0.39800387620925903,-0.060979895293712616,0.4591542184352875,0.39024457335472107,-0.07819094508886337,0.3984784483909607,0.397686243057251,-0.0942339152097702,0.453307569026947,0.4351810812950134,-0.04332529753446579,0.3543282151222229,0.42416176199913025,-0.08116915076971054,0.29013845324516296,0.4304385185241699,-0.10219979286193848,0.23480375111103058,0.43562498688697815,-0.1159258559346199,0.4519939720630646,0.5053911209106445,-0.04100653901696205,0.43640005588531494,0.4726603031158447,-0.1120845153927803,0.5115111470222473,0.48087385296821594,-0.12673448026180267,0.569352924823761,0.487289696931839,-0.11971432715654373,0.4595875144004822,0.5679187178611755,-0.04293792322278023,0.4513077139854431,0.537961483001709,-0.10896605998277664,0.5261571407318115,0.5411943197250366,-0.09595022350549698,0.5798092484474182,0.5433302521705627,-0.0689399391412735,0.47485727071762085,0.628706693649292,-0.0485055111348629,0.46697700023651123,0.5971789360046387,-0.09569868445396423,0.5257570743560791,0.5889599323272705,-0.08791200816631317,0.5669710636138916,0.5851812362670898,-0.06893768906593323
0.6263387203216553,0.5689515471458435,-1.1223642104596365e-07,0.607550323009491,0.4677782952785492,-0.042983267456293106,0.5410259366035461,0.3922818601131439,-0.06380283832550049,0.4655745327472687,0.3789048194885254,-0.08240620046854019,0.40492314100265503,0.38606321811676025,-0.10009787231683731,0.4549141228199005,0.4298780858516693,-0.04777562618255615,0.3586891293525696,0.4163218140602112,-0.08702468127012253,0.295447438955307,0.4197893738746643,-0.10867243260145187,0.24057921767234802,0.4223031997680664,-0.1225448027253151,0.4529709815979004,0.5005422234535217,-0.04533340409398079,0.4396952688694,0.46627530455589294,-0.11705340445041656,0.5167765021324158,0.4750688076019287,-0.13094183802604675,0.5760728716850281,0.48107150197029114,-0.12332721799612045,0.4608953297138214,0.564147412776947,-0.04717840626835823,0.4566657543182373,0.5311232209205627,-0.11370502412319183,0.5320587158203125,0.5349569320678711,-0.10025329887866974,0.5860416293144226,0.5370452404022217,-0.07282933592796326,0.47663211822509766,0.6254169940948486,-0.05272946134209633,0.4690322279930115,0.5920087695121765,-0.09995526820421219,0.5273767709732056,0.5829418301582336,-0.09160061180591583,0.5691109895706177,0.5789505839347839,-0.07222860306501389
0.6262294054031372,0.5694030523300171,-1.0924527771294379e-07,0.609110951423645,0.4686328172683716,-0.043740253895521164,0.543127179145813,0.3908478617668152,-0.06480900198221207,0.46799638867378235,0.37695521116256714,-0.08326536417007446,0.4073234498500824,0.38232946395874023,-0.10079659521579742,0.45552802085876465,0.4280772805213928,-0.049828656017780304,0.3595130741596222,0.41307544708251953,-0.08877569437026978,0.29659637808799744,0.41730058193206787,-0.11005647480487823,0.24256563186645508,0.42020443081855774,-0.1235787495970726,0.45266255736351013,0.4987486004829407,-0.04651906341314316,0.44121602177619934,0.46427541971206665,-0.11852899938821793,0.5171793103218079,0.4745388925075531,-0.1324547529220581,0.5768510699272156,0.48181024193763733,-0.12454486638307571,0.4597429633140564,0.5619401335716248,-0.04735284671187401,0.4586286246776581,0.5299514532089233,-0.11381474882364273,0.5335560441017151,0.5338253378868103,-0.10131273418664932,0.5880809426307678,0.5361468195915222,-0.07442979514598846,0.47474637627601624,0.6226032972335815,-0.051916588097810745,0.4716615378856659,0.5887200832366943,-0.09963959455490112,0.5305699110031128,0.5806609392166138,-0.09259453415870667,0.5727527737617493,0.5770854353904724,-0.07386764138936996
0.6273490190505981,0.569970965385437,-1.1629126817069846e-07,0.6112384796142578,0.4701090455055237,-0.0437498576939106,0.5457216501235962,0.38952866196632385,-0.06466629356145859,0.4700604975223541,0.37512463331222534,-0.08280882239341736,0.40949007868766785,0.3806493282318115,-0.09988902509212494,0.4573984742164612,0.4270586669445038,-0.05017273128032684,0.36134690046310425,0.4109373390674591,-0.08885487169027328,0.29802650213241577,0.4147484302520752,-0.10973896831274033,0.24369467794895172,0.4174194633960724,-0.12303391098976135,0.4542248249053955,0.49819666147232056,-0.04687520116567612,0.441837340593338,0.46313875913619995,-0.11852063238620758,0.5183655023574829,0.47299155592918396,-0.13194812834262848,0.5783067345619202,0.48005014657974243,-0.12378229200839996,0.46105706691741943,0.56170254945755,-0.047662314027547836,0.458980530500412,0.5284190773963928,-0.11397089064121246,0.5345295667648315,0.5326589345932007,-0.1008986234664917,0.589053213596344,0.5354089736938477,-0.07369843870401382,0.4757804572582245,0.6230757236480713,-0.05217057093977928,0.4717210531234741,0.587650716304779,-0.09976784139871597,0.5308441519737244,0.5801619291305542,-0.09231779724359512,0.5728574991226196,0.577332615852356,-0.07338462024927139
0.6274027228355408,0.5695102214813232,-1.1154684642633583e-07,0.6111217737197876,0.46981164813041687,-0.04365244135260582,0.5455524325370789,0.38983678817749023,-0.06464014202356339,0.4699220359325409,0.3752700984477997,-0.08291193842887878,0.40987491607666016,0.3806285262107849,-0.10005605965852737,0.45715388655662537,0.4261363744735718,-0.050363264977931976,0.3608482778072357,0.41056251525878906,-0.08929529041051865,0.2975819706916809,0.4150914251804352,-0.11039122939109802,0.24337388575077057,0.41786766052246094,-0.12390604615211487,0.45387256145477295,0.49753284454345703,-0.047095052897930145,0.4424128532409668,0.4636023938655853,-0.11912590265274048,0.5187722444534302,0.4729946553707123,-0.13284187018871307,0.5785782337188721,0.4789191484451294,-0.12493126094341278,0.4605393707752228,0.5609905123710632,-0.047933973371982574,0.4584723114967346,0.5287821888923645,-0.11448831111192703,0.5337684750556946,0.5325099229812622,-0.10181056708097458,0.5883657336235046,0.5342496633529663,-0.07497815042734146,0.4752630591392517,0.6222875118255615,-0.052498310804367065,0.47197267413139343,0.587660014629364,-0.10061638802289963,0.5308151841163635,0.5799689292907715,-0.0938454419374466,0.5725545883178711,0.5761921405792236,-0.07537443190813065
0.6290029287338257,0.5689098238945007,-1.1717776260411483e-07,0.6124387383460999,0.46929848194122314,-0.04334041848778725,0.5460063815116882,0.3890324831008911,-0.0637657567858696,0.4701651930809021,0.3733101785182953,-0.08146233856678009,0.4102364182472229,0.38069552183151245,-0.09808416664600372,0.4581368863582611,0.4262964129447937,-0.0494704507291317,0.36214250326156616,0.4102785587310791,-0.08793181926012039,0.2982749938964844,0.41423308849334717,-0.10893919318914413,0.24348892271518707,0.4169253408908844,-0.1224050521850586,0.45370492339134216,0.49761801958084106,-0.046081580221652985,0.44320130348205566,0.4630683362483978,-0.11787740141153336,0.5194063782691956,0.47296643257141113,-0.13166868686676025,0.5795193910598755,0.4800596833229065,-0.12360181659460068,0.45967891812324524,0.5611871480941772,-0.04671816527843475,0.45960575342178345,0.5279585123062134,-0.11285814642906189,0.5350713729858398,0.5320675373077393,-0.1004282534122467,0.589983344078064,0.5349307060241699,-0.0736033096909523,0.4737265110015869,0.6223516464233398,-0.05113247036933899,0.4734567105770111,0.5863330960273743,-0.09883293509483337,0.5327335596084595,0.579298198223114,-0.09232412278652191,0.5746593475341797,0.5765724182128906,-0.07395713776350021
0.6304634809494019,0.5654351115226746,-7.916466415736068e-08,0.6126141548156738,0.46151870489120483,-0.04536256939172745,0.548959493637085,0.38706493377685547,-0.06833494454622269,0.47589346766471863,0.3694756329059601,-0.08857780694961548,0.41531383991241455,0.37409669160842896,-0.10760891437530518,0.4608306884765625,0.4228534698486328,-0.05356208607554436,0.36566999554634094,0.40664419531822205,-0.09550730139017105,0.30188262462615967,0.409147173166275,-0.11884793639183044,0.24691052734851837,0.41146907210350037,-0.13369643688201904,0.45693108439445496,0.49476876854896545,-0.05038441717624664,0.445860356092453,0.4600314795970917,-0.12515263259410858,0.5230034589767456,0.4689953029155731,-0.1396326869726181,0.5829553008079529,0.47502565383911133,-0.1318776160478592,0.4633864462375641,0.5587050914764404,-0.0516175702214241,0.46456167101860046,0.5244249701499939,-0.11970991641283035,0.5396238565444946,0.5280326008796692,-0.10677681863307953,0.5932255983352661,0.530663013458252,-0.07945577055215836,0.477771133184433,0.6195247173309326,-0.056880634278059006,0.47794049978256226,0.584889829158783,-0.10507301986217499,0.5358136892318726,0.5763643980026245,-0.09792595356702805,0.5762704014778137,0.5721668004989624,-0.07919923961162567
0.6309663653373718,0.5639014840126038,-8.432514420064763e-08,0.6144416332244873,0.46317729353904724,-0.04442103952169418,0.5506080985069275,0.38597211241722107,-0.0666145384311676,0.4779769480228424,0.36824795603752136,-0.08606801927089691,0.4181414544582367,0.37287279963493347,-0.10453569144010544,0.4608825445175171,0.4211486279964447,-0.052873603999614716,0.3653680086135864,0.4043090045452118,-0.09314247965812683,0.3022680878639221,0.4069949984550476,-0.11523125320672989,0.24810178577899933,0.4089818596839905,-0.12914007902145386,0.4569387435913086,0.4927988648414612,-0.04968889802694321,0.4457409381866455,0.45855411887168884,-0.12277522683143616,0.5222172141075134,0.4686644673347473,-0.13669779896736145,0.5824334025382996,0.4754270315170288,-0.12858270108699799,0.46348875761032104,0.5569671392440796,-0.050608616322278976,0.4648069441318512,0.5230348110198975,-0.1177891418337822,0.5401458740234375,0.5276769995689392,-0.10506223887205124,0.594578742980957,0.530832827091217,-0.07782875746488571,0.47806110978126526,0.618293046951294,-0.05532857030630112,0.4772953689098358,0.5827434659004211,-0.10316891968250275,0.5359689593315125,0.5755380392074585,-0.09578777849674225,0.5777322053909302,0.5727758407592773,-0.07673655450344086
0.6325750350952148,0.5654774308204651,-9.442296544648343e-08,0.6171796917915344,0.4645521342754364,-0.044518712908029556,0.5527535676956177,0.38505396246910095,-0.06615343689918518,0.47848832607269287,0.36828452348709106,-0.08503749221563339,0.4182415008544922,0.3733781576156616,-0.10296038538217545,0.46226298809051514,0.4209769368171692,-0.05103692784905434,0.3664977550506592,0.4031330943107605,-0.09044449031352997,0.30326783657073975,0.4055478870868683,-0.11208903789520264,0.2487449198961258,0.4076348543167114,-0.12584061920642853,0.45809781551361084,0.49246662855148315,-0.04756641387939453,0.4458979666233063,0.4580095112323761,-0.12005724757909775,0.5224469304084778,0.4675394892692566,-0.13409417867660522,0.5826315879821777,0.4746137261390686,-0.12610718607902527,0.4642897844314575,0.5564274787902832,-0.048235610127449036,0.4637347459793091,0.5225157737731934,-0.11500418931245804,0.5396642684936523,0.5266381502151489,-0.10238882154226303,0.5946937799453735,0.5299522280693054,-0.07529585063457489,0.4785691499710083,0.6176370978355408,-0.05273978039622307,0.47712215781211853,0.5817998051643372,-0.10055585950613022,0.5363962054252625,0.5746641159057617,-0.09353166818618774,0.5786200761795044,0.5723105669021606,-0.07476195693016052
0.6322847008705139,0.5675793290138245,-9.778208465149874e-08,0.6168490052223206,0.463749498128891,-0.04475639387965202,0.5528642535209656,0.38442063331604004,-0.0667652115225792,0.47827091813087463,0.36769595742225647,-0.0859937071800232,0.41837042570114136,0.3725767731666565,-0.10427586734294891,0.4628293216228485,0.420654833316803,-0.052479516714811325,0.3675667345523834,0.40306711196899414,-0.09277553111314774,0.3041795492172241,0.4054115116596222,-0.11524149030447006,0.24935846030712128,0.40706655383110046,-0.12972548604011536,0.4586297571659088,0.49236464500427246,-0.04914390295743942,0.44776052236557007,0.457808256149292,-0.12266145646572113,0.5242839455604553,0.4681612253189087,-0.13718776404857635,0.5842680335044861,0.4756890535354614,-0.12968534231185913,0.4647033214569092,0.5562334656715393,-0.049967534840106964,0.46512478590011597,0.5227324962615967,-0.11751136183738708,0.5405304431915283,0.5272966027259827,-0.10508434474468231,0.5952861309051514,0.5306689739227295,-0.07824032753705978,0.4784049391746521,0.6174043416976929,-0.05468631908297539,0.47758588194847107,0.581793487071991,-0.1032872200012207,0.536562442779541,0.5752525329589844,-0.09664686024188995,0.5785645842552185,0.5726928114891052,-0.07822466641664505
0.6332911252975464,0.5713881254196167,-1.1376133812746048e-07,0.6202690601348877,0.4691728353500366,-0.04418448358774185,0.5563179850578308,0.3871244490146637,-0.0655679926276207,0.48150983452796936,0.368905246257782,-0.0842340812087059,0.4216235876083374,0.3749695420265198,-0.10192003846168518,0.4653625190258026,0.4232375919818878,-0.05120603367686272,0.36946436762809753,0.40484094619750977,-0.09064985811710358,0.30587682127952576,0.4072227478027344,-0.11256241798400879,0.25060391426086426,0.40866440534591675,-0.12686096131801605,0.4605313837528229,0.4942680299282074,-0.04802803322672844,0.4496840238571167,0.45804914832115173,-0.12111068516969681,0.5265175104141235,0.46948903799057007,-0.13559110462665558,0.5859948992729187,0.478387713432312,-0.12810777127742767,0.4659276604652405,0.5578532218933105,-0.04892439767718315,0.46396753191947937,0.5236145853996277,-0.11602210253477097,0.5400032997131348,0.5290555953979492,-0.1035132184624672,0.5948077440261841,0.5331026911735535,-0.07674849778413773,0.4790879786014557,0.6190076470375061,-0.05367707088589668,0.4782927334308624,0.5833792686462402,-0.10226180404424667,0.5376421213150024,0.5770717859268188,-0.09592616558074951,0.5794343948364258,0.5746380686759949,-0.07777968049049377
0.6335188746452332,0.5715984106063843,-1.2568114016175969e-07,0.6209019422531128,0.4724808931350708,-0.04239184781908989,0.5561202764511108,0.3886098861694336,-0.062469929456710815,0.4816504120826721,0.36867615580558777,-0.07995077967643738,0.4222588837146759,0.3741973638534546,-0.09642964601516724,0.4649930000305176,0.42294055223464966,-0.049937691539525986,0.3687168061733246,0.4062042832374573,-0.08759009093046188,0.3050490915775299,0.4088219404220581,-0.10808359086513519,0.24984879791736603,0.4104469120502472,-0.12153039127588272,0.4593033194541931,0.49404850602149963,-0.047125205397605896,0.45009151101112366,0.4601040184497833,-0.11801163107156754,0.5263105034828186,0.471078097820282,-0.13151955604553223,0.5854715704917908,0.479510098695755,-0.12370293587446213,0.46459659934043884,0.5581719875335693,-0.048076529055833817,0.4642588198184967,0.5263556838035583,-0.11333255469799042,0.5398484468460083,0.5306188464164734,-0.1008187010884285,0.5942500829696655,0.5336373448371887,-0.07453005760908127,0.47837939858436584,0.6197580099105835,-0.052727773785591125,0.47938838601112366,0.5848724842071533,-0.10018757730722427,0.5387294888496399,0.5780449509620667,-0.09394741803407669,0.5801013112068176,0.57499098777771,-0.0761081799864769
0.6335787773132324,0.575613796710968,-1.3852147162651818e-07,0.6221358776092529,0.47619378566741943,-0.04238201305270195,0.5571712851524353,0.3912035822868347,-0.062187839299440384,0.4822309911251068,0.3695661127567291,-0.07939869910478592,0.4225134551525116,0.3754587173461914,-0.09574440866708755,0.4665561020374298,0.42480921745300293,-0.05020155385136604,0.3691917359828949,0.40786057710647583,-0.08770281076431274,0.30508825182914734,0.41068020462989807,-0.10823507606983185,0.24918580055236816,0.4127492308616638,-0.12189758569002151,0.4611515998840332,0.49546727538108826,-0.04740007594227791,0.4505648612976074,0.4622111916542053,-0.11827130615711212,0.5268996953964233,0.473185271024704,-0.1319636106491089,0.5855780839920044,0.48156386613845825,-0.12449978291988373,0.4663580656051636,0.5594200491905212,-0.04830464720726013,0.4633629620075226,0.5287798643112183,-0.11374310404062271,0.5393499135971069,0.533513605594635,-0.10114685446023941,0.5939028263092041,0.5364415049552917,-0.07491892576217651,0.4796680808067322,0.6210216879844666,-0.05287577584385872,0.47852444648742676,0.5877206325531006,-0.1008763387799263,0.5380129218101501,0.581017017364502,-0.09472008049488068,0.5797842144966125,0.5775187611579895,-0.0769592896103859
0.6327223777770996,0.5765916705131531,-1.3374010165989603e-07,0.6210370063781738,0.4764727056026459,-0.04252743348479271,0.5568044781684875,0.3923723101615906,-0.06281685829162598,0.4835328757762909,0.36944520473480225,-0.08056497573852539,0.4247196912765503,0.37525227665901184,-0.09742402285337448,0.46476516127586365,0.4256861209869385,-0.05073483660817146,0.3683599829673767,0.4101428985595703,-0.08895187079906464,0.30428004264831543,0.4130640923976898,-0.11011096835136414,0.24899907410144806,0.4151817858219147,-0.12403617799282074,0.4595016539096832,0.4966849982738495,-0.04795866459608078,0.4504898488521576,0.46517783403396606,-0.11944884061813354,0.5270552039146423,0.4758351743221283,-0.13330845534801483,0.5861398577690125,0.4836568832397461,-0.12581831216812134,0.4649556875228882,0.5606486797332764,-0.04898852854967117,0.46381324529647827,0.531731903553009,-0.11454493552446365,0.5387921929359436,0.5363374948501587,-0.10210064798593521,0.5926752686500549,0.5389470458030701,-0.07593027502298355,0.47833913564682007,0.6220268607139587,-0.05374506115913391,0.47742244601249695,0.5896622538566589,-0.10118956118822098,0.5361283421516418,0.583107054233551,-0.09480917453765869,0.5773046016693115,0.5794703364372253,-0.07698127627372742
0.6309887766838074,0.5787554383277893,-1.2929255888138869e-07,0.6195108890533447,0.4782615602016449,-0.04245208203792572,0.5558435916900635,0.39354920387268066,-0.0628356859087944,0.48294487595558167,0.36954745650291443,-0.08081313967704773,0.424340158700943,0.37782227993011475,-0.09810865670442581,0.4634401500225067,0.42727360129356384,-0.05064891278743744,0.3673213720321655,0.4114872217178345,-0.0890417993068695,0.30370044708251953,0.4145284593105316,-0.11043814569711685,0.24861778318881989,0.4163103401660919,-0.124577596783638,0.4585374593734741,0.49790942668914795,-0.0480368509888649,0.44943878054618835,0.4664011597633362,-0.1201174408197403,0.5258538126945496,0.4770258963108063,-0.13461391627788544,0.5849401950836182,0.4847288429737091,-0.12747617065906525,0.4643358588218689,0.561907947063446,-0.04920072853565216,0.4634545147418976,0.5336906909942627,-0.11587268114089966,0.5387796759605408,0.5377935171127319,-0.10420721769332886,0.5932494401931763,0.5397579669952393,-0.07827184349298477,0.47784775495529175,0.623406708240509,-0.053978901356458664,0.47685179114341736,0.5916481018066406,-0.10289323329925537,0.5362933874130249,0.5844208598136902,-0.09724871069192886,0.5786374807357788,0.5801842212677002,-0.07965632528066635
0.6294009685516357,0.5821947455406189,-1.5162218858222332e-07,0.6202453374862671,0.4828418493270874,-0.0420815646648407,0.5560863018035889,0.39516374468803406,-0.06152113527059555,0.48165664076805115,0.3689899742603302,-0.07837758213281631,0.4228024482727051,0.37794363498687744,-0.09454658627510071,0.4643474519252777,0.42850053310394287,-0.050833869725465775,0.36709338426589966,0.4130551218986511,-0.0882548913359642,0.30277392268180847,0.416105180978775,-0.10869303345680237,0.24730682373046875,0.4181085228919983,-0.12229825556278229,0.45847782492637634,0.49896591901779175,-0.04806002601981163,0.44832974672317505,0.4689076840877533,-0.11964581906795502,0.5249312520027161,0.4800487160682678,-0.1337081491947174,0.5843738317489624,0.4886478781700134,-0.12620969116687775,0.4635128080844879,0.5625402331352234,-0.04887465387582779,0.4629313349723816,0.5359517931938171,-0.11472561955451965,0.53827965259552,0.540703296661377,-0.1029275506734848,0.5924437046051025,0.5436940789222717,-0.07699920237064362,0.47621968388557434,0.6238387227058411,-0.05329044163227081,0.47581443190574646,0.5932322144508362,-0.10138312727212906,0.5352069139480591,0.5868104100227356,-0.0957765206694603,0.5771921277046204,0.5831149220466614,-0.07834798097610474
0.6296986937522888,0.585991382598877,-1.6251911461040436e-07,0.6218317151069641,0.48563310503959656,-0.04160832241177559,0.5576430559158325,0.3974514305591583,-0.060563985258340836,0.4839760661125183,0.36904194951057434,-0.0768561065196991,0.42538589239120483,0.3752826452255249,-0.0923977792263031,0.46506404876708984,0.4300438463687897,-0.051267776638269424,0.36736902594566345,0.4150252342224121,-0.08846425265073776,0.302396297454834,0.41798874735832214,-0.10875571519136429,0.24679197371006012,0.4202238917350769,-0.1221749559044838,0.4581395387649536,0.5007494688034058,-0.048426445573568344,0.4491782784461975,0.4705977439880371,-0.11901754885911942,0.5253874659538269,0.48266878724098206,-0.1324629783630371,0.5843950510025024,0.49241894483566284,-0.12475844472646713,0.46256983280181885,0.5647814869880676,-0.04906361177563667,0.46344423294067383,0.5375156998634338,-0.11370030790567398,0.5380682945251465,0.5429520606994629,-0.10138554126024246,0.591430127620697,0.5470505952835083,-0.07545234262943268,0.47481241822242737,0.6266753077507019,-0.05331137403845787,0.47514310479164124,0.5950031280517578,-0.1001451388001442,0.533798098564148,0.5890746712684631,-0.09389902651309967,0.574741542339325,0.5859787464141846,-0.0762709528207779
0.628815770149231,0.5870693325996399,-1.4987246288455935e-07,0.62046217918396,0.48666852712631226,-0.042360980063676834,0.5577259063720703,0.39937639236450195,-0.06232912838459015,0.485821396112442,0.3700553774833679,-0.0796131119132042,0.4278864860534668,0.3738752603530884,-0.09614724665880203,0.4637121856212616,0.43176373839378357,-0.052749890834093094,0.366118848323822,0.4173211455345154,-0.0907534807920456,0.3015904724597931,0.42039015889167786,-0.11168664693832397,0.24695900082588196,0.42245352268218994,-0.1253526210784912,0.45691126585006714,0.5025157332420349,-0.049688566476106644,0.44892606139183044,0.4748340845108032,-0.12105851620435715,0.5243765115737915,0.4868231415748596,-0.13514065742492676,0.5832006335258484,0.49609076976776123,-0.1277538537979126,0.46141374111175537,0.5668032169342041,-0.05016656965017319,0.4636615514755249,0.5416274070739746,-0.11549372225999832,0.5376737117767334,0.5465949773788452,-0.10400505363941193,0.59113609790802,0.550277829170227,-0.07841411978006363,0.4735688865184784,0.6287302374839783,-0.054287996143102646,0.4745194911956787,0.598220944404602,-0.10179422795772552,0.5331343412399292,0.5921945571899414,-0.0961565151810646,0.5745491981506348,0.5889290571212769,-0.07872764021158218
0.6271685361862183,0.5970058441162109,-1.584169524448953e-07,0.6199331879615784,0.49585434794425964,-0.04360344260931015,0.5577263832092285,0.405304878950119,-0.06370995938777924,0.48374199867248535,0.3738480806350708,-0.08070605993270874,0.4245338439941406,0.3819723129272461,-0.09711203724145889,0.46502700448036194,0.43933984637260437,-0.05485968291759491,0.36612367630004883,0.4246469736099243,-0.09289110451936722,0.30111393332481384,0.42736074328422546,-0.11376180499792099,0.24568861722946167,0.429353266954422,-0.12751857936382294,0.45860755443573,0.5110350847244263,-0.05137982591986656,0.44725143909454346,0.4887431561946869,-0.12242212891578674,0.5224494338035583,0.5029950141906738,-0.1362222284078598,0.5807297229766846,0.5131253600120544,-0.12911809980869293,0.46276479959487915,0.5758180618286133,-0.051457617431879044,0.4628182053565979,0.5561657547950745,-0.11638151109218597,0.5363077521324158,0.56109219789505,-0.10415975749492645,0.5883216261863708,0.5638428926467896,-0.07857450842857361,0.47363123297691345,0.6391151547431946,-0.05529000610113144,0.47197476029396057,0.6133120059967041,-0.10170432180166245,0.5303057432174683,0.606944739818573,-0.09481953829526901,0.5709232091903687,0.6021372079849243,-0.07703927904367447
0.6247140169143677,0.6010274291038513,-1.6140828051902645e-07,0.6188675165176392,0.5007036328315735,-0.044117797166109085,0.556402862071991,0.41071557998657227,-0.06470697373151779,0.48243385553359985,0.38025492429733276,-0.08195145428180695,0.4239552319049835,0.389646977186203,-0.09840762615203857,0.46289607882499695,0.44256216287612915,-0.056891895830631256,0.3648015260696411,0.43048372864723206,-0.0957796648144722,0.29975008964538574,0.434486448764801,-0.11730965226888657,0.24531598389148712,0.43739455938339233,-0.1315515637397766,0.454992413520813,0.5135329961776733,-0.053117282688617706,0.44803881645202637,0.49651390314102173,-0.12517797946929932,0.5221199989318848,0.5096672773361206,-0.1392570436000824,0.5803837180137634,0.5179380774497986,-0.1322278529405594,0.45828011631965637,0.577590823173523,-0.05295055732131004,0.46447330713272095,0.5639166831970215,-0.11754383891820908,0.5359421968460083,0.5679541230201721,-0.10604780912399292,0.5870355367660522,0.5690439343452454,-0.0812637209892273,0.46876323223114014,0.6391056776046753,-0.05679221451282501,0.47529539465904236,0.6198995113372803,-0.10293162614107132,0.5325426459312439,0.614044189453125,-0.09761727601289749,0.5714507102966309,0.6073552370071411,-0.08113447576761246
0.6252971887588501,0.6052737832069397,-1.6927890555962222e-07,0.6205602884292603,0.5060224533081055,-0.043832723051309586,0.5567091703414917,0.41584938764572144,-0.06379900127649307,0.4826599955558777,0.38459211587905884,-0.08039567619562149,0.42371147871017456,0.3939673602581024,-0.09640289098024368,0.4631023108959198,0.4466884732246399,-0.05682544782757759,0.36403167247772217,0.4352768659591675,-0.09513818472623825,0.2983558177947998,0.43926817178726196,-0.11629211157560349,0.24326758086681366,0.4428572654724121,-0.13027924299240112,0.4555532932281494,0.518202006816864,-0.053038883954286575,0.44771021604537964,0.5036328434944153,-0.1245083287358284,0.5226463675498962,0.5151041746139526,-0.1384981870651245,0.5818207263946533,0.5224170684814453,-0.1314355880022049,0.45907747745513916,0.5828301310539246,-0.0527496412396431,0.46428656578063965,0.5701970458030701,-0.11700108647346497,0.5367095470428467,0.5726181864738464,-0.10564260929822922,0.5884493589401245,0.5734289288520813,-0.08099503070116043,0.4700399339199066,0.644837498664856,-0.0564182810485363,0.4756695330142975,0.6249768733978271,-0.10282972455024719,0.5340712666511536,0.6190407276153564,-0.09761198610067368,0.5738328695297241,0.6132301688194275,-0.08114366233348846
0.6246488094329834,0.605890154838562,-1.7059522861018195e-07,0.6199389100074768,0.5068530440330505,-0.04418231546878815,0.5565463304519653,0.41671621799468994,-0.06415848433971405,0.4821372330188751,0.38649821281433105,-0.08061547577381134,0.4232320785522461,0.39659491181373596,-0.09645058959722519,0.4628092646598816,0.4487566351890564,-0.056481752544641495,0.3637285530567169,0.43736448884010315,-0.09393086284399033,0.29841914772987366,0.440866619348526,-0.11443109065294266,0.2436794638633728,0.44376450777053833,-0.12800738215446472,0.45552170276641846,0.5194599032402039,-0.052150361239910126,0.4477183222770691,0.5044440627098083,-0.12252965569496155,0.5218751430511475,0.5166243314743042,-0.13599847257137299,0.5800100564956665,0.5243326425552368,-0.1287737488746643,0.45896223187446594,0.5835182070732117,-0.051310956478118896,0.4636598825454712,0.5715168714523315,-0.11478839814662933,0.5352133512496948,0.5755186676979065,-0.10323496162891388,0.5861826539039612,0.5767346620559692,-0.07854481786489487,0.469562292098999,0.6447631120681763,-0.05437973886728287,0.4727310240268707,0.6257948875427246,-0.09981051087379456,0.5303875803947449,0.6210131049156189,-0.09398306161165237,0.5700522661209106,0.6158647537231445,-0.0771954283118248
0.625420868396759,0.6085922718048096,-1.8115771638349543e-07,0.6207358837127686,0.5092310309410095,-0.04386356100440025,0.5563747882843018,0.41839146614074707,-0.06339233368635178,0.48100632429122925,0.3875703811645508,-0.07947202771902084,0.421642929315567,0.39812177419662476,-0.0950457975268364,0.4635455012321472,0.4499052166938782,-0.055865511298179626,0.365048348903656,0.4377225637435913,-0.09317778050899506,0.2996006906032562,0.441284716129303,-0.11377349495887756,0.2440725713968277,0.4443095326423645,-0.1276332139968872,0.45564913749694824,0.5204428434371948,-0.0517190583050251,0.44810664653778076,0.5059542059898376,-0.1222306415438652,0.5227283239364624,0.5185642838478088,-0.13597989082336426,0.5812138319015503,0.5267825126647949,-0.1289815604686737,0.4588930904865265,0.5845286250114441,-0.051040712743997574,0.46366316080093384,0.5724744200706482,-0.11450625211000443,0.535873293876648,0.5765140652656555,-0.10302369296550751,0.5875989198684692,0.5780349969863892,-0.07844816148281097,0.46956294775009155,0.6457806825637817,-0.054309602826833725,0.47380372881889343,0.6266347765922546,-0.10009945183992386,0.5316540002822876,0.6220219135284424,-0.09479232132434845,0.571495771408081,0.6168973445892334,-0.07839324325323105
0.6243498921394348,0.6083988547325134,-1.6324108287335548e-07,0.6196804046630859,0.5090371370315552,-0.044444579631090164,0.5568225383758545,0.41705286502838135,-0.06493186205625534,0.4818551242351532,0.38765209913253784,-0.08203230053186417,0.4223751127719879,0.3990643620491028,-0.09862395375967026,0.4629857540130615,0.450452983379364,-0.055878669023513794,0.36444368958473206,0.4384576082229614,-0.09379561245441437,0.2991591691970825,0.44178903102874756,-0.11502986401319504,0.2438877671957016,0.44457268714904785,-0.12928003072738647,0.45604947209358215,0.5210025310516357,-0.05203038454055786,0.4477377235889435,0.5064260363578796,-0.1228107139468193,0.5220889449119568,0.5184987187385559,-0.13689738512039185,0.5800212025642395,0.5260411500930786,-0.13030391931533813,0.4600869417190552,0.5853615403175354,-0.05177862197160721,0.46185141801834106,0.5726569890975952,-0.11602967232465744,0.5342631936073303,0.576845645904541,-0.10416870564222336,0.585992693901062,0.5779144763946533,-0.07926417142152786,0.4713224172592163,0.6473878622055054,-0.05545218288898468,0.470875084400177,0.6273457407951355,-0.10191132873296738,0.5287231206893921,0.6218556761741638,-0.0957578495144844,0.5689223408699036,0.6162346601486206,-0.07865163683891296
0.624091625213623,0.6107667684555054,-1.8172551108364132e-07,0.6208406686782837,0.5122604370117188,-0.04443705454468727,0.5577505230903625,0.41908180713653564,-0.06431008130311966,0.4818832278251648,0.38820207118988037,-0.08063847571611404,0.4220259487628937,0.3987744450569153,-0.09642548114061356,0.46433860063552856,0.4499616026878357,-0.05591905862092972,0.36543843150138855,0.4376148581504822,-0.09339907765388489,0.2997857332229614,0.44133833050727844,-0.11399836093187332,0.2441757768392563,0.44431912899017334,-0.1278139054775238,0.45629677176475525,0.5201852917671204,-0.05166620388627052,0.44875359535217285,0.5068225264549255,-0.1221310943365097,0.5231356620788574,0.5202686190605164,-0.1357930451631546,0.5814995169639587,0.5282931327819824,-0.12880048155784607,0.45931175351142883,0.5843027830123901,-0.050982747226953506,0.4639376103878021,0.5731165409088135,-0.11478917300701141,0.5362518429756165,0.578085720539093,-0.10306324064731598,0.5878984928131104,0.5795598030090332,-0.07832001149654388,0.469670832157135,0.6461811661720276,-0.054274238646030426,0.47356799244880676,0.6271002292633057,-0.10038632154464722,0.5321224331855774,0.6232035160064697,-0.09478557854890823,0.5721763968467712,0.6182156205177307,-0.07813864201307297
0.6234959363937378,0.6088933348655701,-1.7619574066429777e-07,0.6195161938667297,0.5110960602760315,-0.04407525435090065,0.5563990473747253,0.41897881031036377,-0.06444008648395538,0.48066043853759766,0.3890886902809143,-0.08126785606145859,0.4215380549430847,0.4019470810890198,-0.09748084098100662,0.4635724425315857,0.4497005045413971,-0.0573531799018383,0.364195853471756,0.43836766481399536,-0.09564833343029022,0.2988784909248352,0.44276779890060425,-0.11660680919885635,0.24407516419887543,0.4466283619403839,-0.13050810992717743,0.4559614956378937,0.5203357934951782,-0.05352190136909485,0.4481666088104248,0.5082718729972839,-0.12451134622097015,0.5229006409645081,0.5206195116043091,-0.1378994584083557,0.5808932781219482,0.5273760557174683,-0.13074035942554474,0.4593554437160492,0.5847458839416504,-0.05320361256599426,0.46386611461639404,0.5748931169509888,-0.11734579503536224,0.5358461141586304,0.5794497728347778,-0.10520517826080322,0.5865833163261414,0.5797975659370422,-0.08022238314151764,0.46999263763427734,0.6467558145523071,-0.056785546243190765,0.47246578335762024,0.6295374035835266,-0.102619469165802,0.5307595133781433,0.6251406669616699,-0.09628722816705704,0.5701688528060913,0.6192901730537415,-0.07924880087375641
0.6236095428466797,0.6100550293922424,-1.7807140295644786e-07,0.6186137199401855,0.5118035674095154,-0.04453875496983528,0.5554291605949402,0.420166015625,-0.06529521942138672,0.48008742928504944,0.3909299373626709,-0.0823507159948349,0.4209124445915222,0.40470120310783386,-0.09881997108459473,0.4639805257320404,0.45004814863204956,-0.05867505818605423,0.3647383451461792,0.4389556348323822,-0.0972052738070488,0.29876136779785156,0.4431745111942291,-0.11840186268091202,0.24326960742473602,0.44648876786231995,-0.13252998888492584,0.45573922991752625,0.5208485126495361,-0.0545792430639267,0.4493490159511566,0.5101447701454163,-0.12587381899356842,0.5242971181869507,0.5227897763252258,-0.1393001526594162,0.5829469561576843,0.5298593044281006,-0.13219143450260162,0.4586940407752991,0.585250973701477,-0.053953129798173904,0.4642653167247772,0.5764968991279602,-0.1175134927034378,0.5357338786125183,0.5806446075439453,-0.1051696166396141,0.5866928100585938,0.5810808539390564,-0.0803084522485733,0.4691396653652191,0.6470785140991211,-0.057382628321647644,0.47320184111595154,0.6312702298164368,-0.10290190577507019,0.5310431122779846,0.6262919306755066,-0.0967457965016365,0.5702450275421143,0.6199801564216614,-0.079905204474926
0.623958170413971,0.6115425229072571,-1.7681774977518216e-07,0.6191421747207642,0.5122736692428589,-0.044512152671813965,0.5561680197715759,0.419552206993103,-0.06518881767988205,0.4800526201725006,0.3922174274921417,-0.08219337463378906,0.4213533401489258,0.4096325933933258,-0.09862218797206879,0.46413910388946533,0.45174095034599304,-0.05769916996359825,0.3660207688808441,0.4403412938117981,-0.095880426466465,0.3000933527946472,0.44418275356292725,-0.1167987510561943,0.24464213848114014,0.4468947947025299,-0.13075608015060425,0.4551216661930084,0.5226553082466125,-0.05343040078878403,0.45015954971313477,0.509435772895813,-0.12426931411027908,0.5249096155166626,0.5225905179977417,-0.13747547566890717,0.5837157368659973,0.5309524536132812,-0.13018059730529785,0.45794084668159485,0.5870434641838074,-0.05265800282359123,0.4650081694126129,0.575570821762085,-0.11596152931451797,0.5364286303520203,0.5806372761726379,-0.10372313112020493,0.5877658128738403,0.5823099613189697,-0.07886932790279388,0.46827974915504456,0.6487999558448792,-0.0559452623128891,0.47319296002388,0.6303191781044006,-0.10123512148857117,0.5309585332870483,0.626084566116333,-0.09526168555021286,0.5703691244125366,0.6211272478103638,-0.07856988161802292
0.6238464713096619,0.6126889586448669,-1.692588966761832e-07,0.6191918253898621,0.51374351978302,-0.044368598610162735,0.5568252801895142,0.4218759536743164,-0.06515587866306305,0.48219001293182373,0.394359827041626,-0.08231574296951294,0.4248349666595459,0.4125760495662689,-0.09898997098207474,0.464383065700531,0.4522596001625061,-0.059262312948703766,0.36643263697624207,0.4413098096847534,-0.09797115623950958,0.3007577955722809,0.44508880376815796,-0.11919267475605011,0.24531914293766022,0.44767212867736816,-0.13344259560108185,0.4546617269515991,0.5232563614845276,-0.055003322660923004,0.45124107599258423,0.5144063830375671,-0.1264459788799286,0.5255717635154724,0.526547372341156,-0.13989455997943878,0.5840616226196289,0.5334839820861816,-0.13277679681777954,0.4570341408252716,0.5876468420028687,-0.054175589233636856,0.46800684928894043,0.5813804864883423,-0.11716191470623016,0.5382964015007019,0.5835898518562317,-0.1055968701839447,0.5889396667480469,0.58294677734375,-0.08153356611728668,0.46730363368988037,0.6488595008850098,-0.05754420533776283,0.4793385863304138,0.6352622509002686,-0.10256493836641312,0.5369407534599304,0.6301063895225525,-0.09790729731321335,0.5753556489944458,0.6230261325836182,-0.08238346129655838
0.6286938786506653,0.6186637878417969,-1.9753582591874874e-07,0.6253660917282104,0.5202404260635376,-0.04294540733098984,0.5602363348007202,0.4273901879787445,-0.062186602503061295,0.4845484495162964,0.4009788930416107,-0.07791319489479065,0.4279947578907013,0.42205506563186646,-0.09326265752315521,0.4677158296108246,0.4586154818534851,-0.05680825561285019,0.36942213773727417,0.44675958156585693,-0.09408862888813019,0.3037640452384949,0.44937199354171753,-0.11484980583190918,0.24827077984809875,0.4506094753742218,-0.12926557660102844,0.458810418844223,0.5303421020507812,-0.053128670901060104,0.45487651228904724,0.5201709270477295,-0.12299307435750961,0.5298123359680176,0.5332062244415283,-0.136390820145607,0.5885494351387024,0.5410077571868896,-0.1299068033695221,0.4622575044631958,0.5947710275650024,-0.05269444361329079,0.46905189752578735,0.585220217704773,-0.11531508713960648,0.5410024523735046,0.5881507396697998,-0.10340416431427002,0.5928057432174683,0.5885090827941895,-0.07959041744470596,0.4733264744281769,0.6558737754821777,-0.05622903257608414,0.4810207188129425,0.6403073668479919,-0.10230402648448944,0.5404236912727356,0.6369774341583252,-0.09721259027719498,0.580462634563446,0.6313159465789795,-0.08146801590919495
0.6280920505523682,0.6194384098052979,-1.7676050845238933e-07,0.6240498423576355,0.5204992294311523,-0.04332869127392769,0.561530351638794,0.42994117736816406,-0.063516765832901,0.4866214692592621,0.40452080965042114,-0.0804341658949852,0.430372416973114,0.42625129222869873,-0.09698903560638428,0.4686596095561981,0.46074378490448,-0.056903570890426636,0.37024152278900146,0.44889035820961,-0.09494055807590485,0.30440908670425415,0.45201021432876587,-0.11623319238424301,0.24865835905075073,0.45372897386550903,-0.1307973563671112,0.4605022072792053,0.5320920348167419,-0.053208786994218826,0.453865647315979,0.521938145160675,-0.12386007606983185,0.5289544463157654,0.5338611602783203,-0.13738469779491425,0.5876188278198242,0.5407424569129944,-0.13068613409996033,0.4635442793369293,0.5963476300239563,-0.05284978821873665,0.4684130847454071,0.5867283940315247,-0.11616354435682297,0.5401709675788879,0.5908458828926086,-0.1037716269493103,0.5915367007255554,0.5916390419006348,-0.07914648950099945,0.47374099493026733,0.6573576927185059,-0.056472185999155045,0.4783688485622406,0.6417532563209534,-0.1022946909070015,0.5366656184196472,0.6380649209022522,-0.09636202454566956,0.5763700008392334,0.6326369643211365,-0.07981256395578384
0.6443296670913696,0.6314364671707153,-1.6953087822457746e-07,0.6489551067352295,0.5359312295913696,-0.042110543698072433,0.5933839678764343,0.4456840455532074,-0.0591651052236557,0.515933632850647,0.4278292953968048,-0.07318859547376633,0.4607349932193756,0.44573909044265747,-0.0858847126364708,0.5016852021217346,0.45061245560646057,-0.04094107449054718,0.40607887506484985,0.4267807602882385,-0.07692040503025055,0.34187573194503784,0.42303991317749023,-0.09802055358886719,0.28930777311325073,0.41851526498794556,-0.11267910897731781,0.4937380254268646,0.5198643803596497,-0.03741288557648659,0.4688560664653778,0.5056595802307129,-0.1072826012969017,0.5404738187789917,0.5293160676956177,-0.1234201192855835,0.5986054539680481,0.5436716675758362,-0.11746063083410263,0.4939406216144562,0.5808115005493164,-0.03812853991985321,0.481696218252182,0.5689134001731873,-0.10262525081634521,0.5526270866394043,0.5848047137260437,-0.09305532276630402,0.6036522388458252,0.5926001071929932,-0.06903941184282303,0.4996122717857361,0.6421892046928406,-0.04256896302103996,0.4934902489185333,0.6257996559143066,-0.09009164571762085,0.5509423017501831,0.6303465962409973,-0.08634502440690994,0.5899488925933838,0.6280727982521057,-0.0709947720170021
0.6384114623069763,0.6484875679016113,-1.74985103740255e-07,0.6447997093200684,0.5528938174247742,-0.04218081757426262,0.5858046412467957,0.4662518799304962,-0.05807895585894585,0.5066975355148315,0.4526439905166626,-0.07105985283851624,0.4514263868331909,0.47350117564201355,-0.08291759341955185,0.4904009699821472,0.4682987928390503,-0.038985300809144974,0.3935229182243347,0.4471774995326996,-0.07273179292678833,0.3290301561355591,0.44500231742858887,-0.09162783622741699,0.276466429233551,0.4419965147972107,-0.10499370098114014,0.48385247588157654,0.5390271544456482,-0.03530466556549072,0.4569872319698334,0.5286149382591248,-0.10408645123243332,0.5296924114227295,0.548534095287323,-0.11998526006937027,0.5902719497680664,0.5601521134376526,-0.11342670768499374,0.4863773584365845,0.6016491055488586,-0.035835348069667816,0.4761238992214203,0.5917080640792847,-0.10107432305812836,0.5483689308166504,0.6026647090911865,-0.09335656464099884,0.5998702645301819,0.6085785627365112,-0.06996078044176102,0.49432218074798584,0.664788007736206,-0.039879653602838516,0.491380512714386,0.6484488844871521,-0.08914843201637268,0.5497680902481079,0.6492283344268799,-0.08725307881832123,0.5893402099609375,0.6458173990249634,-0.0727749839425087
0.6395637392997742,0.6485263705253601,-1.6689044457507407e-07,0.6438802480697632,0.552201509475708,-0.042806223034858704,0.5844154357910156,0.4668565094470978,-0.05881788954138756,0.5059860944747925,0.45317351818084717,-0.07183893024921417,0.4504685401916504,0.4731300473213196,-0.08345525711774826,0.4916668236255646,0.46896615624427795,-0.03787131607532501,0.39365673065185547,0.447810560464859,-0.0716455802321434,0.32908856868743896,0.4452630281448364,-0.09053553640842438,0.2764098048210144,0.44214928150177,-0.10381830483675003,0.48523229360580444,0.5392454862594604,-0.03385161608457565,0.45669955015182495,0.5303352475166321,-0.10238078981637955,0.5287507176399231,0.5496869683265686,-0.11833471059799194,0.5885385274887085,0.5602092742919922,-0.11183290183544159,0.4873870313167572,0.601582407951355,-0.034265872091054916,0.47584402561187744,0.5930652022361755,-0.09887053072452545,0.547206461429596,0.6031744480133057,-0.09118792414665222,0.5974878668785095,0.6077578067779541,-0.06794632226228714,0.49475452303886414,0.6642317771911621,-0.03835361450910568,0.49156445264816284,0.649154543876648,-0.08656471967697144,0.5491917133331299,0.6495727300643921,-0.08449453115463257,0.5878423452377319,0.6452519297599792,-0.07011184841394424
0.6385290622711182,0.6485971212387085,-1.6656839818551816e-07,0.6434211134910583,0.5531769394874573,-0.042827535420656204,0.5849138498306274,0.4674074649810791,-0.05934670940041542,0.5073611736297607,0.45329082012176514,-0.07294835895299911,0.452249675989151,0.4744139015674591,-0.08522453159093857,0.49010467529296875,0.4690423309803009,-0.03898993507027626,0.3921874165534973,0.44782814383506775,-0.07298371195793152,0.3279896378517151,0.4451028108596802,-0.09205570071935654,0.2757013440132141,0.441912978887558,-0.10537025332450867,0.48359543085098267,0.5391631126403809,-0.035071905702352524,0.45644640922546387,0.5295238494873047,-0.10349578410387039,0.5288297533988953,0.5491673946380615,-0.11914835125207901,0.5883932709693909,0.5597354769706726,-0.11256683617830276,0.4859117865562439,0.6015439033508301,-0.0355428121984005,0.47443076968193054,0.5918827056884766,-0.09987889975309372,0.5457906126976013,0.6029444932937622,-0.09177257865667343,0.5960946083068848,0.6081127524375916,-0.06839330494403839,0.49349531531333923,0.6641896963119507,-0.03969547525048256,0.4893162250518799,0.6487460732460022,-0.0875646099448204,0.5466242432594299,0.6488986611366272,-0.08500523865222931,0.5852880477905273,0.6446101665496826,-0.07032523304224014
0.6374440789222717,0.65055251121521,-1.9314775556722452e-07,0.6455786824226379,0.5539352893829346,-0.04167350381612778,0.5847599506378174,0.46577197313308716,-0.056957896798849106,0.5045780539512634,0.4517729878425598,-0.06926008313894272,0.4498463273048401,0.4735506474971771,-0.08035267144441605,0.490455687046051,0.46773767471313477,-0.03852619603276253,0.39230671525001526,0.44617393612861633,-0.07126710563898087,0.32794833183288574,0.4436977505683899,-0.08961807191371918,0.275532066822052,0.4407919943332672,-0.10306654125452042,0.4844164550304413,0.5388326644897461,-0.03523821383714676,0.45575758814811707,0.5296231508255005,-0.10285629332065582,0.5283563733100891,0.5482094287872314,-0.11835397779941559,0.5880011916160583,0.5586408376693726,-0.11216548830270767,0.4869200587272644,0.6014756560325623,-0.03609269857406616,0.4734840989112854,0.5914416313171387,-0.10006764531135559,0.5458385944366455,0.6011180877685547,-0.09176918864250183,0.5963624119758606,0.6061489582061768,-0.06885753571987152,0.49469754099845886,0.6645938158035278,-0.040520794689655304,0.4911898672580719,0.6486223936080933,-0.08919820189476013,0.5498538017272949,0.6492835283279419,-0.08718577772378922,0.5882783532142639,0.6452922224998474,-0.07322533428668976
0.6383037567138672,0.6480026245117188,-1.6366030308745394e-07,0.6434237957000732,0.5517780780792236,-0.04307526722550392,0.5840779542922974,0.46595603227615356,-0.059280846267938614,0.5063126683235168,0.4520915746688843,-0.07240084558725357,0.4515034556388855,0.47380512952804565,-0.08394195139408112,0.4883273243904114,0.467206746339798,-0.03795761242508888,0.39085090160369873,0.4467344582080841,-0.07226600497961044,0.32702574133872986,0.44434788823127747,-0.09151452779769897,0.2751772999763489,0.44118401408195496,-0.10495936125516891,0.48196113109588623,0.537261962890625,-0.033843912184238434,0.4553297460079193,0.5282951593399048,-0.10261192172765732,0.5283766388893127,0.5466415882110596,-0.11877138912677765,0.5880289077758789,0.5558253526687622,-0.11233288049697876,0.4844587743282318,0.5994623303413391,-0.03428894281387329,0.47552165389060974,0.5919062495231628,-0.09878773242235184,0.5472154021263123,0.601024329662323,-0.09152208268642426,0.596835732460022,0.6039950847625732,-0.06868481636047363,0.4922408163547516,0.6620306372642517,-0.03851031884551048,0.4926590621471405,0.6484168767929077,-0.08650195598602295,0.5504849553108215,0.6486291885375977,-0.08500360697507858,0.5882142782211304,0.6427786350250244,-0.07115285843610764
0.6376497149467468,0.6475839018821716,-1.7248447647943976e-07,0.6421726942062378,0.5505978465080261,-0.04178043082356453,0.5831218361854553,0.4641142785549164,-0.05812085419893265,0.5053791999816895,0.45005595684051514,-0.07169441878795624,0.45090407133102417,0.47347718477249146,-0.08390837162733078,0.4879318177700043,0.46591630578041077,-0.03961315378546715,0.3909655809402466,0.44455188512802124,-0.07397816330194473,0.3274264335632324,0.4419003129005432,-0.09312158077955246,0.2751482129096985,0.43865591287612915,-0.10670141130685806,0.48108044266700745,0.5367278456687927,-0.03645187243819237,0.4560171663761139,0.5273684859275818,-0.10515186935663223,0.5290602445602417,0.5445632338523865,-0.1207207664847374,0.5889729261398315,0.5538909435272217,-0.1143159344792366,0.4834645688533783,0.5995618104934692,-0.03758211433887482,0.47553569078445435,0.589574933052063,-0.10187331587076187,0.5481691360473633,0.5980850458145142,-0.09396438300609589,0.5992175936698914,0.6018693447113037,-0.07106178998947144,0.4919145107269287,0.6618992686271667,-0.0424627885222435,0.49467769265174866,0.6466280221939087,-0.0907243937253952,0.5528067946434021,0.6465749740600586,-0.08951583504676819,0.590870201587677,0.6414751410484314,-0.07601600140333176
0.6376320719718933,0.6463779807090759,-1.6794265889075177e-07,0.6422274708747864,0.549013078212738,-0.042031578719615936,0.5820884108543396,0.46275201439857483,-0.05867903679609299,0.5038398504257202,0.44905412197113037,-0.07250841706991196,0.44917842745780945,0.4738697409629822,-0.08497657626867294,0.48787492513656616,0.4646717607975006,-0.03935742750763893,0.3912493884563446,0.44315528869628906,-0.07409346103668213,0.3276146650314331,0.44002455472946167,-0.09371326118707657,0.27529430389404297,0.4365936517715454,-0.10768085718154907,0.4810801148414612,0.5351986885070801,-0.0363142192363739,0.4548884928226471,0.5241082906723022,-0.10538490861654282,0.5282610654830933,0.541550874710083,-0.12113714963197708,0.58820641040802,0.5516126155853271,-0.11481092125177383,0.48349809646606445,0.5979244709014893,-0.0376240499317646,0.4744065999984741,0.5858253240585327,-0.10244422405958176,0.5470632910728455,0.5949966907501221,-0.0941627249121666,0.5977442264556885,0.5996324419975281,-0.07093702256679535,0.49191033840179443,0.6601337194442749,-0.04268119856715202,0.4937363564968109,0.642845869064331,-0.09138979017734528,0.5521931052207947,0.6432433724403381,-0.08978065103292465,0.5900987386703491,0.6390555500984192,-0.07598163187503815
0.6409834623336792,0.6404840350151062,-1.7216665071373427e-07,0.6448822021484375,0.5440897941589355,-0.041812460869550705,0.5861690640449524,0.4565000534057617,-0.0597246028482914,0.5097352862358093,0.44162023067474365,-0.07494941353797913,0.45671600103378296,0.4686935842037201,-0.08875355869531631,0.48933082818984985,0.45846542716026306,-0.042513102293014526,0.39489924907684326,0.43481266498565674,-0.07923730462789536,0.33095014095306396,0.4310261309146881,-0.09996555000543594,0.27840614318847656,0.42648056149482727,-0.11464513838291168,0.4819602966308594,0.5304040908813477,-0.04033258557319641,0.45955967903137207,0.5187369585037231,-0.11147195845842361,0.5337879061698914,0.538128674030304,-0.12737151980400085,0.5951754450798035,0.5489072799682617,-0.12096118181943893,0.4842395782470703,0.5937524437904358,-0.04238460585474968,0.4794570803642273,0.5803224444389343,-0.10918659716844559,0.5539244413375854,0.5912867784500122,-0.1003875583410263,0.606212854385376,0.5967720150947571,-0.07651440054178238,0.49285098910331726,0.656075119972229,-0.04816899076104164,0.4972544312477112,0.6383041739463806,-0.09882329404354095,0.5573092103004456,0.6407946944236755,-0.0973111093044281,0.595929741859436,0.6372209191322327,-0.08320273458957672
0.642798900604248,0.6412479281425476,-1.6433074279120774e-07,0.6462592482566833,0.5414459109306335,-0.044112615287303925,0.5865912437438965,0.4553825855255127,-0.0621202252805233,0.5101014375686646,0.4420003890991211,-0.07703372091054916,0.45684415102005005,0.4688749313354492,-0.09060856699943542,0.4923333525657654,0.45899391174316406,-0.04269467294216156,0.3972500264644623,0.43499261140823364,-0.0788259208202362,0.3333548307418823,0.4301144480705261,-0.09904348105192184,0.28120875358581543,0.4246163070201874,-0.11311278492212296,0.4844375550746918,0.5299504399299622,-0.038546595722436905,0.46224305033683777,0.5202405452728271,-0.1088135838508606,0.535050094127655,0.5395396947860718,-0.12447786331176758,0.5963588356971741,0.5502068400382996,-0.11783713102340698,0.4864206314086914,0.5924092531204224,-0.03888963162899017,0.4823933243751526,0.5806378722190857,-0.10490649193525314,0.5546279549598694,0.5921883583068848,-0.09667941182851791,0.6066319942474365,0.5982423424720764,-0.07309858500957489,0.4947187602519989,0.653678297996521,-0.043145231902599335,0.4987947940826416,0.6372047066688538,-0.09304501861333847,0.5576165914535522,0.6401126980781555,-0.0917184129357338,0.5970116853713989,0.6374842524528503,-0.07765764743089676
0.6434930562973022,0.6409235000610352,-1.698322904530869e-07,0.6477044820785522,0.5414283275604248,-0.04203377664089203,0.5892868638038635,0.45520710945129395,-0.059426449239254,0.5132732391357422,0.44221022725105286,-0.07422292977571487,0.46084120869636536,0.467117041349411,-0.08773954212665558,0.4930306673049927,0.45818525552749634,-0.040931180119514465,0.3979177474975586,0.434669554233551,-0.07634452730417252,0.33432990312576294,0.4297451674938202,-0.09638149291276932,0.28265154361724854,0.4245404005050659,-0.11034522950649261,0.48490867018699646,0.5293706655502319,-0.03761778771877289,0.4645845293998718,0.5187003016471863,-0.10682408511638641,0.5367109179496765,0.5385632514953613,-0.12252496927976608,0.597063422203064,0.5508434176445007,-0.1162135899066925,0.48683005571365356,0.5917162299156189,-0.03855324909090996,0.483397513628006,0.5797102451324463,-0.10263121873140335,0.5544079542160034,0.5910485982894897,-0.09416932612657547,0.6057428121566772,0.5981554388999939,-0.07095810025930405,0.4951763153076172,0.6531966924667358,-0.04333417862653732,0.4992446005344391,0.6362679600715637,-0.0910913497209549,0.5568744540214539,0.6387478113174438,-0.08899488300085068,0.5956946611404419,0.6367102861404419,-0.07477173209190369
0.6443465352058411,0.6411148905754089,-1.879073323607372e-07,0.6497178673744202,0.5409929156303406,-0.040606915950775146,0.590496301651001,0.4546240568161011,-0.056966520845890045,0.5143199563026428,0.44065746665000916,-0.07090486586093903,0.46255555748939514,0.4658159613609314,-0.08375947177410126,0.49396249651908875,0.4578811526298523,-0.04066810756921768,0.3989337086677551,0.4341648817062378,-0.07535629719495773,0.3353733420372009,0.4286406338214874,-0.0948452278971672,0.28400158882141113,0.4226168990135193,-0.10856709629297256,0.4854205548763275,0.5295912623405457,-0.037777941673994064,0.46592941880226135,0.5189011693000793,-0.10712458938360214,0.5376136302947998,0.5396690368652344,-0.12301018089056015,0.5984175205230713,0.5532019734382629,-0.11665236949920654,0.48713183403015137,0.5918029546737671,-0.03883550688624382,0.48578548431396484,0.5807289481163025,-0.10298900306224823,0.5567045211791992,0.5918941497802734,-0.09528139978647232,0.6084489226341248,0.5995957851409912,-0.07247782498598099,0.49541085958480835,0.6530786752700806,-0.04358247295022011,0.5020490884780884,0.637161374092102,-0.09176303446292877,0.5599884986877441,0.6398952007293701,-0.09052210301160812,0.5991191267967224,0.6382040977478027,-0.0767994299530983
0.6455307602882385,0.6392797231674194,-1.994477258904226e-07,0.6511918306350708,0.5390245914459229,-0.03942174091935158,0.5919194221496582,0.4527851939201355,-0.055326197296381,0.5155918002128601,0.438268780708313,-0.0690687894821167,0.4634939730167389,0.4636520743370056,-0.08181462436914444,0.49531781673431396,0.4575044810771942,-0.039491768926382065,0.4005064368247986,0.4334909915924072,-0.07374309748411179,0.3371582627296448,0.42819586396217346,-0.0930747464299202,0.2854852080345154,0.4220884144306183,-0.10690285265445709,0.48723703622817993,0.5288735628128052,-0.03724561259150505,0.46693795919418335,0.5167326331138611,-0.10593917965888977,0.5387179255485535,0.5378797054290771,-0.12177328020334244,0.5988190770149231,0.5519497990608215,-0.11566337198019028,0.48929205536842346,0.5909774899482727,-0.03880661725997925,0.48576676845550537,0.577972948551178,-0.10274581611156464,0.5573921799659729,0.5895917415618896,-0.0946870669722557,0.6091350317001343,0.5975123047828674,-0.07183759659528732,0.49800971150398254,0.6518869400024414,-0.043914955109357834,0.5035101175308228,0.6352512240409851,-0.09229081124067307,0.5617355108261108,0.638018012046814,-0.09088199585676193,0.6007373332977295,0.6363537311553955,-0.07713083922863007
0.646199107170105,0.6387495398521423,-1.9702700626567093e-07,0.6533846855163574,0.5396216511726379,-0.04012804105877876,0.594886839389801,0.45270097255706787,-0.055939991027116776,0.5187478065490723,0.43565475940704346,-0.06927362829446793,0.46732771396636963,0.4630338251590729,-0.08163829892873764,0.49961140751838684,0.4592004418373108,-0.04167170450091362,0.4030121862888336,0.4338827133178711,-0.0761132761836052,0.3386605679988861,0.4280308485031128,-0.095643550157547,0.28642505407333374,0.42141687870025635,-0.109623983502388,0.4914693534374237,0.5304932594299316,-0.03864121437072754,0.46830853819847107,0.5189734101295471,-0.1076669842004776,0.539757490158081,0.5403025150299072,-0.12359296530485153,0.6004888415336609,0.5539379715919495,-0.11754733324050903,0.49296921491622925,0.5917099714279175,-0.03926827386021614,0.4874080717563629,0.5802434682846069,-0.10271687060594559,0.5577867031097412,0.5918477773666382,-0.09458544105291367,0.6090843677520752,0.5995854139328003,-0.07191204279661179,0.5001394152641296,0.6521762013435364,-0.04352916032075882,0.5036240816116333,0.636591374874115,-0.09110323339700699,0.5612564086914062,0.6392266750335693,-0.08937302976846695,0.6005668044090271,0.6371147632598877,-0.07564442604780197
0.6498479247093201,0.6419669985771179,-1.9179398691449023e-07,0.6572463512420654,0.5419992804527283,-0.040826305747032166,0.5990900993347168,0.45301005244255066,-0.05688481032848358,0.5237745046615601,0.4327886700630188,-0.07024285942316055,0.47156190872192383,0.4609405994415283,-0.08272678405046463,0.5045347213745117,0.460652232170105,-0.042895376682281494,0.4074940085411072,0.434084951877594,-0.0774262547492981,0.3426779508590698,0.4277424216270447,-0.09730019420385361,0.28959453105926514,0.42130744457244873,-0.11158871650695801,0.49566081166267395,0.5312132835388184,-0.03966773673892021,0.47260400652885437,0.5196322202682495,-0.10838156193494797,0.5434418320655823,0.5417693257331848,-0.12454932928085327,0.603192925453186,0.5567481517791748,-0.11901549994945526,0.4966021478176117,0.5926610827445984,-0.04001147300004959,0.48911264538764954,0.5813604593276978,-0.10309185087680817,0.5591638684272766,0.5938272476196289,-0.0945838987827301,0.6103682518005371,0.6026621460914612,-0.07201824337244034,0.5034621953964233,0.6531826257705688,-0.04406650736927986,0.5058727264404297,0.6387206315994263,-0.0917595848441124,0.5634304881095886,0.6419478058815002,-0.0895879939198494,0.6030699014663696,0.6405725479125977,-0.07558093965053558
0.6481126546859741,0.6417653560638428,-2.061790524976459e-07,0.6571856737136841,0.5419976711273193,-0.039944399148225784,0.6002278327941895,0.45294189453125,-0.05611452832818031,0.5252992510795593,0.43241095542907715,-0.06966323405504227,0.47406256198883057,0.4603625237941742,-0.08232159912586212,0.5038557052612305,0.4569610357284546,-0.04412443935871124,0.40735918283462524,0.4321444034576416,-0.07879440486431122,0.34296828508377075,0.427253782749176,-0.09857439249753952,0.2904662489891052,0.4221324622631073,-0.11273494362831116,0.4939664304256439,0.5271010398864746,-0.04092753678560257,0.47684377431869507,0.5204700231552124,-0.10941939800977707,0.54761803150177,0.5429214239120483,-0.12490037083625793,0.6066493391990662,0.5569305419921875,-0.11909402161836624,0.49426719546318054,0.5883582234382629,-0.04121246188879013,0.4930982291698456,0.5813115239143372,-0.10325656086206436,0.5619786381721497,0.5934478044509888,-0.09471302479505539,0.612061619758606,0.6013188362121582,-0.07254374772310257,0.5006144642829895,0.6486679315567017,-0.04527446627616882,0.5087857842445374,0.6369896531105042,-0.09200731664896011,0.5655826330184937,0.6402617692947388,-0.09044428914785385,0.6039744019508362,0.6376335024833679,-0.0771000012755394
0.6516412496566772,0.6396135687828064,-1.9340026824465895e-07,0.6580628156661987,0.5402399301528931,-0.040739741176366806,0.6017506122589111,0.4533047378063202,-0.05764222517609596,0.5281447172164917,0.4322497248649597,-0.071830153465271,0.4761531352996826,0.45763927698135376,-0.08508086949586868,0.506833016872406,0.45762521028518677,-0.04567238315939903,0.4100711941719055,0.43162891268730164,-0.08144401758909225,0.3450641930103302,0.4254980683326721,-0.10233136266469955,0.29158473014831543,0.41884708404541016,-0.11718801409006119,0.4967038929462433,0.527584969997406,-0.04200521111488342,0.47908610105514526,0.5197767615318298,-0.11093726754188538,0.549203097820282,0.5431441068649292,-0.1267985999584198,0.6077358722686768,0.5581270456314087,-0.12146247178316116,0.49659064412117004,0.5888238549232483,-0.04184141755104065,0.492445707321167,0.5803055167198181,-0.10388267785310745,0.56125408411026,0.5935773849487305,-0.09509895741939545,0.6123608350753784,0.6025290489196777,-0.07284167408943176,0.5022903680801392,0.6491823196411133,-0.045586686581373215,0.507280170917511,0.6374852657318115,-0.09266335517168045,0.56424880027771,0.6405059099197388,-0.09110838919878006,0.6039838790893555,0.6377533674240112,-0.07765747606754303
0.6511666178703308,0.6409531235694885,-1.9002477813501173e-07,0.658502995967865,0.5418427586555481,-0.042127449065446854,0.6038945317268372,0.4530125856399536,-0.05986490473151207,0.5320510268211365,0.42770135402679443,-0.0746583417057991,0.4797062575817108,0.4541856646537781,-0.08872713148593903,0.5070023536682129,0.4569893777370453,-0.04710516333580017,0.41040003299713135,0.4307154417037964,-0.08300700038671494,0.34614098072052,0.4245660901069641,-0.104177325963974,0.29292094707489014,0.41884222626686096,-0.11892465502023697,0.4959610104560852,0.5245705842971802,-0.04251771420240402,0.48066338896751404,0.5208134055137634,-0.11180589348077774,0.5503926277160645,0.5453315377235413,-0.12823644280433655,0.6078461408615112,0.5609756112098694,-0.12293117493391037,0.49515286087989807,0.5854285359382629,-0.041436128318309784,0.4928261339664459,0.5824890732765198,-0.10380594432353973,0.5607216358184814,0.5965684652328491,-0.09598834067583084,0.6112636923789978,0.6050237417221069,-0.0740160197019577,0.5005569458007812,0.6443029046058655,-0.044281430542469025,0.507046639919281,0.637225866317749,-0.0914357379078865,0.5633405447006226,0.6409047842025757,-0.09018132090568542,0.6033222079277039,0.6383179426193237,-0.07657454907894135
0.653096079826355,0.6409412026405334,-1.9727821154447156e-07,0.6600213050842285,0.5432521104812622,-0.03951466828584671,0.6055300831794739,0.4522916078567505,-0.05619559437036514,0.5328869819641113,0.42569801211357117,-0.07042921334505081,0.4801371097564697,0.4502507448196411,-0.08394094556570053,0.5091551542282104,0.4566131830215454,-0.04506008327007294,0.41259050369262695,0.42840123176574707,-0.08022553473711014,0.34804797172546387,0.42160677909851074,-0.1008121594786644,0.2944954037666321,0.41533511877059937,-0.11522633582353592,0.4976254105567932,0.5249311923980713,-0.04189188778400421,0.48273441195487976,0.5162075757980347,-0.1096220314502716,0.552605152130127,0.5413203239440918,-0.12498229742050171,0.6092207431793213,0.5574485063552856,-0.11951123178005219,0.4959631860256195,0.5866529941558838,-0.04203850403428078,0.4932132065296173,0.5786736607551575,-0.10331369936466217,0.5619490146636963,0.5940178632736206,-0.09399785846471786,0.612152099609375,0.6035365462303162,-0.07145502418279648,0.5003218054771423,0.6472369432449341,-0.04589419811964035,0.5045790672302246,0.634899377822876,-0.0913570374250412,0.5611834526062012,0.6386798620223999,-0.08816886693239212,0.6004122495651245,0.6371686458587646,-0.07364000380039215
0.6572049260139465,0.6380153894424438,-1.614542384231754e-07,0.6598278880119324,0.5388376712799072,-0.03999505937099457,0.6083970665931702,0.45138436555862427,-0.05824238434433937,0.5417631268501282,0.422437846660614,-0.07460591197013855,0.4893864393234253,0.4350000023841858,-0.09012477099895477,0.5104245543479919,0.4568794369697571,-0.04394640401005745,0.4156959056854248,0.4260886609554291,-0.08022777736186981,0.3523586094379425,0.41480565071105957,-0.10213640332221985,0.2988513112068176,0.40574154257774353,-0.11715247482061386,0.49869561195373535,0.5238770246505737,-0.04131099581718445,0.4850216209888458,0.5095993280410767,-0.10950963199138641,0.554792046546936,0.53516685962677,-0.12572729587554932,0.6100159287452698,0.55411696434021,-0.12092436850070953,0.4975440204143524,0.5856401920318604,-0.0423181876540184,0.4932831823825836,0.5723929405212402,-0.10433176904916763,0.562431275844574,0.589073657989502,-0.09516016393899918,0.6132009625434875,0.6007611155509949,-0.07236085087060928,0.5030407905578613,0.6457679867744446,-0.047052424401044846,0.5032134652137756,0.6296805143356323,-0.09271610528230667,0.5587484836578369,0.6326965093612671,-0.08898354321718216,0.5987791419029236,0.6325751543045044,-0.0737963393330574
0.6564418077468872,0.6366162896156311,-1.7583195699444332e-07,0.6621667146682739,0.5392890572547913,-0.04050067812204361,0.6098688244819641,0.45077595114707947,-0.058572616428136826,0.5403298735618591,0.4230516254901886,-0.0745747908949852,0.4874785542488098,0.43798714876174927,-0.08989918231964111,0.5115923285484314,0.454812616109848,-0.04533778131008148,0.4153320789337158,0.4234393239021301,-0.0815717801451683,0.351553738117218,0.41351422667503357,-0.10309991985559464,0.29791489243507385,0.4051867127418518,-0.11793994903564453,0.5004507303237915,0.5229408740997314,-0.04265888035297394,0.4847966432571411,0.5075351595878601,-0.1122170016169548,0.5554858446121216,0.5339516997337341,-0.12853384017944336,0.6115825176239014,0.5532251596450806,-0.12327653169631958,0.4993470013141632,0.5845502614974976,-0.04349543899297714,0.493160605430603,0.570834219455719,-0.10715934634208679,0.5637872815132141,0.5882546901702881,-0.09774067997932434,0.6151897311210632,0.5998637676239014,-0.07430408895015717,0.5045706033706665,0.6448654532432556,-0.0479588583111763,0.5032494068145752,0.6290633082389832,-0.09536969661712646,0.5603986382484436,0.6333295106887817,-0.09153620898723602,0.6012187600135803,0.6337293982505798,-0.07588732987642288
0.6584343910217285,0.6365885138511658,-1.7680117991858424e-07,0.6625052690505981,0.5378970503807068,-0.04160500317811966,0.609277606010437,0.44916942715644836,-0.059580668807029724,0.5380731821060181,0.4241742491722107,-0.07510887831449509,0.48467496037483215,0.44020456075668335,-0.08971385657787323,0.5127442479133606,0.4531276822090149,-0.04410987347364426,0.41731971502304077,0.4223216772079468,-0.08006743341684341,0.35313957929611206,0.4121118485927582,-0.10153935849666595,0.2994348406791687,0.40372154116630554,-0.11626794189214706,0.5007039904594421,0.5206781029701233,-0.04032186418771744,0.48610562086105347,0.5080350637435913,-0.1090889498591423,0.5557047128677368,0.5339058637619019,-0.12530502676963806,0.6123360991477966,0.5527516603469849,-0.11999037861824036,0.49898236989974976,0.5812928080558777,-0.04029225558042526,0.49544668197631836,0.5700240731239319,-0.1023457944393158,0.5639026761054993,0.5874796509742737,-0.09326962381601334,0.6147618889808655,0.599534809589386,-0.07039908319711685,0.5041881203651428,0.6402381658554077,-0.044184908270835876,0.5061144232749939,0.6268061995506287,-0.08998123556375504,0.5616887211799622,0.6321881413459778,-0.08665041625499725,0.6015506386756897,0.6328365206718445,-0.07162613421678543
0.658294677734375,0.6362037062644958,-1.6598403362877434e-07,0.6629562377929688,0.5365691781044006,-0.04265930503606796,0.6078128814697266,0.44698524475097656,-0.060798630118370056,0.5337817668914795,0.4220850467681885,-0.07621271908283234,0.47882360219955444,0.44204163551330566,-0.09083063155412674,0.5137635469436646,0.4510582387447357,-0.04490406811237335,0.4180043935775757,0.4194093346595764,-0.08108136802911758,0.35408180952072144,0.40967199206352234,-0.10236905515193939,0.30065980553627014,0.40114226937294006,-0.11697640269994736,0.501730740070343,0.5192373394966125,-0.0407399982213974,0.4863405227661133,0.5061260461807251,-0.11059878021478653,0.5559145212173462,0.5326371192932129,-0.12690207362174988,0.6128708124160767,0.5519161820411682,-0.12132345885038376,0.4998496174812317,0.5804303884506226,-0.040444571524858475,0.49704304337501526,0.5689904093742371,-0.10382787883281708,0.5657384991645813,0.5865011811256409,-0.09490018337965012,0.6166195869445801,0.5984963774681091,-0.07173815369606018,0.5045213103294373,0.6403970122337341,-0.04407743737101555,0.5067979693412781,0.6265759468078613,-0.0909835621714592,0.5630243420600891,0.6321579813957214,-0.08788005262613297,0.603105902671814,0.633033037185669,-0.07285615801811218
0.6617042422294617,0.6347135901451111,-1.790659780454007e-07,0.6670507192611694,0.5347718596458435,-0.04156196489930153,0.6113129258155823,0.44546955823898315,-0.059370800852775574,0.5365996956825256,0.4227864742279053,-0.07452809065580368,0.48155927658081055,0.43989938497543335,-0.08853551745414734,0.5162508487701416,0.44812390208244324,-0.044202614575624466,0.42122194170951843,0.41703441739082336,-0.0806172639131546,0.35703128576278687,0.40683165192604065,-0.10211498290300369,0.30320554971694946,0.3982527554035187,-0.11720763891935349,0.5049650073051453,0.5177720189094543,-0.04095727577805519,0.4880209267139435,0.5038542747497559,-0.11046385765075684,0.5593546032905579,0.5283044576644897,-0.12668000161647797,0.6165691614151001,0.5459021925926208,-0.12146484851837158,0.5036477446556091,0.579346239566803,-0.04150502011179924,0.4993079602718353,0.5664730668067932,-0.10467911511659622,0.5696499943733215,0.5829927921295166,-0.09493986517190933,0.6200466752052307,0.5942840576171875,-0.07171023637056351,0.5091869831085205,0.639390230178833,-0.04591751471161842,0.5122275352478027,0.6247483491897583,-0.09263622015714645,0.5690053701400757,0.629574716091156,-0.08922436088323593,0.6073259115219116,0.6290810108184814,-0.07437025755643845
0.6600135564804077,0.633926510810852,-1.6528942126114998e-07,0.6655719876289368,0.5322939157485962,-0.04204124957323074,0.611174464225769,0.44348329305648804,-0.06024230644106865,0.5365310907363892,0.4219287037849426,-0.07584043592214584,0.48186004161834717,0.4414798617362976,-0.09035716205835342,0.5149129629135132,0.44578641653060913,-0.0431089848279953,0.4211675524711609,0.4151393473148346,-0.07954161614179611,0.357772558927536,0.4059619605541229,-0.10074463486671448,0.30518263578414917,0.3975575864315033,-0.11528469622135162,0.5025547742843628,0.5151799917221069,-0.039531514048576355,0.48760348558425903,0.5001863837242126,-0.1101774275302887,0.5585212707519531,0.5266264081001282,-0.12667511403560638,0.6166214942932129,0.546120285987854,-0.12075908482074738,0.5010128021240234,0.5768753886222839,-0.03991470858454704,0.501268744468689,0.5635459423065186,-0.10429610311985016,0.571182906627655,0.5811768770217896,-0.09549203515052795,0.6219137907028198,0.5934762954711914,-0.07193707674741745,0.5062944889068604,0.637557864189148,-0.04413509741425514,0.5122284293174744,0.622001051902771,-0.09122621268033981,0.5692894458770752,0.6280051469802856,-0.08826152235269547,0.6082715392112732,0.6289893388748169,-0.07323499023914337
0.6624537706375122,0.6350314021110535,-1.8712073313054134e-07,0.6687318086624146,0.5340683460235596,-0.041453681886196136,0.6122879981994629,0.444711297750473,-0.05868617817759514,0.5366811156272888,0.42201972007751465,-0.07336770743131638,0.4812159240245819,0.44039785861968994,-0.08686566352844238,0.5178366899490356,0.44657984375953674,-0.041631121188402176,0.42375969886779785,0.41629740595817566,-0.07712401449680328,0.3604913353919983,0.40695297718048096,-0.09776990860700607,0.30781590938568115,0.3987236022949219,-0.11229172348976135,0.5058608651161194,0.5157138705253601,-0.03828813135623932,0.4888090491294861,0.501277506351471,-0.10746922343969345,0.560020387172699,0.5267450213432312,-0.12354715168476105,0.6175875067710876,0.5452914834022522,-0.11798505485057831,0.5042334794998169,0.5769760012626648,-0.03892176225781441,0.5007420778274536,0.5625017285346985,-0.10260283201932907,0.5715894103050232,0.5802441239356995,-0.09329565614461899,0.6226391792297363,0.5924961566925049,-0.06992790848016739,0.5095443725585938,0.6369445323944092,-0.043368205428123474,0.5133248567581177,0.6208194494247437,-0.09084860980510712,0.5705984830856323,0.6271407604217529,-0.08810295909643173,0.6095783710479736,0.6279773712158203,-0.0734982043504715
0.6634957194328308,0.633823037147522,-1.680083983046643e-07,0.6676260232925415,0.5330730080604553,-0.04109003767371178,0.6127846240997314,0.44616734981536865,-0.05880536884069443,0.539408266544342,0.42462068796157837,-0.07426745444536209,0.4851255416870117,0.4424641728401184,-0.08848370611667633,0.5170069932937622,0.4460126757621765,-0.04108191654086113,0.4240529239177704,0.41725531220436096,-0.07719685882329941,0.36115700006484985,0.4086701273918152,-0.09836254268884659,0.30894988775253296,0.4006498157978058,-0.11302592605352402,0.5049634575843811,0.5155826210975647,-0.03817347064614296,0.49079325795173645,0.501748263835907,-0.10766640305519104,0.5619110465049744,0.52696692943573,-0.12378913909196854,0.6200435757637024,0.5451328158378601,-0.11817339807748795,0.5039640069007874,0.5781941413879395,-0.03938039764761925,0.5035864114761353,0.5646675229072571,-0.10270591825246811,0.573399543762207,0.5812195539474487,-0.09361924976110458,0.6244957447052002,0.592694103717804,-0.07040253281593323,0.5102856159210205,0.6400690078735352,-0.04449249058961868,0.5161433219909668,0.6243722438812256,-0.09115571528673172,0.5725655555725098,0.6288783550262451,-0.08841244876384735,0.6115031242370605,0.6287198066711426,-0.07387004047632217
0.6645663976669312,0.6366959810256958,-1.7009574548865203e-07,0.6695217490196228,0.534844160079956,-0.04222050681710243,0.6134653091430664,0.4472643733024597,-0.06012712046504021,0.5387279987335205,0.42588260769844055,-0.0753185972571373,0.48392894864082336,0.44620004296302795,-0.08922462910413742,0.5195866227149963,0.44741618633270264,-0.042747918516397476,0.4258706569671631,0.41797715425491333,-0.07923313975334167,0.36238893866539,0.4085281789302826,-0.10044170916080475,0.3097522258758545,0.4002954363822937,-0.1151190772652626,0.5069931149482727,0.5166717171669006,-0.03892749547958374,0.4919370114803314,0.5050071477890015,-0.10877880454063416,0.5636975169181824,0.5282518267631531,-0.12464603036642075,0.6226746439933777,0.5445842742919922,-0.11874426156282425,0.5052533149719238,0.5784407258033752,-0.039299722760915756,0.5068293213844299,0.5678845047950745,-0.10252012312412262,0.5760380029678345,0.5830797553062439,-0.09337695688009262,0.6263247728347778,0.5936121940612793,-0.07027002424001694,0.5107278823852539,0.6394150853157043,-0.0437181256711483,0.5192963480949402,0.6263178586959839,-0.09017641842365265,0.5756424069404602,0.6314998269081116,-0.08776246011257172,0.6137312054634094,0.6312629580497742,-0.07360013574361801
0.665477454662323,0.6362543106079102,-1.6116899814733188e-07,0.6701935529708862,0.535055935382843,-0.04183855652809143,0.6143904328346252,0.44882601499557495,-0.059790030121803284,0.5406709313392639,0.42843639850616455,-0.07522158324718475,0.4867185056209564,0.4479612112045288,-0.08938973397016525,0.5194206237792969,0.4468790888786316,-0.0429137647151947,0.4259020686149597,0.4181431829929352,-0.07944995164871216,0.36309725046157837,0.4093644618988037,-0.10048315674066544,0.3114091455936432,0.4013213515281677,-0.11497044563293457,0.5074019432067871,0.516758143901825,-0.03951690346002579,0.4926586151123047,0.5057928562164307,-0.10933659225702286,0.5639455318450928,0.5288500189781189,-0.12524786591529846,0.6226996779441833,0.5445576310157776,-0.11939868330955505,0.5063977837562561,0.5794695019721985,-0.04030805081129074,0.5077645182609558,0.5696597099304199,-0.10380222648382187,0.5772517919540405,0.5837427973747253,-0.09523732215166092,0.6280292868614197,0.5930584073066711,-0.07245014607906342,0.5127747058868408,0.6412897109985352,-0.045068707317113876,0.5214276909828186,0.629425048828125,-0.09212709218263626,0.5777536630630493,0.6331285238265991,-0.09044057875871658,0.6162264943122864,0.6311941742897034,-0.07671733945608139
0.6657235622406006,0.636223554611206,-1.7506104654785304e-07,0.6703060269355774,0.5347252488136292,-0.039926063269376755,0.6140571236610413,0.44829699397087097,-0.05694666877388954,0.5401970148086548,0.4286903738975525,-0.07178463041782379,0.4862334132194519,0.45009171962738037,-0.08546929806470871,0.5194684863090515,0.4464941620826721,-0.04117383062839508,0.4264131784439087,0.41764479875564575,-0.076924629509449,0.3638710379600525,0.4086959958076477,-0.09754753112792969,0.3119484782218933,0.40087294578552246,-0.11184676736593246,0.5069591999053955,0.5161896347999573,-0.0383521132171154,0.4936687648296356,0.5046917200088501,-0.10684886574745178,0.5649237632751465,0.5272600054740906,-0.12238617986440659,0.6230465173721313,0.5431859493255615,-0.11662157624959946,0.5054217576980591,0.5785651206970215,-0.03950713947415352,0.507469654083252,0.5667397975921631,-0.10195120424032211,0.5776471495628357,0.5811119675636292,-0.09327566623687744,0.6286237239837646,0.5910305380821228,-0.07073403149843216,0.5115379095077515,0.6395394802093506,-0.04449872300028801,0.5231345891952515,0.6263679265975952,-0.09103185683488846,0.5798816680908203,0.630925714969635,-0.08950386941432953,0.6178604960441589,0.6297839879989624,-0.07601804286241531
0.6668387055397034,0.6389755010604858,-1.616294156292497e-07,0.6712228059768677,0.5362186431884766,-0.04126448184251785,0.6152142286300659,0.4508383572101593,-0.05867812782526016,0.5408909320831299,0.4320574402809143,-0.07378973066806793,0.4858119487762451,0.44823142886161804,-0.08761198818683624,0.5203264355659485,0.44677767157554626,-0.04013102501630783,0.4281001389026642,0.41649046540260315,-0.0760936439037323,0.3657764792442322,0.4062068462371826,-0.09666772186756134,0.3141188323497772,0.3971620202064514,-0.1107637956738472,0.5075823664665222,0.516233503818512,-0.03690141811966896,0.4919236898422241,0.5029732584953308,-0.10592594742774963,0.5630058646202087,0.526221752166748,-0.1217033639550209,0.6217736005783081,0.5426051020622253,-0.11562258005142212,0.5062650442123413,0.578635573387146,-0.037988148629665375,0.5084288716316223,0.5660838484764099,-0.10134550929069519,0.5784377455711365,0.5810784101486206,-0.09299490600824356,0.6294636726379395,0.5912118554115295,-0.07005880773067474,0.5130913257598877,0.6398762464523315,-0.042976509779691696,0.5236827731132507,0.6256564855575562,-0.08984369039535522,0.5798105001449585,0.6300116777420044,-0.0884067639708519,0.6176660656929016,0.6289240121841431,-0.07474298030138016
0.6683346629142761,0.638646125793457,-1.4721493357683357e-07,0.6734534502029419,0.5379315614700317,-0.04165950044989586,0.6177236437797546,0.4540765583515167,-0.05983538553118706,0.5442993640899658,0.43442508578300476,-0.0757010206580162,0.4902055561542511,0.4498794376850128,-0.09009498357772827,0.521177351474762,0.44622302055358887,-0.041235942393541336,0.42946332693099976,0.4154696762561798,-0.07760907709598541,0.36748072504997253,0.4044366776943207,-0.09830286353826523,0.31614184379577637,0.3951317369937897,-0.11244037747383118,0.5078267455101013,0.5158088803291321,-0.03802408650517464,0.4931105971336365,0.5018044114112854,-0.10651973634958267,0.5644621253013611,0.5240007638931274,-0.12175299972295761,0.6224080324172974,0.5395536422729492,-0.11560647189617157,0.5062883496284485,0.5788317322731018,-0.03920140117406845,0.5100371241569519,0.5652704238891602,-0.1023455262184143,0.580265998840332,0.5793842077255249,-0.09379542618989944,0.6303943395614624,0.5893741250038147,-0.07102840393781662,0.5128868818283081,0.6406638026237488,-0.04436217620968819,0.5252894163131714,0.6250903606414795,-0.09095756709575653,0.5816867351531982,0.6288134455680847,-0.08943621814250946,0.6188238263130188,0.6277788877487183,-0.07594869285821915
0.6689313650131226,0.6386422514915466,-1.4077480159357947e-07,0.6737028360366821,0.5380519032478333,-0.04235844686627388,0.617331862449646,0.4552757143974304,-0.06063489988446236,0.5415606498718262,0.4357859194278717,-0.07658170908689499,0.48525968194007874,0.445411741733551,-0.09104841947555542,0.5233309268951416,0.44696664810180664,-0.04024020954966545,0.43043217062950134,0.4150392413139343,-0.07685181498527527,0.3679744601249695,0.4038342535495758,-0.09797905385494232,0.31612497568130493,0.39415243268013,-0.11259179562330246,0.5120047330856323,0.516884982585907,-0.03722453489899635,0.4914747178554535,0.5007453560829163,-0.10703940689563751,0.5621355772018433,0.5228904485702515,-0.12342068552970886,0.6203738451004028,0.5387830138206482,-0.1177615225315094,0.5111991763114929,0.5799387097358704,-0.03873290866613388,0.5082247853279114,0.5641438961029053,-0.10402296483516693,0.5796137452125549,0.5790679454803467,-0.09573438763618469,0.6308737397193909,0.5894309282302856,-0.07250412553548813,0.5183004140853882,0.6418536901473999,-0.044101741164922714,0.5251356363296509,0.6252657175064087,-0.09306886792182922,0.5821772813796997,0.6290029287338257,-0.09175260365009308,0.6202386617660522,0.6280531287193298,-0.07792218774557114
0.6689636707305908,0.6394110918045044,-1.3630166506573005e-07,0.6746878623962402,0.5388225317001343,-0.042530134320259094,0.6171423196792603,0.457105815410614,-0.060416221618652344,0.5398772954940796,0.4385773241519928,-0.07585037499666214,0.48299503326416016,0.44278550148010254,-0.0896528959274292,0.5234248638153076,0.4482676386833191,-0.03987056016921997,0.43008092045783997,0.4158218502998352,-0.07608144730329514,0.3680422008037567,0.40372374653816223,-0.0966181606054306,0.3165724575519562,0.39315176010131836,-0.1108890101313591,0.5124431252479553,0.5191135406494141,-0.0369485467672348,0.49064168334007263,0.49982500076293945,-0.10682814568281174,0.5619286894798279,0.5220543146133423,-0.12290742993354797,0.6204725503921509,0.5390428304672241,-0.1168021410703659,0.5120035409927368,0.5822228789329529,-0.03865507245063782,0.5082319378852844,0.5632050037384033,-0.1043647974729538,0.5806572437286377,0.577816367149353,-0.09603656828403473,0.6316080093383789,0.5886881947517395,-0.07257760316133499,0.5194791555404663,0.6442054510116577,-0.044199272990226746,0.5265758633613586,0.624855101108551,-0.09381929785013199,0.5840272307395935,0.6289396286010742,-0.0927872359752655,0.6211267709732056,0.6286857724189758,-0.07907267659902573
0.6679317355155945,0.6408153772354126,-1.3476754645580513e-07,0.6742733716964722,0.5411452054977417,-0.04308696091175079,0.6173796057701111,0.4589548707008362,-0.061372410506010056,0.5398751497268677,0.43895789980888367,-0.0771447941660881,0.4827112853527069,0.4416532814502716,-0.09115592390298843,0.5240333080291748,0.4485018253326416,-0.04058362543582916,0.43076276779174805,0.4152486324310303,-0.0775614082813263,0.36828577518463135,0.4030010402202606,-0.09885844588279724,0.3165165185928345,0.3919689655303955,-0.11380956321954727,0.512779176235199,0.5194085240364075,-0.03787845000624657,0.4897717833518982,0.4985896646976471,-0.10885100066661835,0.5612919926643372,0.5213567018508911,-0.12547370791435242,0.6205788254737854,0.5390145778656006,-0.11969228088855743,0.5123046636581421,0.5826629400253296,-0.03986411541700363,0.5069926381111145,0.561248242855072,-0.10637849569320679,0.5797364711761475,0.5767601132392883,-0.09796971082687378,0.6311888694763184,0.5886312127113342,-0.07449039071798325,0.519775927066803,0.6451519727706909,-0.04578185826539993,0.5272814631462097,0.6244882345199585,-0.09644627571105957,0.5848093032836914,0.6293081641197205,-0.09579990059137344,0.6218835115432739,0.6298211812973022,-0.08233797550201416
0.6702208518981934,0.6399235725402832,-1.1378178754739565e-07,0.671965479850769,0.5382897853851318,-0.0413665808737278,0.61441969871521,0.46055397391319275,-0.060303449630737305,0.5404049158096313,0.44471150636672974,-0.07727281004190445,0.4850960373878479,0.45249128341674805,-0.09251392632722855,0.5189669132232666,0.4529760479927063,-0.041240885853767395,0.4275144934654236,0.4237437844276428,-0.07915173470973969,0.36646342277526855,0.4129347503185272,-0.10089856386184692,0.3156421184539795,0.40316054224967957,-0.11577194184064865,0.5065113306045532,0.5243960618972778,-0.03898251801729202,0.49425116181373596,0.5073257088661194,-0.10834129899740219,0.5654499530792236,0.5266532897949219,-0.12412237375974655,0.6226835250854492,0.5409039855003357,-0.11868753284215927,0.5063645839691162,0.5886995196342468,-0.04137470945715904,0.5118221640586853,0.5699805021286011,-0.10563459992408752,0.5830056667327881,0.5800735354423523,-0.09747043251991272,0.6335119605064392,0.5879020690917969,-0.0750623568892479,0.515295147895813,0.6509436964988708,-0.04783260449767113,0.5321370363235474,0.6310654282569885,-0.09605199098587036,0.5886199474334717,0.6308796405792236,-0.0958431139588356,0.6250231862068176,0.6274200081825256,-0.08324531465768814
0.6690021753311157,0.6402451992034912,-1.4089427224917017e-07,0.6730522513389587,0.5399677157402039,-0.03982626274228096,0.6150261759757996,0.4605068862438202,-0.057268667966127396,0.5389416813850403,0.44511401653289795,-0.07292652875185013,0.48327839374542236,0.45336106419563293,-0.0872027650475502,0.5188252329826355,0.45434027910232544,-0.04024095460772514,0.4265801012516022,0.42428842186927795,-0.07618643343448639,0.36514270305633545,0.41352277994155884,-0.09683430194854736,0.3135796785354614,0.4045339822769165,-0.11147486418485641,0.5077407956123352,0.526165783405304,-0.03891782835125923,0.49162036180496216,0.5089545249938965,-0.10721780359745026,0.5630271434783936,0.5257518887519836,-0.12292630225419998,0.6202848553657532,0.5394184589385986,-0.11765255779027939,0.5089539289474487,0.5904649496078491,-0.04175357520580292,0.5101326704025269,0.5710396766662598,-0.10575763881206512,0.582670271396637,0.5804040431976318,-0.09711004793643951,0.6335077881813049,0.5892919301986694,-0.07460401207208633,0.5193906426429749,0.6527786254882812,-0.04840044304728508,0.5343012809753418,0.6323213577270508,-0.09754613041877747,0.5916162729263306,0.6330277323722839,-0.0970269963145256,0.6279274225234985,0.6320942044258118,-0.08414116501808167
0.6696195602416992,0.6426175832748413,-1.436441152691259e-07,0.6740065813064575,0.5415716767311096,-0.04050777480006218,0.6138917207717896,0.46156400442123413,-0.05754806473851204,0.5371849536895752,0.445263147354126,-0.0725201964378357,0.48120588064193726,0.4565579295158386,-0.08608543127775192,0.5187234878540039,0.45581451058387756,-0.04058874398469925,0.42581772804260254,0.4262044429779053,-0.07657093554735184,0.36428895592689514,0.4156935214996338,-0.09708591550588608,0.3127608001232147,0.4069451093673706,-0.11145368218421936,0.5072903037071228,0.5270524621009827,-0.03841061517596245,0.49278461933135986,0.511523962020874,-0.10652609169483185,0.56361985206604,0.5285652875900269,-0.12184201925992966,0.6206983327865601,0.5416079163551331,-0.11626896262168884,0.5078480243682861,0.5911245346069336,-0.04055280238389969,0.5121346712112427,0.5731560587882996,-0.1042867973446846,0.5834589600563049,0.5822941660881042,-0.0957866832613945,0.6336784362792969,0.590431272983551,-0.07334865629673004,0.5173280239105225,0.6536638736724854,-0.04660040885210037,0.5336441397666931,0.633126974105835,-0.09534915536642075,0.590437650680542,0.6337677836418152,-0.09493603557348251,0.6265642642974854,0.6322690844535828,-0.08213258534669876
0.6692249774932861,0.6397162079811096,-1.4375495993590448e-07,0.6725246906280518,0.5397012233734131,-0.03990843892097473,0.6144685745239258,0.4611821174621582,-0.057632625102996826,0.539360761642456,0.44561225175857544,-0.07344461232423782,0.4842112958431244,0.45953208208084106,-0.08782380074262619,0.5174469351768494,0.4551819860935211,-0.041134193539619446,0.4248479902744293,0.42679667472839355,-0.07741735130548477,0.3635590672492981,0.41701528429985046,-0.09804939478635788,0.3125208020210266,0.4086872339248657,-0.11240175366401672,0.5062272548675537,0.52681565284729,-0.0393436960875988,0.4921928644180298,0.5114842653274536,-0.10703753679990768,0.5637198686599731,0.5285432934761047,-0.12202290445566177,0.6209527254104614,0.5410290360450745,-0.11638086289167404,0.5075546503067017,0.591364860534668,-0.041759949177503586,0.5120897889137268,0.5742287039756775,-0.10486706346273422,0.5834200382232666,0.5828681588172913,-0.09614142775535583,0.6334601640701294,0.5902856588363647,-0.07378023862838745,0.5177836418151855,0.6541843414306641,-0.04804423823952675,0.533424973487854,0.6353817582130432,-0.0959978774189949,0.5898664593696594,0.6350428462028503,-0.0951698049902916,0.6259156465530396,0.6324587464332581,-0.08225985616445541
0.6702892184257507,0.6420953273773193,-1.5238583728205413e-07,0.6736299991607666,0.5413798093795776,-0.04046573489904404,0.6136680841445923,0.4622536599636078,-0.05791643634438515,0.5382685661315918,0.4468364119529724,-0.07324466854333878,0.48336878418922424,0.46123504638671875,-0.08715299516916275,0.5181002020835876,0.45744240283966064,-0.04163435846567154,0.4257432222366333,0.429820716381073,-0.07740841805934906,0.3644481897354126,0.41956627368927,-0.0976267158985138,0.3131147027015686,0.4114452600479126,-0.1117551326751709,0.5060631036758423,0.5282647013664246,-0.03927163407206535,0.494640588760376,0.5148158669471741,-0.10645849257707596,0.5657244920730591,0.5310204029083252,-0.12105176597833633,0.6223117709159851,0.5433246493339539,-0.11528069525957108,0.5065585970878601,0.5922915935516357,-0.04112475737929344,0.5131756663322449,0.5758760571479797,-0.10399521887302399,0.5842539072036743,0.5844096541404724,-0.09530429542064667,0.63431316614151,0.5920603275299072,-0.07304427027702332,0.5160821676254272,0.6541403532028198,-0.04694327339529991,0.5346488952636719,0.6349532008171082,-0.0951463058590889,0.5917981863021851,0.6349751353263855,-0.09476577490568161,0.6282719969749451,0.6330142021179199,-0.0820656567811966
0.6702316999435425,0.6388448476791382,-1.3635431628244987e-07,0.6716428995132446,0.5396959781646729,-0.039700210094451904,0.6143124103546143,0.4617588222026825,-0.057795919477939606,0.5414965748786926,0.4484829902648926,-0.07394787669181824,0.4878552556037903,0.4655751585960388,-0.0886588990688324,0.5167569518089294,0.4567583501338959,-0.04231185093522072,0.4250028431415558,0.429651141166687,-0.07845130562782288,0.36376556754112244,0.4206547439098358,-0.09903879463672638,0.3129180669784546,0.4131627082824707,-0.11320527642965317,0.504964292049408,0.5281206369400024,-0.04028240218758583,0.49593544006347656,0.514249324798584,-0.10732410848140717,0.5655649900436401,0.529764711856842,-0.12225139886140823,0.6218116283416748,0.5409917831420898,-0.11675343662500381,0.5058889985084534,0.5921099781990051,-0.04227495193481445,0.5146536827087402,0.575606107711792,-0.10407289862632751,0.5843721032142639,0.5835104584693909,-0.09565970301628113,0.6340596675872803,0.5908047556877136,-0.07383890450000763,0.5158171653747559,0.6535472273826599,-0.048230595886707306,0.5354990363121033,0.6352226734161377,-0.09512189030647278,0.5916644334793091,0.6351104974746704,-0.09449086338281631,0.6279348731040955,0.6330162286758423,-0.0817580446600914
0.6704130172729492,0.6412398219108582,-1.6250571377440792e-07,0.6733784675598145,0.5412229895591736,-0.04014856368303299,0.6159477233886719,0.462355375289917,-0.05845312401652336,0.5424302220344543,0.44733983278274536,-0.07444199919700623,0.48863404989242554,0.46462729573249817,-0.08914358168840408,0.5192720293998718,0.4574567973613739,-0.0453336276113987,0.42702004313468933,0.429780513048172,-0.08117541670799255,0.36578500270843506,0.42010068893432617,-0.10128605365753174,0.3146531581878662,0.41266921162605286,-0.11518457531929016,0.5059397220611572,0.5279524922370911,-0.04255487397313118,0.5013256072998047,0.5147121548652649,-0.10881981253623962,0.5707599520683289,0.5307748913764954,-0.12284273654222488,0.6257700324058533,0.5430207848548889,-0.1171242967247963,0.505692183971405,0.5914204120635986,-0.043554678559303284,0.5175592303276062,0.5742406249046326,-0.10426648706197739,0.5869020819664001,0.5830331444740295,-0.09520263969898224,0.6359782814979553,0.5913571119308472,-0.0734742283821106,0.5146111845970154,0.6518685221672058,-0.048611510545015335,0.5385794043540955,0.6334981918334961,-0.09512446075677872,0.5953538417816162,0.6349760890007019,-0.0946473702788353,0.6313841342926025,0.6341444253921509,-0.08213528245687485
0.6759914755821228,0.6315932273864746,-1.1921511600121448e-07,0.6741254329681396,0.5323139429092407,-0.03988302871584892,0.6170398592948914,0.4568991959095001,-0.0592903271317482,0.5448917150497437,0.44298067688941956,-0.07639968395233154,0.490624338388443,0.4630207419395447,-0.09209030866622925,0.5199409127235413,0.4531612694263458,-0.04676956683397293,0.42925891280174255,0.42533332109451294,-0.08400329947471619,0.36865127086639404,0.41489019989967346,-0.10482339560985565,0.31739020347595215,0.4069942533969879,-0.11883895099163055,0.5046681761741638,0.5246392488479614,-0.044631682336330414,0.5036789774894714,0.510491132736206,-0.11201006174087524,0.5751264691352844,0.5255430340766907,-0.1259300261735916,0.6309506297111511,0.5376341342926025,-0.1196172907948494,0.5041438341140747,0.5898135304450989,-0.04624662175774574,0.5223404765129089,0.5745499134063721,-0.10705582052469254,0.5923080444335938,0.5806969404220581,-0.09790628403425217,0.6408736705780029,0.5876202583312988,-0.07589589059352875,0.5138728618621826,0.6511942148208618,-0.051979560405015945,0.5438525080680847,0.6342721581459045,-0.09700828045606613,0.599807858467102,0.6336592435836792,-0.09598339349031448,0.6339010000228882,0.6319979429244995,-0.08321241289377213
0.6762198209762573,0.632500410079956,-1.3868411485873366e-07,0.6754566431045532,0.5314486622810364,-0.041002970188856125,0.6169101595878601,0.45516419410705566,-0.060681458562612534,0.5453870892524719,0.43596798181533813,-0.0776636078953743,0.49109601974487305,0.45893821120262146,-0.09347802400588989,0.5216530561447144,0.4511343240737915,-0.04988037422299385,0.43031036853790283,0.4235868752002716,-0.08732160180807114,0.3688375949859619,0.4123648703098297,-0.10829195380210876,0.31671929359436035,0.4049171507358551,-0.12235649675130844,0.5050845742225647,0.5222414135932922,-0.046817515045404434,0.5040929317474365,0.5068826079368591,-0.11443939059972763,0.5766862034797668,0.5230516791343689,-0.12743109464645386,0.6343029737472534,0.5379950404167175,-0.12028250843286514,0.5039692521095276,0.587192177772522,-0.0474570207297802,0.5222226977348328,0.5709348917007446,-0.10753339529037476,0.5923820734024048,0.5786432027816772,-0.09741426259279251,0.6420721411705017,0.5881276726722717,-0.07482956349849701,0.5129865407943726,0.6476579904556274,-0.052386969327926636,0.5434046983718872,0.6300188899040222,-0.09685242921113968,0.5996689796447754,0.6302403211593628,-0.0955241322517395,0.6348607540130615,0.6303716897964478,-0.08259939402341843
0.6758905649185181,0.6253921389579773,-1.5210184756142553e-07,0.6762585043907166,0.5244585871696472,-0.040520504117012024,0.6186087727546692,0.44568806886672974,-0.05992835387587547,0.5483928322792053,0.42407679557800293,-0.07657302916049957,0.4945549964904785,0.4475792944431305,-0.0921064242720604,0.5229262113571167,0.43992650508880615,-0.05090900510549545,0.4326576292514801,0.4131893515586853,-0.08804375678300858,0.37145936489105225,0.4026786684989929,-0.10826024413108826,0.32027608156204224,0.39492136240005493,-0.12137019634246826,0.5049025416374207,0.5099351406097412,-0.04768325760960579,0.5036433339118958,0.49471110105514526,-0.1156303733587265,0.5728769302368164,0.5148035883903503,-0.12883003056049347,0.6305184960365295,0.5323712825775146,-0.12094123661518097,0.5020492076873779,0.574230432510376,-0.04789497330784798,0.5273292660713196,0.5625640749931335,-0.10748592019081116,0.5953342914581299,0.5739836692810059,-0.09867800027132034,0.6443173289299011,0.5846869349479675,-0.07620180398225784,0.5093792676925659,0.6333553194999695,-0.05226924642920494,0.5424126386642456,0.6191223859786987,-0.09450894594192505,0.5972774624824524,0.621823787689209,-0.09301017224788666,0.6325419545173645,0.6224990487098694,-0.0798446387052536
0.6754515171051025,0.6237969994544983,-1.198351782250029e-07,0.6743541955947876,0.5232079029083252,-0.04044300690293312,0.6167188286781311,0.4443988502025604,-0.059993959963321686,0.5463716387748718,0.4260883331298828,-0.07662525027990341,0.4935326874256134,0.44732582569122314,-0.09186562895774841,0.5235810875892639,0.4410192370414734,-0.05036085844039917,0.4344061017036438,0.41189056634902954,-0.08773443847894669,0.374399334192276,0.4000447988510132,-0.10802141577005386,0.32364267110824585,0.39174774289131165,-0.12130169570446014,0.5051822662353516,0.5110251307487488,-0.04735241085290909,0.5048897862434387,0.49360767006874084,-0.11435019969940186,0.5749677419662476,0.5112828016281128,-0.1267438381910324,0.6303728222846985,0.5280648469924927,-0.11909827589988708,0.5014936923980713,0.5754833221435547,-0.047964125871658325,0.526031494140625,0.5614268779754639,-0.10719867795705795,0.594213604927063,0.5716179609298706,-0.09736275672912598,0.6409559845924377,0.5836655497550964,-0.07490687072277069,0.5077427625656128,0.6364071369171143,-0.05283358693122864,0.5424385070800781,0.6201797723770142,-0.0948757603764534,0.5981605648994446,0.6235398054122925,-0.09271757304668427,0.6317411065101624,0.6274639368057251,-0.079526387155056
0.6744818687438965,0.622740626335144,-1.4802033376781765e-07,0.674955427646637,0.5223513245582581,-0.03934235870838165,0.6173456311225891,0.4423760771751404,-0.05838952213525772,0.5466699004173279,0.4225688576698303,-0.0746142715215683,0.4932764768600464,0.447929322719574,-0.09003089368343353,0.5202717185020447,0.4380512535572052,-0.05110803619027138,0.4336673617362976,0.41065138578414917,-0.08760067075490952,0.37356114387512207,0.3993978500366211,-0.10745760798454285,0.32239842414855957,0.39104992151260376,-0.12061106413602829,0.5001090168952942,0.5075796246528625,-0.048391107469797134,0.5073906779289246,0.4928934872150421,-0.11362078040838242,0.5774994492530823,0.5120067596435547,-0.12538281083106995,0.6335790753364563,0.5291951298713684,-0.11775276809930801,0.49707186222076416,0.5732879042625427,-0.048980019986629486,0.5275095105171204,0.5610972046852112,-0.10715295374393463,0.5960803031921387,0.572921872138977,-0.09746447205543518,0.6443985104560852,0.5843312740325928,-0.07546466588973999,0.5047637224197388,0.6347529888153076,-0.0536910779774189,0.543366551399231,0.6208335161209106,-0.09598134458065033,0.6000741720199585,0.625150740146637,-0.09440302848815918,0.6350315809249878,0.6280406713485718,-0.08160462230443954
0.6740367412567139,0.6209122538566589,-1.4039852658243035e-07,0.6733999848365784,0.5214043259620667,-0.039842285215854645,0.6162976622581482,0.44293123483657837,-0.05891818553209305,0.5470899939537048,0.422026127576828,-0.07518552243709564,0.4942031502723694,0.44769909977912903,-0.09046781063079834,0.521087110042572,0.43888574838638306,-0.05031581595540047,0.4337603449821472,0.41063541173934937,-0.08691283315420151,0.373818039894104,0.3990901708602905,-0.10667598247528076,0.3226636052131653,0.3904179036617279,-0.11956115067005157,0.5012549757957458,0.5075038075447083,-0.04712330549955368,0.5050410628318787,0.4924965798854828,-0.11279021203517914,0.5757308602333069,0.5112608671188354,-0.12443501502275467,0.6326413750648499,0.5279768705368042,-0.11635252088308334,0.49765563011169434,0.5722400546073914,-0.04739765450358391,0.525400698184967,0.5604401230812073,-0.10555192083120346,0.5937982201576233,0.5713701248168945,-0.09572932124137878,0.6423323750495911,0.5824902057647705,-0.07332952320575714,0.5043962001800537,0.6333545446395874,-0.05187511071562767,0.5405070781707764,0.6195892095565796,-0.09358702600002289,0.5965534448623657,0.6228103637695312,-0.09177225828170776,0.6316284537315369,0.6254591345787048,-0.07875289767980576
0.673560380935669,0.6222395300865173,-1.460967382627132e-07,0.6727954745292664,0.5222477912902832,-0.03973576799035072,0.6152920126914978,0.4420241713523865,-0.05908273905515671,0.5450351238250732,0.42084622383117676,-0.07545188814401627,0.49180111289024353,0.44757360219955444,-0.09094537049531937,0.5199523568153381,0.4395945072174072,-0.051065221428871155,0.43335971236228943,0.41086047887802124,-0.08774053305387497,0.3736221492290497,0.3989620804786682,-0.10799019038677216,0.32278215885162354,0.38976144790649414,-0.12132098525762558,0.4992629587650299,0.5078991651535034,-0.04780568554997444,0.5065301656723022,0.490973562002182,-0.11343194544315338,0.5762362480163574,0.5119102597236633,-0.12523779273033142,0.632270336151123,0.5310173034667969,-0.11745434254407883,0.495515376329422,0.5725087523460388,-0.047917235642671585,0.5250317454338074,0.5587746500968933,-0.10561453551054001,0.5921846032142639,0.5711742043495178,-0.09557919204235077,0.6401240825653076,0.5833726525306702,-0.07332900166511536,0.5022754073143005,0.6334161162376404,-0.05222702771425247,0.53902667760849,0.6184653043746948,-0.0937538892030716,0.5945197939872742,0.6227941513061523,-0.09177422523498535,0.6291196942329407,0.6260695457458496,-0.07871337234973907
0.6727126836776733,0.623676061630249,-1.662487250086997e-07,0.6724952459335327,0.5240343809127808,-0.039049454033374786,0.6144116520881653,0.4427497386932373,-0.05759044364094734,0.5440680384635925,0.4210462272167206,-0.07321281731128693,0.4914667308330536,0.4489164352416992,-0.08794153481721878,0.5201187133789062,0.44085848331451416,-0.05000143498182297,0.4324623942375183,0.41147980093955994,-0.08601194620132446,0.3725598156452179,0.3990817070007324,-0.10582399368286133,0.3219706416130066,0.3896704316139221,-0.11891768127679825,0.49990060925483704,0.5085774660110474,-0.04668359085917473,0.5062310099601746,0.49139952659606934,-0.11194523423910141,0.576216995716095,0.5130133628845215,-0.1234658807516098,0.6329222917556763,0.5329075455665588,-0.11544264853000641,0.4962819516658783,0.5719900727272034,-0.046687982976436615,0.5241746306419373,0.5585159063339233,-0.10348500311374664,0.5905537009239197,0.5709167718887329,-0.09326019138097763,0.6383948922157288,0.5836026668548584,-0.07105087488889694,0.5028966665267944,0.6319499611854553,-0.05088024586439133,0.5381098389625549,0.6174057722091675,-0.09189388900995255,0.5929503440856934,0.6222336888313293,-0.08993332087993622,0.6274397373199463,0.6261058449745178,-0.07698149979114532
0.6701664924621582,0.6281331777572632,-1.8237659560327302e-07,0.6721127033233643,0.5294371247291565,-0.037569064646959305,0.6148861050605774,0.4461900591850281,-0.05520455539226532,0.5447474718093872,0.42216813564300537,-0.07011988013982773,0.4920109808444977,0.4478176236152649,-0.08433082699775696,0.5190785527229309,0.44226494431495667,-0.04915474355220795,0.43229973316192627,0.41205036640167236,-0.08357526361942291,0.3723776638507843,0.39951300621032715,-0.10235565900802612,0.3216491937637329,0.3901536464691162,-0.11499350517988205,0.49806585907936096,0.5088109970092773,-0.04624618589878082,0.5078492760658264,0.4928986728191376,-0.10941479355096817,0.5765184164047241,0.514342188835144,-0.12053222954273224,0.6314418911933899,0.5342069268226624,-0.11291619390249252,0.4944188892841339,0.5719559192657471,-0.046352218836545944,0.5246155858039856,0.5598213076591492,-0.10189352929592133,0.590233325958252,0.5724726915359497,-0.09201584756374359,0.6371170282363892,0.5856464505195618,-0.07057776302099228,0.501081645488739,0.6317311525344849,-0.05049067735671997,0.538101851940155,0.61751389503479,-0.09109686315059662,0.5933841466903687,0.6232981085777283,-0.08930111676454544,0.6281414031982422,0.628257155418396,-0.07665877789258957
0.670124888420105,0.6261381506919861,-1.5411870890602586e-07,0.6698436737060547,0.5274264216423035,-0.038029398769140244,0.6132166385650635,0.4447583854198456,-0.056043367832899094,0.543768048286438,0.42162737250328064,-0.07135855406522751,0.49128544330596924,0.4489871859550476,-0.08588587492704391,0.5189129710197449,0.4432145953178406,-0.04828251153230667,0.43135178089141846,0.41316378116607666,-0.08340630680322647,0.3715819716453552,0.40068721771240234,-0.10275347530841827,0.32083040475845337,0.39153194427490234,-0.11548437178134918,0.4984098970890045,0.5099537968635559,-0.04524235799908638,0.5050057172775269,0.4950081706047058,-0.10893417149782181,0.5737103223800659,0.5165480375289917,-0.12037734687328339,0.6286892890930176,0.535607635974884,-0.1126663014292717,0.4944789707660675,0.5735506415367126,-0.045388538390398026,0.5222008228302002,0.5621004104614258,-0.10167691111564636,0.5879634618759155,0.5747822523117065,-0.09200787544250488,0.6350386142730713,0.5869397521018982,-0.07025285065174103,0.5006465315818787,0.6339752674102783,-0.049538854509592056,0.5349633097648621,0.6203193664550781,-0.09014775604009628,0.5897898077964783,0.6247275471687317,-0.08795875310897827,0.624674379825592,0.6279425024986267,-0.07486306130886078
0.6692042946815491,0.6307996511459351,-1.7219953463154525e-07,0.6695407629013062,0.5322741270065308,-0.03717954084277153,0.6116520762443542,0.4480656385421753,-0.05432290583848953,0.5413601994514465,0.4232100248336792,-0.06886856257915497,0.4884430170059204,0.4491710066795349,-0.08280521631240845,0.5179027915000916,0.4473075270652771,-0.04814581945538521,0.430799663066864,0.41541218757629395,-0.0824323296546936,0.37047120928764343,0.4031258821487427,-0.10134170949459076,0.31884098052978516,0.3939379155635834,-0.11408140510320663,0.4972228705883026,0.5136972665786743,-0.04520989954471588,0.5051474571228027,0.4965445101261139,-0.10808694362640381,0.5740088820457458,0.5193141102790833,-0.11900092661380768,0.629324197769165,0.5390408635139465,-0.11140149086713791,0.4933391809463501,0.5771567225456238,-0.045303285121917725,0.5203393697738647,0.562580406665802,-0.10053975880146027,0.5858650207519531,0.5758237242698669,-0.08992188423871994,0.6335863471031189,0.5886870622634888,-0.06801234930753708,0.4995391070842743,0.6383640766143799,-0.04937804490327835,0.5315448045730591,0.621504545211792,-0.08950117975473404,0.5856884121894836,0.6255428194999695,-0.08675921708345413,0.6207504272460938,0.6293600797653198,-0.0735161080956459
0.6685776710510254,0.6335797905921936,-1.787807661912666e-07,0.6688488721847534,0.5339018702507019,-0.03787193447351456,0.6112944483757019,0.4511784315109253,-0.055616624653339386,0.5411123037338257,0.428947389125824,-0.07076557725667953,0.48902031779289246,0.4557843804359436,-0.08519876003265381,0.5160419940948486,0.4501328468322754,-0.04817986488342285,0.42693424224853516,0.42267748713493347,-0.08297622948884964,0.36603596806526184,0.411335289478302,-0.1023198738694191,0.31471681594848633,0.4035317897796631,-0.11522703617811203,0.49649545550346375,0.5167951583862305,-0.045171335339546204,0.5035755038261414,0.5051259398460388,-0.10846908390522003,0.5716565251350403,0.5269415378570557,-0.12015483528375626,0.6261492371559143,0.545229971408844,-0.11290011554956436,0.4937795400619507,0.5801434516906738,-0.04527704045176506,0.5208838582038879,0.5702049732208252,-0.10110563039779663,0.5856472849845886,0.5829038619995117,-0.09134407341480255,0.6323598027229309,0.5945925116539001,-0.06983424723148346,0.5011396408081055,0.6406354308128357,-0.04940269514918327,0.5340293049812317,0.627815306186676,-0.09002544730901718,0.5881778597831726,0.6320862174034119,-0.08771155029535294,0.6230812668800354,0.6345787644386292,-0.07456254959106445
0.6678927540779114,0.635292112827301,-1.6513254763594887e-07,0.6688406467437744,0.5361693501472473,-0.03770248219370842,0.6123902201652527,0.4545659124851227,-0.0553642138838768,0.5426751971244812,0.43199920654296875,-0.0707494392991066,0.4905667304992676,0.4564211070537567,-0.08533778041601181,0.5167424082756042,0.4531024098396301,-0.04699597880244255,0.4268319010734558,0.4240964353084564,-0.08213157206773758,0.36580830812454224,0.41328173875808716,-0.10178804397583008,0.3140237629413605,0.4061024487018585,-0.11501584947109222,0.49871379137039185,0.520268440246582,-0.04439571872353554,0.5024269223213196,0.5073391795158386,-0.10842011123895645,0.571915328502655,0.5267563462257385,-0.12052871286869049,0.6269546151161194,0.5424566268920898,-0.11362184584140778,0.4962182343006134,0.5835879445075989,-0.04504631087183952,0.5184100866317749,0.5718552470207214,-0.10185262560844421,0.5846572518348694,0.5823084115982056,-0.09185374528169632,0.6322181224822998,0.5922077298164368,-0.07007206976413727,0.5031725764274597,0.6444836854934692,-0.04969828203320503,0.5318331718444824,0.6300061941146851,-0.09116292744874954,0.5860727429389954,0.6317080855369568,-0.0887155681848526,0.6212217807769775,0.6320787072181702,-0.07542175054550171
0.668225884437561,0.6380147337913513,-1.627559385042332e-07,0.6698815822601318,0.5380228161811829,-0.037683792412281036,0.6133124232292175,0.4558345079421997,-0.05489170923829079,0.5441591739654541,0.4323562979698181,-0.069854736328125,0.492307186126709,0.45693108439445496,-0.08393273502588272,0.5186232924461365,0.4562085270881653,-0.0460049994289875,0.4270901083946228,0.42634132504463196,-0.0811355710029602,0.3657993674278259,0.4151298701763153,-0.10042907297611237,0.31390857696533203,0.4076418876647949,-0.11326975375413895,0.5016623139381409,0.5240926146507263,-0.04355200007557869,0.4991925060749054,0.5098531246185303,-0.10827365517616272,0.5688856244087219,0.529514729976654,-0.12045222520828247,0.624570906162262,0.5452593564987183,-0.1130276694893837,0.4991324841976166,0.5870832204818726,-0.0444004163146019,0.5169637799263,0.5739300847053528,-0.10220825672149658,0.584374189376831,0.584784746170044,-0.09223602712154388,0.6321856379508972,0.5951300859451294,-0.06993331760168076,0.5058111548423767,0.6472392082214355,-0.04915979877114296,0.5322974324226379,0.6319243311882019,-0.09113121032714844,0.5877036452293396,0.6351221203804016,-0.08847932517528534,0.6233882308006287,0.6365715861320496,-0.0748400017619133
0.6688305735588074,0.6412108540534973,-1.633771233855441e-07,0.6718885898590088,0.5412633419036865,-0.03829680755734444,0.6144700646400452,0.45789214968681335,-0.055197734385728836,0.5434805750846863,0.4334866404533386,-0.06981721520423889,0.4902074337005615,0.45651519298553467,-0.08369556069374084,0.519677460193634,0.4565718173980713,-0.045069608837366104,0.42802858352661133,0.4264222979545593,-0.07992137223482132,0.36625906825065613,0.41598382592201233,-0.09944474697113037,0.31392768025398254,0.4085736870765686,-0.11268574744462967,0.5037087798118591,0.524047315120697,-0.042410511523485184,0.4986836910247803,0.5110552906990051,-0.10740482062101364,0.5672727227210999,0.5311660170555115,-0.1205754429101944,0.6223503947257996,0.5463242530822754,-0.11390053480863571,0.5014736652374268,0.5871501564979553,-0.043113306164741516,0.5159550905227661,0.5754615068435669,-0.1017034500837326,0.5832781791687012,0.5868985652923584,-0.09217401593923569,0.6312119364738464,0.5968628525733948,-0.07004818320274353,0.5080474615097046,0.6481145620346069,-0.04769052937626839,0.5305485725402832,0.6330881118774414,-0.09074708819389343,0.5861631631851196,0.6362981796264648,-0.08821137249469757,0.6225373148918152,0.6374750733375549,-0.07450127601623535
0.6678481101989746,0.6446569561958313,-1.7368887483826256e-07,0.6724614500999451,0.5455459952354431,-0.03722695633769035,0.6153926849365234,0.46083909273147583,-0.052587591111660004,0.5434274077415466,0.4354035556316376,-0.06625542044639587,0.4897170960903168,0.4545729458332062,-0.0792241021990776,0.5202656984329224,0.45884156227111816,-0.03954977169632912,0.4284377992153168,0.42634913325309753,-0.07251546531915665,0.36747124791145325,0.4152758717536926,-0.09113720059394836,0.3159618377685547,0.40674853324890137,-0.10407640784978867,0.5072748064994812,0.5265212059020996,-0.03746964782476425,0.4963381290435791,0.5119078755378723,-0.1018052026629448,0.5652257204055786,0.5325220823287964,-0.11573496460914612,0.620511531829834,0.5478664636611938,-0.10974349826574326,0.5061920285224915,0.5893864631652832,-0.03887860104441643,0.5114027261734009,0.575689435005188,-0.09841285645961761,0.5804481506347656,0.5881945490837097,-0.08935999125242233,0.6298028826713562,0.5986637473106384,-0.06721686571836472,0.5129790902137756,0.6511046886444092,-0.043844807893037796,0.5250170826911926,0.634268581867218,-0.08822841197252274,0.5813379287719727,0.6372089982032776,-0.08549828082323074,0.6196185946464539,0.6383702158927917,-0.0714886412024498
0.6686175465583801,0.6505297422409058,-1.524647927908518e-07,0.6746381521224976,0.5526222586631775,-0.03763015940785408,0.6219145655632019,0.4667973816394806,-0.053043805062770844,0.5539471507072449,0.4341633915901184,-0.06721745431423187,0.5009217262268066,0.4427472949028015,-0.08059384673833847,0.5232266783714294,0.46340134739875793,-0.038578275591135025,0.42946064472198486,0.4272659420967102,-0.07193344086408615,0.36785805225372314,0.4140864908695221,-0.09076214581727982,0.3161062002182007,0.40304845571517944,-0.10368545353412628,0.5120129585266113,0.5309225916862488,-0.03683233633637428,0.4933772087097168,0.5132837295532227,-0.10188495367765427,0.5612789392471313,0.5353567600250244,-0.11680078506469727,0.6169989109039307,0.5502721667289734,-0.11117249727249146,0.5113523006439209,0.5941998362541199,-0.03874926269054413,0.5084084868431091,0.5779621601104736,-0.0998622328042984,0.5776866674423218,0.5919113755226135,-0.09158988296985626,0.6278093457221985,0.6015943288803101,-0.06922167539596558,0.5178308486938477,0.656427264213562,-0.044076837599277496,0.5222786068916321,0.6380323767662048,-0.08944029361009598,0.5782551765441895,0.6403016448020935,-0.08657301217317581,0.6178467273712158,0.6401299238204956,-0.07203559577465057
