0.195242241024971,0.755843460559845,8.393087824742906e-08,0.2857016623020172,0.7407224178314209,-0.044594258069992065,0.37928831577301025,0.6782503724098206,-0.07379577308893204,0.45725128054618835,0.6376094222068787,-0.10160812735557556,0.5194783210754395,0.6261587738990784,-0.12974119186401367,0.3357640206813812,0.4850001335144043,-0.06902096420526505,0.36298394203186035,0.3620406985282898,-0.11107243597507477,0.3832221031188965,0.27534210681915283,-0.13575667142868042,0.40110987424850464,0.20466703176498413,-0.15200123190879822,0.2690308094024658,0.44676631689071655,-0.06727825105190277,0.2786827087402344,0.49628421664237976,-0.1341886818408966,0.2717371881008148,0.6059883236885071,-0.1460195928812027,0.26508256793022156,0.6863659620285034,-0.13886204361915588,0.2055238038301468,0.4506603479385376,-0.0684686005115509,0.2143760621547699,0.5408802032470703,-0.12220796197652817,0.21670953929424286,0.6333182454109192,-0.10950567573308945,0.21874132752418518,0.6936990022659302,-0.08655407279729843,0.14685840904712677,0.4740164279937744,-0.07510495185852051,0.15702754259109497,0.5393401384353638,-0.10632157325744629,0.167882040143013,0.613551914691925,-0.0962456539273262,0.17730183899402618,0.6554949283599854,-0.07789750397205353
0.23629558086395264,0.7752171158790588,-1.0378034431823835e-08,0.32584699988365173,0.7613895535469055,-0.0464010164141655,0.41879844665527344,0.7028656601905823,-0.07855534553527832,0.496341735124588,0.6702451109886169,-0.10932368785142899,0.5573469996452332,0.6622153520584106,-0.14026565849781036,0.3673969507217407,0.4974988102912903,-0.07250833511352539,0.3701310455799103,0.36073875427246094,-0.11421486735343933,0.36878231167793274,0.26684027910232544,-0.1381712555885315,0.3671177625656128,0.1876201331615448,-0.15401525795459747,0.301425963640213,0.46454301476478577,-0.07020437717437744,0.31431499123573303,0.5085792541503906,-0.13778391480445862,0.31331920623779297,0.6250001788139343,-0.14924687147140503,0.3083471655845642,0.7084149718284607,-0.14171747863292694,0.23846688866615295,0.47126519680023193,-0.07051210850477219,0.24995887279510498,0.5503121614456177,-0.12699918448925018,0.25501734018325806,0.6508855819702148,-0.11386751383543015,0.25803953409194946,0.7196558713912964,-0.0894317552447319,0.18003003299236298,0.49445927143096924,-0.07617764174938202,0.194572314620018,0.5514217019081116,-0.11044713109731674,0.20568937063217163,0.632757306098938,-0.1003149151802063,0.21390914916992188,0.6838587522506714,-0.08103110641241074
0.2288980782032013,0.7704649567604065,1.0083161861018652e-08,0.32169511914253235,0.7608695030212402,-0.04666893556714058,0.4184497594833374,0.7059459686279297,-0.0787867084145546,0.4996801018714905,0.6798357963562012,-0.10947475582361221,0.5623887777328491,0.6787822842597961,-0.140669584274292,0.3695805072784424,0.49663645029067993,-0.07372481375932693,0.3776601254940033,0.3595234751701355,-0.1154949888586998,0.37997332215309143,0.2653423547744751,-0.13956968486309052,0.3812471032142639,0.18666204810142517,-0.1554017961025238,0.30306440591812134,0.4599117040634155,-0.07135169208049774,0.31328994035720825,0.5025188326835632,-0.13865628838539124,0.30824804306030273,0.6205490827560425,-0.14947564899921417,0.3002174198627472,0.7057037949562073,-0.14144203066825867,0.23890924453735352,0.46567168831825256,-0.07161952555179596,0.24805770814418793,0.5437972545623779,-0.12806649506092072,0.24995020031929016,0.6448900103569031,-0.11512428522109985,0.2503780722618103,0.7139061093330383,-0.09075852483510971,0.17984525859355927,0.4884626567363739,-0.07710383087396622,0.1927081197500229,0.5429427623748779,-0.11063095182180405,0.20055854320526123,0.6250802278518677,-0.09956000000238419,0.20609943568706512,0.6770744323730469,-0.07976137101650238
0.232112854719162,0.7625222206115723,1.3585817804084854e-08,0.32424700260162354,0.7538356781005859,-0.0480247400701046,0.420829713344574,0.7017784118652344,-0.08066587150096893,0.5009551048278809,0.6763743162155151,-0.111702099442482,0.5624707937240601,0.6729688048362732,-0.14307673275470734,0.36990392208099365,0.4889219403266907,-0.07328823208808899,0.3786717355251312,0.35226523876190186,-0.1144680306315422,0.38309791684150696,0.2591570019721985,-0.1382385492324829,0.38582584261894226,0.18077963590621948,-0.1539222151041031,0.303583025932312,0.45279842615127563,-0.07040863484144211,0.31299152970314026,0.4950397312641144,-0.13723500072956085,0.30942094326019287,0.6133913397789001,-0.1484335958957672,0.30174490809440613,0.6969740986824036,-0.14066247642040253,0.23954448103904724,0.45813649892807007,-0.0702170804142952,0.2480030059814453,0.5344650745391846,-0.12719406187534332,0.2500169277191162,0.6369065642356873,-0.11460905522108078,0.2500748634338379,0.704393208026886,-0.0901753231883049,0.18107008934020996,0.4796178638935089,-0.07527680695056915,0.19350937008857727,0.531964123249054,-0.10960818082094193,0.2018905133008957,0.6152562499046326,-0.09872225672006607,0.20722757279872894,0.666928231716156,-0.07873887568712234
0.22841231524944305,0.7599189281463623,-1.7761058179743827e-09,0.32137006521224976,0.7515404224395752,-0.04809172824025154,0.4195367097854614,0.7013972401618958,-0.08124692738056183,0.5009164810180664,0.678510844707489,-0.11315591633319855,0.5642696619033813,0.6775278449058533,-0.14544150233268738,0.37030765414237976,0.48593103885650635,-0.07162688672542572,0.37740612030029297,0.34921780228614807,-0.11269882321357727,0.3822774291038513,0.25575485825538635,-0.13709762692451477,0.3850988447666168,0.1771397888660431,-0.15364482998847961,0.3046094477176666,0.448679119348526,-0.06905635446310043,0.30850446224212646,0.49480363726615906,-0.135893315076828,0.30365797877311707,0.612855076789856,-0.1484765261411667,0.2951681911945343,0.6954420804977417,-0.1421462595462799,0.2408466637134552,0.4532245397567749,-0.0693114846944809,0.24512359499931335,0.5326141715049744,-0.12634781002998352,0.24736687541007996,0.6334006190299988,-0.11476287245750427,0.24815164506435394,0.6997168660163879,-0.09138453751802444,0.18200187385082245,0.4745660424232483,-0.07492804527282715,0.19173331558704376,0.52987140417099,-0.10987157374620438,0.1995309740304947,0.6122797727584839,-0.09997744858264923,0.20532995462417603,0.6629652976989746,-0.0808093324303627
0.22334104776382446,0.7528833746910095,-3.3232584684128597e-08,0.32093897461891174,0.7449109554290771,-0.04900238290429115,0.42174556851387024,0.6977130770683289,-0.08318309485912323,0.506394624710083,0.6824747323989868,-0.11582708358764648,0.5715630650520325,0.6852170825004578,-0.14883428812026978,0.37608712911605835,0.4734656810760498,-0.07253723591566086,0.37890681624412537,0.3349969983100891,-0.11431273072957993,0.3782618045806885,0.23941034078598022,-0.1407434344291687,0.3750334084033966,0.15875369310379028,-0.15937723219394684,0.3093954920768738,0.433064341545105,-0.07001948356628418,0.30088481307029724,0.48490068316459656,-0.13702648878097534,0.2939894199371338,0.6038296222686768,-0.15111330151557922,0.28609925508499146,0.6840529441833496,-0.1466606855392456,0.24283087253570557,0.4353944957256317,-0.07040569931268692,0.23512941598892212,0.5182159543037415,-0.12710681557655334,0.2389080673456192,0.6198275089263916,-0.11580569297075272,0.2423534095287323,0.6852908134460449,-0.09341077506542206,0.1810566931962967,0.4548761248588562,-0.07641340047121048,0.1807425171136856,0.5118264555931091,-0.11256244033575058,0.18931451439857483,0.5972588658332825,-0.10268093645572662,0.19754593074321747,0.649326741695404,-0.08339077234268188
0.21846769750118256,0.7531790137290955,-3.113719770908574e-08,0.3181402087211609,0.7470382452011108,-0.0503949411213398,0.41955676674842834,0.7020810842514038,-0.08642926067113876,0.5052052140235901,0.6852209568023682,-0.12090019136667252,0.5721103549003601,0.6873558759689331,-0.15528729557991028,0.3790781795978546,0.47144925594329834,-0.07360312342643738,0.37916508316993713,0.33030766248703003,-0.11677553504705429,0.37704306840896606,0.23222699761390686,-0.14398063719272614,0.3730579614639282,0.15067973732948303,-0.16320310533046722,0.3105369806289673,0.4284522831439972,-0.07168976962566376,0.29887595772743225,0.4842049479484558,-0.14066846668720245,0.2915668487548828,0.605341911315918,-0.15546202659606934,0.28464779257774353,0.6864978671073914,-0.15124544501304626,0.2415436953306198,0.42989882826805115,-0.07293835282325745,0.23113882541656494,0.5187126994132996,-0.13193386793136597,0.23475521802902222,0.6219106316566467,-0.12042523175477982,0.2394656240940094,0.6874878406524658,-0.09756379574537277,0.17715418338775635,0.44976088404655457,-0.07999926805496216,0.17583955824375153,0.5093072056770325,-0.11792989820241928,0.18499107658863068,0.598120927810669,-0.10790107399225235,0.1945805847644806,0.6518106460571289,-0.08824725449085236
0.2196982502937317,0.7494310736656189,9.31639765333614e-10,0.3191537857055664,0.7412458062171936,-0.050781361758708954,0.42279747128486633,0.6942906379699707,-0.0869397222995758,0.5092885494232178,0.6762915253639221,-0.12118299305438995,0.5753882527351379,0.673565685749054,-0.15493357181549072,0.3774462044239044,0.4646161198616028,-0.0737692341208458,0.37592190504074097,0.32104194164276123,-0.1182093620300293,0.37286415696144104,0.2238641083240509,-0.1456829309463501,0.36847978830337524,0.1447986662387848,-0.16433334350585938,0.3070753812789917,0.4248042106628418,-0.07116290181875229,0.3002672791481018,0.4780362546443939,-0.1400371789932251,0.29617953300476074,0.6009654998779297,-0.15370307862758636,0.292682021856308,0.6799538731575012,-0.1483556181192398,0.2374291718006134,0.4273892641067505,-0.07199448347091675,0.2320103496313095,0.5135589838027954,-0.13054268062114716,0.23911863565444946,0.6145220398902893,-0.11786849051713943,0.24622103571891785,0.6737234592437744,-0.09427991509437561,0.17292439937591553,0.44684267044067383,-0.0785011425614357,0.17583410441875458,0.5019998550415039,-0.114024817943573,0.18804889917373657,0.587925136089325,-0.1016841009259224,0.19859479367733002,0.6358664035797119,-0.08085057139396667
0.2679721713066101,0.6979816555976868,-3.528526448803859e-08,0.34985435009002686,0.6813616752624512,-0.040883179754018784,0.43828195333480835,0.6291449069976807,-0.06969761103391647,0.5121470093727112,0.6044458746910095,-0.09712910652160645,0.5690177083015442,0.600569486618042,-0.124748095870018,0.38847973942756653,0.44324007630348206,-0.06548590213060379,0.38954582810401917,0.32126519083976746,-0.1020934209227562,0.3882473111152649,0.237432599067688,-0.12397207319736481,0.38743504881858826,0.16816219687461853,-0.1387975811958313,0.3280212879180908,0.41558194160461426,-0.0639316514134407,0.3362594246864319,0.45629653334617615,-0.12193424254655838,0.3343925178050995,0.5585622787475586,-0.1317366510629654,0.32935968041419983,0.6282958984375,-0.12584468722343445,0.2698245048522949,0.4238663613796234,-0.0644855946302414,0.2796841859817505,0.4896852672100067,-0.11195170134305954,0.2846469581127167,0.5762766599655151,-0.09844158589839935,0.2865491509437561,0.6315122842788696,-0.07674586027860641,0.215333491563797,0.44577619433403015,-0.06990039348602295,0.22837145626544952,0.4887763261795044,-0.0971488356590271,0.23866261541843414,0.5580212473869324,-0.08510230481624603,0.24472342431545258,0.5990220308303833,-0.0666605532169342
0.2838779091835022,0.6912325620651245,-4.54347803824362e-09,0.3604811131954193,0.6758763790130615,-0.038276392966508865,0.4433805048465729,0.6270923018455505,-0.06544153392314911,0.5139521956443787,0.6018593311309814,-0.09154780954122543,0.5676978826522827,0.5993268489837646,-0.11855047196149826,0.3931379020214081,0.44943639636039734,-0.06344694644212723,0.3968600928783417,0.33604657649993896,-0.09716077893972397,0.3991299867630005,0.2571474015712738,-0.11732248961925507,0.40117141604423523,0.19234302639961243,-0.1308005303144455,0.3356878161430359,0.422103613615036,-0.061689846217632294,0.34084320068359375,0.4646693766117096,-0.1170816645026207,0.33894044160842896,0.5596221089363098,-0.12739834189414978,0.33476459980010986,0.6310599446296692,-0.12192727625370026,0.2821495831012726,0.4297226369380951,-0.06155599653720856,0.2881828546524048,0.5000802874565125,-0.10699351131916046,0.2945237457752228,0.5793055891990662,-0.09829016029834747,0.29934024810791016,0.6370391845703125,-0.07972194254398346,0.2334991693496704,0.45069560408592224,-0.06583282351493835,0.2438291758298874,0.497925728559494,-0.09321007877588272,0.2547746002674103,0.5643842220306396,-0.0856286883354187,0.26374661922454834,0.6092735528945923,-0.07007014006376266
0.2912464141845703,0.6744890809059143,-5.5761191219971806e-08,0.3677002191543579,0.6623005867004395,-0.038666561245918274,0.45123711228370667,0.6118677258491516,-0.0636601448059082,0.5184723734855652,0.5850433707237244,-0.08796679228544235,0.5705153942108154,0.5790011882781982,-0.1130366250872612,0.3995022177696228,0.4376789331436157,-0.05533444136381149,0.40479356050491333,0.32884514331817627,-0.08777894079685211,0.4067603349685669,0.2529674470424652,-0.10735252499580383,0.40885013341903687,0.19086498022079468,-0.12010416388511658,0.3442343771457672,0.41658851504325867,-0.053850576281547546,0.3547013998031616,0.4440738558769226,-0.11000321805477142,0.35082316398620605,0.5416800379753113,-0.1213613748550415,0.3427696228027344,0.6118131875991821,-0.11555281281471252,0.29165711998939514,0.4264891743659973,-0.05467293784022331,0.3021666705608368,0.4701813757419586,-0.10307484120130539,0.3050602376461029,0.5573837161064148,-0.09359930455684662,0.3051932454109192,0.6168239712715149,-0.07266262173652649,0.2429211586713791,0.4471297562122345,-0.05962767079472542,0.2577213644981384,0.46018198132514954,-0.08799663186073303,0.2659621238708496,0.5187458992004395,-0.0779268741607666,0.2683241069316864,0.558981716632843,-0.06022051349282265
0.30414628982543945,0.6716330051422119,-4.532581243665845e-08,0.37666502594947815,0.6567062735557556,-0.0344277024269104,0.45672330260276794,0.6053478121757507,-0.057762257754802704,0.5234150290489197,0.578532874584198,-0.08093922585248947,0.5733004212379456,0.5746304988861084,-0.10497449338436127,0.4081719219684601,0.4421698749065399,-0.053267862647771835,0.4141576588153839,0.3374793529510498,-0.08421396464109421,0.4173223078250885,0.26667898893356323,-0.10215689986944199,0.4215066134929657,0.20794528722763062,-0.1137419193983078,0.35687461495399475,0.4181825816631317,-0.0524032898247242,0.3671737015247345,0.4505311846733093,-0.10486417263746262,0.3629549741744995,0.5425466299057007,-0.11435358971357346,0.35620617866516113,0.609660267829895,-0.1080055981874466,0.3077617287635803,0.42555126547813416,-0.053310491144657135,0.3170732259750366,0.4789343774318695,-0.09758121520280838,0.3188212215900421,0.5603260397911072,-0.08753035217523575,0.3192238211631775,0.6165001392364502,-0.06739926338195801,0.26196831464767456,0.44457635283470154,-0.05814902111887932,0.2745954692363739,0.4743870198726654,-0.08345817029476166,0.28344056010246277,0.535666286945343,-0.0739019438624382,0.28868138790130615,0.5768216252326965,-0.057198476046323776
0.30891966819763184,0.664632260799408,-4.176647916409593e-09,0.3783344030380249,0.652637779712677,-0.034647975116968155,0.45689719915390015,0.6031407117843628,-0.05815579742193222,0.5218032598495483,0.5762515068054199,-0.08117976784706116,0.5709128379821777,0.5702381134033203,-0.10519254207611084,0.4090500473976135,0.44439029693603516,-0.05293438211083412,0.4174855053424835,0.34202373027801514,-0.08392075449228287,0.4229948818683624,0.2716156244277954,-0.10226672142744064,0.4285133481025696,0.2146807312965393,-0.11397203803062439,0.3577272295951843,0.4223613142967224,-0.051882170140743256,0.3726120889186859,0.45273357629776,-0.10468894243240356,0.3685116767883301,0.5435092449188232,-0.11450062692165375,0.36064761877059937,0.6115153431892395,-0.10841136425733566,0.30922365188598633,0.4302264451980591,-0.052745986729860306,0.3232283592224121,0.4796498417854309,-0.09731642156839371,0.32450762391090393,0.5602244734764099,-0.0875004231929779,0.3239250183105469,0.6177871823310852,-0.06767413765192032,0.2646321952342987,0.44972848892211914,-0.05742362141609192,0.28077125549316406,0.4778260886669159,-0.0838155597448349,0.28730615973472595,0.5407983064651489,-0.07457287609577179,0.2898416817188263,0.5845098495483398,-0.0580776110291481
0.29985857009887695,0.6709631681442261,-1.708768770924962e-08,0.37014642357826233,0.6614447832107544,-0.037703003734350204,0.44727176427841187,0.6147737503051758,-0.06337154656648636,0.5137489438056946,0.5931232571601868,-0.08792993426322937,0.563913881778717,0.5901370644569397,-0.11327888816595078,0.4022427499294281,0.44847527146339417,-0.05683794245123863,0.4055280089378357,0.3420161008834839,-0.08923061937093735,0.40714290738105774,0.2683779001235962,-0.10905657708644867,0.40713322162628174,0.2067762315273285,-0.12213395535945892,0.3506740927696228,0.4269852340221405,-0.05461503937840462,0.36145415902137756,0.46098870038986206,-0.10909765958786011,0.3603893518447876,0.5569326281547546,-0.11934835463762283,0.3541697561740875,0.6263022422790527,-0.11351361870765686,0.30212870240211487,0.43502938747406006,-0.05442403629422188,0.31361106038093567,0.4892440438270569,-0.09986253827810287,0.3172979950904846,0.5718069672584534,-0.09000632911920547,0.31722745299339294,0.6295254230499268,-0.07019580155611038,0.2568906545639038,0.45404118299484253,-0.05847274884581566,0.2726209759712219,0.4899159073829651,-0.08612774312496185,0.28021419048309326,0.5561062097549438,-0.07754046469926834,0.2835761308670044,0.6000533103942871,-0.061275776475667953
0.2974705100059509,0.6718586683273315,-1.2498516888115319e-08,0.3695635497570038,0.6640191078186035,-0.037356581538915634,0.4490278959274292,0.6175611615180969,-0.06271225959062576,0.5174599885940552,0.5978575944900513,-0.08709652721881866,0.5679618716239929,0.5971581935882568,-0.11244777590036392,0.4036293923854828,0.44826188683509827,-0.057313013821840286,0.409817099571228,0.33921027183532715,-0.08921906352043152,0.4128190875053406,0.2648123502731323,-0.10836095362901688,0.4137897193431854,0.20220020413398743,-0.12093661725521088,0.35105907917022705,0.42556649446487427,-0.0551617331802845,0.3628791868686676,0.45942285656929016,-0.11003213375806808,0.36049413681030273,0.5561807751655579,-0.12029832601547241,0.3532358407974243,0.6266909241676331,-0.11417568475008011,0.30217093229293823,0.43229231238365173,-0.05486501008272171,0.31510189175605774,0.48822376132011414,-0.10075123608112335,0.3174037039279938,0.5723368525505066,-0.09140633046627045,0.31635648012161255,0.6314711570739746,-0.07160653918981552,0.25724631547927856,0.4501500129699707,-0.058752428740262985,0.2746344804763794,0.4892503023147583,-0.0868954136967659,0.2811383008956909,0.5576346516609192,-0.07881229370832443,0.2841106355190277,0.6034488677978516,-0.06265124678611755
0.29667553305625916,0.6768614053726196,-2.9322908545736937e-08,0.36964207887649536,0.6690162420272827,-0.03813405707478523,0.4482659697532654,0.6232424974441528,-0.06411503255367279,0.5166643857955933,0.6043691635131836,-0.08919966220855713,0.5673742890357971,0.6037171483039856,-0.11509744077920914,0.40584203600883484,0.4531953036785126,-0.05733645334839821,0.40947774052619934,0.3435666561126709,-0.09074176102876663,0.4123188257217407,0.2678435444831848,-0.11073265969753265,0.4131421446800232,0.20469895005226135,-0.12392174452543259,0.3524450361728668,0.4299137592315674,-0.055526003241539,0.36227691173553467,0.46383044123649597,-0.11177468299865723,0.359779953956604,0.5636729598045349,-0.1221783310174942,0.3529794216156006,0.6341152787208557,-0.11607441306114197,0.3014744222164154,0.43707606196403503,-0.05586269870400429,0.3109016418457031,0.49405330419540405,-0.10377445816993713,0.31324729323387146,0.5798743367195129,-0.09408358484506607,0.3130093812942505,0.6375685334205627,-0.07383663207292557,0.25354740023612976,0.4553300738334656,-0.06033754721283913,0.2665499448776245,0.49367886781692505,-0.08951369673013687,0.2728042006492615,0.5635353922843933,-0.08072013407945633,0.2758616507053375,0.6084323525428772,-0.06411105394363403
0.2869272232055664,0.6992935538291931,-3.8992581607999455e-08,0.3625779449939728,0.6906661987304688,-0.04177255928516388,0.44488173723220825,0.6445447206497192,-0.07118982076644897,0.5151845812797546,0.6304653286933899,-0.09932438284158707,0.5679816007614136,0.6327325701713562,-0.12810084223747253,0.40503478050231934,0.46096161007881165,-0.06271658092737198,0.40561193227767944,0.346697062253952,-0.09974562376737595,0.4042080044746399,0.26409876346588135,-0.12313129007816315,0.40198037028312683,0.1963619887828827,-0.13890905678272247,0.3482306897640228,0.43366825580596924,-0.0601474829018116,0.35147592425346375,0.48504844307899475,-0.12060369551181793,0.3482096195220947,0.5897845029830933,-0.1329074203968048,0.3437936305999756,0.6618618369102478,-0.12793530523777008,0.29341772198677063,0.4409009516239166,-0.06014426797628403,0.2964526414871216,0.511743426322937,-0.11086928099393845,0.3008194863796234,0.5995470881462097,-0.10117799043655396,0.3047002851963043,0.6580354571342468,-0.08074869215488434,0.24269816279411316,0.4613633155822754,-0.06478375196456909,0.2500164210796356,0.5056784749031067,-0.09616384655237198,0.2578383684158325,0.5773043036460876,-0.08723677694797516,0.2641531825065613,0.6215247511863708,-0.0699421614408493
0.280582070350647,0.7150965929031372,-5.6052346764090544e-08,0.3604293763637543,0.7055253386497498,-0.041246384382247925,0.4449497163295746,0.6607623100280762,-0.07135752588510513,0.517673134803772,0.6460323333740234,-0.10061411559581757,0.5729000568389893,0.6495941877365112,-0.13092733919620514,0.4029462933540344,0.47042253613471985,-0.06547664850950241,0.40410116314888,0.3531852960586548,-0.10342129319906235,0.4045863449573517,0.26827168464660645,-0.1276112049818039,0.40398934483528137,0.19828635454177856,-0.1437736451625824,0.34474021196365356,0.44079911708831787,-0.0634053573012352,0.34648245573043823,0.49755725264549255,-0.12442757189273834,0.3410293161869049,0.6037942171096802,-0.13696657121181488,0.33423280715942383,0.6785864233970642,-0.1320340633392334,0.2882319688796997,0.4476070702075958,-0.06349356472492218,0.290277898311615,0.5272337198257446,-0.11377708613872528,0.2932325005531311,0.6148727536201477,-0.10397302359342575,0.2952418625354767,0.6756234169006348,-0.08346705883741379,0.23567472398281097,0.4678810238838196,-0.0683264210820198,0.2426043599843979,0.5193434357643127,-0.09878795593976974,0.24994711577892303,0.5915580987930298,-0.08950385451316833,0.25524434447288513,0.6380912661552429,-0.0718107596039772
0.26893359422683716,0.731328010559082,-4.4935941190260564e-08,0.35176825523376465,0.723990797996521,-0.04494430869817734,0.4394114017486572,0.6780005693435669,-0.07651621103286743,0.5147007703781128,0.6588199138641357,-0.10677512735128403,0.5731677412986755,0.658821702003479,-0.13721898198127747,0.39937812089920044,0.4812140464782715,-0.06704536080360413,0.4002058207988739,0.3561934232711792,-0.10704246908426285,0.4000806510448456,0.26934540271759033,-0.13159531354904175,0.3985007107257843,0.19756093621253967,-0.14807920157909393,0.3387724459171295,0.4506017565727234,-0.06457868218421936,0.3400556147098541,0.49910542368888855,-0.1291182041168213,0.33573251962661743,0.6113364696502686,-0.14145882427692413,0.329506516456604,0.6884809732437134,-0.13575364649295807,0.279829740524292,0.4569394588470459,-0.06501871347427368,0.2813565731048584,0.5314035415649414,-0.11910466849803925,0.2854524850845337,0.6244836449623108,-0.10800515115261078,0.2885018587112427,0.685903012752533,-0.08610652387142181,0.22445063292980194,0.4772089719772339,-0.07053060084581375,0.23171944916248322,0.527384340763092,-0.1037050411105156,0.23977139592170715,0.6041184663772583,-0.09439573436975479,0.24654130637645721,0.6511098146438599,-0.07658166438341141
0.26324301958084106,0.7378094792366028,-2.8446057953601667e-08,0.34824317693710327,0.7296549677848816,-0.045769091695547104,0.43703052401542664,0.68235844373703,-0.07783696055412292,0.513333261013031,0.661644697189331,-0.10851387679576874,0.5724905729293823,0.6610983610153198,-0.13937552273273468,0.3961140513420105,0.4824918508529663,-0.06811770051717758,0.3981601595878601,0.3539441227912903,-0.10927245020866394,0.39878565073013306,0.2644695043563843,-0.1345166563987732,0.3975664973258972,0.19015204906463623,-0.1513223648071289,0.33420050144195557,0.4517132639884949,-0.06550968438386917,0.336448073387146,0.4968002438545227,-0.13165442645549774,0.33167099952697754,0.6106756925582886,-0.14439453184604645,0.3247292935848236,0.6899362206459045,-0.13834479451179504,0.274417519569397,0.45759132504463196,-0.06590047478675842,0.2770540416240692,0.5329146385192871,-0.1213964968919754,0.28038644790649414,0.6279911994934082,-0.11047226190567017,0.2828400433063507,0.6905940771102905,-0.08804869651794434,0.21874812245368958,0.4780368506908417,-0.07140720635652542,0.22693577408790588,0.5281568765640259,-0.10530932247638702,0.23466594517230988,0.6065317392349243,-0.09601583331823349,0.24125467240810394,0.6544970273971558,-0.0778670534491539
0.25817441940307617,0.7417773008346558,-3.454522712331709e-08,0.3443973660469055,0.7340840697288513,-0.04632216691970825,0.43533292412757874,0.6855684518814087,-0.07856179028749466,0.5130573511123657,0.6650275588035583,-0.10924066603183746,0.5733062624931335,0.6648602485656738,-0.14012481272220612,0.3939574360847473,0.4833402633666992,-0.06978528201580048,0.3944355845451355,0.3526931405067444,-0.11119740456342697,0.3942568004131317,0.2620782256126404,-0.13642829656600952,0.39224642515182495,0.1870805025100708,-0.15334276854991913,0.33127275109291077,0.4497782289981842,-0.06702543795108795,0.33184948563575745,0.49981582164764404,-0.13454443216323853,0.32678335905075073,0.6172488331794739,-0.14750301837921143,0.31967467069625854,0.6993937492370605,-0.14120198786258698,0.2700217068195343,0.4548753798007965,-0.0672212615609169,0.2700498700141907,0.5356830954551697,-0.12344560027122498,0.2738860249519348,0.632765531539917,-0.11259473115205765,0.27715110778808594,0.6974137425422668,-0.09007304161787033,0.2126183807849884,0.47542423009872437,-0.07263017445802689,0.21878774464130402,0.5320781469345093,-0.1073104739189148,0.2273167222738266,0.6124452948570251,-0.09864415973424911,0.2352256178855896,0.6610827445983887,-0.08075781911611557
0.2523326277732849,0.7478403449058533,-4.4602050053299536e-08,0.3396247625350952,0.740444540977478,-0.048522479832172394,0.4320000112056732,0.6912068724632263,-0.0817641094326973,0.5115626454353333,0.6694732904434204,-0.11321163177490234,0.5733214616775513,0.6677781343460083,-0.1445704996585846,0.39163339138031006,0.4866645336151123,-0.0708279237151146,0.392348974943161,0.35420548915863037,-0.113705113530159,0.3920024037361145,0.2625432014465332,-0.13988426327705383,0.389748215675354,0.18629023432731628,-0.157527357339859,0.32869330048561096,0.45204293727874756,-0.06779113411903381,0.3273468613624573,0.49948474764823914,-0.1365765482187271,0.32167381048202515,0.6188788414001465,-0.14968983829021454,0.3145497441291809,0.6999577283859253,-0.14347784221172333,0.2661741375923157,0.45688676834106445,-0.06808480620384216,0.2644982933998108,0.5357874035835266,-0.12646988034248352,0.26787078380584717,0.6356437802314758,-0.11478553712368011,0.2710820138454437,0.6997508406639099,-0.09131472557783127,0.20726299285888672,0.4774901866912842,-0.07371999323368073,0.2123677283525467,0.5308471322059631,-0.10982188582420349,0.2200729250907898,0.6127592921257019,-0.10014752298593521,0.22684524953365326,0.6614009737968445,-0.08130846172571182
0.24731667339801788,0.7541934847831726,-3.706429652083898e-08,0.33622995018959045,0.7449291348457336,-0.048586100339889526,0.4296138882637024,0.6948437690734863,-0.08206397294998169,0.5101290345191956,0.675216794013977,-0.1139691025018692,0.5727477669715881,0.6751505136489868,-0.14604873955249786,0.390552282333374,0.4877759516239166,-0.07113046944141388,0.3921653628349304,0.35504239797592163,-0.11437857896089554,0.39254432916641235,0.26139378547668457,-0.14094357192516327,0.3906482458114624,0.18374848365783691,-0.15877482295036316,0.32584601640701294,0.4531252384185791,-0.06855624914169312,0.3229139447212219,0.5008382797241211,-0.13926102221012115,0.3170890808105469,0.6231638193130493,-0.15332160890102386,0.30985620617866516,0.7090896964073181,-0.14689722657203674,0.261880487203598,0.4582420587539673,-0.06920016556978226,0.2582598626613617,0.5373566746711731,-0.12923994660377502,0.26197320222854614,0.6402156949043274,-0.11820904910564423,0.2653108835220337,0.7085372805595398,-0.09434739500284195,0.20199328660964966,0.47961872816085815,-0.07515770941972733,0.20482297241687775,0.5337361097335815,-0.11273961514234543,0.2126406729221344,0.6186715960502625,-0.10341469198465347,0.21996790170669556,0.6706153750419617,-0.08414870500564575
0.2398035079240799,0.7721792459487915,-4.511099760406978e-08,0.33460763096809387,0.7640113234519958,-0.05009711906313896,0.4339205026626587,0.7157806754112244,-0.08483391255140305,0.5202137231826782,0.6979501843452454,-0.11808951199054718,0.5857579708099365,0.6980101466178894,-0.15118592977523804,0.3927571773529053,0.4934024214744568,-0.07337106764316559,0.39475899934768677,0.353850781917572,-0.1180068776011467,0.39567631483078003,0.2557751536369324,-0.14568094909191132,0.3939295709133148,0.17388972640037537,-0.16436751186847687,0.32661333680152893,0.4541277289390564,-0.07060445845127106,0.323052316904068,0.5075996518135071,-0.14147621393203735,0.3174968361854553,0.6334152817726135,-0.15511390566825867,0.31055548787117004,0.719536304473877,-0.1487748920917511,0.26027417182922363,0.4578483998775482,-0.07121831178665161,0.2565418779850006,0.5476735830307007,-0.13067318499088287,0.25999706983566284,0.6520988345146179,-0.11833253502845764,0.26292479038238525,0.7196106910705566,-0.0940469354391098,0.1977231502532959,0.47846442461013794,-0.07761360704898834,0.20127618312835693,0.5396989583969116,-0.11379566043615341,0.20989631116390228,0.6264151930809021,-0.10330419987440109,0.21725861728191376,0.6783589720726013,-0.08344495296478271
0.2440222203731537,0.7656848430633545,2.522911879410117e-10,0.3410831093788147,0.764212965965271,-0.053539153188467026,0.4430084228515625,0.7216644287109375,-0.09054834395647049,0.530789315700531,0.7083292007446289,-0.1255847066640854,0.595401406288147,0.7104228734970093,-0.16066113114356995,0.40194201469421387,0.48939403891563416,-0.07935880869626999,0.4078550338745117,0.3454841673374176,-0.12524141371250153,0.41136258840560913,0.2465396225452423,-0.15350119769573212,0.41181495785713196,0.16332504153251648,-0.17242923378944397,0.3334944546222687,0.4477860927581787,-0.0759502500295639,0.3292093276977539,0.5007507801055908,-0.1491670161485672,0.32084327936172485,0.62746262550354,-0.16353388130664825,0.31221088767051697,0.7136709690093994,-0.1574210226535797,0.26469022035598755,0.4497077465057373,-0.07593313604593277,0.2598429322242737,0.5362037420272827,-0.13836899399757385,0.2621976137161255,0.6422976851463318,-0.1264164000749588,0.2645935118198395,0.7099823355674744,-0.10170462727546692,0.20094025135040283,0.46822401881217957,-0.08172030001878738,0.2029539942741394,0.5213745832443237,-0.12000689655542374,0.2105560153722763,0.6097224950790405,-0.1087179109454155,0.2173662930727005,0.6636766791343689,-0.08772268891334534
0.23732517659664154,0.7652745842933655,-2.283115208001618e-08,0.33583372831344604,0.7628191709518433,-0.05405588448047638,0.4394373595714569,0.7194317579269409,-0.0912659764289856,0.5275170803070068,0.7104693651199341,-0.126857191324234,0.5947787165641785,0.7173784971237183,-0.1625506579875946,0.3999493718147278,0.48475170135498047,-0.0776396319270134,0.40503156185150146,0.33966806530952454,-0.12339697778224945,0.408500075340271,0.23964479565620422,-0.15140941739082336,0.40903139114379883,0.15596136450767517,-0.17041729390621185,0.33145126700401306,0.4429298937320709,-0.07452335208654404,0.32553571462631226,0.4959039092063904,-0.1487836390733719,0.3165454864501953,0.6256177425384521,-0.1640295684337616,0.30656689405441284,0.7130150198936462,-0.1580532342195511,0.2617127299308777,0.44551321864128113,-0.07487844675779343,0.25344276428222656,0.5316250920295715,-0.13884831964969635,0.25644177198410034,0.6412242650985718,-0.12776640057563782,0.25873732566833496,0.7114906311035156,-0.1030406728386879,0.19636687636375427,0.46493011713027954,-0.0811084434390068,0.19601581990718842,0.5219942927360535,-0.12113955616950989,0.20444844663143158,0.614338219165802,-0.1107565239071846,0.21121002733707428,0.6712808609008789,-0.0898873582482338
0.2269725799560547,0.7747499942779541,-4.6914031770484144e-08,0.3268832266330719,0.7719362378120422,-0.05312337726354599,0.4342277944087982,0.7265898585319519,-0.08967571705579758,0.5258694887161255,0.7226191759109497,-0.12468962371349335,0.5953233242034912,0.7339704036712646,-0.1595100462436676,0.3974582254886627,0.48922398686408997,-0.07681892812252045,0.4037033021450043,0.34290921688079834,-0.12361720949411392,0.40709978342056274,0.24122941493988037,-0.15250523388385773,0.4076397120952606,0.15613484382629395,-0.17246267199516296,0.3278637230396271,0.4444110095500946,-0.074212446808815,0.32326582074165344,0.5048665404319763,-0.14983798563480377,0.3126211166381836,0.6383910179138184,-0.16523295640945435,0.3028174340724945,0.7255781888961792,-0.15931479632854462,0.2572806179523468,0.4469362497329712,-0.07521823048591614,0.25033169984817505,0.542957067489624,-0.13902555406093597,0.25268465280532837,0.6525005102157593,-0.12754765152931213,0.2555738389492035,0.7200857996940613,-0.10305517166852951,0.1914859563112259,0.4676664471626282,-0.08225841820240021,0.19216948747634888,0.5373706817626953,-0.12154386937618256,0.20037762820720673,0.6296362280845642,-0.11145298928022385,0.20851847529411316,0.6821620464324951,-0.09128953516483307
0.22570721805095673,0.7699961066246033,-3.692343497618822e-08,0.32842352986335754,0.7734273672103882,-0.0540744811296463,0.43779072165489197,0.7366099953651428,-0.09167707711458206,0.5289164781570435,0.7342443466186523,-0.1280263066291809,0.5975600481033325,0.7468341588973999,-0.16423535346984863,0.4030419886112213,0.49209660291671753,-0.07601341605186462,0.40909868478775024,0.3419656753540039,-0.12296570092439651,0.41187813878059387,0.2391623556613922,-0.15208663046360016,0.4111196994781494,0.15251168608665466,-0.1720709204673767,0.3350261151790619,0.44583821296691895,-0.07359609007835388,0.32404717803001404,0.4960891306400299,-0.14960278570652008,0.313138872385025,0.6293685436248779,-0.1660623699426651,0.30275681614875793,0.7175068855285645,-0.1606016755104065,0.26522061228752136,0.4438605010509491,-0.07482939213514328,0.25049230456352234,0.5302401185035706,-0.13988719880580902,0.25236332416534424,0.6425785422325134,-0.12913919985294342,0.2544997036457062,0.7132986783981323,-0.10449559986591339,0.1996643990278244,0.4593830108642578,-0.08212954550981522,0.1955007016658783,0.5227282643318176,-0.12262729555368423,0.20246413350105286,0.6181486248970032,-0.11267135292291641,0.20997469127178192,0.6754236221313477,-0.09212396293878555
0.2270323932170868,0.7652261853218079,-3.780052182378313e-08,0.33025819063186646,0.7686384320259094,-0.05460323393344879,0.4392504394054413,0.7323920130729675,-0.0926014631986618,0.5318823456764221,0.7282918095588684,-0.1289132535457611,0.5986948013305664,0.7341048717498779,-0.16501614451408386,0.4028030335903168,0.48816341161727905,-0.08005860447883606,0.4082907438278198,0.33940228819847107,-0.12791962921619415,0.4112902879714966,0.23666471242904663,-0.15779706835746765,0.4112154245376587,0.1496712565422058,-0.17849160730838776,0.33404746651649475,0.4410027265548706,-0.07744071632623672,0.3244379758834839,0.4963814914226532,-0.15391217172145844,0.313535213470459,0.6306072473526001,-0.16997037827968597,0.30343639850616455,0.718839168548584,-0.1646275669336319,0.2635442614555359,0.4400383234024048,-0.0783671960234642,0.25059300661087036,0.5314351320266724,-0.14394646883010864,0.25350016355514526,0.6436940431594849,-0.13304372131824493,0.2568037807941437,0.7150852084159851,-0.10868316888809204,0.19784481823444366,0.4573211371898651,-0.08537134528160095,0.19498413801193237,0.5242912173271179,-0.12728066742420197,0.2037343680858612,0.6202484369277954,-0.11828828603029251,0.21278885006904602,0.678514301776886,-0.09855001419782639
0.22995473444461823,0.76127028465271,-4.973688305653923e-08,0.3324187994003296,0.7643299102783203,-0.05365920066833496,0.4404658079147339,0.730255126953125,-0.09150370955467224,0.5305705070495605,0.7263090014457703,-0.1278926432132721,0.5969581604003906,0.7327494621276855,-0.16417232155799866,0.40482184290885925,0.4862145185470581,-0.07871603220701218,0.40832629799842834,0.33685415983200073,-0.1254240721464157,0.41028404235839844,0.23326602578163147,-0.15426048636436462,0.4096422493457794,0.1470222771167755,-0.17387385666370392,0.3367774486541748,0.4383656978607178,-0.07583032548427582,0.3265096843242645,0.49271148443222046,-0.15024486184120178,0.31569308042526245,0.622312068939209,-0.16584742069244385,0.30551421642303467,0.7098672389984131,-0.16019189357757568,0.26739415526390076,0.4358465075492859,-0.07626800984144211,0.2530257999897003,0.5271264910697937,-0.13953833281993866,0.2546125054359436,0.6361996531486511,-0.1289638727903366,0.2567380666732788,0.7075764536857605,-0.10490961372852325,0.2022881656885147,0.45115557312965393,-0.08278104662895203,0.19773079454898834,0.5174692273139954,-0.12295825034379959,0.20484404265880585,0.6120321750640869,-0.11393751949071884,0.21275009214878082,0.6711899638175964,-0.09406096488237381
0.23237919807434082,0.7603325843811035,-4.8849436495856935e-08,0.334197074174881,0.7635709047317505,-0.054016221314668655,0.4419100284576416,0.728734016418457,-0.0920834094285965,0.5323259830474854,0.7264634966850281,-0.12861336767673492,0.5986555218696594,0.7325078248977661,-0.1650245487689972,0.40412914752960205,0.4853690266609192,-0.07984040677547455,0.4080631136894226,0.33701664209365845,-0.1269838958978653,0.4100016951560974,0.2345505952835083,-0.15631425380706787,0.40907424688339233,0.14901989698410034,-0.17650458216667175,0.3357042670249939,0.4383126199245453,-0.07718375325202942,0.32490435242652893,0.4947737455368042,-0.15237639844417572,0.31410205364227295,0.6249690055847168,-0.16859565675258636,0.30390995740890503,0.7128081917762756,-0.16370011866092682,0.2661859691143036,0.437425434589386,-0.07789836823940277,0.25180622935295105,0.5304723381996155,-0.14175957441329956,0.25428375601768494,0.6386626958847046,-0.13136081397533417,0.25750595331192017,0.7090728282928467,-0.10771530866622925,0.2013273537158966,0.45444563031196594,-0.08471028506755829,0.19694289565086365,0.5219903588294983,-0.1253301054239273,0.20542806386947632,0.6153963208198547,-0.11646454781293869,0.21463297307491302,0.6733335852622986,-0.09697306901216507
0.23256073892116547,0.7603351473808289,-4.869949421504316e-08,0.3343956172466278,0.7630817294120789,-0.05382727459073067,0.4419318437576294,0.7274253964424133,-0.09172157198190689,0.5311749577522278,0.7258181571960449,-0.1282157599925995,0.5978223085403442,0.7358629703521729,-0.16476768255233765,0.4041173458099365,0.4846848249435425,-0.07938624918460846,0.40757060050964355,0.337027907371521,-0.1267346441745758,0.40902799367904663,0.23493939638137817,-0.1560518890619278,0.40748855471611023,0.1492341160774231,-0.17607906460762024,0.33488729596138,0.4378178119659424,-0.07684680074453354,0.3255796730518341,0.4935808777809143,-0.152565598487854,0.3148423433303833,0.6257871389389038,-0.16876152157783508,0.3039320707321167,0.7136775255203247,-0.16347743570804596,0.2648606300354004,0.4370201528072357,-0.07760503143072128,0.25236356258392334,0.527611494064331,-0.1424729824066162,0.2543219327926636,0.6388050317764282,-0.13178791105747223,0.25627774000167847,0.7101960182189941,-0.10735119879245758,0.19946123659610748,0.453801691532135,-0.08432871103286743,0.19741719961166382,0.5183442234992981,-0.12555721402168274,0.20507284998893738,0.6141610741615295,-0.1159098893404007,0.2124219834804535,0.6734558939933777,-0.09547664225101471
0.23138107359409332,0.7611096501350403,-5.3249564757607004e-08,0.33368122577667236,0.7644481062889099,-0.053340110927820206,0.4419589638710022,0.7298334240913391,-0.0909370481967926,0.5314610004425049,0.7275770306587219,-0.12727996706962585,0.5992282629013062,0.738983690738678,-0.16356797516345978,0.4042305648326874,0.48701196908950806,-0.07728085666894913,0.40943196415901184,0.3392921984195709,-0.12426931411027908,0.4113423824310303,0.2372845709323883,-0.15319515764713287,0.40991026163101196,0.15187224745750427,-0.17300789058208466,0.3357221782207489,0.43988996744155884,-0.07489896565675735,0.3264949321746826,0.49374112486839294,-0.14948508143424988,0.31522059440612793,0.6244593858718872,-0.16513057053089142,0.304703027009964,0.7097322940826416,-0.15978772938251495,0.2658821940422058,0.4385645389556885,-0.0759650394320488,0.2533130943775177,0.5278594493865967,-0.13978372514247894,0.2545880973339081,0.6375055909156799,-0.12872543931007385,0.2566884458065033,0.7059787511825562,-0.10451865941286087,0.2003585696220398,0.4550573527812958,-0.08302179723978043,0.19674061238765717,0.5194212198257446,-0.12288551777601242,0.2045619934797287,0.6133418083190918,-0.11284392327070236,0.2127697467803955,0.6697076559066772,-0.0925842896103859
0.23135335743427277,0.7615878582000732,-5.7695029198612247e-08,0.3328690826892853,0.7641922235488892,-0.05344996601343155,0.440419465303421,0.7295570373535156,-0.09101761877536774,0.5298712849617004,0.7271417379379272,-0.1273217797279358,0.5969290733337402,0.7356382012367249,-0.16360461711883545,0.4040287733078003,0.4901132881641388,-0.0773504450917244,0.40964579582214355,0.3452916741371155,-0.12399481981992722,0.41185683012008667,0.24445229768753052,-0.15286774933338165,0.41050514578819275,0.15983417630195618,-0.17269308865070343,0.3357769548892975,0.442720502614975,-0.07490967214107513,0.32574671506881714,0.4966326355934143,-0.14940035343170166,0.314550518989563,0.6259360313415527,-0.16568413376808167,0.303857684135437,0.7115061283111572,-0.16081760823726654,0.2661813497543335,0.440554678440094,-0.0758611261844635,0.252636194229126,0.5291619896888733,-0.13924668729305267,0.2541878819465637,0.6373624205589294,-0.12862682342529297,0.2566736936569214,0.7061378359794617,-0.10477422177791595,0.2007850855588913,0.4558867812156677,-0.08283496648073196,0.1972728967666626,0.519137442111969,-0.12259164452552795,0.20547515153884888,0.611628532409668,-0.11300352215766907,0.2140643298625946,0.6682431697845459,-0.09306486696004868
0.23259912431240082,0.7636749744415283,-5.6104173751236885e-08,0.3342146873474121,0.765730082988739,-0.051575176417827606,0.4410180449485779,0.731727123260498,-0.08812826126813889,0.5295246243476868,0.7296271324157715,-0.12378788739442825,0.5951393246650696,0.7378248572349548,-0.1595420241355896,0.40353840589523315,0.492005318403244,-0.07509710639715195,0.407879114151001,0.3475303053855896,-0.1209886446595192,0.4099024832248688,0.24733969569206238,-0.14960148930549622,0.40879327058792114,0.16417613625526428,-0.1691969931125641,0.33537614345550537,0.4453078806400299,-0.07322239130735397,0.32555535435676575,0.49716588854789734,-0.14635080099105835,0.31440308690071106,0.6243751645088196,-0.1622486561536789,0.3038855493068695,0.7108193635940552,-0.15736323595046997,0.26596567034721375,0.4441675841808319,-0.07465086877346039,0.253307580947876,0.5320999622344971,-0.1366291046142578,0.2544976472854614,0.6394084095954895,-0.12612764537334442,0.2565520405769348,0.7096259593963623,-0.10263191908597946,0.20106631517410278,0.460986852645874,-0.08200687915086746,0.19670693576335907,0.524688184261322,-0.12086262553930283,0.20459537208080292,0.6158727407455444,-0.11160951107740402,0.2131435126066208,0.6724725365638733,-0.09211764484643936
0.23223857581615448,0.7641620635986328,-4.400789066494326e-08,0.3329327702522278,0.7661796808242798,-0.052968669682741165,0.43873798847198486,0.7318024635314941,-0.09016153961420059,0.5271150469779968,0.7276867628097534,-0.1261078417301178,0.5932316780090332,0.7346910238265991,-0.16195310652256012,0.4034560024738312,0.49301058053970337,-0.07571584731340408,0.408757746219635,0.34848666191101074,-0.12135865539312363,0.41125571727752686,0.24824738502502441,-0.14958016574382782,0.41046416759490967,0.1653003692626953,-0.16872495412826538,0.3352479934692383,0.4463098645210266,-0.07321056723594666,0.3268890976905823,0.49691447615623474,-0.14652866125106812,0.31570208072662354,0.6230491399765015,-0.16259241104125977,0.30467554926872253,0.7091217637062073,-0.1575416475534439,0.2659091353416443,0.44419947266578674,-0.07412778586149216,0.25438880920410156,0.5303450226783752,-0.13627880811691284,0.25513744354248047,0.6362109780311584,-0.12623094022274017,0.2565205693244934,0.7050711512565613,-0.10279227048158646,0.20117080211639404,0.4598826766014099,-0.08102574199438095,0.19803665578365326,0.5199152231216431,-0.11968596279621124,0.20576359331607819,0.6095832586288452,-0.11050506681203842,0.21362100541591644,0.665431559085846,-0.09094477444887161
0.2574242353439331,0.7285414338111877,-7.270288904237532e-08,0.3523784279823303,0.7221409678459167,-0.042336996644735336,0.45232391357421875,0.6831461787223816,-0.07385013997554779,0.5320056676864624,0.6761133670806885,-0.10532474517822266,0.5911264419555664,0.6830439567565918,-0.13697029650211334,0.4105677306652069,0.4667304754257202,-0.0656803548336029,0.41557806730270386,0.33451420068740845,-0.10581774264574051,0.4178660213947296,0.24469390511512756,-0.1295328140258789,0.4189692735671997,0.17072409391403198,-0.14541374146938324,0.3485938310623169,0.42818811535835266,-0.06555266678333282,0.34948381781578064,0.4769338369369507,-0.1282709687948227,0.34128376841545105,0.592249870300293,-0.13951276242733002,0.3316850960254669,0.6634060144424438,-0.13277922570705414,0.2865864634513855,0.43138718605041504,-0.06777523458003998,0.2859981656074524,0.505460262298584,-0.12193063646554947,0.2862609028816223,0.6051153540611267,-0.10774936527013779,0.2854153513908386,0.6627373695373535,-0.08295411616563797,0.2286403477191925,0.44948142766952515,-0.07491884380578995,0.23239557445049286,0.49505552649497986,-0.10780283063650131,0.240854874253273,0.5743619799613953,-0.09514591842889786,0.24710814654827118,0.6210085153579712,-0.07422474026679993
0.2773415446281433,0.7093584537506104,-3.9898939263594e-08,0.3630875051021576,0.7027181386947632,-0.04385051503777504,0.4577276408672333,0.6626150608062744,-0.07462243735790253,0.5346895456314087,0.6479145288467407,-0.10446330159902573,0.5926231145858765,0.6508452296257019,-0.1348402351140976,0.41131678223609924,0.45638930797576904,-0.06546241790056229,0.4184124171733856,0.3316696286201477,-0.10413964092731476,0.422899454832077,0.24423477053642273,-0.12828633189201355,0.4255775213241577,0.17123067378997803,-0.1448081135749817,0.3510464131832123,0.42121249437332153,-0.06336095184087753,0.3511998951435089,0.46488192677497864,-0.12589100003242493,0.34328019618988037,0.5759415626525879,-0.1377689689397812,0.33450204133987427,0.6525979042053223,-0.13221995532512665,0.29201313853263855,0.4246572256088257,-0.06386730074882507,0.29229044914245605,0.4952673316001892,-0.11718351393938065,0.29307821393013,0.589243471622467,-0.10623298585414886,0.2943374514579773,0.6515750885009766,-0.08454323559999466,0.23655883967876434,0.4426037073135376,-0.0692843422293663,0.24166510999202728,0.48915359377861023,-0.10232215374708176,0.2485826313495636,0.5659757852554321,-0.09297405928373337,0.2551003098487854,0.6136320233345032,-0.07512632757425308
0.27110832929611206,0.7096052169799805,-3.079185262322426e-08,0.35739588737487793,0.7007789611816406,-0.04318976029753685,0.45223307609558105,0.6584312915802002,-0.07345084100961685,0.5289446115493774,0.6400998830795288,-0.10279238224029541,0.5866931080818176,0.6419191360473633,-0.13303913176059723,0.4059552550315857,0.45329058170318604,-0.06544359773397446,0.41259250044822693,0.33115461468696594,-0.10349962115287781,0.4154796898365021,0.24383214116096497,-0.12773101031780243,0.4177028238773346,0.1708962619304657,-0.14423920214176178,0.34479206800460815,0.4193333685398102,-0.06331619620323181,0.3483526110649109,0.4652356505393982,-0.12524765729904175,0.34148889780044556,0.5726239681243896,-0.1381787210702896,0.33299821615219116,0.6473226547241211,-0.13338586688041687,0.2851792275905609,0.4236818552017212,-0.06346414983272552,0.2889459729194641,0.4929038882255554,-0.11601005494594574,0.29105904698371887,0.5855482220649719,-0.10622093081474304,0.2922878861427307,0.648324728012085,-0.08520408719778061,0.22927814722061157,0.4424501955509186,-0.06843005865812302,0.238326758146286,0.4878499507904053,-0.10114964842796326,0.247012197971344,0.5641157031059265,-0.09251672029495239,0.2537385821342468,0.6131860613822937,-0.07494871318340302
0.270810604095459,0.6975005865097046,-1.9837914422282665e-08,0.3549860417842865,0.6862172484397888,-0.04148321598768234,0.45011210441589355,0.6423511505126953,-0.07041764259338379,0.5262649059295654,0.6246448755264282,-0.0985153317451477,0.5836100578308105,0.6268566846847534,-0.12717987596988678,0.4010438919067383,0.4435062110424042,-0.059871211647987366,0.4063754975795746,0.3234212398529053,-0.09592145681381226,0.4086836874485016,0.24177229404449463,-0.11768235266208649,0.4111744463443756,0.1738041639328003,-0.13223139941692352,0.3416358232498169,0.41474324464797974,-0.05848891660571098,0.35161682963371277,0.44547343254089355,-0.11890564858913422,0.3447701930999756,0.5533538460731506,-0.13109244406223297,0.3347476124763489,0.6268882155418396,-0.12504421174526215,0.2841998040676117,0.4204593002796173,-0.05946163460612297,0.2910178303718567,0.48124679923057556,-0.11148801445960999,0.29271042346954346,0.5751453042030334,-0.10179203003644943,0.292319655418396,0.6348772048950195,-0.08027099817991257,0.22955986857414246,0.43894681334495544,-0.06487598270177841,0.2414637953042984,0.4814754128456116,-0.09510450065135956,0.24995863437652588,0.558519721031189,-0.08508261293172836,0.25498002767562866,0.6047980785369873,-0.06689973175525665
0.28246137499809265,0.6984941959381104,-1.5311234946580043e-08,0.36575186252593994,0.6888753771781921,-0.04334806278347969,0.45761239528656006,0.6494976878166199,-0.07420942187309265,0.5337256193161011,0.6350690126419067,-0.1041698232293129,0.5901821255683899,0.6378747224807739,-0.1349208801984787,0.40779179334640503,0.44737130403518677,-0.06600596010684967,0.41428783535957336,0.323668897151947,-0.10435379296541214,0.4181380271911621,0.2361224889755249,-0.12824277579784393,0.4206804037094116,0.1633530557155609,-0.1443333625793457,0.3485270142555237,0.4159252941608429,-0.0635790005326271,0.3520888686180115,0.45731785893440247,-0.1260674148797989,0.34511950612068176,0.562903106212616,-0.13897007703781128,0.3361813426017761,0.6384620666503906,-0.13369062542915344,0.2917870283126831,0.4210895299911499,-0.0634063109755516,0.29366335272789,0.4914601445198059,-0.11560441553592682,0.29647573828697205,0.5801564455032349,-0.10634951293468475,0.2987680435180664,0.6408112049102783,-0.0855644941329956,0.2386634200811386,0.4397115707397461,-0.06805451214313507,0.24434158205986023,0.4874403774738312,-0.09980315715074539,0.25358402729034424,0.5613044500350952,-0.0912264883518219,0.2616923451423645,0.6084215641021729,-0.07376160472631454
0.28742241859436035,0.7057448625564575,-3.1058075222745174e-08,0.36924517154693604,0.6981228590011597,-0.042499903589487076,0.4599427282810211,0.6593468189239502,-0.07266387343406677,0.5337634086608887,0.6446219086647034,-0.10194080322980881,0.5888667106628418,0.6470526456832886,-0.13199760019779205,0.41241997480392456,0.4646960496902466,-0.06418848037719727,0.4194945693016052,0.34516873955726624,-0.10151409357786179,0.42225828766822815,0.2617642879486084,-0.12482594698667526,0.4234600067138672,0.19164016842842102,-0.14055761694908142,0.3542029559612274,0.4334987998008728,-0.06189293786883354,0.3621714413166046,0.47228550910949707,-0.12404318153858185,0.3548601269721985,0.5770997405052185,-0.13711495697498322,0.34401875734329224,0.6509377360343933,-0.13192816078662872,0.2987362742424011,0.4373030364513397,-0.06176922842860222,0.30497774481773376,0.5009783506393433,-0.1138109341263771,0.3055190443992615,0.5920546054840088,-0.10433892160654068,0.30461838841438293,0.6541180610656738,-0.08337083458900452,0.24681997299194336,0.4546694755554199,-0.06639739871025085,0.25632423162460327,0.5019028782844543,-0.09921309351921082,0.2646060585975647,0.5771311521530151,-0.09145011007785797,0.2709028124809265,0.6257059574127197,-0.07446179538965225
0.2897990345954895,0.7004473209381104,-3.2178061104559674e-08,0.3684249818325043,0.6918759942054749,-0.03975421562790871,0.45689406991004944,0.6503714323043823,-0.06780042499303818,0.528007984161377,0.6331624984741211,-0.09526228904724121,0.5811147093772888,0.636305570602417,-0.1235002800822258,0.4100305438041687,0.46259909868240356,-0.059080805629491806,0.41631004214286804,0.34293079376220703,-0.09437490254640579,0.41801702976226807,0.26198112964630127,-0.11581762880086899,0.418351411819458,0.1953062117099762,-0.12988512217998505,0.354087769985199,0.4364503026008606,-0.05740690976381302,0.36521080136299133,0.46586698293685913,-0.11767014116048813,0.3570438623428345,0.5699924230575562,-0.12974974513053894,0.3451389670372009,0.6437159776687622,-0.1235332265496254,0.3006182909011841,0.44122251868247986,-0.057833001017570496,0.3100017309188843,0.49487969279289246,-0.10835346579551697,0.30900147557258606,0.5854688286781311,-0.09849969297647476,0.30587896704673767,0.6463574171066284,-0.0771411880850792,0.2498009204864502,0.4574566185474396,-0.06263022869825363,0.26247313618659973,0.49776870012283325,-0.09279121458530426,0.2699706554412842,0.5707456469535828,-0.08391532301902771,0.2745001018047333,0.6171811819076538,-0.0665920227766037
0.2905452251434326,0.6985940337181091,-2.5590233931893636e-08,0.3693453073501587,0.6909704208374023,-0.040288664400577545,0.45682695508003235,0.6508960723876953,-0.06843679398298264,0.5283001065254211,0.6343527436256409,-0.09577485918998718,0.5805010795593262,0.6356399655342102,-0.12389011681079865,0.40967682003974915,0.46283844113349915,-0.05968761444091797,0.41496527194976807,0.345912903547287,-0.0947408452630043,0.4163163900375366,0.2649667263031006,-0.11629476398229599,0.4166150987148285,0.1983596384525299,-0.13057346642017365,0.35315027832984924,0.4369083046913147,-0.057603295892477036,0.3626079857349396,0.4674701988697052,-0.11864043772220612,0.3561477065086365,0.5687180161476135,-0.13195352256298065,0.34595587849617004,0.6435137987136841,-0.1263507753610611,0.30021390318870544,0.44158732891082764,-0.05756928026676178,0.3074812591075897,0.49802568554878235,-0.10854533314704895,0.30876854062080383,0.5862811803817749,-0.10044309496879578,0.3080980181694031,0.6482335329055786,-0.07996892929077148,0.2507159113883972,0.4578855633735657,-0.061923570930957794,0.26178449392318726,0.5001742243766785,-0.09339733421802521,0.27017784118652344,0.5719815492630005,-0.0862613245844841,0.2764129638671875,0.6191237568855286,-0.06975318491458893
0.29049307107925415,0.7010411024093628,-2.5790221513943834e-08,0.36985132098197937,0.692484974861145,-0.03919864073395729,0.45636051893234253,0.6514267921447754,-0.0669521614909172,0.5270007252693176,0.6345643997192383,-0.09416027367115021,0.5791715979576111,0.6372897624969482,-0.12217111885547638,0.4101411700248718,0.46321389079093933,-0.05748507380485535,0.41507771611213684,0.3477519154548645,-0.09200767427682877,0.4160751402378082,0.26803967356681824,-0.11336074024438858,0.4162188172340393,0.20198944211006165,-0.12746405601501465,0.3540235161781311,0.43840327858924866,-0.055872149765491486,0.366757869720459,0.4686123728752136,-0.11588577181100845,0.3600679636001587,0.568995475769043,-0.12930655479431152,0.3488115072250366,0.6416085958480835,-0.12385999411344528,0.3013407588005066,0.4439808130264282,-0.056215737015008926,0.3122714161872864,0.4992378354072571,-0.10647770762443542,0.31265944242477417,0.586918830871582,-0.09855277091264725,0.31024423241615295,0.646905243396759,-0.07825624197721481,0.2519473433494568,0.46090686321258545,-0.06080993264913559,0.26646608114242554,0.5026542544364929,-0.09114890545606613,0.27458471059799194,0.5739562511444092,-0.08339367061853409,0.2795412540435791,0.6200553178787231,-0.06659463793039322
0.29290270805358887,0.700186014175415,-1.849524799979463e-08,0.3710964620113373,0.6925770044326782,-0.03926742076873779,0.45620107650756836,0.6531172394752502,-0.06706459820270538,0.525568962097168,0.6375981569290161,-0.09436704218387604,0.5773305892944336,0.640404224395752,-0.1224556639790535,0.4105469286441803,0.466789573431015,-0.05667143687605858,0.4162639379501343,0.35112354159355164,-0.09085115045309067,0.4175509810447693,0.2722097635269165,-0.11200611293315887,0.4179030656814575,0.20691823959350586,-0.12597213685512543,0.35457876324653625,0.44429153203964233,-0.05519694462418556,0.3688312768936157,0.47015976905822754,-0.11494223773479462,0.36261969804763794,0.5704373717308044,-0.12817037105560303,0.35126993060112,0.6428096890449524,-0.12270092964172363,0.3020455837249756,0.4505350589752197,-0.05576971173286438,0.3149098753929138,0.49882736802101135,-0.10632598400115967,0.3152540922164917,0.5875148773193359,-0.09782788902521133,0.3120332956314087,0.6482883095741272,-0.07708223909139633,0.2529149651527405,0.4674176573753357,-0.060559313744306564,0.2698907256126404,0.5023022294044495,-0.09138116985559464,0.2775666415691376,0.5733434557914734,-0.08308292925357819,0.28065595030784607,0.6203016042709351,-0.06590034067630768
0.29262953996658325,0.7003568410873413,-9.460478622713708e-09,0.37091004848480225,0.6935871243476868,-0.03892963379621506,0.456213116645813,0.6531434059143066,-0.0662083774805069,0.5260123014450073,0.636885941028595,-0.09295196831226349,0.5776445269584656,0.6395381689071655,-0.12045193463563919,0.4105420708656311,0.4662332534790039,-0.05607733130455017,0.4165952205657959,0.3508758246898651,-0.08970742672681808,0.417952299118042,0.27266204357147217,-0.1102742925286293,0.4186632037162781,0.2077854871749878,-0.12381291389465332,0.3552667796611786,0.44330400228500366,-0.05446851998567581,0.371063768863678,0.46996936202049255,-0.11360758543014526,0.3642449378967285,0.5696253180503845,-0.12659165263175964,0.3528406023979187,0.6415883302688599,-0.12095493823289871,0.3033024072647095,0.44895854592323303,-0.054899513721466064,0.3176761269569397,0.49929332733154297,-0.10556495189666748,0.3174002766609192,0.5880311727523804,-0.09764358401298523,0.3143458962440491,0.6489438414573669,-0.07713106274604797,0.2547966241836548,0.4652894139289856,-0.059441566467285156,0.2732083797454834,0.5022726655006409,-0.09062054753303528,0.28082340955734253,0.5736050009727478,-0.08308449387550354,0.2844851613044739,0.6207382678985596,-0.06631562113761902
0.29797661304473877,0.7014596462249756,-4.123884167483993e-08,0.3740882873535156,0.6929588913917542,-0.03760194778442383,0.45560944080352783,0.6521400809288025,-0.0635407343506813,0.5209164619445801,0.636738121509552,-0.08916867524385452,0.5699558258056641,0.6392008662223816,-0.11550978571176529,0.41282936930656433,0.4748993217945099,-0.05231150612235069,0.4191031754016876,0.3643757998943329,-0.08456219732761383,0.42203623056411743,0.29060274362564087,-0.10418113321065903,0.42381012439727783,0.22914385795593262,-0.11717531085014343,0.3584463894367218,0.45467954874038696,-0.05142321065068245,0.3725633919239044,0.47462138533592224,-0.10725315660238266,0.3675372004508972,0.5714837908744812,-0.11931107193231583,0.3570771813392639,0.6390674114227295,-0.11412770301103592,0.30722159147262573,0.4620763659477234,-0.0527440644800663,0.3206537663936615,0.5032647848129272,-0.1002700924873352,0.32073962688446045,0.5895561575889587,-0.0911635160446167,0.3166504502296448,0.6455442309379578,-0.07103829085826874,0.25959813594818115,0.4794906675815582,-0.05813146382570267,0.2764720916748047,0.5075943470001221,-0.08559079468250275,0.2826194763183594,0.574371337890625,-0.0757768452167511,0.2831152677536011,0.6164773106575012,-0.0587155781686306
0.30075928568840027,0.6965950131416321,1.677542549316513e-08,0.37340256571769714,0.6902026534080505,-0.03798330947756767,0.45468807220458984,0.6479374170303345,-0.0633532926440239,0.5202592015266418,0.6303747892379761,-0.08780156075954437,0.5688252449035645,0.6315510272979736,-0.11269895732402802,0.4111166298389435,0.4725267291069031,-0.05278094857931137,0.4184369146823883,0.36195653676986694,-0.0844840407371521,0.42139098048210144,0.2891533374786377,-0.10330638289451599,0.4238215386867523,0.22932946681976318,-0.11559440940618515,0.3588956594467163,0.453098326921463,-0.05131648853421211,0.3774081766605377,0.47098004817962646,-0.10661856085062027,0.3720279633998871,0.5657846331596375,-0.11805711686611176,0.3616146147251129,0.6322169899940491,-0.11230596899986267,0.30879053473472595,0.459974080324173,-0.052103351801633835,0.3249289393424988,0.500113844871521,-0.10026014596223831,0.3249739706516266,0.5862096548080444,-0.09141985327005386,0.3213837742805481,0.6418834328651428,-0.07120224088430405,0.2622097134590149,0.47672417759895325,-0.05677153170108795,0.28217941522598267,0.5035393238067627,-0.08514143526554108,0.2893599271774292,0.5710422396659851,-0.07581532001495361,0.2905884385108948,0.6136165261268616,-0.058889903128147125
0.3020375072956085,0.6922839879989624,1.2291407891495965e-08,0.37518569827079773,0.6857170462608337,-0.035776663571596146,0.45550957322120667,0.6430524587631226,-0.05981336534023285,0.5210208296775818,0.6250571608543396,-0.08340519666671753,0.567945122718811,0.6249262094497681,-0.10762044042348862,0.4113040566444397,0.47054287791252136,-0.05074695870280266,0.4182355999946594,0.3619697690010071,-0.08155649900436401,0.4212472438812256,0.29004818201065063,-0.09990759193897247,0.42400094866752625,0.2305823564529419,-0.11188614368438721,0.35952436923980713,0.4512348473072052,-0.04991139471530914,0.3803449869155884,0.46954986453056335,-0.10406708717346191,0.37437987327575684,0.5627070069313049,-0.11527819186449051,0.36297890543937683,0.6295433044433594,-0.10958421230316162,0.3100670278072357,0.4577421247959137,-0.051170144230127335,0.32944750785827637,0.4993574023246765,-0.0987490862607956,0.3279699683189392,0.5845720171928406,-0.09047358483076096,0.32322341203689575,0.6414186358451843,-0.07065684348344803,0.2641650140285492,0.47408226132392883,-0.056109894067049026,0.2878168821334839,0.501952052116394,-0.08453633636236191,0.2945953607559204,0.5685508251190186,-0.07607074826955795,0.29566240310668945,0.6127786040306091,-0.05976659804582596
0.3029414415359497,0.687712550163269,8.392364136966535e-09,0.3742278814315796,0.6800779700279236,-0.0347723513841629,0.45454877614974976,0.6367679238319397,-0.05806778743863106,0.5189796090126038,0.6189186573028564,-0.08081327378749847,0.5661847591400146,0.6217892169952393,-0.10413889586925507,0.4109422564506531,0.4672914445400238,-0.04923441633582115,0.41811421513557434,0.3609929084777832,-0.07904864102602005,0.4210190773010254,0.29152989387512207,-0.09673450887203217,0.4237179458141327,0.2334146499633789,-0.10852529853582382,0.36033833026885986,0.4480856955051422,-0.04860188812017441,0.3804830014705658,0.46648794412612915,-0.10050152987241745,0.3747294545173645,0.5588303804397583,-0.11090467125177383,0.3638678789138794,0.621639609336853,-0.10550333559513092,0.31151852011680603,0.4547366201877594,-0.050023432821035385,0.32993775606155396,0.49451300501823425,-0.09593354165554047,0.3290359079837799,0.5789156556129456,-0.08728311210870743,0.3244873285293579,0.6322547197341919,-0.06812813133001328,0.265673965215683,0.4710080325603485,-0.05501801148056984,0.2876598834991455,0.49838128685951233,-0.08215120434761047,0.2950305938720703,0.5646315813064575,-0.07325897365808487,0.29651933908462524,0.6059728860855103,-0.057359661906957626
0.30456218123435974,0.6850589513778687,1.314715358802232e-08,0.37591174244880676,0.6788331270217896,-0.03522500395774841,0.45636191964149475,0.6371088624000549,-0.05886275693774223,0.5203042030334473,0.6196264028549194,-0.08192805200815201,0.566650390625,0.6203058958053589,-0.10558806359767914,0.4119490385055542,0.46698200702667236,-0.049223996698856354,0.4193299114704132,0.3625904321670532,-0.07947138696908951,0.4228999614715576,0.29304736852645874,-0.09769953787326813,0.426430344581604,0.23544692993164062,-0.1097777858376503,0.3612012267112732,0.4481320083141327,-0.048420049250125885,0.3808792531490326,0.4667229652404785,-0.10066801309585571,0.3754604160785675,0.5569314956665039,-0.11167500168085098,0.36511465907096863,0.619476318359375,-0.10670048743486404,0.3127233386039734,0.45509541034698486,-0.049717508256435394,0.33077484369277954,0.49479997158050537,-0.09606459736824036,0.3299959599971771,0.5783435106277466,-0.08759777992963791,0.32592228055000305,0.6321857571601868,-0.0683957040309906,0.267600953578949,0.4718693494796753,-0.05461744964122772,0.2890159785747528,0.49790826439857483,-0.08231993019580841,0.29567959904670715,0.5634217858314514,-0.07347984611988068,0.2967730760574341,0.6050670146942139,-0.057403791695833206
0.3056196868419647,0.6869950890541077,1.3776318752434236e-08,0.3766418695449829,0.6814513802528381,-0.034462347626686096,0.4579145014286041,0.639554500579834,-0.057289574295282364,0.5221954584121704,0.6215603947639465,-0.07953620702028275,0.5683403611183167,0.6225993037223816,-0.10236048698425293,0.4128897488117218,0.4686107635498047,-0.04781707748770714,0.42126914858818054,0.3656981885433197,-0.07726877927780151,0.4252545237541199,0.29771319031715393,-0.09465032070875168,0.4293726086616516,0.24109598994255066,-0.10609465837478638,0.3622294068336487,0.4488622844219208,-0.047021154314279556,0.3826572000980377,0.4659157693386078,-0.09865883737802505,0.376404732465744,0.5562371611595154,-0.10934151709079742,0.3655731678009033,0.6197602152824402,-0.10391196608543396,0.3142006993293762,0.4552246332168579,-0.048274897038936615,0.33191174268722534,0.49698004126548767,-0.09402590990066528,0.33066076040267944,0.5791066288948059,-0.08632535487413406,0.32672327756881714,0.6322199702262878,-0.06760719418525696,0.269304096698761,0.4717794954776764,-0.053002387285232544,0.29033535718917847,0.49986445903778076,-0.0800100713968277,0.29760292172431946,0.5653935074806213,-0.07160548865795135,0.29994893074035645,0.6070723533630371,-0.05590825527906418
0.3055189847946167,0.6893685460090637,1.0671011851925982e-09,0.37680351734161377,0.6818259954452515,-0.03334778919816017,0.4582946002483368,0.6404821276664734,-0.056048229336738586,0.5217944979667664,0.6236724257469177,-0.07857140153646469,0.568192720413208,0.6247820854187012,-0.10169869661331177,0.4132653772830963,0.4695015847682953,-0.044965699315071106,0.4212844967842102,0.3694837689399719,-0.07373837381601334,0.4258882403373718,0.30337709188461304,-0.0913417860865593,0.43114468455314636,0.24852028489112854,-0.10306745767593384,0.36278584599494934,0.4494119882583618,-0.04468899592757225,0.38196149468421936,0.4704795777797699,-0.09544610977172852,0.3753783404827118,0.5607523918151855,-0.10668859630823135,0.3648024797439575,0.6233954429626465,-0.10202685743570328,0.3146529793739319,0.45612260699272156,-0.04645327478647232,0.33162224292755127,0.4975433647632599,-0.09109733998775482,0.33015555143356323,0.5789881944656372,-0.08336460590362549,0.32652485370635986,0.6317570209503174,-0.0650540143251419,0.26942697167396545,0.4729762375354767,-0.051664773374795914,0.289023220539093,0.50018310546875,-0.07782405614852905,0.2955954372882843,0.5646756887435913,-0.06912657618522644,0.29782718420028687,0.605198323726654,-0.053430017083883286
0.30473649501800537,0.6889470219612122,-4.957479760037131e-09,0.37578386068344116,0.6833739280700684,-0.03287353366613388,0.4585753381252289,0.6419227123260498,-0.05481863021850586,0.5225949287414551,0.6240827441215515,-0.07646749913692474,0.5689588785171509,0.6239538192749023,-0.09879081696271896,0.4124264717102051,0.47214534878730774,-0.04448150470852852,0.42157453298568726,0.3724551200866699,-0.07261575758457184,0.4279383420944214,0.3081010580062866,-0.08961254358291626,0.43495163321495056,0.25493985414505005,-0.10090672969818115,0.36280715465545654,0.45121052861213684,-0.04402974247932434,0.3817612826824188,0.47197988629341125,-0.09400597959756851,0.37424811720848083,0.562879204750061,-0.10484758764505386,0.3626708984375,0.6251981854438782,-0.09998922795057297,0.3151320815086365,0.4573487639427185,-0.04556449130177498,0.330932080745697,0.4987211227416992,-0.08987661451101303,0.3289308249950409,0.5803739428520203,-0.08229056745767593,0.32479947805404663,0.6322661638259888,-0.06421774625778198,0.2697073221206665,0.4734993577003479,-0.050388168543577194,0.28840622305870056,0.5005648732185364,-0.07629238814115524,0.29497987031936646,0.5657966136932373,-0.06754131615161896,0.29697760939598083,0.6061465740203857,-0.05195995420217514
0.3027588129043579,0.6907155513763428,-1.5770929007175027e-09,0.3732661306858063,0.6846903562545776,-0.0321052148938179,0.4566374123096466,0.6426905393600464,-0.053339604288339615,0.5204526782035828,0.6238674521446228,-0.07442869246006012,0.5682925581932068,0.6236603856086731,-0.09606046229600906,0.4117448627948761,0.4738661050796509,-0.04148510843515396,0.42110738158226013,0.37669864296913147,-0.06854105740785599,0.428536981344223,0.3147504925727844,-0.08483733981847763,0.4376928508281708,0.26398712396621704,-0.0956667959690094,0.3626761734485626,0.45159727334976196,-0.041184745728969574,0.381053626537323,0.4711235463619232,-0.08967579156160355,0.37442782521247864,0.5618335604667664,-0.10000839084386826,0.36382758617401123,0.6248385310173035,-0.09499673545360565,0.31490781903266907,0.4568735957145691,-0.04301079362630844,0.3291933238506317,0.4974772334098816,-0.08645341545343399,0.32802972197532654,0.5790361762046814,-0.07879305630922318,0.32469630241394043,0.6315202116966248,-0.06081283837556839,0.2685733437538147,0.47204673290252686,-0.04807175695896149,0.28637582063674927,0.4975171387195587,-0.07329897582530975,0.2928242087364197,0.5624070763587952,-0.06446618586778641,0.2943839132785797,0.6026756763458252,-0.04901072010397911
0.3003673255443573,0.6944862604141235,3.2621414902678225e-08,0.37159454822540283,0.6882918477058411,-0.03577383980154991,0.4550550878047943,0.6452457308769226,-0.059407979249954224,0.5210175514221191,0.6254427433013916,-0.08192247897386551,0.5698282122612,0.6221181154251099,-0.10448335111141205,0.41082242131233215,0.47529423236846924,-0.049660250544548035,0.42078927159309387,0.3704262673854828,-0.08038793504238129,0.429182231426239,0.3025732636451721,-0.09868407249450684,0.4375171959400177,0.24717721343040466,-0.11091750115156174,0.3608183264732361,0.45131778717041016,-0.048311274498701096,0.3762403726577759,0.47471511363983154,-0.09991665929555893,0.36964941024780273,0.5687186121940613,-0.10945490747690201,0.36071088910102844,0.6308414936065674,-0.10383790731430054,0.311949759721756,0.456402063369751,-0.049388304352760315,0.3241426944732666,0.5029048919677734,-0.09358764439821243,0.3236194849014282,0.5838652849197388,-0.083319291472435,0.32256001234054565,0.6322392821311951,-0.06415685266256332,0.2654039263725281,0.472648948431015,-0.054280973970890045,0.27967050671577454,0.5047058463096619,-0.07934163510799408,0.28582900762557983,0.5677517652511597,-0.06934993714094162,0.28916099667549133,0.6019866466522217,-0.053381383419036865
0.3016307055950165,0.693100094795227,2.532345355632515e-08,0.37227296829223633,0.6867387294769287,-0.035442911088466644,0.45497405529022217,0.6438243389129639,-0.059103794395923615,0.5202684998512268,0.6237495541572571,-0.08193649351596832,0.5687004923820496,0.6210638284683228,-0.10499285161495209,0.4098994731903076,0.4747582674026489,-0.05001061037182808,0.42085087299346924,0.3665112257003784,-0.08030571788549423,0.4293502867221832,0.29749780893325806,-0.0977366641163826,0.4373554587364197,0.24114668369293213,-0.10908237099647522,0.3598528206348419,0.4518778324127197,-0.04879450798034668,0.3764303922653198,0.47304603457450867,-0.10086550563573837,0.3692881762981415,0.5673624873161316,-0.11020349711179733,0.35912561416625977,0.6302334666252136,-0.10395973920822144,0.3114379644393921,0.4565467834472656,-0.049785710871219635,0.3250283896923065,0.5007727742195129,-0.09454961121082306,0.3235454559326172,0.5828626155853271,-0.08395123481750488,0.3210388422012329,0.6326253414154053,-0.0639287456870079,0.2652062773704529,0.47149455547332764,-0.05449129641056061,0.28194448351860046,0.5000782608985901,-0.07934942096471786,0.2875458300113678,0.5641478896141052,-0.06836459785699844,0.2892424762248993,0.6004454493522644,-0.05131087452173233
0.300349622964859,0.6914582252502441,2.0210210394111527e-08,0.3716612756252289,0.685226321220398,-0.03573792800307274,0.4541831314563751,0.6405065655708313,-0.05933481082320213,0.5203117728233337,0.6198202967643738,-0.08210387825965881,0.5691879987716675,0.6164625287055969,-0.10518243908882141,0.41016530990600586,0.4713044762611389,-0.04996100440621376,0.42103052139282227,0.36314553022384644,-0.0802864134311676,0.42886003851890564,0.29308775067329407,-0.09824059903621674,0.43607673048973083,0.23605623841285706,-0.11002865433692932,0.3594847619533539,0.44934406876564026,-0.048680055886507034,0.37467649579048157,0.4711807668209076,-0.10148248821496964,0.36853480339050293,0.5648950934410095,-0.11176498234272003,0.3595408499240875,0.6287896037101746,-0.10607639700174332,0.3103414475917816,0.4544141888618469,-0.04960726201534271,0.32271209359169006,0.4970453679561615,-0.09458993375301361,0.3225440979003906,0.5789564847946167,-0.08439061790704727,0.3211534023284912,0.6302040815353394,-0.0645107626914978,0.2636786699295044,0.4695512056350708,-0.05431966856122017,0.2795599400997162,0.4958369731903076,-0.07957030832767487,0.285747766494751,0.5589007139205933,-0.06885521113872528,0.28810134530067444,0.5958488583564758,-0.05180596932768822
0.30094820261001587,0.6911081671714783,2.294311407524674e-08,0.37334007024765015,0.683644711971283,-0.03569112718105316,0.45473647117614746,0.6384598016738892,-0.059616826474666595,0.520171046257019,0.6168049573898315,-0.08266783505678177,0.5691031813621521,0.6124551296234131,-0.10608198493719101,0.4095393419265747,0.4694409966468811,-0.0508267767727375,0.419646680355072,0.35981929302215576,-0.08145852386951447,0.4271624982357025,0.2888788878917694,-0.09955272823572159,0.4331395924091339,0.23072433471679688,-0.11155746877193451,0.35721877217292786,0.4496258497238159,-0.049931563436985016,0.3739628195762634,0.46877509355545044,-0.10270702093839645,0.36961808800697327,0.5635380148887634,-0.11261152476072311,0.360374391078949,0.627290666103363,-0.10696226358413696,0.3073437809944153,0.45708590745925903,-0.05122058466076851,0.32429152727127075,0.49801740050315857,-0.09645717591047287,0.32504796981811523,0.5807260870933533,-0.08558827638626099,0.3219679296016693,0.6313207149505615,-0.06553613394498825,0.26015883684158325,0.4751129746437073,-0.05624828860163689,0.2797239124774933,0.5006470680236816,-0.08197832852602005,0.28689563274383545,0.5642437934875488,-0.07083149254322052,0.28812873363494873,0.6009339690208435,-0.053664784878492355
0.3029218316078186,0.6888816356658936,3.2255655924018356e-08,0.37427738308906555,0.6814108490943909,-0.03620344027876854,0.45473992824554443,0.6343975067138672,-0.0608341246843338,0.5194607973098755,0.6124287843704224,-0.08470599353313446,0.567815899848938,0.6076167821884155,-0.10912370681762695,0.4080684781074524,0.46589580178260803,-0.05142660811543465,0.41778233647346497,0.35273098945617676,-0.08286157995462418,0.42466846108436584,0.28088271617889404,-0.10162815451622009,0.4302523732185364,0.2216811180114746,-0.11426768451929092,0.35531845688819885,0.45040443539619446,-0.050963934510946274,0.37413251399993896,0.4647720754146576,-0.10541083663702011,0.37086549401283264,0.5617814660072327,-0.11580366641283035,0.3622490465641022,0.6246408224105835,-0.11050380021333694,0.3050978183746338,0.4607838988304138,-0.05277286097407341,0.3242685794830322,0.4899122416973114,-0.10093577951192856,0.32742518186569214,0.5762974619865417,-0.08960901200771332,0.3252086043357849,0.6278559565544128,-0.068781279027462,0.2578001022338867,0.4805055260658264,-0.05808596312999725,0.2794814109802246,0.49433544278144836,-0.08692602068185806,0.2895357310771942,0.5596722364425659,-0.07523738592863083,0.2916422486305237,0.597573459148407,-0.057311754673719406
0.30346250534057617,0.6887933611869812,1.5398388342191538e-08,0.3751171827316284,0.6801064014434814,-0.03712586686015129,0.45420438051223755,0.6326141357421875,-0.062304023653268814,0.5192878246307373,0.6088301539421082,-0.08643899857997894,0.5676515102386475,0.6022813320159912,-0.1108962893486023,0.40747418999671936,0.4648153781890869,-0.053473763167858124,0.4153035879135132,0.350495308637619,-0.08526598662137985,0.42087942361831665,0.27730417251586914,-0.10413773357868195,0.42458951473236084,0.21639350056648254,-0.11680707335472107,0.3548073470592499,0.4477093517780304,-0.05210184305906296,0.370089590549469,0.46623164415359497,-0.10644032061100006,0.36773115396499634,0.5638890862464905,-0.11626502871513367,0.36018234491348267,0.6270005106925964,-0.11059925705194473,0.30502066016197205,0.45730525255203247,-0.05299370735883713,0.32215604186058044,0.49389198422431946,-0.09976653754711151,0.32615038752555847,0.5789700746536255,-0.08794860541820526,0.32487136125564575,0.6302365064620972,-0.06718306243419647,0.2581647038459778,0.4769967794418335,-0.05771041288971901,0.27820733189582825,0.49890920519828796,-0.08514153957366943,0.28758031129837036,0.5638609528541565,-0.07365614920854568,0.2899928689002991,0.601166307926178,-0.056039877235889435
0.30334436893463135,0.6869415044784546,6.794385498665179e-09,0.3739127516746521,0.6780988574028015,-0.036937352269887924,0.45270928740501404,0.6296585202217102,-0.061796050518751144,0.51856529712677,0.6049728989601135,-0.08570530265569687,0.5673542618751526,0.5973504185676575,-0.11022690683603287,0.4073350727558136,0.46055471897125244,-0.05224618688225746,0.41528064012527466,0.3500177264213562,-0.0839211642742157,0.42015135288238525,0.277228981256485,-0.10333608835935593,0.42364010214805603,0.2166224718093872,-0.1164650022983551,0.35537832975387573,0.44352200627326965,-0.05092950537800789,0.3717052936553955,0.4640328586101532,-0.1051233634352684,0.3689626455307007,0.5609371066093445,-0.11595269292593002,0.36117520928382874,0.6242814064025879,-0.11093764007091522,0.30585092306137085,0.4539138674736023,-0.05181267485022545,0.3227173984050751,0.4913138747215271,-0.09908082336187363,0.3263455033302307,0.5773754119873047,-0.08830630779266357,0.3252421021461487,0.6305776238441467,-0.06796608120203018,0.25910186767578125,0.47442248463630676,-0.05644895136356354,0.2788245379924774,0.4971032738685608,-0.0849875658750534,0.28825852274894714,0.5638663172721863,-0.07436555624008179,0.29119783639907837,0.6040017604827881,-0.057000238448381424
0.30575132369995117,0.6874905824661255,-1.5965447852650527e-09,0.37598365545272827,0.6782207489013672,-0.037170592695474625,0.4528438448905945,0.6277999877929688,-0.06179231032729149,0.5181671977043152,0.6003983020782471,-0.08545173704624176,0.5669412016868591,0.5911786556243896,-0.10975272953510284,0.4067583382129669,0.4612933397293091,-0.05283647030591965,0.414204865694046,0.34866002202033997,-0.08461141586303711,0.418450266122818,0.27488452196121216,-0.10436586290597916,0.421134889125824,0.21359610557556152,-0.11782550066709518,0.35430383682250977,0.44602614641189575,-0.051374081522226334,0.3677525222301483,0.4641976058483124,-0.10740263760089874,0.36712780594825745,0.5620120167732239,-0.11909913271665573,0.36197882890701294,0.6297475099563599,-0.11422623693943024,0.30505451560020447,0.45709162950515747,-0.052120741456747055,0.3202345371246338,0.4898398816585541,-0.10086175799369812,0.3270953297615051,0.5767799019813538,-0.0910787582397461,0.32887014746665955,0.6346356272697449,-0.07101508229970932,0.2589399814605713,0.4781661927700043,-0.05663501098752022,0.2776472568511963,0.49772313237190247,-0.08794569969177246,0.28895819187164307,0.5654482245445251,-0.07920826226472855,0.2940745949745178,0.6094129085540771,-0.06266321986913681
0.30585378408432007,0.6850828528404236,-1.2933596416075943e-08,0.3768884241580963,0.676241397857666,-0.03836376965045929,0.45165538787841797,0.6264499425888062,-0.06371928751468658,0.5176215171813965,0.5977437496185303,-0.08796178549528122,0.5670180320739746,0.5858774185180664,-0.11286483705043793,0.40745264291763306,0.4604809582233429,-0.055565815418958664,0.4138665199279785,0.3494755029678345,-0.08822757005691528,0.4171428382396698,0.2751346230506897,-0.10811399668455124,0.41882503032684326,0.2127649188041687,-0.12163492292165756,0.3543972671031952,0.4430607259273529,-0.05361061543226242,0.36479243636131287,0.46706801652908325,-0.11038672924041748,0.36464592814445496,0.5657762885093689,-0.12175312638282776,0.3609045147895813,0.6351320147514343,-0.11651325225830078,0.305127888917923,0.45429885387420654,-0.05389529466629028,0.31753891706466675,0.4965457618236542,-0.10332757979631424,0.3245505392551422,0.5848555564880371,-0.0937216654419899,0.32821983098983765,0.644727349281311,-0.07360196113586426,0.25959181785583496,0.47650691866874695,-0.058168359100818634,0.2753336727619171,0.5052513480186462,-0.09067445993423462,0.28621906042099,0.5746577978134155,-0.08322975784540176,0.293540358543396,0.6200152039527893,-0.06732833385467529
0.30495405197143555,0.6853816509246826,-1.0409245909670517e-08,0.3749907612800598,0.6785353422164917,-0.03913140296936035,0.45017939805984497,0.6281773447990417,-0.06473812460899353,0.5159685015678406,0.597501814365387,-0.08906200528144836,0.565449595451355,0.5852789282798767,-0.11388962715864182,0.40613046288490295,0.4609907269477844,-0.056078873574733734,0.41313982009887695,0.3490898907184601,-0.08907070755958557,0.41642364859580994,0.27473294734954834,-0.10915921628475189,0.4176863729953766,0.21209406852722168,-0.12288689613342285,0.35353779792785645,0.44446560740470886,-0.0540534071624279,0.36504286527633667,0.4652274549007416,-0.1111016571521759,0.3643548786640167,0.5636768937110901,-0.12233426421880722,0.35984110832214355,0.6320695281028748,-0.11714621633291245,0.3045821785926819,0.45604240894317627,-0.05442206934094429,0.3183571696281433,0.4949803948402405,-0.10443297028541565,0.32409682869911194,0.5833771824836731,-0.09414396435022354,0.3267514705657959,0.6428316235542297,-0.07352591305971146,0.25927433371543884,0.47837334871292114,-0.05882606655359268,0.27651575207710266,0.5022079348564148,-0.09161895513534546,0.28632912039756775,0.5700725317001343,-0.08357223123311996,0.29228153824806213,0.6143624186515808,-0.06728842109441757
0.3043603301048279,0.6837279796600342,-7.839214077876022e-08,0.3744293451309204,0.6732102036476135,-0.03512934595346451,0.44805505871772766,0.6163298487663269,-0.057935912162065506,0.5119732022285461,0.5803931355476379,-0.08011168241500854,0.5614802837371826,0.5678560733795166,-0.10317789763212204,0.4059773087501526,0.4577959477901459,-0.05406815931200981,0.4111100435256958,0.34939777851104736,-0.08629536628723145,0.41236862540245056,0.2743905782699585,-0.10535863041877747,0.41222018003463745,0.2122214436531067,-0.11785156279802322,0.353549987077713,0.4397682547569275,-0.05299476161599159,0.36586013436317444,0.4696490168571472,-0.10819358378648758,0.3640446960926056,0.5671207308769226,-0.11789169907569885,0.35817497968673706,0.6350478529930115,-0.11151200532913208,0.30452707409858704,0.45015060901641846,-0.05397290736436844,0.31832724809646606,0.4986281394958496,-0.10193564742803574,0.32185566425323486,0.5858174562454224,-0.09125462919473648,0.32251161336898804,0.6452254056930542,-0.07030320167541504,0.25870758295059204,0.47120732069015503,-0.05874955654144287,0.2775302231311798,0.4987972676753998,-0.08842457085847855,0.2828839421272278,0.5653774738311768,-0.07939890772104263,0.28445684909820557,0.6096963882446289,-0.06271658092737198
0.3046138882637024,0.6871069669723511,-9.074645390683145e-08,0.37431085109710693,0.6733653545379639,-0.03587542101740837,0.448565810918808,0.6131999492645264,-0.058719534426927567,0.5116531252861023,0.575863778591156,-0.0809439942240715,0.5609433650970459,0.5639257431030273,-0.10394807159900665,0.4059678316116333,0.45868778228759766,-0.0539068728685379,0.4122230112552643,0.35124343633651733,-0.08750057965517044,0.41314589977264404,0.27646148204803467,-0.1075010821223259,0.41288718581199646,0.21429744362831116,-0.12061413377523422,0.3542020320892334,0.44249632954597473,-0.052984818816185,0.3692873418331146,0.4714175760746002,-0.1093512699007988,0.36551493406295776,0.5706387162208557,-0.11865711957216263,0.3574400842189789,0.6365858316421509,-0.11192179471254349,0.30482611060142517,0.45536503195762634,-0.05452157184481621,0.3209943175315857,0.49572476744651794,-0.10375934094190598,0.3217395842075348,0.5854029059410095,-0.09105637669563293,0.31987619400024414,0.6429281234741211,-0.06842318177223206,0.25889354944229126,0.47873401641845703,-0.059887200593948364,0.27934613823890686,0.49181902408599854,-0.08943504095077515,0.28270667791366577,0.5503348112106323,-0.07848688960075378,0.2807413935661316,0.5870878100395203,-0.06060360372066498
0.3045755922794342,0.6855703592300415,-1.0741213429810159e-07,0.37322527170181274,0.6696728467941284,-0.03480604290962219,0.44595396518707275,0.6107146143913269,-0.05781903490424156,0.5089585781097412,0.574679434299469,-0.08048854768276215,0.5592520236968994,0.5629360675811768,-0.10400008410215378,0.4062918722629547,0.45864981412887573,-0.05439894646406174,0.4114078879356384,0.3525448441505432,-0.08828883618116379,0.41183680295944214,0.27746015787124634,-0.1085326224565506,0.41148829460144043,0.2154906988143921,-0.12159641087055206,0.3545020818710327,0.44084328413009644,-0.053974125534296036,0.3689669966697693,0.47289401292800903,-0.11111178994178772,0.36494794487953186,0.570969820022583,-0.12121622264385223,0.3566451370716095,0.6395666599273682,-0.11452092975378036,0.30523407459259033,0.45295006036758423,-0.055738531053066254,0.3206317722797394,0.4993502199649811,-0.10488634556531906,0.321481853723526,0.5876400470733643,-0.09327177703380585,0.31999117136001587,0.6471911072731018,-0.07102927565574646,0.2592613697052002,0.47607630491256714,-0.06130123510956764,0.2792245149612427,0.4936699867248535,-0.09085504710674286,0.2834831774234772,0.5525264739990234,-0.08072759211063385,0.28293895721435547,0.591681718826294,-0.06311602890491486
0.30517250299453735,0.6833104491233826,-1.1285450085551929e-07,0.37343525886535645,0.6662847995758057,-0.03524865210056305,0.44510510563850403,0.6096230745315552,-0.05873090773820877,0.5077160596847534,0.5757290720939636,-0.08151047676801682,0.5570724606513977,0.5644069910049438,-0.10517431795597076,0.4068390429019928,0.4602144956588745,-0.057515036314725876,0.41122230887413025,0.3523828387260437,-0.09108225256204605,0.41169273853302,0.2771244943141937,-0.11048858612775803,0.41114529967308044,0.21582499146461487,-0.12266016751527786,0.35564693808555603,0.44150590896606445,-0.056409891694784164,0.36673736572265625,0.47506898641586304,-0.11344771087169647,0.3624947667121887,0.5717055797576904,-0.123054638504982,0.3547113537788391,0.6417993903160095,-0.11586224287748337,0.3072252869606018,0.45193037390708923,-0.0573294535279274,0.3189012408256531,0.502387523651123,-0.10519423335790634,0.31942862272262573,0.5874037146568298,-0.09441820532083511,0.31811314821243286,0.6466869711875916,-0.07298551499843597,0.2624781131744385,0.47325456142425537,-0.062148746103048325,0.277854859828949,0.49516066908836365,-0.09057745337486267,0.2806013226509094,0.5522727966308594,-0.08136024326086044,0.27972766757011414,0.5909358859062195,-0.0645052045583725
0.3045366406440735,0.6806355714797974,-9.324415373157535e-08,0.37131330370903015,0.6656838059425354,-0.03596947714686394,0.442413330078125,0.6106520295143127,-0.0603015311062336,0.5050491094589233,0.5790068507194519,-0.08353642374277115,0.5543912649154663,0.5680096745491028,-0.10782556235790253,0.4067125618457794,0.46042340993881226,-0.06041375920176506,0.4116915166378021,0.3508147597312927,-0.09456218779087067,0.4127596616744995,0.2741934657096863,-0.11449988186359406,0.4129130244255066,0.21133634448051453,-0.12711171805858612,0.35560211539268494,0.440049409866333,-0.058723412454128265,0.3634752035140991,0.4744507968425751,-0.11663196980953217,0.35930079221725464,0.5705012083053589,-0.12669506669044495,0.3532562255859375,0.6420644521713257,-0.11959407478570938,0.30778828263282776,0.4482665956020355,-0.05881182476878166,0.3158581256866455,0.5041574239730835,-0.10688276588916779,0.3170894980430603,0.5881646871566772,-0.09654219448566437,0.31710052490234375,0.648689866065979,-0.0753711387515068,0.26374754309654236,0.4679592549800873,-0.06287477165460587,0.2762349843978882,0.500864565372467,-0.09226344525814056,0.2786736488342285,0.5653451085090637,-0.08362097293138504,0.27948683500289917,0.6096926927566528,-0.0667368546128273
0.30479711294174194,0.6758061051368713,-7.545168756450948e-08,0.3713597357273102,0.661415696144104,-0.036725837737321854,0.44207853078842163,0.6101011037826538,-0.061672091484069824,0.5045340657234192,0.5811119079589844,-0.085459865629673,0.5531148314476013,0.5684751868247986,-0.11014281958341599,0.40764930844306946,0.4591447412967682,-0.06058816984295845,0.4136751592159271,0.3516090512275696,-0.09518270939588547,0.41627466678619385,0.27627137303352356,-0.11512993276119232,0.41813597083091736,0.21495679020881653,-0.12753289937973022,0.35654568672180176,0.4378255605697632,-0.05870507284998894,0.3648783266544342,0.47124046087265015,-0.11674471199512482,0.36033210158348083,0.5661295056343079,-0.1269209235906601,0.35418379306793213,0.6373879909515381,-0.11974156647920609,0.3086191415786743,0.4455082416534424,-0.05872160941362381,0.31698596477508545,0.5035534501075745,-0.10733389854431152,0.3174673318862915,0.5870521068572998,-0.0975194126367569,0.31761449575424194,0.6469160318374634,-0.07650800049304962,0.26462456583976746,0.4648650586605072,-0.0627213567495346,0.27699291706085205,0.4994439482688904,-0.09284023940563202,0.279072642326355,0.5651659965515137,-0.08464577794075012,0.2801439166069031,0.6104800701141357,-0.06785814464092255
0.30358076095581055,0.6764037013053894,-5.517302170687799e-08,0.37007176876068115,0.6634811162948608,-0.037486664950847626,0.44201549887657166,0.6122127771377563,-0.06255396455526352,0.5049377679824829,0.582227349281311,-0.08618667721748352,0.5533457398414612,0.5684350728988647,-0.11054078489542007,0.40833547711372375,0.4603594243526459,-0.060381509363651276,0.4143281877040863,0.35298773646354675,-0.09570546448230743,0.4169548749923706,0.27767273783683777,-0.11612251400947571,0.4188520610332489,0.2160440981388092,-0.12890230119228363,0.3569345772266388,0.4379696249961853,-0.058295223861932755,0.36535000801086426,0.4693525731563568,-0.11723608523607254,0.3600946068763733,0.5646982789039612,-0.12755149602890015,0.3540833294391632,0.6348153352737427,-0.1202748641371727,0.30872008204460144,0.4444289207458496,-0.05833752825856209,0.31521084904670715,0.5022097229957581,-0.10797347128391266,0.31566372513771057,0.5857948660850525,-0.09812907129526138,0.3170386254787445,0.6440305709838867,-0.07700548321008682,0.26469340920448303,0.4627876281738281,-0.062371592968702316,0.2746724486351013,0.5003489255905151,-0.09274808317422867,0.27692174911499023,0.5670591592788696,-0.08461549133062363,0.2798381447792053,0.6105595231056213,-0.06798259168863297
0.30801457166671753,0.6834139823913574,-1.179588977606727e-07,0.3780110478401184,0.66941899061203,-0.03039516694843769,0.4520357847213745,0.6085001230239868,-0.04990454018115997,0.5131540894508362,0.5712630748748779,-0.06909498572349548,0.560920774936676,0.5562191009521484,-0.08919478952884674,0.4095748960971832,0.46283575892448425,-0.046284519135951996,0.416578084230423,0.36069220304489136,-0.07435386627912521,0.4207533299922943,0.2906650900840759,-0.09183285385370255,0.4239991009235382,0.23324307799339294,-0.10377783328294754,0.3603096306324005,0.4451497495174408,-0.04670972377061844,0.37220680713653564,0.47333216667175293,-0.09639855474233627,0.3683535158634186,0.5661197304725647,-0.1053943932056427,0.36163732409477234,0.630021870136261,-0.10011833906173706,0.31256216764450073,0.45557594299316406,-0.04889432713389397,0.32825732231140137,0.49280115962028503,-0.09281402826309204,0.3290782570838928,0.5752356052398682,-0.08108330518007278,0.3274146318435669,0.6293341517448425,-0.061049528419971466,0.2663502097129822,0.4760712683200836,-0.05424961820244789,0.2850508391857147,0.4836229085922241,-0.08185461163520813,0.29252469539642334,0.5462774634361267,-0.07024747878313065,0.29464253783226013,0.588842511177063,-0.05260871723294258
0.3087913393974304,0.68755042552948,-1.4011769167154853e-07,0.37950319051742554,0.6794710755348206,-0.02914278209209442,0.45593464374542236,0.6163070201873779,-0.04642774164676666,0.5151441693305969,0.5743845701217651,-0.06293459236621857,0.5594490170478821,0.5610542893409729,-0.08073896914720535,0.4115786552429199,0.46644166111946106,-0.04927702248096466,0.4208972156047821,0.36089640855789185,-0.0763176903128624,0.426302433013916,0.2887628674507141,-0.09307601302862167,0.4301712214946747,0.22940552234649658,-0.10460110753774643,0.3620419502258301,0.44529643654823303,-0.04861868917942047,0.3772106468677521,0.47998133301734924,-0.09693815559148788,0.3720858693122864,0.5702988505363464,-0.10516674071550369,0.3639242649078369,0.6339472532272339,-0.09976261109113693,0.31538552045822144,0.4523216784000397,-0.049138400703668594,0.33189657330513,0.49854910373687744,-0.08976630121469498,0.3327198028564453,0.5774363875389099,-0.07850044965744019,0.3312816917896271,0.632253885269165,-0.05981860309839249,0.27030372619628906,0.47023797035217285,-0.052963919937610626,0.29088348150253296,0.4918426275253296,-0.07837995141744614,0.2974441349506378,0.5536730885505676,-0.06849770247936249,0.3004985749721527,0.5962698459625244,-0.052588872611522675
0.29961490631103516,0.6861315965652466,-4.977298928565688e-08,0.37260451912879944,0.6811242699623108,-0.03500983864068985,0.45154207944869995,0.630788266658783,-0.056787434965372086,0.5151814222335815,0.6022899150848389,-0.07762694358825684,0.5626744031906128,0.5959407687187195,-0.09939444810152054,0.41065794229507446,0.4655001759529114,-0.054327819496393204,0.42329174280166626,0.35894596576690674,-0.08462689071893692,0.43092048168182373,0.2855070233345032,-0.10281027108430862,0.43692657351493835,0.22502988576889038,-0.11478646099567413,0.3599199056625366,0.4400619566440582,-0.052450958639383316,0.37362608313560486,0.4738799035549164,-0.10483835637569427,0.36456796526908875,0.5673984885215759,-0.11406422406435013,0.35297077894210815,0.6339243054389954,-0.10811657458543777,0.3110395073890686,0.44436413049697876,-0.05250665172934532,0.3248552083969116,0.49751004576683044,-0.09772715717554092,0.3223116993904114,0.5802602767944336,-0.08807427436113358,0.31978994607925415,0.6381532549858093,-0.06860608607530594,0.2651628255844116,0.4598882794380188,-0.05638551712036133,0.2850750684738159,0.4864124655723572,-0.08419782668352127,0.2888825535774231,0.5472976565361023,-0.07582632452249527,0.2898141145706177,0.5898120999336243,-0.060063064098358154
0.29426440596580505,0.6872305870056152,-3.385039093473097e-08,0.36704221367836,0.6862066984176636,-0.036643944680690765,0.45003706216812134,0.6438301205635071,-0.060182105749845505,0.5168823599815369,0.6231819987297058,-0.0826939195394516,0.5657001733779907,0.6229507923126221,-0.10628761351108551,0.41148698329925537,0.46909621357917786,-0.05473800748586655,0.4244537651538849,0.360422819852829,-0.08572953194379807,0.4325731098651886,0.28501567244529724,-0.10494514554738998,0.4388161897659302,0.22335705161094666,-0.11772899329662323,0.3596557080745697,0.44239363074302673,-0.05242839455604553,0.3704920709133148,0.4728318154811859,-0.10668820887804031,0.36047959327697754,0.5686812996864319,-0.11719068884849548,0.34777507185935974,0.6384227275848389,-0.11145801842212677,0.3102332353591919,0.4452398717403412,-0.05207625776529312,0.3202747106552124,0.4958930015563965,-0.09788697957992554,0.3173464238643646,0.5797659158706665,-0.08863053470849991,0.3141179382801056,0.6400787234306335,-0.06903313845396042,0.2636949121952057,0.4592466950416565,-0.05573835223913193,0.2790432572364807,0.4897744953632355,-0.08403851836919785,0.28064578771591187,0.5548329949378967,-0.07587138563394547,0.280273973941803,0.5998642444610596,-0.059835921972990036
0.294914573431015,0.6875468492507935,-1.6290405469021607e-08,0.36896172165870667,0.6850101351737976,-0.03740178421139717,0.45192593336105347,0.6485615372657776,-0.06300702691078186,0.5200613737106323,0.6362069845199585,-0.08795765787363052,0.5698522329330444,0.6414703726768494,-0.11391579359769821,0.41219931840896606,0.47209087014198303,-0.055908143520355225,0.42299211025238037,0.3629140257835388,-0.08803348988294601,0.42954349517822266,0.28725746273994446,-0.10778138786554337,0.43449681997299194,0.22510293126106262,-0.12086617201566696,0.35939714312553406,0.4455191493034363,-0.05409575253725052,0.37052837014198303,0.4758037030696869,-0.11048511415719986,0.361279159784317,0.5724143981933594,-0.12216076254844666,0.34857359528541565,0.6434509754180908,-0.11655983328819275,0.30894777178764343,0.4484213590621948,-0.05416377633810043,0.31867343187332153,0.49982529878616333,-0.1017841175198555,0.316902756690979,0.5852171778678894,-0.09328601509332657,0.3135583996772766,0.646306574344635,-0.07343857735395432,0.2615477442741394,0.46219396591186523,-0.058310892432928085,0.27621933817863464,0.4961003363132477,-0.08773744106292725,0.2802196145057678,0.5642359852790833,-0.07992640882730484,0.2811349630355835,0.611326277256012,-0.06367138773202896
0.2947385907173157,0.691694974899292,-1.1506293695617842e-08,0.370472252368927,0.6880346536636353,-0.03690316155552864,0.4526507556438446,0.6532387137413025,-0.06265690177679062,0.5205578207969666,0.6436581611633301,-0.088039331138134,0.5704981088638306,0.6519464254379272,-0.1143011525273323,0.41431909799575806,0.4741954207420349,-0.05410755053162575,0.42353108525276184,0.36683934926986694,-0.08606329560279846,0.42890357971191406,0.29203593730926514,-0.10588229447603226,0.43263474106788635,0.230194091796875,-0.1191050261259079,0.3607275187969208,0.44727393984794617,-0.052915722131729126,0.37242016196250916,0.47707808017730713,-0.10867441445589066,0.3637462854385376,0.5723550915718079,-0.12068574130535126,0.3512740731239319,0.6429547667503357,-0.11539749056100845,0.30973345041275024,0.45042169094085693,-0.05363953486084938,0.32007038593292236,0.5037606954574585,-0.10097763687372208,0.3184109628200531,0.5883585214614868,-0.09322384744882584,0.3150966763496399,0.6490225791931152,-0.07390862703323364,0.2620381712913513,0.4648244082927704,-0.05845685303211212,0.27673548460006714,0.503213107585907,-0.08785126358270645,0.28149986267089844,0.5718422532081604,-0.08065526932477951,0.2837149202823639,0.6190371513366699,-0.06483519077301025
0.28962084650993347,0.6960885524749756,-4.176092249785768e-10,0.3662308156490326,0.6899459958076477,-0.035214927047491074,0.4505469799041748,0.6520211696624756,-0.06025730073451996,0.5191465020179749,0.6404626369476318,-0.08538494259119034,0.5698396563529968,0.650276780128479,-0.11154480278491974,0.4095902442932129,0.46750444173812866,-0.050849366933107376,0.4180675446987152,0.3610140383243561,-0.08135796338319778,0.423465758562088,0.2876459062099457,-0.10034352540969849,0.4287685453891754,0.22712424397468567,-0.1130673736333847,0.3556230068206787,0.4410971701145172,-0.05043875053524971,0.3684726655483246,0.4732673168182373,-0.1057242751121521,0.36036205291748047,0.5687108039855957,-0.1184135153889656,0.34861764311790466,0.6413941383361816,-0.113224558532238,0.30452340841293335,0.4454364478588104,-0.05178043618798256,0.315131813287735,0.5027147531509399,-0.0989895910024643,0.3141315281391144,0.5873085856437683,-0.0929286777973175,0.311588317155838,0.6492785811424255,-0.07427242398262024,0.257074773311615,0.461422324180603,-0.056992702186107635,0.27271127700805664,0.5028940439224243,-0.08588603138923645,0.2790225148200989,0.5715320110321045,-0.07960852235555649,0.28287920355796814,0.6193650364875793,-0.06418292969465256
0.28816282749176025,0.6887410283088684,1.0275338802046008e-08,0.363847941160202,0.6836991310119629,-0.03804544359445572,0.44812461733818054,0.6469317674636841,-0.06463654339313507,0.5172122716903687,0.6385756134986877,-0.09104360640048981,0.5689665675163269,0.6485662460327148,-0.1183653324842453,0.4083058834075928,0.46250006556510925,-0.053364288061857224,0.41623517870903015,0.3525501489639282,-0.08600389212369919,0.42137452960014343,0.2771283984184265,-0.10621467232704163,0.42624416947364807,0.21531391143798828,-0.11955684423446655,0.3536153733730316,0.4370388388633728,-0.052138905972242355,0.3648214638233185,0.46320053935050964,-0.11062879860401154,0.35685625672340393,0.5616875886917114,-0.12390369176864624,0.3453931212425232,0.6365035176277161,-0.11825660616159439,0.30155515670776367,0.44099488854408264,-0.053014423698186874,0.3103105127811432,0.49080127477645874,-0.10284248739480972,0.3096766173839569,0.5796210169792175,-0.09558220952749252,0.3073444366455078,0.643510103225708,-0.07527875155210495,0.25286760926246643,0.4562176465988159,-0.05797245353460312,0.26652199029922485,0.4906998872756958,-0.08851850032806396,0.2726267874240875,0.5608073472976685,-0.08121079206466675,0.27617448568344116,0.608594536781311,-0.06457528471946716
0.28675878047943115,0.6906691193580627,2.0250860988113573e-09,0.3627357482910156,0.6858260631561279,-0.03896283730864525,0.44851213693618774,0.6481039524078369,-0.06623706221580505,0.5188243389129639,0.6368180513381958,-0.09300965070724487,0.5723059177398682,0.645484447479248,-0.12060441821813583,0.4084602892398834,0.459737092256546,-0.05464628338813782,0.4153376519680023,0.34832578897476196,-0.08783392608165741,0.419291228055954,0.27158892154693604,-0.10892309993505478,0.42271268367767334,0.20827701687812805,-0.12316563725471497,0.35349977016448975,0.43304988741874695,-0.053145620971918106,0.3620939552783966,0.4642491936683655,-0.11194079369306564,0.3547758162021637,0.5643458366394043,-0.12551429867744446,0.34423771500587463,0.6384115815162659,-0.1205262765288353,0.3006874918937683,0.4375830888748169,-0.05382438004016876,0.30750393867492676,0.4903242290019989,-0.10370748490095139,0.3086663782596588,0.5788440704345703,-0.09625712782144547,0.3077912926673889,0.6419737339019775,-0.07633620500564575,0.25094515085220337,0.4538032114505768,-0.05872556194663048,0.26274776458740234,0.49072039127349854,-0.08969205617904663,0.2704837918281555,0.5612057447433472,-0.08265391737222672,0.27569693326950073,0.6082398295402527,-0.06637760251760483
0.2855791747570038,0.7165667414665222,-8.276955298924804e-08,0.36847123503685,0.7082439064979553,-0.04070625081658363,0.4571648836135864,0.6688369512557983,-0.0698416531085968,0.5294266939163208,0.6578164100646973,-0.09826116263866425,0.5824020504951477,0.6640906929969788,-0.1273297369480133,0.4104980528354645,0.473183810710907,-0.0618874654173851,0.40763160586357117,0.34826669096946716,-0.09806577116250992,0.4028651714324951,0.26307976245880127,-0.12055481970310211,0.3980119824409485,0.1942538321018219,-0.13584007322788239,0.3524324893951416,0.44375839829444885,-0.06002625450491905,0.3489002287387848,0.4854438900947571,-0.12220346182584763,0.3408892750740051,0.5924587249755859,-0.13564153015613556,0.3330608010292053,0.6690852642059326,-0.13071511685848236,0.2974857985973358,0.44835442304611206,-0.06032263860106468,0.2932626008987427,0.516323983669281,-0.11141405254602432,0.29600846767425537,0.6054573655128479,-0.10314208269119263,0.2997991740703583,0.6680219769477844,-0.08340144157409668,0.24608637392520905,0.4650377631187439,-0.06526756286621094,0.24666227400302887,0.5156763792037964,-0.09688501060009003,0.25417935848236084,0.5884426236152649,-0.08992750197649002,0.26317086815834045,0.634955644607544,-0.07398127019405365
0.27379465103149414,0.724856436252594,-3.9679814989312945e-08,0.3576287627220154,0.7203168869018555,-0.044318586587905884,0.4502088129520416,0.681747555732727,-0.07480383664369583,0.5238980650901794,0.6672857999801636,-0.10405845195055008,0.5807912349700928,0.6705973744392395,-0.13389796018600464,0.41101792454719543,0.48071545362472534,-0.06181146204471588,0.4162881076335907,0.3594866394996643,-0.09975781291723251,0.4163810610771179,0.2739472985267639,-0.12401227653026581,0.41457101702690125,0.20193779468536377,-0.1408202350139618,0.3530106842517853,0.4487825632095337,-0.05955437198281288,0.35219818353652954,0.48567619919776917,-0.12420651316642761,0.34162211418151855,0.5942435264587402,-0.13960158824920654,0.3306236267089844,0.6683074831962585,-0.13555580377578735,0.29608047008514404,0.4509924054145813,-0.06000906229019165,0.29240328073501587,0.5137424468994141,-0.1163906529545784,0.2920733690261841,0.6096791625022888,-0.10888060182332993,0.29321250319480896,0.6731494665145874,-0.08817264437675476,0.24230392277240753,0.4663988947868347,-0.06505491584539413,0.24368667602539062,0.5123717784881592,-0.10180811583995819,0.24914005398750305,0.5917714834213257,-0.09539934992790222,0.2556037902832031,0.6414905786514282,-0.07868961989879608
0.26351284980773926,0.7274967432022095,-6.61547332470036e-08,0.3501494526863098,0.7235981225967407,-0.044744398444890976,0.4450475871562958,0.6852136850357056,-0.0753941759467125,0.5203192234039307,0.6687886714935303,-0.10449837893247604,0.5762900710105896,0.6695860028266907,-0.13385109603405,0.4057731628417969,0.4801681637763977,-0.06325115263462067,0.40930378437042236,0.3537357449531555,-0.1017947718501091,0.4080159068107605,0.2660582363605499,-0.12596642971038818,0.40572187304496765,0.19356706738471985,-0.14243417978286743,0.3467673063278198,0.4461691081523895,-0.061007265001535416,0.3424281179904938,0.4806838035583496,-0.12612992525100708,0.3283733129501343,0.5913646817207336,-0.14082349836826324,0.3163626194000244,0.6677197217941284,-0.13585232198238373,0.2882462739944458,0.44670307636260986,-0.06149505451321602,0.28129133582115173,0.5139321684837341,-0.11776155978441238,0.27842915058135986,0.6091110706329346,-0.10928653180599213,0.27896854281425476,0.6712808609008789,-0.08777916431427002,0.23234125971794128,0.46026182174682617,-0.06668687611818314,0.23287425935268402,0.5038599371910095,-0.1018114760518074,0.236359640955925,0.5826961398124695,-0.09361262619495392,0.2418787181377411,0.6315609216690063,-0.0757201537489891
0.24529795348644257,0.7333530187606812,-6.118777662322827e-08,0.3337709307670593,0.7271386981010437,-0.04460468515753746,0.4352796673774719,0.6775742769241333,-0.07352539896965027,0.5134931802749634,0.6487048864364624,-0.10019266605377197,0.5707358121871948,0.6415282487869263,-0.12714099884033203,0.39591437578201294,0.4736313223838806,-0.06778853386640549,0.4065678119659424,0.34843069314956665,-0.10769080370664597,0.409881591796875,0.259448379278183,-0.13225428760051727,0.4119342267513275,0.18363460898399353,-0.14899508655071259,0.3341206908226013,0.4379594624042511,-0.06543760746717453,0.339636892080307,0.47623056173324585,-0.13028794527053833,0.3267255425453186,0.5901063680648804,-0.1419202834367752,0.3142393231391907,0.6681833267211914,-0.1349927932024002,0.2725650370121002,0.4396296441555023,-0.06581395864486694,0.27584385871887207,0.5092390775680542,-0.12102455645799637,0.2726399898529053,0.6100544333457947,-0.108487568795681,0.27011656761169434,0.6747817993164062,-0.08487444370985031,0.21349823474884033,0.4564652442932129,-0.07115378230810165,0.22383177280426025,0.5051394104957581,-0.10551672428846359,0.2264736145734787,0.5882160067558289,-0.09551180154085159,0.22924856841564178,0.6375506520271301,-0.07673728466033936
0.24618034064769745,0.7368319630622864,-5.4865061827058526e-08,0.33525940775871277,0.7286714315414429,-0.044077593833208084,0.43552494049072266,0.677396297454834,-0.07278628647327423,0.5146130323410034,0.6480754613876343,-0.0995713397860527,0.5726650953292847,0.6419878005981445,-0.12683480978012085,0.3956836462020874,0.4765099883079529,-0.06765606999397278,0.40735793113708496,0.3537237346172333,-0.10789372771978378,0.41205930709838867,0.2644086480140686,-0.132737398147583,0.41536810994148254,0.18833845853805542,-0.1495819091796875,0.3342229127883911,0.44076007604599,-0.06548666208982468,0.3434825837612152,0.4795209765434265,-0.1304951310157776,0.3305681645870209,0.5917211771011353,-0.14244812726974487,0.3169516324996948,0.6702377796173096,-0.13560165464878082,0.2732529938220978,0.44254398345947266,-0.0659589096903801,0.2790858745574951,0.5134153366088867,-0.1212145984172821,0.2755849063396454,0.6127843260765076,-0.10927483439445496,0.2728428542613983,0.6787984371185303,-0.08584773540496826,0.21486955881118774,0.4598676860332489,-0.07137764245271683,0.22731155157089233,0.5090028643608093,-0.10601554811000824,0.23012912273406982,0.5911767482757568,-0.09671265631914139,0.23299361765384674,0.6424369215965271,-0.07828448712825775
0.2488921582698822,0.734512209892273,-4.0021436831239043e-08,0.3373069167137146,0.7289514541625977,-0.04454129934310913,0.436666339635849,0.677331805229187,-0.07336360216140747,0.5147584676742554,0.6476376056671143,-0.10028363019227982,0.5730268955230713,0.6417109966278076,-0.12769772112369537,0.3969702124595642,0.4764794111251831,-0.06616096198558807,0.409199595451355,0.35265085101127625,-0.10671994835138321,0.41396722197532654,0.26360368728637695,-0.1318490207195282,0.41761982440948486,0.18895798921585083,-0.14854669570922852,0.3351112902164459,0.4443361759185791,-0.06398078799247742,0.3475353419780731,0.47591927647590637,-0.13100799918174744,0.3343387246131897,0.5897971987724304,-0.14382624626159668,0.3204220235347748,0.6701211929321289,-0.1365051418542862,0.2743664085865021,0.4480873942375183,-0.06448374688625336,0.2843441367149353,0.5081263184547424,-0.12254451215267181,0.28016015887260437,0.610910177230835,-0.11028339713811874,0.27588722109794617,0.6788548827171326,-0.08522136509418488,0.21581554412841797,0.4660719037055969,-0.06965890526771545,0.233213409781456,0.5037023425102234,-0.106081023812294,0.23622716963291168,0.5869218707084656,-0.09538224339485168,0.23747944831848145,0.6395474672317505,-0.07510432600975037
0.2574310302734375,0.725409746170044,-3.4905429657783316e-08,0.3432505130767822,0.7213891744613647,-0.043291687965393066,0.44086939096450806,0.6692780256271362,-0.07107838988304138,0.5174155831336975,0.6390729546546936,-0.0973871648311615,0.5740865468978882,0.6344080567359924,-0.1242356076836586,0.4000921845436096,0.47412949800491333,-0.06527534127235413,0.4130672812461853,0.3466155529022217,-0.10534518212080002,0.4168451130390167,0.25840604305267334,-0.12891675531864166,0.4206511378288269,0.18479958176612854,-0.14420661330223083,0.33855271339416504,0.44443103671073914,-0.06377656757831573,0.35198312997817993,0.46743375062942505,-0.1315506547689438,0.3381463289260864,0.5795573592185974,-0.14377321302890778,0.32466137409210205,0.6606308817863464,-0.13536545634269714,0.27885934710502625,0.4481382668018341,-0.06478734314441681,0.2897525727748871,0.5009341239929199,-0.1236005425453186,0.2848142385482788,0.6035043001174927,-0.11057952046394348,0.2804923951625824,0.6722161173820496,-0.0843028724193573,0.22141322493553162,0.46470388770103455,-0.07028079032897949,0.2392847090959549,0.4947560727596283,-0.10643772780895233,0.24220333993434906,0.5761748552322388,-0.0945449247956276,0.2431240677833557,0.6287516355514526,-0.0731692686676979
0.25979191064834595,0.7234913110733032,-2.734868509435273e-08,0.3450661897659302,0.718714714050293,-0.04445463418960571,0.44223564863204956,0.6685689091682434,-0.07293514907360077,0.518103837966919,0.6382850408554077,-0.09941525012254715,0.5739514231681824,0.6317650079727173,-0.1262677013874054,0.40010514855384827,0.47223377227783203,-0.06702456623315811,0.41175052523612976,0.3461025357246399,-0.10730323195457458,0.4164007306098938,0.2573011517524719,-0.1312280297279358,0.41980716586112976,0.18272951245307922,-0.14693155884742737,0.33855533599853516,0.440313458442688,-0.0647113025188446,0.3514326512813568,0.46694672107696533,-0.13273963332176208,0.3387187421321869,0.5802698135375977,-0.1453080028295517,0.32468512654304504,0.6615310907363892,-0.1372021585702896,0.27971503138542175,0.442756712436676,-0.0649794191122055,0.28920137882232666,0.5031450986862183,-0.12351715564727783,0.2857951521873474,0.6044795513153076,-0.11185084283351898,0.2822352647781372,0.6714218854904175,-0.08694750815629959,0.22295616567134857,0.4585871696472168,-0.06987985223531723,0.23841862380504608,0.5008478760719299,-0.10640422254800797,0.2425650656223297,0.5830518007278442,-0.09680452197790146,0.2457834631204605,0.6333966255187988,-0.07735858112573624
0.26236796379089355,0.7240326404571533,-4.550731702579469e-08,0.3479975461959839,0.7173326015472412,-0.042529404163360596,0.44386452436447144,0.6668072938919067,-0.07016527652740479,0.5181479454040527,0.6363586187362671,-0.09619498997926712,0.5728044509887695,0.629913866519928,-0.12265130877494812,0.40133559703826904,0.4705926477909088,-0.06469686329364777,0.4114675521850586,0.34507763385772705,-0.10346974432468414,0.4152328372001648,0.25768017768859863,-0.1264418065547943,0.41805654764175415,0.1835607886314392,-0.14165611565113068,0.34126293659210205,0.4391004145145416,-0.0628291592001915,0.3527688682079315,0.4687631130218506,-0.127675861120224,0.3409317135810852,0.5809754133224487,-0.13915710151195526,0.32771533727645874,0.6594687700271606,-0.13127242028713226,0.28304311633110046,0.44206368923187256,-0.0634293258190155,0.29196399450302124,0.5045427083969116,-0.11940079182386398,0.28871652483940125,0.6048176884651184,-0.10756964236497879,0.2852492332458496,0.6702494621276855,-0.08348071575164795,0.2270338088274002,0.4586605429649353,-0.06858786195516586,0.24224509298801422,0.5029922723770142,-0.10326473414897919,0.24625441431999207,0.5844313502311707,-0.093598373234272,0.2490357607603073,0.6340820789337158,-0.07468277961015701
0.26481756567955017,0.7203428149223328,-5.5601287130002675e-08,0.34860363602638245,0.7153187990188599,-0.04308340325951576,0.44307079911231995,0.6676298379898071,-0.07138200849294662,0.5164376497268677,0.6383135318756104,-0.097965307533741,0.5710644721984863,0.6316344738006592,-0.12502390146255493,0.402433842420578,0.4715598225593567,-0.0658266469836235,0.4121086001396179,0.34709376096725464,-0.1052173301577568,0.41588035225868225,0.2598266899585724,-0.1287687122821808,0.418146550655365,0.18626949191093445,-0.14421656727790833,0.34274396300315857,0.4397504925727844,-0.06346583366394043,0.350450336933136,0.4706327021121979,-0.12915298342704773,0.33818116784095764,0.5826684236526489,-0.14103420078754425,0.32541078329086304,0.661779522895813,-0.1332961618900299,0.28520673513412476,0.4419868588447571,-0.06360743194818497,0.2901601195335388,0.5049554109573364,-0.11960862576961517,0.2874862849712372,0.603270411491394,-0.10826290398836136,0.28541380167007446,0.6684056520462036,-0.08450116217136383,0.22992148995399475,0.45772427320480347,-0.0683625340461731,0.24144938588142395,0.5026870369911194,-0.10279364138841629,0.24542443454265594,0.5825679302215576,-0.0936821699142456,0.24948114156723022,0.6313332319259644,-0.07520244270563126
0.2668209671974182,0.7197463512420654,-4.938085496064559e-08,0.3499472141265869,0.7144697904586792,-0.04254986718297005,0.4424876570701599,0.667500376701355,-0.07055750489234924,0.5151968002319336,0.6386603116989136,-0.09687475860118866,0.5691711902618408,0.6325095891952515,-0.12363135069608688,0.4037547707557678,0.4728125333786011,-0.06532689929008484,0.4139128029346466,0.3503015637397766,-0.10398081690073013,0.41807425022125244,0.26405468583106995,-0.1270398646593094,0.420215904712677,0.19069373607635498,-0.14226804673671722,0.3446837365627289,0.4413526654243469,-0.06311877816915512,0.35343068838119507,0.47198545932769775,-0.12720787525177002,0.34161823987960815,0.5823400020599365,-0.13847793638706207,0.3286662995815277,0.659926176071167,-0.13078564405441284,0.2874065041542053,0.44341516494750977,-0.06334594637155533,0.29299330711364746,0.506793200969696,-0.11808845400810242,0.29043900966644287,0.6041892766952515,-0.10665357112884521,0.2879236936569214,0.6687253713607788,-0.08325952291488647,0.23236630856990814,0.4591591954231262,-0.0681910589337349,0.24402263760566711,0.5047633051872253,-0.1020156666636467,0.24850615859031677,0.5839897990226746,-0.0929848700761795,0.25237059593200684,0.632822573184967,-0.07477875798940659
0.26840704679489136,0.7191325426101685,-6.949932895849997e-08,0.3504088222980499,0.7142118215560913,-0.041158393025398254,0.4412805140018463,0.6674537062644958,-0.0683991014957428,0.5130561590194702,0.6395220756530762,-0.09408323466777802,0.5659283399581909,0.6332175135612488,-0.12014253437519073,0.4055669903755188,0.47616490721702576,-0.0633959174156189,0.4161491394042969,0.3576619625091553,-0.10104942321777344,0.4200587868690491,0.2748562693595886,-0.1235097125172615,0.4219818413257599,0.2038280963897705,-0.13834016025066376,0.34813299775123596,0.4446442425251007,-0.061539437621831894,0.3574191629886627,0.4777371287345886,-0.12344422936439514,0.34594500064849854,0.5854619145393372,-0.13454683125019073,0.3335314691066742,0.6593319177627563,-0.1274680495262146,0.29186952114105225,0.4468255639076233,-0.061966292560100555,0.298645555973053,0.5103206634521484,-0.11520702391862869,0.29503074288368225,0.6061882376670837,-0.10372377187013626,0.2919212579727173,0.6686108708381653,-0.08079420030117035,0.23758147656917572,0.46257054805755615,-0.06687744706869125,0.25148847699165344,0.5068995356559753,-0.09961415827274323,0.2554953098297119,0.5844537019729614,-0.09012596309185028,0.2588033676147461,0.6322835683822632,-0.07191479206085205
0.26930293440818787,0.7163310050964355,-6.872083702091913e-08,0.349984347820282,0.7108579874038696,-0.040183328092098236,0.441054105758667,0.6647495031356812,-0.06658001989126205,0.5125667452812195,0.6363954544067383,-0.09140317142009735,0.5649824142456055,0.628829836845398,-0.11673503369092941,0.40555691719055176,0.47667670249938965,-0.0623258575797081,0.4148300588130951,0.3621325194835663,-0.09966571629047394,0.4196684658527374,0.28027215600013733,-0.12249523401260376,0.42256155610084534,0.21041220426559448,-0.13783381879329681,0.34850847721099854,0.4434607923030853,-0.060480084270238876,0.35334527492523193,0.4803195893764496,-0.12129440903663635,0.34200921654701233,0.5868132710456848,-0.1326257735490799,0.33057406544685364,0.6598201990127563,-0.126291424036026,0.29259705543518066,0.4451347887516022,-0.06096157804131508,0.29460716247558594,0.5115495324134827,-0.11253805458545685,0.2929690182209015,0.6045085787773132,-0.10163877159357071,0.29242122173309326,0.665412187576294,-0.0799708142876625,0.23877424001693726,0.46100276708602905,-0.0659446120262146,0.24683785438537598,0.5084223747253418,-0.09803590923547745,0.2513670325279236,0.5843327045440674,-0.08965638279914856,0.2566056251525879,0.6302801370620728,-0.07274280488491058
0.2716493308544159,0.7128634452819824,-5.508842448875839e-08,0.3499448299407959,0.7063338756561279,-0.03992024064064026,0.43921947479248047,0.6609450578689575,-0.06662029027938843,0.5099906325340271,0.6327701807022095,-0.09172439575195312,0.5623717308044434,0.6268461346626282,-0.11732078343629837,0.40503042936325073,0.47676581144332886,-0.06442426145076752,0.41296932101249695,0.3607713580131531,-0.10174437612295151,0.41681617498397827,0.2785986065864563,-0.12457890808582306,0.41905495524406433,0.2088603377342224,-0.1399020254611969,0.3484458923339844,0.4420072138309479,-0.06254395097494125,0.35089901089668274,0.48202693462371826,-0.12320531904697418,0.34057340025901794,0.58509361743927,-0.1345721185207367,0.33031076192855835,0.6576749086380005,-0.12842333316802979,0.29285019636154175,0.4426552653312683,-0.06275833398103714,0.2915133833885193,0.5116665959358215,-0.11344360560178757,0.29132843017578125,0.6016532182693481,-0.10289157181978226,0.2922739088535309,0.6629644632339478,-0.08169613778591156,0.23953644931316376,0.45776480436325073,-0.06751367449760437,0.2447076290845871,0.5068437457084656,-0.09911460429430008,0.24982330203056335,0.5805070400238037,-0.0911392867565155,0.25603288412094116,0.6263735890388489,-0.07449465990066528
0.2719328701496124,0.7096190452575684,-5.9239152250256666e-08,0.35038673877716064,0.7043157815933228,-0.03973280265927315,0.4398045837879181,0.6575459241867065,-0.06585545837879181,0.5111614465713501,0.6284846067428589,-0.09023497998714447,0.5632079839706421,0.6227518916130066,-0.11529768258333206,0.40375077724456787,0.474432110786438,-0.06457140296697617,0.41220587491989136,0.3594433665275574,-0.10154935717582703,0.41618263721466064,0.27773672342300415,-0.12449922412633896,0.41817793250083923,0.20835787057876587,-0.13997752964496613,0.34736377000808716,0.4399193227291107,-0.06238684058189392,0.3499307632446289,0.4808856248855591,-0.12179919332265854,0.3399372100830078,0.5839579105377197,-0.13245047628879547,0.32975494861602783,0.6564028859138489,-0.12631796300411224,0.29187995195388794,0.44170302152633667,-0.06229839101433754,0.29158303141593933,0.5100853443145752,-0.11196009069681168,0.2911798357963562,0.5995105504989624,-0.1010318174958229,0.2917656898498535,0.6607533097267151,-0.08005206286907196,0.23883533477783203,0.45775172114372253,-0.06672268360853195,0.244739830493927,0.505664587020874,-0.09768860787153244,0.24939550459384918,0.578707218170166,-0.08942735940217972,0.2550950050354004,0.6245641708374023,-0.072909414768219
0.273002028465271,0.7047075629234314,-5.5734712844923706e-08,0.35008931159973145,0.6988181471824646,-0.03974603861570358,0.4382229149341583,0.6534193754196167,-0.06645280122756958,0.5090737342834473,0.6256696581840515,-0.09160222858190536,0.5612658262252808,0.6190027594566345,-0.11736273765563965,0.40334391593933105,0.4700641334056854,-0.06435664743185043,0.4118136167526245,0.35608386993408203,-0.10150566697120667,0.41587957739830017,0.27523499727249146,-0.12444806843996048,0.4179334044456482,0.2066178321838379,-0.13984006643295288,0.3472428321838379,0.4362765848636627,-0.06254234164953232,0.34929001331329346,0.47823575139045715,-0.1226973682641983,0.3398739695549011,0.5807487368583679,-0.1339433491230011,0.3301464319229126,0.6532477140426636,-0.12794126570224762,0.2921697497367859,0.4387540817260742,-0.06281132996082306,0.2912025451660156,0.5086177587509155,-0.11262878030538559,0.2912874221801758,0.5971894264221191,-0.10186902433633804,0.2922542095184326,0.6577958464622498,-0.08083298802375793,0.23961575329303741,0.4554963707923889,-0.06765763461589813,0.24491597712039948,0.5041351914405823,-0.09841015189886093,0.2501814365386963,0.57627272605896,-0.09011464565992355,0.25638243556022644,0.6212621331214905,-0.0734676793217659
0.2784097492694855,0.7032988667488098,-5.7913869255799e-08,0.3547775447368622,0.6962101459503174,-0.037912845611572266,0.440520703792572,0.6463150978088379,-0.06305643171072006,0.5107136368751526,0.6165028810501099,-0.08692357689142227,0.5621700882911682,0.610504686832428,-0.11163811385631561,0.4054308831691742,0.4680251479148865,-0.062403466552495956,0.41512876749038696,0.3550011217594147,-0.09853905439376831,0.4200930595397949,0.2744574546813965,-0.1203412413597107,0.42356646060943604,0.2065849006175995,-0.13474173843860626,0.35020163655281067,0.4362124800682068,-0.061070624738931656,0.3547610938549042,0.4738854169845581,-0.12043178826570511,0.3454565107822418,0.5766823291778564,-0.13063956797122955,0.33590155839920044,0.6513353586196899,-0.12357474863529205,0.29630720615386963,0.4392146170139313,-0.06168080493807793,0.2990308403968811,0.5061509013175964,-0.11125702410936356,0.2980256974697113,0.5965139269828796,-0.09994511306285858,0.2977939248085022,0.6591879725456238,-0.07821758836507797,0.24460764229297638,0.4560622274875641,-0.06666706502437592,0.2536010146141052,0.5026388168334961,-0.0970616564154625,0.2586827278137207,0.5757162570953369,-0.08820883929729462,0.2641981840133667,0.6220581531524658,-0.07114061713218689
0.2786109447479248,0.7063231468200684,-8.495091918803155e-08,0.35576197504997253,0.7054116725921631,-0.03617844358086586,0.44147947430610657,0.6492816209793091,-0.05757613480091095,0.5094868540763855,0.6123069524765015,-0.0782301276922226,0.5595346689224243,0.6018222570419312,-0.10009043663740158,0.4077896475791931,0.4734553098678589,-0.056277185678482056,0.4209599494934082,0.3578847348690033,-0.09073630720376968,0.42684897780418396,0.2780939042568207,-0.11119277775287628,0.43103790283203125,0.2104746699333191,-0.12541797757148743,0.3531246781349182,0.444815069437027,-0.05525107681751251,0.3595048785209656,0.47768592834472656,-0.11346106231212616,0.3525773286819458,0.5809354186058044,-0.1239042580127716,0.3460972011089325,0.6500778794288635,-0.11794538050889969,0.30003821849823,0.44938191771507263,-0.05632287263870239,0.3044903576374054,0.5080884695053101,-0.1089213415980339,0.3050396144390106,0.6061768531799316,-0.09854881465435028,0.30650484561920166,0.6708799600601196,-0.07744687050580978,0.24900026619434357,0.4668276607990265,-0.061307936906814575,0.2588973641395569,0.5118361711502075,-0.09742491692304611,0.263012170791626,0.5916834473609924,-0.09102848172187805,0.26874518394470215,0.6419471502304077,-0.07529789954423904
0.27972540259361267,0.7024468779563904,-1.2327699039360596e-07,0.35502421855926514,0.6962367296218872,-0.035886019468307495,0.4376068115234375,0.6399146318435669,-0.05829198658466339,0.5047717094421387,0.6026224493980408,-0.07948289811611176,0.5550822019577026,0.586212694644928,-0.10182895511388779,0.40655937790870667,0.473516047000885,-0.05934695899486542,0.41796019673347473,0.36448076367378235,-0.09446076303720474,0.42278486490249634,0.2859853506088257,-0.1157660111784935,0.42613041400909424,0.22011446952819824,-0.1297859102487564,0.35272854566574097,0.44252896308898926,-0.05782270431518555,0.35852840542793274,0.48393046855926514,-0.11643622070550919,0.3472707271575928,0.5857753753662109,-0.12639081478118896,0.33632731437683105,0.6582342386245728,-0.1194375529885292,0.2998965084552765,0.4445948600769043,-0.05827118083834648,0.3043955862522125,0.5092437863349915,-0.10855596512556076,0.3005276322364807,0.6015818119049072,-0.09731075912714005,0.2979581654071808,0.666449248790741,-0.07555460184812546,0.24917368590831757,0.4600139856338501,-0.06271906197071075,0.26119714975357056,0.5020243525505066,-0.09580006450414658,0.26167404651641846,0.5766522884368896,-0.08801683038473129,0.26303204894065857,0.6264693737030029,-0.07126602530479431
0.2774597406387329,0.7030320167541504,-1.3792072195428773e-07,0.35296276211738586,0.6985040903091431,-0.034692827612161636,0.436560720205307,0.6408893465995789,-0.05601832643151283,0.5029960870742798,0.6016814708709717,-0.07609105110168457,0.5528777241706848,0.5880378484725952,-0.09734207391738892,0.40373697876930237,0.47442761063575745,-0.05831310898065567,0.4145936965942383,0.36392879486083984,-0.0917491763830185,0.41908708214759827,0.285148561000824,-0.11186743527650833,0.42189186811447144,0.21945413947105408,-0.12517394125461578,0.3501209616661072,0.4441235661506653,-0.056957948952913284,0.3575179874897003,0.4848721921443939,-0.11450056731700897,0.3462790250778198,0.5861177444458008,-0.12388837337493896,0.33487212657928467,0.6588732004165649,-0.1166287288069725,0.29785043001174927,0.44606173038482666,-0.057347822934389114,0.30329835414886475,0.5084280371665955,-0.10599534958600998,0.3001110851764679,0.598552405834198,-0.09445972740650177,0.297846257686615,0.6628042459487915,-0.07286138087511063,0.24720171093940735,0.4610636234283447,-0.06164972484111786,0.2601686716079712,0.5001295804977417,-0.09286296367645264,0.2618929147720337,0.571891725063324,-0.08444759994745255,0.2640833258628845,0.6201083064079285,-0.06762837618589401
0.2809201776981354,0.6997582912445068,-1.4176576712543465e-07,0.35518962144851685,0.6887805461883545,-0.03523141145706177,0.4343400299549103,0.6244578957557678,-0.05718067288398743,0.4980959892272949,0.5815587043762207,-0.07789698243141174,0.5468246340751648,0.5612258315086365,-0.09914013743400574,0.39937925338745117,0.46025243401527405,-0.0606054961681366,0.407700777053833,0.34480640292167664,-0.09675019979476929,0.4114030599594116,0.2644345462322235,-0.11810027062892914,0.4129966199398041,0.19543057680130005,-0.13243116438388824,0.3443838357925415,0.4318166971206665,-0.05930471792817116,0.35242241621017456,0.4755687415599823,-0.11825672537088394,0.34700846672058105,0.5815684795379639,-0.12675122916698456,0.3401091396808624,0.6525628566741943,-0.11929988116025925,0.29179832339286804,0.4367551803588867,-0.06004929170012474,0.3000982999801636,0.5048524141311646,-0.11092730611562729,0.30350348353385925,0.5976579189300537,-0.09869757294654846,0.3058008551597595,0.6602615118026733,-0.07684989273548126,0.2412581890821457,0.4557948410511017,-0.0647907480597496,0.25603747367858887,0.5010629892349243,-0.09874653071165085,0.2634533643722534,0.5751396417617798,-0.0915667861700058,0.2699260413646698,0.6217522621154785,-0.07563906908035278
0.2955600321292877,0.713742733001709,-1.5068967229581176e-07,0.37467658519744873,0.7011822462081909,-0.03419075533747673,0.4593110978603363,0.6338272094726562,-0.05605253949761391,0.5264860391616821,0.5856844782829285,-0.07709615677595139,0.5769566297531128,0.5696122646331787,-0.09978299587965012,0.4122612178325653,0.4569956660270691,-0.06284017860889435,0.4174387454986572,0.3370596170425415,-0.09857873618602753,0.4200783967971802,0.2502645254135132,-0.12111569941043854,0.42142990231513977,0.17660415172576904,-0.1369907110929489,0.35500794649124146,0.42490023374557495,-0.06183341145515442,0.35675448179244995,0.47846758365631104,-0.12022581696510315,0.35314705967903137,0.587633490562439,-0.12903696298599243,0.34916234016418457,0.6644190549850464,-0.12245094776153564,0.30022144317626953,0.43119797110557556,-0.062336165457963943,0.30100515484809875,0.5082335472106934,-0.11118830740451813,0.30833739042282104,0.5997083783149719,-0.09950198978185654,0.3152908384799957,0.6664735078811646,-0.0791378915309906,0.24885424971580505,0.4536123275756836,-0.06689009815454483,0.2536250352859497,0.5075094699859619,-0.09982993453741074,0.2635583281517029,0.5824275016784668,-0.0932537391781807,0.27494537830352783,0.6315975189208984,-0.07808326184749603
0.2926812469959259,0.7144614458084106,-1.5995722435491189e-07,0.3725430369377136,0.7033122181892395,-0.03352106735110283,0.45826682448387146,0.6344872713088989,-0.05467937886714935,0.5256217122077942,0.585252583026886,-0.07513602077960968,0.5765702128410339,0.5674539804458618,-0.0973622053861618,0.41139814257621765,0.45678409934043884,-0.06226769834756851,0.4160144031047821,0.33754679560661316,-0.09794330596923828,0.41847947239875793,0.2508297562599182,-0.12045317888259888,0.42002755403518677,0.17704987525939941,-0.13628001511096954,0.35369014739990234,0.42451491951942444,-0.06144355610013008,0.35550087690353394,0.47778910398483276,-0.11934950947761536,0.35179921984672546,0.5870769023895264,-0.12806814908981323,0.3477153480052948,0.6639358401298523,-0.12141771614551544,0.29826194047927856,0.4311571717262268,-0.06204114481806755,0.2997763454914093,0.509323239326477,-0.11135721951723099,0.30654942989349365,0.6023128032684326,-0.09964827448129654,0.3130360543727875,0.6698492765426636,-0.07900479435920715,0.2458060383796692,0.45379093289375305,-0.06656844168901443,0.25272348523139954,0.5069447159767151,-0.10005068778991699,0.26216283440589905,0.5835943222045898,-0.09324087202548981,0.2727731466293335,0.6345560550689697,-0.07774507999420166
0.2900199890136719,0.7136133909225464,-1.6091502175186179e-07,0.37320372462272644,0.7036080360412598,-0.03594835847616196,0.4603356122970581,0.6341978311538696,-0.05860824137926102,0.5290642380714417,0.5833288431167603,-0.0802418515086174,0.5823155045509338,0.5643531680107117,-0.10352209210395813,0.41173967719078064,0.45466089248657227,-0.06655435264110565,0.41827690601348877,0.3344549536705017,-0.10399714857339859,0.4208441376686096,0.24652555584907532,-0.12760931253433228,0.4227583408355713,0.17320311069488525,-0.14371854066848755,0.3516947627067566,0.4216177463531494,-0.06522277742624283,0.3538239896297455,0.47709277272224426,-0.12433968484401703,0.34818097949028015,0.5862254500389099,-0.13298192620277405,0.3422781527042389,0.6642424464225769,-0.12621355056762695,0.293889582157135,0.429738312959671,-0.06565343588590622,0.2969951927661896,0.507112443447113,-0.11520249396562576,0.3015841245651245,0.5985320806503296,-0.10261298716068268,0.3066142797470093,0.6650410294532776,-0.08129813522100449,0.24068841338157654,0.4543684720993042,-0.07024554163217545,0.2481715977191925,0.49573928117752075,-0.10149594396352768,0.25279247760772705,0.5624771118164062,-0.0924529954791069,0.25808173418045044,0.607738733291626,-0.0757952481508255
0.2893500328063965,0.7178131937980652,-1.7869510315904336e-07,0.37374699115753174,0.7061364650726318,-0.03556875139474869,0.4610511064529419,0.6337502002716064,-0.05729147791862488,0.5299949049949646,0.5815010070800781,-0.07840495556592941,0.5832369327545166,0.5631377696990967,-0.10141423344612122,0.41184091567993164,0.4530807137489319,-0.06372940540313721,0.4192426800727844,0.3335525095462799,-0.09974020719528198,0.4216196537017822,0.24496302008628845,-0.12258074432611465,0.4238244295120239,0.1714087724685669,-0.13823771476745605,0.35214513540267944,0.4215749502182007,-0.06273654848337173,0.3552122712135315,0.4757157266139984,-0.122650146484375,0.3485910892486572,0.5842903852462769,-0.13259828090667725,0.34198352694511414,0.6643068790435791,-0.12603983283042908,0.29512062668800354,0.42962196469306946,-0.06338636577129364,0.2980844974517822,0.5051839351654053,-0.11323711276054382,0.3011016547679901,0.597975492477417,-0.10168920457363129,0.30492857098579407,0.6681879162788391,-0.08043719083070755,0.2421209216117859,0.4539712965488434,-0.06827332824468613,0.24925678968429565,0.4951137900352478,-0.1000019758939743,0.25353920459747314,0.5624639391899109,-0.09191685914993286,0.2587764263153076,0.6109645962715149,-0.07542260736227036
0.28781819343566895,0.7201410531997681,-1.5994700675037166e-07,0.37413492798805237,0.7073698043823242,-0.0365479476749897,0.4610057771205902,0.633140504360199,-0.05886063724756241,0.530182421207428,0.5793489217758179,-0.08040040731430054,0.5845111608505249,0.5597624182701111,-0.10384505987167358,0.41096803545951843,0.4521382749080658,-0.06610915809869766,0.41930529475212097,0.33067548274993896,-0.10346131771802902,0.42209070920944214,0.24050691723823547,-0.12645474076271057,0.4244841933250427,0.16588565707206726,-0.1418803483247757,0.34927451610565186,0.4209878742694855,-0.06486479192972183,0.35498133301734924,0.4734472930431366,-0.12641853094100952,0.3482179641723633,0.5834870934486389,-0.13594509661197662,0.3405894339084625,0.665237307548523,-0.12843391299247742,0.29062625765800476,0.4302929639816284,-0.06531783193349838,0.29710131883621216,0.5059793591499329,-0.11746381223201752,0.29991215467453003,0.6007654666900635,-0.10559365898370743,0.30266711115837097,0.671646237373352,-0.08326192945241928,0.23648998141288757,0.45575782656669617,-0.06992886960506439,0.24682016670703888,0.4972659945487976,-0.10345789790153503,0.2509962320327759,0.5679929852485657,-0.09514175355434418,0.25481143593788147,0.6184871196746826,-0.07785457372665405
0.28498634696006775,0.7233805060386658,-1.6070609376583889e-07,0.3723205029964447,0.709574818611145,-0.036776430904865265,0.4602324962615967,0.6335031986236572,-0.0591636598110199,0.5305034518241882,0.5793389678001404,-0.0807235985994339,0.5850796103477478,0.5604463219642639,-0.10406731814146042,0.40903398394584656,0.45138269662857056,-0.06625410914421082,0.41802528500556946,0.32882070541381836,-0.10427507013082504,0.42085927724838257,0.2377205193042755,-0.12754343450069427,0.423152357339859,0.16202133893966675,-0.14318883419036865,0.34712979197502136,0.42068156599998474,-0.06505749374628067,0.3552991449832916,0.4719703495502472,-0.1274779587984085,0.34837886691093445,0.5836769938468933,-0.1366119086742401,0.3408231735229492,0.6663873195648193,-0.12862516939640045,0.28866520524024963,0.43043652176856995,-0.06566724926233292,0.297652006149292,0.507103681564331,-0.11835124343633652,0.2995474338531494,0.603043258190155,-0.10577522963285446,0.30124524235725403,0.6741124391555786,-0.08286194503307343,0.23463532328605652,0.4568290114402771,-0.0705396831035614,0.24724431335926056,0.5028848648071289,-0.10417879372835159,0.25174903869628906,0.5765234231948853,-0.09562696516513824,0.25594061613082886,0.6280536651611328,-0.07817409187555313
0.28367483615875244,0.7268584966659546,-1.7125283591212792e-07,0.3721122443675995,0.7129929065704346,-0.036174021661281586,0.4609699845314026,0.6351749897003174,-0.0579197034239769,0.5315293669700623,0.5809466242790222,-0.07907623797655106,0.5865976810455322,0.5635427236557007,-0.10199485719203949,0.40888237953186035,0.4514165222644806,-0.06488170474767685,0.418313592672348,0.32669228315353394,-0.10229048132896423,0.42087286710739136,0.23464393615722656,-0.12498104572296143,0.42333492636680603,0.15866538882255554,-0.14024557173252106,0.34665679931640625,0.42163196206092834,-0.06391651928424835,0.35578256845474243,0.47103962302207947,-0.12667109072208405,0.3487210273742676,0.5837980508804321,-0.13578316569328308,0.34084075689315796,0.6670576930046082,-0.12754027545452118,0.28780031204223633,0.431465744972229,-0.06474526971578598,0.29781627655029297,0.5053994059562683,-0.11767411977052689,0.29907724261283875,0.6030709743499756,-0.10475065559148788,0.29977279901504517,0.6745266914367676,-0.08132807165384293,0.23309937119483948,0.4572996497154236,-0.0697622001171112,0.2471507489681244,0.49865439534187317,-0.10262131690979004,0.25004345178604126,0.5702314972877502,-0.09329336136579514,0.2518385052680969,0.6195436716079712,-0.07540391385555267
0.28103703260421753,0.7297016382217407,-2.02234559765202e-07,0.371550053358078,0.7156611680984497,-0.03585502505302429,0.4602286219596863,0.636023998260498,-0.056798674166202545,0.5305077433586121,0.580925703048706,-0.07727786898612976,0.5847794413566589,0.560408353805542,-0.09943711012601852,0.4098970890045166,0.4530971944332123,-0.06387469172477722,0.4195123612880707,0.32767757773399353,-0.10108473151922226,0.4230460226535797,0.23557758331298828,-0.12349216639995575,0.42607125639915466,0.15956583619117737,-0.13858109712600708,0.34801748394966125,0.4233752489089966,-0.06307551264762878,0.3570147752761841,0.4725511074066162,-0.1270042210817337,0.34847748279571533,0.5866387486457825,-0.13663306832313538,0.3387899398803711,0.6716656684875488,-0.12828661501407623,0.2892831861972809,0.43244877457618713,-0.06411474943161011,0.29807886481285095,0.5063740015029907,-0.11775316298007965,0.29854148626327515,0.6048433780670166,-0.10502779483795166,0.2979854643344879,0.6772459745407104,-0.08151916414499283,0.2338423877954483,0.4569072127342224,-0.0693938285112381,0.2473524510860443,0.49813312292099,-0.1034819558262825,0.25016671419143677,0.5714380741119385,-0.0948578417301178,0.25160160660743713,0.6228121519088745,-0.07722051441669464
0.28666719794273376,0.7115664482116699,-1.8011854763244628e-07,0.3727942109107971,0.6937870383262634,-0.03198670968413353,0.45819705724716187,0.613561749458313,-0.05113423615694046,0.5256686806678772,0.5587071180343628,-0.07088091969490051,0.5781164169311523,0.5364484190940857,-0.09216558188199997,0.4120737612247467,0.435846209526062,-0.05493137612938881,0.42643484473228455,0.3141542673110962,-0.09041242301464081,0.4331471025943756,0.22638750076293945,-0.11158353835344315,0.43959614634513855,0.15460091829299927,-0.12548598647117615,0.35145115852355957,0.40610501170158386,-0.055925402790308,0.36368876695632935,0.45337727665901184,-0.11882238835096359,0.3557872176170349,0.5650441646575928,-0.12881188094615936,0.34672051668167114,0.6495862007141113,-0.1201256662607193,0.2940761148929596,0.41541051864624023,-0.05866256356239319,0.30716946721076965,0.48641589283943176,-0.11175179481506348,0.3075835704803467,0.5859382748603821,-0.09917788952589035,0.306151807308197,0.6599672436714172,-0.07533413916826248,0.23919826745986938,0.44085291028022766,-0.06529702246189117,0.2563534080982208,0.48772063851356506,-0.09945795685052872,0.2610054612159729,0.566672146320343,-0.0906313881278038,0.2633974850177765,0.6219344139099121,-0.07225576788187027
0.2847291827201843,0.7137463092803955,-1.9854513766404125e-07,0.37255868315696716,0.696925938129425,-0.0323515310883522,0.4596513509750366,0.6189588904380798,-0.05180596932768822,0.5283530950546265,0.5647730231285095,-0.07177049666643143,0.5801534652709961,0.5423732399940491,-0.09337916225194931,0.4149324297904968,0.43855905532836914,-0.05648623779416084,0.4263450801372528,0.3133271336555481,-0.09254135936498642,0.4316328465938568,0.22412556409835815,-0.11412066966295242,0.435869038105011,0.150514155626297,-0.12862297892570496,0.35381758213043213,0.4067744016647339,-0.05757911503314972,0.3613278567790985,0.4554992616176605,-0.12104322016239166,0.35277649760246277,0.5691251754760742,-0.13112729787826538,0.3440817892551422,0.6533738374710083,-0.12295575439929962,0.2958741784095764,0.41441982984542847,-0.060471292585134506,0.30373281240463257,0.4878309667110443,-0.11393288522958755,0.3049745559692383,0.5875842571258545,-0.10178331285715103,0.30615657567977905,0.6616634130477905,-0.07888244092464447,0.24083536863327026,0.43931522965431213,-0.06736525148153305,0.2527199387550354,0.49202603101730347,-0.10261220484972,0.2584872245788574,0.5726308822631836,-0.09521273523569107,0.26512959599494934,0.6280507445335388,-0.0781278908252716
0.2845006585121155,0.7144052386283875,-1.6063330576798762e-07,0.37279751896858215,0.7014721035957336,-0.03604739531874657,0.463614284992218,0.6227191686630249,-0.05750104784965515,0.536530077457428,0.567727267742157,-0.07863818854093552,0.5929034948348999,0.547633171081543,-0.10178383439779282,0.41653069853782654,0.4332998991012573,-0.06432975828647614,0.4272906482219696,0.3057805299758911,-0.10320618748664856,0.43183955550193787,0.21099069714546204,-0.12692105770111084,0.4355643391609192,0.13205242156982422,-0.14310546219348907,0.3529525101184845,0.39887070655822754,-0.06386199593544006,0.3542683720588684,0.4548899531364441,-0.12909820675849915,0.3467576801776886,0.5723537802696228,-0.13909803330898285,0.34008538722991943,0.6587182283401489,-0.13086502254009247,0.29211777448654175,0.40806058049201965,-0.06529989838600159,0.2936159372329712,0.4914020299911499,-0.12180135399103165,0.2972942590713501,0.5936290621757507,-0.10995075851678848,0.30130815505981445,0.6690304279327393,-0.08652567118406296,0.23507174849510193,0.4351648986339569,-0.07082259654998779,0.2422744780778885,0.4910944998264313,-0.10871779173612595,0.24903911352157593,0.5745757818222046,-0.10153050720691681,0.2569279074668884,0.6314996480941772,-0.08400055021047592
0.2793278098106384,0.747832179069519,-2.1565338670370693e-07,0.37536293268203735,0.7360851764678955,-0.04103972390294075,0.4696703553199768,0.6596920490264893,-0.0659586489200592,0.5464521646499634,0.6051663160324097,-0.08998332917690277,0.6036926507949829,0.5820261836051941,-0.11646625399589539,0.4232715964317322,0.4604355990886688,-0.07534444332122803,0.4329654276371002,0.32420170307159424,-0.11805778741836548,0.4366837739944458,0.22090047597885132,-0.14414817094802856,0.4387095272541046,0.13584846258163452,-0.161740243434906,0.356685072183609,0.4222564101219177,-0.07320361584424973,0.3546689450740814,0.48404884338378906,-0.14518611133098602,0.3450680673122406,0.6078245043754578,-0.15726828575134277,0.33693385124206543,0.7039811611175537,-0.1491789072751999,0.2935185432434082,0.4283830225467682,-0.07291009277105331,0.2914429306983948,0.5154475569725037,-0.1334885060787201,0.29440587759017944,0.6203321814537048,-0.12293893098831177,0.29752469062805176,0.7053224444389343,-0.09962965548038483,0.2353949248790741,0.4531707167625427,-0.07728920131921768,0.23791219294071198,0.5157261490821838,-0.11961326748132706,0.24341899156570435,0.603472113609314,-0.11512062698602676,0.2517414689064026,0.6693333387374878,-0.09847480058670044
0.28136372566223145,0.7330516576766968,-1.9398449069285562e-07,0.37252721190452576,0.7205191850662231,-0.037460677325725555,0.4641861021518707,0.6431382894515991,-0.059547580778598785,0.5364311337471008,0.5879834890365601,-0.08109209686517715,0.5917766094207764,0.5637155175209045,-0.10459641367197037,0.4172554314136505,0.4538251757621765,-0.06804296374320984,0.42876672744750977,0.32313472032546997,-0.10751580446958542,0.4339257478713989,0.2262841761112213,-0.1314864307641983,0.4370056986808777,0.14497911930084229,-0.14776073396205902,0.35307392477989197,0.4193558096885681,-0.0668920949101448,0.35914358496665955,0.4750748872756958,-0.13379552960395813,0.3519711196422577,0.5931335687637329,-0.14429742097854614,0.3432304859161377,0.6804111003875732,-0.13627707958221436,0.29240983724594116,0.42643484473228455,-0.06741230189800262,0.2978478670120239,0.5046930313110352,-0.12430679053068161,0.30024266242980957,0.6084949970245361,-0.11156143993139267,0.3011721968650818,0.6873342990875244,-0.08759894967079163,0.2355055958032608,0.4511314928531647,-0.07233192771673203,0.24652881920337677,0.5038474798202515,-0.111766017973423,0.2520618140697479,0.5885680913925171,-0.10495416074991226,0.25731515884399414,0.6499302983283997,-0.0873650535941124
0.2813810706138611,0.723762035369873,-1.927780317600991e-07,0.3692196011543274,0.7116664052009583,-0.03572828695178032,0.4582809805870056,0.6390252709388733,-0.05626698583364487,0.5290802717208862,0.5891767144203186,-0.07671082019805908,0.5810199975967407,0.568080484867096,-0.09876874089241028,0.4168696403503418,0.45486247539520264,-0.06129239872097969,0.4309147298336029,0.3263799548149109,-0.0993594080209732,0.4375461935997009,0.23362118005752563,-0.12159421294927597,0.44212576746940613,0.15652531385421753,-0.13628117740154266,0.355800062417984,0.42249545454978943,-0.06059945374727249,0.36374127864837646,0.46600058674812317,-0.12706975638866425,0.3540874719619751,0.5806088447570801,-0.13762493431568146,0.3437305986881256,0.665850818157196,-0.12884752452373505,0.2978557348251343,0.4274861216545105,-0.06180902197957039,0.3045024573802948,0.4970407485961914,-0.11865866929292679,0.3036273717880249,0.6006038188934326,-0.1068335771560669,0.302676796913147,0.6772772669792175,-0.0828072801232338,0.24266894161701202,0.4488699436187744,-0.067221999168396,0.2541271150112152,0.5012426972389221,-0.10585114359855652,0.25778520107269287,0.5847889184951782,-0.09984124451875687,0.2624204754829407,0.6429876089096069,-0.0828404575586319
0.29096168279647827,0.7065268158912659,-1.6963291216143261e-07,0.37413328886032104,0.6939337849617004,-0.03419450670480728,0.45863842964172363,0.6217591762542725,-0.05449417978525162,0.5260189771652222,0.5714234113693237,-0.07469889521598816,0.5769960880279541,0.5486557483673096,-0.0962962731719017,0.41657206416130066,0.44770365953445435,-0.05875379592180252,0.4308585822582245,0.3249693512916565,-0.09477738291025162,0.4385327100753784,0.23786410689353943,-0.11542205512523651,0.4448414742946625,0.166165292263031,-0.12884773313999176,0.35765552520751953,0.41830605268478394,-0.05863649398088455,0.3683575689792633,0.4594665467739105,-0.1219797357916832,0.359309583902359,0.5682945847511292,-0.13207945227622986,0.34961631894111633,0.6489816308021545,-0.12363933771848679,0.3022516965866089,0.42449092864990234,-0.0602334588766098,0.31214839220046997,0.49083399772644043,-0.11424074321985245,0.3110193610191345,0.5886489152908325,-0.10223711282014847,0.30967211723327637,0.6592673659324646,-0.07876142859458923,0.24952009320259094,0.445418119430542,-0.06574854254722595,0.2640746235847473,0.4910210371017456,-0.10088126361370087,0.26756489276885986,0.5699426531791687,-0.09278900921344757,0.271014928817749,0.6240912675857544,-0.07499410212039948
0.29148849844932556,0.7091546058654785,-1.9840531706449838e-07,0.373494029045105,0.7033500671386719,-0.03079570271074772,0.4590314030647278,0.6292839050292969,-0.04677785560488701,0.5250471830368042,0.575157642364502,-0.06317686289548874,0.5718991756439209,0.5492887496948242,-0.08117598295211792,0.42284101247787476,0.45902928709983826,-0.052222445607185364,0.44712355732917786,0.34070008993148804,-0.08499333262443542,0.46037960052490234,0.2605363726615906,-0.10306666791439056,0.4730307459831238,0.19220083951950073,-0.11544834822416306,0.3669567406177521,0.4296794533729553,-0.052738238126039505,0.38368579745292664,0.46304851770401,-0.11297756433486938,0.37489089369773865,0.5703933238983154,-0.12294536828994751,0.36625948548316956,0.6466649770736694,-0.11554156988859177,0.3132396638393402,0.43266376852989197,-0.05480758845806122,0.32894620299339294,0.48934733867645264,-0.10983644425868988,0.3279573917388916,0.5941605567932129,-0.0995607078075409,0.3267472982406616,0.667434811592102,-0.07755648344755173,0.2607414722442627,0.4486006498336792,-0.060202740132808685,0.27833476662635803,0.4925329387187958,-0.09998620301485062,0.28165242075920105,0.5744493007659912,-0.09577081352472305,0.285011887550354,0.6293768286705017,-0.0807603970170021
0.295093834400177,0.717281699180603,-1.7712977751216386e-07,0.3775096535682678,0.7090315222740173,-0.03140900284051895,0.4611307978630066,0.6368951797485352,-0.0490550771355629,0.525171160697937,0.5833926796913147,-0.0677034929394722,0.5726271867752075,0.555834174156189,-0.08756233006715775,0.42408621311187744,0.46523720026016235,-0.05119103938341141,0.4456638991832733,0.34527158737182617,-0.08599986881017685,0.4568450152873993,0.2627968192100525,-0.10520389676094055,0.46677854657173157,0.194191575050354,-0.11789708584547043,0.366830438375473,0.4380921423435211,-0.05291127413511276,0.3843245804309845,0.471701443195343,-0.11605201661586761,0.3776143789291382,0.5814371109008789,-0.12675119936466217,0.36895889043807983,0.6609026789665222,-0.11898678541183472,0.3129914402961731,0.4444462060928345,-0.05660046264529228,0.3319668173789978,0.5028529763221741,-0.11350083351135254,0.3298190236091614,0.6099662780761719,-0.10179291665554047,0.32650434970855713,0.6844773292541504,-0.078046515583992,0.26114118099212646,0.463847279548645,-0.06386326998472214,0.2810731530189514,0.5082349181175232,-0.10278474539518356,0.28169792890548706,0.5888485312461853,-0.09660022705793381,0.2823536992073059,0.6418170928955078,-0.08006498217582703
0.29964280128479004,0.7255245447158813,-2.0287048130285257e-07,0.37898683547973633,0.7161933779716492,-0.03208760544657707,0.4601723253726959,0.6395862102508545,-0.04955167695879936,0.5221390724182129,0.5820308923721313,-0.067400723695755,0.5689738392829895,0.5566157698631287,-0.0863838642835617,0.4239571988582611,0.4695095121860504,-0.05494515225291252,0.4425661563873291,0.3450438678264618,-0.09046290814876556,0.45106393098831177,0.25870102643966675,-0.10990888625383377,0.45842307806015015,0.18723148107528687,-0.12258095294237137,0.36572229862213135,0.441401869058609,-0.055789317935705185,0.38306543231010437,0.47961103916168213,-0.12020293623209,0.3779984712600708,0.5890040397644043,-0.13054628670215607,0.37079426646232605,0.6708230972290039,-0.12202320992946625,0.31175294518470764,0.4462675452232361,-0.05850358307361603,0.3293875753879547,0.5111011266708374,-0.11578314751386642,0.3299451172351837,0.6167157292366028,-0.10503339767456055,0.32911837100982666,0.693018913269043,-0.08160307258367538,0.2610306739807129,0.46540841460227966,-0.06486906856298447,0.27983248233795166,0.5152825117111206,-0.10403544455766678,0.281756192445755,0.5961886644363403,-0.09896010160446167,0.28378555178642273,0.6517606377601624,-0.08288374543190002
0.29840895533561707,0.7305284738540649,-2.0083439267182257e-07,0.38011986017227173,0.7196962237358093,-0.03214842453598976,0.46112436056137085,0.6432061195373535,-0.05035347491502762,0.5233214497566223,0.5859559178352356,-0.06899800896644592,0.5705887079238892,0.5594841837882996,-0.08896228671073914,0.4230455160140991,0.4728999435901642,-0.05661918595433235,0.4391160309314728,0.34599339962005615,-0.0920972004532814,0.4470936059951782,0.259565532207489,-0.11162365227937698,0.45361047983169556,0.18798059225082397,-0.12425389140844345,0.36477673053741455,0.44468235969543457,-0.05734698846936226,0.3813362419605255,0.48515838384628296,-0.12158377468585968,0.37691378593444824,0.5951980948448181,-0.13188184797763824,0.3693276345729828,0.6771355867385864,-0.12339988350868225,0.310566246509552,0.44941475987434387,-0.05977707728743553,0.3273601233959198,0.5158166289329529,-0.11562296003103256,0.32772624492645264,0.6194077134132385,-0.10436171293258667,0.32633182406425476,0.6944029331207275,-0.08099373430013657,0.25978606939315796,0.4679596424102783,-0.06591789424419403,0.2777114510536194,0.5164524912834167,-0.10289061069488525,0.27878063917160034,0.5946593284606934,-0.09658355265855789,0.2793249487876892,0.6480057835578918,-0.07997722923755646
0.297730028629303,0.7373371124267578,-1.750920404219869e-07,0.3818033039569855,0.7243347764015198,-0.03251853212714195,0.46438390016555786,0.6490640044212341,-0.05180453509092331,0.5291909575462341,0.5934131741523743,-0.07153915613889694,0.5770336389541626,0.5667614936828613,-0.09270771592855453,0.4232063889503479,0.4714459180831909,-0.058513373136520386,0.43371155858039856,0.3449476361274719,-0.09567134827375412,0.43787655234336853,0.2556006610393524,-0.11732695996761322,0.4397422671318054,0.18065094947814941,-0.13180695474147797,0.3628735840320587,0.4415562152862549,-0.05915781483054161,0.37443822622299194,0.4881919324398041,-0.12313442677259445,0.37342512607574463,0.5987719893455505,-0.1337762326002121,0.369472861289978,0.6803046464920044,-0.12613433599472046,0.3071399927139282,0.44840583205223083,-0.061498403549194336,0.3191356658935547,0.5240203142166138,-0.11602229624986649,0.3235175609588623,0.6240748167037964,-0.10513962805271149,0.32601413130760193,0.6975440979003906,-0.08294273167848587,0.2552824914455414,0.4706168472766876,-0.06788350641727448,0.268608033657074,0.5327337980270386,-0.10510899871587753,0.27591994404792786,0.61343914270401,-0.10036848485469818,0.2840452194213867,0.6681787967681885,-0.08499423414468765
0.29923734068870544,0.7369512319564819,-1.8268639223606442e-07,0.38469067215919495,0.7219581604003906,-0.031293585896492004,0.46611571311950684,0.6467074751853943,-0.04988984391093254,0.5305215120315552,0.592582643032074,-0.06920009851455688,0.5783531069755554,0.5678310990333557,-0.08996906876564026,0.42535027861595154,0.4677826464176178,-0.05599580332636833,0.43456995487213135,0.34334081411361694,-0.09231682866811752,0.43774017691612244,0.2548888623714447,-0.11402161419391632,0.438731849193573,0.18024054169654846,-0.1289680302143097,0.36528873443603516,0.4389919936656952,-0.05737436190247536,0.37689921259880066,0.4849338233470917,-0.11998635530471802,0.3768494129180908,0.595597505569458,-0.1310003697872162,0.37284326553344727,0.6757140159606934,-0.12422392517328262,0.3096669912338257,0.4475475251674652,-0.060376714915037155,0.3216974437236786,0.5214772820472717,-0.11422145366668701,0.3268779218196869,0.6220006942749023,-0.1035391241312027,0.32910722494125366,0.6946893930435181,-0.0819103866815567,0.25754499435424805,0.4715932309627533,-0.06733624637126923,0.27052250504493713,0.5320379734039307,-0.10490186512470245,0.2795525789260864,0.612444281578064,-0.10044047236442566,0.28822579979896545,0.6664268374443054,-0.08547171205282211
0.3017193377017975,0.7317627668380737,-1.6254688262051786e-07,0.38434427976608276,0.7190333008766174,-0.03363991528749466,0.46717366576194763,0.6482467651367188,-0.05409981682896614,0.5332702994346619,0.5958865284919739,-0.07449021935462952,0.5811071395874023,0.5693598389625549,-0.09612133353948593,0.42206671833992004,0.47286853194236755,-0.05826955661177635,0.42945194244384766,0.34876179695129395,-0.09365089982748032,0.4317018389701843,0.2626141905784607,-0.11399275809526443,0.4320324659347534,0.19014960527420044,-0.12753711640834808,0.3641488552093506,0.44628477096557617,-0.058213550597429276,0.3765852153301239,0.4868709444999695,-0.11935027688741684,0.37484800815582275,0.5945809483528137,-0.12926825881004333,0.3687635660171509,0.6736719012260437,-0.12160936743021011,0.3104415535926819,0.45390698313713074,-0.05989047512412071,0.32313546538352966,0.52461838722229,-0.11191051453351974,0.32592642307281494,0.6218849420547485,-0.1008344441652298,0.3259270191192627,0.6914889812469482,-0.07890504598617554,0.2603094279766083,0.4752961993217468,-0.06563130766153336,0.27547353506088257,0.5327849388122559,-0.09980563074350357,0.281572550535202,0.6109248399734497,-0.0937599316239357,0.28693687915802,0.6630470752716064,-0.07809878140687943
0.29371094703674316,0.7325311899185181,-2.5473985587609604e-08,0.378550261259079,0.7353510856628418,-0.04002022370696068,0.46912190318107605,0.6959071159362793,-0.06736485660076141,0.5431350469589233,0.6792546510696411,-0.09444014728069305,0.5972527861595154,0.6833668947219849,-0.12256848067045212,0.4334844946861267,0.49193963408470154,-0.061698172241449356,0.4489017426967621,0.3666323125362396,-0.0985349640250206,0.4597713351249695,0.28076985478401184,-0.11993826180696487,0.46861642599105835,0.21118777990341187,-0.13370798528194427,0.37599340081214905,0.45583081245422363,-0.05962362512946129,0.38124021887779236,0.49587368965148926,-0.12299700081348419,0.37202221155166626,0.6043998599052429,-0.13476459681987762,0.36107775568962097,0.6891263723373413,-0.12720021605491638,0.3207976818084717,0.45578131079673767,-0.05989862605929375,0.32303598523139954,0.5307203531265259,-0.11348405480384827,0.3206271529197693,0.6270573735237122,-0.10536593943834305,0.3187341094017029,0.6988890767097473,-0.08394517004489899,0.2696191072463989,0.4704258143901825,-0.0646812841296196,0.2750067412853241,0.5300140380859375,-0.09805671870708466,0.2761722207069397,0.6069093942642212,-0.0924864262342453,0.2793532609939575,0.6590122580528259,-0.07654198259115219
0.2932615578174591,0.73357093334198,-9.335910711172346e-09,0.37921953201293945,0.7351948618888855,-0.04067757725715637,0.4708617031574249,0.6997502446174622,-0.06934423744678497,0.5454995036125183,0.6883659362792969,-0.09773721545934677,0.5995737314224243,0.696366012096405,-0.12704837322235107,0.4341365694999695,0.49250298738479614,-0.06337077170610428,0.4491114020347595,0.36827611923217773,-0.1017853170633316,0.4599464237689972,0.28192007541656494,-0.12515448033809662,0.4683436155319214,0.2101854383945465,-0.14068694412708282,0.37595900893211365,0.45491692423820496,-0.06188642233610153,0.3767991065979004,0.4997421205043793,-0.1256440281867981,0.36638161540031433,0.6094226837158203,-0.13790981471538544,0.3551720976829529,0.6927258968353271,-0.1312699019908905,0.31977081298828125,0.45572325587272644,-0.0628121867775917,0.31867629289627075,0.5349957942962646,-0.11615537106990814,0.31642287969589233,0.6305253505706787,-0.10749537497758865,0.31497621536254883,0.6999381184577942,-0.08640215545892715,0.26784732937812805,0.4723391532897949,-0.06849444657564163,0.27033859491348267,0.5364212393760681,-0.10182784497737885,0.2730303108692169,0.613882303237915,-0.09588290005922318,0.27856141328811646,0.6648185849189758,-0.0800272524356842
0.29083049297332764,0.7341229319572449,-7.52947837412421e-09,0.37800952792167664,0.7359079718589783,-0.041313450783491135,0.470365434885025,0.7026571035385132,-0.07045774906873703,0.5448575019836426,0.6940680146217346,-0.0992799773812294,0.5975303649902344,0.7031198740005493,-0.12892603874206543,0.4336610436439514,0.4930267632007599,-0.06394100189208984,0.4484623074531555,0.3666202425956726,-0.10192772001028061,0.45913243293762207,0.2792275846004486,-0.1252167671918869,0.46680977940559387,0.20651069283485413,-0.14089685678482056,0.3751834034919739,0.4540424346923828,-0.06233779340982437,0.37514346837997437,0.4994405508041382,-0.1262349784374237,0.36424824595451355,0.6085324883460999,-0.1392078548669815,0.351686030626297,0.6919013261795044,-0.13320566713809967,0.31902384757995605,0.45369812846183777,-0.06310327351093292,0.3167994022369385,0.5330815315246582,-0.1162562370300293,0.3153155446052551,0.6273683905601501,-0.10839780420064926,0.3140442967414856,0.6966843605041504,-0.08804339915513992,0.267221599817276,0.4692058563232422,-0.06870555877685547,0.2692655622959137,0.5339398384094238,-0.10193558782339096,0.27195221185684204,0.6107223629951477,-0.09658189117908478,0.27736717462539673,0.6616393327713013,-0.0812387764453888
0.28833481669425964,0.7331040501594543,1.320692533113288e-08,0.3757716119289398,0.735072910785675,-0.041528698056936264,0.4687308967113495,0.7049474120140076,-0.07078535854816437,0.5423071980476379,0.7008862495422363,-0.09995181858539581,0.5940714478492737,0.7115563154220581,-0.12980619072914124,0.43358251452445984,0.49220240116119385,-0.0625062957406044,0.44909578561782837,0.36635690927505493,-0.10054077208042145,0.46000128984451294,0.2795630395412445,-0.12364177405834198,0.46827879548072815,0.20775625109672546,-0.1391087770462036,0.3746754825115204,0.45347049832344055,-0.061331238597631454,0.37651970982551575,0.4952448606491089,-0.1254008412361145,0.3657169044017792,0.6022672653198242,-0.13899120688438416,0.3530934453010559,0.684316873550415,-0.13320906460285187,0.31766587495803833,0.45317667722702026,-0.06261276453733444,0.3157064616680145,0.5311650633811951,-0.1173069179058075,0.31355252861976624,0.6264429688453674,-0.11059438437223434,0.31175005435943604,0.6957867741584778,-0.09043515473604202,0.26475441455841064,0.46846482157707214,-0.06863615661859512,0.2667991518974304,0.5332222580909729,-0.10378305613994598,0.2693697512149811,0.6122087240219116,-0.09933473914861679,0.27438807487487793,0.6644304394721985,-0.08416067063808441
0.2886565923690796,0.7325804233551025,1.3400149434517061e-08,0.3766399025917053,0.7366231679916382,-0.04046007618308067,0.4699958264827728,0.7073084115982056,-0.06872770935297012,0.5434360504150391,0.7042152285575867,-0.09707958251237869,0.5946816205978394,0.7167471647262573,-0.12633904814720154,0.4350138008594513,0.49471399188041687,-0.06145058572292328,0.4511539936065674,0.36831581592559814,-0.09840182960033417,0.46218597888946533,0.2815413475036621,-0.12040349841117859,0.470854789018631,0.2101220190525055,-0.13504499197006226,0.3760790228843689,0.45746010541915894,-0.060571424663066864,0.3830714225769043,0.4944770038127899,-0.12474025785923004,0.37189990282058716,0.5992773175239563,-0.13887383043766022,0.35775256156921387,0.680770754814148,-0.1329520344734192,0.31960922479629517,0.4565265476703644,-0.06176791340112686,0.3212437927722931,0.5309105515480042,-0.11686743050813675,0.31724023818969727,0.6277892589569092,-0.11063071340322495,0.31302380561828613,0.6986165046691895,-0.09022577106952667,0.26695555448532104,0.4705491065979004,-0.06753996014595032,0.2724112272262573,0.5351046323776245,-0.10361088067293167,0.27452242374420166,0.6157066226005554,-0.09970370680093765,0.2781698703765869,0.6701058149337769,-0.08447427302598953
0.2900821566581726,0.7313117980957031,1.421394468792414e-08,0.37792903184890747,0.7344825267791748,-0.041519489139318466,0.4709342122077942,0.7069251537322998,-0.07113585621118546,0.5450023412704468,0.7040895223617554,-0.1008656769990921,0.5971847176551819,0.7172757983207703,-0.1312725841999054,0.43601909279823303,0.49534082412719727,-0.06288748979568481,0.4523391127586365,0.3691059350967407,-0.10054747015237808,0.46334943175315857,0.28216469287872314,-0.12296653538942337,0.4719552993774414,0.21087390184402466,-0.1377938985824585,0.3771127462387085,0.457713782787323,-0.062015555799007416,0.38262954354286194,0.4972967803478241,-0.12708181142807007,0.3712393045425415,0.6023749709129333,-0.14121130108833313,0.35697582364082336,0.6845061779022217,-0.13519585132598877,0.32104718685150146,0.4566912055015564,-0.0633930116891861,0.322103351354599,0.5334663987159729,-0.11861413717269897,0.3177298605442047,0.6293002963066101,-0.11190512031316757,0.31358039379119873,0.6993042230606079,-0.0911826640367508,0.26901036500930786,0.47059696912765503,-0.06955091655254364,0.27431178092956543,0.5339654684066772,-0.10446933656930923,0.2753531038761139,0.6125849485397339,-0.09969168156385422,0.278457909822464,0.6654344797134399,-0.08411404490470886
0.2914998531341553,0.7350099086761475,1.2002460358928602e-08,0.3790316581726074,0.7366460561752319,-0.04100591689348221,0.4720456600189209,0.7065696120262146,-0.06988178193569183,0.5453653931617737,0.7018340826034546,-0.09871376305818558,0.5969815254211426,0.7153720259666443,-0.12813714146614075,0.43724682927131653,0.4958372116088867,-0.06168443709611893,0.45351913571357727,0.37006914615631104,-0.0993427112698555,0.46436530351638794,0.2832113206386566,-0.12188753485679626,0.4726387858390808,0.21175411343574524,-0.13689394295215607,0.37814122438430786,0.4580468237400055,-0.060915231704711914,0.3835780918598175,0.4968879818916321,-0.12582257390022278,0.37272554636001587,0.6031106114387512,-0.13977740705013275,0.3588833510875702,0.6855812072753906,-0.13363036513328552,0.3219160735607147,0.4571828544139862,-0.062457699328660965,0.32324257493019104,0.5337110757827759,-0.11783050000667572,0.3197416365146637,0.630050003528595,-0.1111288070678711,0.3159993588924408,0.6997606754302979,-0.09043801575899124,0.2695341110229492,0.47152984142303467,-0.06870377063751221,0.2753713130950928,0.5358976125717163,-0.10428109019994736,0.27690795063972473,0.6156851649284363,-0.09978259354829788,0.28036895394325256,0.6683725714683533,-0.08432935178279877
0.29292380809783936,0.7321891188621521,2.0251734511589348e-08,0.3808160424232483,0.7355978488922119,-0.04077377915382385,0.47261661291122437,0.7068704962730408,-0.07010859251022339,0.5464870929718018,0.7025105953216553,-0.09948443621397018,0.5990763306617737,0.7154868245124817,-0.12962175905704498,0.43752342462539673,0.4947035312652588,-0.06362847983837128,0.45424777269363403,0.3681209683418274,-0.10115672647953033,0.4655207693576813,0.28144145011901855,-0.12330861389636993,0.47439852356910706,0.21022889018058777,-0.1380568891763687,0.3786165118217468,0.4568108320236206,-0.06276881694793701,0.38563016057014465,0.4977761507034302,-0.1268927901983261,0.3740881681442261,0.603050172328949,-0.14024673402309418,0.3592740595340729,0.6849178075790405,-0.13405488431453705,0.3224082887172699,0.4567294418811798,-0.06402082741260529,0.3252822756767273,0.5343930125236511,-0.11906012147665024,0.32071489095687866,0.6300902366638184,-0.1125158742070198,0.31581225991249084,0.7000719904899597,-0.09219889342784882,0.27056461572647095,0.4723755419254303,-0.06986791640520096,0.2769618630409241,0.5387130975723267,-0.10566050559282303,0.27783912420272827,0.617929220199585,-0.10166207700967789,0.28040623664855957,0.6709915399551392,-0.08661681413650513
0.29263293743133545,0.7343395948410034,1.9560454589395704e-08,0.3804498314857483,0.7366618514060974,-0.0414879247546196,0.4732951521873474,0.705364465713501,-0.07086215168237686,0.5469920039176941,0.6999270915985107,-0.09998087584972382,0.5997183322906494,0.7126205563545227,-0.1296219676733017,0.4387549161911011,0.4953083395957947,-0.06353204697370529,0.45554032921791077,0.3693718910217285,-0.10190577059984207,0.46708944439888,0.28267624974250793,-0.12474522739648819,0.47566932439804077,0.21061939001083374,-0.14007402956485748,0.3794865012168884,0.45653194189071655,-0.06268943846225739,0.38623830676078796,0.49577200412750244,-0.1279643326997757,0.375040203332901,0.6024520397186279,-0.1416218876838684,0.36030885577201843,0.6840609312057495,-0.13550987839698792,0.3230493664741516,0.4558506906032562,-0.06418195366859436,0.3259945511817932,0.5336576104164124,-0.12027502804994583,0.32169219851493835,0.6305086612701416,-0.11334817856550217,0.3172394633293152,0.6993494033813477,-0.09267126768827438,0.2706635594367981,0.47130778431892395,-0.07035760581493378,0.27792254090309143,0.5381177067756653,-0.10677015036344528,0.27937188744544983,0.6176739931106567,-0.10262585431337357,0.28288769721984863,0.6685842871665955,-0.08756105601787567
0.29270440340042114,0.7323023080825806,2.1119149096193723e-08,0.38029661774635315,0.734877347946167,-0.04107885807752609,0.47228264808654785,0.7051114439964294,-0.07066411525011063,0.5459404587745667,0.7001056671142578,-0.10010948032140732,0.5991683602333069,0.7116549015045166,-0.1301499605178833,0.4390455484390259,0.49410757422447205,-0.06399857252836227,0.45557117462158203,0.36816102266311646,-0.10256257653236389,0.46693477034568787,0.2819672226905823,-0.12551210820674896,0.4756501615047455,0.21033141016960144,-0.1409195512533188,0.3804175853729248,0.4548916816711426,-0.06333166360855103,0.3857111632823944,0.4969852864742279,-0.12822045385837555,0.3746553063392639,0.6031225919723511,-0.14189280569553375,0.36071816086769104,0.6841921806335449,-0.1359875500202179,0.32392364740371704,0.454619824886322,-0.06491979211568832,0.32491153478622437,0.5361284017562866,-0.12087053060531616,0.3210509419441223,0.6327277421951294,-0.11419295519590378,0.31728196144104004,0.7017026543617249,-0.09380784630775452,0.27157241106033325,0.4705424904823303,-0.07116367667913437,0.27668124437332153,0.5412111878395081,-0.10779023915529251,0.2783530354499817,0.6214436292648315,-0.10397718101739883,0.28230512142181396,0.6732317805290222,-0.08910153806209564
0.29440099000930786,0.7333486676216125,1.6313650874622e-08,0.3822365403175354,0.7367851734161377,-0.041447144001722336,0.4740118980407715,0.7061270475387573,-0.07093646377325058,0.5478553175926208,0.7006012201309204,-0.10006876289844513,0.600567102432251,0.7129858732223511,-0.129649817943573,0.439697265625,0.4971124231815338,-0.06532137840986252,0.456326961517334,0.3704705238342285,-0.10426820814609528,0.4673911929130554,0.2832355201244354,-0.1272679567337036,0.4756473898887634,0.2110379934310913,-0.14273931086063385,0.3800930380821228,0.4581538140773773,-0.06446119397878647,0.38706719875335693,0.49952226877212524,-0.12935008108615875,0.37677374482154846,0.6053298711776733,-0.14237482845783234,0.36340489983558655,0.6858615875244141,-0.13622097671031952,0.32319945096969604,0.4579102396965027,-0.065867580473423,0.32593411207199097,0.5390899777412415,-0.12105153501033783,0.3223513960838318,0.6349412202835083,-0.11321713030338287,0.3184471130371094,0.7026350498199463,-0.092529296875,0.27064061164855957,0.4737904667854309,-0.07209797948598862,0.2763604521751404,0.5442932844161987,-0.1079808697104454,0.27803680300712585,0.6238430142402649,-0.10347051173448563,0.2819291353225708,0.674479603767395,-0.08845767378807068
0.29462534189224243,0.7328784465789795,2.2831979862303342e-08,0.38192373514175415,0.7353399395942688,-0.04191407561302185,0.47435930371284485,0.7051358222961426,-0.07177194952964783,0.5481242537498474,0.7001552581787109,-0.10137785971164703,0.600663423538208,0.711553156375885,-0.13160237669944763,0.44014352560043335,0.4949119985103607,-0.06423292309045792,0.4568019509315491,0.369304358959198,-0.10310235619544983,0.4679517149925232,0.2834765911102295,-0.12604884803295135,0.47593432664871216,0.2116827666759491,-0.14125601947307587,0.3813827335834503,0.45652350783348083,-0.06311625987291336,0.3889472782611847,0.49712616205215454,-0.12796252965927124,0.3775298297405243,0.6041932702064514,-0.14126139879226685,0.3626098334789276,0.6840304136276245,-0.13494180142879486,0.3246780335903168,0.45636165142059326,-0.06435015797615051,0.32737457752227783,0.5353341102600098,-0.12075473368167877,0.32269349694252014,0.6327780485153198,-0.11377855390310287,0.31812408566474915,0.7006181478500366,-0.09294162690639496,0.27223914861679077,0.4719395935535431,-0.07020290940999985,0.27844542264938354,0.5404545068740845,-0.10682447999715805,0.27981865406036377,0.6212843060493469,-0.10238949209451675,0.2828935980796814,0.6728021502494812,-0.08698856085538864
0.30061885714530945,0.723691999912262,2.340723526117472e-08,0.3872893452644348,0.7237502336502075,-0.04062063246965408,0.4795205891132355,0.6915152072906494,-0.06944479048252106,0.5534432530403137,0.6855515241622925,-0.09825151413679123,0.6051790714263916,0.6976391673088074,-0.12787899374961853,0.4402119815349579,0.48309847712516785,-0.06251055747270584,0.45266321301460266,0.3578714430332184,-0.10013298690319061,0.45993879437446594,0.27212563157081604,-0.12213655561208725,0.4655870497226715,0.20111790299415588,-0.13671590387821198,0.3804204761981964,0.44902125000953674,-0.0618782639503479,0.39373978972435,0.48245900869369507,-0.1264704167842865,0.3845197558403015,0.5882918834686279,-0.1398557871580124,0.37046653032302856,0.6692853569984436,-0.13325339555740356,0.3242684006690979,0.4512763023376465,-0.0634063184261322,0.33265912532806396,0.5249156355857849,-0.1200154572725296,0.3291347622871399,0.6222427487373352,-0.1138208657503128,0.3241123855113983,0.6914703845977783,-0.09301105886697769,0.272396445274353,0.46824800968170166,-0.06932725757360458,0.28446757793426514,0.5308737754821777,-0.10642018169164658,0.28732824325561523,0.6119940876960754,-0.10246999561786652,0.2896156311035156,0.6658308506011963,-0.08720441162586212
0.30548667907714844,0.7228929996490479,2.0326742955489863e-08,0.38960936665534973,0.7207932472229004,-0.0403793528676033,0.4802648425102234,0.6844403743743896,-0.0686645582318306,0.5527066588401794,0.6737388968467712,-0.09663452208042145,0.6037655472755432,0.6831709146499634,-0.12502776086330414,0.4412953853607178,0.48066574335098267,-0.06180926039814949,0.45281344652175903,0.3545743227005005,-0.09943652153015137,0.4581792652606964,0.26951849460601807,-0.12047385424375534,0.46204882860183716,0.19887691736221313,-0.13433730602264404,0.3814064860343933,0.44866687059402466,-0.06158524006605148,0.39898401498794556,0.47526052594184875,-0.12641708552837372,0.3901864290237427,0.5827043056488037,-0.13855110108852386,0.3768845200538635,0.6635403633117676,-0.13083533942699432,0.325652152299881,0.4521948993206024,-0.06368330121040344,0.3391379415988922,0.523237943649292,-0.1202637329697609,0.33493584394454956,0.6212799549102783,-0.11249252408742905,0.3297567367553711,0.6880792379379272,-0.09074146300554276,0.27381208539009094,0.47003090381622314,-0.07018791884183884,0.2895912528038025,0.5325725674629211,-0.10628189891576767,0.29273879528045654,0.6128799319267273,-0.10132012516260147,0.29537349939346313,0.6628501415252686,-0.08578751981258392
0.30577510595321655,0.7248871326446533,2.3609597832319196e-08,0.38943031430244446,0.7232897281646729,-0.04090949892997742,0.4789121448993683,0.6844807863235474,-0.06913020461797714,0.5518180727958679,0.6717780828475952,-0.09675227105617523,0.604537844657898,0.6805506944656372,-0.12467288225889206,0.440083384513855,0.48233968019485474,-0.06198779121041298,0.45294439792633057,0.3570272922515869,-0.10051146894693375,0.45952120423316956,0.2717471122741699,-0.12235739827156067,0.46419116854667664,0.20068272948265076,-0.13674430549144745,0.3810630738735199,0.4507765769958496,-0.06129762530326843,0.3990364372730255,0.4766855835914612,-0.12701784074306488,0.3907107412815094,0.5840988159179688,-0.13947300612926483,0.3778025507926941,0.6649747490882874,-0.13182787597179413,0.3260589838027954,0.4543323516845703,-0.06309016048908234,0.3402780294418335,0.5250682234764099,-0.11989109218120575,0.33610349893569946,0.6218446493148804,-0.11181966215372086,0.33051905035972595,0.687072217464447,-0.08978474885225296,0.2747052311897278,0.47215521335601807,-0.06934544444084167,0.29123654961586,0.5338212251663208,-0.10500136017799377,0.29386162757873535,0.6113266348838806,-0.09964689612388611,0.29587236046791077,0.6581177711486816,-0.08391092717647552
0.30457499623298645,0.7301046848297119,-2.944430921303365e-09,0.38839784264564514,0.728374183177948,-0.0393478088080883,0.47813740372657776,0.6871798634529114,-0.06655357033014297,0.5509458184242249,0.6727461218833923,-0.09345193952322006,0.6035758852958679,0.6779391765594482,-0.12066986411809921,0.4404393434524536,0.4851014316082001,-0.06013217195868492,0.4529823958873749,0.36061590909957886,-0.0977257564663887,0.4606900215148926,0.2757077217102051,-0.11931130290031433,0.4662630558013916,0.20489537715911865,-0.13353541493415833,0.38189250230789185,0.45309168100357056,-0.059697479009628296,0.39758723974227905,0.48782268166542053,-0.12332835793495178,0.38974282145500183,0.5957942605018616,-0.13513429462909698,0.37803733348846436,0.675072431564331,-0.12782546877861023,0.32650119066238403,0.456704705953598,-0.06168325990438461,0.3405495285987854,0.5317261219024658,-0.11653101444244385,0.33587056398391724,0.627789318561554,-0.107594795525074,0.3303873836994171,0.6917043924331665,-0.08572736382484436,0.27462321519851685,0.4746203124523163,-0.06807655841112137,0.2916375994682312,0.5364698767662048,-0.10169150680303574,0.29397282004356384,0.6122926473617554,-0.09517955780029297,0.29570484161376953,0.6573799848556519,-0.07908815890550613
0.30208244919776917,0.7344774603843689,-1.531603999183062e-08,0.3869682252407074,0.734145998954773,-0.03914353996515274,0.4786638021469116,0.6919838786125183,-0.06591376662254333,0.5522001385688782,0.6749994158744812,-0.09205839037895203,0.6038660407066345,0.6778812408447266,-0.11848074942827225,0.43933600187301636,0.49093517661094666,-0.06287787109613419,0.45258334279060364,0.36576130986213684,-0.10051655024290085,0.46090003848075867,0.28024929761886597,-0.12253551930189133,0.46724697947502136,0.2088373899459839,-0.1372673064470291,0.38064882159233093,0.45568132400512695,-0.061890535056591034,0.3942220211029053,0.496654748916626,-0.12426865845918655,0.3881731629371643,0.6052125692367554,-0.13521310687065125,0.3780950903892517,0.6853533983230591,-0.1282147616147995,0.3250228762626648,0.45804888010025024,-0.06311166286468506,0.3378824293613434,0.5363108515739441,-0.11557170748710632,0.3345766067504883,0.632231593132019,-0.10527005791664124,0.32996097207069397,0.6975203156471252,-0.08372998982667923,0.2732066810131073,0.4754817485809326,-0.0689677745103836,0.2891806960105896,0.5405457615852356,-0.10139018297195435,0.29134535789489746,0.6170093417167664,-0.09462862461805344,0.2933320701122284,0.6635295152664185,-0.0789376050233841
0.30298587679862976,0.7229260802268982,-2.1040616360323838e-08,0.38614219427108765,0.7214938402175903,-0.03809007629752159,0.47630688548088074,0.6774082183837891,-0.0639304518699646,0.5489113330841064,0.6553850173950195,-0.0894070565700531,0.6012012362480164,0.6567517518997192,-0.11551094800233841,0.43575599789619446,0.4808483123779297,-0.062206875532865524,0.4497488737106323,0.3589603900909424,-0.0986243411898613,0.4587792456150055,0.27483856678009033,-0.1200619637966156,0.46681421995162964,0.2052622139453888,-0.1342230886220932,0.37755367159843445,0.4472792148590088,-0.06144247204065323,0.39228081703186035,0.4868409335613251,-0.12252280861139297,0.3857276439666748,0.591925859451294,-0.1329789012670517,0.3755466341972351,0.6712061166763306,-0.12568290531635284,0.32275134325027466,0.45012366771698,-0.06265852600336075,0.33614328503608704,0.5251864790916443,-0.11373893171548843,0.3320832848548889,0.6191105246543884,-0.10275596380233765,0.327182412147522,0.6854782104492188,-0.0806756317615509,0.2717549800872803,0.46762847900390625,-0.06846656650304794,0.2897074520587921,0.5237447023391724,-0.099178247153759,0.2906781733036041,0.5984829068183899,-0.09108567237854004,0.29068347811698914,0.6469807624816895,-0.07445157319307327
0.29818931221961975,0.7160898447036743,-1.8868833606688895e-08,0.37984028458595276,0.7167876958847046,-0.039630211889743805,0.4712669253349304,0.6729418039321899,-0.0663403794169426,0.5462121367454529,0.6515445709228516,-0.09242600947618484,0.6010205745697021,0.6520345211029053,-0.11915279924869537,0.4342808723449707,0.4733482599258423,-0.06120515242218971,0.4511978030204773,0.3538919687271118,-0.09807199239730835,0.46164393424987793,0.2695133686065674,-0.12027766555547714,0.4712398648262024,0.19922193884849548,-0.13502612709999084,0.3774557411670685,0.4387379586696625,-0.05972334370017052,0.3928063213825226,0.48000916838645935,-0.12173689901828766,0.3838638663291931,0.5886517763137817,-0.13252253830432892,0.37258338928222656,0.6682780385017395,-0.1253947615623474,0.32270610332489014,0.4410431385040283,-0.06055046617984772,0.3370705246925354,0.5107971429824829,-0.11341901123523712,0.3316844403743744,0.60802161693573,-0.10181092470884323,0.32646644115448,0.6758623123168945,-0.07890597730875015,0.27088651061058044,0.4583127796649933,-0.06594060361385345,0.2898373007774353,0.5086579918861389,-0.09843552112579346,0.2911337912082672,0.5846995115280151,-0.08987035602331161,0.29154059290885925,0.633978545665741,-0.07250701636075974
0.2985231578350067,0.7143235206604004,-2.9012358737645627e-08,0.380842924118042,0.7142333984375,-0.03846970573067665,0.47237512469291687,0.6696071028709412,-0.06430628150701523,0.5469118356704712,0.6475831866264343,-0.08972036838531494,0.6009917259216309,0.6486063003540039,-0.11570083349943161,0.43361592292785645,0.4695245921611786,-0.059556830674409866,0.44956985116004944,0.3512709140777588,-0.09590468555688858,0.45955753326416016,0.26812684535980225,-0.11788956820964813,0.46904945373535156,0.19887328147888184,-0.132718026638031,0.3766977787017822,0.4348687529563904,-0.058753956109285355,0.3902484178543091,0.4778994917869568,-0.12042756378650665,0.38114848732948303,0.5861163139343262,-0.13122262060642242,0.37054508924484253,0.6657544374465942,-0.12426452338695526,0.32203781604766846,0.4375799894332886,-0.0602741502225399,0.33526477217674255,0.5112769603729248,-0.11219451576471329,0.3296624422073364,0.6069273352622986,-0.10064192861318588,0.32507503032684326,0.6735845804214478,-0.07817517220973969,0.2704527974128723,0.4555368721485138,-0.0664151981472969,0.2881201505661011,0.509568452835083,-0.09808483719825745,0.28893423080444336,0.583700954914093,-0.08990517258644104,0.2901358902454376,0.6307242512702942,-0.07316500693559647
0.2984423041343689,0.7108568549156189,-2.316006941782689e-08,0.380019873380661,0.7117675542831421,-0.03848746791481972,0.4715394973754883,0.6683512330055237,-0.0647076666355133,0.545901358127594,0.646307110786438,-0.09058777987957001,0.5998338460922241,0.6462678909301758,-0.11716993898153305,0.4329974353313446,0.467237263917923,-0.05995488166809082,0.4489522874355316,0.3476722240447998,-0.09597158432006836,0.4590432047843933,0.26392531394958496,-0.11766622960567474,0.4683966040611267,0.19472894072532654,-0.13214674592018127,0.3759292960166931,0.43279343843460083,-0.05906013399362564,0.3897714614868164,0.4763038456439972,-0.1202048510313034,0.38118621706962585,0.5841445922851562,-0.13093101978302002,0.370491087436676,0.6636776924133301,-0.12404763698577881,0.3210642337799072,0.4356897473335266,-0.060365933924913406,0.3339640200138092,0.5083489418029785,-0.11206773668527603,0.3288630545139313,0.6045078635215759,-0.10046856105327606,0.3242739140987396,0.6720782518386841,-0.07802759110927582,0.2691740393638611,0.4536965787410736,-0.06622704118490219,0.286700040102005,0.5060247182846069,-0.09754979610443115,0.2877393066883087,0.5812699794769287,-0.08878869563341141,0.28856170177459717,0.6299442648887634,-0.07162896543741226
0.29856300354003906,0.7093557119369507,-1.4696746930553672e-08,0.38055551052093506,0.7092068791389465,-0.03863446041941643,0.4710911810398102,0.6650272607803345,-0.06456395983695984,0.5447442531585693,0.6429688334465027,-0.09035556018352509,0.5986394882202148,0.6439064145088196,-0.11691445112228394,0.43105918169021606,0.4644986093044281,-0.05895904451608658,0.4473959803581238,0.34568920731544495,-0.09429145604372025,0.4578169584274292,0.2618083357810974,-0.11543596535921097,0.46757471561431885,0.19228056073188782,-0.12956808507442474,0.3737051486968994,0.43117278814315796,-0.05813094601035118,0.3883587419986725,0.47293323278427124,-0.11934544891119003,0.38139528036117554,0.5790220499038696,-0.13056771457195282,0.37152960896492004,0.6595276594161987,-0.12378690391778946,0.3195230960845947,0.4343242347240448,-0.05947941169142723,0.33444181084632874,0.5056541562080383,-0.11190301924943924,0.3297725319862366,0.6024647355079651,-0.10122799128293991,0.3249562978744507,0.6721099615097046,-0.07888646423816681,0.2686687111854553,0.4524489641189575,-0.06538227200508118,0.28814268112182617,0.5041929483413696,-0.09808025509119034,0.289167582988739,0.5803302526473999,-0.09028147906064987,0.2896162271499634,0.6315288543701172,-0.07329050451517105
0.2963550090789795,0.7067707180976868,-2.0871851802439778e-08,0.37859490513801575,0.7070733308792114,-0.037978142499923706,0.47021207213401794,0.6619057059288025,-0.06357792019844055,0.5445435643196106,0.6396061778068542,-0.08903847634792328,0.598652184009552,0.640265703201294,-0.1152200698852539,0.4302681088447571,0.4630963206291199,-0.05881843715906143,0.44618484377861023,0.34158074855804443,-0.09427571296691895,0.45614537596702576,0.2573004961013794,-0.11522292345762253,0.4659339189529419,0.18763884902000427,-0.12922845780849457,0.3731074333190918,0.42939478158950806,-0.05809399485588074,0.38753774762153625,0.4708709418773651,-0.11974862217903137,0.37918806076049805,0.5789778232574463,-0.13041844964027405,0.36906129121780396,0.6593962907791138,-0.12318677455186844,0.31877225637435913,0.4321081340312958,-0.05957850068807602,0.3329569399356842,0.5026388764381409,-0.11157985031604767,0.3278464674949646,0.5990199446678162,-0.10000958293676376,0.3235175907611847,0.667211651802063,-0.0773717537522316,0.26776790618896484,0.4501195549964905,-0.06556441634893417,0.28606975078582764,0.5018897652626038,-0.09697932749986649,0.2862795293331146,0.5769628286361694,-0.08834139257669449,0.286765992641449,0.6255616545677185,-0.07117227464914322
0.29706212878227234,0.7042667269706726,-1.7484975245452006e-08,0.3783716559410095,0.7049535512924194,-0.039477188140153885,0.4701513648033142,0.6600213050842285,-0.06570131331682205,0.5444929003715515,0.637677788734436,-0.0913076177239418,0.598947286605835,0.6371600031852722,-0.11742890626192093,0.43080106377601624,0.4593881368637085,-0.05976933613419533,0.4470587372779846,0.33898866176605225,-0.09584019333124161,0.45680874586105347,0.2553589642047882,-0.11734665185213089,0.4658784568309784,0.1857096254825592,-0.13182130455970764,0.37372198700904846,0.42675620317459106,-0.058535389602184296,0.38883671164512634,0.46696144342422485,-0.12025011330842972,0.38077783584594727,0.5752257704734802,-0.13100257515907288,0.37063536047935486,0.6529878377914429,-0.12404835969209671,0.3193427324295044,0.43014487624168396,-0.05968372896313667,0.33467867970466614,0.4990576207637787,-0.1130417138338089,0.3294798731803894,0.5963693857192993,-0.10140790790319443,0.32457074522972107,0.6619909405708313,-0.07858549058437347,0.26794952154159546,0.44782042503356934,-0.0653318241238594,0.2883906662464142,0.49741101264953613,-0.09836196899414062,0.2889254093170166,0.5745759606361389,-0.08956754952669144,0.2889265716075897,0.6226309537887573,-0.072088822722435
0.2978038191795349,0.7021002769470215,-2.2442439018277582e-08,0.37941181659698486,0.7022515535354614,-0.03881045803427696,0.47111156582832336,0.657599687576294,-0.06464457511901855,0.5452214479446411,0.6349819302558899,-0.09000609070062637,0.5989527702331543,0.6345721483230591,-0.11599330604076385,0.43060383200645447,0.4586021304130554,-0.06043652445077896,0.446682333946228,0.3374544084072113,-0.09663718193769455,0.4565362334251404,0.25331538915634155,-0.1180301085114479,0.46562668681144714,0.18339908123016357,-0.13226735591888428,0.3730279803276062,0.4252570569515228,-0.059332188218832016,0.38778039813041687,0.46462857723236084,-0.12154406309127808,0.37992459535598755,0.5720171928405762,-0.13234443962574005,0.3693959414958954,0.6517452597618103,-0.12505395710468292,0.3189391493797302,0.42787688970565796,-0.06047477945685387,0.3337041139602661,0.4990178346633911,-0.11346211284399033,0.32887810468673706,0.5954415798187256,-0.10244299471378326,0.3243253827095032,0.6626761555671692,-0.0798712894320488,0.26813244819641113,0.4452732503414154,-0.06612302362918854,0.28749561309814453,0.4985746145248413,-0.0988018736243248,0.28769269585609436,0.5745265483856201,-0.09091902524232864,0.28810641169548035,0.6228408813476562,-0.07402761280536652
0.29934021830558777,0.6936052441596985,9.074764828476134e-10,0.3796570301055908,0.693673312664032,-0.03938164561986923,0.47066545486450195,0.6464931964874268,-0.06510890275239944,0.5449034571647644,0.6240251064300537,-0.0902465283870697,0.5997031927108765,0.6274473071098328,-0.11601477861404419,0.42987334728240967,0.4505522847175598,-0.060371700674295425,0.4473106861114502,0.32941365242004395,-0.09642075002193451,0.45717060565948486,0.24480262398719788,-0.11760631948709488,0.4663366377353668,0.17472854256629944,-0.13175956904888153,0.37230685353279114,0.4188632369041443,-0.05919359624385834,0.38964298367500305,0.45428213477134705,-0.12194259464740753,0.3818926215171814,0.5635305643081665,-0.13228434324264526,0.371086061000824,0.6440684795379639,-0.12441122531890869,0.31754669547080994,0.4229089915752411,-0.06028347462415695,0.33573758602142334,0.48625341057777405,-0.11412044614553452,0.33078715205192566,0.5856599807739258,-0.10141938179731369,0.3242029547691345,0.6543216705322266,-0.07732070237398148,0.26567280292510986,0.44135135412216187,-0.06590023636817932,0.2894895076751709,0.48547589778900146,-0.09942951053380966,0.29064151644706726,0.5630537867546082,-0.09009307622909546,0.2888755798339844,0.6134617328643799,-0.0719175711274147
0.2988317012786865,0.6945392489433289,-3.459782149661805e-08,0.3810543417930603,0.6937671303749084,-0.039932020008563995,0.4714483916759491,0.6467548608779907,-0.0660184696316719,0.5460872650146484,0.6240102052688599,-0.09133952856063843,0.6005456447601318,0.6234524250030518,-0.11728890240192413,0.43194282054901123,0.45006901025772095,-0.060135889798402786,0.4471780061721802,0.3314785659313202,-0.09691713005304337,0.456717312335968,0.2478497326374054,-0.11860064417123795,0.4650905132293701,0.1783459186553955,-0.13303326070308685,0.3738296329975128,0.4181133210659027,-0.058684445917606354,0.38885632157325745,0.453005313873291,-0.12153663486242294,0.379776269197464,0.562908411026001,-0.13222736120224,0.3684461712837219,0.6435507535934448,-0.1245628148317337,0.3190682530403137,0.4222060441970825,-0.05971512943506241,0.33512115478515625,0.4891498386859894,-0.11378894001245499,0.32945698499679565,0.5864642262458801,-0.10248393565416336,0.32400280237197876,0.6526076197624207,-0.07940587401390076,0.26733970642089844,0.44065576791763306,-0.06522651761770248,0.28778424859046936,0.4899601340293884,-0.09880425781011581,0.28909850120544434,0.5664857625961304,-0.09060947597026825,0.2898460626602173,0.6139142513275146,-0.07338476181030273
0.29990771412849426,0.6926851868629456,-9.514580234792902e-09,0.3809165358543396,0.6929944753646851,-0.039937034249305725,0.47207558155059814,0.6465929746627808,-0.06597594916820526,0.5463536977767944,0.6231886148452759,-0.09126833826303482,0.6007741689682007,0.6221480965614319,-0.11703884601593018,0.43180015683174133,0.44843006134033203,-0.05999748408794403,0.4476560354232788,0.3276548981666565,-0.09648741781711578,0.4574603736400604,0.24429115653038025,-0.11772772669792175,0.4665203392505646,0.1750064492225647,-0.13183481991291046,0.37382686138153076,0.4164991080760956,-0.05871712043881416,0.39055418968200684,0.451511412858963,-0.12175070494413376,0.382527619600296,0.5607031583786011,-0.13247454166412354,0.37179768085479736,0.6408959627151489,-0.12466547638177872,0.3192806839942932,0.42032578587532043,-0.059888698160648346,0.3358905017375946,0.48820599913597107,-0.11401505023241043,0.33057183027267456,0.5863544344902039,-0.10251468420028687,0.32503414154052734,0.6526936292648315,-0.07920532673597336,0.2678799629211426,0.43861058354377747,-0.06557033956050873,0.2885221242904663,0.48959654569625854,-0.09893713891506195,0.289545476436615,0.5669934153556824,-0.09046434611082077,0.28977078199386597,0.6146730780601501,-0.07297948747873306
0.30080562829971313,0.6944451332092285,-2.5746471621346245e-08,0.3823862671852112,0.6937551498413086,-0.03996574133634567,0.4718375504016876,0.6474939584732056,-0.06617016345262527,0.5463942289352417,0.6245493292808533,-0.0918213427066803,0.6006882190704346,0.6229079961776733,-0.11810686439275742,0.4339805841445923,0.44943249225616455,-0.05893382430076599,0.4497721493244171,0.3310908079147339,-0.09589696675539017,0.45943695306777954,0.24744045734405518,-0.11780369281768799,0.46804553270339966,0.17843526601791382,-0.13225151598453522,0.37597835063934326,0.4181271493434906,-0.057792868465185165,0.3924430012702942,0.4515593945980072,-0.12137807160615921,0.38338008522987366,0.5605843663215637,-0.13285160064697266,0.37154126167297363,0.6410937905311584,-0.12535829842090607,0.3211513161659241,0.4220317304134369,-0.05919869244098663,0.33784839510917664,0.48760125041007996,-0.11445535719394684,0.3320631980895996,0.5861465334892273,-0.10379724949598312,0.32615822553634644,0.6532588005065918,-0.08064138144254684,0.26911404728889465,0.439940869808197,-0.06501276791095734,0.28976044058799744,0.4893295168876648,-0.09943783283233643,0.2905515134334564,0.5669921636581421,-0.09141425043344498,0.2905234098434448,0.6157099008560181,-0.07396308332681656
0.3008744716644287,0.6942877173423767,-1.1427883528369875e-08,0.38218799233436584,0.6938121914863586,-0.03955831378698349,0.47247129678726196,0.6473844051361084,-0.06549424678087234,0.5468898415565491,0.6237092018127441,-0.09083394706249237,0.6011855602264404,0.621455729007721,-0.11667041480541229,0.4338303804397583,0.4500211775302887,-0.05894618108868599,0.4497402012348175,0.3314722776412964,-0.09581038355827332,0.4595167338848114,0.24785958230495453,-0.11743376404047012,0.4684444069862366,0.17875492572784424,-0.13176476955413818,0.37550705671310425,0.4184868335723877,-0.05815694108605385,0.39262712001800537,0.4504513442516327,-0.12173859030008316,0.38433653116226196,0.5594658851623535,-0.13281074166297913,0.37333881855010986,0.6406872272491455,-0.12499455362558365,0.3207288682460785,0.42248350381851196,-0.059912849217653275,0.3383616507053375,0.4891640245914459,-0.11444882303476334,0.3328801095485687,0.5866620540618896,-0.10318940132856369,0.3272210359573364,0.6529520153999329,-0.07988291233778,0.2690519690513611,0.4408063292503357,-0.06616081297397614,0.2906206250190735,0.491417795419693,-0.09954840689897537,0.29127103090286255,0.5677538514137268,-0.09121812880039215,0.29131001234054565,0.6146421432495117,-0.07387986779212952
0.301658034324646,0.6954413056373596,-3.23341282637557e-08,0.38329246640205383,0.6945963501930237,-0.03892907500267029,0.47314944863319397,0.6467612981796265,-0.06430966407060623,0.5476893782615662,0.6227430105209351,-0.08916398882865906,0.60141921043396,0.6210474967956543,-0.11462273448705673,0.43423882126808167,0.4499090313911438,-0.058932650834321976,0.449619323015213,0.33180737495422363,-0.0953090563416481,0.45895594358444214,0.24837711453437805,-0.11690878123044968,0.46745941042900085,0.1794777810573578,-0.13130930066108704,0.3762701451778412,0.4180176258087158,-0.05811268836259842,0.3923577070236206,0.45410412549972534,-0.12084956467151642,0.3839562237262726,0.5619683265686035,-0.13196906447410583,0.37319499254226685,0.6423839330673218,-0.12461861968040466,0.321666419506073,0.4222210645675659,-0.059683218598365784,0.3391757607460022,0.4903257191181183,-0.11341718584299088,0.33362245559692383,0.5872532725334167,-0.10244743525981903,0.328212171792984,0.6543146371841431,-0.07968495041131973,0.27021777629852295,0.44090861082077026,-0.065732941031456,0.2914204001426697,0.49238768219947815,-0.0991101861000061,0.29205816984176636,0.5683680176734924,-0.09131872653961182,0.2925579249858856,0.6160682439804077,-0.07442887127399445
0.301493376493454,0.6949485540390015,-2.57156269611869e-08,0.3831362724304199,0.6942555904388428,-0.038885969668626785,0.4727556109428406,0.6469845771789551,-0.06439251452684402,0.5475005507469177,0.6227927803993225,-0.08943364024162292,0.6022061109542847,0.6217151284217834,-0.11521109938621521,0.43399831652641296,0.45064008235931396,-0.0592733658850193,0.44942665100097656,0.33202552795410156,-0.09527434408664703,0.45858851075172424,0.24779188632965088,-0.11648362874984741,0.4672163724899292,0.17845091223716736,-0.1304832398891449,0.3763743042945862,0.41857483983039856,-0.05819692835211754,0.3924969434738159,0.45453080534935,-0.12064968049526215,0.3845488429069519,0.5606811046600342,-0.13190649449825287,0.3738592267036438,0.6412621736526489,-0.12447599321603775,0.32222846150398254,0.4220049977302551,-0.05935915559530258,0.33844292163848877,0.49070262908935547,-0.11310559511184692,0.33317020535469055,0.5872110724449158,-0.1027994379401207,0.3276185095310211,0.6552498936653137,-0.08011738210916519,0.2710134983062744,0.43966925144195557,-0.06494520604610443,0.2916698157787323,0.4908432960510254,-0.09833415597677231,0.2924238443374634,0.5673410296440125,-0.09074769914150238,0.29244735836982727,0.6171751618385315,-0.073691226541996
0.29739031195640564,0.7071841359138489,-3.779103607826073e-08,0.3794812262058258,0.7057867646217346,-0.03936844691634178,0.47000572085380554,0.6583606004714966,-0.06545878201723099,0.544253945350647,0.6339135766029358,-0.0911245048046112,0.5987701416015625,0.6326979994773865,-0.11748207360506058,0.4310270845890045,0.4628211259841919,-0.05998363718390465,0.44570446014404297,0.34110474586486816,-0.09680399298667908,0.45531800389289856,0.2566203773021698,-0.11876603960990906,0.4641154706478119,0.18641886115074158,-0.13344433903694153,0.37337177991867065,0.4306582510471344,-0.0587683767080307,0.38698825240135193,0.4690171778202057,-0.12122870236635208,0.3791680335998535,0.5768568515777588,-0.13228465616703033,0.36923661828041077,0.6549843549728394,-0.12535972893238068,0.31853657960891724,0.4334396719932556,-0.05995409935712814,0.3329322934150696,0.5000518560409546,-0.1135818213224411,0.32805484533309937,0.5977888107299805,-0.10220620781183243,0.3233872056007385,0.6650429964065552,-0.0794287919998169,0.2667160630226135,0.4506196081638336,-0.06566231697797775,0.2852041721343994,0.5007510781288147,-0.09910981357097626,0.28591999411582947,0.5774161219596863,-0.09094273298978806,0.28649482131004333,0.6261552572250366,-0.07379479706287384
0.29448258876800537,0.7022293210029602,-1.6105115463460606e-08,0.37407729029655457,0.6988399028778076,-0.03959868103265762,0.4647957980632782,0.6473835110664368,-0.06553635746240616,0.5383115410804749,0.6205969452857971,-0.09062903374433517,0.593383252620697,0.6180331110954285,-0.1161046251654625,0.4225582778453827,0.4538631737232208,-0.05949464812874794,0.43713948130607605,0.33363988995552063,-0.09586762636899948,0.44550102949142456,0.2505033612251282,-0.11734501272439957,0.45382171869277954,0.18103694915771484,-0.13181518018245697,0.3646872043609619,0.4232994616031647,-0.058294087648391724,0.3827173411846161,0.45814216136932373,-0.12041651457548141,0.3759007751941681,0.5675210356712341,-0.1307893991470337,0.36620399355888367,0.6459312438964844,-0.12337782233953476,0.30982351303100586,0.4284042418003082,-0.059573594480752945,0.3286173939704895,0.4926784932613373,-0.11301491409540176,0.3246069550514221,0.5918262600898743,-0.10013364255428314,0.31921541690826416,0.6576127409934998,-0.07640118896961212,0.25748610496520996,0.44809842109680176,-0.0653739646077156,0.2807192802429199,0.4930400550365448,-0.0983920767903328,0.2837448716163635,0.5705792307853699,-0.08874497562646866,0.2840021550655365,0.6180788278579712,-0.070747509598732
0.2923834025859833,0.7027362585067749,-1.8801516787902983e-08,0.3736443519592285,0.698737621307373,-0.04051588848233223,0.4634169638156891,0.647652268409729,-0.06713242828845978,0.5374927520751953,0.6216049194335938,-0.0927804708480835,0.5931742191314697,0.6184871196746826,-0.1187780350446701,0.42217138409614563,0.45498591661453247,-0.06169269233942032,0.434858500957489,0.33218109607696533,-0.09858771413564682,0.44154876470565796,0.24674537777900696,-0.12010876089334488,0.4479703903198242,0.17545294761657715,-0.13447198271751404,0.3633091151714325,0.4247491955757141,-0.060074929147958755,0.3789389431476593,0.45828884840011597,-0.12294432520866394,0.37279579043388367,0.5663191080093384,-0.1336732655763626,0.3641275465488434,0.6452297568321228,-0.12627561390399933,0.3080928325653076,0.4291030764579773,-0.060909826308488846,0.32451486587524414,0.49437376856803894,-0.1149091124534607,0.3215334415435791,0.5914368033409119,-0.10318497568368912,0.31765425205230713,0.6571851968765259,-0.07996498793363571,0.2559581995010376,0.4477063715457916,-0.06629279255867004,0.2775319218635559,0.49299687147140503,-0.09970393776893616,0.2804572582244873,0.5698346495628357,-0.090841144323349,0.2815844416618347,0.6181354522705078,-0.07315336167812347
0.2919025421142578,0.7010793685913086,-2.0554413282525275e-08,0.37288448214530945,0.6970441341400146,-0.040208134800195694,0.4618194103240967,0.6470198631286621,-0.06714007258415222,0.5357528924942017,0.6201620101928711,-0.09328172355890274,0.5911699533462524,0.6171274185180664,-0.12009793519973755,0.4211903512477875,0.45373204350471497,-0.06348294019699097,0.4337834417819977,0.3325365483760834,-0.10075955837965012,0.43985575437545776,0.24672278761863708,-0.12283462285995483,0.44608744978904724,0.17533546686172485,-0.13753552734851837,0.36181771755218506,0.4230058193206787,-0.062079355120658875,0.377239853143692,0.4591405689716339,-0.12560032308101654,0.3710904121398926,0.5659717321395874,-0.13691359758377075,0.36232736706733704,0.6467635035514832,-0.12979935109615326,0.3063582181930542,0.42749661207199097,-0.06287919729948044,0.3227735161781311,0.49453163146972656,-0.11678645759820938,0.3201954662799835,0.591279923915863,-0.10543102771043777,0.3163166642189026,0.660166323184967,-0.0824006050825119,0.2539922297000885,0.4462953209877014,-0.06830839067697525,0.2759646773338318,0.49294307827949524,-0.10212045162916183,0.2797583341598511,0.5700421929359436,-0.09400155395269394,0.28152209520339966,0.6213833689689636,-0.07665003091096878
0.29133862257003784,0.7003381848335266,-3.7102577010728055e-08,0.3723899722099304,0.6950690746307373,-0.04073478281497955,0.4615340828895569,0.6421113014221191,-0.06764073669910431,0.5361179113388062,0.6143030524253845,-0.09339722990989685,0.5919819474220276,0.6107524037361145,-0.11965828388929367,0.42002907395362854,0.44979527592658997,-0.06338717043399811,0.43156737089157104,0.32849830389022827,-0.10137095302343369,0.4366645812988281,0.24284866452217102,-0.12412971258163452,0.44095316529273987,0.17058870196342468,-0.13939416408538818,0.36106523871421814,0.4204464554786682,-0.06184833124279976,0.3764229714870453,0.4552892744541168,-0.12545044720172882,0.3699588477611542,0.56410151720047,-0.13657653331756592,0.36085113883018494,0.6430802345275879,-0.12946665287017822,0.30584079027175903,0.4262206554412842,-0.06271958351135254,0.3228091597557068,0.49269136786460876,-0.11738300323486328,0.31978142261505127,0.5904889702796936,-0.105621337890625,0.3154810965061188,0.6567068696022034,-0.08228916674852371,0.25333231687545776,0.4461025595664978,-0.06817912310361862,0.2760668396949768,0.4919576048851013,-0.10244292765855789,0.2800740599632263,0.5693975687026978,-0.09378321468830109,0.2819385528564453,0.6179435849189758,-0.07613822817802429
0.29379940032958984,0.7044380903244019,-5.2143668938242627e-08,0.3746746778488159,0.6998974084854126,-0.04009724408388138,0.463589072227478,0.6491039991378784,-0.06662356108427048,0.5374329090118408,0.6215002536773682,-0.09225993603467941,0.592544436454773,0.617660641670227,-0.11861936748027802,0.4230309724807739,0.4561147093772888,-0.061959605664014816,0.43466103076934814,0.33584216237068176,-0.09902474284172058,0.4401566982269287,0.25094112753868103,-0.12125234305858612,0.4452773332595825,0.17980080842971802,-0.13609540462493896,0.36461180448532104,0.4270341396331787,-0.060304149985313416,0.3788629472255707,0.4617426097393036,-0.12265690416097641,0.37198713421821594,0.5683327913284302,-0.13374128937721252,0.36286142468452454,0.6459944248199463,-0.12695550918579102,0.3099086880683899,0.431758314371109,-0.06099028140306473,0.3259824216365814,0.49529632925987244,-0.1150168776512146,0.3222987651824951,0.5923715233802795,-0.10390742123126984,0.31803131103515625,0.6596226692199707,-0.08120199292898178,0.2581334114074707,0.45026102662086487,-0.06617087125778198,0.28001153469085693,0.4942798614501953,-0.1006171852350235,0.28280961513519287,0.5717635154724121,-0.09265660494565964,0.28414392471313477,0.6223986148834229,-0.07545904815196991
0.29349321126937866,0.7080718874931335,-3.335281917316024e-08,0.3742936849594116,0.7045927047729492,-0.04050064831972122,0.46345430612564087,0.6566751003265381,-0.06736103445291519,0.537295937538147,0.6311784982681274,-0.09337707608938217,0.5919486284255981,0.6283237934112549,-0.12016317248344421,0.4251975119113922,0.46447473764419556,-0.06243567913770676,0.43905702233314514,0.345547080039978,-0.10009584575891495,0.44654619693756104,0.26064515113830566,-0.12230826914310455,0.4540150761604309,0.19007465243339539,-0.13689790666103363,0.36744624376296997,0.4333709180355072,-0.06075660511851311,0.3825345039367676,0.46657922863960266,-0.124080590903759,0.3735469579696655,0.5735284090042114,-0.13520261645317078,0.36290568113327026,0.6526291370391846,-0.12779398262500763,0.3126309812068939,0.43649017810821533,-0.061447080224752426,0.3280651569366455,0.5012804269790649,-0.11647535115480423,0.3219136893749237,0.5991132259368896,-0.10539290308952332,0.3162364959716797,0.6667481660842896,-0.08207660168409348,0.2602140009403229,0.4532703161239624,-0.06661789864301682,0.2807745039463043,0.49875810742378235,-0.10141763836145401,0.28215712308883667,0.5767661333084106,-0.09333522617816925,0.2825605273246765,0.6275811791419983,-0.07576123625040054
0.2944589853286743,0.7021749019622803,2.5448569473951466e-08,0.37455353140830994,0.7017829418182373,-0.04170240834355354,0.46600818634033203,0.6633334159851074,-0.07016674429178238,0.5403796434402466,0.6515061855316162,-0.09800424426794052,0.5950201153755188,0.6582910418510437,-0.12642422318458557,0.42895010113716125,0.46349188685417175,-0.062166739255189896,0.4454399347305298,0.3397896885871887,-0.09904654324054718,0.45600390434265137,0.2556246519088745,-0.12068238109350204,0.46487271785736084,0.18533113598823547,-0.13487771153450012,0.37158942222595215,0.42987313866615295,-0.06002368405461311,0.3838755190372467,0.4632740318775177,-0.1227707639336586,0.37501010298728943,0.5713948011398315,-0.13416819274425507,0.3633759915828705,0.6505812406539917,-0.12699206173419952,0.3165912330150604,0.43084776401519775,-0.060330551117658615,0.32760465145111084,0.493770033121109,-0.11401388049125671,0.3238102197647095,0.5912139415740967,-0.10343168675899506,0.319569855928421,0.6584581136703491,-0.08067120611667633,0.2645561695098877,0.44558751583099365,-0.06525053828954697,0.28003057837486267,0.4918961524963379,-0.09835269302129745,0.28323081135749817,0.5680618286132812,-0.09005948901176453,0.2853300869464874,0.6164872646331787,-0.07245852798223495
0.2922900915145874,0.6977434158325195,1.0711601383661673e-08,0.37493622303009033,0.6987331509590149,-0.04071184620261192,0.4660647511482239,0.6649406552314758,-0.06937753409147263,0.5386549830436707,0.6587736010551453,-0.09789250046014786,0.5915762186050415,0.6714239120483398,-0.12696342170238495,0.43146762251853943,0.4587754011154175,-0.0607885904610157,0.4461914002895355,0.3350505828857422,-0.09808264672756195,0.45530110597610474,0.24969413876533508,-0.12069028615951538,0.46263402700424194,0.17879554629325867,-0.13568559288978577,0.373161643743515,0.4240458309650421,-0.05964037775993347,0.3837408423423767,0.4611075222492218,-0.12348581850528717,0.37337207794189453,0.5692710876464844,-0.13610324263572693,0.36001017689704895,0.6498899459838867,-0.1294526904821396,0.3175629675388336,0.4248483180999756,-0.0608920119702816,0.3265073001384735,0.49089619517326355,-0.11544516682624817,0.32252606749534607,0.5884699821472168,-0.10606304556131363,0.31803464889526367,0.6574077606201172,-0.08376895636320114,0.26530957221984863,0.43996506929397583,-0.0667281374335289,0.27885985374450684,0.48937851190567017,-0.1010352298617363,0.2809724807739258,0.5657179355621338,-0.09385837614536285,0.28301048278808594,0.6155011057853699,-0.07672689855098724
0.29068493843078613,0.7055517435073853,-1.3210279981024087e-08,0.37459596991539,0.7069721817970276,-0.04136740416288376,0.46653327345848083,0.6736686825752258,-0.07021761685609818,0.5392752289772034,0.6690444350242615,-0.09863708168268204,0.5914709568023682,0.6822579503059387,-0.1275469809770584,0.4344560503959656,0.46524766087532043,-0.0613919235765934,0.44772928953170776,0.3404974937438965,-0.09924878925085068,0.455132395029068,0.2537692189216614,-0.1217944473028183,0.46046891808509827,0.18163040280342102,-0.13670586049556732,0.37579429149627686,0.43080222606658936,-0.06025323271751404,0.3876544237136841,0.4622983932495117,-0.12530766427516937,0.3763229548931122,0.5710840821266174,-0.13845139741897583,0.3616262972354889,0.6510775685310364,-0.131658673286438,0.3194502294063568,0.4310932457447052,-0.06150257959961891,0.3272412419319153,0.4970499873161316,-0.11871551722288132,0.3215793967247009,0.5973469018936157,-0.1103222444653511,0.3158414959907532,0.6660071611404419,-0.08778896927833557,0.2656462788581848,0.4448944926261902,-0.06713629513978958,0.2786761224269867,0.4943174123764038,-0.10396569222211838,0.28062134981155396,0.5741235017776489,-0.09749520570039749,0.2825872600078583,0.6253029108047485,-0.08032689988613129
0.287101686000824,0.7202194929122925,-1.3299366052876849e-08,0.3748304843902588,0.7192535996437073,-0.04371732100844383,0.46955350041389465,0.6832456588745117,-0.07434868067502975,0.5459076762199402,0.6744431853294373,-0.10439968854188919,0.6020556688308716,0.6869588494300842,-0.1347282975912094,0.4336903989315033,0.4685737192630768,-0.06418721377849579,0.4462909698486328,0.33973169326782227,-0.10397651046514511,0.45251011848449707,0.2494695484638214,-0.12800151109695435,0.45616236329078674,0.17359322309494019,-0.14430104196071625,0.37232401967048645,0.4320029318332672,-0.06319650262594223,0.37940412759780884,0.46646642684936523,-0.13141600787639618,0.36937955021858215,0.581159770488739,-0.1453302651643753,0.3566969335079193,0.6657150983810425,-0.13857480883598328,0.3138566315174103,0.4336267411708832,-0.06484544277191162,0.3174701929092407,0.5053638219833374,-0.12373586744070053,0.3154795169830322,0.6093673706054688,-0.11463087052106857,0.3134855031967163,0.680493950843811,-0.09148962050676346,0.2586842477321625,0.4507163166999817,-0.07132843881845474,0.26621949672698975,0.5070654153823853,-0.10891985893249512,0.2713279128074646,0.5892521739006042,-0.10234703868627548,0.2777019441127777,0.6406009793281555,-0.0850338265299797
0.2889917194843292,0.7231073379516602,-3.906216239357718e-09,0.37739765644073486,0.7222742438316345,-0.04383712634444237,0.4727373719215393,0.6863717436790466,-0.07453326880931854,0.5493291020393372,0.6788849234580994,-0.10477001219987869,0.6051816940307617,0.6909153461456299,-0.13539361953735352,0.43448999524116516,0.469896137714386,-0.06453797221183777,0.44619667530059814,0.33860906958580017,-0.10390179604291916,0.4519871771335602,0.2476472556591034,-0.12746688723564148,0.45558393001556396,0.17212802171707153,-0.14318417012691498,0.37320056557655334,0.43461987376213074,-0.0630955845117569,0.3807607591152191,0.47065648436546326,-0.13019166886806488,0.3709712028503418,0.5827732086181641,-0.14394477009773254,0.3580922782421112,0.6659289002418518,-0.13740964233875275,0.31422877311706543,0.43619921803474426,-0.06424650549888611,0.3177841305732727,0.5082859396934509,-0.1226191446185112,0.31560736894607544,0.6104444265365601,-0.11398743093013763,0.31284797191619873,0.6808455586433411,-0.09131186455488205,0.25814980268478394,0.4521465301513672,-0.07020561397075653,0.2669382095336914,0.50721275806427,-0.10732192546129227,0.2717967629432678,0.5896041393280029,-0.10059985518455505,0.27662190794944763,0.6422030925750732,-0.08321224898099899
0.2939428687095642,0.728167712688446,2.2016008460745695e-10,0.3815881609916687,0.7257214784622192,-0.04352930933237076,0.4760039448738098,0.6878208518028259,-0.07400169223546982,0.5519769787788391,0.677448034286499,-0.1039784848690033,0.6062231659889221,0.685996949672699,-0.1343374401330948,0.43640872836112976,0.4730631411075592,-0.06520043313503265,0.44862061738967896,0.34114548563957214,-0.1050366684794426,0.45418861508369446,0.25032278895378113,-0.12847502529621124,0.45775920152664185,0.17475876212120056,-0.14391358196735382,0.37449127435684204,0.4387429654598236,-0.06399757415056229,0.38616979122161865,0.4717262089252472,-0.13202844560146332,0.37535372376441956,0.5862732529640198,-0.14507415890693665,0.3612518608570099,0.6708290576934814,-0.13755284249782562,0.315085768699646,0.44154343008995056,-0.0653810054063797,0.32284578680992126,0.5114392638206482,-0.12446419894695282,0.3191489279270172,0.6147058606147766,-0.11487212777137756,0.31495603919029236,0.6851717829704285,-0.09126743674278259,0.25901103019714355,0.45888596773147583,-0.07147617638111115,0.27084776759147644,0.5114538073539734,-0.10863515734672546,0.27560853958129883,0.5937661528587341,-0.10117796063423157,0.27955007553100586,0.6458083987236023,-0.08328543603420258
0.2951662242412567,0.7234293818473816,-3.098421075264923e-08,0.3815210461616516,0.7163570523262024,-0.042271438986063004,0.47450482845306396,0.6752011179924011,-0.07224484533071518,0.550395667552948,0.6570593118667603,-0.10170101374387741,0.6057814955711365,0.6591744422912598,-0.13153550028800964,0.43309494853019714,0.46829429268836975,-0.06532847881317139,0.44234591722488403,0.3425070643424988,-0.10532396286725998,0.4448026120662689,0.2528265714645386,-0.12949717044830322,0.4458081126213074,0.17757341265678406,-0.14571616053581238,0.37157225608825684,0.43375885486602783,-0.06452400982379913,0.38113850355148315,0.47098833322525024,-0.13087481260299683,0.37262555956840515,0.5821514129638672,-0.14345233142375946,0.36100316047668457,0.6643489599227905,-0.13657590746879578,0.3130425214767456,0.43766409158706665,-0.06620606034994125,0.32086047530174255,0.511959433555603,-0.12314995378255844,0.31837454438209534,0.6115050315856934,-0.11307628452777863,0.3155460059642792,0.6802854537963867,-0.09015458822250366,0.2579144835472107,0.45697852969169617,-0.07269255071878433,0.2699007987976074,0.5129767060279846,-0.10868756473064423,0.27453362941741943,0.5926002264022827,-0.10157442837953568,0.2790246307849884,0.6431493163108826,-0.0844191461801529
0.2895854711532593,0.7274214625358582,-2.3773564450380036e-08,0.37122267484664917,0.7218574285507202,-0.03938852995634079,0.46555668115615845,0.6658872961997986,-0.0643501877784729,0.5426461696624756,0.6313995122909546,-0.08858788013458252,0.5994856357574463,0.6256593465805054,-0.11356417834758759,0.42654284834861755,0.480663925409317,-0.058452852070331573,0.4439399540424347,0.36444753408432007,-0.0955621525645256,0.4512947201728821,0.28088146448135376,-0.11743620038032532,0.4583521783351898,0.21108606457710266,-0.13201215863227844,0.36841094493865967,0.4494379460811615,-0.05769357457756996,0.3875627815723419,0.47787225246429443,-0.12145079672336578,0.3756555914878845,0.5827760100364685,-0.13338245451450348,0.3615226745605469,0.6602543592453003,-0.1260141283273697,0.31230801343917847,0.4514692425727844,-0.059427112340927124,0.3294428288936615,0.5126773118972778,-0.114863321185112,0.3217737674713135,0.6116989254951477,-0.10371877253055573,0.3140262961387634,0.6791104078292847,-0.08010365068912506,0.25800323486328125,0.4672262370586395,-0.0654987320303917,0.2796569764614105,0.5133115649223328,-0.10028134286403656,0.2814321517944336,0.5919838547706604,-0.09206658601760864,0.2817201018333435,0.6420770287513733,-0.07444942742586136
0.28899091482162476,0.7260451316833496,-2.5100407086142695e-08,0.37191107869148254,0.7220969796180725,-0.03977956995368004,0.46645718812942505,0.6690792441368103,-0.06572217494249344,0.5431400537490845,0.6375782489776611,-0.09078621864318848,0.5998690724372864,0.6333737969398499,-0.11664634197950363,0.4242149591445923,0.4773510694503784,-0.05983138829469681,0.4400906264781952,0.3597698211669922,-0.09660448133945465,0.4466096758842468,0.27580368518829346,-0.11844407021999359,0.4530507028102875,0.20481684803962708,-0.13310378789901733,0.3658870458602905,0.4458693563938141,-0.058936841785907745,0.38526687026023865,0.47528260946273804,-0.12192323803901672,0.37438708543777466,0.581540048122406,-0.13372798264026642,0.3609660863876343,0.6588805317878723,-0.12671050429344177,0.30931180715560913,0.4487572908401489,-0.06029944494366646,0.3270692527294159,0.508507251739502,-0.1156499832868576,0.32017576694488525,0.6084510087966919,-0.10441473126411438,0.31272149085998535,0.6763047575950623,-0.08085331320762634,0.2552146911621094,0.46569910645484924,-0.06594888120889664,0.2777467966079712,0.509067714214325,-0.10106842964887619,0.2804962396621704,0.5889925956726074,-0.09246408194303513,0.2808895707130432,0.6405832767486572,-0.07444728165864944
0.28885215520858765,0.7288374900817871,-2.5623377197803165e-08,0.37154239416122437,0.7233685851097107,-0.03963741660118103,0.46705085039138794,0.6703383922576904,-0.06553124636411667,0.5448026657104492,0.639729917049408,-0.09065914899110794,0.602082371711731,0.6365469098091125,-0.11661382764577866,0.4258418679237366,0.48021399974823,-0.059198830276727676,0.44271552562713623,0.36424317955970764,-0.09572573751211166,0.4503425359725952,0.2817191481590271,-0.11727086454629898,0.45771074295043945,0.2122117578983307,-0.13179582357406616,0.36750322580337524,0.44788575172424316,-0.05818668007850647,0.38548460602760315,0.4806738793849945,-0.12004175782203674,0.37396275997161865,0.5855121612548828,-0.13138559460639954,0.36085474491119385,0.6604769229888916,-0.12445420771837234,0.3108491897583008,0.45084723830223083,-0.05954809486865997,0.326936274766922,0.5151715874671936,-0.11371210217475891,0.3192308247089386,0.6130833029747009,-0.1025887280702591,0.31214308738708496,0.6784440279006958,-0.07962444424629211,0.25672829151153564,0.4683493673801422,-0.06528863310813904,0.27748140692710876,0.5152266025543213,-0.09963967651128769,0.2799217104911804,0.594550371170044,-0.09142635017633438,0.2808823585510254,0.6447263956069946,-0.07401906698942184
0.28941357135772705,0.7307159900665283,-5.4485710165863566e-08,0.3739299476146698,0.7247340083122253,-0.03863389045000076,0.46947619318962097,0.6727930307388306,-0.06400340795516968,0.5465182662010193,0.6413946747779846,-0.08888866007328033,0.6032447218894958,0.6370798945426941,-0.11477693170309067,0.4298275113105774,0.48212921619415283,-0.05827726051211357,0.4485616087913513,0.3673830032348633,-0.09519757330417633,0.4566321074962616,0.285175085067749,-0.11708659678697586,0.4637333154678345,0.2162209153175354,-0.13154615461826324,0.3717087209224701,0.448496013879776,-0.05766625702381134,0.38990622758865356,0.4828943908214569,-0.11995949596166611,0.3753357529640198,0.5885576605796814,-0.13103336095809937,0.3594050109386444,0.664832592010498,-0.12363670766353607,0.31490564346313477,0.4502696692943573,-0.05954109504818916,0.3307921588420868,0.5169919729232788,-0.11318224668502808,0.3213411271572113,0.6137670874595642,-0.10201868414878845,0.3133000135421753,0.6789858341217041,-0.07910113036632538,0.2599654495716095,0.46648988127708435,-0.06578346341848373,0.27886563539505005,0.516656219959259,-0.09861646592617035,0.2797314524650574,0.5937643647193909,-0.09015850722789764,0.28043442964553833,0.6420432925224304,-0.07283986359834671
0.29020044207572937,0.7292672395706177,-1.3506706864063744e-08,0.3731171190738678,0.725433886051178,-0.04030817747116089,0.46919170022010803,0.6738550662994385,-0.0664607509970665,0.5475772619247437,0.6429815292358398,-0.09173621982336044,0.6047848463058472,0.6387767791748047,-0.1176358088850975,0.4301099479198456,0.48355329036712646,-0.05969960615038872,0.45061418414115906,0.36746516823768616,-0.09729430079460144,0.46005958318710327,0.2857346534729004,-0.11907463520765305,0.4687480926513672,0.21687188744544983,-0.13350369036197662,0.3722141981124878,0.4501672685146332,-0.058665595948696136,0.3924625515937805,0.4816271662712097,-0.12226297706365585,0.37925466895103455,0.5875675082206726,-0.1335059106349945,0.36461302638053894,0.6633453965187073,-0.12587298452854156,0.3156670928001404,0.45142367482185364,-0.06028936430811882,0.3339308202266693,0.5171302556991577,-0.11532209068536758,0.32484370470046997,0.6145592927932739,-0.10385385900735855,0.3165862560272217,0.678489089012146,-0.08037827908992767,0.26125410199165344,0.4670884311199188,-0.06638932973146439,0.2822461724281311,0.5177472233772278,-0.10047794878482819,0.2834157943725586,0.5956653356552124,-0.09219204634428024,0.283854603767395,0.6428744792938232,-0.07478372752666473
0.29130202531814575,0.7260059714317322,-7.292270787218058e-09,0.3743317127227783,0.7222962379455566,-0.04051356762647629,0.4692193865776062,0.6752669811248779,-0.06749796867370605,0.5473425388336182,0.6517978310585022,-0.09390221536159515,0.6058825254440308,0.6522851586341858,-0.12110037356615067,0.4333188235759735,0.4803014099597931,-0.05924009904265404,0.45437106490135193,0.36402130126953125,-0.09704600274562836,0.46524372696876526,0.2817365825176239,-0.11927928775548935,0.4751155972480774,0.21276727318763733,-0.133818119764328,0.37588995695114136,0.4464590549468994,-0.05843288451433182,0.39587658643722534,0.4783049523830414,-0.12265773117542267,0.38104915618896484,0.584436297416687,-0.134881392121315,0.3645894229412079,0.661366879940033,-0.12757174670696259,0.31955021619796753,0.44757503271102905,-0.06024239584803581,0.336032509803772,0.5129475593566895,-0.1163177415728569,0.32611536979675293,0.6111961007118225,-0.1059446632862091,0.31723469495773315,0.6765137910842896,-0.08260311931371689,0.26520904898643494,0.46296072006225586,-0.06644276529550552,0.2847454845905304,0.511459469795227,-0.10100843757390976,0.2856462001800537,0.5902451872825623,-0.09256239980459213,0.2858251631259918,0.639393150806427,-0.07461363077163696
0.29259127378463745,0.7217267751693726,1.2458389875291687e-08,0.3740940988063812,0.720030665397644,-0.04141577333211899,0.46729832887649536,0.6748039126396179,-0.06898506730794907,0.5434263348579407,0.6533613204956055,-0.09587062150239944,0.6010671854019165,0.6548151969909668,-0.12328784167766571,0.4361497759819031,0.4788362681865692,-0.05988885462284088,0.4578257203102112,0.36029309034347534,-0.0986320748925209,0.468494176864624,0.27656278014183044,-0.12119203060865402,0.4786570966243744,0.2066257894039154,-0.13585498929023743,0.3781193494796753,0.4452802240848541,-0.059120092540979385,0.3983667194843292,0.4747229218482971,-0.1251416653394699,0.3835780918598175,0.5800955295562744,-0.13803419470787048,0.36776119470596313,0.6564213633537292,-0.13070541620254517,0.32195472717285156,0.4457155168056488,-0.061084434390068054,0.3393472135066986,0.5103468298912048,-0.11947252601385117,0.32842060923576355,0.610460638999939,-0.10941019654273987,0.3190923035144806,0.6761422157287598,-0.08557157963514328,0.26833879947662354,0.46036669611930847,-0.06746605038642883,0.2894774377346039,0.5091439485549927,-0.10400346666574478,0.28690338134765625,0.5906126499176025,-0.09579984843730927,0.2843966484069824,0.6410219669342041,-0.07757086306810379
0.2910076379776001,0.7250626683235168,9.019974100965555e-08,0.3744009733200073,0.7287376523017883,-0.04442710429430008,0.4673203229904175,0.6944113373756409,-0.07559827715158463,0.5461791157722473,0.6922249794006348,-0.106666699051857,0.6069282293319702,0.7095094919204712,-0.13832077383995056,0.44434666633605957,0.4882661700248718,-0.061713505536317825,0.47086358070373535,0.36476969718933105,-0.10275053232908249,0.4874357581138611,0.2798396348953247,-0.1267261505126953,0.5019283890724182,0.21016061305999756,-0.14191019535064697,0.386313259601593,0.45165005326271057,-0.060770194977521896,0.4049651622772217,0.4833719730377197,-0.13021661341190338,0.38834547996520996,0.5868600606918335,-0.14568199217319489,0.3712712824344635,0.6639930605888367,-0.1391448825597763,0.32956403493881226,0.44962647557258606,-0.0628480613231659,0.3423449695110321,0.521796703338623,-0.1237405389547348,0.33036136627197266,0.6213186383247375,-0.11634259670972824,0.3208672106266022,0.6874881386756897,-0.093143530189991,0.2753511071205139,0.46192657947540283,-0.06964530795812607,0.29079297184944153,0.517961323261261,-0.10717380046844482,0.28823184967041016,0.5990426540374756,-0.09984058886766434,0.28702348470687866,0.6494891047477722,-0.08138803392648697
0.2875850796699524,0.730689287185669,7.293477466419063e-08,0.3718719184398651,0.7335588932037354,-0.04292963072657585,0.4637196958065033,0.700218677520752,-0.07377112656831741,0.5392271280288696,0.7033036947250366,-0.10479386150836945,0.595922589302063,0.7274978756904602,-0.13626383244991302,0.4454641044139862,0.4996209144592285,-0.06441937386989594,0.4739015996456146,0.37483227252960205,-0.10646037757396698,0.49217528104782104,0.28949058055877686,-0.13108357787132263,0.5075162053108215,0.21921083331108093,-0.14678871631622314,0.3873147964477539,0.45870113372802734,-0.06430912017822266,0.40428033471107483,0.5000567436218262,-0.13427411019802094,0.38443446159362793,0.6045462489128113,-0.14888474345207214,0.36484646797180176,0.6808716058731079,-0.1420498639345169,0.3295435905456543,0.45357194542884827,-0.06700069457292557,0.3407984673976898,0.5342795252799988,-0.1266823410987854,0.32690608501434326,0.6320403814315796,-0.11808434873819351,0.3163047432899475,0.6976639032363892,-0.09471000730991364,0.27401241660118103,0.4640168845653534,-0.07457448542118073,0.28908035159111023,0.5262616276741028,-0.11097394675016403,0.28608983755111694,0.6059143543243408,-0.10334140062332153,0.28488677740097046,0.6562193036079407,-0.0850551575422287
0.28553447127342224,0.7313510179519653,6.612722813770233e-08,0.3684293329715729,0.7293137311935425,-0.04015939310193062,0.4550676941871643,0.6966406106948853,-0.07105367630720139,0.5260983109474182,0.705609917640686,-0.10280796140432358,0.5810548067092896,0.7318440079689026,-0.1350327730178833,0.4434604048728943,0.4975125789642334,-0.06278442591428757,0.47448524832725525,0.372206449508667,-0.10479292273521423,0.4947804808616638,0.28812503814697266,-0.1295875906944275,0.5113922357559204,0.218325674533844,-0.14549921452999115,0.3876343071460724,0.4572979211807251,-0.06389295309782028,0.4066610634326935,0.504272997379303,-0.1327117383480072,0.3857492506504059,0.6056224703788757,-0.14784622192382812,0.36479079723358154,0.6764322519302368,-0.14204815030097961,0.3315935432910919,0.4521282911300659,-0.06757206469774246,0.34350451827049255,0.5381912589073181,-0.12580452859401703,0.33031925559043884,0.6319162845611572,-0.11843607574701309,0.31930309534072876,0.692026674747467,-0.09671689569950104,0.2778838872909546,0.46247315406799316,-0.07595445960760117,0.292227566242218,0.5323526263237,-0.11168954521417618,0.28966760635375977,0.6108991503715515,-0.10515426844358444,0.2882085144519806,0.6582229137420654,-0.08795329928398132
0.287151575088501,0.7311399579048157,4.5158078165741244e-08,0.3695313334465027,0.730786144733429,-0.04154802858829498,0.457486093044281,0.6979182362556458,-0.07296109944581985,0.5286826491355896,0.6990185976028442,-0.10492824763059616,0.5845628976821899,0.7185882925987244,-0.1372690349817276,0.44452646374702454,0.49617379903793335,-0.06337413936853409,0.4725642800331116,0.3720107972621918,-0.10606442391872406,0.4914301931858063,0.2878842353820801,-0.13166561722755432,0.5067740678787231,0.21797695755958557,-0.14817127585411072,0.38826456665992737,0.4564427137374878,-0.0641523078083992,0.406497597694397,0.5027241706848145,-0.1333233118057251,0.38726353645324707,0.6061844229698181,-0.14866119623184204,0.367458701133728,0.6766374707221985,-0.1430724412202835,0.33142605423927307,0.45207998156547546,-0.06763892620801926,0.3422704339027405,0.5361737012863159,-0.1268976628780365,0.32985979318618774,0.6333353519439697,-0.11860180646181107,0.32001858949661255,0.6944253444671631,-0.09615614265203476,0.2767387628555298,0.4629291296005249,-0.07592069357633591,0.2904941439628601,0.5290513634681702,-0.11253032833337784,0.2878633737564087,0.6093133687973022,-0.105206698179245,0.286535382270813,0.6570674180984497,-0.08741190284490585
0.2893053889274597,0.7444764375686646,3.1008642764618344e-08,0.3779633939266205,0.74989914894104,-0.04157983511686325,0.47554904222488403,0.7163642048835754,-0.0708080604672432,0.5537740588188171,0.7041339874267578,-0.09994804114103317,0.6106677055358887,0.7120828032493591,-0.1295793354511261,0.4414650499820709,0.5059923529624939,-0.06482917815446854,0.46751558780670166,0.3805381655693054,-0.10421562194824219,0.48606646060943604,0.296183705329895,-0.1268450766801834,0.5020158886909485,0.2267153263092041,-0.1416231244802475,0.3823281526565552,0.4645962119102478,-0.06413139402866364,0.4010438024997711,0.5111044645309448,-0.1295519769191742,0.3832477033138275,0.6152967214584351,-0.1418076455593109,0.3635387420654297,0.6908047199249268,-0.13503579795360565,0.32435983419418335,0.4612221419811249,-0.065949946641922,0.33896616101264954,0.5462311506271362,-0.12104091048240662,0.3269038796424866,0.6383813619613647,-0.11173499375581741,0.3173116445541382,0.7002720236778259,-0.09017574787139893,0.2699921429157257,0.47461190819740295,-0.0726223811507225,0.2872117757797241,0.5441533327102661,-0.10612520575523376,0.28534144163131714,0.6202174425125122,-0.09966666996479034,0.2850520610809326,0.6670131087303162,-0.08369556069374084
0.28595593571662903,0.7442501783370972,7.02158828858046e-08,0.37336236238479614,0.7452424764633179,-0.04264520853757858,0.47033417224884033,0.7131460905075073,-0.07379251718521118,0.5501376390457153,0.7113429307937622,-0.10517939180135727,0.6094000339508057,0.7324156165122986,-0.13692079484462738,0.44078001379966736,0.5006645917892456,-0.06319060921669006,0.46859800815582275,0.37850189208984375,-0.10353904217481613,0.4877909719944,0.29567551612854004,-0.12705667316913605,0.5045617818832397,0.22778335213661194,-0.14259223639965057,0.38266804814338684,0.46011626720428467,-0.06316960602998734,0.4027555584907532,0.5066194534301758,-0.1296505182981491,0.3840855658054352,0.6117007732391357,-0.14284346997737885,0.36377307772636414,0.686151921749115,-0.1364629715681076,0.3249625265598297,0.45776835083961487,-0.06604639440774918,0.34050318598747253,0.5428169369697571,-0.12243001908063889,0.32773151993751526,0.6358753442764282,-0.11376680433750153,0.3178286850452423,0.696260929107666,-0.09219466149806976,0.2705079913139343,0.47216176986694336,-0.07394056022167206,0.2875964641571045,0.5406259298324585,-0.1080620214343071,0.28435590863227844,0.6178807020187378,-0.10158228874206543,0.2832624316215515,0.6639263033866882,-0.08544976264238358
0.2899622321128845,0.7293784022331238,8.007158669443015e-08,0.37547871470451355,0.7312206625938416,-0.04341338202357292,0.4717986285686493,0.6996840238571167,-0.07475033402442932,0.5508291721343994,0.6976873874664307,-0.10597023367881775,0.6094626188278198,0.7188791632652283,-0.13770321011543274,0.4433278441429138,0.4908026456832886,-0.06390875577926636,0.47110337018966675,0.3717586398124695,-0.10413062572479248,0.48962661623954773,0.29000580310821533,-0.12766475975513458,0.5063834190368652,0.2229522466659546,-0.14296506345272064,0.3851572871208191,0.4518139958381653,-0.06335823237895966,0.4069332778453827,0.49244651198387146,-0.12993863224983215,0.3883214294910431,0.5958402156829834,-0.14340202510356903,0.3681642711162567,0.6714258790016174,-0.1369335949420929,0.3277067542076111,0.44926002621650696,-0.06566919386386871,0.3456966280937195,0.528163731098175,-0.12295369058847427,0.3315856456756592,0.6214091181755066,-0.11453209817409515,0.32030820846557617,0.6832791566848755,-0.09246201813220978,0.27331608533859253,0.4623740315437317,-0.07286917418241501,0.2947339415550232,0.5219602584838867,-0.10769602656364441,0.29104936122894287,0.5996741056442261,-0.10064132511615753,0.2884201407432556,0.6480472087860107,-0.08373487740755081
0.2930627465248108,0.7338231205940247,1.0038273501322692e-07,0.37736329436302185,0.7342261672019958,-0.04356280341744423,0.47242164611816406,0.7007224559783936,-0.07490833103656769,0.55061274766922,0.6979658603668213,-0.10599096864461899,0.6094850301742554,0.7189745903015137,-0.13736581802368164,0.4432666003704071,0.49286454916000366,-0.06312771886587143,0.47132980823516846,0.37487083673477173,-0.10364200919866562,0.49019578099250793,0.2942637801170349,-0.12717944383621216,0.5069013237953186,0.22797241806983948,-0.14257654547691345,0.38490137457847595,0.45434123277664185,-0.06275347620248795,0.40867844223976135,0.49314844608306885,-0.12950365245342255,0.3910806179046631,0.5976307988166809,-0.14281371235847473,0.3711029589176178,0.671860933303833,-0.1361834853887558,0.3276393413543701,0.45250391960144043,-0.06540173292160034,0.3475291132926941,0.5309070944786072,-0.12305991351604462,0.3341703712940216,0.6245940923690796,-0.11461992561817169,0.32307136058807373,0.6840406656265259,-0.09259187430143356,0.2737275958061218,0.4667915105819702,-0.07289264351129532,0.2957761287689209,0.5280393958091736,-0.10809546709060669,0.2922619581222534,0.6061460375785828,-0.10118193924427032,0.28942638635635376,0.6524579524993896,-0.08447461575269699
0.2960796356201172,0.726678192615509,7.829296322370283e-08,0.3804638981819153,0.7249009609222412,-0.04249601811170578,0.47516724467277527,0.6889592409133911,-0.07269726693630219,0.5529210567474365,0.6814585328102112,-0.10255785286426544,0.6110820174217224,0.6953589916229248,-0.13275866210460663,0.43951210379600525,0.4830736517906189,-0.06257465481758118,0.46379145979881287,0.364349901676178,-0.10167834162712097,0.48098450899124146,0.2839733958244324,-0.12397980690002441,0.49636396765708923,0.2182353138923645,-0.13829301297664642,0.3806212842464447,0.4476386606693268,-0.06188492476940155,0.40338218212127686,0.48332569003105164,-0.12664231657981873,0.3892784118652344,0.5874699354171753,-0.13896511495113373,0.3720918297767639,0.6630985736846924,-0.13193528354167938,0.3238801956176758,0.44803908467292786,-0.06402871012687683,0.3436551094055176,0.5247838497161865,-0.11974313855171204,0.33219295740127563,0.6173092722892761,-0.11085041612386703,0.3223557472229004,0.6764637231826782,-0.08887704461812973,0.27073776721954346,0.4634123742580414,-0.07091527432203293,0.2934800684452057,0.5211538076400757,-0.1038864254951477,0.2921138107776642,0.5969492197036743,-0.0962207093834877,0.2903863191604614,0.6416120529174805,-0.0794224813580513
0.2961178421974182,0.7237629294395447,5.408756464930775e-08,0.3794558048248291,0.7193392515182495,-0.04132284224033356,0.4743715226650238,0.6801204085350037,-0.07087426632642746,0.5512287616729736,0.6669353246688843,-0.10010765492916107,0.6086488366127014,0.6751358509063721,-0.12977012991905212,0.43399229645729065,0.47639498114585876,-0.062425609678030014,0.45538750290870667,0.3579903244972229,-0.10122968256473541,0.4711116850376129,0.27829882502555847,-0.12364222854375839,0.4854643940925598,0.21239051222801208,-0.13807184994220734,0.37582242488861084,0.44121360778808594,-0.061828430742025375,0.3973405361175537,0.47954604029655457,-0.12589162588119507,0.3837931454181671,0.5841304063796997,-0.13823829591274261,0.3669327199459076,0.6591892242431641,-0.13149304687976837,0.3193366527557373,0.442381352186203,-0.06384971737861633,0.3368329405784607,0.5207651257514954,-0.11883766949176788,0.3266831040382385,0.6129671931266785,-0.11004585027694702,0.31815105676651,0.6722078919410706,-0.08843155205249786,0.2659844160079956,0.45879459381103516,-0.0704520121216774,0.2868594229221344,0.5168501734733582,-0.10301259160041809,0.2877352833747864,0.591775119304657,-0.09546037018299103,0.28773099184036255,0.6361950039863586,-0.07883350551128387
0.29619842767715454,0.7270205020904541,3.037350992940446e-08,0.37990811467170715,0.7163068652153015,-0.04268578812479973,0.4708740711212158,0.6730358004570007,-0.07342475652694702,0.5466761589050293,0.6585185527801514,-0.10359124094247818,0.6038596034049988,0.6647261381149292,-0.1340775489807129,0.42340797185897827,0.4721865952014923,-0.0645977184176445,0.43217092752456665,0.3475118577480316,-0.1030869409441948,0.43661871552467346,0.2626357674598694,-0.1254437416791916,0.4409348666667938,0.19202286005020142,-0.13997040688991547,0.3620797097682953,0.44299209117889404,-0.0633087009191513,0.3824889063835144,0.47586145997047424,-0.12777496874332428,0.3756899833679199,0.5819002985954285,-0.14044389128684998,0.3643835186958313,0.6607580780982971,-0.1336735188961029,0.3050658702850342,0.44893670082092285,-0.06439410895109177,0.3241109549999237,0.5193440318107605,-0.1189238429069519,0.3209284842014313,0.6133602857589722,-0.10965143889188766,0.31657224893569946,0.6769923567771912,-0.08751367777585983,0.25188881158828735,0.4687710404396057,-0.07028482854366302,0.2735111713409424,0.5212907791137695,-0.10292608290910721,0.2803947329521179,0.5975621938705444,-0.09508843719959259,0.28471070528030396,0.6456282138824463,-0.07787906378507614
0.3035653233528137,0.7163033485412598,-1.2254084857943326e-08,0.3866139054298401,0.706297755241394,-0.040259771049022675,0.47527772188186646,0.6608949303627014,-0.06919630616903305,0.5485280156135559,0.6424341797828674,-0.09755644202232361,0.6028951406478882,0.6453216671943665,-0.1263880878686905,0.42474865913391113,0.46560317277908325,-0.06283267587423325,0.4318667948246002,0.3442988395690918,-0.09977860003709793,0.4343293309211731,0.26148712635040283,-0.1216445118188858,0.43641555309295654,0.1920529305934906,-0.13615921139717102,0.3655865788459778,0.43759772181510925,-0.061723798513412476,0.38586556911468506,0.4736484885215759,-0.12373226135969162,0.3792792856693268,0.5789691805839539,-0.1352078765630722,0.3679438829421997,0.6563147902488708,-0.1285887211561203,0.3105548024177551,0.44501054286956787,-0.06280786544084549,0.33099085092544556,0.5141059756278992,-0.11443105340003967,0.3279423713684082,0.6053534150123596,-0.10414371639490128,0.32336634397506714,0.6675406098365784,-0.08249779045581818,0.2596558630466461,0.4663468301296234,-0.06856991350650787,0.28184911608695984,0.5167877078056335,-0.09947393834590912,0.2880893349647522,0.5890879034996033,-0.09140589833259583,0.2913801670074463,0.6346906423568726,-0.07477820664644241
0.31095975637435913,0.7005797624588013,-2.033637969134361e-08,0.3877561688423157,0.6900479793548584,-0.03690662235021591,0.4717727303504944,0.6418569087982178,-0.0626312643289566,0.542489230632782,0.6194329261779785,-0.08781591802835464,0.5943892002105713,0.6168343424797058,-0.11343639343976974,0.4233151376247406,0.46222731471061707,-0.05783674120903015,0.43249595165252686,0.35007739067077637,-0.09213302284479141,0.43805813789367676,0.27238041162490845,-0.11289355903863907,0.4424993097782135,0.20712503790855408,-0.12671250104904175,0.36859843134880066,0.43502652645111084,-0.05693798139691353,0.3877081871032715,0.4744586944580078,-0.114193394780159,0.3836997151374817,0.575019896030426,-0.12440250813961029,0.3749698996543884,0.6479911208152771,-0.11827739328145981,0.3173188269138336,0.4419119358062744,-0.05814049392938614,0.3379760682582855,0.5086525678634644,-0.10552718490362167,0.3355864882469177,0.5959134697914124,-0.09420683979988098,0.3317311406135559,0.6550564169883728,-0.07326272875070572,0.2699314057826996,0.46258264780044556,-0.06376664340496063,0.29236119985580444,0.5083073377609253,-0.09142458438873291,0.2971455454826355,0.5759215354919434,-0.08221057057380676,0.298959344625473,0.6188875436782837,-0.06577510386705399
0.31104201078414917,0.6976636648178101,-1.411786332283782e-08,0.38760319352149963,0.6868914365768433,-0.03811780363321304,0.47080227732658386,0.6403071880340576,-0.06474471092224121,0.5409349203109741,0.6190390586853027,-0.090633325278759,0.5926982164382935,0.6166566014289856,-0.11701951920986176,0.42212361097335815,0.46344345808029175,-0.059597164392471313,0.4306151866912842,0.3501892685890198,-0.0939369723200798,0.43640443682670593,0.27281731367111206,-0.11394989490509033,0.44109871983528137,0.20851761102676392,-0.12686659395694733,0.36656278371810913,0.43768537044525146,-0.05802033841609955,0.387513130903244,0.47392764687538147,-0.11561710387468338,0.3837035298347473,0.5726020336151123,-0.12594617903232574,0.3743622601032257,0.6449697613716125,-0.11948764324188232,0.31577232480049133,0.4445495009422302,-0.058477163314819336,0.3390491306781769,0.5081225633621216,-0.10642623901367188,0.3362758159637451,0.593970537185669,-0.09608238190412521,0.3314732611179352,0.6522669792175293,-0.0752711072564125,0.2693108320236206,0.46430712938308716,-0.06327909976243973,0.2946738302707672,0.5086577534675598,-0.09115669876337051,0.29935532808303833,0.5757142901420593,-0.08228591829538345,0.30043211579322815,0.618726372718811,-0.06575970351696014
0.30502086877822876,0.6915460824966431,9.875973816519945e-09,0.3767315447330475,0.6753131151199341,-0.03618544712662697,0.45173168182373047,0.6200679540634155,-0.062034834176301956,0.5213373303413391,0.5939365029335022,-0.08738484233617783,0.5764191150665283,0.5905250906944275,-0.11365193128585815,0.41709721088409424,0.4529952108860016,-0.06164548173546791,0.43185117840766907,0.34322619438171387,-0.09864215552806854,0.4404538869857788,0.2654563784599304,-0.1206880584359169,0.4484460949897766,0.2001853883266449,-0.13557986915111542,0.36218076944351196,0.4232918620109558,-0.06147298961877823,0.37972375750541687,0.47522658109664917,-0.12205253541469574,0.3729565441608429,0.5756840705871582,-0.1325421780347824,0.3656938374042511,0.6487364768981934,-0.1258971095085144,0.31056633591651917,0.4311376214027405,-0.06341256946325302,0.3283182382583618,0.5152349472045898,-0.11550959944725037,0.32920968532562256,0.6044338941574097,-0.10720214247703552,0.3305610418319702,0.668041467666626,-0.08743306994438171,0.26294511556625366,0.4552359879016876,-0.06949638575315475,0.28254401683807373,0.5190733075141907,-0.10542421042919159,0.29082393646240234,0.5938167572021484,-0.10168639570474625,0.2993604242801666,0.6424945592880249,-0.0875018984079361
0.30274131894111633,0.6900235414505005,-5.838054484286204e-09,0.37273305654525757,0.6744698286056519,-0.03646078705787659,0.44605836272239685,0.6147708892822266,-0.062084924429655075,0.5164839029312134,0.5867795944213867,-0.08725018799304962,0.5747739672660828,0.586529552936554,-0.11358214914798737,0.41830918192863464,0.4524106979370117,-0.06246955320239067,0.4358316659927368,0.3400038480758667,-0.10034418851137161,0.44541528820991516,0.2606604993343353,-0.12295860052108765,0.4539715647697449,0.1931106448173523,-0.13830778002738953,0.3644607365131378,0.4219437837600708,-0.061938829720020294,0.38239291310310364,0.4726199209690094,-0.12384500354528427,0.373168408870697,0.572904109954834,-0.13455209136009216,0.3643185794353485,0.6445814371109009,-0.1278505176305771,0.31295716762542725,0.4277840256690979,-0.0635126605629921,0.33015772700309753,0.5096492171287537,-0.11725833266973495,0.3293144106864929,0.6004220247268677,-0.10887561738491058,0.32958459854125977,0.6651970148086548,-0.0886891633272171,0.2645510733127594,0.4499553442001343,-0.06921365112066269,0.28438735008239746,0.513924777507782,-0.10697159916162491,0.2919798791408539,0.5906322002410889,-0.10373684018850327,0.30038729310035706,0.6412617564201355,-0.08956655859947205
0.2977466285228729,0.7170565128326416,-1.2404325389070436e-07,0.37663188576698303,0.705345630645752,-0.03259332850575447,0.4582327604293823,0.6415054798126221,-0.05408133193850517,0.5245468020439148,0.5948776602745056,-0.07559707015752792,0.5733382105827332,0.572911262512207,-0.09792205691337585,0.4183999001979828,0.46977752447128296,-0.05784095451235771,0.43518418073654175,0.3557813763618469,-0.09310512989759445,0.4458479881286621,0.27574971318244934,-0.11275053769350052,0.4547424912452698,0.20981964468955994,-0.12507976591587067,0.36192360520362854,0.4408368468284607,-0.05837055295705795,0.3823511004447937,0.49090299010276794,-0.11839446425437927,0.3730193078517914,0.5929898023605347,-0.1274360567331314,0.36205998063087463,0.6661622524261475,-0.11919434368610382,0.30945897102355957,0.44557806849479675,-0.06067933142185211,0.3289908170700073,0.5259695649147034,-0.1122773140668869,0.3259822130203247,0.6171590685844421,-0.10115425288677216,0.32454782724380493,0.6802002191543579,-0.07894423604011536,0.260566771030426,0.46496447920799255,-0.06679761409759521,0.28364095091819763,0.5175060033798218,-0.0988738015294075,0.28767266869544983,0.5885917544364929,-0.09117045998573303,0.2922654151916504,0.6353145837783813,-0.07445312291383743
0.2913764715194702,0.7114588618278503,-8.696443387634645e-08,0.37212809920310974,0.7019984126091003,-0.0342855378985405,0.45861029624938965,0.6423690915107727,-0.056888967752456665,0.529525637626648,0.6028187870979309,-0.07931429147720337,0.5818501710891724,0.5914892554283142,-0.10301820933818817,0.415371835231781,0.46353885531425476,-0.05860370025038719,0.43042194843292236,0.349500834941864,-0.09296364337205887,0.4401416778564453,0.2692950963973999,-0.11274995654821396,0.4490848779678345,0.20369181036949158,-0.12550880014896393,0.35819414258003235,0.43475738167762756,-0.05836058780550957,0.37605008482933044,0.4826725125312805,-0.11694678664207458,0.3663537800312042,0.5850338935852051,-0.12586666643619537,0.3548404276371002,0.6614516973495483,-0.11796524375677109,0.304806113243103,0.4404788911342621,-0.060005031526088715,0.3224247694015503,0.5183463096618652,-0.10926724225282669,0.31896620988845825,0.6078152656555176,-0.09879030287265778,0.3158256709575653,0.6720279455184937,-0.077688068151474,0.2546219825744629,0.4604165852069855,-0.06573238968849182,0.2757958173751831,0.5155366063117981,-0.09598801285028458,0.27840739488601685,0.5888670086860657,-0.08864440023899078,0.28092631697654724,0.6378467082977295,-0.07267385721206665
0.2922546863555908,0.7080754041671753,-7.871457086139344e-08,0.37056103348731995,0.6983325481414795,-0.03516514599323273,0.4563519060611725,0.6378732323646545,-0.05801310017704964,0.5263646841049194,0.5970584154129028,-0.08047722280025482,0.5779662132263184,0.5845882892608643,-0.10403518378734589,0.41198572516441345,0.4611794054508209,-0.05996619910001755,0.42684438824653625,0.3468427062034607,-0.09471523016691208,0.4357715845108032,0.2666889429092407,-0.1140449196100235,0.4447433054447174,0.20085182785987854,-0.12625230848789215,0.35474881529808044,0.43390175700187683,-0.05947284400463104,0.37535563111305237,0.47598573565483093,-0.11884657293558121,0.36576005816459656,0.5786947011947632,-0.12725694477558136,0.3541228473186493,0.6562070846557617,-0.11861255764961243,0.3014793395996094,0.4397631585597992,-0.06092948094010353,0.32318025827407837,0.5124443769454956,-0.11192949116230011,0.31923621892929077,0.6046410799026489,-0.10080429911613464,0.3151613175868988,0.6709083318710327,-0.07848655432462692,0.25126975774765015,0.4592892825603485,-0.0664139911532402,0.277706503868103,0.5068552494049072,-0.09794576466083527,0.28125762939453125,0.5809116959571838,-0.09011783450841904,0.2829466164112091,0.6316800713539124,-0.07343367487192154
0.2970428466796875,0.7040067911148071,-7.105704469267948e-08,0.37491947412490845,0.6921525597572327,-0.034225497394800186,0.45803964138031006,0.6309714317321777,-0.05658328905701637,0.5265238881111145,0.5915094614028931,-0.07856732606887817,0.577975869178772,0.5818092226982117,-0.10185200721025467,0.4126153588294983,0.4584406614303589,-0.057644497603178024,0.4272870123386383,0.3468119502067566,-0.090679831802845,0.4360091984272003,0.267780601978302,-0.1096644252538681,0.44458290934562683,0.20307540893554688,-0.12192964553833008,0.3570227026939392,0.4324437081813812,-0.057105306535959244,0.37942057847976685,0.475680947303772,-0.11409018188714981,0.37009936571121216,0.5746526718139648,-0.12278670817613602,0.3578278720378876,0.6491186618804932,-0.11514127999544144,0.3050375282764435,0.43924644589424133,-0.058391913771629333,0.3286513388156891,0.5090407133102417,-0.10745193809270859,0.32455873489379883,0.597490131855011,-0.097150519490242,0.31999850273132324,0.6612305641174316,-0.07615543156862259,0.2562369108200073,0.4594331383705139,-0.06357644498348236,0.2838425040245056,0.5038037896156311,-0.0943790003657341,0.2863069772720337,0.576115071773529,-0.08679641038179398,0.2866131365299225,0.6266452670097351,-0.07062271982431412
0.29987651109695435,0.6952754259109497,-7.32216847154632e-08,0.3767460882663727,0.6835242509841919,-0.03383885324001312,0.4583503007888794,0.6216253042221069,-0.055792395025491714,0.5251196622848511,0.5808601975440979,-0.07760293036699295,0.5754198431968689,0.5688713192939758,-0.10049496591091156,0.41187262535095215,0.4502756595611572,-0.05549591779708862,0.42535221576690674,0.33932486176490784,-0.08856992423534393,0.43342775106430054,0.26136547327041626,-0.10752459615468979,0.44146817922592163,0.1974608600139618,-0.11962591856718063,0.3563474416732788,0.42633286118507385,-0.05528445541858673,0.380289226770401,0.46503400802612305,-0.11247730255126953,0.37285664677619934,0.5638880133628845,-0.12132763117551804,0.3618776202201843,0.6378688216209412,-0.11353010684251785,0.3047369420528412,0.4337332248687744,-0.05699319392442703,0.33090516924858093,0.49812090396881104,-0.10643529891967773,0.32728955149650574,0.5879122614860535,-0.09575147181749344,0.3223645091056824,0.6518884897232056,-0.07420037686824799,0.25633254647254944,0.4541535973548889,-0.06255368143320084,0.2860819697380066,0.4948554039001465,-0.09327896684408188,0.2893483340740204,0.5670398473739624,-0.08522424846887589,0.2893887460231781,0.617027759552002,-0.06866785138845444
0.30322152376174927,0.686931312084198,-7.231776066873863e-08,0.37950801849365234,0.6749175190925598,-0.033918313682079315,0.4592498242855072,0.614913821220398,-0.056104958057403564,0.5258580446243286,0.5768160223960876,-0.07822055369615555,0.5757306814193726,0.567594051361084,-0.10130633413791656,0.413116991519928,0.44535502791404724,-0.05469409003853798,0.42476803064346313,0.334179162979126,-0.08761867880821228,0.4311100244522095,0.2565082907676697,-0.10653474926948547,0.43718263506889343,0.19257354736328125,-0.11861766129732132,0.358478307723999,0.4212782680988312,-0.05434026941657066,0.381392240524292,0.45910412073135376,-0.11090783029794693,0.37352824211120605,0.556536078453064,-0.11979509890079498,0.3625182509422302,0.6295653581619263,-0.11224395781755447,0.3079144060611725,0.4286549389362335,-0.05599731579422951,0.33190739154815674,0.49384361505508423,-0.10469953715801239,0.3277357518672943,0.5812262892723083,-0.09481014311313629,0.322903037071228,0.6435919404029846,-0.07412872463464737,0.26037612557411194,0.44917821884155273,-0.061535704880952835,0.28764647245407104,0.49317091703414917,-0.09126179665327072,0.2906543016433716,0.5636080503463745,-0.08367869257926941,0.29177048802375793,0.6119517087936401,-0.06783957034349442
0.4429452419281006,0.6882913708686829,1.406075966770004e-07,0.5013913512229919,0.6670089364051819,-0.05247090756893158,0.5602120757102966,0.610779345035553,-0.07910168170928955,0.6202996969223022,0.5672807693481445,-0.10135767608880997,0.6746609210968018,0.5559032559394836,-0.12172196805477142,0.5221283435821533,0.46993231773376465,-0.042804159224033356,0.5329734086990356,0.3639073967933655,-0.07426503300666809,0.5373947024345398,0.29611021280288696,-0.09149187058210373,0.5406279563903809,0.23744109272956848,-0.10329040884971619,0.4827646315097809,0.46793150901794434,-0.032651495188474655,0.46113601326942444,0.4258192181587219,-0.08092183619737625,0.4575788080692291,0.5117378830909729,-0.08588618040084839,0.46936824917793274,0.5506797432899475,-0.07729082554578781,0.44427451491355896,0.47541195154190063,-0.02913513034582138,0.4224695563316345,0.44317060708999634,-0.07676669210195541,0.42811715602874756,0.5190104842185974,-0.06474403291940689,0.4447726905345917,0.5474436283111572,-0.04374374821782112,0.40877488255500793,0.4894897937774658,-0.030689869076013565,0.3913460373878479,0.4552418887615204,-0.06248491257429123,0.3995993733406067,0.5114867687225342,-0.0538116991519928,0.4144152104854584,0.5403162837028503,-0.03850330039858818
0.41608676314353943,0.6241092085838318,9.979731174780682e-08,0.4784817695617676,0.6008961200714111,-0.05239884555339813,0.5431427955627441,0.5420830249786377,-0.0758567675948143,0.6061446070671082,0.49612486362457275,-0.09447126090526581,0.6615776419639587,0.4821154773235321,-0.11145281046628952,0.5010006427764893,0.39579835534095764,-0.03848334029316902,0.513565182685852,0.28324198722839355,-0.06616079807281494,0.5184151530265808,0.21468403935432434,-0.08275537192821503,0.5213906764984131,0.1537880301475525,-0.09497779607772827,0.4610040485858917,0.3921818137168884,-0.027543839067220688,0.44105157256126404,0.34362268447875977,-0.07548794150352478,0.43569809198379517,0.4313063621520996,-0.08379670232534409,0.4434847831726074,0.4807901084423065,-0.07739492505788803,0.42112547159194946,0.3997581899166107,-0.02290339767932892,0.4024050831794739,0.36120131611824036,-0.07066963613033295,0.40574535727500916,0.441751092672348,-0.062062859535217285,0.4189600944519043,0.4795842468738556,-0.04283687472343445,0.38412046432495117,0.41443896293640137,-0.023069633170962334,0.370594322681427,0.37487536668777466,-0.05546502768993378,0.37694868445396423,0.4339958727359772,-0.04862632229924202,0.3898550868034363,0.4677465558052063,-0.03438853845000267
0.41332581639289856,0.6250902414321899,1.077732605381243e-07,0.4774790108203888,0.5983848571777344,-0.054178185760974884,0.5403811931610107,0.5413359999656677,-0.07871224731206894,0.6035812497138977,0.4935113489627838,-0.0977884829044342,0.6603595018386841,0.4797147512435913,-0.11483066529035568,0.5002040863037109,0.39378345012664795,-0.040727175772190094,0.5115340948104858,0.28064480423927307,-0.06909612566232681,0.5159873366355896,0.21151135861873627,-0.08608616143465042,0.5179290175437927,0.14978724718093872,-0.09817995876073837,0.45942169427871704,0.39154112339019775,-0.028596676886081696,0.43998223543167114,0.34192317724227905,-0.07411312311887741,0.4356417953968048,0.42994412779808044,-0.07991135120391846,0.44424837827682495,0.4767344892024994,-0.0722808986902237,0.4191635251045227,0.4001190662384033,-0.023168543353676796,0.40174585580825806,0.35853248834609985,-0.06909213960170746,0.4058237075805664,0.4394323527812958,-0.059008847922086716,0.41911664605140686,0.47566723823547363,-0.039347611367702484,0.38231250643730164,0.4159066379070282,-0.022767996415495872,0.36922723054885864,0.37405815720558167,-0.053088244050741196,0.3769586384296417,0.43221116065979004,-0.04487394914031029,0.39049720764160156,0.46556374430656433,-0.03016371838748455
0.4132923185825348,0.6221146583557129,1.0079292422915387e-07,0.4778897762298584,0.5991346836090088,-0.053124163299798965,0.5426284670829773,0.5386412739753723,-0.07769650220870972,0.605817437171936,0.49065667390823364,-0.09740632027387619,0.6625377535820007,0.4753938317298889,-0.11548915505409241,0.5006565451622009,0.3924991190433502,-0.04116532951593399,0.5123874545097351,0.2780562937259674,-0.06992779672145844,0.5159093737602234,0.20737364888191223,-0.08738593757152557,0.5181689858436584,0.1447582244873047,-0.10048165917396545,0.45976465940475464,0.38916081190109253,-0.030294639989733696,0.43805450201034546,0.33892154693603516,-0.07896071672439575,0.43366673588752747,0.42574015259742737,-0.08715575188398361,0.4435410797595978,0.47434911131858826,-0.08099252730607986,0.4195479154586792,0.39726513624191284,-0.025705263018608093,0.3993323743343353,0.3563106954097748,-0.07341112196445465,0.4031716585159302,0.4353679418563843,-0.06376468390226364,0.4180929362773895,0.47249922156333923,-0.044404368847608566,0.3826828598976135,0.41256582736968994,-0.026119086891412735,0.36741378903388977,0.3729618191719055,-0.05876799300312996,0.37353700399398804,0.4313920736312866,-0.05168566852807999,0.38765522837638855,0.46470439434051514,-0.037537433207035065
0.41291654109954834,0.6259615421295166,1.0969937846994071e-07,0.4782642722129822,0.6000359058380127,-0.053413376212120056,0.5423133373260498,0.5418708324432373,-0.07764407992362976,0.6056123971939087,0.4922232925891876,-0.09669020771980286,0.6624974012374878,0.47754770517349243,-0.11410396546125412,0.4993370473384857,0.3935345411300659,-0.04036954417824745,0.5112518072128296,0.278031587600708,-0.0678771436214447,0.5160318613052368,0.20712384581565857,-0.08568934351205826,0.5177358388900757,0.1439417600631714,-0.09924648702144623,0.4579165279865265,0.39064911007881165,-0.028751453384757042,0.4391814172267914,0.34011444449424744,-0.07500957697629929,0.43600744009017944,0.42702698707580566,-0.0832379087805748,0.4436472952365875,0.4769628345966339,-0.07788576185703278,0.417307049036026,0.3992479741573334,-0.02339436113834381,0.39994242787361145,0.3549935817718506,-0.06852687150239944,0.4047960340976715,0.4352535903453827,-0.05907965824007988,0.4170782268047333,0.4755852222442627,-0.040585994720458984,0.38006845116615295,0.41545605659484863,-0.02313976362347603,0.3671465516090393,0.3725299835205078,-0.053725093603134155,0.3750154376029968,0.4294346868991852,-0.04653767868876457,0.3882337510585785,0.46374377608299255,-0.03289826214313507
0.4113641083240509,0.6292204856872559,1.0940953387716945e-07,0.4768673777580261,0.6016474962234497,-0.05289458855986595,0.5419207811355591,0.5426545143127441,-0.0767085924744606,0.6058562994003296,0.4933115243911743,-0.09544520080089569,0.6627103686332703,0.4790756106376648,-0.11249866336584091,0.4984110891819,0.39416563510894775,-0.03935714066028595,0.5104474425315857,0.27911996841430664,-0.06654185056686401,0.5151987671852112,0.20836171507835388,-0.08406786620616913,0.5172231793403625,0.14535409212112427,-0.0973212793469429,0.4569927453994751,0.391703337430954,-0.02808641828596592,0.4375576376914978,0.34062790870666504,-0.07379235327243805,0.43427544832229614,0.42724254727363586,-0.08183131366968155,0.44294068217277527,0.4770086705684662,-0.07627994567155838,0.41625526547431946,0.4008805751800537,-0.023075241595506668,0.39858072996139526,0.3570176959037781,-0.06762966513633728,0.4034419655799866,0.4360751211643219,-0.058280184864997864,0.41651034355163574,0.4749646782875061,-0.03988135606050491,0.3787022531032562,0.4177320599555969,-0.02315232716500759,0.36592531204223633,0.3742918372154236,-0.05266598239541054,0.37402111291885376,0.4298749268054962,-0.04492073133587837,0.3876652121543884,0.4632050395011902,-0.031000088900327682
0.4113243520259857,0.6315755844116211,1.308254553578081e-07,0.47512030601501465,0.6057919859886169,-0.05549630522727966,0.5395222902297974,0.5455402731895447,-0.08097457885742188,0.6043365001678467,0.49674302339553833,-0.10110443830490112,0.6619964241981506,0.48188745975494385,-0.11925046890974045,0.4977934956550598,0.39436420798301697,-0.04151079058647156,0.5090398788452148,0.279781699180603,-0.07023604214191437,0.5131739377975464,0.20846852660179138,-0.08777934312820435,0.5149403810501099,0.14516451954841614,-0.10069899260997772,0.4562743306159973,0.3924649953842163,-0.029315926134586334,0.4362056851387024,0.3426533341407776,-0.07662566751241684,0.43356600403785706,0.43087929487228394,-0.08393900841474533,0.44344818592071533,0.47817274928092957,-0.07735125720500946,0.41513705253601074,0.4015134871006012,-0.023797856643795967,0.3965309262275696,0.3596910834312439,-0.07055263221263885,0.40233227610588074,0.439973384141922,-0.060445770621299744,0.41677942872047424,0.47678452730178833,-0.04093261435627937,0.3770495057106018,0.41721317172050476,-0.023542866110801697,0.3636702299118042,0.37493836879730225,-0.05494527891278267,0.37227770686149597,0.4332997798919678,-0.04708242416381836,0.3865094780921936,0.4669053554534912,-0.03254162147641182
0.40925052762031555,0.6327045559883118,1.1569932212296408e-07,0.4743047058582306,0.6075614094734192,-0.05346442013978958,0.5396193861961365,0.5476435422897339,-0.07862988114356995,0.6031047105789185,0.49799156188964844,-0.0991300642490387,0.6601706743240356,0.4826592803001404,-0.11804668605327606,0.49555185437202454,0.3969462811946869,-0.040833644568920135,0.5071294903755188,0.2812538146972656,-0.06963595002889633,0.5118798613548279,0.20955592393875122,-0.0872940793633461,0.5137675404548645,0.14640825986862183,-0.10040141642093658,0.45403388142585754,0.3946878910064697,-0.03000248409807682,0.4352290630340576,0.34475305676460266,-0.07840656489133835,0.43284183740615845,0.43321236968040466,-0.0865793451666832,0.441677987575531,0.4821770191192627,-0.08048909902572632,0.41317835450172424,0.4038769006729126,-0.025475669652223587,0.39580997824668884,0.36168208718299866,-0.07283981144428253,0.40164458751678467,0.4425763189792633,-0.0626373142004013,0.4151400625705719,0.48159700632095337,-0.042928073555231094,0.37496092915534973,0.4200237989425659,-0.026022713631391525,0.3628303110599518,0.3771228492259979,-0.05795416235923767,0.3714982271194458,0.435609370470047,-0.050047680735588074,0.38507598638534546,0.469924658536911,-0.0353592112660408
0.407528817653656,0.6389884948730469,1.0295896402112703e-07,0.4741944372653961,0.6106878519058228,-0.05680978298187256,0.5375401377677917,0.5524308681488037,-0.08273469656705856,0.602257251739502,0.5008520483970642,-0.10265624523162842,0.6608626842498779,0.484849750995636,-0.12007579207420349,0.4953420162200928,0.3994618058204651,-0.042390208691358566,0.5059319734573364,0.28421005606651306,-0.07242697477340698,0.5097301006317139,0.2119712382555008,-0.09029459208250046,0.5111518502235413,0.14837998151779175,-0.10274653136730194,0.4536007046699524,0.39836302399635315,-0.029148275032639503,0.435733437538147,0.3487452566623688,-0.074449822306633,0.4312174618244171,0.4407523274421692,-0.07887672632932663,0.4406844973564148,0.4864882528781891,-0.07031901180744171,0.4122828245162964,0.40675216913223267,-0.02312547340989113,0.3953263759613037,0.3645493984222412,-0.06900520622730255,0.39932316541671753,0.44860804080963135,-0.0572085939347744,0.41338086128234863,0.48459547758102417,-0.036507681012153625,0.37422865629196167,0.4230378270149231,-0.02251938171684742,0.36063864827156067,0.3805333375930786,-0.05248552933335304,0.36879342794418335,0.4409981071949005,-0.04303949326276779,0.3825591206550598,0.4757022261619568,-0.027454271912574768
0.40893882513046265,0.6426122188568115,1.154522308866035e-07,0.4733947217464447,0.616866946220398,-0.05713869631290436,0.5373833775520325,0.5561555624008179,-0.08360764384269714,0.6018199920654297,0.5050768852233887,-0.10457254201173782,0.6608012914657593,0.4898390769958496,-0.12368514388799667,0.49393534660339355,0.40447667241096497,-0.0430908240377903,0.5052162408828735,0.2883595824241638,-0.07256942242383957,0.5091741681098938,0.21653343737125397,-0.09029486775398254,0.5107876658439636,0.15307682752609253,-0.1033877357840538,0.45228254795074463,0.401204913854599,-0.030350062996149063,0.4320741295814514,0.35230696201324463,-0.07945165038108826,0.4282909333705902,0.442661315202713,-0.08696742355823517,0.4376888871192932,0.4917411208152771,-0.08002277463674545,0.41110727190971375,0.4090854823589325,-0.024428226053714752,0.39173150062561035,0.3707866370677948,-0.07307741045951843,0.3963932693004608,0.45404425263404846,-0.06298314779996872,0.4110647439956665,0.4923591613769531,-0.04295342043042183,0.3732684254646301,0.42414653301239014,-0.023881323635578156,0.3589445650577545,0.38547343015670776,-0.0570179708302021,0.366320937871933,0.4468822777271271,-0.04976782947778702,0.38054710626602173,0.48145025968551636,-0.035296618938446045
0.4084337055683136,0.647646427154541,1.2453926956368377e-07,0.47254207730293274,0.6232447028160095,-0.055690135806798935,0.537401020526886,0.5602749586105347,-0.083171047270298,0.6021710634231567,0.5087829232215881,-0.10584917664527893,0.6609953045845032,0.4930325448513031,-0.12692417204380035,0.4945369362831116,0.4098831117153168,-0.04434806853532791,0.5049180388450623,0.29176437854766846,-0.07496631890535355,0.5093223452568054,0.21823500096797943,-0.09258493781089783,0.5117481350898743,0.15487009286880493,-0.1054278165102005,0.452770859003067,0.4071524441242218,-0.03316669538617134,0.4336649179458618,0.3567172884941101,-0.08389326184988022,0.4305642247200012,0.4485113322734833,-0.09103544801473618,0.44038140773773193,0.4973483383655548,-0.08345568180084229,0.41165584325790405,0.41554373502731323,-0.028528602793812752,0.39250946044921875,0.37425723671913147,-0.0782017782330513,0.39804792404174805,0.458212286233902,-0.0664382055401802,0.41263437271118164,0.4974546730518341,-0.04505513608455658,0.3731078803539276,0.4314444363117218,-0.02916344441473484,0.3587479591369629,0.3903367519378662,-0.06300266087055206,0.36666882038116455,0.4518355131149292,-0.05465637892484665,0.38031530380249023,0.4863382577896118,-0.03914932161569595
0.4119221270084381,0.6738125085830688,7.933154932970865e-08,0.4767860174179077,0.6420081853866577,-0.056595876812934875,0.5395775437355042,0.5792503356933594,-0.08196716010570526,0.6041691303253174,0.5260887145996094,-0.10086138546466827,0.6611751914024353,0.5075287818908691,-0.11783201992511749,0.4941171407699585,0.4311305582523346,-0.046483706682920456,0.5048713088035583,0.3119629919528961,-0.07555696368217468,0.5085893273353577,0.23868758976459503,-0.093291737139225,0.5097880959510803,0.17322102189064026,-0.10626327246427536,0.45160895586013794,0.4298055171966553,-0.033137720078229904,0.4300338923931122,0.37465256452560425,-0.07933513820171356,0.42754682898521423,0.46620556712150574,-0.08498064428567886,0.43692490458488464,0.5205456614494324,-0.07725730538368225,0.40949028730392456,0.4384940266609192,-0.02636924758553505,0.38934487104415894,0.39648231863975525,-0.07258210331201553,0.39650511741638184,0.48212289810180664,-0.06236052140593529,0.4104483425617218,0.525775671005249,-0.04267951101064682,0.3710889220237732,0.4547688961029053,-0.024840837344527245,0.3563960790634155,0.4141172468662262,-0.05594848468899727,0.36580079793930054,0.4742526113986969,-0.04833739250898361,0.37950649857521057,0.5103296637535095,-0.034060388803482056
0.4086848795413971,0.6779993772506714,1.1734589833167774e-07,0.47329598665237427,0.6482244729995728,-0.05896271765232086,0.5366419553756714,0.5858277678489685,-0.08658093214035034,0.6022933721542358,0.5331673622131348,-0.10823310166597366,0.6620187759399414,0.5147989392280579,-0.12761247158050537,0.4931902289390564,0.4329564869403839,-0.04687316715717316,0.5037391185760498,0.31390929222106934,-0.07926195859909058,0.5086434483528137,0.24064122140407562,-0.09765823930501938,0.511508047580719,0.17630791664123535,-0.11013133823871613,0.45075735449790955,0.43186792731285095,-0.03363750874996185,0.4313414394855499,0.38257959485054016,-0.08225668221712112,0.42855098843574524,0.4768562316894531,-0.08666890114545822,0.43949782848358154,0.5240719318389893,-0.07740915566682816,0.4084576666355133,0.44060277938842773,-0.027876069769263268,0.3893933892250061,0.4007265567779541,-0.07727372646331787,0.3955444097518921,0.4874480366706848,-0.06511864066123962,0.4112616777420044,0.5246613025665283,-0.04328691586852074,0.3694121837615967,0.4570358097553253,-0.02762470953166485,0.3543303608894348,0.41404151916503906,-0.060201387852430344,0.3634885251522064,0.4765954613685608,-0.05071171745657921,0.3776586651802063,0.5123323798179626,-0.03451790660619736
0.41105493903160095,0.7127478718757629,7.642182708877954e-08,0.47580254077911377,0.687004804611206,-0.05470572039484978,0.5398930311203003,0.6150808930397034,-0.08145216107368469,0.6022071242332458,0.5564743876457214,-0.10385016351938248,0.6609336733818054,0.5347403883934021,-0.12402772903442383,0.4877471625804901,0.47138577699661255,-0.04251199588179588,0.4895714223384857,0.349439799785614,-0.07572248578071594,0.48841193318367004,0.2753438353538513,-0.0928717702627182,0.4890957474708557,0.21116074919700623,-0.10436016321182251,0.447521448135376,0.4712349474430084,-0.0315801277756691,0.424699991941452,0.42681291699409485,-0.08413026481866837,0.42273518443107605,0.5215339660644531,-0.0892777219414711,0.4365444779396057,0.5643836855888367,-0.0794830471277237,0.40712621808052063,0.4788895845413208,-0.02776576764881611,0.3841744661331177,0.446402907371521,-0.08000902086496353,0.3906935155391693,0.5310763120651245,-0.06627695262432098,0.4096519351005554,0.5638543963432312,-0.042532097548246384,0.3679700195789337,0.4917749762535095,-0.0291884932667017,0.35087108612060547,0.4531988203525543,-0.06360287219285965,0.35800257325172424,0.5166414976119995,-0.05354065075516701,0.37249884009361267,0.5508980751037598,-0.03612465038895607
0.43165910243988037,0.7269052863121033,9.62301882623251e-08,0.49766233563423157,0.6986292004585266,-0.056277744472026825,0.562136173248291,0.6332597732543945,-0.08248256891965866,0.6269271373748779,0.5793027877807617,-0.10356825590133667,0.6857449412345886,0.5582695603370667,-0.12244005501270294,0.5149919390678406,0.48695313930511475,-0.04158202186226845,0.5232850909233093,0.3703591227531433,-0.07301737368106842,0.5255478024482727,0.29805296659469604,-0.09107035398483276,0.5275641083717346,0.23391935229301453,-0.10391084104776382,0.4741162061691284,0.4844653606414795,-0.029620353132486343,0.4541058838367462,0.43616050481796265,-0.07984383404254913,0.44990742206573486,0.5279034972190857,-0.08621952682733536,0.46106308698654175,0.5733823776245117,-0.07798416167497635,0.43307340145111084,0.49195951223373413,-0.024891721084713936,0.41277483105659485,0.4522626996040344,-0.07443384826183319,0.4170722961425781,0.5361935496330261,-0.06229203939437866,0.4337196350097656,0.5715659856796265,-0.04055994376540184,0.39437341690063477,0.5067459344863892,-0.025643441826105118,0.37859058380126953,0.467863529920578,-0.05888846144080162,0.3856046199798584,0.5286320447921753,-0.050551775842905045,0.40052998065948486,0.5619721412658691,-0.035064637660980225
0.4384741187095642,0.7407894730567932,9.496401531805532e-08,0.5058562159538269,0.7087206244468689,-0.05548663064837456,0.5690861344337463,0.6438862681388855,-0.08026394248008728,0.6327327489852905,0.5866525173187256,-0.09972582012414932,0.6916809678077698,0.5630154013633728,-0.116871178150177,0.5236344337463379,0.495954304933548,-0.03790750354528427,0.5338504910469055,0.38094228506088257,-0.06703413277864456,0.538922905921936,0.30968213081359863,-0.08455532044172287,0.5424410700798035,0.24655398726463318,-0.09722670167684555,0.4808371365070343,0.4940011203289032,-0.026231639087200165,0.465847373008728,0.4373076856136322,-0.07320059835910797,0.46267470717430115,0.5299395322799683,-0.07917092740535736,0.4710255265235901,0.5795412659645081,-0.07097689062356949,0.43854621052742004,0.5035480856895447,-0.02178909257054329,0.42384469509124756,0.4533415138721466,-0.06880494207143784,0.4288674294948578,0.5391117334365845,-0.05711808800697327,0.4413711428642273,0.5788129568099976,-0.03594094142317772,0.39859333634376526,0.5218822360038757,-0.022739166393876076,0.38724660873413086,0.4740722179412842,-0.054072629660367966,0.39613983035087585,0.5331198573112488,-0.045518845319747925,0.40844371914863586,0.5676661133766174,-0.03036540187895298
0.4434918463230133,0.7370849847793579,8.676082074998703e-08,0.5094707608222961,0.7055599689483643,-0.05405115708708763,0.5726516842842102,0.6388285160064697,-0.07793344557285309,0.637352705001831,0.5848498940467834,-0.09667553752660751,0.6963582634925842,0.5607190132141113,-0.11334001272916794,0.5295928120613098,0.49449920654296875,-0.03819873183965683,0.540492832660675,0.3796650171279907,-0.06691595166921616,0.5456328988075256,0.3105282187461853,-0.08438428491353989,0.550110399723053,0.2481991946697235,-0.09725493937730789,0.4876502752304077,0.49221596121788025,-0.027241632342338562,0.4724505841732025,0.4407833218574524,-0.07425882667303085,0.46853095293045044,0.5308387875556946,-0.0812864676117897,0.47621089220046997,0.5796460509300232,-0.07429598271846771,0.44551628828048706,0.5026126503944397,-0.023238983005285263,0.4304025173187256,0.4621894955635071,-0.07009928673505783,0.43521949648857117,0.5441744327545166,-0.060012612491846085,0.44839105010032654,0.5795155763626099,-0.040436360985040665,0.4052533805370331,0.5205444097518921,-0.024354981258511543,0.3943645656108856,0.4781113564968109,-0.05557981878519058,0.40365034341812134,0.5372515320777893,-0.04742329567670822,0.416728138923645,0.5703154802322388,-0.032879024744033813
0.45131513476371765,0.7274220585823059,5.998903418458212e-08,0.521279513835907,0.6890583634376526,-0.061566680669784546,0.5798699855804443,0.6242438554763794,-0.08413146436214447,0.646062970161438,0.5677615404129028,-0.09772799909114838,0.7042110562324524,0.5397306680679321,-0.10523273050785065,0.5410898923873901,0.4737611413002014,-0.03764946013689041,0.5464415550231934,0.36878716945648193,-0.067346952855587,0.546576201915741,0.3033715486526489,-0.0808338075876236,0.5476021766662598,0.2425074577331543,-0.0877656638622284,0.4985681176185608,0.4770859479904175,-0.02116275578737259,0.4875992238521576,0.41564828157424927,-0.05314674228429794,0.483903169631958,0.5125389099121094,-0.04456299543380737,0.49605122208595276,0.5441329479217529,-0.027836015447974205,0.45496469736099243,0.48569241166114807,-0.014818270690739155,0.4464973211288452,0.4343959391117096,-0.05611397698521614,0.4506208598613739,0.5256275534629822,-0.03974645584821701,0.46389108896255493,0.5463349223136902,-0.015994885936379433,0.41341477632522583,0.5031347274780273,-0.014384271577000618,0.40640896558761597,0.4504244029521942,-0.038804423063993454,0.4173845052719116,0.5121920704841614,-0.025053683668375015,0.427068829536438,0.5449171662330627,-0.007439647801220417
0.4505176246166229,0.7450209856033325,1.0644522774327925e-07,0.5245280265808105,0.6963386535644531,-0.05167626217007637,0.5857123732566833,0.63550865650177,-0.06898076087236404,0.6512675881385803,0.5814486145973206,-0.08007128536701202,0.7100276947021484,0.5562375783920288,-0.08742095530033112,0.5407904386520386,0.47572410106658936,-0.022320736199617386,0.5627825856208801,0.370095431804657,-0.04605661332607269,0.5716953873634338,0.3044566214084625,-0.06040375679731369,0.5802037715911865,0.24310842156410217,-0.06956859678030014,0.49662378430366516,0.4705348312854767,-0.012011855840682983,0.49563291668891907,0.3969886302947998,-0.04218367487192154,0.48563024401664734,0.48763006925582886,-0.042128365486860275,0.4896247684955597,0.5311461091041565,-0.03167923167347908,0.45153722167015076,0.478150874376297,-0.010013421066105366,0.451578825712204,0.41202718019485474,-0.04676384851336479,0.44877034425735474,0.5014281272888184,-0.03414292633533478,0.45340707898139954,0.5305680632591248,-0.013471759855747223,0.4084602892398834,0.5026419162750244,-0.013120853342115879,0.40843886137008667,0.43510305881500244,-0.03192145377397537,0.41619086265563965,0.49294477701187134,-0.014971408993005753,0.41992026567459106,0.5285398364067078,0.004374944604933262
0.45223718881607056,0.7473441958427429,1.07903659340991e-07,0.5232769846916199,0.7046601176261902,-0.056446947157382965,0.5856847167015076,0.6403521299362183,-0.07612960785627365,0.6514075398445129,0.585605800151825,-0.08892186731100082,0.7101024985313416,0.5598044395446777,-0.09739318490028381,0.5428900718688965,0.4808596968650818,-0.026823921129107475,0.5647581219673157,0.3764217495918274,-0.05174880102276802,0.572867214679718,0.3100210428237915,-0.06446267664432526,0.5809155702590942,0.2481279969215393,-0.07221170514822006,0.4985182285308838,0.47671717405319214,-0.015003370121121407,0.49615171551704407,0.4040398597717285,-0.04579823464155197,0.487210214138031,0.49622654914855957,-0.04294583201408386,0.49314478039741516,0.5327396988868713,-0.030218396335840225,0.45346933603286743,0.4838574528694153,-0.012178552336990833,0.4522581696510315,0.42071732878685,-0.05058317631483078,0.45040982961654663,0.5105113983154297,-0.03548462688922882,0.4566059708595276,0.5323942303657532,-0.012958643026649952,0.4099213778972626,0.5049020648002625,-0.015034573152661324,0.4086795449256897,0.4401607811450958,-0.03523534908890724,0.4165571331977844,0.4988003969192505,-0.017753638327121735,0.4207133948802948,0.5315204858779907,0.002097013406455517
0.4525061249732971,0.7501751780509949,1.0973896991117726e-07,0.5235405564308167,0.7062563300132751,-0.057074110954999924,0.5840122699737549,0.6425031423568726,-0.07751073688268661,0.6507240533828735,0.5876303315162659,-0.09082145243883133,0.7099428772926331,0.5611730217933655,-0.0993633046746254,0.5434779524803162,0.48296716809272766,-0.02716452069580555,0.5637696981430054,0.379337877035141,-0.05306710675358772,0.5714259147644043,0.3131982982158661,-0.06548073887825012,0.5794581174850464,0.2516387701034546,-0.07231972366571426,0.49920853972435,0.47971680760383606,-0.014362848363816738,0.4965674579143524,0.40977466106414795,-0.043250974267721176,0.48741817474365234,0.5025816559791565,-0.03729899600148201,0.4945257306098938,0.5349858403205872,-0.022606974467635155,0.4542286992073059,0.48676538467407227,-0.011085710488259792,0.45273903012275696,0.4252263307571411,-0.04879241809248924,0.4508654475212097,0.5147950649261475,-0.03228721767663956,0.4581080377101898,0.5341229438781738,-0.00890806782990694,0.41116419434547424,0.5071682333946228,-0.013548649847507477,0.4085850715637207,0.44290563464164734,-0.03304717689752579,0.41643834114074707,0.5014658570289612,-0.01490899920463562,0.4213619530200958,0.5335612893104553,0.005356640089303255
0.4538919925689697,0.7508004903793335,1.0090331414858156e-07,0.5245394706726074,0.7070362567901611,-0.05750499665737152,0.5841703414916992,0.6427788138389587,-0.0789470374584198,0.6505075693130493,0.5871295928955078,-0.09321609139442444,0.7100129723548889,0.5599753260612488,-0.10235371440649033,0.544272243976593,0.4837738871574402,-0.029265474528074265,0.562379002571106,0.3808191418647766,-0.05641493573784828,0.568807065486908,0.31625163555145264,-0.06853590905666351,0.576172947883606,0.2550197243690491,-0.07471829652786255,0.50028395652771,0.48224061727523804,-0.01605750061571598,0.4967285692691803,0.41497623920440674,-0.04519582912325859,0.48920738697052,0.509406328201294,-0.037686727941036224,0.49801111221313477,0.5377160310745239,-0.021980764344334602,0.45525532960891724,0.4894575774669647,-0.01249715406447649,0.4527444839477539,0.4292835593223572,-0.050942402333021164,0.4525566101074219,0.5199027061462402,-0.03305629640817642,0.4611281752586365,0.5376090407371521,-0.008694945834577084,0.4117473065853119,0.5084545612335205,-0.014684592373669147,0.40840771794319153,0.4439149796962738,-0.03485645353794098,0.4174915552139282,0.5028935670852661,-0.016413819044828415,0.4233804941177368,0.5353564620018005,0.004267996642738581
0.4539119601249695,0.7494798898696899,1.0878252965085267e-07,0.5239576697349548,0.710735559463501,-0.05664830282330513,0.5850407481193542,0.6430849432945251,-0.0793318822979927,0.6510351896286011,0.5884064435958862,-0.09577034413814545,0.7105915546417236,0.5619707703590393,-0.1073044091463089,0.5447611808776855,0.4845730662345886,-0.028897879645228386,0.5614028573036194,0.3838542103767395,-0.05719407647848129,0.5664809942245483,0.31981176137924194,-0.06929709762334824,0.5738188028335571,0.2586158514022827,-0.07567117363214493,0.5008216500282288,0.483560174703598,-0.01692100428044796,0.4958067834377289,0.4203171730041504,-0.05043802037835121,0.48875731229782104,0.5152649283409119,-0.04509900137782097,0.49904441833496094,0.5403870940208435,-0.03015756979584694,0.4562678337097168,0.4900791049003601,-0.014234480448067188,0.4511140286922455,0.43306857347488403,-0.0550990030169487,0.45134416222572327,0.5232176780700684,-0.03625140339136124,0.46181702613830566,0.5398690700531006,-0.010907224379479885,0.4125329256057739,0.5067351460456848,-0.017344802618026733,0.40752822160720825,0.4461269676685333,-0.039532583206892014,0.4154285192489624,0.5069789886474609,-0.021072639152407646,0.4221142530441284,0.5386690497398376,0.00018321229435969144
0.4545098841190338,0.7506399750709534,8.365511661168057e-08,0.5242425799369812,0.7128480076789856,-0.06181759387254715,0.5847368836402893,0.645717203617096,-0.08725016564130783,0.651201605796814,0.5908190608024597,-0.10526172816753387,0.710529088973999,0.5622404217720032,-0.11667831987142563,0.546832799911499,0.4884360432624817,-0.03613676130771637,0.5577507615089417,0.387012779712677,-0.06912919878959656,0.5608562231063843,0.32466256618499756,-0.08076534420251846,0.566749095916748,0.26231664419174194,-0.08498050272464752,0.5033164024353027,0.4921887516975403,-0.021032195538282394,0.49601513147354126,0.43783238530158997,-0.05344662442803383,0.4915477931499481,0.5367131233215332,-0.04122941941022873,0.5045366883277893,0.5485250949859619,-0.021885715425014496,0.45940151810646057,0.4993543028831482,-0.01673474907875061,0.452938973903656,0.4489775598049164,-0.058774497359991074,0.4553336799144745,0.5416733026504517,-0.03603840991854668,0.4679919481277466,0.548284113407135,-0.008186928927898407,0.41580888628959656,0.5131929516792297,-0.018764780834317207,0.4100159704685211,0.4576462507247925,-0.040637899190187454,0.41827520728111267,0.5195955038070679,-0.02096468023955822,0.42514145374298096,0.5477260947227478,0.0008511554333381355
0.4552006721496582,0.7509387135505676,7.073684571423655e-08,0.5246692895889282,0.7153334617614746,-0.06418853253126144,0.5849266648292542,0.645713746547699,-0.08904295414686203,0.6514197587966919,0.5901314616203308,-0.10528656095266342,0.7102968692779541,0.5612952709197998,-0.11390343308448792,0.5468676090240479,0.48932546377182007,-0.03917605057358742,0.5568820834159851,0.38915231823921204,-0.07410867512226105,0.558895468711853,0.3275052011013031,-0.0859219953417778,0.5639851093292236,0.26412346959114075,-0.08954010903835297,0.5040128231048584,0.4952283799648285,-0.02231604978442192,0.49493303894996643,0.44230759143829346,-0.05448131635785103,0.491615891456604,0.5425227284431458,-0.03989601135253906,0.5071616172790527,0.5503387451171875,-0.01878892071545124,0.46021491289138794,0.5020003318786621,-0.01690056547522545,0.451587438583374,0.4540455937385559,-0.05978420376777649,0.45512059330940247,0.5476690530776978,-0.036092936992645264,0.4701777696609497,0.5506085753440857,-0.007285152096301317,0.41725292801856995,0.5143912434577942,-0.018014684319496155,0.4095408320426941,0.46118614077568054,-0.04044971242547035,0.41874754428863525,0.5240211486816406,-0.020823335275053978,0.42668336629867554,0.551692008972168,0.001190059701912105
0.45611533522605896,0.7489445209503174,6.745065661561966e-08,0.5253891944885254,0.713819146156311,-0.0625019371509552,0.5864266157150269,0.6444706916809082,-0.08747196197509766,0.6520228385925293,0.5885257720947266,-0.10429278761148453,0.7105598449707031,0.5594563484191895,-0.11363638192415237,0.5471529960632324,0.49040302634239197,-0.03946606442332268,0.5571323037147522,0.3904540538787842,-0.07537989318370819,0.5596350431442261,0.3293856382369995,-0.08757466077804565,0.5649510622024536,0.2655559480190277,-0.09148268401622772,0.5047963261604309,0.49630334973335266,-0.023620285093784332,0.49636226892471313,0.44769442081451416,-0.055993977934122086,0.49418026208877563,0.5478046536445618,-0.04122066870331764,0.5093286037445068,0.5515154004096985,-0.020492156967520714,0.4613586664199829,0.5031993389129639,-0.019076962023973465,0.45269057154655457,0.45873260498046875,-0.06230609118938446,0.45714038610458374,0.5522884130477905,-0.03836412727832794,0.47214776277542114,0.5521434545516968,-0.009833299554884434,0.4181428551673889,0.5156896114349365,-0.020873146131634712,0.41051602363586426,0.4661223590373993,-0.04360942542552948,0.4201074540615082,0.5292958617210388,-0.024010123685002327,0.4274085760116577,0.5552765727043152,-0.002311919117346406
0.4572836756706238,0.7492210268974304,7.817598657311464e-08,0.5254437923431396,0.7140906453132629,-0.06436342746019363,0.5852462649345398,0.6463855504989624,-0.0901147648692131,0.6510828137397766,0.590557873249054,-0.10714277625083923,0.7097722887992859,0.5599507689476013,-0.11646143347024918,0.5473559498786926,0.4910653233528137,-0.04226098954677582,0.5560671091079712,0.39163637161254883,-0.07933380454778671,0.5586550831794739,0.3294757008552551,-0.0926046073436737,0.5636628866195679,0.265428364276886,-0.09690400213003159,0.5048617720603943,0.497834175825119,-0.024747135117650032,0.495893269777298,0.451429545879364,-0.0563720166683197,0.4947330355644226,0.5512895584106445,-0.040555283427238464,0.5110528469085693,0.5551583170890808,-0.01932869665324688,0.46124982833862305,0.5053051114082336,-0.01884264498949051,0.45168760418891907,0.464024156332016,-0.06222851201891899,0.4569150507450104,0.5564624071121216,-0.03901543840765953,0.4734416902065277,0.5560355186462402,-0.011023806408047676,0.4187946319580078,0.5175078511238098,-0.01928539387881756,0.41051632165908813,0.46953076124191284,-0.042320914566516876,0.42080506682395935,0.532344400882721,-0.02341320365667343,0.4296030104160309,0.5591985583305359,-0.00227860314771533
0.4583130478858948,0.7487472295761108,8.786370386815179e-08,0.5257978439331055,0.7148352265357971,-0.06400071084499359,0.5864574313163757,0.6474869847297668,-0.09090087562799454,0.6521645784378052,0.5918821692466736,-0.10972591489553452,0.7110564708709717,0.5620565414428711,-0.12115341424942017,0.5471770763397217,0.493314266204834,-0.04158205911517143,0.555626392364502,0.39233899116516113,-0.07795833796262741,0.5578161478042603,0.3295479416847229,-0.08997156471014023,0.563069224357605,0.2659347355365753,-0.09367645531892776,0.5049096941947937,0.4997747540473938,-0.02485068328678608,0.49633076786994934,0.45579445362091064,-0.05775868147611618,0.4944039285182953,0.5553471446037292,-0.042622581124305725,0.5097478628158569,0.5565641522407532,-0.02169923111796379,0.4620010554790497,0.5069350004196167,-0.019548220559954643,0.45305925607681274,0.46819883584976196,-0.06324446946382523,0.45793774724006653,0.5595807433128357,-0.03964870423078537,0.47346237301826477,0.5569778084754944,-0.011547430418431759,0.41938772797584534,0.5186916589736938,-0.020701613277196884,0.41175615787506104,0.47245073318481445,-0.044376641511917114,0.4218248724937439,0.5347471237182617,-0.025761213153600693,0.42993029952049255,0.5601139664649963,-0.004741083364933729
0.45854637026786804,0.7477630376815796,7.986281502780912e-08,0.5257248878479004,0.7152125835418701,-0.06380391865968704,0.5859588384628296,0.6483824253082275,-0.09105615317821503,0.6523082852363586,0.5938307046890259,-0.11039039492607117,0.7110755443572998,0.5631647109985352,-0.12252862006425858,0.5471658110618591,0.4948362410068512,-0.042626868933439255,0.5528106093406677,0.39337486028671265,-0.07997006922960281,0.5537029504776001,0.329484760761261,-0.09331651031970978,0.5569231510162354,0.2656073272228241,-0.09791445732116699,0.5048288702964783,0.502723217010498,-0.02582109533250332,0.49500396847724915,0.46405959129333496,-0.059810709208250046,0.49525144696235657,0.5616796612739563,-0.04573918506503105,0.5117031931877136,0.5617329478263855,-0.025611620396375656,0.46208566427230835,0.5107592940330505,-0.020328285172581673,0.4521614909172058,0.47813230752944946,-0.06471449136734009,0.458597332239151,0.5675010681152344,-0.041804730892181396,0.4751087725162506,0.5639451146125793,-0.0141391446813941,0.4200235605239868,0.5227420330047607,-0.02124129794538021,0.4116849899291992,0.48009470105171204,-0.04600883647799492,0.42243343591690063,0.5428043603897095,-0.027894195169210434,0.431471049785614,0.5684344172477722,-0.006971383932977915
0.4581989645957947,0.7486112117767334,7.84200295811388e-08,0.5248591899871826,0.7153303623199463,-0.06338180601596832,0.5846846103668213,0.648276686668396,-0.09036816656589508,0.6514935493469238,0.5937550663948059,-0.10935066640377045,0.7101247310638428,0.5627022981643677,-0.12094593048095703,0.5463665723800659,0.49753645062446594,-0.043340541422367096,0.5520076751708984,0.3952493965625763,-0.0817219465970993,0.553102433681488,0.33079099655151367,-0.09555425494909286,0.5563533306121826,0.26587778329849243,-0.10025578737258911,0.5045817494392395,0.506346583366394,-0.02639102190732956,0.4938249886035919,0.46706634759902954,-0.060304906219244,0.4947654902935028,0.5653890371322632,-0.04525051638484001,0.5120571851730347,0.5648034811019897,-0.024504970759153366,0.46202903985977173,0.5142930746078491,-0.0208644550293684,0.45161598920822144,0.4806782305240631,-0.06530919671058655,0.45851626992225647,0.5703076124191284,-0.04166071116924286,0.4756590723991394,0.5661377310752869,-0.013526557013392448,0.42022499442100525,0.5258573889732361,-0.02170703187584877,0.41175103187561035,0.483112633228302,-0.046150654554367065,0.42272239923477173,0.5458265542984009,-0.027591804042458534,0.4317934811115265,0.5712985992431641,-0.006480811163783073
0.45857101678848267,0.746472179889679,8.922285843482314e-08,0.5248940587043762,0.7157666683197021,-0.06307652592658997,0.5850079655647278,0.6476066708564758,-0.09074100106954575,0.6508988738059998,0.5924824476242065,-0.11074098944664001,0.7097456455230713,0.5625361204147339,-0.12383189052343369,0.5463102459907532,0.4972856342792511,-0.0439966656267643,0.5516307353973389,0.39408910274505615,-0.08144629001617432,0.5522064566612244,0.3295601010322571,-0.09436142444610596,0.5550012588500977,0.2652096748352051,-0.0988796204328537,0.5039185881614685,0.5062060356140137,-0.02779128961265087,0.4937800168991089,0.46949878334999084,-0.06333068758249283,0.4948025941848755,0.5673269033432007,-0.04983283951878548,0.511402428150177,0.566015362739563,-0.029972035437822342,0.4615453779697418,0.5147034525871277,-0.022570064291357994,0.451068252325058,0.4846506416797638,-0.06762464344501495,0.4582958221435547,0.5734167098999023,-0.04440940171480179,0.4752759635448456,0.5683137774467468,-0.01665845513343811,0.41954106092453003,0.5265994071960449,-0.023693598806858063,0.4111170768737793,0.4866800606250763,-0.04944542050361633,0.42237958312034607,0.5501059293746948,-0.031621333211660385,0.4316069483757019,0.5746424794197083,-0.01084296964108944
0.45733344554901123,0.7449144124984741,7.233260390648866e-08,0.5239062309265137,0.7158343195915222,-0.06358037143945694,0.5843809247016907,0.6488478183746338,-0.09121223539113998,0.6499246954917908,0.5924046635627747,-0.11067841202020645,0.7082637548446655,0.5606480240821838,-0.12256801873445511,0.5459657907485962,0.49862489104270935,-0.04623417928814888,0.5502555966377258,0.39505934715270996,-0.08637413382530212,0.5505503416061401,0.33094140887260437,-0.10039260983467102,0.5528857707977295,0.2647600769996643,-0.10508178919553757,0.5038815140724182,0.5075233578681946,-0.029361769556999207,0.4918173849582672,0.4732866883277893,-0.06587056815624237,0.4941428601741791,0.5719717741012573,-0.05123218521475792,0.5114123225212097,0.5667604207992554,-0.030481811612844467,0.4613627791404724,0.514664351940155,-0.023773979395627975,0.4489353895187378,0.48788532614707947,-0.07024706900119781,0.45712804794311523,0.57796311378479,-0.0464254729449749,0.4750974774360657,0.5691332817077637,-0.017997361719608307,0.41936060786247253,0.5247930884361267,-0.024432994425296783,0.4094143509864807,0.4897182285785675,-0.05036294832825661,0.42120131850242615,0.5537422895431519,-0.03223405033349991,0.431064635515213,0.5751714110374451,-0.01123857032507658
0.45799243450164795,0.7456440925598145,8.385128325016922e-08,0.5231585502624512,0.7161426544189453,-0.06458143144845963,0.5825981497764587,0.6495850086212158,-0.09309082478284836,0.6480211019515991,0.5929526090621948,-0.11324044317007065,0.7081718444824219,0.5610710978507996,-0.1256040632724762,0.5459555983543396,0.49726489186286926,-0.04521215707063675,0.5494987368583679,0.39601820707321167,-0.08528218418359756,0.5492592453956604,0.33261004090309143,-0.09923350065946579,0.5517897605895996,0.26689931750297546,-0.10366768389940262,0.5035824775695801,0.5074264407157898,-0.02759566530585289,0.4930332899093628,0.4732639193534851,-0.06361290067434311,0.4946777820587158,0.572119414806366,-0.04893149062991142,0.5121333599090576,0.5653675198554993,-0.028079096227884293,0.46121448278427124,0.5154609680175781,-0.021446922793984413,0.449692040681839,0.48886731266975403,-0.06780388951301575,0.45697373151779175,0.5789279341697693,-0.04444903880357742,0.4750891923904419,0.5687648057937622,-0.01630348525941372,0.4194245934486389,0.525529146194458,-0.021541617810726166,0.41018080711364746,0.490355521440506,-0.0468265600502491,0.42122921347618103,0.5545653104782104,-0.028578098863363266,0.43087998032569885,0.5757443308830261,-0.007596699986606836
0.45846644043922424,0.7449700832366943,9.15212226004769e-08,0.522070586681366,0.7163112163543701,-0.06458830088376999,0.5823768973350525,0.6491928100585938,-0.09286946058273315,0.6484877467155457,0.5934635996818542,-0.11299201101064682,0.7083820700645447,0.5611212849617004,-0.12551242113113403,0.5472933650016785,0.4990195035934448,-0.04387413337826729,0.5508459210395813,0.3980411887168884,-0.08283936977386475,0.5492574572563171,0.3348468542098999,-0.09641459584236145,0.5506654977798462,0.26944291591644287,-0.10107845813035965,0.505431056022644,0.5092935562133789,-0.026567896828055382,0.4927332103252411,0.4753815531730652,-0.06336922198534012,0.49502405524253845,0.5724635124206543,-0.05043552443385124,0.5144648551940918,0.5651674270629883,-0.03072696179151535,0.4635280668735504,0.5177222490310669,-0.020571930333971977,0.45036646723747253,0.4925191104412079,-0.06669066101312637,0.45763254165649414,0.5808002352714539,-0.043923430144786835,0.47721192240715027,0.5702782869338989,-0.01636171154677868,0.4216659963130951,0.5281273126602173,-0.020969603210687637,0.41236087679862976,0.49506157636642456,-0.04671589285135269,0.4225063920021057,0.558427095413208,-0.02920004539191723,0.43278080224990845,0.5794114470481873,-0.00866177212446928
0.45898500084877014,0.7503959536552429,8.607031531937537e-08,0.5223184823989868,0.7166502475738525,-0.06447070091962814,0.5811360478401184,0.6501107215881348,-0.0915585458278656,0.647760808467865,0.5931819081306458,-0.10953008383512497,0.7081514000892639,0.5602424740791321,-0.1189739853143692,0.5480773448944092,0.499325692653656,-0.044426850974559784,0.5506953597068787,0.3988863229751587,-0.08487053215503693,0.5496296286582947,0.33621954917907715,-0.10054852068424225,0.550385594367981,0.2690923810005188,-0.10589493066072464,0.5052430629730225,0.5115070343017578,-0.025383763015270233,0.4944000840187073,0.4764554798603058,-0.057134512811899185,0.4979526400566101,0.5748112201690674,-0.04103003442287445,0.5162564516067505,0.5653078556060791,-0.0205320306122303,0.46211403608322144,0.5206911563873291,-0.018150951713323593,0.4512184262275696,0.49145305156707764,-0.06184779852628708,0.459384024143219,0.5820120573043823,-0.039082057774066925,0.4782004952430725,0.5706354379653931,-0.012233508750796318,0.4201089143753052,0.5304797887802124,-0.017022762447595596,0.4120408296585083,0.4947063624858856,-0.03948270529508591,0.4234158396720886,0.5578724145889282,-0.02062157168984413,0.4331126809120178,0.5787889957427979,-8.781492215348408e-05
0.46029090881347656,0.7485821843147278,7.962667325500661e-08,0.5236797332763672,0.7138018012046814,-0.062227584421634674,0.5828129649162292,0.6466434597969055,-0.08899272233247757,0.647994875907898,0.5904837846755981,-0.10759477317333221,0.7077396512031555,0.5580359697341919,-0.11828777939081192,0.5477001070976257,0.49857065081596375,-0.04280327633023262,0.550291121006012,0.3981894254684448,-0.08268905431032181,0.5489730834960938,0.3358932137489319,-0.09802192449569702,0.5496325492858887,0.2697480320930481,-0.10338595509529114,0.505562424659729,0.5107484459877014,-0.025395287200808525,0.4932940900325775,0.4767444431781769,-0.058240026235580444,0.49719226360321045,0.5736128687858582,-0.04299335554242134,0.5161792039871216,0.5656646490097046,-0.0228089839220047,0.4633679687976837,0.5209088921546936,-0.01944863237440586,0.4509833753108978,0.4933501183986664,-0.06382178515195847,0.459563285112381,0.5827114582061768,-0.04111882299184799,0.47911378741264343,0.5724332332611084,-0.014027358032763004,0.422136127948761,0.5320833325386047,-0.019457131624221802,0.41302555799484253,0.4964880347251892,-0.042774371802806854,0.42453524470329285,0.5597560405731201,-0.0239659883081913,0.43539518117904663,0.5817891955375671,-0.003189662704244256
0.4592811167240143,0.7479991316795349,9.006274837020101e-08,0.522091269493103,0.7150368690490723,-0.0631888210773468,0.5817258954048157,0.6474730968475342,-0.09058905392885208,0.647564172744751,0.5904815196990967,-0.10984630882740021,0.7071330547332764,0.5569758415222168,-0.12124671041965485,0.5481205582618713,0.4981146454811096,-0.042332280427217484,0.5511152744293213,0.3987835943698883,-0.08143202215433121,0.549630880355835,0.3363855183124542,-0.09531258791685104,0.5499942898750305,0.270958811044693,-0.09962388873100281,0.5056612491607666,0.5095731019973755,-0.0247698575258255,0.49461549520492554,0.47688809037208557,-0.05774451792240143,0.49782222509384155,0.5743401646614075,-0.04216393455862999,0.5156365633010864,0.5645677447319031,-0.021377086639404297,0.46313613653182983,0.5194927453994751,-0.018771233037114143,0.45180585980415344,0.4939184784889221,-0.0631600171327591,0.4599994122982025,0.5830410122871399,-0.04020871967077255,0.47798681259155273,0.5704869627952576,-0.012870589271187782,0.4211651086807251,0.5307950973510742,-0.01884094625711441,0.4131740927696228,0.49679887294769287,-0.04218984395265579,0.4245363175868988,0.559703528881073,-0.023340852931141853,0.4338182210922241,0.5796408653259277,-0.0024270769208669662
0.46039167046546936,0.7474156022071838,7.513453681440296e-08,0.5233770608901978,0.7126240134239197,-0.062272876501083374,0.5823198556900024,0.6462650299072266,-0.08879410475492477,0.6466398239135742,0.5883688926696777,-0.10701902210712433,0.7056836485862732,0.5536287426948547,-0.11711318790912628,0.5489728450775146,0.4986070394515991,-0.042408645153045654,0.5511471629142761,0.39881348609924316,-0.08215951174497604,0.5490366220474243,0.33700811862945557,-0.09694705903530121,0.5489967465400696,0.27088499069213867,-0.10166336596012115,0.5063232779502869,0.5109918117523193,-0.02472015470266342,0.49465903639793396,0.4775019884109497,-0.05661594495177269,0.4986281394958496,0.5738341808319092,-0.04074271395802498,0.5175656676292419,0.5632609724998474,-0.02030826359987259,0.46378466486930847,0.5213180780410767,-0.018551606684923172,0.4524202346801758,0.4942249059677124,-0.06274739652872086,0.4606022834777832,0.5832666754722595,-0.039998117834329605,0.47960519790649414,0.5705784559249878,-0.012971505522727966,0.42212143540382385,0.5326606035232544,-0.018268203362822533,0.4137382209300995,0.49784886837005615,-0.04113134369254112,0.4252406656742096,0.5602913498878479,-0.022001976147294044,0.4356367290019989,0.5810613036155701,-0.001106465351767838
0.46173399686813354,0.7462667226791382,6.583123735026675e-08,0.5246084928512573,0.7111377120018005,-0.0616883784532547,0.5836272239685059,0.6434566378593445,-0.08763724565505981,0.6471447944641113,0.585096538066864,-0.10535186529159546,0.7054885029792786,0.5498349666595459,-0.1150679811835289,0.5494124293327332,0.4988795816898346,-0.04179668799042702,0.551476776599884,0.4002474546432495,-0.08110246807336807,0.548902153968811,0.3394823670387268,-0.09620019048452377,0.5484853386878967,0.27345985174179077,-0.10164301842451096,0.5069747567176819,0.5112154483795166,-0.024675147607922554,0.4951540529727936,0.4778333902359009,-0.05708643049001694,0.4991663694381714,0.573693037033081,-0.04267212003469467,0.5180030465126038,0.5629172921180725,-0.023469744250178337,0.4647321105003357,0.5216027498245239,-0.018859734758734703,0.4529331624507904,0.49503418803215027,-0.06285879760980606,0.46138161420822144,0.5834117531776428,-0.04052805155515671,0.48040109872817993,0.570599377155304,-0.014088616706430912,0.4229685068130493,0.5331324934959412,-0.01895037852227688,0.4144291877746582,0.49823513627052307,-0.04234643653035164,0.42612385749816895,0.5604662895202637,-0.02376115508377552,0.43680649995803833,0.581113338470459,-0.0033091199584305286
0.4626148045063019,0.7459701895713806,4.991342450466618e-08,0.5258194208145142,0.7087628245353699,-0.060289811342954636,0.5834864377975464,0.6417354345321655,-0.08517148345708847,0.6455620527267456,0.5817378759384155,-0.10160516947507858,0.7031680941581726,0.5431840419769287,-0.10968542844057083,0.5507688522338867,0.4992240071296692,-0.042421162128448486,0.5518528819084167,0.3993263840675354,-0.08240761607885361,0.5494778156280518,0.3391348123550415,-0.09821794182062149,0.5486735701560974,0.272792786359787,-0.10365092009305954,0.5083807110786438,0.5126079320907593,-0.024993691593408585,0.4956168234348297,0.47883379459381104,-0.05525615066289902,0.5006067752838135,0.5729557871818542,-0.03919294476509094,0.5199030041694641,0.5609349608421326,-0.019481144845485687,0.46584686636924744,0.5233595371246338,-0.018903570249676704,0.45401731133461,0.49472495913505554,-0.062482066452503204,0.4626199007034302,0.5832843780517578,-0.040091801434755325,0.4823051989078522,0.5704570412635803,-0.013753864914178848,0.4246668517589569,0.5346522927284241,-0.018375620245933533,0.4159069359302521,0.4983333349227905,-0.0410420186817646,0.42784348130226135,0.5605586171150208,-0.0218783188611269,0.43945425748825073,0.582208514213562,-0.0012776831863448024
0.46340057253837585,0.7441779375076294,5.435688876787026e-08,0.5269228219985962,0.7064622640609741,-0.06088551878929138,0.5848236083984375,0.6402344703674316,-0.08542100340127945,0.6466147899627686,0.5794773101806641,-0.10118256509304047,0.7033169865608215,0.53857421875,-0.10835804045200348,0.5517325401306152,0.4975928068161011,-0.04138573631644249,0.5529513359069824,0.39832431077957153,-0.08047472685575485,0.5508251190185547,0.33852308988571167,-0.09583322703838348,0.5495836138725281,0.2726741433143616,-0.10090024024248123,0.5091567635536194,0.5103974342346191,-0.02319989539682865,0.497052401304245,0.47669491171836853,-0.05192073807120323,0.5016888380050659,0.5707590579986572,-0.03482118621468544,0.5199007987976074,0.5600791573524475,-0.014471755363047123,0.466268926858902,0.5216772556304932,-0.01663109101355076,0.4549625515937805,0.4937361776828766,-0.059439994394779205,0.46365463733673096,0.5822728872299194,-0.037599436938762665,0.4830232262611389,0.5690239667892456,-0.011695921421051025,0.42508381605148315,0.5327739119529724,-0.015569175593554974,0.41665875911712646,0.49868902564048767,-0.03756352886557579,0.42886993288993835,0.5602189302444458,-0.018885351717472076,0.44057732820510864,0.5801593661308289,0.0011139361886307597
0.4640178978443146,0.7416155934333801,3.989465824361105e-08,0.5271281003952026,0.706640899181366,-0.06056362763047218,0.5854918360710144,0.6381977796554565,-0.08514417707920074,0.6466056108474731,0.5766770839691162,-0.10121066868305206,0.7032496333122253,0.5356749296188354,-0.10896529257297516,0.5525416135787964,0.4971185624599457,-0.04159201309084892,0.5545111298561096,0.3977232575416565,-0.08046115934848785,0.5521472096443176,0.33791583776474,-0.09514552354812622,0.5515320897102356,0.2726607024669647,-0.10005554556846619,0.5105610489845276,0.5085060596466064,-0.024470973759889603,0.49851691722869873,0.4748988747596741,-0.0555359348654747,0.502210795879364,0.5688931345939636,-0.0403234027326107,0.5205442905426025,0.5583265423774719,-0.020802659913897514,0.46812793612480164,0.5188420414924622,-0.018613118678331375,0.4567584693431854,0.49199116230010986,-0.06281369924545288,0.4645669162273407,0.5803526639938354,-0.04119773581624031,0.4836771786212921,0.5672361254692078,-0.015174059197306633,0.4266655743122101,0.5303699374198914,-0.018292635679244995,0.41795769333839417,0.49697136878967285,-0.041870251297950745,0.429670512676239,0.5590748190879822,-0.02368195727467537,0.44080278277397156,0.5789632201194763,-0.0036272630095481873
0.4678369164466858,0.7366863489151001,6.553459996894162e-08,0.5322277545928955,0.6980741024017334,-0.05935874208807945,0.5907544493675232,0.6304759979248047,-0.08323413878679276,0.6519488096237183,0.5677716732025146,-0.09863527864217758,0.7079082727432251,0.5271939635276794,-0.10580224543809891,0.5572957396507263,0.4898605942726135,-0.03881319984793663,0.5586879253387451,0.3915504217147827,-0.07444096356630325,0.5561467409133911,0.3319626450538635,-0.08805986493825912,0.5553471446037292,0.26831379532814026,-0.09300994127988815,0.5147097110748291,0.5009307265281677,-0.022238839417696,0.5043661594390869,0.4591189920902252,-0.05051267892122269,0.5069528222084045,0.5549319982528687,-0.03458765521645546,0.5252062678337097,0.5515543818473816,-0.014767124317586422,0.47221168875694275,0.5120839476585388,-0.01672345958650112,0.4615180790424347,0.47674429416656494,-0.05761207267642021,0.4688422679901123,0.5655957460403442,-0.03555045649409294,0.4880526661872864,0.5592357516288757,-0.009740887209773064,0.4309138357639313,0.5250909328460693,-0.01681104674935341,0.42284512519836426,0.48582375049591064,-0.03831010311841965,0.43393510580062866,0.5467467904090881,-0.020016616210341454,0.4449312686920166,0.5695759654045105,-0.0003186566464137286
0.4673590362071991,0.7366030216217041,2.890634220875654e-08,0.5321841239929199,0.6995089054107666,-0.05903271585702896,0.5898610949516296,0.6310285329818726,-0.0817512720823288,0.65036940574646,0.5676825642585754,-0.09593843668699265,0.7056524753570557,0.5273921489715576,-0.10203119367361069,0.5568411350250244,0.4890129268169403,-0.03826599940657616,0.5584837198257446,0.39031922817230225,-0.07499241083860397,0.5564076900482178,0.3298347294330597,-0.09009166806936264,0.556357204914093,0.26564231514930725,-0.09600458294153214,0.5148763656616211,0.5002620816230774,-0.02154189720749855,0.5029675364494324,0.45753568410873413,-0.05159967765212059,0.5049973130226135,0.5530704259872437,-0.03740217909216881,0.523374080657959,0.5525143146514893,-0.01849759928882122,0.47291040420532227,0.5110855102539062,-0.015790734440088272,0.4610690176486969,0.47517988085746765,-0.058057282119989395,0.4684253931045532,0.5646545886993408,-0.03674738481640816,0.48820367455482483,0.5610805153846741,-0.010949116200208664,0.4322049617767334,0.5241100192070007,-0.015602940693497658,0.4228150248527527,0.48500052094459534,-0.03826325386762619,0.4344520568847656,0.5468640327453613,-0.02056674286723137,0.4465983808040619,0.5706768035888672,-0.0009011191432364285
0.46536776423454285,0.7363281846046448,1.493322443479883e-08,0.530671238899231,0.698996365070343,-0.05925361067056656,0.5885171294212341,0.631027340888977,-0.0814427062869072,0.6499983668327332,0.5683538913726807,-0.09472019225358963,0.7050608396530151,0.5274566411972046,-0.09977956861257553,0.5557690858840942,0.489554226398468,-0.039192039519548416,0.5576767325401306,0.3897814154624939,-0.07583361119031906,0.5556547045707703,0.32914960384368896,-0.091044120490551,0.55555659532547,0.26459434628486633,-0.09698677062988281,0.5140393376350403,0.5003191828727722,-0.022035453468561172,0.5026957988739014,0.45559161901474,-0.05136151239275932,0.5040032863616943,0.5510390400886536,-0.03645886853337288,0.521660327911377,0.5529442429542542,-0.017153972759842873,0.47202736139297485,0.5107768774032593,-0.015919078141450882,0.4610215127468109,0.472939670085907,-0.0576208159327507,0.46749234199523926,0.5632867813110352,-0.036139946430921555,0.4867576062679291,0.5614220499992371,-0.010239837691187859,0.43147391080856323,0.523594856262207,-0.015367390587925911,0.422980934381485,0.48333555459976196,-0.03744632750749588,0.43373793363571167,0.5452616810798645,-0.019619060680270195,0.44515740871429443,0.5697601437568665,1.0990396503984812e-06
0.46624594926834106,0.7384750843048096,2.3732519949248854e-08,0.532315194606781,0.7000033855438232,-0.059121012687683105,0.58982914686203,0.6315145492553711,-0.08130505681037903,0.6502573490142822,0.5675286054611206,-0.09462444484233856,0.7053526043891907,0.5271021723747253,-0.09985195845365524,0.5555869936943054,0.48876118659973145,-0.03796237334609032,0.5567450523376465,0.38927969336509705,-0.07312524318695068,0.554538369178772,0.3283383846282959,-0.08776969462633133,0.5540822148323059,0.26445120573043823,-0.09370973706245422,0.5133744478225708,0.49949997663497925,-0.020945442840456963,0.5033106207847595,0.453370600938797,-0.04968037083745003,0.5046199560165405,0.5492334961891174,-0.03525146469473839,0.5209903120994568,0.5538442730903625,-0.016293123364448547,0.4712006747722626,0.5108910202980042,-0.014806960709393024,0.4614693522453308,0.4711329936981201,-0.05602845177054405,0.46805042028427124,0.5617073774337769,-0.034960996359586716,0.48535865545272827,0.5620972514152527,-0.009363995864987373,0.43046003580093384,0.5250541567802429,-0.014215831644833088,0.4232299029827118,0.4834868609905243,-0.036576565355062485,0.4340440630912781,0.545257568359375,-0.019309846684336662,0.4438715875148773,0.569703996181488,-4.997585347155109e-05
0.46602725982666016,0.7384684085845947,1.2858149212036096e-08,0.5322157740592957,0.7001180648803711,-0.057486411184072495,0.5894665718078613,0.6312634944915771,-0.07872562110424042,0.6503540277481079,0.5671367049217224,-0.0916920006275177,0.7051066756248474,0.5276488661766052,-0.09722969681024551,0.5550215840339661,0.49070948362350464,-0.036294594407081604,0.5560448169708252,0.39016014337539673,-0.07004097104072571,0.5536648035049438,0.329624742269516,-0.08413799107074738,0.5530498027801514,0.26649054884910583,-0.09030541032552719,0.5133212804794312,0.5006223917007446,-0.020658763125538826,0.5020358562469482,0.45282813906669617,-0.05099407210946083,0.5036091804504395,0.5474099516868591,-0.0387360081076622,0.5198767781257629,0.5562509894371033,-0.021088676527142525,0.471361368894577,0.5121198892593384,-0.015477734617888927,0.46049821376800537,0.4716745615005493,-0.057195939123630524,0.46773070096969604,0.5610671639442444,-0.03720090538263321,0.48502296209335327,0.5648162961006165,-0.012263020500540733,0.43033716082572937,0.5273886919021606,-0.015759088099002838,0.4223662316799164,0.48501959443092346,-0.03926453739404678,0.433957040309906,0.5469186902046204,-0.02302062138915062,0.44463229179382324,0.5727953314781189,-0.004329657647758722
0.46554845571517944,0.7426490783691406,8.920539862344867e-09,0.5318283438682556,0.70125412940979,-0.056508470326662064,0.5887945294380188,0.6335522532463074,-0.07653478533029556,0.6494452953338623,0.5691577196121216,-0.08783850818872452,0.7036385536193848,0.5296127200126648,-0.09118179976940155,0.5545797348022461,0.4914768934249878,-0.035402122884988785,0.555098831653595,0.39111262559890747,-0.06906110793352127,0.5528636574745178,0.3307136297225952,-0.08406844735145569,0.5517526865005493,0.2667911648750305,-0.0904880166053772,0.5124093890190125,0.5023255944252014,-0.018902726471424103,0.503128707408905,0.45329755544662476,-0.04529254883527756,0.5047908425331116,0.5477085709571838,-0.03130084276199341,0.5198556780815125,0.5560740828514099,-0.01336706429719925,0.4701327681541443,0.5138630867004395,-0.012995827943086624,0.4610399007797241,0.4700791835784912,-0.05240323767066002,0.46775978803634644,0.561048686504364,-0.032713692635297775,0.48418089747428894,0.5654197931289673,-0.008498414419591427,0.429526686668396,0.5286065936088562,-0.012284497730433941,0.4229970872402191,0.48483091592788696,-0.032916516065597534,0.43411558866500854,0.5465048551559448,-0.015660883858799934,0.4440995752811432,0.5730632543563843,0.0030655742157250643
0.46366411447525024,0.7470589280128479,-9.183216964636642e-10,0.5308635830879211,0.7037579417228699,-0.055382244288921356,0.5882648229598999,0.6368887424468994,-0.07492819428443909,0.6494535207748413,0.571664035320282,-0.08616016805171967,0.7038369178771973,0.5318511128425598,-0.08968581259250641,0.5535055994987488,0.49580273032188416,-0.03254712000489235,0.5535820722579956,0.3949834704399109,-0.06575379520654678,0.5511161684989929,0.3339810371398926,-0.08106360584497452,0.5498421788215637,0.2704351544380188,-0.08779862523078918,0.5112255215644836,0.5055411458015442,-0.0167391337454319,0.5028103590011597,0.45382487773895264,-0.04317927360534668,0.5033054947853088,0.5493263602256775,-0.029690230265259743,0.517676055431366,0.5608218908309937,-0.01176157221198082,0.4690219461917877,0.5172634720802307,-0.01154057402163744,0.4607034921646118,0.4717433750629425,-0.0501682385802269,0.46656450629234314,0.5624688267707825,-0.030576417222619057,0.4825659990310669,0.5692227482795715,-0.006301450543105602,0.4284622073173523,0.5331821441650391,-0.011545860208570957,0.42240220308303833,0.4874851107597351,-0.03121052123606205,0.4331783056259155,0.548254668712616,-0.013705811463296413,0.44319987297058105,0.5758955478668213,0.005171206314116716
0.4616039991378784,0.7518398761749268,-2.1260753158003354e-08,0.5289336442947388,0.7109518051147461,-0.05503477156162262,0.5873721241950989,0.6428676247596741,-0.0723588839173317,0.647294819355011,0.5777412056922913,-0.08092489093542099,0.7021454572677612,0.5397911071777344,-0.0835457295179367,0.5498467683792114,0.5067242383956909,-0.03450220823287964,0.5519011616706848,0.3996245861053467,-0.06508011370897293,0.5495339632034302,0.3361455202102661,-0.08240221440792084,0.5480371117591858,0.2721177935600281,-0.09253957867622375,0.508531391620636,0.5131315588951111,-0.019575538113713264,0.4996412396430969,0.457400381565094,-0.05359697714447975,0.4980696737766266,0.548987090587616,-0.050303053110837936,0.5072721838951111,0.5836619734764099,-0.038377344608306885,0.465751588344574,0.525327742099762,-0.013730782084167004,0.45867401361465454,0.4796687364578247,-0.056386347860097885,0.4631839394569397,0.5696865320205688,-0.04377904161810875,0.4750863313674927,0.5933804512023926,-0.022955695167183876,0.42518478631973267,0.5441564917564392,-0.012675040401518345,0.42188942432403564,0.49705061316490173,-0.0376557856798172,0.43203604221343994,0.5593475699424744,-0.025377385318279266,0.44082650542259216,0.5915179252624512,-0.009300798177719116
0.45910531282424927,0.756174623966217,-3.1845897030535752e-09,0.5256608128547668,0.7180858850479126,-0.05244634300470352,0.5857039093971252,0.6475380659103394,-0.07101227343082428,0.6438372135162354,0.5844370126724243,-0.08262280374765396,0.6985148787498474,0.5509572625160217,-0.090693898499012,0.5427759289741516,0.5179511904716492,-0.035014163702726364,0.546177089214325,0.4069378674030304,-0.06245120242238045,0.5442718267440796,0.34143322706222534,-0.07873838394880295,0.5431589484214783,0.2790653705596924,-0.08991126716136932,0.5027697086334229,0.5204564929008484,-0.02265256643295288,0.49262991547584534,0.4652380347251892,-0.06335437297821045,0.488709032535553,0.5544223189353943,-0.06657042354345322,0.494139164686203,0.6028183698654175,-0.05769667401909828,0.4606606066226959,0.5327090620994568,-0.017733963206410408,0.4520516097545624,0.49021685123443604,-0.06322044134140015,0.45597097277641296,0.5778678059577942,-0.05339353159070015,0.46587780117988586,0.6130136847496033,-0.03347603231668472,0.4198504388332367,0.5519425868988037,-0.017286909744143486,0.4159262180328369,0.5066149234771729,-0.04656514897942543,0.42489615082740784,0.5686474442481995,-0.03757992014288902,0.4336533546447754,0.6030864715576172,-0.02280181273818016
0.4584726095199585,0.755753755569458,1.6375018008218944e-09,0.5249451398849487,0.718451201915741,-0.05402993783354759,0.5845480561256409,0.6479185223579407,-0.07223256677389145,0.6429007649421692,0.5854439735412598,-0.08302130550146103,0.6976087093353271,0.5513061285018921,-0.08979824930429459,0.5408617258071899,0.5169983506202698,-0.034791797399520874,0.544361412525177,0.40635162591934204,-0.06234053149819374,0.5426047444343567,0.34094297885894775,-0.07800488919019699,0.5418399572372437,0.2792517840862274,-0.08838552236557007,0.501223087310791,0.5204228162765503,-0.021789584308862686,0.49023744463920593,0.4669409990310669,-0.061876632273197174,0.4864500164985657,0.5567610263824463,-0.0639449805021286,0.49355465173721313,0.6030176877975464,-0.054143160581588745,0.4593753218650818,0.532870352268219,-0.016740432009100914,0.4501168131828308,0.49304336309432983,-0.062452349811792374,0.4542742073535919,0.5808161497116089,-0.052552733570337296,0.46581897139549255,0.6125183701515198,-0.032451242208480835,0.4192197024822235,0.5526843667030334,-0.016374144703149796,0.4143911898136139,0.5097388029098511,-0.04553930088877678,0.4237549304962158,0.5721203684806824,-0.03640987351536751,0.4332568645477295,0.6056948304176331,-0.021495744585990906
0.4588724970817566,0.7553069591522217,1.7076368097335148e-09,0.5251744389533997,0.7186965346336365,-0.05210855230689049,0.5854256749153137,0.6467663645744324,-0.07055585086345673,0.643444836139679,0.5847430229187012,-0.08239267021417618,0.6977779269218445,0.5511416792869568,-0.09069383889436722,0.5411180257797241,0.5178117156028748,-0.03369420766830444,0.5445990562438965,0.40758052468299866,-0.061046045273542404,0.5426579713821411,0.3419247269630432,-0.07666829228401184,0.5415968298912048,0.280205637216568,-0.08734475076198578,0.5013520121574402,0.5201834440231323,-0.02209811843931675,0.49103519320487976,0.46629244089126587,-0.06394989043474197,0.4874550998210907,0.5562862753868103,-0.06747839599847794,0.49375033378601074,0.6033175587654114,-0.05834875628352165,0.4595625400543213,0.5322664976119995,-0.01798456721007824,0.4503049850463867,0.49262821674346924,-0.06444444507360458,0.45458072423934937,0.5802944898605347,-0.05444353073835373,0.4654236137866974,0.6133503317832947,-0.03408549726009369,0.4191667437553406,0.551635205745697,-0.018390046432614326,0.4148387312889099,0.5084505677223206,-0.04832875356078148,0.4236965477466583,0.5713448524475098,-0.03918759897351265,0.4322834014892578,0.6050798296928406,-0.02402057684957981
0.45754489302635193,0.7601205706596375,2.6539856534668615e-08,0.523825466632843,0.7242108583450317,-0.054356057196855545,0.5836908221244812,0.6514021754264832,-0.07304453104734421,0.6412335634231567,0.5864388346672058,-0.08452638238668442,0.6959471702575684,0.5520719289779663,-0.09235981851816177,0.5380372405052185,0.5195614099502563,-0.03519785404205322,0.5417640209197998,0.4064903259277344,-0.062092576175928116,0.5413762331008911,0.33901071548461914,-0.07709824293851852,0.5417226552963257,0.2771085798740387,-0.08731909096240997,0.4985150694847107,0.5237672924995422,-0.021843554452061653,0.48683246970176697,0.4706513583660126,-0.06382972747087479,0.4834256172180176,0.5608729720115662,-0.06685803085565567,0.49060606956481934,0.6087920069694519,-0.057076334953308105,0.4571797847747803,0.53739333152771,-0.016207454726099968,0.44632843136787415,0.4991282522678375,-0.06301458925008774,0.4512805938720703,0.5862686634063721,-0.0536145381629467,0.46393105387687683,0.6186673045158386,-0.033413972705602646,0.4177466034889221,0.5571015477180481,-0.015222728252410889,0.40995338559150696,0.5162901282310486,-0.045943018049001694,0.42008838057518005,0.5780811309814453,-0.03825964033603668,0.43217432498931885,0.6094971895217896,-0.023963363841176033
0.45956701040267944,0.7599427700042725,1.0339775258216832e-08,0.5248184204101562,0.7256385087966919,-0.047328632324934006,0.5853160619735718,0.6489402651786804,-0.06699812412261963,0.6425279378890991,0.5853486061096191,-0.08202707767486572,0.6965513229370117,0.5528768301010132,-0.09487471729516983,0.5389809012413025,0.5208954811096191,-0.0338599719107151,0.5422489047050476,0.40693312883377075,-0.06124204024672508,0.5413001775741577,0.33955931663513184,-0.07706103473901749,0.5410110354423523,0.2785049080848694,-0.0884605348110199,0.49853286147117615,0.5236097574234009,-0.025183873251080513,0.48822668194770813,0.4708937704563141,-0.07239941507577896,0.48550379276275635,0.5602756142616272,-0.07971422374248505,0.4904443323612213,0.6098853349685669,-0.07233788073062897,0.4571819305419922,0.5367336273193359,-0.02255411073565483,0.4467814564704895,0.49726706743240356,-0.07187451422214508,0.45291760563850403,0.5830591320991516,-0.062467124313116074,0.4638826549053192,0.6207529902458191,-0.04193485900759697,0.4169136881828308,0.5557019114494324,-0.02384098805487156,0.41221708059310913,0.5123913288116455,-0.05682474374771118,0.4212897717952728,0.5753870606422424,-0.048635389655828476,0.43069884181022644,0.60964035987854,-0.0333855003118515
0.4602665901184082,0.7604550123214722,2.517150399228285e-08,0.5264617800712585,0.7240970134735107,-0.04945104569196701,0.5860589742660522,0.6500270962715149,-0.06886158138513565,0.6433233618736267,0.5861440300941467,-0.0828462690114975,0.6971131563186646,0.5535196661949158,-0.09420624375343323,0.5394049882888794,0.5191659927368164,-0.03422524034976959,0.5426702499389648,0.4051457643508911,-0.061568696051836014,0.5422661304473877,0.33809033036231995,-0.0776023268699646,0.5417446494102478,0.27709320187568665,-0.08899394422769547,0.4989067614078522,0.5221710205078125,-0.02438221499323845,0.48892155289649963,0.4702858030796051,-0.06891949474811554,0.48684507608413696,0.560452938079834,-0.07438008487224579,0.49216827750205994,0.6089703440666199,-0.06634856015443802,0.45734602212905884,0.5364325642585754,-0.021193677559494972,0.44797244668006897,0.49658969044685364,-0.06834828108549118,0.45440346002578735,0.5831255316734314,-0.05818302929401398,0.4649330675601959,0.6190148591995239,-0.03781266137957573,0.4170134663581848,0.5580977201461792,-0.02227924019098282,0.4118627905845642,0.5164448022842407,-0.05340582877397537,0.4228667616844177,0.5779649615287781,-0.044642116874456406,0.4333365559577942,0.6108129620552063,-0.029513021931052208
0.4610079824924469,0.7623533606529236,2.1386826531966108e-08,0.5274527072906494,0.7260971069335938,-0.04846979305148125,0.5872573256492615,0.6504704356193542,-0.06834365427494049,0.6454528570175171,0.5872771143913269,-0.0831388309597969,0.6990385055541992,0.5564529299736023,-0.09555402398109436,0.53959059715271,0.5201815962791443,-0.03508302569389343,0.5426479578018188,0.40519505739212036,-0.06311525404453278,0.5422254204750061,0.33773407340049744,-0.07952950894832611,0.5417333245277405,0.2763184607028961,-0.09119799733161926,0.4991985857486725,0.5230608582496643,-0.025966299697756767,0.4909895956516266,0.46946725249290466,-0.07125958055257797,0.48836246132850647,0.5610650777816772,-0.07669387757778168,0.49236631393432617,0.6100504994392395,-0.06853070110082626,0.4574030041694641,0.5373281240463257,-0.023231498897075653,0.44935715198516846,0.4948262870311737,-0.07058683037757874,0.4552399516105652,0.5828210711479187,-0.05930856987833977,0.46421200037002563,0.620458722114563,-0.038167841732501984,0.41653236746788025,0.5594227313995361,-0.024705389514565468,0.41226887702941895,0.516485333442688,-0.05598612502217293,0.4233058989048004,0.5791535377502441,-0.046414993703365326,0.43274226784706116,0.613007664680481,-0.030633369460701942
0.46038806438446045,0.7616561651229858,4.1296381425581785e-08,0.527141809463501,0.7270156741142273,-0.04929288476705551,0.5877528190612793,0.6533464789390564,-0.07039127498865128,0.6470890045166016,0.5937255024909973,-0.08677081763744354,0.7015892267227173,0.5659739971160889,-0.10080863535404205,0.5405030846595764,0.5185731053352356,-0.034070905297994614,0.5435958504676819,0.4046839475631714,-0.06173701211810112,0.5431666374206543,0.33701080083847046,-0.07737266272306442,0.5428356528282166,0.2762157618999481,-0.08853764086961746,0.49972105026245117,0.5204008221626282,-0.02505773864686489,0.49205392599105835,0.46874067187309265,-0.07088571041822433,0.48904621601104736,0.561669647693634,-0.07632821053266525,0.492907851934433,0.6097817420959473,-0.06773582845926285,0.4577745497226715,0.5340383052825928,-0.022524291649460793,0.45078137516975403,0.4921964406967163,-0.07048756629228592,0.45580294728279114,0.5812138915061951,-0.05884524807333946,0.4642212390899658,0.6180423498153687,-0.03712829574942589,0.41660845279693604,0.5555755496025085,-0.024340122938156128,0.41300255060195923,0.5145042538642883,-0.05610830336809158,0.4232860505580902,0.5781406760215759,-0.046396926045417786,0.4321152865886688,0.6109602451324463,-0.030220340937376022
0.4581385552883148,0.763063907623291,3.826809802376374e-08,0.525672435760498,0.7266390323638916,-0.056805431842803955,0.5853366255760193,0.6571946740150452,-0.07768267393112183,0.6452041864395142,0.5964469909667969,-0.09108338505029678,0.6999949216842651,0.5654919147491455,-0.10046406090259552,0.5400010943412781,0.5170052647590637,-0.037549957633018494,0.5446404218673706,0.404668927192688,-0.0662546306848526,0.5456290245056152,0.3376551866531372,-0.08172862976789474,0.5467353463172913,0.27636080980300903,-0.09167655557394028,0.4997912645339966,0.5200642943382263,-0.023984262719750404,0.4916681945323944,0.4671931564807892,-0.06505817919969559,0.4877876043319702,0.5613223314285278,-0.0657568871974945,0.49329081177711487,0.6060256361961365,-0.05430342257022858,0.4576623737812042,0.5330228209495544,-0.01863463595509529,0.4502592980861664,0.4913126230239868,-0.06452498584985733,0.45487070083618164,0.5818010568618774,-0.05265241488814354,0.4650789499282837,0.6126651167869568,-0.031042862683534622,0.41698017716407776,0.5547299981117249,-0.01842346228659153,0.41107380390167236,0.5153084397315979,-0.04775642231106758,0.422807514667511,0.5778403878211975,-0.0379306823015213,0.43321287631988525,0.6092122793197632,-0.022259123623371124
0.45783373713493347,0.764729380607605,2.9399648937555867e-08,0.5249044299125671,0.728839635848999,-0.05115129053592682,0.5854990482330322,0.6553064584732056,-0.07118333876132965,0.6457467675209045,0.5950509309768677,-0.08541250228881836,0.6985517144203186,0.5643412470817566,-0.0964176133275032,0.5400305390357971,0.5162853598594666,-0.03366067260503769,0.5443946719169617,0.40424397587776184,-0.06105219945311546,0.5457931756973267,0.3374560475349426,-0.07623501121997833,0.5466820001602173,0.2762877941131592,-0.08679772913455963,0.49920663237571716,0.5182454586029053,-0.023337341845035553,0.4914669990539551,0.4633882939815521,-0.06573447585105896,0.48814550042152405,0.558716893196106,-0.06842730939388275,0.49246999621391296,0.6045300960540771,-0.058492761105298996,0.45717597007751465,0.5311964750289917,-0.0202008169144392,0.45004114508628845,0.4852624237537384,-0.0662928968667984,0.45500800013542175,0.5763272047042847,-0.05365331843495369,0.46356090903282166,0.6109172701835632,-0.03182116150856018,0.4159609377384186,0.5532740354537964,-0.02170763537287712,0.41113004088401794,0.5102061629295349,-0.05247952789068222,0.42242005467414856,0.5747709274291992,-0.042405690997838974,0.4314681887626648,0.6083566546440125,-0.02633756771683693
0.48210880160331726,0.6977010369300842,6.311284828086627e-09,0.5377331376075745,0.6721155643463135,-0.04681093245744705,0.5900403261184692,0.6103445291519165,-0.06825349479913712,0.6399365067481995,0.5540541410446167,-0.08534812927246094,0.6855865120887756,0.5217142105102539,-0.10147622227668762,0.5535703301429749,0.4879016876220703,-0.039803434163331985,0.5567061305046082,0.38210493326187134,-0.06635434180498123,0.5545533299446106,0.31927913427352905,-0.08265101909637451,0.5501863956451416,0.2633150815963745,-0.09480007737874985,0.5163613557815552,0.4885548949241638,-0.030650125816464424,0.4960628151893616,0.44730719923973083,-0.07881171256303787,0.49574288725852966,0.5277249217033386,-0.08931601047515869,0.5018570423126221,0.5770216584205627,-0.08509450405836105,0.47954604029655457,0.5001815557479858,-0.02643040008842945,0.458651602268219,0.46888411045074463,-0.07362308353185654,0.4669034481048584,0.5465993881225586,-0.06675044447183609,0.4791090190410614,0.5873773097991943,-0.049420278519392014,0.4442252814769745,0.5181291699409485,-0.026135237887501717,0.4290178418159485,0.48639577627182007,-0.060137029737234116,0.4391426146030426,0.5442002415657043,-0.055548395961523056,0.4526834189891815,0.5788208842277527,-0.04302326962351799
0.46314698457717896,0.7317092418670654,3.52308653361888e-08,0.5204273462295532,0.7076127529144287,-0.057304687798023224,0.5749292373657227,0.6509455442428589,-0.08332368731498718,0.6297205686569214,0.5981405973434448,-0.10224374383687973,0.6810594201087952,0.5696550011634827,-0.11918172985315323,0.5394513010978699,0.5175411105155945,-0.052406344562768936,0.5450393557548523,0.40766119956970215,-0.0836745873093605,0.5454406142234802,0.3415616750717163,-0.10131573677062988,0.5436621308326721,0.28158754110336304,-0.11330731958150864,0.5003849267959595,0.5165938138961792,-0.03810703381896019,0.47735267877578735,0.4787626564502716,-0.08710970729589462,0.47460317611694336,0.5645594596862793,-0.09377044439315796,0.48195838928222656,0.6122255921363831,-0.08659907430410385,0.461215615272522,0.5253469944000244,-0.030218908563256264,0.4378458261489868,0.49744945764541626,-0.07963640987873077,0.4453714191913605,0.5784441232681274,-0.07112594693899155,0.4596472680568695,0.6160115599632263,-0.052273914217948914,0.42460548877716064,0.5411240458488464,-0.027160344645380974,0.4061894118785858,0.5102620124816895,-0.062048815190792084,0.4164450168609619,0.5709592700004578,-0.05642012879252434,0.431026816368103,0.6068282127380371,-0.042825400829315186
0.46423497796058655,0.7390567660331726,5.123046165067535e-08,0.5197249054908752,0.71377032995224,-0.05521129444241524,0.574178159236908,0.65558260679245,-0.08281964808702469,0.6297832131385803,0.6038786768913269,-0.10461236536502838,0.6815809011459351,0.5749329328536987,-0.12488441914319992,0.5391480922698975,0.5208826661109924,-0.051643092185258865,0.5435331463813782,0.41096845269203186,-0.08394886553287506,0.543265700340271,0.34498417377471924,-0.10187629610300064,0.5416663885116577,0.285538911819458,-0.11404857039451599,0.4997332692146301,0.5201563835144043,-0.039393600076436996,0.47489896416664124,0.48302552103996277,-0.0912489965558052,0.4723697602748871,0.5691475868225098,-0.09894968569278717,0.48057854175567627,0.6147589087486267,-0.0919698178768158,0.46034806966781616,0.5297194123268127,-0.03321399912238121,0.43505963683128357,0.5020353198051453,-0.08497337251901627,0.44258227944374084,0.5841580629348755,-0.07576388865709305,0.4576570391654968,0.6212864518165588,-0.05596974119544029,0.4230748414993286,0.5456365346908569,-0.03162333369255066,0.4032101035118103,0.5162013173103333,-0.06825631111860275,0.4136309027671814,0.5791375637054443,-0.062334876507520676,0.42949384450912476,0.6145178079605103,-0.04808809235692024
0.4637737572193146,0.7445807456970215,4.432864031400641e-08,0.5194903612136841,0.7194734811782837,-0.05339083820581436,0.5748865604400635,0.6599201560020447,-0.08040870726108551,0.630644679069519,0.6090326309204102,-0.10224667191505432,0.6825047731399536,0.581672728061676,-0.12286999821662903,0.5392658710479736,0.5256792306900024,-0.04899213835597038,0.5435194373130798,0.41460639238357544,-0.08033443242311478,0.5425091981887817,0.34815534949302673,-0.09796135127544403,0.5407357215881348,0.2885814607143402,-0.11032974720001221,0.49974215030670166,0.5250906944274902,-0.03799578174948692,0.47456681728363037,0.48632925748825073,-0.09033851325511932,0.47180092334747314,0.5720827579498291,-0.09930423647165298,0.47994711995124817,0.6192312836647034,-0.09317625313997269,0.46026724576950073,0.5348458290100098,-0.03277655318379402,0.43546339869499207,0.5071346759796143,-0.08448155224323273,0.44225239753723145,0.5887722969055176,-0.07544613629579544,0.456937313079834,0.6266791224479675,-0.055764179676771164,0.42251527309417725,0.5505114197731018,-0.03206205368041992,0.4034855365753174,0.5193501710891724,-0.0687025785446167,0.41255059838294983,0.5824676752090454,-0.06257177144289017,0.42725664377212524,0.6179569959640503,-0.04814542084932327
0.46439382433891296,0.7482492923736572,3.097682110819733e-08,0.520052969455719,0.7246884703636169,-0.05206829681992531,0.5760546326637268,0.6655523777008057,-0.07919662445783615,0.6324862837791443,0.6154701709747314,-0.10168397426605225,0.684819221496582,0.5901283621788025,-0.12321329861879349,0.5396151542663574,0.5331751108169556,-0.04953024163842201,0.5440797805786133,0.4203580319881439,-0.08185359090566635,0.5438000559806824,0.352802038192749,-0.09958411753177643,0.5425024032592773,0.29266905784606934,-0.11191191524267197,0.5002419352531433,0.531493067741394,-0.039791010320186615,0.47490039467811584,0.49210798740386963,-0.09387671202421188,0.47134682536125183,0.5795742273330688,-0.10282307863235474,0.47867411375045776,0.6283925175666809,-0.09629162400960922,0.4607749581336975,0.540168821811676,-0.03565899655222893,0.4355000853538513,0.5121806859970093,-0.08886824548244476,0.4420260190963745,0.5956434607505798,-0.07935821264982224,0.45630407333374023,0.6355153918266296,-0.058900363743305206,0.4228408634662628,0.5551296472549438,-0.03587969020009041,0.4034293293952942,0.5236400365829468,-0.07329685240983963,0.4129285514354706,0.587805986404419,-0.0668579638004303,0.4279222786426544,0.6240902543067932,-0.05203147232532501
0.46509116888046265,0.7537673711776733,6.099396188119499e-08,0.5211803913116455,0.7296084761619568,-0.0531034842133522,0.5770550966262817,0.6701609492301941,-0.08037595450878143,0.6344728469848633,0.6219374537467957,-0.1025652140378952,0.6860275268554688,0.5977058410644531,-0.12369722872972488,0.5390392541885376,0.5353513360023499,-0.05099909380078316,0.5438898205757141,0.42353254556655884,-0.08310512453317642,0.544287383556366,0.3564836084842682,-0.1013299971818924,0.5431432723999023,0.2962895333766937,-0.11411769688129425,0.4995109736919403,0.5343950390815735,-0.040433287620544434,0.47540295124053955,0.4984897971153259,-0.09284959733486176,0.47267404198646545,0.584418535232544,-0.1015036329627037,0.48014989495277405,0.6309217214584351,-0.09548462182283401,0.4597339928150177,0.5439202785491943,-0.03554563969373703,0.43487006425857544,0.5172284245491028,-0.08729250729084015,0.44292962551116943,0.5991876721382141,-0.07794976979494095,0.4578789472579956,0.6373378038406372,-0.05834655836224556,0.4219157099723816,0.559995710849762,-0.035125792026519775,0.4025688171386719,0.5297303795814514,-0.07194796204566956,0.41344377398490906,0.5931825637817383,-0.0655570924282074,0.4290604591369629,0.6289929151535034,-0.05107647553086281
0.4653596580028534,0.7549439668655396,6.948764763592408e-08,0.5214576721191406,0.7329841256141663,-0.05468127876520157,0.5784652829170227,0.673771321773529,-0.08303672075271606,0.6358281373977661,0.626977801322937,-0.10621979087591171,0.6877102851867676,0.6036236882209778,-0.1283753365278244,0.5405110716819763,0.5378943681716919,-0.052291568368673325,0.5460650324821472,0.4253108501434326,-0.08554238826036453,0.5463029146194458,0.35752469301223755,-0.10421376675367355,0.5454939603805542,0.2969439625740051,-0.11725812405347824,0.5006011724472046,0.5364474058151245,-0.04154478386044502,0.47619202733039856,0.4997684955596924,-0.09680350869894028,0.4730750322341919,0.5871992707252502,-0.10657519847154617,0.4804230034351349,0.6353496313095093,-0.10050678253173828,0.4603596031665802,0.5452231168746948,-0.03658229485154152,0.435150146484375,0.5189738869667053,-0.09107695519924164,0.4426252245903015,0.6027796268463135,-0.08198945224285126,0.4575023651123047,0.6414614319801331,-0.061638202518224716,0.42201143503189087,0.5600613951683044,-0.036150604486465454,0.4026634395122528,0.529607355594635,-0.07502422481775284,0.4122312068939209,0.5952576994895935,-0.06880463659763336,0.4268855154514313,0.631462037563324,-0.053858108818531036
0.4660980999469757,0.760428786277771,8.15114162833197e-08,0.5223117470741272,0.7359260320663452,-0.056051552295684814,0.5787152647972107,0.6776172518730164,-0.08475185185670853,0.636999785900116,0.6304656863212585,-0.10797357559204102,0.6889172792434692,0.6067436933517456,-0.12990102171897888,0.5414913892745972,0.5393560528755188,-0.052444636821746826,0.5470847487449646,0.4267039895057678,-0.08582968264818192,0.5476404428482056,0.35926729440689087,-0.10448748618364334,0.5470086336135864,0.29837244749069214,-0.11730682104825974,0.5013737082481384,0.5385300517082214,-0.040712837129831314,0.4777725338935852,0.5009567141532898,-0.09435610473155975,0.47446519136428833,0.589417576789856,-0.10270119458436966,0.48222246766090393,0.6355568766593933,-0.09585628658533096,0.46107783913612366,0.5477617383003235,-0.035155341029167175,0.4366459250450134,0.5207180380821228,-0.08864530920982361,0.4440230429172516,0.6052390336990356,-0.07896721363067627,0.45919060707092285,0.6427457928657532,-0.058439675718545914,0.4226471781730652,0.563183069229126,-0.03430268168449402,0.4035433530807495,0.5324075818061829,-0.07238505035638809,0.41368234157562256,0.598064124584198,-0.06585744023323059,0.4289185106754303,0.6344425678253174,-0.05084385722875595
0.4668026864528656,0.7578661441802979,6.977428768095706e-08,0.5235381722450256,0.7368186712265015,-0.05386478453874588,0.5815435647964478,0.6772993206977844,-0.08278707414865494,0.6389472484588623,0.6312264204025269,-0.10701525211334229,0.6908808350563049,0.6085318326950073,-0.13047581911087036,0.5421059727668762,0.5404547452926636,-0.05258231610059738,0.5480847358703613,0.42758309841156006,-0.08629463613033295,0.5483479499816895,0.36009204387664795,-0.10534291714429855,0.5477447509765625,0.3000761568546295,-0.11879771947860718,0.5013261437416077,0.5384803414344788,-0.04277439042925835,0.47802919149398804,0.502171516418457,-0.09950222074985504,0.474521279335022,0.5904932618141174,-0.11016257107257843,0.48110660910606384,0.6397178173065186,-0.10454919934272766,0.46050381660461426,0.5471585392951965,-0.038521379232406616,0.4360474944114685,0.5200134515762329,-0.09406521916389465,0.44344067573547363,0.6046556830406189,-0.08499658852815628,0.45793116092681885,0.6452224254608154,-0.06450626254081726,0.4218102693557739,0.562191367149353,-0.03870522975921631,0.40323606133461,0.5320195555686951,-0.07852686196565628,0.41296106576919556,0.5987810492515564,-0.07242569327354431,0.42751961946487427,0.6360907554626465,-0.05738706886768341
0.4665535092353821,0.7560221552848816,8.370979998062467e-08,0.5224491953849792,0.7342123985290527,-0.054907988756895065,0.5804476141929626,0.6735073328018188,-0.08355625718832016,0.6388137340545654,0.6257393956184387,-0.1071997731924057,0.6924047470092773,0.6019010543823242,-0.13006454706192017,0.5428887605667114,0.5367522239685059,-0.051802150905132294,0.5515562891960144,0.4262958765029907,-0.08560389280319214,0.5536353588104248,0.3588982820510864,-0.10513700544834137,0.5544368028640747,0.29812881350517273,-0.11905423551797867,0.5024125576019287,0.5344369411468506,-0.04133521020412445,0.47926008701324463,0.49603182077407837,-0.0978275015950203,0.4753679037094116,0.5849313139915466,-0.10882194340229034,0.4820954501628876,0.6350460052490234,-0.10334806144237518,0.461840957403183,0.5434134602546692,-0.03660374879837036,0.4378528892993927,0.5160330533981323,-0.09223321825265884,0.4442639946937561,0.6016169190406799,-0.08350883424282074,0.4586440920829773,0.6423746943473816,-0.06308060884475708,0.42321351170539856,0.5589244365692139,-0.03637175261974335,0.4045570194721222,0.5287262201309204,-0.07640168815851212,0.4131617546081543,0.5951745510101318,-0.07070297002792358,0.42753341794013977,0.6318445205688477,-0.055881720036268234
0.46668678522109985,0.7418635487556458,7.126237022703208e-08,0.5239940881729126,0.7191122770309448,-0.05446246638894081,0.5831969380378723,0.6591231822967529,-0.08146347105503082,0.6409502625465393,0.610021710395813,-0.10334967076778412,0.6944001913070679,0.5849221348762512,-0.12425096333026886,0.5453294515609741,0.5221984386444092,-0.049355193972587585,0.5544856786727905,0.41077911853790283,-0.08176566660404205,0.556860089302063,0.3431638479232788,-0.1004929170012474,0.5575684309005737,0.2829185724258423,-0.11389054358005524,0.5055617690086365,0.5209090113639832,-0.03852860629558563,0.4816012382507324,0.47956883907318115,-0.09307046979665756,0.4774959087371826,0.5678151249885559,-0.10314583033323288,0.4849459230899811,0.6188662648200989,-0.09727739542722702,0.46543046832084656,0.5318096280097961,-0.03359290584921837,0.4416934847831726,0.5047723650932312,-0.08779032528400421,0.4473689794540405,0.5891928672790527,-0.07933676987886429,0.4622722864151001,0.6289759874343872,-0.059348542243242264,0.4269148111343384,0.5488424897193909,-0.033141568303108215,0.4087693989276886,0.5196757912635803,-0.0716860219836235,0.4170352518558502,0.5847012996673584,-0.06620524078607559,0.43221959471702576,0.6200969815254211,-0.0519949346780777
0.47278469800949097,0.7402544021606445,6.894541826341083e-08,0.5284223556518555,0.7158368825912476,-0.055229198187589645,0.5869112014770508,0.6533933281898499,-0.08334275335073471,0.6452723145484924,0.6029257774353027,-0.10594865679740906,0.6992373466491699,0.5786471366882324,-0.12808865308761597,0.5445839166641235,0.5219857096672058,-0.0553479865193367,0.5523324012756348,0.4086894392967224,-0.08914288878440857,0.5550909638404846,0.3392585515975952,-0.10902635753154755,0.5558831691741943,0.27881041169166565,-0.12322471290826797,0.5043140053749084,0.5206556916236877,-0.04466630518436432,0.47978103160858154,0.4779781997203827,-0.10174141824245453,0.4757542014122009,0.5684612989425659,-0.11271752417087555,0.4821588397026062,0.6272361278533936,-0.10698024183511734,0.46464449167251587,0.5320152640342712,-0.0394873209297657,0.44069913029670715,0.5058937668800354,-0.09464867413043976,0.4475916922092438,0.5911254286766052,-0.08672287315130234,0.46185171604156494,0.6372932195663452,-0.0667329654097557,0.4273260235786438,0.5507487058639526,-0.03883025795221329,0.4092264175415039,0.5219834446907043,-0.07822385430335999,0.4183150827884674,0.5865352153778076,-0.0731523334980011,0.4329153001308441,0.6248990297317505,-0.05900121107697487
0.472919762134552,0.742836058139801,7.745044428020265e-08,0.5283637046813965,0.7174439430236816,-0.057372573763132095,0.5862658619880676,0.656709611415863,-0.0859241709113121,0.644753634929657,0.6054717898368835,-0.10819242894649506,0.6992243528366089,0.5804901123046875,-0.1297152042388916,0.5454749464988708,0.5234523415565491,-0.057463932782411575,0.5534313321113586,0.4103194773197174,-0.09152384102344513,0.5563659071922302,0.34120529890060425,-0.11130344122648239,0.5572900772094727,0.2804989218711853,-0.12515683472156525,0.5052700638771057,0.5218799114227295,-0.04525214433670044,0.48114049434661865,0.47939425706863403,-0.1014404371380806,0.47686272859573364,0.5702466368675232,-0.11119193583726883,0.4833040237426758,0.6290842294692993,-0.10459689795970917,0.4656214714050293,0.5330609679222107,-0.038864243775606155,0.44183850288391113,0.5079806447029114,-0.09375204890966415,0.44838571548461914,0.5939355492591858,-0.0858144536614418,0.4625120759010315,0.6395578384399414,-0.0657586008310318,0.42830342054367065,0.551573634147644,-0.037119727581739426,0.41001078486442566,0.523202121257782,-0.07624012231826782,0.4190256595611572,0.5879359841346741,-0.07129861414432526,0.4338058531284332,0.6261589527130127,-0.05727260932326317
0.47318246960639954,0.7431228160858154,6.563675469806185e-08,0.5288428068161011,0.719389796257019,-0.05447482317686081,0.5877934694290161,0.6568248271942139,-0.08226485550403595,0.6466126441955566,0.6065186858177185,-0.1048111841082573,0.7004545331001282,0.5822467803955078,-0.12695686519145966,0.5458945631980896,0.5241062045097351,-0.05381900817155838,0.5541833639144897,0.4111209511756897,-0.08740067481994629,0.5569498538970947,0.3421478867530823,-0.10724320262670517,0.5579232573509216,0.28209349513053894,-0.12142933160066605,0.505702555179596,0.5230125784873962,-0.043561987578868866,0.4822830557823181,0.48135948181152344,-0.10088818520307541,0.47733810544013977,0.5721251964569092,-0.11231445521116257,0.48306408524513245,0.6305896639823914,-0.10678552836179733,0.46604761481285095,0.5345660448074341,-0.03874381259083748,0.4429311454296112,0.509006917476654,-0.09426132589578629,0.44900888204574585,0.5943570137023926,-0.08648798614740372,0.4626525938510895,0.6407947540283203,-0.06641389429569244,0.4283704161643982,0.5533701777458191,-0.038356244564056396,0.41103702783584595,0.524015486240387,-0.07816080003976822,0.4194926619529724,0.5887483358383179,-0.07300207763910294,0.43337297439575195,0.6275643706321716,-0.05855562537908554
0.4725760519504547,0.7416186332702637,6.59328520669078e-08,0.5287676453590393,0.7197766304016113,-0.0555151030421257,0.5881983041763306,0.6569908857345581,-0.08361776918172836,0.6466515064239502,0.6065732836723328,-0.10615523159503937,0.7010114789009094,0.5826436281204224,-0.12817470729351044,0.5465909838676453,0.5247129201889038,-0.0555889867246151,0.5545368194580078,0.41220319271087646,-0.09036058932542801,0.5574643611907959,0.3434850871562958,-0.11060643941164017,0.5587801337242126,0.28326091170310974,-0.12491560727357864,0.5056757926940918,0.5229518413543701,-0.04500160738825798,0.4838320016860962,0.4830573797225952,-0.10345331579446793,0.47967463731765747,0.5750337243080139,-0.11471405625343323,0.48547130823135376,0.6328561902046204,-0.10885054618120193,0.4651391804218292,0.534003734588623,-0.040005795657634735,0.4426231384277344,0.5097614526748657,-0.09698691219091415,0.44943004846572876,0.5965095162391663,-0.08895821124315262,0.4634782671928406,0.6418614387512207,-0.06838326901197433,0.4268210232257843,0.5524778366088867,-0.039459094405174255,0.40990960597991943,0.5241551995277405,-0.08027703315019608,0.41901201009750366,0.590125322341919,-0.0750894546508789,0.4330222010612488,0.6280782222747803,-0.06046688184142113
0.47184646129608154,0.7448206543922424,7.800091594845071e-08,0.5288763046264648,0.7188158631324768,-0.05631642043590546,0.5869624614715576,0.6561123132705688,-0.08399266004562378,0.646175742149353,0.6061118245124817,-0.10568191111087799,0.7006793022155762,0.5816546082496643,-0.1266200840473175,0.5462124347686768,0.5239309072494507,-0.055291805416345596,0.5538768768310547,0.41086345911026,-0.0893864706158638,0.5568497180938721,0.34237056970596313,-0.10939840972423553,0.5578777194023132,0.2814903259277344,-0.12350235134363174,0.5054765939712524,0.5229873061180115,-0.04384726658463478,0.48359617590904236,0.4839532673358917,-0.0999244749546051,0.47968754172325134,0.5751728415489197,-0.11020652204751968,0.4858289361000061,0.6316267848014832,-0.1042480319738388,0.46495676040649414,0.5346283316612244,-0.03829570114612579,0.4427793622016907,0.5097255110740662,-0.0935007855296135,0.44984906911849976,0.5961525440216064,-0.08554485440254211,0.4641115069389343,0.6398825645446777,-0.06560014933347702,0.42677077651023865,0.5538124442100525,-0.037284109741449356,0.40926775336265564,0.5253661274909973,-0.0766100361943245,0.41915416717529297,0.5902573466300964,-0.07126034796237946,0.43405675888061523,0.6273279190063477,-0.05696547403931618
0.47155192494392395,0.7481368780136108,6.065783964004368e-08,0.5291261076927185,0.7185131311416626,-0.055796705186367035,0.5863507986068726,0.6567471623420715,-0.08281335234642029,0.6449303030967712,0.6050776839256287,-0.10373411327600479,0.699659526348114,0.5799974799156189,-0.123763807117939,0.5446220636367798,0.5252180695533752,-0.054195158183574677,0.5519373416900635,0.4116097092628479,-0.0879078209400177,0.5549294352531433,0.3430546820163727,-0.10774211585521698,0.5553808808326721,0.28139016032218933,-0.1215226948261261,0.5042784810066223,0.5247470736503601,-0.04227592423558235,0.4820575416088104,0.4844202995300293,-0.09613645821809769,0.4788876175880432,0.5757219791412354,-0.10473229736089706,0.48474305868148804,0.6313953995704651,-0.0979699119925499,0.4637922942638397,0.5374961495399475,-0.03635568544268608,0.4418877363204956,0.5108444094657898,-0.09031601995229721,0.44928985834121704,0.5977016687393188,-0.08173851668834686,0.4627408981323242,0.6407068371772766,-0.06153479218482971,0.42555850744247437,0.5576661229133606,-0.034872230142354965,0.4085678160190582,0.5263063907623291,-0.0728478953242302,0.4189176559448242,0.5909768342971802,-0.06664945930242538,0.4330918788909912,0.6283515095710754,-0.05203377828001976
0.47058889269828796,0.7467701435089111,6.403003993682432e-08,0.5274204611778259,0.7193231582641602,-0.055276721715927124,0.5853217840194702,0.6560474634170532,-0.08250743895769119,0.6433082818984985,0.604907751083374,-0.10415060073137283,0.6973561644554138,0.5795320868492126,-0.12502333521842957,0.5424593687057495,0.5236864686012268,-0.05312563478946686,0.5484091639518738,0.4113185405731201,-0.08667315542697906,0.5499000549316406,0.3437989354133606,-0.10613574087619781,0.5491090416908264,0.2835961878299713,-0.1198364719748497,0.5019453763961792,0.5240740776062012,-0.04207310825586319,0.47849807143211365,0.4853097200393677,-0.09817253053188324,0.47718384861946106,0.5767362713813782,-0.10831810534000397,0.48389822244644165,0.6324144005775452,-0.10213841497898102,0.4614053964614868,0.5369882583618164,-0.03688998892903328,0.43742769956588745,0.5124625563621521,-0.09251140058040619,0.4466785788536072,0.5992197394371033,-0.08439987897872925,0.4613106846809387,0.6421623826026917,-0.06411658972501755,0.42282989621162415,0.556230366230011,-0.036109570413827896,0.40431535243988037,0.527405858039856,-0.07542002946138382,0.4155670702457428,0.5926668643951416,-0.06985738128423691,0.43073946237564087,0.6290147304534912,-0.05538332089781761
0.4870651662349701,0.7833967208862305,1.3983596147681965e-07,0.545011579990387,0.7551605701446533,-0.05636107921600342,0.6041895151138306,0.6954454183578491,-0.08674951642751694,0.6682108044624329,0.6582019329071045,-0.11211954802274704,0.7254118323326111,0.6466920971870422,-0.13693536818027496,0.5488588213920593,0.5526127219200134,-0.05345333740115166,0.5452417731285095,0.4375055134296417,-0.08741690218448639,0.5404475331306458,0.36637210845947266,-0.10801604390144348,0.5354257225990295,0.3045080304145813,-0.12243390828371048,0.5080048441886902,0.5560523867607117,-0.042874787002801895,0.48842519521713257,0.5237668752670288,-0.09989010542631149,0.4903836250305176,0.6169015765190125,-0.11153124272823334,0.4984169006347656,0.6720542907714844,-0.10594066232442856,0.46723639965057373,0.571161150932312,-0.03807954862713814,0.4470014274120331,0.5522388219833374,-0.09383787214756012,0.4594767987728119,0.6377546787261963,-0.08661849051713943,0.474412202835083,0.6802231073379517,-0.0662020817399025,0.4289269745349884,0.592132568359375,-0.037908390164375305,0.4138188362121582,0.5644295811653137,-0.0763690322637558,0.4285062253475189,0.6295167207717896,-0.06954965740442276,0.443426251411438,0.6667838096618652,-0.05361361801624298
0.4891378879547119,0.7482554912567139,1.466777348468895e-07,0.5468465685844421,0.7253766059875488,-0.05732389912009239,0.6080962419509888,0.6691719889640808,-0.0880436897277832,0.6723175048828125,0.6351492404937744,-0.11343161016702652,0.7295024991035461,0.6258227229118347,-0.13838618993759155,0.5600036382675171,0.5255005359649658,-0.05595734342932701,0.5653682947158813,0.41065043210983276,-0.09109415113925934,0.565533459186554,0.3403005301952362,-0.1124478131532669,0.5643921494483948,0.27744147181510925,-0.127301886677742,0.5185545682907104,0.5247508883476257,-0.04509977251291275,0.5036977529525757,0.4895966649055481,-0.10337160527706146,0.5006898045539856,0.5822733640670776,-0.11578568816184998,0.5038296580314636,0.6367092728614807,-0.11069886386394501,0.47668564319610596,0.5355815887451172,-0.03987003117799759,0.4602887034416199,0.5126456022262573,-0.09681091457605362,0.46813589334487915,0.6014686226844788,-0.08902998268604279,0.4792824387550354,0.6453731656074524,-0.0681694895029068,0.43719014525413513,0.5530106425285339,-0.039234910160303116,0.4255395531654358,0.5242460370063782,-0.0784631073474884,0.4366947114467621,0.5920984745025635,-0.07100246101617813,0.44802403450012207,0.6308002471923828,-0.054510995745658875
0.4895465075969696,0.744756281375885,1.328148044876798e-07,0.547533392906189,0.7235115766525269,-0.05629487335681915,0.6093511581420898,0.6680957078933716,-0.08632738888263702,0.6730499863624573,0.6329847574234009,-0.11122492700815201,0.729437530040741,0.6226080656051636,-0.13572807610034943,0.5613763332366943,0.5233664512634277,-0.055139753967523575,0.5669352412223816,0.4080054759979248,-0.08991026133298874,0.5671383738517761,0.33816051483154297,-0.11092917621135712,0.5661572217941284,0.27565357089042664,-0.12562601268291473,0.5200753211975098,0.5220874547958374,-0.04484812915325165,0.5042765736579895,0.4869568347930908,-0.10329056531190872,0.5011016130447388,0.5793890357017517,-0.115813247859478,0.5042552947998047,0.6340621709823608,-0.11084629595279694,0.47821909189224243,0.5331656336784363,-0.04004443809390068,0.4611779451370239,0.5099471211433411,-0.09726916253566742,0.4687653183937073,0.5991849303245544,-0.0894491896033287,0.47974780201911926,0.6438368558883667,-0.06855330616235733,0.4386926591396332,0.5511605143547058,-0.03973182663321495,0.4267835021018982,0.5217429995536804,-0.07933702319860458,0.43756240606307983,0.5896347165107727,-0.07198639214038849,0.44873982667922974,0.6283021569252014,-0.05554969236254692
0.4888637661933899,0.743833065032959,1.282550385894865e-07,0.547150194644928,0.7228250503540039,-0.05677502974867821,0.6096239686012268,0.6661028861999512,-0.08673668652772903,0.6736427545547485,0.6310033798217773,-0.11131752282381058,0.7310503721237183,0.621799111366272,-0.13548840582370758,0.5625786781311035,0.5212111473083496,-0.05546994507312775,0.5681358575820923,0.4064275622367859,-0.09000341594219208,0.5684532523155212,0.33619970083236694,-0.11094240844249725,0.5679172873497009,0.27369681000709534,-0.12563227117061615,0.5213581919670105,0.5192511677742004,-0.04481795057654381,0.505151629447937,0.485446035861969,-0.10268495231866837,0.5012372136116028,0.5781744122505188,-0.11488699167966843,0.5042519569396973,0.6333821415901184,-0.10978647321462631,0.47928476333618164,0.5295553207397461,-0.03975368291139603,0.46190792322158813,0.5078684091567993,-0.09661760181188583,0.46902626752853394,0.5972424149513245,-0.08893725275993347,0.4801487624645233,0.6419071555137634,-0.06821321696043015,0.4393690228462219,0.5468993782997131,-0.039219677448272705,0.427506685256958,0.5177656412124634,-0.07861167192459106,0.4376325011253357,0.5858873128890991,-0.07134384661912918,0.4485298991203308,0.624785304069519,-0.0550282783806324
0.4905306100845337,0.7361195087432861,1.2906033930448757e-07,0.548592209815979,0.7186816930770874,-0.055842325091362,0.6121347546577454,0.6630431413650513,-0.08606991171836853,0.6755699515342712,0.6277822256088257,-0.11138556897640228,0.7322190403938293,0.6191347241401672,-0.13637199997901917,0.5669427514076233,0.5167046189308167,-0.05466381087899208,0.5754606127738953,0.40275639295578003,-0.08950056880712509,0.5766191482543945,0.33289554715156555,-0.11026234179735184,0.5775018334388733,0.27127838134765625,-0.12487371265888214,0.526050329208374,0.5123298168182373,-0.04489545896649361,0.5097966194152832,0.4795704782009125,-0.10411620140075684,0.5024995803833008,0.5721523761749268,-0.11683660745620728,0.505337655544281,0.6261323094367981,-0.11171738803386688,0.48423129320144653,0.5208958387374878,-0.040543243288993835,0.46674755215644836,0.49952465295791626,-0.09853287041187286,0.47062939405441284,0.5882769227027893,-0.09113845229148865,0.48169341683387756,0.632236897945404,-0.07034169882535934,0.4444686472415924,0.536776602268219,-0.04060083255171776,0.4318947494029999,0.5111547708511353,-0.08072154223918915,0.4399610757827759,0.578944742679596,-0.07385071367025375,0.4517136812210083,0.6164038777351379,-0.057565994560718536
0.4903271198272705,0.7386375665664673,1.2275758365376532e-07,0.5483805537223816,0.7191817760467529,-0.05739549547433853,0.6114431619644165,0.6635199785232544,-0.08761581033468246,0.675068199634552,0.6287195086479187,-0.11232885718345642,0.7316402196884155,0.6195133328437805,-0.1363552361726761,0.5677254796028137,0.5168390274047852,-0.05549312010407448,0.5754430890083313,0.40215355157852173,-0.09021303802728653,0.5771194100379944,0.3323395848274231,-0.1106395497918129,0.577801525592804,0.26985102891921997,-0.12471896409988403,0.5264638662338257,0.5134859085083008,-0.04451591521501541,0.5106798410415649,0.4786880612373352,-0.10249139368534088,0.504625141620636,0.5720148682594299,-0.11402701586484909,0.5068607926368713,0.6262046098709106,-0.10823750495910645,0.48431944847106934,0.5213867425918579,-0.0393216572701931,0.4669380784034729,0.49809715151786804,-0.09683497995138168,0.47218865156173706,0.5883864164352417,-0.08890929073095322,0.48294204473495483,0.6326965689659119,-0.06778257340192795,0.44426101446151733,0.5361390113830566,-0.03868229314684868,0.43273523449897766,0.5063828229904175,-0.07835958153009415,0.441272109746933,0.5755594372749329,-0.0710112527012825,0.4515623450279236,0.6149721741676331,-0.05449850112199783
0.4903337359428406,0.7361099720001221,1.2195815202176163e-07,0.5480509400367737,0.7178876399993896,-0.05673699080944061,0.6121710538864136,0.6608139276504517,-0.08651324361562729,0.675835907459259,0.6254976987838745,-0.11088700592517853,0.733086347579956,0.6185540556907654,-0.1345243752002716,0.5681511759757996,0.5170478224754333,-0.055775273591279984,0.5765640735626221,0.40226027369499207,-0.09069720655679703,0.5782439708709717,0.3325769901275635,-0.11114063858985901,0.5793453454971313,0.27068907022476196,-0.12542571127414703,0.5268101692199707,0.5135058164596558,-0.04549374058842659,0.511947751045227,0.4778148829936981,-0.10402343422174454,0.505974531173706,0.5697451233863831,-0.11579175293445587,0.5088309645652771,0.6233181357383728,-0.11026126146316528,0.4843534529209137,0.5212317705154419,-0.04089908301830292,0.4673592746257782,0.49914368987083435,-0.09871125966310501,0.47253885865211487,0.5879846215248108,-0.0910552516579628,0.48408588767051697,0.6310619115829468,-0.0702221691608429,0.4436626732349396,0.5354202389717102,-0.04083748161792755,0.4323372542858124,0.5067600607872009,-0.08065255731344223,0.44113919138908386,0.5751450657844543,-0.07358377426862717,0.452057421207428,0.6135435104370117,-0.057442255318164825
0.49160534143447876,0.7349973917007446,1.3890843320041313e-07,0.549605131149292,0.7179834842681885,-0.05600785091519356,0.6138205528259277,0.6623327136039734,-0.08575251698493958,0.6781713962554932,0.627995491027832,-0.1105940192937851,0.735551655292511,0.6226840019226074,-0.13496480882167816,0.5719559192657471,0.5157561898231506,-0.05362965539097786,0.5838276147842407,0.40217798948287964,-0.08848235756158829,0.5872219800949097,0.3320191502571106,-0.10973607003688812,0.5894678235054016,0.2705078125,-0.12467115372419357,0.5306859016418457,0.5104881525039673,-0.04376430809497833,0.517603874206543,0.47551584243774414,-0.10330670326948166,0.5099780559539795,0.566917896270752,-0.11676494032144547,0.5111226439476013,0.622271716594696,-0.11193735152482986,0.4881434142589569,0.5172077417373657,-0.03942470997571945,0.4727396070957184,0.495789498090744,-0.0973883867263794,0.4763851463794708,0.5832116603851318,-0.09079909324645996,0.48627570271492004,0.6283037662506104,-0.07029898464679718,0.4472395181655884,0.5308524966239929,-0.03959647938609123,0.43775588274002075,0.5029550790786743,-0.07950247079133987,0.4458431899547577,0.5700308084487915,-0.07294753193855286,0.45592981576919556,0.6088697910308838,-0.05680781975388527
0.4891699552536011,0.7254256010055542,1.4676733428586886e-07,0.5491326451301575,0.7108393311500549,-0.057405564934015274,0.615113377571106,0.6599069833755493,-0.08677656948566437,0.6806483268737793,0.6258355975151062,-0.11073200404644012,0.7380218505859375,0.6193618774414062,-0.13333642482757568,0.5757828950881958,0.5073205828666687,-0.05033605918288231,0.589024543762207,0.3966447710990906,-0.08380626887083054,0.5932382345199585,0.3276953101158142,-0.10305144637823105,0.5965621471405029,0.2670961618423462,-0.11650189757347107,0.5351575613021851,0.5013916492462158,-0.039631981402635574,0.5224431753158569,0.4615037441253662,-0.09527219831943512,0.513582170009613,0.5526581406593323,-0.10559147596359253,0.5168289542198181,0.602188229560852,-0.09904138743877411,0.4929840862751007,0.5070530772209167,-0.035198818892240524,0.47839751839637756,0.4800383746623993,-0.0907156839966774,0.48039525747299194,0.5673617720603943,-0.08213512599468231,0.4917876124382019,0.6057025790214539,-0.06098049506545067,0.452156662940979,0.5202211737632751,-0.035588812083005905,0.4414084553718567,0.4909334182739258,-0.07335856556892395,0.44814884662628174,0.556586742401123,-0.06598331034183502,0.4589150547981262,0.5900806188583374,-0.04994915798306465
0.48843812942504883,0.7228925824165344,1.4909383594385872e-07,0.5483495593070984,0.7095770835876465,-0.057327061891555786,0.6148042678833008,0.658389151096344,-0.08690262585878372,0.6810477375984192,0.6255383491516113,-0.11117228865623474,0.7386170029640198,0.6195621490478516,-0.13403405249118805,0.5773177742958069,0.5055244565010071,-0.050196271389722824,0.5898881554603577,0.3954540491104126,-0.08385329693555832,0.593895435333252,0.3265329897403717,-0.1029515191912651,0.5971433520317078,0.26627784967422485,-0.11618336290121078,0.5362454652786255,0.4996868968009949,-0.03946828097105026,0.5238333940505981,0.46006616950035095,-0.09470781683921814,0.5157142877578735,0.5511642694473267,-0.1043066531419754,0.5197104215621948,0.5998430252075195,-0.09735731035470963,0.4938276410102844,0.505150556564331,-0.03512013703584671,0.4797641336917877,0.4787209928035736,-0.0903162807226181,0.48189327120780945,0.565824031829834,-0.08106358349323273,0.493233859539032,0.6039171814918518,-0.05956194922327995,0.4529377520084381,0.5178800225257874,-0.035646237432956696,0.44320982694625854,0.48787254095077515,-0.0731823667883873,0.449302613735199,0.5541159510612488,-0.06541673094034195,0.4591538906097412,0.5880338549613953,-0.049145348370075226
0.48438000679016113,0.7394906878471375,1.4797586800341378e-07,0.5449577569961548,0.7200808525085449,-0.058158472180366516,0.6091209650039673,0.6651089191436768,-0.08788774907588959,0.6748233437538147,0.6295419931411743,-0.11221273243427277,0.7323471903800964,0.6215282082557678,-0.13507148623466492,0.5674222707748413,0.5132985711097717,-0.05113792046904564,0.5784657001495361,0.40145188570022583,-0.08534852415323257,0.5822879076004028,0.33118119835853577,-0.10487471520900726,0.5848560333251953,0.2687643766403198,-0.1183595061302185,0.5254281759262085,0.5103768110275269,-0.04008786380290985,0.5131419897079468,0.47126680612564087,-0.09482141584157944,0.5073808431625366,0.5641456842422485,-0.1039283499121666,0.5111910104751587,0.6110743284225464,-0.09695245325565338,0.48228418827056885,0.5184428691864014,-0.035533174872398376,0.46816524863243103,0.4903489947319031,-0.09102184325456619,0.4728068709373474,0.579988956451416,-0.08103564381599426,0.48392826318740845,0.6170322895050049,-0.05913231521844864,0.440374493598938,0.5338166356086731,-0.03590621426701546,0.4303925037384033,0.5005655288696289,-0.07368491590023041,0.4393823742866516,0.568912923336029,-0.06494749337434769,0.44927746057510376,0.604910135269165,-0.048011455684900284
0.4839349687099457,0.739919900894165,2.0995703664539178e-07,0.544934093952179,0.7207163572311401,-0.06142366677522659,0.6082849502563477,0.673645555973053,-0.09389089792966843,0.6781714558601379,0.6486263871192932,-0.12033383548259735,0.7393641471862793,0.6507036089897156,-0.14457646012306213,0.5677464008331299,0.5121557116508484,-0.05459356680512428,0.5794525146484375,0.4001026749610901,-0.09207276254892349,0.584054172039032,0.329031765460968,-0.11253088712692261,0.5875974297523499,0.2656339704990387,-0.12536753714084625,0.5249320864677429,0.5109683871269226,-0.04164547100663185,0.5139681696891785,0.4718955457210541,-0.09532272070646286,0.5079862475395203,0.5665271878242493,-0.10101422667503357,0.5134487152099609,0.6074881553649902,-0.09148535877466202,0.4812595248222351,0.5193086862564087,-0.0360192209482193,0.4691735506057739,0.49163055419921875,-0.09164592623710632,0.4734843373298645,0.5815446376800537,-0.08002381771802902,0.48506876826286316,0.6132007837295532,-0.056497424840927124,0.43984535336494446,0.5346387624740601,-0.03559955954551697,0.43101584911346436,0.5015814900398254,-0.07159913331270218,0.4404306709766388,0.5699458122253418,-0.060597408562898636,0.45005905628204346,0.6045246720314026,-0.041987184435129166
0.4846949279308319,0.7395789623260498,2.0058440952652745e-07,0.5454758405685425,0.721808671951294,-0.061320576816797256,0.6103335618972778,0.6716779470443726,-0.09342480450868607,0.6793235540390015,0.6461102962493896,-0.11955180019140244,0.7403444051742554,0.6479452848434448,-0.14372678101062775,0.5679537653923035,0.5118853449821472,-0.05440599471330643,0.5789228081703186,0.40056270360946655,-0.09109396487474442,0.5829501748085022,0.33001434803009033,-0.11141908913850784,0.5864167213439941,0.26697665452957153,-0.12490471452474594,0.5250958204269409,0.5101428627967834,-0.04223795235157013,0.5142748355865479,0.4715672731399536,-0.09729254245758057,0.5084291696548462,0.5666435956954956,-0.10478445887565613,0.5133918523788452,0.6093536615371704,-0.09645208716392517,0.4813653230667114,0.518709123134613,-0.037178266793489456,0.4685516655445099,0.49312472343444824,-0.09326289594173431,0.47324347496032715,0.5830309391021729,-0.0821811854839325,0.48504453897476196,0.6145920753479004,-0.059244304895401,0.4395478069782257,0.5343567728996277,-0.03740772604942322,0.4306369125843048,0.5030499696731567,-0.07438347488641739,0.43960756063461304,0.5718256831169128,-0.06422065943479538,0.44885241985321045,0.605401873588562,-0.04628252610564232
0.4841388463973999,0.7474405765533447,1.9560361863568687e-07,0.5453419089317322,0.7264672517776489,-0.06268983334302902,0.609062910079956,0.6771345734596252,-0.09427426010370255,0.6784554719924927,0.6497296094894409,-0.11917612701654434,0.7389412522315979,0.64879310131073,-0.14132052659988403,0.5670652985572815,0.5154339671134949,-0.054219793528318405,0.5773904919624329,0.40483522415161133,-0.09161818772554398,0.5812205076217651,0.33446258306503296,-0.11167425662279129,0.5838948488235474,0.2713238298892975,-0.12400257587432861,0.5242456197738647,0.515610933303833,-0.04033171385526657,0.5121674537658691,0.47735440731048584,-0.09319612383842468,0.507594645023346,0.5737199783325195,-0.09805021435022354,0.5139120817184448,0.6142285466194153,-0.0878649353981018,0.480546772480011,0.5245091319084167,-0.034177474677562714,0.4661082923412323,0.49933719635009766,-0.09000120311975479,0.47238680720329285,0.5901218056678772,-0.07878351211547852,0.48517143726348877,0.6196817755699158,-0.0553998127579689,0.43933314085006714,0.5397936105728149,-0.03330530226230621,0.4288184642791748,0.509456217288971,-0.06910984963178635,0.43932563066482544,0.5781238675117493,-0.0583476684987545,0.44900834560394287,0.6118628978729248,-0.03995697572827339
0.48509520292282104,0.7472553253173828,2.0641327580506186e-07,0.5457427501678467,0.7279525995254517,-0.06392474472522736,0.6089244484901428,0.6787832975387573,-0.09727611392736435,0.6786165237426758,0.651151180267334,-0.12399018555879593,0.7402110695838928,0.649520993232727,-0.14809846878051758,0.5673216581344604,0.5173603892326355,-0.056893736124038696,0.5771209597587585,0.4067912697792053,-0.09505314379930496,0.580990731716156,0.33705487847328186,-0.1150057315826416,0.5840599536895752,0.2743927240371704,-0.12729524075984955,0.5246928334236145,0.5177644491195679,-0.04298684746026993,0.5122736692428589,0.47831255197525024,-0.09570934623479843,0.5080001950263977,0.5737740397453308,-0.09951159358024597,0.5154521465301514,0.6117798089981079,-0.08898844569921494,0.48099106550216675,0.5267684459686279,-0.03695458546280861,0.46758830547332764,0.4997407793998718,-0.09238757193088531,0.4734039604663849,0.5901980400085449,-0.07958583533763885,0.48682576417922974,0.6187711358070374,-0.05568516626954079,0.43933141231536865,0.5421398878097534,-0.036439087241888046,0.4293692111968994,0.5099197626113892,-0.07235696911811829,0.43938881158828735,0.5784560441970825,-0.06117672100663185,0.44959306716918945,0.6116135120391846,-0.04278549179434776
0.48475804924964905,0.7483037710189819,1.9951650642724417e-07,0.5460028052330017,0.7281532287597656,-0.060841888189315796,0.60973060131073,0.6783483028411865,-0.09321212023496628,0.6783632040023804,0.6500998735427856,-0.11973828822374344,0.7390779256820679,0.6488007307052612,-0.14406388998031616,0.5667228102684021,0.5181795954704285,-0.053739000111818314,0.5771050453186035,0.4077301621437073,-0.0912344753742218,0.5810372233390808,0.33722782135009766,-0.11136479675769806,0.5841947793960571,0.27462655305862427,-0.12408240139484406,0.5234501361846924,0.5175896883010864,-0.0414937324821949,0.5122087001800537,0.47934991121292114,-0.09558644145727158,0.5070914030075073,0.5759961605072021,-0.1009564995765686,0.512984573841095,0.6166703104972839,-0.09115318953990936,0.4795958697795868,0.5267510414123535,-0.03666417673230171,0.4668615460395813,0.500643253326416,-0.09290573745965958,0.47208794951438904,0.5912237167358398,-0.08068102598190308,0.4840325117111206,0.6210548877716064,-0.056832071393728256,0.4378211498260498,0.5425257086753845,-0.03699163720011711,0.42849114537239075,0.509929895401001,-0.07330626994371414,0.4380617141723633,0.578678548336029,-0.06200561672449112,0.44731026887893677,0.6118077039718628,-0.043342474848032
0.48408252000808716,0.750317394733429,1.946347225612044e-07,0.5452993512153625,0.728777289390564,-0.06202628090977669,0.6083731651306152,0.6781835556030273,-0.09381254017353058,0.677950918674469,0.6493381857872009,-0.11923671513795853,0.7390259504318237,0.6468617916107178,-0.14231200516223907,0.5660954117774963,0.5192481875419617,-0.05434983968734741,0.5763943195343018,0.4082289934158325,-0.09178293496370316,0.5801413655281067,0.3378046751022339,-0.11229744553565979,0.5829674005508423,0.274453341960907,-0.1252347081899643,0.5231120586395264,0.5189082622528076,-0.04120512679219246,0.5112643241882324,0.4788728356361389,-0.09499721974134445,0.5065225958824158,0.5750841498374939,-0.10076039284467697,0.5126334428787231,0.6176924705505371,-0.0912066102027893,0.47914937138557434,0.5281073451042175,-0.0355948768556118,0.46635791659355164,0.5001339912414551,-0.09158284962177277,0.4718731641769409,0.5911337733268738,-0.0801263079047203,0.48417535424232483,0.6228025555610657,-0.05669987574219704,0.43764728307724,0.5443225502967834,-0.03523403778672218,0.42817264795303345,0.5105431079864502,-0.07157731056213379,0.4381800591945648,0.5794409513473511,-0.06081676483154297,0.4479583501815796,0.614301323890686,-0.042452167719602585
0.4838482141494751,0.7497020959854126,2.0287026814003184e-07,0.5447577238082886,0.7285564541816711,-0.061716120690107346,0.6086150407791138,0.6776667237281799,-0.0938459113240242,0.6790605783462524,0.6488674879074097,-0.11978957802057266,0.7401803135871887,0.6471905708312988,-0.14358653128147125,0.5653987526893616,0.5189739465713501,-0.0546664334833622,0.5754513740539551,0.40784895420074463,-0.0915813073515892,0.5793172121047974,0.3375447392463684,-0.11162684112787247,0.5824519395828247,0.2748653292655945,-0.12442182749509811,0.522777795791626,0.5188474059104919,-0.04158666729927063,0.5107724666595459,0.47888389229774475,-0.09415371716022491,0.5055562257766724,0.5746961832046509,-0.09897364675998688,0.5120329260826111,0.6162114143371582,-0.08923063427209854,0.47914353013038635,0.528605043888092,-0.03598131611943245,0.46640706062316895,0.5008577108383179,-0.09093534201383591,0.4711140990257263,0.5910241603851318,-0.07886689901351929,0.48362359404563904,0.6217057704925537,-0.05556752160191536,0.4377377927303314,0.5451157093048096,-0.03562453016638756,0.428414523601532,0.511715829372406,-0.07147104293107986,0.43782559037208557,0.5799494385719299,-0.060565728694200516,0.4479753375053406,0.613976001739502,-0.04244967922568321
0.4843032658100128,0.7481124401092529,1.864477212620841e-07,0.5452553033828735,0.7258446216583252,-0.058115120977163315,0.6088775396347046,0.6726120114326477,-0.08905984461307526,0.6770314574241638,0.6411972045898438,-0.11475378274917603,0.7352958917617798,0.6371659636497498,-0.1387438029050827,0.5649033188819885,0.5169726014137268,-0.05125240609049797,0.574682891368866,0.4059063792228699,-0.08782219141721725,0.5781315565109253,0.3348308205604553,-0.10834801197052002,0.5812197923660278,0.27244308590888977,-0.12177713960409164,0.5222108364105225,0.5161035060882568,-0.040350958704948425,0.5089928507804871,0.47580012679100037,-0.09512624144554138,0.5026640892028809,0.5709484219551086,-0.10217393934726715,0.5086765289306641,0.6156156659126282,-0.0934380367398262,0.4783552289009094,0.5264297127723694,-0.03640054538846016,0.4641018211841583,0.49847161769866943,-0.09288618713617325,0.46885958313941956,0.5876770615577698,-0.08177854865789413,0.48206886649131775,0.6202139258384705,-0.058650434017181396,0.43670791387557983,0.5437823534011841,-0.037279196083545685,0.4259548783302307,0.510637104511261,-0.07422979176044464,0.4356456995010376,0.5784487724304199,-0.06371812522411346,0.44694072008132935,0.6124354004859924,-0.04558796063065529
0.4831879734992981,0.7470810413360596,1.778532663365695e-07,0.5442975759506226,0.7250845432281494,-0.060230907052755356,0.6076763272285461,0.6706972718238831,-0.09096687287092209,0.6765216588973999,0.6382868885993958,-0.11560990661382675,0.7354918122291565,0.6329865455627441,-0.1383412629365921,0.5644720792770386,0.5169532299041748,-0.0544033907353878,0.5751672983169556,0.4052724838256836,-0.09124457091093063,0.5785163044929504,0.3341221511363983,-0.1121898666024208,0.5807009935379028,0.27047818899154663,-0.12596829235553741,0.5221244096755981,0.5154598355293274,-0.04219472408294678,0.5095445513725281,0.4756450951099396,-0.09682923555374146,0.5042073726654053,0.5707990527153015,-0.10418450087308884,0.509623646736145,0.6158207058906555,-0.09596328437328339,0.4784712493419647,0.5245397090911865,-0.03698534145951271,0.4649026691913605,0.496086984872818,-0.09312272071838379,0.46996062994003296,0.5864996314048767,-0.08238726854324341,0.4820803701877594,0.6206779479980469,-0.05974794924259186,0.4371492564678192,0.5410652160644531,-0.036834657192230225,0.4269294738769531,0.5085414052009583,-0.07410945743322372,0.436939001083374,0.5765959024429321,-0.06432610005140305,0.4475407898426056,0.6115543842315674,-0.04672014340758324
0.48405221104621887,0.7457336783409119,1.6865222107753652e-07,0.544908344745636,0.7228368520736694,-0.057956717908382416,0.6077730655670166,0.6683382987976074,-0.08853783458471298,0.6743879318237305,0.6324546933174133,-0.11377354711294174,0.7326720952987671,0.626150369644165,-0.13729408383369446,0.5641979575157166,0.515470027923584,-0.05176795274019241,0.5742136240005493,0.4033626914024353,-0.08794292062520981,0.5775029063224792,0.3320354223251343,-0.10823971778154373,0.5800982713699341,0.26895663142204285,-0.12169933319091797,0.5218191146850586,0.5137302279472351,-0.04081173241138458,0.5081782937049866,0.47286680340766907,-0.0956636592745781,0.5025008320808411,0.5681309700012207,-0.10270550847053528,0.5084549784660339,0.6141873598098755,-0.09402954578399658,0.4784740209579468,0.5232061743736267,-0.03664374351501465,0.4637364447116852,0.4940013587474823,-0.09298133105039597,0.46861737966537476,0.5844109654426575,-0.08159829676151276,0.48125189542770386,0.619850754737854,-0.05838700011372566,0.43736758828163147,0.5403609275817871,-0.03732297196984291,0.4259517788887024,0.5073232054710388,-0.0748206079006195,0.4355258047580719,0.5757961869239807,-0.06481464952230453,0.4467374086380005,0.611145555973053,-0.04697117954492569
0.4846838712692261,0.7459900975227356,1.6864221663581702e-07,0.5454559326171875,0.7217605113983154,-0.05987243726849556,0.6072770953178406,0.6661089658737183,-0.08974938839673996,0.6732738614082336,0.630325973033905,-0.11360497772693634,0.7312731146812439,0.6236925721168518,-0.1353936642408371,0.563775897026062,0.5127812623977661,-0.05242523178458214,0.5735260248184204,0.4005172848701477,-0.08820097148418427,0.5765190124511719,0.3302432894706726,-0.10859211534261703,0.5785848498344421,0.2671578824520111,-0.1221013143658638,0.5211407542228699,0.5128195285797119,-0.040436066687107086,0.5084572434425354,0.47205302119255066,-0.09476087242364883,0.5044159293174744,0.5663740038871765,-0.10268697887659073,0.5098848342895508,0.6119248270988464,-0.09479588270187378,0.4776153862476349,0.5225305557250977,-0.03547469526529312,0.4635988473892212,0.49293404817581177,-0.09119123220443726,0.46971750259399414,0.5838418006896973,-0.08094926178455353,0.481771320104599,0.618599534034729,-0.05866338312625885,0.43614211678504944,0.5395862460136414,-0.03561810404062271,0.4254130721092224,0.5064648985862732,-0.07263284921646118,0.436164528131485,0.5742462873458862,-0.06335543841123581,0.4469450116157532,0.6090825796127319,-0.046160485595464706
0.4827190339565277,0.7546550035476685,1.2971935348105035e-07,0.543452799320221,0.725631833076477,-0.060974832624197006,0.6046223044395447,0.6697468757629395,-0.09034189581871033,0.67011958360672,0.6265885829925537,-0.11300639808177948,0.7291219830513,0.613979160785675,-0.13292494416236877,0.5629067420959473,0.5184924006462097,-0.05260442569851875,0.5720610022544861,0.40549135208129883,-0.08868642151355743,0.5749240517616272,0.3348689079284668,-0.10853496193885803,0.5769752860069275,0.271598219871521,-0.12097068130970001,0.5211617946624756,0.5187926888465881,-0.03897033631801605,0.5064561367034912,0.4776318669319153,-0.09008210897445679,0.5021805763244629,0.5717923045158386,-0.09472671151161194,0.5096524953842163,0.6158626675605774,-0.08499488979578018,0.47795069217681885,0.5283365845680237,-0.032910894602537155,0.46168285608291626,0.49799197912216187,-0.08737962692975998,0.4676400423049927,0.5893687605857849,-0.07659082859754562,0.48157018423080444,0.6227402687072754,-0.05411292240023613,0.4369580149650574,0.545719563961029,-0.03195841237902641,0.42341381311416626,0.5124680995941162,-0.06707172095775604,0.43520087003707886,0.579451322555542,-0.05716396123170853,0.44772931933403015,0.6141613721847534,-0.03992540389299393
0.4852106273174286,0.7507950067520142,7.054337203271643e-08,0.5432258248329163,0.7218222618103027,-0.05445881560444832,0.6016806960105896,0.6510797142982483,-0.08059994876384735,0.6595547795295715,0.594785213470459,-0.10153941810131073,0.7172254323959351,0.5746027827262878,-0.12144210189580917,0.5578073263168335,0.5203619003295898,-0.04969599097967148,0.5651722550392151,0.4026168882846832,-0.08350678533315659,0.5678133964538574,0.3315742015838623,-0.10297075659036636,0.5701562166213989,0.2685724198818207,-0.11641289293766022,0.5172968506813049,0.5200276374816895,-0.03881051763892174,0.49881142377853394,0.4800199270248413,-0.09475132822990417,0.49432748556137085,0.5721997618675232,-0.10449569672346115,0.500616192817688,0.6255226731300354,-0.09751075506210327,0.47602134943008423,0.5310254693031311,-0.03388020768761635,0.4563995599746704,0.5042320489883423,-0.08983170986175537,0.462252676486969,0.5918994545936584,-0.08146988600492477,0.47628775238990784,0.6333855986595154,-0.06031210720539093,0.4363943040370941,0.5490816831588745,-0.03331448510289192,0.4212123155593872,0.5190096497535706,-0.07172427326440811,0.43167075514793396,0.5850712060928345,-0.06491190940141678,0.44645896553993225,0.6221722364425659,-0.04917777702212334
0.4864444434642792,0.7506009936332703,5.2606726086423805e-08,0.5444047451019287,0.7193315029144287,-0.05414607748389244,0.6014478206634521,0.6506304740905762,-0.08037983626127243,0.6596538424491882,0.5946827530860901,-0.10121134668588638,0.7173527479171753,0.5729953050613403,-0.12109202891588211,0.5579819083213806,0.5203595161437988,-0.05108936131000519,0.5650014281272888,0.4028599262237549,-0.08567561209201813,0.5675150156021118,0.33210277557373047,-0.10627490282058716,0.5696012377738953,0.26864010095596313,-0.12055710703134537,0.5179021954536438,0.5194728374481201,-0.0402519516646862,0.49854806065559387,0.4783593714237213,-0.09571336209774017,0.4934656322002411,0.5703954100608826,-0.10503645986318588,0.499178946018219,0.6242576837539673,-0.09816016256809235,0.4768542945384979,0.5312279462814331,-0.03531302884221077,0.45687928795814514,0.502836287021637,-0.09055540710687637,0.46247076988220215,0.5906264781951904,-0.08177704364061356,0.4759656488895416,0.6332566738128662,-0.06078909710049629,0.4374828040599823,0.5508396625518799,-0.03471045941114426,0.421877920627594,0.5195283889770508,-0.07268985360860825,0.4326573610305786,0.5851764678955078,-0.0656377375125885,0.44748255610466003,0.6229950189590454,-0.050062403082847595
0.4865643382072449,0.7486963868141174,6.034868249571446e-08,0.5442929267883301,0.7186126112937927,-0.05514131858944893,0.6017472147941589,0.6493318676948547,-0.08142849802970886,0.6601192355155945,0.5941855311393738,-0.10206777602434158,0.7173522710800171,0.5728760361671448,-0.12171197682619095,0.5579347610473633,0.5197812914848328,-0.05234085023403168,0.5649701356887817,0.4024187922477722,-0.08729724586009979,0.5674105286598206,0.3313608467578888,-0.10806527733802795,0.5695155262947083,0.2681233584880829,-0.12235642969608307,0.5179046392440796,0.5187171101570129,-0.04095958173274994,0.49808284640312195,0.4781166613101959,-0.09711970388889313,0.4929182827472687,0.570428729057312,-0.10662286728620529,0.4991607069969177,0.625235378742218,-0.09965116530656815,0.47675618529319763,0.5301603078842163,-0.03555838018655777,0.4563256502151489,0.5030230283737183,-0.09121153503656387,0.46196475625038147,0.5904735326766968,-0.08279073983430862,0.47587069869041443,0.6336503028869629,-0.06186119467020035,0.43738365173339844,0.5491196513175964,-0.034594807773828506,0.42189761996269226,0.5192200541496277,-0.07278511673212051,0.43247994780540466,0.5840461850166321,-0.06621064245700836,0.44748276472091675,0.6213958263397217,-0.0509040467441082
0.48468437790870667,0.7466740012168884,5.422677062938419e-08,0.5433815121650696,0.7189736366271973,-0.05295773595571518,0.6021816730499268,0.6496190428733826,-0.07887421548366547,0.6601664423942566,0.5946581959724426,-0.09994157403707504,0.7172521948814392,0.5738887190818787,-0.12030961364507675,0.5577447414398193,0.5184775590896606,-0.04901663959026337,0.5649546980857849,0.4015140235424042,-0.08273616433143616,0.5674474835395813,0.3306494355201721,-0.10263630002737045,0.5697802305221558,0.2682523727416992,-0.1165682002902031,0.5176883339881897,0.5171717405319214,-0.039089739322662354,0.49817270040512085,0.47839808464050293,-0.09582095593214035,0.4925607740879059,0.5703474879264832,-0.1065514013171196,0.4981045722961426,0.6248123049736023,-0.10018687695264816,0.4768000841140747,0.5284083485603333,-0.034800935536623,0.45661255717277527,0.5028243660926819,-0.09074991196393967,0.4615662097930908,0.589741587638855,-0.08261710405349731,0.4749382734298706,0.6326979994773865,-0.06168884411454201,0.4375162720680237,0.5471798181533813,-0.03475521132349968,0.42210590839385986,0.5176344513893127,-0.07341830432415009,0.431721031665802,0.5832949876785278,-0.06673652678728104,0.4459609389305115,0.6208631992340088,-0.0510367751121521
0.4844028949737549,0.7504600286483765,5.460623597741687e-08,0.5435411930084229,0.7181258797645569,-0.05632128566503525,0.6003069877624512,0.6516578197479248,-0.08238261938095093,0.6586474180221558,0.5953165888786316,-0.1021375060081482,0.7163240909576416,0.5726944208145142,-0.12040375918149948,0.5579838156700134,0.5187368988990784,-0.05232786387205124,0.5649035573005676,0.4003111720085144,-0.08702162653207779,0.5677287578582764,0.32959699630737305,-0.10735272616147995,0.5699880123138428,0.26596030592918396,-0.12089169770479202,0.5180234313011169,0.5187193751335144,-0.039608608931303024,0.4994962811470032,0.47832053899765015,-0.09262126684188843,0.4939383864402771,0.5697470307350159,-0.10017212480306625,0.49960485100746155,0.6218844056129456,-0.09248098731040955,0.4768874943256378,0.5306922197341919,-0.03328235447406769,0.4583309590816498,0.5021958351135254,-0.08738087117671967,0.46344053745269775,0.5898686647415161,-0.07869058847427368,0.47666460275650024,0.6303923726081848,-0.05791042372584343,0.43771231174468994,0.5503810048103333,-0.03141304850578308,0.42272689938545227,0.5182525515556335,-0.06769188493490219,0.4335569441318512,0.5823362469673157,-0.06018383428454399,0.4481273591518402,0.6190321445465088,-0.04461643472313881
0.48743051290512085,0.7458918690681458,6.518202866345746e-08,0.5444918274879456,0.7142919898033142,-0.05183795839548111,0.6017534732818604,0.6462119817733765,-0.07817738503217697,0.6599040627479553,0.5949749946594238,-0.10009238123893738,0.7173497676849365,0.5782060623168945,-0.1214509978890419,0.5566704869270325,0.5159664154052734,-0.04948848485946655,0.5634312629699707,0.3989558815956116,-0.08267731219530106,0.5656793117523193,0.32826799154281616,-0.10251294076442719,0.567290723323822,0.26640740036964417,-0.11665161699056625,0.5165998935699463,0.5160724520683289,-0.0404336079955101,0.4974956512451172,0.4778520464897156,-0.09626200050115585,0.49360910058021545,0.5685966610908508,-0.10674485564231873,0.49894604086875916,0.6230939030647278,-0.10082683712244034,0.47596475481987,0.5288103818893433,-0.03683150187134743,0.45594799518585205,0.5035187602043152,-0.0917084589600563,0.46274206042289734,0.5894894599914551,-0.08342889696359634,0.475896418094635,0.6329256296157837,-0.06301087141036987,0.4367139935493469,0.5487232804298401,-0.037470005452632904,0.42177870869636536,0.519019603729248,-0.07527276128530502,0.43266600370407104,0.5836951732635498,-0.06844267249107361,0.4465881586074829,0.6212626695632935,-0.053140245378017426
0.48454129695892334,0.7478109002113342,7.373524368858853e-08,0.5424344539642334,0.7173296213150024,-0.054252758622169495,0.6005115509033203,0.650460958480835,-0.08071362972259521,0.6597172617912292,0.5966410636901855,-0.10200528055429459,0.718075156211853,0.5788432359695435,-0.12234383821487427,0.5568834543228149,0.5186181664466858,-0.049286238849163055,0.5641770362854004,0.4022682011127472,-0.08361292630434036,0.566413164138794,0.3305681347846985,-0.10412095487117767,0.5682284235954285,0.26747652888298035,-0.11813143640756607,0.5167248845100403,0.5182571411132812,-0.038441430777311325,0.49842557311058044,0.47740674018859863,-0.09345792979001999,0.49368593096733093,0.5684358477592468,-0.1030273512005806,0.49973151087760925,0.6221733093261719,-0.09612124413251877,0.4754759669303894,0.5299376845359802,-0.033598657697439194,0.4570104479789734,0.5018950700759888,-0.08866720646619797,0.4628509283065796,0.5885010957717896,-0.08042285591363907,0.4761057198047638,0.6307874321937561,-0.0594746433198452,0.4360239505767822,0.549420952796936,-0.03312292322516441,0.4217197895050049,0.5180059671401978,-0.07039327174425125,0.4324338734149933,0.5823469758033752,-0.06307535618543625,0.4464356303215027,0.6196768283843994,-0.04719938710331917
0.4853324592113495,0.7444608211517334,8.935272433063801e-08,0.5427966117858887,0.7158827185630798,-0.054327309131622314,0.6018566489219666,0.6480029821395874,-0.08167318254709244,0.6618444323539734,0.5971803665161133,-0.10409389436244965,0.7203677892684937,0.5805814266204834,-0.12577363848686218,0.5574800968170166,0.5169462561607361,-0.0505756214261055,0.5646482706069946,0.4003409147262573,-0.08435584604740143,0.5668399333953857,0.3293313980102539,-0.10429675877094269,0.5689225196838379,0.26708412170410156,-0.1183541938662529,0.5173207521438599,0.5163188576698303,-0.04033416509628296,0.49799832701683044,0.47799426317214966,-0.09735675156116486,0.4927559494972229,0.5692565441131592,-0.10821721702814102,0.49881550669670105,0.6233903169631958,-0.10201645642518997,0.47636878490448,0.5276417136192322,-0.03582197055220604,0.4563674330711365,0.5029106140136719,-0.09189292788505554,0.4619414806365967,0.5890209078788757,-0.08393565565347672,0.47569894790649414,0.6315302848815918,-0.06325730681419373,0.43694865703582764,0.5456560850143433,-0.035728249698877335,0.4220239520072937,0.5172807574272156,-0.07441208511590958,0.431776225566864,0.5826423168182373,-0.06791854649782181,0.4458751082420349,0.619742751121521,-0.05246557295322418
0.4851720631122589,0.7451596260070801,6.892834392147051e-08,0.5435020327568054,0.7164364457130432,-0.05348305031657219,0.6026436686515808,0.6480609178543091,-0.07977835834026337,0.6621516942977905,0.5955097079277039,-0.10109077394008636,0.7204350233078003,0.5787675380706787,-0.12171711772680283,0.5583106279373169,0.5168485641479492,-0.049750469624996185,0.5655253529548645,0.3997950851917267,-0.08336637914180756,0.5679987668991089,0.3288232386112213,-0.10330609232187271,0.5701848864555359,0.2661832273006439,-0.11720075458288193,0.5182523131370544,0.5159612894058228,-0.03943149000406265,0.4998864531517029,0.4774332046508789,-0.09526017308235168,0.4943896532058716,0.5690203309059143,-0.1055464893579483,0.49958550930023193,0.6233487129211426,-0.09908372908830643,0.47724878787994385,0.5272893309593201,-0.03478860482573509,0.4581927955150604,0.5011886358261108,-0.0902995765209198,0.4633612036705017,0.5883890390396118,-0.08216505497694016,0.47611916065216064,0.6317955255508423,-0.06128609925508499,0.43794703483581543,0.5462432503700256,-0.034422121942043304,0.42360159754753113,0.515995442867279,-0.07256832718849182,0.43324247002601624,0.5815706253051758,-0.06560521572828293,0.4465462267398834,0.619541347026825,-0.04980200529098511
0.48527705669403076,0.7473089694976807,5.918798962056826e-08,0.5441474914550781,0.7160685062408447,-0.05435140058398247,0.6022676229476929,0.6483166217803955,-0.08001469075679779,0.6611315011978149,0.5942719578742981,-0.1001390740275383,0.7190454006195068,0.5767238736152649,-0.11914797127246857,0.5588198900222778,0.5180022120475769,-0.05031043291091919,0.5658388137817383,0.4005947709083557,-0.084611676633358,0.5685229301452637,0.3294130265712738,-0.10511238127946854,0.5706682205200195,0.2663235664367676,-0.11907873302698135,0.51878821849823,0.517139732837677,-0.0391530767083168,0.5010142922401428,0.4780466556549072,-0.09335783123970032,0.4955804944038391,0.5687811970710754,-0.10224457085132599,0.50066077709198,0.6219332218170166,-0.09522462636232376,0.47738757729530334,0.5287056565284729,-0.0340619795024395,0.4591803550720215,0.5017171502113342,-0.08881349116563797,0.46452978253364563,0.5882466435432434,-0.08063602447509766,0.4772019386291504,0.6296265721321106,-0.05996036157011986,0.4377739429473877,0.5482555627822876,-0.033306509256362915,0.42402756214141846,0.5171105861663818,-0.0702001079916954,0.43473103642463684,0.5811971426010132,-0.06284359097480774,0.4482404589653015,0.6182422637939453,-0.047161765396595
0.48685699701309204,0.7473400235176086,5.8271499625561773e-08,0.545767605304718,0.712858259677887,-0.055462758988142014,0.602463960647583,0.6461923122406006,-0.08093360811471939,0.6609911918640137,0.5931498408317566,-0.10039705038070679,0.718523383140564,0.5722620487213135,-0.11818661540746689,0.5589210987091064,0.5147234201431274,-0.05032971873879433,0.5656933188438416,0.39796608686447144,-0.08485251665115356,0.5678664445877075,0.3281741738319397,-0.10504430532455444,0.5696097612380981,0.26500797271728516,-0.118376225233078,0.5191078186035156,0.5160442590713501,-0.038429442793130875,0.5014984607696533,0.4779179096221924,-0.0912652239203453,0.4968124032020569,0.569168746471405,-0.09888526052236557,0.5023269057273865,0.6203697919845581,-0.09126458317041397,0.4778536856174469,0.529146134853363,-0.03302749618887901,0.4597393274307251,0.5027756094932556,-0.08786766231060028,0.4656287729740143,0.590529203414917,-0.07956384867429733,0.478479266166687,0.6291320323944092,-0.05882897973060608,0.43855729699134827,0.5490813851356506,-0.0319615937769413,0.42442235350608826,0.5177314281463623,-0.06830544769763947,0.4359280467033386,0.582567572593689,-0.060295552015304565,0.44949498772621155,0.6190218925476074,-0.04435863345861435
0.4873799979686737,0.7449054718017578,4.698661015822836e-08,0.5455482602119446,0.7114384174346924,-0.05226552113890648,0.6041040420532227,0.6443790197372437,-0.07814175635576248,0.6634759902954102,0.5912724137306213,-0.09921825677156448,0.7201626896858215,0.5707468390464783,-0.11956702172756195,0.5609769225120544,0.5162259340286255,-0.049183789640665054,0.5676747560501099,0.39905887842178345,-0.08302050083875656,0.569756805896759,0.32929569482803345,-0.10296259820461273,0.5713185667991638,0.2665816843509674,-0.11659575998783112,0.5213726162910461,0.51624995470047,-0.03903656452894211,0.5019742846488953,0.4774363338947296,-0.093170166015625,0.49603134393692017,0.5697841644287109,-0.1016298308968544,0.501433253288269,0.6235522627830505,-0.09440796822309494,0.48062169551849365,0.5295859575271606,-0.03464179113507271,0.4608059823513031,0.505154550075531,-0.08928557485342026,0.46528857946395874,0.5929340124130249,-0.08016286790370941,0.4783285856246948,0.6354478597640991,-0.059056878089904785,0.4412199556827545,0.5498878359794617,-0.034341320395469666,0.4261884391307831,0.521332859992981,-0.0711393654346466,0.43619734048843384,0.5879251956939697,-0.06282424181699753,0.45078960061073303,0.6268228888511658,-0.046503935009241104
0.4877016544342041,0.7414988279342651,6.224953352784723e-08,0.5456091165542603,0.7123961448669434,-0.05291292071342468,0.6053938269615173,0.6443597674369812,-0.07951518893241882,0.6648949980735779,0.590770423412323,-0.10121134668588638,0.7221524715423584,0.5704541206359863,-0.12254992127418518,0.5620448589324951,0.5151771903038025,-0.05122338980436325,0.5692460536956787,0.3986441493034363,-0.08488059043884277,0.5712637305259705,0.3280659317970276,-0.104979507625103,0.5721819400787354,0.2654774487018585,-0.11912515759468079,0.521578848361969,0.5147927403450012,-0.04099634289741516,0.5022217631340027,0.47662124037742615,-0.09763780981302261,0.495810866355896,0.5691103935241699,-0.10813947767019272,0.5001447796821594,0.6251956820487976,-0.10173739492893219,0.4806057810783386,0.528071403503418,-0.036114130169153214,0.459773987531662,0.508101224899292,-0.09222771227359772,0.46465861797332764,0.595018208026886,-0.08422766625881195,0.4780542850494385,0.6389868855476379,-0.06348837167024612,0.44162699580192566,0.5478470921516418,-0.035274799913167953,0.42612454295158386,0.5241209268569946,-0.07417640089988708,0.43587297201156616,0.5917981863021851,-0.06732431054115295,0.45121249556541443,0.6308310031890869,-0.05154240131378174
0.4886617660522461,0.7409060001373291,5.6882193177898444e-08,0.5463347434997559,0.7120951414108276,-0.05182493105530739,0.6060047149658203,0.6435796022415161,-0.0786045715212822,0.6651634573936462,0.5895222425460815,-0.10073526203632355,0.7221164703369141,0.5688346028327942,-0.12265731394290924,0.5623248815536499,0.5158027410507202,-0.05208431929349899,0.5691691637039185,0.3983956575393677,-0.08584662526845932,0.5709299445152283,0.327785849571228,-0.10569706559181213,0.571510374546051,0.2656117379665375,-0.11975505203008652,0.5220495462417603,0.515945553779602,-0.04249425232410431,0.5023911595344543,0.4798586070537567,-0.09932149201631546,0.4964985251426697,0.5726245641708374,-0.10932666808366776,0.5011615753173828,0.6277981400489807,-0.1028205081820488,0.48130810260772705,0.5292910933494568,-0.038085732609033585,0.4601564407348633,0.5104185342788696,-0.09401025623083115,0.46556389331817627,0.597202479839325,-0.08505477011203766,0.47949695587158203,0.6407148838043213,-0.06403690576553345,0.4423099756240845,0.5489065051078796,-0.03766798973083496,0.42615529894828796,0.5257758498191833,-0.07666570693254471,0.4360954761505127,0.5938887000083923,-0.0694437250494957,0.45183390378952026,0.6327500343322754,-0.05352623760700226
0.4897393584251404,0.7392197847366333,4.643647955049346e-08,0.546599805355072,0.710821270942688,-0.050359323620796204,0.6064708232879639,0.6417074203491211,-0.07650549709796906,0.6656047701835632,0.5889928936958313,-0.09838587045669556,0.7221056818962097,0.5690136551856995,-0.12024031579494476,0.5626144409179688,0.515453040599823,-0.050798457115888596,0.5694826245307922,0.39919671416282654,-0.0842914879322052,0.571171224117279,0.3285626769065857,-0.10387571156024933,0.5718011260032654,0.2668629288673401,-0.11780643463134766,0.5222491025924683,0.5151848196983337,-0.04231683909893036,0.5030956268310547,0.47930899262428284,-0.09985431283712387,0.4966920018196106,0.5728064775466919,-0.11027628183364868,0.5009964108467102,0.6295353174209595,-0.10378667712211609,0.48137691617012024,0.5286174416542053,-0.03883528709411621,0.4605949819087982,0.5104726552963257,-0.09553686529397964,0.4654710292816162,0.5979905724525452,-0.08678918331861496,0.47922614216804504,0.6427111625671387,-0.06561925262212753,0.4421903192996979,0.5486811399459839,-0.039192959666252136,0.42647355794906616,0.5259440541267395,-0.07889755070209503,0.43595120310783386,0.5951475501060486,-0.07170174270868301,0.4512788951396942,0.6347487568855286,-0.05560379475355148
0.4911251366138458,0.7378292679786682,5.5481656602296425e-08,0.5480681657791138,0.7097972631454468,-0.05113254860043526,0.6083420515060425,0.6418957710266113,-0.07731200009584427,0.6671664714813232,0.5895391702651978,-0.09896419942378998,0.7222493290901184,0.5685328245162964,-0.12051308155059814,0.5640003681182861,0.5148569941520691,-0.05209297314286232,0.5711067914962769,0.39822977781295776,-0.08604049682617188,0.5728694796562195,0.32735466957092285,-0.10610117763280869,0.5736722946166992,0.2660374045372009,-0.12019148468971252,0.5231767892837524,0.5151496529579163,-0.043179769068956375,0.5047609210014343,0.4783620238304138,-0.10165160149335861,0.4984557032585144,0.5713430643081665,-0.11296246945858002,0.502785325050354,0.6298861503601074,-0.10681111365556717,0.48260995745658875,0.5286456942558289,-0.03925090655684471,0.4623957872390747,0.510603129863739,-0.09596193581819534,0.4673576056957245,0.596893846988678,-0.08791060745716095,0.4804603159427643,0.6424819827079773,-0.06704746931791306,0.4437839686870575,0.5487814545631409,-0.0392664298415184,0.42864739894866943,0.5254685282707214,-0.07856397330760956,0.4381192624568939,0.5925918221473694,-0.07165322452783585,0.4529549479484558,0.6318108439445496,-0.05569145455956459
0.49038898944854736,0.7313737869262695,3.715700458428728e-08,0.5480637550354004,0.7059256434440613,-0.04902520775794983,0.6108530163764954,0.637932300567627,-0.0746728703379631,0.669938862323761,0.5834838151931763,-0.09657683223485947,0.7258192300796509,0.5631131529808044,-0.11889168620109558,0.565665602684021,0.5116128325462341,-0.04807600751519203,0.572971522808075,0.3975680470466614,-0.07995330542325974,0.5737711787223816,0.32752442359924316,-0.09954211860895157,0.574515700340271,0.26743680238723755,-0.11358124762773514,0.5257919430732727,0.5103603005409241,-0.040232107043266296,0.5077787637710571,0.4752442240715027,-0.09904465824365616,0.5008548498153687,0.564640998840332,-0.11306317150592804,0.502457857131958,0.6243215203285217,-0.1083824634552002,0.48626768589019775,0.5221971869468689,-0.036822546273469925,0.46584832668304443,0.5038920044898987,-0.09189016371965408,0.47048503160476685,0.5870319604873657,-0.0856105387210846,0.4809114933013916,0.6359551548957825,-0.0660225972533226,0.4475994110107422,0.5411176085472107,-0.03733143210411072,0.4326907992362976,0.5197882056236267,-0.07577391713857651,0.4416959285736084,0.5848749279975891,-0.07021243125200272,0.4548996686935425,0.6263577938079834,-0.05498281121253967
0.4902440309524536,0.72818523645401,3.109066071260713e-08,0.5483319163322449,0.7048380374908447,-0.04953242465853691,0.6104159355163574,0.6356018781661987,-0.07450608164072037,0.6697120070457458,0.5813354253768921,-0.09535667300224304,0.7248517274856567,0.5624040365219116,-0.1166670024394989,0.5665512084960938,0.5102452635765076,-0.04919200763106346,0.572974681854248,0.3977183699607849,-0.08144868910312653,0.5725230574607849,0.32716497778892517,-0.1013355478644371,0.5717087984085083,0.26672086119651794,-0.11553565412759781,0.5263579487800598,0.5080243349075317,-0.040906742215156555,0.5084633827209473,0.47236204147338867,-0.10145238041877747,0.5013837814331055,0.5616371035575867,-0.1161380261182785,0.5024477243423462,0.6235339641571045,-0.11102890968322754,0.48655185103416443,0.5186917781829834,-0.03705587983131409,0.4652758240699768,0.5035752058029175,-0.09342041611671448,0.47069504857063293,0.5860591530799866,-0.0883205458521843,0.48159733414649963,0.6368589997291565,-0.06874160468578339,0.4480612874031067,0.5364037752151489,-0.03711922839283943,0.43326306343078613,0.5182616710662842,-0.07676622271537781,0.44197940826416016,0.5830926299095154,-0.0726257786154747,0.45540523529052734,0.6253433227539062,-0.05794215947389603
0.48938119411468506,0.7269812822341919,2.6896495697315004e-08,0.5474091172218323,0.7045079469680786,-0.04877550154924393,0.610264778137207,0.6353869438171387,-0.07350903004407883,0.6697030067443848,0.5806556344032288,-0.09420649707317352,0.7251507043838501,0.56134033203125,-0.11538476496934891,0.5667269825935364,0.5091519355773926,-0.04848296567797661,0.5735783576965332,0.39729446172714233,-0.08029445260763168,0.5727546811103821,0.3266984820365906,-0.10010145604610443,0.571540355682373,0.2657584846019745,-0.11441215127706528,0.5265892744064331,0.5067756175994873,-0.04056551679968834,0.5086677670478821,0.4715085029602051,-0.10040856897830963,0.5013059973716736,0.5597225427627563,-0.11521925032138824,0.5018889307975769,0.6208366751670837,-0.11047938466072083,0.48683953285217285,0.5170762538909912,-0.036966364830732346,0.46548134088516235,0.5018402934074402,-0.0927354246377945,0.47072821855545044,0.5840780735015869,-0.08765026926994324,0.48122158646583557,0.6347132921218872,-0.06830395013093948,0.44803306460380554,0.5346744060516357,-0.03722579404711723,0.43300944566726685,0.5162146687507629,-0.07671109586954117,0.441841185092926,0.5812010169029236,-0.07258526980876923,0.4551968276500702,0.623657763004303,-0.05795607715845108
0.4880242943763733,0.7238025665283203,2.1163454988482044e-08,0.5468695759773254,0.7023929953575134,-0.04771652817726135,0.6109996438026428,0.6330064535140991,-0.0717405304312706,0.6715047955513,0.5793076157569885,-0.09180867671966553,0.7262235283851624,0.5602168440818787,-0.11248841136693954,0.5666483640670776,0.5075299143791199,-0.04817233607172966,0.5728768110275269,0.39522576332092285,-0.07909999042749405,0.5719284415245056,0.324876606464386,-0.09840234369039536,0.5710328817367554,0.26434651017189026,-0.11244843155145645,0.5268464088439941,0.5048157572746277,-0.0404667928814888,0.5090709924697876,0.4707077443599701,-0.09932223707437515,0.5017659068107605,0.558667778968811,-0.11381638795137405,0.5023552775382996,0.6200166940689087,-0.10915755480527878,0.4872541129589081,0.5148677825927734,-0.036895494908094406,0.46587511897087097,0.5002859830856323,-0.0914081558585167,0.4710346460342407,0.5817888379096985,-0.08629146218299866,0.4811442494392395,0.6326805353164673,-0.06738803535699844,0.4483892321586609,0.5318563580513,-0.03713477402925491,0.43354833126068115,0.51395583152771,-0.0756605938076973,0.4420606195926666,0.578473687171936,-0.07142696529626846,0.4548242688179016,0.620998203754425,-0.057024866342544556
0.4875558614730835,0.7234231233596802,2.5806123460370145e-08,0.54550701379776,0.7022822499275208,-0.04885601997375488,0.6095823645591736,0.6321930885314941,-0.07339151948690414,0.670750081539154,0.5782605409622192,-0.09358243644237518,0.7259965538978577,0.5591167211532593,-0.11424517631530762,0.5667024254798889,0.5068649649620056,-0.05020224303007126,0.5727443099021912,0.3950684666633606,-0.08155080676078796,0.5718387961387634,0.32438087463378906,-0.10090319812297821,0.5706090927124023,0.2633489668369293,-0.11503691971302032,0.5269126296043396,0.5035973787307739,-0.04200104624032974,0.5090646147727966,0.4686261713504791,-0.10117004066705704,0.5014546513557434,0.5561804175376892,-0.11542091518640518,0.5018168091773987,0.6172534227371216,-0.11057775467634201,0.4873698949813843,0.5130587220191956,-0.03802316263318062,0.46579819917678833,0.49940523505210876,-0.09262534976005554,0.47068095207214355,0.580547571182251,-0.08748208731412888,0.480959951877594,0.6307317018508911,-0.06861143559217453,0.4487147927284241,0.5296556353569031,-0.03797248378396034,0.4335588216781616,0.5141218900680542,-0.07649087905883789,0.44219836592674255,0.5783955454826355,-0.07266585528850555,0.45573151111602783,0.6199618577957153,-0.058662597090005875
0.47856056690216064,0.7045270204544067,3.210649168750024e-08,0.5343084335327148,0.6892645359039307,-0.05094001069664955,0.5987868309020996,0.6306402683258057,-0.07607953995466232,0.6601076722145081,0.5860334038734436,-0.09659390151500702,0.715934157371521,0.5750094652175903,-0.11678901314735413,0.5600786805152893,0.5017762184143066,-0.04731064662337303,0.56742262840271,0.38779547810554504,-0.07760542631149292,0.5688678026199341,0.3187256455421448,-0.09600546211004257,0.5700967311859131,0.2585422396659851,-0.10929778963327408,0.5232340097427368,0.4967212677001953,-0.037677451968193054,0.5036690831184387,0.45929816365242004,-0.09452729672193527,0.4935620427131653,0.5453381538391113,-0.10767184942960739,0.49435967206954956,0.6019384264945984,-0.10267005115747452,0.4858378767967224,0.5015892386436462,-0.03286819905042648,0.4644295275211334,0.4779610335826874,-0.08693867176771164,0.46466171741485596,0.5597601532936096,-0.08091309666633606,0.4734303951263428,0.6070326566696167,-0.06142159551382065,0.4489859938621521,0.5122840404510498,-0.032221369445323944,0.43623605370521545,0.4831603467464447,-0.0699438527226448,0.43964892625808716,0.5465889573097229,-0.06481223553419113,0.44879162311553955,0.5875053405761719,-0.050051335245370865
0.4749715328216553,0.7026246786117554,2.8314296685039153e-08,0.5317090153694153,0.6881970167160034,-0.050093874335289,0.5962058305740356,0.6278761029243469,-0.07421563565731049,0.6571997404098511,0.581352949142456,-0.09370726346969604,0.7131198644638062,0.5709176063537598,-0.11297813802957535,0.5576829314231873,0.49953940510749817,-0.045750271528959274,0.5650991201400757,0.3860809803009033,-0.07518500834703445,0.5671661496162415,0.3178720772266388,-0.09317795932292938,0.5687182545661926,0.25845444202423096,-0.10634781420230865,0.520728588104248,0.49479690194129944,-0.03622036427259445,0.5026282072067261,0.45705366134643555,-0.09234651178121567,0.4926185607910156,0.5437144041061401,-0.10551296919584274,0.4924496114253998,0.6008936762809753,-0.10056109726428986,0.4831002652645111,0.4999268651008606,-0.03144233673810959,0.46293896436691284,0.4750804007053375,-0.08499397337436676,0.4635045528411865,0.5573436617851257,-0.07907555997371674,0.4718008041381836,0.6046878695487976,-0.05969472974538803,0.4459648132324219,0.5113651156425476,-0.030711760744452477,0.43365299701690674,0.4813002943992615,-0.06846967339515686,0.4379577040672302,0.5451492071151733,-0.0635247528553009,0.44746190309524536,0.585939347743988,-0.04889673367142677
0.47126859426498413,0.6932973861694336,1.5867721359086318e-08,0.5270264148712158,0.678638219833374,-0.04842698201537132,0.5896825194358826,0.6159639954566956,-0.07153946906328201,0.6515083909034729,0.5713762044906616,-0.0899098739027977,0.7068419456481934,0.562555193901062,-0.10804767906665802,0.5537766218185425,0.4915914833545685,-0.04714725539088249,0.5607572197914124,0.37859615683555603,-0.07604501396417618,0.5622110962867737,0.310787171125412,-0.09334775805473328,0.5632578730583191,0.2518208920955658,-0.10611400753259659,0.5168839693069458,0.4875940978527069,-0.03818706050515175,0.4975600242614746,0.45034006237983704,-0.09309667348861694,0.4872329533100128,0.5369833111763,-0.10470578074455261,0.4871610105037689,0.5937685370445251,-0.09908687323331833,0.4789482355117798,0.4935838282108307,-0.03373662382364273,0.45868250727653503,0.46980881690979004,-0.08609922975301743,0.4589419662952423,0.5512050986289978,-0.07966482639312744,0.466997355222702,0.5978643298149109,-0.0604090578854084,0.4415518045425415,0.5052208304405212,-0.033191148191690445,0.4296683669090271,0.47646963596343994,-0.07033819705247879,0.43368440866470337,0.5392270088195801,-0.06541673094034195,0.44300127029418945,0.578534722328186,-0.05117286741733551
0.47354891896247864,0.6951445937156677,2.0396253574972434e-08,0.5285759568214417,0.6797679662704468,-0.048461075872182846,0.5912557244300842,0.6175438761711121,-0.0723886638879776,0.6514445543289185,0.5708677172660828,-0.09205283969640732,0.7072544693946838,0.560124397277832,-0.11148946732282639,0.5537241101264954,0.4914104640483856,-0.044605422765016556,0.5604715347290039,0.3786826729774475,-0.0743459090590477,0.5617435574531555,0.31000831723213196,-0.09246968477964401,0.5628129243850708,0.2503700256347656,-0.1057070940732956,0.517065703868866,0.48709410429000854,-0.03589506819844246,0.4988585114479065,0.4477742612361908,-0.0920044407248497,0.4892473518848419,0.5346007943153381,-0.10473231971263885,0.49009525775909424,0.5916164517402649,-0.09943459182977676,0.4798513948917389,0.4927135109901428,-0.03183776140213013,0.4593381881713867,0.468057245016098,-0.08521135151386261,0.4603821039199829,0.5500320196151733,-0.07880084216594696,0.46947649121284485,0.5970886945724487,-0.05912048742175102,0.4432271420955658,0.504546046257019,-0.03170117735862732,0.43093112111091614,0.4744446873664856,-0.06896887719631195,0.4350506365299225,0.5386921763420105,-0.06354251503944397,0.44461479783058167,0.579681396484375,-0.048685912042856216
0.47310465574264526,0.6949189901351929,1.565608975795385e-08,0.5290995836257935,0.6784774661064148,-0.048204854130744934,0.5921865105628967,0.6160604357719421,-0.0715385153889656,0.6523025631904602,0.5683850049972534,-0.09051313996315002,0.7074506282806396,0.5566361546516418,-0.10939539968967438,0.5544145703315735,0.4919039309024811,-0.04494067654013634,0.5621827244758606,0.37855905294418335,-0.07409065961837769,0.5634540915489197,0.30981266498565674,-0.09174507856369019,0.5644789338111877,0.25005701184272766,-0.10458266735076904,0.5180513858795166,0.48709380626678467,-0.0358758345246315,0.49912145733833313,0.44858217239379883,-0.09138360619544983,0.4884192645549774,0.5340428352355957,-0.10394889116287231,0.4890075922012329,0.589821994304657,-0.09865068644285202,0.48086798191070557,0.4920824468135834,-0.03132196515798569,0.4599572420120239,0.46685850620269775,-0.08408399671316147,0.4597242474555969,0.5479624271392822,-0.07795314490795135,0.46838414669036865,0.5948622226715088,-0.05861792713403702,0.44421517848968506,0.5032541751861572,-0.030633263289928436,0.43130868673324585,0.4739896357059479,-0.06763861328363419,0.4347292184829712,0.5369709134101868,-0.062495894730091095,0.4443080425262451,0.5773903131484985,-0.04782813787460327
0.47465091943740845,0.6957365274429321,1.5891488125419073e-09,0.5301814079284668,0.6773061752319336,-0.0460706390440464,0.5910201072692871,0.6109229922294617,-0.06795414537191391,0.6500130891799927,0.5612137317657471,-0.0859760046005249,0.7044041752815247,0.5494813919067383,-0.10398726910352707,0.5554975867271423,0.490550696849823,-0.04234001412987709,0.5632710456848145,0.37855076789855957,-0.07119809836149216,0.5646021962165833,0.3100547790527344,-0.08877754211425781,0.566041111946106,0.25077876448631287,-0.10159686207771301,0.5191702842712402,0.48620104789733887,-0.03425735607743263,0.5015649199485779,0.44812268018722534,-0.08965106308460236,0.4903913140296936,0.5333204865455627,-0.102251797914505,0.49024149775505066,0.5892582535743713,-0.09690362215042114,0.4816967844963074,0.4917682111263275,-0.030598770827054977,0.46121323108673096,0.46716153621673584,-0.08322484791278839,0.46108579635620117,0.5476329326629639,-0.07724898308515549,0.46936389803886414,0.5947109460830688,-0.05798274278640747,0.444516122341156,0.5032290816307068,-0.030628489330410957,0.4320858418941498,0.4736191928386688,-0.06749255955219269,0.4359185993671417,0.5363416075706482,-0.062417853623628616,0.4454001188278198,0.5767446756362915,-0.04785967618227005
0.4737902879714966,0.6944432258605957,-1.7020763465325217e-08,0.5290198922157288,0.6752033233642578,-0.044535767287015915,0.5890870094299316,0.6068479418754578,-0.06570015102624893,0.6469576954841614,0.5534720420837402,-0.08324320614337921,0.6997649073600769,0.5368450880050659,-0.10097799450159073,0.556041419506073,0.49033546447753906,-0.041417960077524185,0.5641687512397766,0.3784341812133789,-0.06939974427223206,0.5647806525230408,0.3102092742919922,-0.08626226335763931,0.5656981468200684,0.2509292662143707,-0.0985586866736412,0.5196455717086792,0.48564523458480835,-0.03364601731300354,0.501462459564209,0.44756680727005005,-0.08875218778848648,0.4900243580341339,0.5320051908493042,-0.10162591189146042,0.4897153973579407,0.5883885025978088,-0.0963761955499649,0.4823697805404663,0.49089255928993225,-0.029939372092485428,0.46135413646698,0.4653540551662445,-0.08208917081356049,0.4612129032611847,0.5461322665214539,-0.0762975662946701,0.4694826900959015,0.5948425531387329,-0.057263243943452835,0.44546350836753845,0.5022459030151367,-0.029735932126641273,0.43200939893722534,0.47500014305114746,-0.06674713641405106,0.43596237897872925,0.5381174087524414,-0.062142059206962585,0.4463978707790375,0.5790619850158691,-0.04781484231352806
0.47307494282722473,0.6946789622306824,-2.6180886791848934e-08,0.5275822281837463,0.6730564832687378,-0.04166031256318092,0.586854100227356,0.6004567742347717,-0.0613299198448658,0.6437295079231262,0.5446804165840149,-0.07792173326015472,0.6965142488479614,0.5291205644607544,-0.09469614177942276,0.5558717846870422,0.48897144198417664,-0.038642849773168564,0.5649080872535706,0.3772887587547302,-0.06572287529706955,0.5657586455345154,0.30960458517074585,-0.08157803118228912,0.5672050714492798,0.25126782059669495,-0.09311181306838989,0.5193397402763367,0.4851781725883484,-0.03213804215192795,0.5035043954849243,0.4464614987373352,-0.08582786470651627,0.4911848306655884,0.5306859016418457,-0.09771660715341568,0.48999011516571045,0.5866100192070007,-0.09210073202848434,0.4816702902317047,0.4908891022205353,-0.029486732557415962,0.46272140741348267,0.4635629653930664,-0.08060136437416077,0.4618804454803467,0.5440707802772522,-0.07410034537315369,0.4691254794597626,0.5930613279342651,-0.0548064149916172,0.44349294900894165,0.502648115158081,-0.030073869973421097,0.4323057532310486,0.47266238927841187,-0.06589325517416,0.43643906712532043,0.5354436039924622,-0.06029854342341423,0.44605380296707153,0.5768261551856995,-0.04546954110264778
0.47243672609329224,0.6934813261032104,-2.8332333812386423e-08,0.526943564414978,0.6696166396141052,-0.04065179452300072,0.5851514339447021,0.5959720611572266,-0.060483667999506,0.641387939453125,0.5405325293540955,-0.07760487496852875,0.6944640278816223,0.525265097618103,-0.09494498372077942,0.5555630326271057,0.4861083924770355,-0.038044385612010956,0.5653912425041199,0.3742346167564392,-0.06501352787017822,0.5667458176612854,0.3073301315307617,-0.08063049614429474,0.5688142776489258,0.2497645914554596,-0.09201031923294067,0.519024670124054,0.48310041427612305,-0.032225318253040314,0.5042218565940857,0.44670212268829346,-0.08549395948648453,0.4911903142929077,0.5303767323493958,-0.09714486449956894,0.48939576745033264,0.5842663049697876,-0.09174448251724243,0.4811288118362427,0.4893840551376343,-0.030190223827958107,0.46394795179367065,0.4612204134464264,-0.08127502351999283,0.46226829290390015,0.5420114994049072,-0.07437260448932648,0.46889588236808777,0.5901678204536438,-0.055076129734516144,0.44255518913269043,0.5014318227767944,-0.031267374753952026,0.4322025775909424,0.4710254967212677,-0.06714572757482529,0.43619194626808167,0.5336378216743469,-0.06121319532394409,0.44540727138519287,0.5741516351699829,-0.046259090304374695
0.47174665331840515,0.6942295432090759,-3.665852688072846e-08,0.526454508304596,0.6693788170814514,-0.03935863822698593,0.5835843682289124,0.5931613445281982,-0.05836496129631996,0.6393842697143555,0.5356044769287109,-0.0750420093536377,0.6931676864624023,0.5236591100692749,-0.0919894278049469,0.5552663803100586,0.4854261577129364,-0.03600853309035301,0.5652179718017578,0.37335193157196045,-0.06209820881485939,0.5665428638458252,0.30680346488952637,-0.07701407372951508,0.5685559511184692,0.24940800666809082,-0.08809129148721695,0.5189249515533447,0.4827582538127899,-0.03064528852701187,0.5045801401138306,0.4453231692314148,-0.08258552849292755,0.4921909272670746,0.5278241038322449,-0.09373043477535248,0.4903959333896637,0.5802563428878784,-0.08843445032835007,0.48096799850463867,0.48905637860298157,-0.02901657484471798,0.46443256735801697,0.45911943912506104,-0.07907014340162277,0.4630486071109772,0.5394739508628845,-0.072084940969944,0.4692382514476776,0.587099015712738,-0.0531393401324749,0.44189655780792236,0.5011096596717834,-0.030453650280833244,0.4319731593132019,0.4700618088245392,-0.0654524490237236,0.43660593032836914,0.5317468643188477,-0.059659406542778015,0.44572365283966064,0.5713484287261963,-0.04519789293408394
0.4725889563560486,0.6927759647369385,-4.9295721282760496e-08,0.527809739112854,0.6670564413070679,-0.03764168545603752,0.5849928259849548,0.5898426175117493,-0.056104954332113266,0.6404052376747131,0.533562958240509,-0.07250384241342545,0.6929454207420349,0.523926317691803,-0.08923827111721039,0.555117666721344,0.48403042554855347,-0.03590578958392143,0.5646534562110901,0.37112516164779663,-0.061736833304166794,0.5657200813293457,0.3056508004665375,-0.0765485092997551,0.5676275491714478,0.24890562891960144,-0.08781184256076813,0.5190248489379883,0.4826081395149231,-0.0314502939581871,0.5046311616897583,0.4452420771121979,-0.0825224295258522,0.49271783232688904,0.5280740261077881,-0.0930667445063591,0.4912448525428772,0.5792299509048462,-0.08796574920415878,0.4811544120311737,0.48989638686180115,-0.030508093535900116,0.4649568498134613,0.45825493335723877,-0.07979495823383331,0.4642026126384735,0.5392981171607971,-0.07192955166101456,0.47046199440956116,0.5864802598953247,-0.053024180233478546,0.4418746829032898,0.5031087398529053,-0.03251367434859276,0.4318495988845825,0.47196221351623535,-0.0674511045217514,0.4372323751449585,0.5346063375473022,-0.06133928894996643,0.4467248022556305,0.57436203956604,-0.04699934646487236
0.47645145654678345,0.6949078440666199,-5.493059518357768e-08,0.5318793654441833,0.6691685318946838,-0.037692662328481674,0.5891538262367249,0.5931422710418701,-0.05688360333442688,0.6451057195663452,0.5375880599021912,-0.07425177842378616,0.6990488767623901,0.5251604318618774,-0.09204068034887314,0.5579081773757935,0.48430463671684265,-0.03635423257946968,0.5665932297706604,0.3714069426059723,-0.06317809969186783,0.5672875642776489,0.3055877387523651,-0.07876543700695038,0.5686272382736206,0.24868729710578918,-0.090449258685112,0.5211418867111206,0.48324131965637207,-0.032209571450948715,0.5073936581611633,0.4449820816516876,-0.0846424475312233,0.4959354102611542,0.5294778943061829,-0.09582558274269104,0.49400126934051514,0.5828639268875122,-0.09078019857406616,0.4831274449825287,0.4911448657512665,-0.03165041282773018,0.4676280617713928,0.4595528244972229,-0.0818408727645874,0.4674604535102844,0.5414730310440063,-0.07393110543489456,0.47359126806259155,0.5900751948356628,-0.05462076887488365,0.44394367933273315,0.5050041675567627,-0.03405001759529114,0.4341711103916168,0.47331348061561584,-0.0695665255188942,0.43982526659965515,0.5362666845321655,-0.06332819163799286,0.4492050111293793,0.5769596099853516,-0.04865402355790138
0.47706809639930725,0.6955993175506592,-4.420236976443448e-08,0.5321854948997498,0.6694976091384888,-0.03949544206261635,0.5905324816703796,0.5947295427322388,-0.05886394530534744,0.6471083164215088,0.5398447513580322,-0.07602296769618988,0.6999209523200989,0.5239686369895935,-0.09346732497215271,0.5581540465354919,0.48539698123931885,-0.03663891181349754,0.5662940740585327,0.3730142116546631,-0.06356118619441986,0.5665090680122375,0.30653154850006104,-0.07913950830698013,0.5677244067192078,0.24881765246391296,-0.09062479436397552,0.5220640301704407,0.48312056064605713,-0.031539417803287506,0.5050939321517944,0.44574084877967834,-0.08414226770401001,0.4933082163333893,0.5295522809028625,-0.09551303088665009,0.49310019612312317,0.5827421545982361,-0.0903625562787056,0.4844513237476349,0.4902240037918091,-0.030298061668872833,0.4649094343185425,0.46148061752319336,-0.08074880391359329,0.4642886221408844,0.5422267913818359,-0.07356354594230652,0.47226670384407043,0.5893082618713379,-0.054535385221242905,0.4458242952823639,0.5026696920394897,-0.0321844145655632,0.43308335542678833,0.47175705432891846,-0.06727530807256699,0.43788549304008484,0.5336751937866211,-0.06110994517803192,0.44819653034210205,0.5732588171958923,-0.046426523476839066
0.4773706793785095,0.6960414052009583,-5.222300103469024e-08,0.5333390235900879,0.6700987219810486,-0.038642238825559616,0.5920570492744446,0.5951037406921387,-0.05758281797170639,0.6477746963500977,0.5383921265602112,-0.07435628771781921,0.6992379426956177,0.5190290808677673,-0.0914054587483406,0.5579816699028015,0.48635923862457275,-0.03685164451599121,0.5653449892997742,0.37260207533836365,-0.06368725001811981,0.5649995803833008,0.30547401309013367,-0.07917658239603043,0.5654424428939819,0.24748313426971436,-0.09058240801095963,0.5212078094482422,0.4844176173210144,-0.03212939202785492,0.5053547024726868,0.44694364070892334,-0.08486150205135345,0.49380192160606384,0.5305914282798767,-0.09632626920938492,0.4929114282131195,0.5837585926055908,-0.09129977971315384,0.48337942361831665,0.49147844314575195,-0.03109624981880188,0.4649856686592102,0.46183425188064575,-0.08155081421136856,0.46479281783103943,0.5425113439559937,-0.07407080382108688,0.4724930226802826,0.5899546146392822,-0.0549440011382103,0.4446637034416199,0.5039467215538025,-0.03309308737516403,0.43262380361557007,0.4725828766822815,-0.06848324835300446,0.43784135580062866,0.5348852872848511,-0.0622318834066391,0.44819527864456177,0.5750575065612793,-0.04746157303452492
0.4777771830558777,0.6972396373748779,-6.071940816809729e-08,0.5335425138473511,0.6713442206382751,-0.039298467338085175,0.5917234420776367,0.5967576503753662,-0.05836167559027672,0.6461688876152039,0.5382723808288574,-0.07486361265182495,0.6967176795005798,0.5153272747993469,-0.09132248908281326,0.5577186346054077,0.48687198758125305,-0.03799261152744293,0.5646246075630188,0.3728739619255066,-0.06557761877775192,0.5637273788452148,0.3056798577308655,-0.08137345314025879,0.5635618567466736,0.24729704856872559,-0.09288004785776138,0.5207400321960449,0.48519864678382874,-0.03301066532731056,0.5053163170814514,0.4467429518699646,-0.08594180643558502,0.4943380355834961,0.5310653448104858,-0.09702937304973602,0.49410319328308105,0.5836137533187866,-0.09176447242498398,0.4827973246574402,0.49263855814933777,-0.03181954473257065,0.46440988779067993,0.4624175429344177,-0.08264777809381485,0.4647141695022583,0.5435076951980591,-0.07456394284963608,0.47295892238616943,0.5899307131767273,-0.05501824617385864,0.4441559612751007,0.5058640837669373,-0.033706873655319214,0.4318966269493103,0.4736807644367218,-0.06950164586305618,0.43764132261276245,0.5366150736808777,-0.06290645152330399,0.448394238948822,0.5766202211380005,-0.047811899334192276
0.47786223888397217,0.6961287260055542,-5.655334334164763e-08,0.5338602066040039,0.6713166236877441,-0.03949633240699768,0.5929372906684875,0.5960991978645325,-0.05900472030043602,0.6475789546966553,0.5368680953979492,-0.07606273144483566,0.6986840963363647,0.5134776830673218,-0.09330552816390991,0.5572280287742615,0.48637136816978455,-0.03900011256337166,0.5637628436088562,0.37207433581352234,-0.06659115850925446,0.5630006194114685,0.3046466112136841,-0.08232589066028595,0.5630683302879333,0.24634385108947754,-0.093783438205719,0.5202178359031677,0.4849407970905304,-0.03404252231121063,0.5048158764839172,0.4461798667907715,-0.08729047328233719,0.494034081697464,0.5301380157470703,-0.09853127598762512,0.49342721700668335,0.583304762840271,-0.09332721680402756,0.48258647322654724,0.4927649199962616,-0.03278905153274536,0.4645642936229706,0.46260884404182434,-0.08365866541862488,0.4649834930896759,0.5433963537216187,-0.07568080723285675,0.4727807343006134,0.5904554724693298,-0.056214552372694016,0.4442453980445862,0.5059515237808228,-0.03460018336772919,0.43246233463287354,0.4741208553314209,-0.07011950016021729,0.43808531761169434,0.5363507866859436,-0.0635266825556755,0.44842731952667236,0.5762134194374084,-0.04855751991271973
0.4784948527812958,0.6965506076812744,-4.932926245260205e-08,0.5339044332504272,0.6720807552337646,-0.04104216769337654,0.591716468334198,0.5973815321922302,-0.06100912764668465,0.6464999318122864,0.5371726155281067,-0.07807329297065735,0.6981647610664368,0.5128024816513062,-0.09505373239517212,0.5575647950172424,0.4859309196472168,-0.03953797370195389,0.564262866973877,0.3717157244682312,-0.0675622820854187,0.5635035634040833,0.3041027784347534,-0.0836782231926918,0.5635301470756531,0.24550330638885498,-0.09535793960094452,0.5205563306808472,0.48390671610832214,-0.033765409141778946,0.5048351883888245,0.44558945298194885,-0.0872524306178093,0.4941418766975403,0.5301330089569092,-0.09860692918300629,0.49421757459640503,0.5828844904899597,-0.09338344633579254,0.48277103900909424,0.4911056160926819,-0.031921401619911194,0.4643916189670563,0.46192288398742676,-0.08317290246486664,0.46476611495018005,0.5429378151893616,-0.07534679025411606,0.4731380045413971,0.5891039371490479,-0.0558474138379097,0.44451552629470825,0.5039179921150208,-0.033269334584474564,0.43206483125686646,0.472614586353302,-0.06911998242139816,0.4378224015235901,0.5352005362510681,-0.06262384355068207,0.4487227201461792,0.5747479200363159,-0.04757487401366234
0.4803844094276428,0.6960961222648621,-5.4114984493480733e-08,0.5359625816345215,0.6705564260482788,-0.039663165807724,0.5937913656234741,0.5953391194343567,-0.05926783010363579,0.6483849883079529,0.5360889434814453,-0.07646439969539642,0.6992610692977905,0.5107145309448242,-0.09386291354894638,0.558932900428772,0.4841268062591553,-0.03826671093702316,0.5654153823852539,0.37050318717956543,-0.0655839815735817,0.5649330615997314,0.30326029658317566,-0.08146225661039352,0.5647916793823242,0.24511155486106873,-0.0930316150188446,0.5219382047653198,0.48252591490745544,-0.033086907118558884,0.5052869319915771,0.44541072845458984,-0.085970439016819,0.494803786277771,0.5289633870124817,-0.09765469282865524,0.49429842829704285,0.581760585308075,-0.0929044708609581,0.48421239852905273,0.4904789924621582,-0.031636957079172134,0.4658794701099396,0.46012163162231445,-0.08250005543231964,0.4665851891040802,0.5411798357963562,-0.07507237046957016,0.4741515517234802,0.5889022350311279,-0.056035012006759644,0.44581320881843567,0.5037746429443359,-0.03323177620768547,0.43357956409454346,0.47298312187194824,-0.06930142641067505,0.4394693076610565,0.5352529883384705,-0.06330166757106781,0.44997018575668335,0.5751280188560486,-0.04861205071210861
0.48062318563461304,0.6939024925231934,-5.3689159784653384e-08,0.5371479392051697,0.6694994568824768,-0.0392390601336956,0.5956774950027466,0.5939401388168335,-0.058501243591308594,0.6505597233772278,0.5349701642990112,-0.07548737525939941,0.7014025449752808,0.5101910829544067,-0.09280642867088318,0.5602341294288635,0.4817965030670166,-0.03795229271054268,0.5677229166030884,0.36882704496383667,-0.06481528282165527,0.568062424659729,0.30224913358688354,-0.08028896152973175,0.5687187910079956,0.24500852823257446,-0.09158018231391907,0.5229189395904541,0.47975480556488037,-0.03303946554660797,0.5070844888687134,0.44424015283584595,-0.08615648746490479,0.4965687692165375,0.5281668305397034,-0.09809627383947372,0.4952881336212158,0.582191526889801,-0.09333162754774094,0.4848776161670685,0.4877255856990814,-0.03177737444639206,0.4667172431945801,0.45920881628990173,-0.08280231803655624,0.46771299839019775,0.540332019329071,-0.07590774446725845,0.4750881493091583,0.5886416435241699,-0.05708720162510872,0.44628384709358215,0.5013386011123657,-0.033473722636699677,0.4342036247253418,0.47147494554519653,-0.06968238204717636,0.4403986930847168,0.5335545539855957,-0.06398231536149979,0.45081979036331177,0.5736513733863831,-0.04943987727165222
0.485522985458374,0.6902010440826416,-4.505510986518857e-08,0.5431640148162842,0.6655213832855225,-0.038524504750967026,0.6026037931442261,0.5914422869682312,-0.0575077161192894,0.6579946279525757,0.5334843993186951,-0.07456318289041519,0.7083333134651184,0.5073767304420471,-0.0919337347149849,0.5659288763999939,0.47727441787719727,-0.03543572500348091,0.573952317237854,0.36474108695983887,-0.061952222138643265,0.5741955637931824,0.29910987615585327,-0.07758529484272003,0.5746144652366638,0.242558091878891,-0.08902786672115326,0.5281144976615906,0.4771687686443329,-0.03106364607810974,0.514904260635376,0.43679994344711304,-0.08369763195514679,0.505355179309845,0.5203137993812561,-0.09618150442838669,0.5037438273429871,0.5751463174819946,-0.09183502197265625,0.49022647738456726,0.48708754777908325,-0.030391018837690353,0.47500619292259216,0.45464250445365906,-0.08097441494464874,0.47626399993896484,0.5350975394248962,-0.07431242614984512,0.4824282228946686,0.5837880373001099,-0.055674079805612564,0.4516952633857727,0.502249538898468,-0.03261842951178551,0.44135338068008423,0.46983325481414795,-0.06836260110139847,0.4479672908782959,0.5304198265075684,-0.06259918212890625,0.45751672983169556,0.5701841115951538,-0.04816339910030365
0.4855712056159973,0.6902607679367065,-6.285905129743696e-08,0.5426981449127197,0.665795087814331,-0.0396696962416172,0.6018952131271362,0.5937379002571106,-0.05864653363823891,0.6562682390213013,0.5338340401649475,-0.075143963098526,0.7052140235900879,0.5021988153457642,-0.09157109260559082,0.5666412711143494,0.478861540555954,-0.036181189119815826,0.5743041038513184,0.36625462770462036,-0.06347481906414032,0.5743864178657532,0.29897749423980713,-0.07907059043645859,0.5747680068016052,0.2408004105091095,-0.09019583463668823,0.529394268989563,0.4767319858074188,-0.031190378591418266,0.5135568976402283,0.43607839941978455,-0.08468260616064072,0.5031136870384216,0.5207126140594482,-0.09677288681268692,0.5030592679977417,0.5754247903823853,-0.09160002321004868,0.49140051007270813,0.48469024896621704,-0.030089963227510452,0.4725692868232727,0.45522359013557434,-0.08172675967216492,0.4730876684188843,0.5359673500061035,-0.07472273707389832,0.4814136028289795,0.5831021070480347,-0.05530712753534317,0.45285433530807495,0.4980873763561249,-0.031980641186237335,0.4399707019329071,0.4657571017742157,-0.0680614709854126,0.44543755054473877,0.5279421806335449,-0.06181124970316887,0.4560329020023346,0.5677886009216309,-0.04664567485451698
0.48706677556037903,0.6912353038787842,-5.541067693570767e-08,0.5437870621681213,0.6657488346099854,-0.040197890251874924,0.6031719446182251,0.594033420085907,-0.05952303111553192,0.6572647094726562,0.5333196520805359,-0.07611002773046494,0.7051628232002258,0.49788591265678406,-0.09255862236022949,0.5668008327484131,0.47897422313690186,-0.03772059828042984,0.5748570561408997,0.36472275853157043,-0.0649566501379013,0.5754247903823853,0.2975655794143677,-0.0808982327580452,0.5758222341537476,0.23911237716674805,-0.09230567514896393,0.5291982889175415,0.4770524501800537,-0.03221557289361954,0.5147336721420288,0.4382578432559967,-0.08467625826597214,0.5045759081840515,0.5221983194351196,-0.09671228379011154,0.5038639903068542,0.5752984881401062,-0.0922590121626854,0.49116820096969604,0.48515188694000244,-0.03055856004357338,0.4745136499404907,0.4537062644958496,-0.08107401430606842,0.47530311346054077,0.5348554849624634,-0.07355459034442902,0.4827631711959839,0.5820987820625305,-0.05455571785569191,0.45255255699157715,0.4988996684551239,-0.03196696564555168,0.4411408603191376,0.46659529209136963,-0.06782783567905426,0.4476044178009033,0.5287852883338928,-0.06146588549017906,0.4581778943538666,0.5689492225646973,-0.046488694846630096
0.4871407151222229,0.6904184818267822,-5.744749387304182e-08,0.5441484451293945,0.665493905544281,-0.04015679657459259,0.6037757396697998,0.5933666229248047,-0.05949855595827103,0.6580967903137207,0.5321516990661621,-0.07622427493333817,0.7058982849121094,0.4954547584056854,-0.0927925631403923,0.5678173303604126,0.4778457581996918,-0.03732342645525932,0.5755884051322937,0.3639727234840393,-0.06467172503471375,0.576029896736145,0.2966896891593933,-0.08034509420394897,0.5763000249862671,0.23878192901611328,-0.09143141657114029,0.530219316482544,0.4761545956134796,-0.031962018460035324,0.5153189301490784,0.43659818172454834,-0.08512639999389648,0.5055015683174133,0.5206884741783142,-0.09714613854885101,0.5053904056549072,0.5746920108795166,-0.092265285551548,0.4921005070209503,0.4845981001853943,-0.03050728142261505,0.474737286567688,0.45477116107940674,-0.08171733468770981,0.4755939245223999,0.5352166295051575,-0.07443512231111526,0.483705997467041,0.5822338461875916,-0.05520797520875931,0.45338213443756104,0.49829381704330444,-0.03207763656973839,0.4414469003677368,0.46656888723373413,-0.06805355101823807,0.4475513696670532,0.5282357931137085,-0.06175420433282852,0.45829975605010986,0.5677840113639832,-0.04668083041906357
0.48979130387306213,0.6901243925094604,-7.175425764671672e-08,0.5480525493621826,0.6663832664489746,-0.03996122255921364,0.6096312999725342,0.5972617864608765,-0.0597180537879467,0.6627106666564941,0.5355054140090942,-0.07694200426340103,0.7057892084121704,0.49030598998069763,-0.09399630129337311,0.5712913274765015,0.47800543904304504,-0.03855480998754501,0.5787482857704163,0.36369550228118896,-0.06677775084972382,0.579075813293457,0.29617840051651,-0.08292156457901001,0.5792614221572876,0.23795917630195618,-0.09417722374200821,0.5329371094703674,0.47630617022514343,-0.03393508493900299,0.5195353031158447,0.4364966154098511,-0.08810368925333023,0.5096643567085266,0.5213239192962646,-0.10079994052648544,0.5086367130279541,0.5755953192710876,-0.09638506919145584,0.49442258477211,0.48544302582740784,-0.033099107444286346,0.4779883027076721,0.4541190564632416,-0.08526834845542908,0.478909432888031,0.5358288884162903,-0.07750215381383896,0.48654642701148987,0.5834519267082214,-0.057932961732149124,0.4552709460258484,0.49983105063438416,-0.03522441163659096,0.4437713027000427,0.46669653058052063,-0.07192938774824142,0.4501466155052185,0.5290635228157043,-0.06511212140321732,0.46037745475769043,0.5688816905021667,-0.04960555583238602
0.4901532232761383,0.6863676309585571,-8.92083349413042e-08,0.5470104813575745,0.6632211804389954,-0.04071895778179169,0.6072771549224854,0.5974370241165161,-0.06001058220863342,0.6516660451889038,0.5311590433120728,-0.07667041569948196,0.6793315410614014,0.4702223539352417,-0.09305976331233978,0.5710756778717041,0.4750496745109558,-0.038958944380283356,0.5782906413078308,0.3608894944190979,-0.06756404787302017,0.5782930850982666,0.29380935430526733,-0.08359825611114502,0.5777736306190491,0.2364296019077301,-0.09400273859500885,0.5324467420578003,0.4739401638507843,-0.03379453718662262,0.5198577642440796,0.4350719749927521,-0.08921316266059875,0.5101601481437683,0.5187067985534668,-0.10305022448301315,0.5086566209793091,0.5749607086181641,-0.09870713204145432,0.49403896927833557,0.48355787992477417,-0.03243042901158333,0.47807320952415466,0.4533226490020752,-0.0856594517827034,0.4789506793022156,0.5340895056724548,-0.0792381539940834,0.486017644405365,0.5830582976341248,-0.05993259325623512,0.45505204796791077,0.49806439876556396,-0.033992618322372437,0.4441203474998474,0.46609580516815186,-0.07169713824987411,0.4506252408027649,0.5280356407165527,-0.06589996814727783,0.46031689643859863,0.5691680312156677,-0.05056454613804817
0.4896289110183716,0.6863710880279541,-8.644434501547948e-08,0.5464338064193726,0.6635674834251404,-0.04096245765686035,0.6068276762962341,0.5979425311088562,-0.06029123440384865,0.6514139175415039,0.5317673683166504,-0.07693206518888474,0.6797020435333252,0.47112953662872314,-0.0932387113571167,0.5707394480705261,0.47527050971984863,-0.03870297223329544,0.5780282616615295,0.360897421836853,-0.06740235537290573,0.5780835151672363,0.2932285666465759,-0.0835365355014801,0.5775304436683655,0.23560822010040283,-0.09400907903909683,0.5321099162101746,0.47434714436531067,-0.03344053402543068,0.5194616913795471,0.43493568897247314,-0.08902543783187866,0.5098901987075806,0.5187352895736694,-0.10289297997951508,0.5085257291793823,0.5749856233596802,-0.09849922358989716,0.49369099736213684,0.48387429118156433,-0.032044023275375366,0.47772037982940674,0.4532584249973297,-0.08539742976427078,0.47861170768737793,0.5339699387550354,-0.07889696210622787,0.48575350642204285,0.5825265049934387,-0.05947251245379448,0.4546443521976471,0.4981142580509186,-0.03360865265130997,0.4435231387615204,0.4656042456626892,-0.07122030854225159,0.4499756097793579,0.5273393988609314,-0.06528908759355545,0.45967984199523926,0.5679833889007568,-0.049871500581502914
0.4899695813655853,0.6864432096481323,-8.595884537498932e-08,0.5463451147079468,0.6632819175720215,-0.0408000610768795,0.6062667369842529,0.5978912711143494,-0.060251422226428986,0.6503597497940063,0.5316897630691528,-0.0770227238535881,0.6793925762176514,0.47115328907966614,-0.09341969341039658,0.5701320767402649,0.47589340806007385,-0.0385938435792923,0.5774701237678528,0.36084696650505066,-0.06725398451089859,0.577567994594574,0.2933305501937866,-0.08335930109024048,0.5770151615142822,0.2355891466140747,-0.09387631714344025,0.5316717624664307,0.47537243366241455,-0.03338874131441116,0.5190913677215576,0.43504637479782104,-0.08845587819814682,0.5098950862884521,0.518852949142456,-0.10195011645555496,0.5088653564453125,0.5741235017776489,-0.09757646173238754,0.4933939576148987,0.4849502444267273,-0.032060232013463974,0.4775030016899109,0.452325701713562,-0.08504633605480194,0.47867220640182495,0.5336161255836487,-0.07788233458995819,0.486022412776947,0.5818206071853638,-0.058273330330848694,0.45434778928756714,0.4990690350532532,-0.03371070697903633,0.44329291582107544,0.4652584195137024,-0.07115409523248672,0.44997620582580566,0.527450680732727,-0.06480655074119568,0.4597319960594177,0.5680020451545715,-0.04925244301557541
0.488622784614563,0.6857638359069824,-9.384620369701224e-08,0.5457807779312134,0.663415789604187,-0.0407833456993103,0.6062129139900208,0.5973014831542969,-0.05984380096197128,0.6510013937950134,0.5302039980888367,-0.07616417109966278,0.6805421113967896,0.47024092078208923,-0.09209871292114258,0.5699630975723267,0.47550058364868164,-0.0385848730802536,0.5775216221809387,0.3613172769546509,-0.06695717573165894,0.5774727463722229,0.294343501329422,-0.08266773819923401,0.5768977403640747,0.2369495928287506,-0.09295105934143066,0.5315393209457397,0.474687397480011,-0.03329171985387802,0.5194256901741028,0.4351138770580292,-0.08819269388914108,0.5099983215332031,0.5190066695213318,-0.10150177776813507,0.5088920593261719,0.5745996236801147,-0.0969318225979805,0.49322837591171265,0.4844021201133728,-0.031870100647211075,0.4780500531196594,0.4532449543476105,-0.08491049706935883,0.47905346751213074,0.5344941020011902,-0.07815168052911758,0.48639240860939026,0.5827985405921936,-0.05869961529970169,0.4542172849178314,0.4989370107650757,-0.03339056670665741,0.44357243180274963,0.46675732731819153,-0.07104413956403732,0.4502187967300415,0.5287613868713379,-0.0652293786406517,0.4601384699344635,0.5691199898719788,-0.049972280859947205
0.4889604449272156,0.6858667135238647,-8.612951063469154e-08,0.5455068349838257,0.6626953482627869,-0.04089907929301262,0.605934739112854,0.5965958833694458,-0.0600266270339489,0.6511696577072144,0.5301307439804077,-0.0763489380478859,0.6821611523628235,0.4713453948497772,-0.09220712631940842,0.5696794986724854,0.47483667731285095,-0.03853051736950874,0.5773887038230896,0.3607539236545563,-0.06685870885848999,0.5777983665466309,0.29375821352005005,-0.08271346986293793,0.5775465369224548,0.236412912607193,-0.09316547960042953,0.5313379764556885,0.47398099303245544,-0.033141136169433594,0.5192587375640869,0.43567097187042236,-0.08793289959430695,0.5099337100982666,0.5194486379623413,-0.10119115561246872,0.5088129639625549,0.5746434926986694,-0.09674950689077377,0.49323582649230957,0.48331010341644287,-0.03168812021613121,0.4780047833919525,0.4535266160964966,-0.08442897349596024,0.4790743589401245,0.5341956615447998,-0.07749668508768082,0.48633918166160583,0.5818191170692444,-0.05812753736972809,0.4543142020702362,0.497207373380661,-0.0332321897149086,0.44355714321136475,0.46503180265426636,-0.07054030895233154,0.4501829743385315,0.5268783569335938,-0.06449912488460541,0.46011340618133545,0.5668870806694031,-0.04922802001237869
0.4883059561252594,0.6855442523956299,-9.591594363200784e-08,0.5451177358627319,0.6630920171737671,-0.040641799569129944,0.6059669256210327,0.5955743193626404,-0.05965474992990494,0.6515743732452393,0.528861403465271,-0.07585041224956512,0.6838394403457642,0.4710303843021393,-0.09160035848617554,0.5701074004173279,0.4738326966762543,-0.038461606949567795,0.5775934457778931,0.3597649931907654,-0.06667136400938034,0.5776878595352173,0.2929302453994751,-0.08215358108282089,0.5774322748184204,0.23575535416603088,-0.09235147386789322,0.5318294167518616,0.47264328598976135,-0.033222783356904984,0.5186945796012878,0.43428751826286316,-0.08849113434553146,0.5088407397270203,0.5191651582717896,-0.10168909281492233,0.5077317953109741,0.5753281116485596,-0.09687492996454239,0.4936310946941376,0.48195308446884155,-0.031859833747148514,0.4772630035877228,0.453228235244751,-0.08523030579090118,0.4782482981681824,0.5347545146942139,-0.07845618575811386,0.4858073592185974,0.5828478932380676,-0.05885489657521248,0.45465072989463806,0.4961659908294678,-0.03340412676334381,0.4432738125324249,0.4651225507259369,-0.07111170887947083,0.44959554076194763,0.5277185440063477,-0.06517103314399719,0.45955008268356323,0.5678147077560425,-0.049755606800317764
0.4887891113758087,0.6855443716049194,-9.33612369635739e-08,0.5457831621170044,0.6626629829406738,-0.040440160781145096,0.6064985394477844,0.5950112342834473,-0.059554651379585266,0.6525002121925354,0.5276753306388855,-0.07581932842731476,0.6878426671028137,0.47188881039619446,-0.09157869964838028,0.569909393787384,0.4741913080215454,-0.038244571536779404,0.5774726867675781,0.3598520755767822,-0.06628286838531494,0.57789146900177,0.29313457012176514,-0.08157271891832352,0.5777539610862732,0.23602232336997986,-0.09173622727394104,0.5315125584602356,0.47390878200531006,-0.033071115612983704,0.5193435549736023,0.4326096773147583,-0.08755576610565186,0.5101211667060852,0.5174089670181274,-0.10022956132888794,0.5090199708938599,0.5723855495452881,-0.09533460438251495,0.49350711703300476,0.48372361063957214,-0.03175954148173332,0.4787063002586365,0.45198410749435425,-0.08452031016349792,0.4796469807624817,0.5336846113204956,-0.07702932506799698,0.4867142140865326,0.5807358026504517,-0.05718807131052017,0.45459842681884766,0.49812421202659607,-0.03335540369153023,0.44444578886032104,0.46461594104766846,-0.07036865502595901,0.4508034586906433,0.5267935395240784,-0.0638328269124031,0.46016380190849304,0.5658936500549316,-0.04828803241252899
0.4879741966724396,0.6843588352203369,-8.977585252978315e-08,0.5453762412071228,0.660290002822876,-0.038750141859054565,0.6062520146369934,0.590827465057373,-0.05749564617872238,0.6555237770080566,0.524627685546875,-0.07375147938728333,0.6965072154998779,0.4754294753074646,-0.08973465859889984,0.5700457692146301,0.4731868505477905,-0.037117138504981995,0.5778891444206238,0.35884249210357666,-0.06471051275730133,0.5782787203788757,0.2921181917190552,-0.08018040657043457,0.5782355666160583,0.23466333746910095,-0.09083104878664017,0.531697690486908,0.47254717350006104,-0.032700203359127045,0.5196678638458252,0.43213796615600586,-0.08656442165374756,0.5100727081298828,0.5160039663314819,-0.0991731658577919,0.5087853074073792,0.5703353881835938,-0.09462174028158188,0.4935044050216675,0.48202192783355713,-0.03193075209856033,0.47859978675842285,0.45021387934684753,-0.08374545723199844,0.4795050024986267,0.5314682722091675,-0.07595714181661606,0.4864104092121124,0.5793150663375854,-0.0563400574028492,0.45429858565330505,0.49692896008491516,-0.03398952633142471,0.44374293088912964,0.4645656645298004,-0.07063359022140503,0.4506049156188965,0.5268239974975586,-0.06406793743371964,0.4608316719532013,0.5664592385292053,-0.04866800084710121
0.4886549115180969,0.6810892224311829,-9.563073888330109e-08,0.5463702082633972,0.6582754850387573,-0.03856145218014717,0.6076565384864807,0.5888859629631042,-0.05746389552950859,0.6572075486183167,0.5232141613960266,-0.07396755367517471,0.6988356113433838,0.4746605157852173,-0.09029941260814667,0.5707082152366638,0.47218412160873413,-0.038010191172361374,0.5782966613769531,0.3577626049518585,-0.06579331308603287,0.5786945223808289,0.2913774251937866,-0.08107266575098038,0.5788908004760742,0.23453187942504883,-0.09154840558767319,0.5321868062019348,0.47161996364593506,-0.03382190316915512,0.5212528109550476,0.430703341960907,-0.0882512629032135,0.5111679434776306,0.5147306323051453,-0.10073266178369522,0.5090371966362,0.5695242285728455,-0.09596748650074005,0.4939807653427124,0.4811491072177887,-0.03320010378956795,0.4804146885871887,0.4482171833515167,-0.08545837551355362,0.4806998074054718,0.5299046039581299,-0.077463798224926,0.48686590790748596,0.5786217451095581,-0.05757858231663704,0.45465418696403503,0.4957399070262909,-0.03536972030997276,0.4453365206718445,0.4627658426761627,-0.07231809198856354,0.45166832208633423,0.5246807336807251,-0.06583986431360245,0.46107614040374756,0.5642369389533997,-0.05048804357647896
0.48996320366859436,0.6776797771453857,-9.600432804290904e-08,0.5477187037467957,0.6549556255340576,-0.03815663233399391,0.6090643405914307,0.5861957669258118,-0.05674104019999504,0.6586926579475403,0.5217171311378479,-0.07300280034542084,0.7006563544273376,0.4744521379470825,-0.0892057716846466,0.5721914768218994,0.46860912442207336,-0.037167228758335114,0.5799249410629272,0.3556038439273834,-0.06444630026817322,0.5801257491111755,0.28902921080589294,-0.07967709004878998,0.5803055167198181,0.23226484656333923,-0.09023186564445496,0.5338706970214844,0.4674298167228699,-0.03298928961157799,0.5208497047424316,0.4294288158416748,-0.0868641659617424,0.5103057026863098,0.5131086111068726,-0.09939485043287277,0.5084424018859863,0.5678355693817139,-0.09479880332946777,0.49560001492500305,0.47689175605773926,-0.032382428646087646,0.4798234701156616,0.44616925716400146,-0.08406085520982742,0.4804481863975525,0.5269094109535217,-0.07648836821317673,0.487385630607605,0.5755547285079956,-0.05706293508410454,0.45640701055526733,0.4916944205760956,-0.0345643125474453,0.4453693628311157,0.45978257060050964,-0.07126536220312119,0.45162081718444824,0.5212064981460571,-0.06515005230903625,0.46160444617271423,0.560960054397583,-0.05009150132536888
0.49127668142318726,0.6805374026298523,-8.504687087906859e-08,0.5486438870429993,0.6588558554649353,-0.03998158872127533,0.609768271446228,0.5913445949554443,-0.059740353375673294,0.6611806750297546,0.5284315347671509,-0.07673673331737518,0.7038708925247192,0.482555627822876,-0.09353702515363693,0.5731827616691589,0.47124186158180237,-0.039513736963272095,0.5820153951644897,0.3582704961299896,-0.06779452413320541,0.5832160115242004,0.2919405400753021,-0.08372185379266739,0.5841014981269836,0.23492154479026794,-0.09472351521253586,0.5350977778434753,0.4700067937374115,-0.034507621079683304,0.5225951671600342,0.4306388199329376,-0.08872722089290619,0.5113469958305359,0.5143981575965881,-0.1010974869132042,0.5095715522766113,0.568362832069397,-0.09638180583715439,0.4969854950904846,0.4790422022342682,-0.03327902406454086,0.4817217290401459,0.44991326332092285,-0.0851505920290947,0.481370747089386,0.5297649502754211,-0.07755155861377716,0.4885109066963196,0.5763026475906372,-0.05813807621598244,0.4582967758178711,0.493277907371521,-0.03501126170158386,0.447868674993515,0.4624744653701782,-0.0716468095779419,0.45361194014549255,0.5241063237190247,-0.06537600606679916,0.4637695848941803,0.5636382102966309,-0.050267189741134644
0.49289220571517944,0.6913731694221497,3.007454552061972e-08,0.5525168776512146,0.6708600521087646,-0.04535561054944992,0.617880642414093,0.6086107492446899,-0.06847633421421051,0.6797975301742554,0.5616869926452637,-0.08828291296958923,0.7343458533287048,0.5443285703659058,-0.10823777318000793,0.5750446319580078,0.48183631896972656,-0.04197880998253822,0.583873450756073,0.3700239658355713,-0.07119535654783249,0.5852440595626831,0.30163049697875977,-0.08940909802913666,0.5863416790962219,0.24223139882087708,-0.10262453556060791,0.5362855195999146,0.47854435443878174,-0.035236481577157974,0.5237747430801392,0.4367223381996155,-0.0898401141166687,0.5147337913513184,0.521296501159668,-0.10321342200040817,0.5136669874191284,0.5787687301635742,-0.09894714504480362,0.497061550617218,0.48632118105888367,-0.032866109162569046,0.4818273186683655,0.4579676389694214,-0.08468819409608841,0.48388606309890747,0.5387527942657471,-0.0786067321896553,0.4913995563983917,0.5877305269241333,-0.05966302752494812,0.4584816098213196,0.5002601146697998,-0.03414124622941017,0.44937601685523987,0.4672875702381134,-0.07008113712072372,0.4561172127723694,0.5283580422401428,-0.06431092321872711,0.46577540040016174,0.569421112537384,-0.04957970231771469
0.49359622597694397,0.7012555599212646,1.219963507992361e-07,0.5526633262634277,0.6846511363983154,-0.0521535687148571,0.617838442325592,0.6359844207763672,-0.07994165271520615,0.6833694577217102,0.6117681860923767,-0.10310190916061401,0.7374136447906494,0.6137346625328064,-0.1259206086397171,0.5737028121948242,0.4904346466064453,-0.050304099917411804,0.579380989074707,0.37764865159988403,-0.08164689689874649,0.5800023674964905,0.3087598979473114,-0.10127067565917969,0.5792758464813232,0.24856942892074585,-0.11537978798151016,0.5342723727226257,0.48805639147758484,-0.04142474755644798,0.523681640625,0.4520275294780731,-0.09655013680458069,0.5170141458511353,0.5414438247680664,-0.1089881882071495,0.5162033438682556,0.5972446799278259,-0.10423235595226288,0.49412134289741516,0.4970090389251709,-0.03750050067901611,0.48059946298599243,0.474385142326355,-0.09098665416240692,0.48541173338890076,0.5592687129974365,-0.08479084074497223,0.49349725246429443,0.6051141619682312,-0.0653270035982132,0.4550206661224365,0.5117237567901611,-0.03779330849647522,0.4470928907394409,0.4835522770881653,-0.07469551265239716,0.456353098154068,0.5485991835594177,-0.06831827759742737,0.4660942554473877,0.5877927541732788,-0.05299577862024307
0.49347901344299316,0.7004969120025635,1.1444632264101529e-07,0.5522868037223816,0.6842870712280273,-0.05107567086815834,0.6175766587257385,0.6349520683288574,-0.0789656713604927,0.6826673746109009,0.6116646528244019,-0.10265396535396576,0.7373246550559998,0.614537239074707,-0.12623046338558197,0.5735200047492981,0.49012792110443115,-0.04935050755739212,0.5787264704704285,0.37738651037216187,-0.08082873374223709,0.5788333415985107,0.3088341951370239,-0.1005229726433754,0.5780271291732788,0.24886074662208557,-0.11484777182340622,0.5340331792831421,0.4884014129638672,-0.04140188544988632,0.5226777195930481,0.4513062536716461,-0.09783875197172165,0.5167971253395081,0.54097980260849,-0.1112372949719429,0.5161610841751099,0.5973350405693054,-0.10691852867603302,0.49402353167533875,0.4980161190032959,-0.038245461881160736,0.4799375832080841,0.47412821650505066,-0.09313762187957764,0.48551082611083984,0.5599325299263,-0.08719116449356079,0.4935102164745331,0.6064264178276062,-0.0676002949476242,0.4549761414527893,0.5135892033576965,-0.03913731873035431,0.44693833589553833,0.48370400071144104,-0.07736711949110031,0.4561583399772644,0.5504018664360046,-0.07113166898488998,0.46546506881713867,0.5901579260826111,-0.055681321769952774
0.4922736883163452,0.6987298727035522,1.1142597600155568e-07,0.5514753460884094,0.6826428174972534,-0.05096158757805824,0.6169751882553101,0.6337247490882874,-0.0784904956817627,0.681922197341919,0.6101901531219482,-0.10170171409845352,0.7362702488899231,0.6127110123634338,-0.12468898296356201,0.5729886293411255,0.48921239376068115,-0.04936971142888069,0.5780104398727417,0.3762798309326172,-0.08078932762145996,0.5781378746032715,0.3076050877571106,-0.10026538372039795,0.5773167610168457,0.24747487902641296,-0.11436007171869278,0.5334557890892029,0.4872055947780609,-0.04132087156176567,0.5222405195236206,0.4494832456111908,-0.09738748520612717,0.5164459347724915,0.5398824214935303,-0.11010333150625229,0.5160689949989319,0.5967247486114502,-0.10533260554075241,0.4933761656284332,0.49648237228393555,-0.038132037967443466,0.4797058403491974,0.4727596938610077,-0.09280624985694885,0.4850383400917053,0.5588244199752808,-0.08655336499214172,0.49298185110092163,0.6051901578903198,-0.06674216687679291,0.45420175790786743,0.5115554928779602,-0.03899437561631203,0.4468676447868347,0.48085612058639526,-0.0768362507224083,0.45563963055610657,0.5472508668899536,-0.07040230184793472,0.4644104242324829,0.5867613554000854,-0.054904911667108536
0.4913935959339142,0.6977283954620361,1.0461655364224498e-07,0.5505964756011963,0.68223637342453,-0.05053727701306343,0.6164957880973816,0.633104145526886,-0.07802493125200272,0.6821161508560181,0.609033465385437,-0.10130495578050613,0.736413836479187,0.6115460395812988,-0.12449491024017334,0.5724486112594604,0.48935118317604065,-0.049416784197092056,0.5774797797203064,0.3765401244163513,-0.08063174784183502,0.577553927898407,0.30757734179496765,-0.1002134159207344,0.5768274664878845,0.24761292338371277,-0.11447666585445404,0.5331632494926453,0.48657187819480896,-0.04148084297776222,0.5216014385223389,0.45032042264938354,-0.0976104885339737,0.5148876309394836,0.5398215055465698,-0.1108085885643959,0.5137970447540283,0.5968546271324158,-0.10644074529409409,0.4931541681289673,0.4954809248447418,-0.03822718560695648,0.47880861163139343,0.4724077880382538,-0.09220700711011887,0.48379436135292053,0.5570319294929504,-0.08613833039999008,0.4915838837623596,0.6040747165679932,-0.06673812866210938,0.45391881465911865,0.5104982256889343,-0.03903532400727272,0.44557806849479675,0.48164102435112,-0.07650620490312576,0.4544885456562042,0.5468636751174927,-0.07030683755874634,0.4637961983680725,0.5864178538322449,-0.055043209344148636
0.4909821152687073,0.6969001293182373,1.0350976253903355e-07,0.5502529144287109,0.6813410520553589,-0.05060425400733948,0.61612468957901,0.6330932974815369,-0.07790817320346832,0.6813002228736877,0.6095653176307678,-0.10089298337697983,0.7351782321929932,0.6119710803031921,-0.12370443344116211,0.5723228454589844,0.4890633821487427,-0.04967007786035538,0.5778388977050781,0.37580981850624084,-0.08089141547679901,0.5782529711723328,0.30723416805267334,-0.10024513304233551,0.5776009559631348,0.24725329875946045,-0.1142277643084526,0.5329084992408752,0.48625656962394714,-0.04155893251299858,0.5215258002281189,0.450242280960083,-0.09703902155160904,0.514508068561554,0.5400581359863281,-0.10953295975923538,0.5132921934127808,0.5963971018791199,-0.10484251379966736,0.4927283823490143,0.4950787127017975,-0.03819124773144722,0.47870030999183655,0.4712575078010559,-0.09216029942035675,0.48328232765197754,0.5566999912261963,-0.0857023075222969,0.49082913994789124,0.6031609177589417,-0.06605863571166992,0.45336443185806274,0.5100653171539307,-0.038845472037792206,0.4451846182346344,0.48024722933769226,-0.07634203135967255,0.45412278175354004,0.5462106466293335,-0.06974904239177704,0.4633472263813019,0.5859566926956177,-0.054209817200899124
0.48890963196754456,0.6921012997627258,1.1617707684763445e-07,0.5474538803100586,0.6785067319869995,-0.051388926804065704,0.6139036417007446,0.6327157616615295,-0.07925434410572052,0.6797763705253601,0.6133748292922974,-0.10271089524030685,0.7340265512466431,0.6192203760147095,-0.12597253918647766,0.5726344585418701,0.4859386384487152,-0.05033009871840477,0.5805189609527588,0.3732762336730957,-0.08183573931455612,0.5822144746780396,0.30522775650024414,-0.10133855789899826,0.5828386545181274,0.24569213390350342,-0.1153566762804985,0.5333365201950073,0.4821053147315979,-0.041938893496990204,0.5224597454071045,0.44728565216064453,-0.09832463413476944,0.513482928276062,0.5367761850357056,-0.11127042025327682,0.511215329170227,0.5934662818908691,-0.10653545707464218,0.493332177400589,0.49002566933631897,-0.038355279713869095,0.47967448830604553,0.46885862946510315,-0.09277486801147461,0.48263394832611084,0.5537954568862915,-0.08689188212156296,0.4896986186504364,0.6001462340354919,-0.06731868535280228,0.45436468720436096,0.5040116906166077,-0.03888973593711853,0.44674432277679443,0.4764802157878876,-0.07644572108983994,0.4542570114135742,0.542026937007904,-0.07020705193281174,0.46300840377807617,0.5812722444534302,-0.05473237484693527
0.4943547248840332,0.6941242218017578,1.5224424032567185e-07,0.5521600842475891,0.6810193061828613,-0.05278647318482399,0.6178126931190491,0.6391471028327942,-0.08269018679857254,0.6834381818771362,0.6254998445510864,-0.10810712724924088,0.7363239526748657,0.6411140561103821,-0.13303273916244507,0.5794891715049744,0.4891482889652252,-0.052479423582553864,0.5883722305297852,0.37574994564056396,-0.08603114634752274,0.5904986262321472,0.3068353235721588,-0.10658589005470276,0.5912854075431824,0.24700579047203064,-0.12074540555477142,0.5399977564811707,0.48424410820007324,-0.04347163438796997,0.5312372446060181,0.4499545693397522,-0.09947328269481659,0.5219770669937134,0.5388485193252563,-0.11129292100667953,0.5194563269615173,0.5934622287750244,-0.10600102692842484,0.49938568472862244,0.4909210801124573,-0.039578620344400406,0.48735421895980835,0.4708593487739563,-0.09416219592094421,0.4901241362094879,0.5551983714103699,-0.08800847083330154,0.496611088514328,0.6002674698829651,-0.06816201657056808,0.4597014784812927,0.5031866431236267,-0.03985639661550522,0.45307594537734985,0.4769607484340668,-0.075902059674263,0.4611157178878784,0.5414254665374756,-0.0684841126203537,0.46930015087127686,0.5798584222793579,-0.052447378635406494
0.4951278865337372,0.6947647929191589,1.4381512869476865e-07,0.553733766078949,0.6822077035903931,-0.05125393718481064,0.6199836730957031,0.6397588849067688,-0.08056303858757019,0.684975266456604,0.6251572966575623,-0.10580992698669434,0.7374149560928345,0.6402034759521484,-0.13077005743980408,0.5803347229957581,0.4889684319496155,-0.05059927701950073,0.5885832905769348,0.375726580619812,-0.08333462476730347,0.590348482131958,0.3065543472766876,-0.10323925316333771,0.5912681221961975,0.24693113565444946,-0.11695212125778198,0.5401711463928223,0.48420920968055725,-0.042369674891233444,0.5333238840103149,0.44992297887802124,-0.09813568741083145,0.5239512324333191,0.539028525352478,-0.10990777611732483,0.5210192203521729,0.5943067669868469,-0.10428851842880249,0.49921196699142456,0.4914645850658417,-0.039023734629154205,0.4882677495479584,0.47145119309425354,-0.0934046059846878,0.49081385135650635,0.5559614896774292,-0.08704205602407455,0.4970666766166687,0.6017105579376221,-0.06685632467269897,0.4593396782875061,0.5044981241226196,-0.03969569131731987,0.4540513753890991,0.4767291843891144,-0.07558363676071167,0.4621661901473999,0.5420024991035461,-0.06766866147518158,0.4703626334667206,0.581608772277832,-0.05111538618803024
0.49440208077430725,0.6959038376808167,1.3757511396761402e-07,0.5531507730484009,0.6814361214637756,-0.05196350812911987,0.6194400191307068,0.6377028226852417,-0.08064048737287521,0.684481143951416,0.6215553283691406,-0.10495146363973618,0.7373039126396179,0.6352056264877319,-0.1288342922925949,0.5786475539207458,0.48946481943130493,-0.05039641633629799,0.5866814851760864,0.3759908974170685,-0.08295343816280365,0.588169276714325,0.30710548162460327,-0.10298003256320953,0.5886046290397644,0.24706757068634033,-0.11705433577299118,0.5392659902572632,0.4850459694862366,-0.04178851470351219,0.5301121473312378,0.44923222064971924,-0.09740965813398361,0.5215322971343994,0.5384490489959717,-0.10947035998106003,0.5196504592895508,0.593802273273468,-0.10433877259492874,0.4988127052783966,0.49222254753112793,-0.03826339915394783,0.48603761196136475,0.4708843231201172,-0.09234637767076492,0.4890034794807434,0.5552216172218323,-0.08624880760908127,0.4959292411804199,0.6006121635437012,-0.06655514240264893,0.4590934216976166,0.5050361156463623,-0.03892488405108452,0.4519108533859253,0.4776233732700348,-0.07519462704658508,0.45990127325057983,0.5418737530708313,-0.06824609637260437,0.4682833254337311,0.5806689262390137,-0.05251869186758995
0.494186669588089,0.6936821937561035,1.3037627866197e-07,0.5530554056167603,0.6825437545776367,-0.050916027277708054,0.6198855638504028,0.6391232013702393,-0.07945338636636734,0.6838633418083191,0.6223042607307434,-0.10398490726947784,0.7367047667503357,0.6348037719726562,-0.12827619910240173,0.5783753991127014,0.4894983768463135,-0.05010528489947319,0.5861510634422302,0.3756272792816162,-0.08260159939527512,0.5872972011566162,0.30644142627716064,-0.10256440937519073,0.5881184935569763,0.2467149794101715,-0.11660698056221008,0.53871089220047,0.48440441489219666,-0.04214082658290863,0.5303683876991272,0.45035791397094727,-0.09926275163888931,0.5210740566253662,0.5387224555015564,-0.11243388801813126,0.518420934677124,0.594918966293335,-0.10761669278144836,0.49834567308425903,0.4909914433956146,-0.03893742337822914,0.48527780175209045,0.4722886085510254,-0.09384959936141968,0.488198846578598,0.5561944246292114,-0.08824874460697174,0.4952722191810608,0.6027805209159851,-0.0685628205537796,0.4587736427783966,0.5033794641494751,-0.03980471193790436,0.45192039012908936,0.4780100882053375,-0.07670142501592636,0.4596530795097351,0.5428475737571716,-0.07000555843114853,0.4682978689670563,0.582271933555603,-0.05417272076010704
0.4945875406265259,0.6949369311332703,1.28532946064297e-07,0.5532471537590027,0.6825817823410034,-0.0508805550634861,0.6193292140960693,0.6389135718345642,-0.07927226275205612,0.6835939884185791,0.6221553087234497,-0.10366610437631607,0.7364358901977539,0.634336531162262,-0.1277855783700943,0.5783992409706116,0.4897053837776184,-0.049648646265268326,0.5861304998397827,0.376051127910614,-0.08204479515552521,0.5873147249221802,0.30687230825424194,-0.10198716074228287,0.5877904295921326,0.24736055731773376,-0.1158430427312851,0.5387207269668579,0.48461800813674927,-0.04151635617017746,0.5302081108093262,0.452066034078598,-0.09811455011367798,0.5206463932991028,0.5402050018310547,-0.11106158047914505,0.5175435543060303,0.5963870286941528,-0.10613494366407394,0.49826541543006897,0.49128788709640503,-0.038211774080991745,0.4852602183818817,0.4734460115432739,-0.09294338524341583,0.4878350794315338,0.5570576786994934,-0.08744198083877563,0.49448883533477783,0.6034398674964905,-0.06775245815515518,0.45872485637664795,0.503792405128479,-0.03894447535276413,0.45192253589630127,0.47829005122184753,-0.07533395290374756,0.45951542258262634,0.5423002243041992,-0.06830232590436935,0.46778643131256104,0.5815137624740601,-0.05223419889807701
0.4956439733505249,0.6974874138832092,1.3036166990332276e-07,0.5545936822891235,0.6842074394226074,-0.050818491727113724,0.6206591725349426,0.6406028866767883,-0.07933498919010162,0.684633195400238,0.6232080459594727,-0.10385063290596008,0.7382060885429382,0.6325744390487671,-0.12811996042728424,0.5786195993423462,0.48949217796325684,-0.04966297745704651,0.5862305164337158,0.37699753046035767,-0.08190197497606277,0.5875498652458191,0.30813342332839966,-0.10194612294435501,0.588195264339447,0.248633474111557,-0.11595337837934494,0.5384746193885803,0.4849429726600647,-0.04165651649236679,0.5319334268569946,0.452771931886673,-0.09780185669660568,0.5224415063858032,0.5408828854560852,-0.11093540489673615,0.5186208486557007,0.5962849855422974,-0.10637053847312927,0.4977315664291382,0.4925331473350525,-0.038391318172216415,0.48635104298591614,0.47373509407043457,-0.0927470326423645,0.48887723684310913,0.5577322244644165,-0.08700691908597946,0.4947982132434845,0.6035407781600952,-0.06739436089992523,0.4578810930252075,0.5060567259788513,-0.039131682366132736,0.45194584131240845,0.4797098934650421,-0.07530635595321655,0.46024513244628906,0.5441672205924988,-0.06789258122444153,0.46844321489334106,0.5832258462905884,-0.051662907004356384
0.4956377446651459,0.6977865099906921,1.2671091553784208e-07,0.5548631548881531,0.6848504543304443,-0.05185309424996376,0.621421217918396,0.6404245495796204,-0.08037852495908737,0.685124397277832,0.6208862662315369,-0.1045776829123497,0.738167405128479,0.6273465156555176,-0.1284172683954239,0.5780150890350342,0.4903491139411926,-0.0511956550180912,0.5858926177024841,0.376863956451416,-0.08361046761274338,0.5874772071838379,0.30807769298553467,-0.10335642844438553,0.5884002447128296,0.24855667352676392,-0.11703916639089584,0.5380184054374695,0.4856504201889038,-0.04257279634475708,0.5301156044006348,0.45395705103874207,-0.09918262809515,0.5206148624420166,0.542719304561615,-0.11182394623756409,0.5173357725143433,0.5990456342697144,-0.10664918273687363,0.4974096417427063,0.4929019510746002,-0.038830917328596115,0.48501136898994446,0.47572487592697144,-0.09381552040576935,0.48811936378479004,0.5599446892738342,-0.08823549747467041,0.4950985908508301,0.605903148651123,-0.06847498565912247,0.45784083008766174,0.5057830810546875,-0.039149895310401917,0.4509727954864502,0.48148709535598755,-0.076043501496315,0.45962008833885193,0.5459919571876526,-0.06927568465471268,0.4687908887863159,0.5849440097808838,-0.053301747888326645
0.4954149127006531,0.697401762008667,1.2280129624286928e-07,0.5544615387916565,0.684361457824707,-0.051485273987054825,0.6205683946609497,0.6403411626815796,-0.08018792420625687,0.6842281818389893,0.6193353533744812,-0.10472393035888672,0.7375275492668152,0.6226012110710144,-0.12898196280002594,0.5779027938842773,0.4899292588233948,-0.050985146313905716,0.585443913936615,0.37725698947906494,-0.08338890224695206,0.5867220759391785,0.30832183361053467,-0.10329513996839523,0.5875165462493896,0.24893450736999512,-0.11714322119951248,0.5380199551582336,0.48547714948654175,-0.04277775436639786,0.5300246477127075,0.45396438241004944,-0.09961210936307907,0.5206297039985657,0.54167240858078,-0.11279746890068054,0.5175284743309021,0.5977327227592468,-0.10807199776172638,0.4975714683532715,0.4932020902633667,-0.039336636662483215,0.4849277436733246,0.47594505548477173,-0.09410211443901062,0.48800522089004517,0.5593319535255432,-0.08840491622686386,0.4950515031814575,0.6054869294166565,-0.06878411769866943,0.45816048979759216,0.5068144798278809,-0.039969831705093384,0.45080941915512085,0.4824008643627167,-0.07675394415855408,0.4594508707523346,0.5466237664222717,-0.0698450431227684,0.46882978081703186,0.5857596397399902,-0.05382640287280083
0.49553683400154114,0.6984805464744568,1.1590024229235496e-07,0.555638313293457,0.6857039928436279,-0.05218946561217308,0.6220791339874268,0.6417005062103271,-0.0807492583990097,0.6859220862388611,0.6192522644996643,-0.10483761131763458,0.7392838001251221,0.6166965365409851,-0.12849855422973633,0.5781031250953674,0.4904629588127136,-0.051549606025218964,0.5851887464523315,0.3770484924316406,-0.08368036150932312,0.5866029858589172,0.30836939811706543,-0.10334168374538422,0.5874267816543579,0.24904456734657288,-0.11705523729324341,0.5377493500709534,0.48579931259155273,-0.042856909334659576,0.5306169986724854,0.4551291763782501,-0.09930409491062164,0.5216097235679626,0.5438183546066284,-0.11224553734064102,0.5181399583816528,0.6000867486000061,-0.10761361569166183,0.4968661963939667,0.49347275495529175,-0.03904205560684204,0.4853682518005371,0.47627055644989014,-0.09366995841264725,0.4884117841720581,0.5606533288955688,-0.08757512271404266,0.49495089054107666,0.6067325472831726,-0.06794364005327225,0.4570774435997009,0.5070832371711731,-0.03936098515987396,0.4508039355278015,0.482528418302536,-0.0765121653676033,0.45933103561401367,0.5475068092346191,-0.06963682919740677,0.4680081009864807,0.5867689847946167,-0.05371718108654022
0.49700766801834106,0.6985812187194824,1.0208290746049897e-07,0.5571849942207336,0.685257613658905,-0.05230657383799553,0.6232156157493591,0.6427813768386841,-0.08108990639448166,0.6869909763336182,0.6195987462997437,-0.10534927994012833,0.739273190498352,0.6116013526916504,-0.12908215820789337,0.5779030323028564,0.49100303649902344,-0.05187380313873291,0.5855056643486023,0.37820377945899963,-0.08422601968050003,0.5870363116264343,0.30918121337890625,-0.1039775088429451,0.5878382325172424,0.2499370574951172,-0.1175532415509224,0.537524402141571,0.4857000410556793,-0.043119169771671295,0.5315945744514465,0.45606502890586853,-0.09953959286212921,0.5223788619041443,0.5450494885444641,-0.11227431893348694,0.5180600881576538,0.6018791794776917,-0.10743612051010132,0.4967077672481537,0.4933176636695862,-0.03924712911248207,0.48637819290161133,0.4767386019229889,-0.09376506507396698,0.4890082776546478,0.5607717633247375,-0.08737263083457947,0.4948198199272156,0.6069206595420837,-0.06753358244895935,0.45707279443740845,0.5067448616027832,-0.039502181112766266,0.4515620470046997,0.4820525348186493,-0.07644546031951904,0.46027690172195435,0.5461181998252869,-0.06923456490039825,0.4682901203632355,0.5851961374282837,-0.05302815139293671
0.4969685673713684,0.6976733207702637,7.366593735014249e-08,0.5565524101257324,0.6844882965087891,-0.05202114209532738,0.6236188411712646,0.6396973133087158,-0.07939670979976654,0.6836800575256348,0.6081820726394653,-0.10175321251153946,0.7300167083740234,0.5843992829322815,-0.12338563054800034,0.5772572755813599,0.49132904410362244,-0.05190754309296608,0.583570659160614,0.3782958388328552,-0.08372286707162857,0.5844134092330933,0.309861958026886,-0.10297806560993195,0.5845263004302979,0.25066423416137695,-0.11619988828897476,0.5367316603660583,0.48774778842926025,-0.042976152151823044,0.5304083824157715,0.4535064399242401,-0.0990067645907402,0.5218670964241028,0.5420113801956177,-0.11181829124689102,0.5184953808784485,0.5979819893836975,-0.10700760781764984,0.4963541328907013,0.4955894351005554,-0.038859013468027115,0.48574191331863403,0.4753290116786957,-0.09372155368328094,0.4885072112083435,0.5602763891220093,-0.08722159266471863,0.49489378929138184,0.6054922938346863,-0.06737388670444489,0.45690926909446716,0.5087529420852661,-0.03870226442813873,0.45090368390083313,0.48237329721450806,-0.07718275487422943,0.45963695645332336,0.5487375259399414,-0.0706530287861824,0.4684186577796936,0.5885021686553955,-0.0547468364238739
0.4983842074871063,0.6950963735580444,1.7194210499837936e-08,0.5579155683517456,0.6795539259910583,-0.04889867827296257,0.6228786706924438,0.6257061958312988,-0.07404767721891403,0.6768795251846313,0.5776116251945496,-0.09471195936203003,0.7195141315460205,0.5384485721588135,-0.11488659679889679,0.5780342221260071,0.48631030321121216,-0.04872256517410278,0.5829574465751648,0.37499597668647766,-0.07973440736532211,0.582524299621582,0.3064486086368561,-0.09815774112939835,0.5819690823554993,0.24781635403633118,-0.1106402575969696,0.5370358824729919,0.48373958468437195,-0.04070769250392914,0.5286514163017273,0.4490656554698944,-0.09713829308748245,0.5216240286827087,0.5355565547943115,-0.11088339239358902,0.5196664929389954,0.5923410654067993,-0.10646449774503708,0.4966452121734619,0.4928525686264038,-0.037078727036714554,0.48548072576522827,0.47007274627685547,-0.09210078418254852,0.4894167184829712,0.552893340587616,-0.08597245812416077,0.4964633882045746,0.5994896292686462,-0.06637970358133316,0.45678484439849854,0.5075601935386658,-0.037018995732069016,0.45090579986572266,0.47814449667930603,-0.07607438415288925,0.4601290225982666,0.5431622266769409,-0.07000906020402908,0.46927961707115173,0.5839667916297913,-0.05425696820020676
0.4982442855834961,0.6951689720153809,1.132298965700329e-08,0.5578980445861816,0.6798145771026611,-0.04867754876613617,0.6227875351905823,0.6266492009162903,-0.07382065057754517,0.6764351725578308,0.577985942363739,-0.09458647668361664,0.7188054323196411,0.5377047657966614,-0.11500362306833267,0.5784125924110413,0.48682093620300293,-0.0484997034072876,0.5832716822624207,0.37510061264038086,-0.07960403710603714,0.5823331475257874,0.3065100312232971,-0.09822757542133331,0.5814034342765808,0.2474581003189087,-0.11088366061449051,0.537612795829773,0.48418936133384705,-0.04058552905917168,0.5278202891349792,0.4485331177711487,-0.09720857441425323,0.5207155346870422,0.5348300933837891,-0.11137161403894424,0.5193336606025696,0.5915836095809937,-0.10724609345197678,0.4973405599594116,0.4933616816997528,-0.03699389845132828,0.48486196994781494,0.46963101625442505,-0.09207914024591446,0.48870980739593506,0.5523920655250549,-0.08604174852371216,0.4963859021663666,0.5991934537887573,-0.06653507053852081,0.4575321674346924,0.5080710053443909,-0.036944177001714706,0.4503682255744934,0.4783443212509155,-0.07611748576164246,0.45949363708496094,0.5433915257453918,-0.07011641561985016,0.46932071447372437,0.5844519138336182,-0.05438746511936188
0.49646440148353577,0.6935773491859436,-8.148940411345507e-10,0.555935263633728,0.6792714595794678,-0.04778150096535683,0.6213340759277344,0.6265126466751099,-0.07195071130990982,0.670926570892334,0.575566291809082,-0.09166713058948517,0.7077516317367554,0.5307570099830627,-0.11085062474012375,0.575849175453186,0.48684534430503845,-0.049022383987903595,0.581831693649292,0.3750302791595459,-0.07981044054031372,0.5821133852005005,0.30629241466522217,-0.09775753319263458,0.5819920301437378,0.24754419922828674,-0.10972373187541962,0.5347468852996826,0.4842661917209625,-0.04136166721582413,0.5272462964057922,0.44957026839256287,-0.09781387448310852,0.520264744758606,0.535732626914978,-0.11147873103618622,0.5181894898414612,0.5929033756256104,-0.10696357488632202,0.494778037071228,0.4934614896774292,-0.037789635360240936,0.48384955525398254,0.47059768438339233,-0.09244260936975479,0.48742762207984924,0.5527495741844177,-0.08590249717235565,0.494263231754303,0.5994661450386047,-0.06616146862506866,0.4551277160644531,0.5082101821899414,-0.037681661546230316,0.4493779242038727,0.4791477918624878,-0.07620970159769058,0.4580748677253723,0.543746292591095,-0.06979851424694061,0.46690425276756287,0.584446132183075,-0.05389794707298279
0.4972611665725708,0.6943314671516418,-1.603532062688373e-08,0.5569421052932739,0.6796181797981262,-0.04671270772814751,0.6214032769203186,0.6257294416427612,-0.07029367238283157,0.6693393588066101,0.5728561878204346,-0.08977905660867691,0.7055032849311829,0.5268802046775818,-0.10879794508218765,0.5761626958847046,0.4876329302787781,-0.04737182706594467,0.5820407271385193,0.3758399486541748,-0.07856860756874084,0.5814893245697021,0.3070550560951233,-0.09678763151168823,0.5810238122940063,0.2482842206954956,-0.108738973736763,0.5350871682167053,0.4849163293838501,-0.04020705074071884,0.5286872982978821,0.44960424304008484,-0.09654206782579422,0.5197468400001526,0.5356138944625854,-0.11020633578300476,0.5166371464729309,0.5921950936317444,-0.10568666458129883,0.4949786365032196,0.49399682879447937,-0.03714776411652565,0.4854937493801117,0.4692651033401489,-0.09158879518508911,0.48699629306793213,0.5506255626678467,-0.08464450389146805,0.49260616302490234,0.5971943140029907,-0.06458675861358643,0.45483559370040894,0.5086500644683838,-0.03746591880917549,0.4500744938850403,0.47645196318626404,-0.07534044981002808,0.4582895338535309,0.5393103361129761,-0.06805607676506042,0.46644461154937744,0.5800615549087524,-0.05150469020009041
0.49741727113723755,0.6947460770606995,-2.1877010425441767e-08,0.5569188594818115,0.6797396540641785,-0.04600154608488083,0.6211784482002258,0.6247756481170654,-0.06916730850934982,0.6694728136062622,0.5714263916015625,-0.08833324909210205,0.7046746015548706,0.5249825119972229,-0.10707182437181473,0.5759547352790833,0.48732858896255493,-0.047030702233314514,0.5822613835334778,0.3756881356239319,-0.07821686565876007,0.5816476345062256,0.30722469091415405,-0.09643908590078354,0.5808599591255188,0.24855348467826843,-0.10837173461914062,0.5350004434585571,0.48452818393707275,-0.04011683166027069,0.5277930498123169,0.4494953155517578,-0.09665358811616898,0.5184723734855652,0.5358625650405884,-0.11037514358758926,0.5155633091926575,0.5926863551139832,-0.1057933047413826,0.49492859840393066,0.4934161603450775,-0.03722978010773659,0.48464590311050415,0.4691736698150635,-0.09176035225391388,0.4861384630203247,0.5508262515068054,-0.08482581377029419,0.492258757352829,0.5976950526237488,-0.06473469734191895,0.45493894815444946,0.508111834526062,-0.03764641657471657,0.44911259412765503,0.4769001007080078,-0.07567920535802841,0.45728006958961487,0.5402024388313293,-0.06844796985387802,0.46605855226516724,0.5811610817909241,-0.0518522709608078
0.49724340438842773,0.6957835555076599,-2.1843579389724255e-08,0.556380569934845,0.6803181171417236,-0.04608333855867386,0.6201102137565613,0.625618040561676,-0.06964532285928726,0.6684507131576538,0.5717843770980835,-0.08933636546134949,0.7038493752479553,0.5247853994369507,-0.10873840749263763,0.5760771036148071,0.48912912607192993,-0.04744322970509529,0.5823830962181091,0.37685680389404297,-0.07885964214801788,0.5816137194633484,0.30816376209259033,-0.09726154059171677,0.5806533694267273,0.24889716506004333,-0.10933440923690796,0.535133421421051,0.4860920310020447,-0.04059499502182007,0.5269711017608643,0.44988852739334106,-0.09738542884588242,0.5181605815887451,0.5356606245040894,-0.11138419061899185,0.5154772996902466,0.592275857925415,-0.10705794394016266,0.4951196312904358,0.4946801960468292,-0.0377226360142231,0.4838246703147888,0.4687136709690094,-0.09221518784761429,0.48579123616218567,0.5503965616226196,-0.08522415161132812,0.4920198321342468,0.5981886982917786,-0.06517834961414337,0.45518073439598083,0.5092458128929138,-0.03818107023835182,0.4485596716403961,0.47682487964630127,-0.0762709453701973,0.4567897617816925,0.5400106310844421,-0.06905469298362732,0.4656204581260681,0.5817326307296753,-0.052470091730356216
0.49637162685394287,0.6955714225769043,-2.5882211929229015e-08,0.5562110543251038,0.6804465055465698,-0.04612703248858452,0.6205468773841858,0.6253124475479126,-0.06945975869894028,0.668302595615387,0.5704472661018372,-0.08884218335151672,0.7037096619606018,0.5227967500686646,-0.10786832123994827,0.5764392018318176,0.4895075857639313,-0.04742325842380524,0.5827880501747131,0.37683674693107605,-0.07859611511230469,0.5820577144622803,0.3081413209438324,-0.09670492261648178,0.5811201333999634,0.24890786409378052,-0.10860615968704224,0.5356410145759583,0.48659199476242065,-0.04054522141814232,0.5274600386619568,0.4504581093788147,-0.09710651636123657,0.5186141133308411,0.5359687209129333,-0.11075572669506073,0.515897810459137,0.592220664024353,-0.10622280836105347,0.4957544207572937,0.49527984857559204,-0.03770710900425911,0.48450466990470886,0.46996474266052246,-0.09199442714452744,0.48633873462677,0.551537036895752,-0.08490192890167236,0.49247750639915466,0.5985684990882874,-0.06488630920648575,0.4558010995388031,0.5097500085830688,-0.038222040981054306,0.44923168420791626,0.47798171639442444,-0.07609737664461136,0.4571206271648407,0.5410311818122864,-0.0689527690410614,0.4657406508922577,0.5818248987197876,-0.05256364122033119
0.4964064955711365,0.6962894797325134,-3.447881624651927e-08,0.5563072562217712,0.6807413697242737,-0.04493991285562515,0.6205068230628967,0.6252762079238892,-0.06773417443037033,0.668611466884613,0.5706470012664795,-0.08680641651153564,0.703616201877594,0.5230037569999695,-0.10554660111665726,0.576890766620636,0.4896555542945862,-0.046121709048748016,0.5829284191131592,0.3773927688598633,-0.07691515237092972,0.5820752382278442,0.3087121844291687,-0.09478145837783813,0.5810366272926331,0.24965709447860718,-0.10654398798942566,0.5361505150794983,0.4868380129337311,-0.03975412994623184,0.5282633900642395,0.4501069188117981,-0.09571506828069687,0.5191911458969116,0.5357516407966614,-0.10907776653766632,0.5163958668708801,0.5920401811599731,-0.1044691801071167,0.49621811509132385,0.4957748055458069,-0.0373440757393837,0.48539483547210693,0.4697357714176178,-0.09120680391788483,0.48683565855026245,0.5514245629310608,-0.08386050164699554,0.4927299916744232,0.5986455082893372,-0.06377236545085907,0.4561835527420044,0.510490357875824,-0.038191743195056915,0.4498899579048157,0.477929949760437,-0.07570694386959076,0.4576020836830139,0.5410692691802979,-0.06830388307571411,0.4660976827144623,0.5820629596710205,-0.05182194709777832
0.4967347979545593,0.6967790722846985,-2.564074641497882e-08,0.5563130974769592,0.6814459562301636,-0.04516437649726868,0.620306670665741,0.6264173984527588,-0.06830783933401108,0.6680577993392944,0.571081817150116,-0.08770840615034103,0.7030264139175415,0.5223712921142578,-0.10682886838912964,0.5769214034080505,0.4897153377532959,-0.04697070270776749,0.5836806297302246,0.37780284881591797,-0.07770618051290512,0.5831421613693237,0.3092734217643738,-0.09553704410791397,0.5824090838432312,0.2502712607383728,-0.10730138421058655,0.5360879302024841,0.4865896701812744,-0.040482327342033386,0.5279471278190613,0.45031777024269104,-0.09666422009468079,0.5192513465881348,0.5356332659721375,-0.11025183647871017,0.5164933204650879,0.5923173427581787,-0.10579948872327805,0.4961238205432892,0.49554869532585144,-0.03786318004131317,0.48509034514427185,0.46996548771858215,-0.09163374453783035,0.48711201548576355,0.5512155294418335,-0.08452663570642471,0.49306613206863403,0.5992727875709534,-0.06466081738471985,0.4561000168323517,0.5103466510772705,-0.03852260485291481,0.4497794806957245,0.478624552488327,-0.07605363428592682,0.45809221267700195,0.5412936210632324,-0.06902960687875748,0.4667985737323761,0.582686185836792,-0.05280989035964012
0.4968721270561218,0.6974160671234131,-3.149302330029968e-08,0.5567212104797363,0.6814441680908203,-0.044080812484025955,0.6206689476966858,0.6258869767189026,-0.06659071892499924,0.6684403419494629,0.5707513093948364,-0.08550984412431717,0.7032387256622314,0.5227683782577515,-0.1041475236415863,0.5769033432006836,0.4899630844593048,-0.04594428837299347,0.5840574502944946,0.3777692914009094,-0.07643906027078629,0.583804190158844,0.3094780445098877,-0.0940682590007782,0.5830137729644775,0.2504197061061859,-0.1057305783033371,0.5359974503517151,0.4874041676521301,-0.0399898961186409,0.5283030271530151,0.4510889947414398,-0.09547752887010574,0.5197485685348511,0.5366364121437073,-0.10860905796289444,0.5171459317207336,0.5921040773391724,-0.10404805839061737,0.4958398640155792,0.4967027008533478,-0.03786231949925423,0.4852342903614044,0.4712078273296356,-0.0913715735077858,0.4872543513774872,0.5528568625450134,-0.08377334475517273,0.4932619333267212,0.599510133266449,-0.06369125843048096,0.45565086603164673,0.5119116306304932,-0.038909416645765305,0.44962769746780396,0.4788419008255005,-0.07610660791397095,0.4577438533306122,0.5421719551086426,-0.06834046542644501,0.46614861488342285,0.5831857323646545,-0.051710620522499084
0.4960872530937195,0.6964268088340759,-2.9842684767800165e-08,0.5556634664535522,0.6808962225914001,-0.045258525758981705,0.6199280619621277,0.6263096332550049,-0.06851530820131302,0.6678981781005859,0.5707165598869324,-0.08806757628917694,0.7029199004173279,0.5216154456138611,-0.10736791044473648,0.5766793489456177,0.49017322063446045,-0.04692438617348671,0.5839749574661255,0.37751513719558716,-0.07756607979536057,0.5838925242424011,0.3092043399810791,-0.09541954100131989,0.5834296941757202,0.2502031624317169,-0.1072426438331604,0.5358250737190247,0.48701274394989014,-0.0404411181807518,0.5277155041694641,0.45189183950424194,-0.09649436920881271,0.518537163734436,0.5372125506401062,-0.11022485792636871,0.5153369903564453,0.5929142832756042,-0.10604329407215118,0.4959627389907837,0.495886892080307,-0.037816647440195084,0.4850720167160034,0.46972817182540894,-0.09154748916625977,0.48671746253967285,0.5512588620185852,-0.08428549021482468,0.4924115538597107,0.5986652970314026,-0.06447948515415192,0.45602232217788696,0.5106783509254456,-0.03847551345825195,0.4496803283691406,0.4783061146736145,-0.07605183869600296,0.4576911926269531,0.5413844585418701,-0.06870946288108826,0.4660968482494354,0.5828917026519775,-0.052304286509752274
0.4959530830383301,0.6979674100875854,-4.2209279627059004e-08,0.5547849535942078,0.6819374561309814,-0.04469553753733635,0.6176851391792297,0.6257721185684204,-0.06739974021911621,0.6663251519203186,0.5681724548339844,-0.08664482831954956,0.7019343376159668,0.5167583227157593,-0.10547013580799103,0.5791113972663879,0.49093037843704224,-0.04493124037981033,0.5883379578590393,0.37832483649253845,-0.07566233724355698,0.5890001654624939,0.3104938864707947,-0.09317126125097275,0.5891137719154358,0.25191256403923035,-0.10465792566537857,0.5389301180839539,0.4873497486114502,-0.03859133645892143,0.5311237573623657,0.4506230354309082,-0.09466660022735596,0.5206538438796997,0.5363511443138123,-0.10786789655685425,0.5176053047180176,0.5911664962768555,-0.10324065387248993,0.4989411234855652,0.49553990364074707,-0.03630624711513519,0.4882497787475586,0.46726182103157043,-0.09035944938659668,0.4880838990211487,0.5501046180725098,-0.08246909081935883,0.49369996786117554,0.5974043011665344,-0.062116507440805435,0.45869871973991394,0.5094234347343445,-0.03727976977825165,0.4517846703529358,0.47560638189315796,-0.07502073794603348,0.458599716424942,0.5389757752418518,-0.06758025288581848,0.46692121028900146,0.5797346234321594,-0.051098957657814026
0.5052779912948608,0.6751418709754944,-2.2728031012775318e-08,0.5651583075523376,0.6571108102798462,-0.04098278656601906,0.6303982138633728,0.601446270942688,-0.06197056546807289,0.6834769248962402,0.5503579378128052,-0.08026689291000366,0.7237988710403442,0.5102605223655701,-0.09842652082443237,0.5908138751983643,0.4703570604324341,-0.03953082486987114,0.6004683375358582,0.3616703152656555,-0.06825123727321625,0.602120578289032,0.2952724099159241,-0.08506986498832703,0.603418231010437,0.23800736665725708,-0.09641918540000916,0.5507588386535645,0.4666725993156433,-0.03501184284687042,0.5443156957626343,0.4278281629085541,-0.08902819454669952,0.5335805416107178,0.5118112564086914,-0.10213585197925568,0.5296238660812378,0.5675221681594849,-0.09759751707315445,0.5105161666870117,0.47471439838409424,-0.03433000296354294,0.5019205212593079,0.4464738368988037,-0.08664245903491974,0.5019099712371826,0.5274595618247986,-0.07966189831495285,0.5063700079917908,0.5754197835922241,-0.06003545969724655,0.46983060240745544,0.48830461502075195,-0.03665199875831604,0.4656122028827667,0.4550057351589203,-0.07289769500494003,0.4721243977546692,0.5168160796165466,-0.06576056033372879,0.4792748987674713,0.5570204257965088,-0.04981248080730438
0.5049533843994141,0.6747652888298035,-2.030273194009169e-08,0.5649221539497375,0.6586986780166626,-0.04200730100274086,0.6302866339683533,0.6027822494506836,-0.06365806609392166,0.6841830015182495,0.5510244369506836,-0.08240986615419388,0.7258021831512451,0.5104284882545471,-0.10099510848522186,0.5913113355636597,0.47097691893577576,-0.040810976177453995,0.6013823747634888,0.3608909249305725,-0.06974794715642929,0.6026812791824341,0.2942371964454651,-0.08658258616924286,0.603729248046875,0.23680299520492554,-0.09795239567756653,0.5513681769371033,0.4668779969215393,-0.035744067281484604,0.5450164079666138,0.42720210552215576,-0.08998086303472519,0.5338612794876099,0.5113407373428345,-0.10300136357545853,0.5295404195785522,0.5668442249298096,-0.09841537475585938,0.5111123919487,0.47454315423965454,-0.03455857187509537,0.502872884273529,0.44533616304397583,-0.08714038878679276,0.5024383664131165,0.5268709063529968,-0.08000744879245758,0.5065327882766724,0.5750210285186768,-0.06029656156897545,0.4703306555747986,0.4878118932247162,-0.03642158955335617,0.4667016267776489,0.4543580412864685,-0.0730200782418251,0.47304004430770874,0.5169901251792908,-0.06589172780513763,0.47999563813209534,0.55788654088974,-0.049905259162187576
0.5045037865638733,0.674110472202301,-2.388138931053163e-08,0.5649940967559814,0.658044695854187,-0.0421656034886837,0.6306024789810181,0.6028322577476501,-0.06347021460533142,0.6842913627624512,0.5516843795776367,-0.08174444735050201,0.7257618308067322,0.5120077133178711,-0.09976110607385635,0.5919921398162842,0.46960893273353577,-0.04018896818161011,0.6015963554382324,0.3598255217075348,-0.06873603165149689,0.6030412912368774,0.2934916019439697,-0.08541607111692429,0.6043229103088379,0.23635968565940857,-0.09679387509822845,0.5522046685218811,0.46545565128326416,-0.03492363542318344,0.5440128445625305,0.4277174770832062,-0.08922363817691803,0.5332356095314026,0.511805534362793,-0.1026311069726944,0.5297971367835999,0.5670328140258789,-0.09824638068675995,0.5120263695716858,0.47301968932151794,-0.033587243407964706,0.5011047124862671,0.44664400815963745,-0.0866536870598793,0.501423180103302,0.5278531908988953,-0.08041799068450928,0.5068002939224243,0.5750814080238342,-0.06116408482193947,0.4715416729450226,0.48620742559432983,-0.03527645021677017,0.4658312201499939,0.45485585927963257,-0.0725892186164856,0.4722383916378021,0.5180667042732239,-0.06624611467123032,0.4801971912384033,0.5587266683578491,-0.050675779581069946
0.5051923990249634,0.675318717956543,-2.9162197989762717e-08,0.5650678873062134,0.6588460206985474,-0.042422376573085785,0.6305017471313477,0.6033055186271667,-0.0638517290353775,0.6836786866188049,0.5516425967216492,-0.08204114437103271,0.7253709435462952,0.5114652514457703,-0.09984800219535828,0.5916470885276794,0.4706684350967407,-0.04106074944138527,0.6004800200462341,0.36036279797554016,-0.06975273042917252,0.6022859811782837,0.2930442690849304,-0.08623103052377701,0.6036608219146729,0.23540464043617249,-0.0974690318107605,0.551626980304718,0.46744951605796814,-0.035659000277519226,0.5447680950164795,0.42843106389045715,-0.08973550796508789,0.5339514017105103,0.5133058428764343,-0.10240167379379272,0.530005693435669,0.5686199069023132,-0.0975542962551117,0.5114732384681702,0.4756436049938202,-0.03422613441944122,0.5015807151794434,0.4485296308994293,-0.08704916387796402,0.501694917678833,0.5299311280250549,-0.08005230873823166,0.5068221688270569,0.5759431719779968,-0.060365937650203705,0.47103357315063477,0.48905929923057556,-0.03584177419543266,0.46601635217666626,0.45609939098358154,-0.07257499545812607,0.4725106656551361,0.5192737579345703,-0.06560374051332474,0.48025140166282654,0.5589200258255005,-0.04979768022894859
0.505410373210907,0.6757519245147705,-2.3734710197231834e-08,0.5651842951774597,0.658816933631897,-0.04264849051833153,0.630400538444519,0.6032402515411377,-0.06411217898130417,0.6839241981506348,0.5515104532241821,-0.0823870375752449,0.7253060340881348,0.5110053420066833,-0.1003919169306755,0.5914163589477539,0.47149527072906494,-0.04126797616481781,0.6004369854927063,0.3616187572479248,-0.07019587606191635,0.6019011735916138,0.29414647817611694,-0.08709072321653366,0.6026070713996887,0.23610392212867737,-0.0986085757613182,0.5514066815376282,0.4676569998264313,-0.03581508621573448,0.5436086058616638,0.4283442199230194,-0.09032601863145828,0.5334583520889282,0.5129819512367249,-0.10348408669233322,0.5298124551773071,0.5693786144256592,-0.09888507425785065,0.5113375186920166,0.47547125816345215,-0.03433174639940262,0.5007196068763733,0.44831255078315735,-0.08704855293035507,0.5014693737030029,0.5291305780410767,-0.08040503412485123,0.5066759586334229,0.5766115784645081,-0.060958582907915115,0.4711103141307831,0.4886290729045868,-0.0359828844666481,0.46555668115615845,0.45666420459747314,-0.07267125695943832,0.47234225273132324,0.5186586976051331,-0.0661051943898201,0.4801502227783203,0.5586663484573364,-0.05055892840027809
0.5049082040786743,0.6767880320549011,-1.6359058108150748e-08,0.5649771094322205,0.6605257987976074,-0.04325001314282417,0.6305714845657349,0.6043701171875,-0.06516104936599731,0.6842766404151917,0.5522932410240173,-0.08372128754854202,0.7260818481445312,0.5114179849624634,-0.10193979740142822,0.5909351110458374,0.472461074590683,-0.04254196584224701,0.5999095439910889,0.3619570732116699,-0.07187817990779877,0.6014418601989746,0.29444655776023865,-0.08899284154176712,0.6025772094726562,0.23621788620948792,-0.1006862074136734,0.5509567856788635,0.4685373306274414,-0.036836426705121994,0.5435559749603271,0.4295860230922699,-0.0911933109164238,0.5332491993904114,0.5136638283729553,-0.10411544144153595,0.5297289490699768,0.5687028169631958,-0.09962677955627441,0.5107913613319397,0.4762117862701416,-0.0351543128490448,0.500733494758606,0.44850480556488037,-0.0878664180636406,0.5014250874519348,0.529392659664154,-0.08084417134523392,0.506584107875824,0.5761045217514038,-0.06138111278414726,0.4703642725944519,0.4893430769443512,-0.03665337711572647,0.4652664363384247,0.4570530354976654,-0.07346528023481369,0.47203999757766724,0.5196045637130737,-0.06670384109020233,0.4797555208206177,0.559518039226532,-0.05112171918153763
0.505585253238678,0.6777014136314392,-2.6405885478197888e-08,0.565841794013977,0.6612757444381714,-0.04243527725338936,0.6311784386634827,0.604764997959137,-0.06394033133983612,0.6849129796028137,0.5526973605155945,-0.0823705717921257,0.7267575263977051,0.5120983123779297,-0.10060212016105652,0.5915185213088989,0.4724287986755371,-0.04132882133126259,0.6007120013237,0.3623061776161194,-0.07023803144693375,0.601935625076294,0.29503998160362244,-0.0870826244354248,0.6029508113861084,0.23716777563095093,-0.09850194305181503,0.55136638879776,0.4685618281364441,-0.035942576825618744,0.544369637966156,0.43045419454574585,-0.0902138501405716,0.5335006713867188,0.514529824256897,-0.10322929918766022,0.529603898525238,0.5701959133148193,-0.09863448143005371,0.5110129117965698,0.47642675042152405,-0.034480463713407516,0.5016241669654846,0.44865360856056213,-0.08709525316953659,0.501669704914093,0.5294594168663025,-0.08025240153074265,0.5063639879226685,0.5773122310638428,-0.060695771127939224,0.47036781907081604,0.48971691727638245,-0.03611430153250694,0.4658636450767517,0.4564121961593628,-0.07286328077316284,0.4723086655139923,0.5184895396232605,-0.06606540828943253,0.47967979311943054,0.5591775178909302,-0.0502549484372139
0.507893979549408,0.6795145869255066,-2.3176609520447755e-09,0.5692288279533386,0.6622142791748047,-0.04270905628800392,0.6359574198722839,0.607122540473938,-0.06518526375293732,0.6940076351165771,0.5609062910079956,-0.0847681313753128,0.739215612411499,0.5270131826400757,-0.10433869063854218,0.5932560563087463,0.47525739669799805,-0.042020734399557114,0.6019444465637207,0.36418551206588745,-0.07137947529554367,0.602864682674408,0.29668521881103516,-0.08890773355960846,0.6035586595535278,0.2383875548839569,-0.10108646005392075,0.553365170955658,0.4715278446674347,-0.03688380867242813,0.5462272763252258,0.43130964040756226,-0.09075087308883667,0.5357901453971863,0.5154637098312378,-0.10366522520780563,0.5320393443107605,0.5707504749298096,-0.09948065131902695,0.5129806399345398,0.47961685061454773,-0.035759732127189636,0.5035597681999207,0.4502791464328766,-0.08767461776733398,0.5037996768951416,0.531475841999054,-0.08047062158584595,0.5085471272468567,0.579477071762085,-0.061099015176296234,0.47251096367836,0.49325013160705566,-0.03788694739341736,0.4675886034965515,0.4590523838996887,-0.07412254810333252,0.47432705760002136,0.5208758115768433,-0.06710522621870041,0.48196715116500854,0.5619164705276489,-0.05150086432695389
0.5081732273101807,0.6800922751426697,2.4138856247191143e-08,0.5680261850357056,0.6629832983016968,-0.04552406072616577,0.6349309682846069,0.6082260012626648,-0.06906373798847198,0.694030225276947,0.5630542635917664,-0.08891338109970093,0.7398651838302612,0.5301383137702942,-0.10865158587694168,0.5929901599884033,0.4734392762184143,-0.0446799099445343,0.6016562581062317,0.363003134727478,-0.07393213361501694,0.6037244200706482,0.29521283507347107,-0.09176280349493027,0.6052529811859131,0.23659437894821167,-0.10432077944278717,0.5526436567306519,0.4691074788570404,-0.03808528184890747,0.5448695421218872,0.43181514739990234,-0.09290274232625961,0.5358691811561584,0.5170963406562805,-0.10665005445480347,0.5322941541671753,0.5744178295135498,-0.10267074406147003,0.5120059251785278,0.47694042325019836,-0.03554251417517662,0.5015377998352051,0.4507312476634979,-0.08858445286750793,0.5035715699195862,0.5331248044967651,-0.08236444741487503,0.5088843703269958,0.5819728374481201,-0.06331043690443039,0.4715677797794342,0.49085211753845215,-0.03638418763875961,0.4667234420776367,0.4600388705730438,-0.07432758063077927,0.4740633964538574,0.5252421498298645,-0.06834208220243454,0.48188483715057373,0.5678832530975342,-0.0530252642929554
0.5077112913131714,0.6803951263427734,2.1748524758891108e-08,0.5684455633163452,0.6641252040863037,-0.04613010957837105,0.63612300157547,0.6091231107711792,-0.06976000964641571,0.6957701444625854,0.5641847252845764,-0.08959948271512985,0.7419520020484924,0.5308994650840759,-0.10931840538978577,0.5934141874313354,0.47330421209335327,-0.04518761485815048,0.6026663780212402,0.3632460832595825,-0.07480697333812714,0.6046079397201538,0.29528796672821045,-0.09281497448682785,0.6058557033538818,0.23655369877815247,-0.10539989918470383,0.5528541803359985,0.46930012106895447,-0.0383976548910141,0.5463661551475525,0.4320707321166992,-0.09286773949861526,0.5369777679443359,0.5173906683921814,-0.10643510520458221,0.5329920649528503,0.5737685561180115,-0.10248079150915146,0.5120019316673279,0.47772520780563354,-0.035771243274211884,0.5033449530601501,0.452383428812027,-0.0888487696647644,0.5049223303794861,0.5347914695739746,-0.08267772942781448,0.50984787940979,0.5825856328010559,-0.06366228312253952,0.4713525176048279,0.4919707477092743,-0.036568548530340195,0.46798765659332275,0.4608813524246216,-0.07435603439807892,0.4756099581718445,0.5256763100624084,-0.06820237636566162,0.4832671582698822,0.5676822662353516,-0.052832577377557755
0.5093746781349182,0.686364471912384,2.2004709165912573e-08,0.5694806575775146,0.6679814457893372,-0.046971265226602554,0.6352061629295349,0.610713005065918,-0.07091020047664642,0.6924529671669006,0.5625324845314026,-0.09078037738800049,0.738297700881958,0.5271427631378174,-0.11019707471132278,0.5927065014839172,0.4768621623516083,-0.04610110819339752,0.6007615923881531,0.36520451307296753,-0.07622848451137543,0.6024286150932312,0.2965412139892578,-0.09405166655778885,0.6035017967224121,0.2378045916557312,-0.10646011680364609,0.5520614981651306,0.47416114807128906,-0.039006307721138,0.5437698364257812,0.43601560592651367,-0.09424297511577606,0.5360707640647888,0.5219534635543823,-0.10733045637607574,0.5341005325317383,0.5782505869865417,-0.10292402654886246,0.5110660195350647,0.4831547141075134,-0.03628441318869591,0.5003033876419067,0.4572675824165344,-0.09017475694417953,0.5037961006164551,0.5398417711257935,-0.08350459486246109,0.5107355117797852,0.5864905118942261,-0.06410044431686401,0.47026920318603516,0.49742841720581055,-0.0370606891810894,0.46487438678741455,0.4663725197315216,-0.07513461261987686,0.47324317693710327,0.5307935476303101,-0.06888705492019653,0.481814980506897,0.5710249543190002,-0.05355663597583771
0.50823575258255,0.6834143400192261,-1.7211871039535254e-08,0.5684149265289307,0.6626951098442078,-0.04264736548066139,0.6326403021812439,0.5993783473968506,-0.0646272599697113,0.6891530752182007,0.5456893444061279,-0.08348394930362701,0.7362807393074036,0.5112253427505493,-0.10224344581365585,0.5924971103668213,0.47162866592407227,-0.04278924688696861,0.6010638475418091,0.35956281423568726,-0.07245057076215744,0.6018710136413574,0.29116106033325195,-0.0899573341012001,0.6024943590164185,0.23166626691818237,-0.10236528515815735,0.5521993637084961,0.4686393737792969,-0.03775119036436081,0.544080913066864,0.4307045042514801,-0.09267325699329376,0.5344051718711853,0.5171117186546326,-0.10540084540843964,0.5315792560577393,0.5721389055252075,-0.10088791698217392,0.5111693739891052,0.4778577387332916,-0.036656156182289124,0.5005849003791809,0.4506993591785431,-0.08991438895463943,0.5024752020835876,0.5337981581687927,-0.08231379091739655,0.5085619688034058,0.5810626149177551,-0.06249014660716057,0.46976643800735474,0.49300649762153625,-0.03872779756784439,0.4639759361743927,0.46126842498779297,-0.07641302794218063,0.47189584374427795,0.5252659916877747,-0.06956426054239273,0.4806520342826843,0.5653345584869385,-0.053856030106544495
0.5140223503112793,0.689751386642456,3.981041274414565e-08,0.5764491558074951,0.6709160804748535,-0.048369456082582474,0.644728422164917,0.6119940280914307,-0.07398010790348053,0.7052085399627686,0.5639215707778931,-0.09571971744298935,0.7555422782897949,0.5360338091850281,-0.11734528094530106,0.5997817516326904,0.47350555658340454,-0.04837082326412201,0.6086859107017517,0.35954391956329346,-0.0804658830165863,0.6097223162651062,0.2889089584350586,-0.10001347213983536,0.609860360622406,0.22789880633354187,-0.11366918683052063,0.5567061901092529,0.47067928314208984,-0.04151672124862671,0.5507925748825073,0.43303850293159485,-0.0994175523519516,0.542118489742279,0.5229836702346802,-0.11346577852964401,0.538139820098877,0.5807573795318604,-0.10919048637151718,0.5136716365814209,0.4803372323513031,-0.03901785984635353,0.5058999061584473,0.45342832803726196,-0.09508774429559708,0.5089275240898132,0.5396062135696411,-0.08797658234834671,0.5140549540519714,0.5886523723602295,-0.06753323972225189,0.47089046239852905,0.49618789553642273,-0.040138863027095795,0.4684334695339203,0.4633750021457672,-0.07950299978256226,0.4781269133090973,0.5304023027420044,-0.07241182029247284,0.4863506555557251,0.5731030702590942,-0.05590348690748215
