0.4272812008857727,0.7088042497634888,-8.241061664193694e-07,0.3493507206439972,0.6441662311553955,-0.02077452652156353,0.319776713848114,0.5104556679725647,-0.02755613625049591,0.3400454521179199,0.39482298493385315,-0.03867486119270325,0.35723087191581726,0.3066045641899109,-0.04503241926431656,0.33404070138931274,0.4388750493526459,0.011302446946501732,0.2986002564430237,0.3519270420074463,-0.04205653443932533,0.31523361802101135,0.4175364375114441,-0.07362942397594452,0.3369291126728058,0.4860486686229706,-0.08272232860326767,0.3909892439842224,0.4381306767463684,0.004895195830613375,0.3735210597515106,0.38495880365371704,-0.05267520993947983,0.37946388125419617,0.49324408173561096,-0.06665102392435074,0.38670065999031067,0.5665955543518066,-0.05854678153991699,0.4454025626182556,0.45527806878089905,-0.011276427656412125,0.42599040269851685,0.42997682094573975,-0.06661233305931091,0.41794297099113464,0.5474898815155029,-0.05632365122437477,0.4170432984828949,0.6142988204956055,-0.0305256899446249,0.49822646379470825,0.48286476731300354,-0.029800957068800926,0.4714999496936798,0.4581263065338135,-0.05801030248403549,0.4553433358669281,0.5366239547729492,-0.04398968070745468,0.4530940353870392,0.5786299109458923,-0.022688187658786774
0.4136091470718384,0.729848325252533,-9.752109235705575e-07,0.33211731910705566,0.6768941283226013,-0.01961333490908146,0.29937314987182617,0.5346388220787048,-0.024885382503271103,0.325303316116333,0.4165770411491394,-0.03354548290371895,0.35496753454208374,0.3299723267555237,-0.037202320992946625,0.32586610317230225,0.4303297996520996,0.007952958345413208,0.2857285439968109,0.3574029207229614,-0.04360341653227806,0.29802900552749634,0.4323071837425232,-0.07315841317176819,0.3184114694595337,0.5063081979751587,-0.08136241883039474,0.38644668459892273,0.42612406611442566,0.002027596579864621,0.356749564409256,0.4009527266025543,-0.051905591040849686,0.3616049289703369,0.518201470375061,-0.06175973638892174,0.3704814612865448,0.5892290472984314,-0.05194628983736038,0.44214215874671936,0.44559645652770996,-0.01337277702987194,0.40956515073776245,0.4469316303730011,-0.06355424970388412,0.40133175253868103,0.5679562091827393,-0.0500359944999218,0.4027658998966217,0.6297551989555359,-0.024418707937002182,0.4944220781326294,0.4787472188472748,-0.031388185918331146,0.45717668533325195,0.4787852168083191,-0.05471790209412575,0.4409433901309967,0.5600650906562805,-0.039906539022922516,0.4430619180202484,0.5936680436134338,-0.01953469216823578
0.4071524143218994,0.7361211180686951,-9.745339184519253e-07,0.32374709844589233,0.676490306854248,-0.018547262996435165,0.29149311780929565,0.5333492755889893,-0.02400348335504532,0.31859269738197327,0.4162600040435791,-0.03332209959626198,0.35071343183517456,0.3306485414505005,-0.03770039975643158,0.3198302388191223,0.4317346215248108,0.009010144509375095,0.28053873777389526,0.35672178864479065,-0.04202958568930626,0.291766881942749,0.432650625705719,-0.07147625088691711,0.3103153109550476,0.5072933435440063,-0.07962460070848465,0.38030457496643066,0.42847391963005066,0.0021975338459014893,0.35099196434020996,0.4015595614910126,-0.05088205263018608,0.35525572299957275,0.5159475207328796,-0.06156015768647194,0.36242496967315674,0.5867699384689331,-0.05258731544017792,0.43667489290237427,0.4481513500213623,-0.013835880905389786,0.4041586220264435,0.44691941142082214,-0.06346932798624039,0.3949631452560425,0.5674590468406677,-0.050742123275995255,0.3942689597606659,0.6315821409225464,-0.025820020586252213,0.490158349275589,0.481463760137558,-0.03232622519135475,0.4516020119190216,0.47843727469444275,-0.055652469396591187,0.4344094395637512,0.5606963038444519,-0.040504276752471924,0.4346751868724823,0.5980619788169861,-0.01972951926290989
0.4002632200717926,0.7400349378585815,-9.996624612540472e-07,0.31541770696640015,0.6762968301773071,-0.01606118679046631,0.2839396297931671,0.5322507619857788,-0.020773017778992653,0.31285935640335083,0.4148854613304138,-0.030103474855422974,0.3455662429332733,0.32834184169769287,-0.034857939928770065,0.3148951530456543,0.4314108192920685,0.01293172873556614,0.2729397118091583,0.3559902310371399,-0.03838153928518295,0.2841131389141083,0.4320923089981079,-0.06845726817846298,0.303780198097229,0.5073624849319458,-0.07702650129795074,0.37624549865722656,0.42939895391464233,0.004320706706494093,0.3435191214084625,0.3990863561630249,-0.049900516867637634,0.3466278314590454,0.515964686870575,-0.06127002462744713,0.35498037934303284,0.5894219875335693,-0.052332472056150436,0.4330994784832001,0.45021867752075195,-0.01350264810025692,0.3962628245353699,0.44579485058784485,-0.06431834399700165,0.38606858253479004,0.5690932869911194,-0.05084764212369919,0.38675951957702637,0.6348300576210022,-0.02496899664402008,0.48686233162879944,0.48528745770454407,-0.03359387814998627,0.44413477182388306,0.47788670659065247,-0.057178713381290436,0.4255792200565338,0.562065064907074,-0.04072675108909607,0.4265572130680084,0.6010980606079102,-0.018910972401499748
0.3924490213394165,0.7436231374740601,-1.048415924742585e-06,0.30868709087371826,0.6823440790176392,-0.015859214588999748,0.2777327299118042,0.5363486409187317,-0.02076934091746807,0.3059910535812378,0.4164794087409973,-0.030279941856861115,0.33623456954956055,0.32712674140930176,-0.035063307732343674,0.30928897857666016,0.4312266707420349,0.011138557456433773,0.26554548740386963,0.35286471247673035,-0.0410778746008873,0.2746177911758423,0.43083494901657104,-0.0703912302851677,0.2931497097015381,0.5069446563720703,-0.07823453843593597,0.3713717460632324,0.42891526222229004,0.00209374213591218,0.3355967402458191,0.39738163352012634,-0.052724312990903854,0.3386431038379669,0.518720805644989,-0.06268473714590073,0.34745264053344727,0.5925572514533997,-0.05267024412751198,0.4288995862007141,0.4503399729728699,-0.016199039295315742,0.388157457113266,0.4455832242965698,-0.06791575998067856,0.379414439201355,0.5731509327888489,-0.05282331258058548,0.3819025754928589,0.639083743095398,-0.02565300092101097,0.48289161920547485,0.4865235388278961,-0.036724064499139786,0.43665552139282227,0.47758737206459045,-0.06098676845431328,0.41786667704582214,0.5643306970596313,-0.04407045245170593,0.41977888345718384,0.6035312414169312,-0.021885059773921967
0.3729410767555237,0.7512762546539307,-1.036014623423398e-06,0.2865579426288605,0.6870168447494507,-0.018264152109622955,0.2577778100967407,0.5342112183570862,-0.025330500677227974,0.28927847743034363,0.4146115779876709,-0.03656408190727234,0.32246142625808716,0.32505568861961365,-0.043014295399188995,0.29408445954322815,0.4288657009601593,0.008364998735487461,0.24925871193408966,0.3520117402076721,-0.0472811684012413,0.25792503356933594,0.4293029308319092,-0.08112876117229462,0.27425798773765564,0.5087940096855164,-0.09171979129314423,0.35877174139022827,0.42807286977767944,0.00014118311810307205,0.31936752796173096,0.40421247482299805,-0.05904758349061012,0.32239848375320435,0.5275858640670776,-0.0727493017911911,0.3303084671497345,0.6081947088241577,-0.06479071825742722,0.4172448217868805,0.4502912163734436,-0.017508303746581078,0.3715496063232422,0.4494762718677521,-0.07068441808223724,0.3626369535923004,0.5761014223098755,-0.05770610272884369,0.36315855383872986,0.6485819220542908,-0.03168594837188721,0.46964386105537415,0.48561909794807434,-0.03779614344239235,0.42032453417778015,0.48419392108917236,-0.06388699263334274,0.4014005661010742,0.5694133639335632,-0.04916134476661682,0.401928573846817,0.6126314401626587,-0.027846410870552063
0.3742821216583252,0.7480564117431641,-1.0457713415235048e-06,0.28763002157211304,0.6799647212028503,-0.01828392595052719,0.2569810450077057,0.5298882722854614,-0.02472730539739132,0.29091131687164307,0.41156071424484253,-0.03574423864483833,0.32940196990966797,0.3253753185272217,-0.042190100997686386,0.2943029999732971,0.4304202198982239,0.009502449072897434,0.24816378951072693,0.34959807991981506,-0.04557062312960625,0.25734633207321167,0.4264102578163147,-0.07859694957733154,0.27510666847229004,0.505606472492218,-0.08872577548027039,0.3579631745815277,0.43125104904174805,0.0012238251511007547,0.3211738169193268,0.39826786518096924,-0.05841900780797005,0.32139715552330017,0.5227211117744446,-0.07179054617881775,0.3269231617450714,0.6044338941574097,-0.06307368725538254,0.4161004424095154,0.4538109600543976,-0.01652277261018753,0.37587451934814453,0.44583722949028015,-0.0715569481253624,0.36355096101760864,0.5744469165802002,-0.058018047362565994,0.36282941699028015,0.6470779180526733,-0.03066510148346424,0.46989157795906067,0.4898880124092102,-0.036832090467214584,0.42566579580307007,0.4787765145301819,-0.06453283131122589,0.4063243865966797,0.5652153491973877,-0.04911896213889122,0.4081054925918579,0.6085783243179321,-0.026844939216971397
0.38378313183784485,0.7157567739486694,-9.667018048276077e-07,0.2961287498474121,0.6473696827888489,-0.016864586621522903,0.26688820123672485,0.5036821365356445,-0.02318583056330681,0.29713088274002075,0.3842337429523468,-0.03495779633522034,0.3230617940425873,0.2917753756046295,-0.042488858103752136,0.29974812269210815,0.41214388608932495,0.01705755479633808,0.2595447301864624,0.32713571190834045,-0.03938639163970947,0.2705477774143219,0.3990148603916168,-0.07440219074487686,0.28874462842941284,0.47418323159217834,-0.08571398258209229,0.3603871464729309,0.41379350423812866,0.006762183737009764,0.33034729957580566,0.3623557388782501,-0.05392496660351753,0.33058759570121765,0.4832363724708557,-0.06952740252017975,0.3371894955635071,0.5638505220413208,-0.061920166015625,0.4174956977367401,0.4356897175312042,-0.013540850020945072,0.3831995725631714,0.41001489758491516,-0.07070466876029968,0.37137266993522644,0.5364311337471008,-0.05807400122284889,0.3721681833267212,0.6077004671096802,-0.030452093109488487,0.4724274277687073,0.46993085741996765,-0.03621191158890724,0.43076208233833313,0.44536063075065613,-0.06552256643772125,0.413320392370224,0.5294889807701111,-0.05000818148255348,0.4162631332874298,0.5716761946678162,-0.027406537905335426
0.37722840905189514,0.712108850479126,-9.803328566704295e-07,0.2911416292190552,0.6416345238685608,-0.016470085829496384,0.2615487575531006,0.4990651607513428,-0.02308686450123787,0.2916671335697174,0.38027551770210266,-0.03527235984802246,0.3194991648197174,0.289061039686203,-0.043187256902456284,0.29400700330734253,0.41230204701423645,0.013423875905573368,0.2546308934688568,0.3206072449684143,-0.04316150024533272,0.264831006526947,0.39132189750671387,-0.07699152827262878,0.28227150440216064,0.4680326282978058,-0.08726730197668076,0.3547264635562897,0.41435280442237854,0.0030933062080293894,0.32597705721855164,0.36168065667152405,-0.058438949286937714,0.32493752241134644,0.48020172119140625,-0.07357194274663925,0.3299461603164673,0.56069415807724,-0.06536655128002167,0.4123764932155609,0.4360347390174866,-0.016888326033949852,0.37870898842811584,0.41131430864334106,-0.07455690205097198,0.36617687344551086,0.537420392036438,-0.06225035712122917,0.3657367527484894,0.6082817316055298,-0.03457140922546387,0.46852028369903564,0.4698750376701355,-0.03901851922273636,0.4274267256259918,0.442886084318161,-0.06843088567256927,0.40871381759643555,0.5266070365905762,-0.05266956239938736,0.41035211086273193,0.5698601603507996,-0.029657704755663872
0.3805781602859497,0.6807779669761658,-9.209103382090689e-07,0.29797661304473877,0.6148720383644104,-0.01573069952428341,0.26878634095191956,0.4788108766078949,-0.021953731775283813,0.2973114252090454,0.36492693424224854,-0.03348565846681595,0.32378652691841125,0.2762967050075531,-0.040808744728565216,0.2960548996925354,0.39349663257598877,0.013530434109270573,0.2561822533607483,0.3074243664741516,-0.040708981454372406,0.26880550384521484,0.37531721591949463,-0.07301200926303864,0.287984162569046,0.4491282105445862,-0.08247993141412735,0.35541200637817383,0.39331352710723877,0.0035373689606785774,0.3275519013404846,0.3423702120780945,-0.05533631891012192,0.329245924949646,0.458025723695755,-0.06925737112760544,0.33581990003585815,0.5361230373382568,-0.06061241775751114,0.41129669547080994,0.41279712319374084,-0.015747785568237305,0.38088932633399963,0.389289528131485,-0.07125984877347946,0.37072646617889404,0.5114132165908813,-0.058391302824020386,0.37080973386764526,0.5799360871315002,-0.030705031007528305,0.465763121843338,0.44439706206321716,-0.03709894046187401,0.4301806688308716,0.4172825813293457,-0.0646890178322792,0.4131714999675751,0.49832451343536377,-0.048209093511104584,0.4137371778488159,0.5404247641563416,-0.02501719631254673
0.3925764262676239,0.7283738255500793,-9.827938356465893e-07,0.3124944567680359,0.6642133593559265,-0.023480644449591637,0.2830291986465454,0.5192359089851379,-0.034047454595565796,0.3154617249965668,0.4040822982788086,-0.048048362135887146,0.34986525774002075,0.31755656003952026,-0.05674639344215393,0.31153514981269836,0.4236372709274292,0.0020380052737891674,0.27478888630867004,0.34139806032180786,-0.05541408061981201,0.28683406114578247,0.41664430499076843,-0.090211883187294,0.304429292678833,0.49693912267684937,-0.10142317414283752,0.37289220094680786,0.4230070412158966,-0.0042470963671803474,0.3475795388221741,0.3888552188873291,-0.06513411551713943,0.3495193123817444,0.5069428086280823,-0.08021590858697891,0.3539913594722748,0.5880063772201538,-0.07289548963308334,0.4293726682662964,0.44321659207344055,-0.02024145983159542,0.3996451199054718,0.4388640522956848,-0.07605894654989243,0.3871968686580658,0.5608533620834351,-0.06563639640808105,0.38165807723999023,0.6315847635269165,-0.04056324437260628,0.4823538661003113,0.47545918822288513,-0.03899615630507469,0.44536492228507996,0.4710993766784668,-0.06675402075052261,0.4275127351284027,0.5526445508003235,-0.05283721163868904,0.42514029145240784,0.5933284163475037,-0.03192135691642761
0.3992835581302643,0.7301801443099976,-9.792308901523938e-07,0.31627964973449707,0.6649199724197388,-0.021824859082698822,0.2886938452720642,0.5213693976402283,-0.03002270497381687,0.32180726528167725,0.4065381586551666,-0.0419590063393116,0.359369158744812,0.32113584876060486,-0.04877560958266258,0.31564319133758545,0.4217870235443115,0.006713149603456259,0.27736419439315796,0.3449345827102661,-0.0476815365254879,0.2907557785511017,0.42063161730766296,-0.0805179551243782,0.30828070640563965,0.4976133704185486,-0.09071333706378937,0.37740767002105713,0.4194158911705017,0.00043569892295636237,0.3496342897415161,0.394150048494339,-0.056258365511894226,0.3504183888435364,0.5136750936508179,-0.06881733238697052,0.3522442579269409,0.5901530981063843,-0.06047791242599487,0.434639573097229,0.441154420375824,-0.015612466260790825,0.4034527838230133,0.4392121136188507,-0.06759714335203171,0.39035823941230774,0.5624105334281921,-0.05468808859586716,0.38574379682540894,0.6295244097709656,-0.028830772265791893,0.4887595474720001,0.47712355852127075,-0.03461563587188721,0.45305120944976807,0.4724550247192383,-0.05965891480445862,0.43322622776031494,0.5543934106826782,-0.044560763984918594,0.4311058223247528,0.5922092199325562,-0.02325570210814476
0.3935841917991638,0.7221303582191467,-9.357494263895205e-07,0.31442975997924805,0.6586501598358154,-0.021320948377251625,0.28864994645118713,0.5119887590408325,-0.027410201728343964,0.31371599435806274,0.39130812883377075,-0.03734250366687775,0.33079132437705994,0.2976831793785095,-0.042574793100357056,0.30736616253852844,0.42289042472839355,0.01224482525140047,0.26727989315986633,0.34264978766441345,-0.042693931609392166,0.28213104605674744,0.41505348682403564,-0.0756148248910904,0.30309635400772095,0.48897793889045715,-0.08497416228055954,0.3686460852622986,0.4232041835784912,0.006192976608872414,0.3403998613357544,0.3808952271938324,-0.05213009566068649,0.3439958095550537,0.4975549280643463,-0.06623450666666031,0.3511196970939636,0.5757982134819031,-0.05742340534925461,0.42607080936431885,0.4444617033004761,-0.009924001060426235,0.39401257038116455,0.43096572160720825,-0.06516758352518082,0.38458961248397827,0.556097149848938,-0.054375071078538895,0.3846896290779114,0.6255459189414978,-0.027913451194763184,0.4799884855747223,0.4771890640258789,-0.02858920395374298,0.43992218375205994,0.4657781720161438,-0.056035835295915604,0.42399007081985474,0.5506576895713806,-0.04189366474747658,0.4267326295375824,0.5912033319473267,-0.020193571224808693
0.39348047971725464,0.7273018956184387,-9.621496701583965e-07,0.3135679364204407,0.6657611131668091,-0.023407256230711937,0.28769171237945557,0.5200046300888062,-0.03019453026354313,0.3128618001937866,0.3988259732723236,-0.040362387895584106,0.32863765954971313,0.3047887086868286,-0.04536866769194603,0.30894234776496887,0.4221543073654175,0.011010616086423397,0.2680571675300598,0.3466377854347229,-0.0452352836728096,0.28125351667404175,0.42404574155807495,-0.07880240678787231,0.30215519666671753,0.4989946782588959,-0.08851900696754456,0.3701011538505554,0.42166221141815186,0.0057623665779829025,0.339823842048645,0.385850727558136,-0.053268615156412125,0.34356868267059326,0.5034355521202087,-0.06749355792999268,0.35164499282836914,0.5787851214408875,-0.05879367142915726,0.4268960654735565,0.4432104229927063,-0.009871739894151688,0.3935439884662628,0.4363430142402649,-0.06539035588502884,0.3838481903076172,0.5614321827888489,-0.054496828466653824,0.38404884934425354,0.6285348534584045,-0.02808469906449318,0.48002639412879944,0.47731611132621765,-0.028405461460351944,0.4392984211444855,0.47333770990371704,-0.0559268593788147,0.4225383400917053,0.5577550530433655,-0.04258297011256218,0.4247789680957794,0.5960863828659058,-0.02143794111907482
0.3928993046283722,0.729708731174469,-9.523876656203356e-07,0.31420964002609253,0.6681151986122131,-0.023151075467467308,0.2872326374053955,0.5219242572784424,-0.029890378937125206,0.3132457733154297,0.4015069603919983,-0.04003484174609184,0.33189648389816284,0.30890440940856934,-0.04505205899477005,0.3076268434524536,0.42751872539520264,0.00926066655665636,0.2690749168395996,0.349568247795105,-0.04659444838762283,0.2830137014389038,0.42604637145996094,-0.08001997321844101,0.3036772906780243,0.502754807472229,-0.08970770984888077,0.36922702193260193,0.42782121896743774,0.004042657092213631,0.3410765528678894,0.39229100942611694,-0.05451566353440285,0.3442508280277252,0.5098084211349487,-0.06843984872102737,0.3511466085910797,0.5856965184211731,-0.059907808899879456,0.42643919587135315,0.44950658082962036,-0.011391835287213326,0.39566943049430847,0.4409323036670685,-0.06560780853033066,0.3843374252319336,0.5643858313560486,-0.05423177033662796,0.3824995756149292,0.6307458281517029,-0.028157595545053482,0.4800587594509125,0.4831705391407013,-0.02975337952375412,0.443023681640625,0.4756896197795868,-0.055677615106105804,0.42458274960517883,0.5581679344177246,-0.04146244376897812,0.4246978759765625,0.5957067608833313,-0.020239176228642464
0.3926030099391937,0.7364357113838196,-9.627192412153818e-07,0.3118300437927246,0.6742075681686401,-0.023686908185482025,0.285996675491333,0.5284449458122253,-0.030952785164117813,0.3139514923095703,0.4085257351398468,-0.04147687181830406,0.33350318670272827,0.31532466411590576,-0.04692131653428078,0.3097779154777527,0.4268965423107147,0.010010458528995514,0.2703891694545746,0.3533858060836792,-0.04518023505806923,0.283827006816864,0.43034958839416504,-0.07878900319337845,0.3041110932826996,0.5064498782157898,-0.08888174593448639,0.3718929886817932,0.42630407214164734,0.005019305739551783,0.3417249321937561,0.3959481716156006,-0.05247039720416069,0.34361404180526733,0.5124889612197876,-0.06705427914857864,0.3493936359882355,0.5885205268859863,-0.05932214856147766,0.4286828637123108,0.44835352897644043,-0.010166962631046772,0.39506006240844727,0.44616764783859253,-0.06386467814445496,0.38340482115745544,0.5692598223686218,-0.05352604389190674,0.3814201354980469,0.6367672681808472,-0.02837163582444191,0.4813506007194519,0.4834424555301666,-0.028339210897684097,0.4412381947040558,0.48265528678894043,-0.05470719560980797,0.42337214946746826,0.5655944347381592,-0.04147392511367798,0.4239758551120758,0.6041829586029053,-0.020819924771785736
0.3916339874267578,0.7389534711837769,-9.836866183832171e-07,0.310305655002594,0.6790971755981445,-0.02347790077328682,0.2848859131336212,0.533420979976654,-0.031026311218738556,0.3141064941883087,0.4148646295070648,-0.04169745370745659,0.33499589562416077,0.32277196645736694,-0.047286536544561386,0.3102544844150543,0.4301008880138397,0.007508477661758661,0.2722209692001343,0.35770195722579956,-0.04773502051830292,0.285072386264801,0.43576115369796753,-0.08133861422538757,0.30383002758026123,0.5143846869468689,-0.0913533866405487,0.37225639820098877,0.4290724992752075,0.0025065457448363304,0.34202688932418823,0.403880774974823,-0.05427343025803566,0.34375280141830444,0.5205020308494568,-0.06818858534097672,0.34823843836784363,0.5971946120262146,-0.06038651987910271,0.42904356122016907,0.45116329193115234,-0.012507354840636253,0.3948110044002533,0.45318832993507385,-0.064661905169487,0.3826674818992615,0.5748519897460938,-0.05378023535013199,0.37957221269607544,0.6416692733764648,-0.02896861359477043,0.48175984621047974,0.486621618270874,-0.030550744384527206,0.44113102555274963,0.4881581664085388,-0.05537745729088783,0.4226057231426239,0.5707599520683289,-0.041482310742139816,0.4226136803627014,0.6091780662536621,-0.020809628069400787
0.3892972767353058,0.7443430423736572,-9.863806553767063e-07,0.30680426955223083,0.6810212731361389,-0.022346733137965202,0.2820364236831665,0.5347192883491516,-0.029979301616549492,0.3115638494491577,0.4171580672264099,-0.04114573821425438,0.3352016806602478,0.325484037399292,-0.047686077654361725,0.31387847661972046,0.4308633804321289,0.008970314636826515,0.27228641510009766,0.36298975348472595,-0.046478599309921265,0.28450703620910645,0.4388173222541809,-0.08117181062698364,0.3031231760978699,0.5162972807884216,-0.09220680594444275,0.3748732805252075,0.4311394989490509,0.0030540190637111664,0.3415759801864624,0.40991324186325073,-0.05412503331899643,0.34194883704185486,0.5269485116004944,-0.06860648095607758,0.3454817831516266,0.6055538654327393,-0.06144651025533676,0.4305623471736908,0.45462870597839355,-0.012923694215714931,0.39320752024650574,0.4581807851791382,-0.06530769914388657,0.3808578848838806,0.5781935453414917,-0.05469454824924469,0.3782653212547302,0.6458823680877686,-0.03022073209285736,0.48178184032440186,0.49193596839904785,-0.031902868300676346,0.4400726854801178,0.491813600063324,-0.057391125708818436,0.42125868797302246,0.5729513764381409,-0.0439189150929451,0.42149242758750916,0.6117534041404724,-0.023537643253803253
0.38727837800979614,0.7430322170257568,-9.724262781674042e-07,0.3052162528038025,0.6793416738510132,-0.022918039932847023,0.28158098459243774,0.535615086555481,-0.030399128794670105,0.31192219257354736,0.4199376702308655,-0.04122181609272957,0.3363308310508728,0.3292160630226135,-0.04742894321680069,0.3124766945838928,0.43452098965644836,0.008131666108965874,0.27196061611175537,0.36508268117904663,-0.045952923595905304,0.2843415439128876,0.44083747267723083,-0.07958739995956421,0.3028598427772522,0.5173690915107727,-0.09017408639192581,0.3740086555480957,0.43310537934303284,0.002933035371825099,0.34243983030319214,0.41248756647109985,-0.052807554602622986,0.34153616428375244,0.5285758972167969,-0.06707464158535004,0.3436584174633026,0.6059068441390991,-0.06015651673078537,0.42960667610168457,0.4555029571056366,-0.012102620676159859,0.393825501203537,0.4600066542625427,-0.06316261738538742,0.38018569350242615,0.5792049765586853,-0.05238819494843483,0.37676140666007996,0.6460839509963989,-0.028149446472525597,0.4800202250480652,0.4921896457672119,-0.030259309336543083,0.4402679204940796,0.49208617210388184,-0.05502429977059364,0.4211367964744568,0.5718430280685425,-0.041318971663713455,0.4211225211620331,0.6101534962654114,-0.02093934267759323
0.38534435629844666,0.7444530725479126,-9.878964419840486e-07,0.30368340015411377,0.6835393905639648,-0.022979779168963432,0.2795543372631073,0.5394200682640076,-0.030389953404664993,0.310202956199646,0.42402175068855286,-0.040880169719457626,0.3351109027862549,0.33422747254371643,-0.04675246402621269,0.31331107020378113,0.4355008602142334,0.007173468824476004,0.27249228954315186,0.3664100170135498,-0.046405158936977386,0.28281867504119873,0.44187337160110474,-0.07941469550132751,0.3000049293041229,0.518584132194519,-0.08967137336730957,0.37393203377723694,0.4343586564064026,0.0023310629185289145,0.3409549593925476,0.41524431109428406,-0.05275223031640053,0.339532732963562,0.5308662056922913,-0.06632878631353378,0.341999888420105,0.6071856617927551,-0.05901391804218292,0.4285186529159546,0.45692187547683716,-0.012286446057260036,0.39081427454948425,0.4628596007823944,-0.06306473910808563,0.37746721506118774,0.5817943811416626,-0.05250222980976105,0.3749646246433258,0.6477575302124023,-0.02848193608224392,0.4783485233783722,0.49377045035362244,-0.029942074790596962,0.4358619451522827,0.4961957335472107,-0.054856788367033005,0.4170459508895874,0.5764803886413574,-0.04174669459462166,0.4180293381214142,0.6141781806945801,-0.02178560011088848
0.3819066882133484,0.745199978351593,-9.925761332851835e-07,0.2986906170845032,0.6799241900444031,-0.017993230372667313,0.2767317295074463,0.5375480055809021,-0.023151453584432602,0.30858153104782104,0.4242241680622101,-0.03247455134987831,0.3321334421634674,0.3355621099472046,-0.03767755255103111,0.31234776973724365,0.4424426555633545,0.012156512588262558,0.2709740698337555,0.3692300319671631,-0.039060890674591064,0.27794861793518066,0.4406774938106537,-0.06966082006692886,0.29318198561668396,0.5145812630653381,-0.07857672870159149,0.37194082140922546,0.44217371940612793,0.0047973450273275375,0.3377026915550232,0.4137900471687317,-0.049671635031700134,0.33454662561416626,0.5281704068183899,-0.06284430623054504,0.33797675371170044,0.6048489212989807,-0.05510302633047104,0.42578384280204773,0.4638846218585968,-0.011867393739521503,0.3847309350967407,0.4639555513858795,-0.06293169409036636,0.37090039253234863,0.5837940573692322,-0.05224951356649399,0.37029653787612915,0.6502915620803833,-0.027987467125058174,0.4748007655143738,0.49918368458747864,-0.030992938205599785,0.4279383718967438,0.4947305917739868,-0.05635012313723564,0.40906524658203125,0.5760997533798218,-0.04281015321612358,0.411613404750824,0.6157404184341431,-0.022657103836536407
0.37835171818733215,0.74635910987854,-9.839403674050118e-07,0.2976522445678711,0.6793856024742126,-0.017274880781769753,0.27643120288848877,0.539408266544342,-0.023027006536722183,0.3085305690765381,0.4282847046852112,-0.033334046602249146,0.33212631940841675,0.3392088711261749,-0.03996220976114273,0.313470721244812,0.44544002413749695,0.01323777623474598,0.2725379765033722,0.37264055013656616,-0.03733685612678528,0.2782122492790222,0.44172078371047974,-0.06851984560489655,0.291735976934433,0.5152863264083862,-0.07815991342067719,0.3721866011619568,0.4469055235385895,0.005351576488465071,0.33802714943885803,0.4160977005958557,-0.04823695868253708,0.33246275782585144,0.5290759801864624,-0.06253547966480255,0.3338751792907715,0.605894923210144,-0.05609375983476639,0.4255107045173645,0.46935737133026123,-0.011634351685643196,0.38494569063186646,0.46334195137023926,-0.0619066059589386,0.3692101538181305,0.5803033113479614,-0.05214206874370575,0.36690664291381836,0.6468096971511841,-0.028818588703870773,0.47439277172088623,0.5047357082366943,-0.03094182163476944,0.42862480878829956,0.493721604347229,-0.05594952777028084,0.40868476033210754,0.5724478363990784,-0.04250086098909378,0.40969812870025635,0.61207115650177,-0.022548733279109
0.37739595770835876,0.7461726069450378,-9.631547754906933e-07,0.2974731922149658,0.6810258626937866,-0.018367839977145195,0.2772709131240845,0.5420729517936707,-0.02450384944677353,0.309671550989151,0.43005937337875366,-0.034846533089876175,0.3344813585281372,0.340770959854126,-0.04106840863823891,0.3114067614078522,0.4473673105239868,0.011814234778285027,0.27340447902679443,0.3702690005302429,-0.03933751583099365,0.27937325835227966,0.4411535859107971,-0.07020922005176544,0.2920572757720947,0.5162047743797302,-0.07934475690126419,0.3712928295135498,0.44857057929039,0.004680056590586901,0.33835625648498535,0.41640785336494446,-0.049045391380786896,0.3327929675579071,0.529121994972229,-0.06253787875175476,0.33368271589279175,0.6048243045806885,-0.05546603351831436,0.4249526560306549,0.47075098752975464,-0.011696170084178448,0.3848242163658142,0.46312522888183594,-0.06148390471935272,0.3696529269218445,0.5803459882736206,-0.05057600140571594,0.367726594209671,0.6463941931724548,-0.026589155197143555,0.47380688786506653,0.5059309005737305,-0.03061191365122795,0.4290561378002167,0.4966985285282135,-0.055188797414302826,0.4098418354988098,0.5745766758918762,-0.04160095006227493,0.4116833209991455,0.6124635934829712,-0.02159171551465988
0.376539945602417,0.7468072175979614,-9.756558938534e-07,0.29748451709747314,0.6759433746337891,-0.016365788877010345,0.27840349078178406,0.5392618179321289,-0.022320065647363663,0.3120655119419098,0.4303191900253296,-0.03306017816066742,0.3379416763782501,0.343292772769928,-0.03983153775334358,0.31455984711647034,0.4477985203266144,0.012869576923549175,0.27673470973968506,0.37006938457489014,-0.03821456804871559,0.28087306022644043,0.44126924872398376,-0.06889811158180237,0.2924511134624481,0.5159292817115784,-0.07801484316587448,0.3731648623943329,0.4509703814983368,0.00438920920714736,0.33973902463912964,0.4153921604156494,-0.049949437379837036,0.33279916644096375,0.5276377201080322,-0.0636749193072319,0.3335166871547699,0.6037045121192932,-0.05658124387264252,0.42633935809135437,0.4743088185787201,-0.013112123124301434,0.38595306873321533,0.46470004320144653,-0.06336940824985504,0.36971616744995117,0.5815029144287109,-0.052565574645996094,0.3674071729183197,0.6479920744895935,-0.028426045551896095,0.4753977358341217,0.5104160308837891,-0.03294200077652931,0.42944908142089844,0.4979882836341858,-0.05758468061685562,0.4094153344631195,0.5752391219139099,-0.043711114674806595,0.4108749032020569,0.6141722202301025,-0.0234582107514143
0.37485966086387634,0.7460869550704956,-9.890522960631642e-07,0.2991900146007538,0.6746752262115479,-0.014069448225200176,0.28171131014823914,0.5377223491668701,-0.019533859565854073,0.3166532516479492,0.43087226152420044,-0.02997557260096073,0.3461886942386627,0.34713488817214966,-0.036690983921289444,0.3173465430736542,0.45281630754470825,0.011349746026098728,0.2820705473423004,0.3678247332572937,-0.03905054181814194,0.28450024127960205,0.436463862657547,-0.06825665384531021,0.2948582172393799,0.5123923420906067,-0.07626010477542877,0.3747802674770355,0.45830151438713074,0.001924918033182621,0.3432050049304962,0.4146735966205597,-0.052035070955753326,0.3350735902786255,0.5259991884231567,-0.06449064612388611,0.33549514412879944,0.6026551723480225,-0.056446123868227005,0.427685409784317,0.48266834020614624,-0.016040602698922157,0.38760054111480713,0.4634857773780823,-0.06615646183490753,0.37164172530174255,0.5798940062522888,-0.054606884717941284,0.37029075622558594,0.6461960673332214,-0.029997756704688072,0.47759729623794556,0.5191574692726135,-0.0358971431851387,0.4310814440250397,0.4968586266040802,-0.06049041450023651,0.41110867261886597,0.5735722780227661,-0.04587402939796448,0.41335058212280273,0.6132597923278809,-0.025282254442572594
0.37890541553497314,0.747968316078186,-9.671274483480374e-07,0.3034844398498535,0.6711927652359009,-0.014635447412729263,0.2868998050689697,0.5379762053489685,-0.021495910361409187,0.324226438999176,0.43304648995399475,-0.03336089104413986,0.35638147592544556,0.3511529266834259,-0.041437454521656036,0.32376641035079956,0.452112078666687,0.011017486453056335,0.29132187366485596,0.36748915910720825,-0.03879905492067337,0.2917984127998352,0.43897688388824463,-0.06856456398963928,0.29978466033935547,0.5149854421615601,-0.0774044468998909,0.38024193048477173,0.4598572850227356,0.0015046527842059731,0.3506588637828827,0.4133002758026123,-0.051402416080236435,0.3412690758705139,0.5222525000572205,-0.06483796238899231,0.33980920910835266,0.5991817116737366,-0.05802520364522934,0.4322691559791565,0.4856899082660675,-0.016343044117093086,0.39476343989372253,0.4647829830646515,-0.06555381417274475,0.37657874822616577,0.5794300436973572,-0.05497146397829056,0.37241512537002563,0.6475985050201416,-0.03138488903641701,0.48174965381622314,0.5232583284378052,-0.03615216538310051,0.436120867729187,0.5010849833488464,-0.060813289135694504,0.4151214063167572,0.5768335461616516,-0.04676710069179535,0.41554147005081177,0.6187311410903931,-0.026585189625620842
0.38301345705986023,0.7500744462013245,-9.701536782813491e-07,0.307682067155838,0.6706540584564209,-0.014965411275625229,0.29274439811706543,0.5369856357574463,-0.022478243336081505,0.3310966491699219,0.4331183135509491,-0.034893445670604706,0.36385899782180786,0.3512886166572571,-0.04344969242811203,0.33069562911987305,0.45207926630973816,0.009562864899635315,0.2977917492389679,0.3660018742084503,-0.04037711024284363,0.2974729537963867,0.4375286400318146,-0.07007382065057755,0.3042562007904053,0.5142781734466553,-0.07889895886182785,0.3872854709625244,0.46059226989746094,0.0002229455130873248,0.3565349280834198,0.41652345657348633,-0.05290551111102104,0.346218466758728,0.5255459547042847,-0.06626632064580917,0.34382957220077515,0.602836549282074,-0.05962558090686798,0.4386593997478485,0.4868376553058624,-0.017445305362343788,0.39953193068504333,0.468017578125,-0.06678826361894608,0.38079774379730225,0.5823110342025757,-0.05622952803969383,0.3761306405067444,0.6507823467254639,-0.03285614773631096,0.4870138168334961,0.5245538353919983,-0.03710188344120979,0.4403885006904602,0.5036429166793823,-0.06216692551970482,0.4189470708370209,0.5797190070152283,-0.048283617943525314,0.4187776446342468,0.6221026182174683,-0.028215304017066956
0.3849835991859436,0.7524611353874207,-9.72078851191327e-07,0.3097507059574127,0.6735629439353943,-0.015765847638249397,0.2966727316379547,0.5409332513809204,-0.023307276889681816,0.3361561894416809,0.4371201992034912,-0.035799529403448105,0.3685295283794403,0.35444802045822144,-0.0443774089217186,0.3332439064979553,0.45767509937286377,0.010518945753574371,0.30078959465026855,0.3674134612083435,-0.040965735912323,0.3002709746360779,0.4372261166572571,-0.0716966763138771,0.3074534833431244,0.5147238969802856,-0.0807311087846756,0.39002031087875366,0.46530336141586304,0.0013834754936397076,0.3604271113872528,0.419283002614975,-0.05359118804335594,0.3500785231590271,0.5293591022491455,-0.06735443323850632,0.3480406701564789,0.6070574522018433,-0.06027904897928238,0.44196128845214844,0.491075724363327,-0.016421403735876083,0.4045153856277466,0.4693726897239685,-0.06677154451608658,0.3848373591899872,0.5847045183181763,-0.05558205395936966,0.38028398156166077,0.6529329419136047,-0.03119415044784546,0.49137210845947266,0.5286037921905518,-0.03639645874500275,0.44529250264167786,0.5056695342063904,-0.06112669035792351,0.4233649969100952,0.581530749797821,-0.04638497531414032,0.4238344430923462,0.6233944296836853,-0.0254838690161705
0.38513118028640747,0.7540054321289062,-1.012976213132788e-06,0.31034979224205017,0.6809514164924622,-0.016192922368645668,0.29819875955581665,0.5427020788192749,-0.022577492520213127,0.33795469999313354,0.4382869005203247,-0.0333583690226078,0.3696374297142029,0.355246901512146,-0.03995363041758537,0.33676081895828247,0.45360660552978516,0.008962372317910194,0.30244556069374084,0.3680680990219116,-0.04122529923915863,0.30004554986953735,0.44001221656799316,-0.07031402736902237,0.30752798914909363,0.5189414024353027,-0.07839545607566833,0.39400896430015564,0.4609326720237732,0.0004681208811234683,0.36095690727233887,0.42428433895111084,-0.053771305829286575,0.35025233030319214,0.5351930856704712,-0.06628837436437607,0.3494414687156677,0.6114853024482727,-0.05840097740292549,0.4456254839897156,0.48738783597946167,-0.016670405864715576,0.40391045808792114,0.4745590090751648,-0.0657893717288971,0.38429388403892517,0.5900717973709106,-0.05417468398809433,0.3807615637779236,0.6560277938842773,-0.030036522075533867,0.4936751127243042,0.5256052613258362,-0.03606480360031128,0.44443294405937195,0.5104925036430359,-0.05977795645594597,0.4227520227432251,0.5871982574462891,-0.04548642784357071,0.42505258321762085,0.6264805793762207,-0.02527245692908764
0.3807574212551117,0.7593965530395508,-1.0288266594216111e-06,0.3068665564060211,0.6864268779754639,-0.01602383702993393,0.2946571111679077,0.5489611029624939,-0.021620173007249832,0.33403950929641724,0.44162851572036743,-0.03195630759000778,0.36367344856262207,0.35617321729660034,-0.038219377398490906,0.3360652029514313,0.458763986825943,0.013185347430408001,0.30029386281967163,0.37001585960388184,-0.03565101698040962,0.29604217410087585,0.4419921040534973,-0.06456706672906876,0.30251598358154297,0.51754230260849,-0.07308197766542435,0.3935995101928711,0.46588218212127686,0.004923878237605095,0.35668572783470154,0.42479726672172546,-0.04858079552650452,0.34698766469955444,0.5359023213386536,-0.062178149819374084,0.3472285866737366,0.6122150421142578,-0.05520175024867058,0.445055216550827,0.4912959635257721,-0.01205096673220396,0.3997298777103424,0.47119951248168945,-0.0612046979367733,0.3820715546607971,0.587867021560669,-0.049985747784376144,0.37999963760375977,0.6554324626922607,-0.025998180732131004,0.492958664894104,0.5294138789176941,-0.03131342679262161,0.4417691230773926,0.5069177150726318,-0.05545905977487564,0.41994166374206543,0.5836905241012573,-0.04144449904561043,0.42208927869796753,0.6251344084739685,-0.021360237151384354
0.38289761543273926,0.7481181025505066,-9.852558378042886e-07,0.31150153279304504,0.6712566018104553,-0.013258880004286766,0.2992118000984192,0.5395511984825134,-0.01856330595910549,0.33604082465171814,0.4371243417263031,-0.02905072644352913,0.3674757778644562,0.3569372296333313,-0.035357922315597534,0.33643853664398193,0.4607182741165161,0.013218067586421967,0.30434659123420715,0.36674410104751587,-0.035183217376470566,0.30030524730682373,0.4358386993408203,-0.06267105787992477,0.30777275562286377,0.5113497972488403,-0.0698506161570549,0.39110395312309265,0.4696289300918579,0.0040702978149056435,0.3587029278278351,0.4184863567352295,-0.049770537763834,0.3501438498497009,0.5246067047119141,-0.06279231607913971,0.3514135777950287,0.601247251033783,-0.05500274896621704,0.44171133637428284,0.4942649006843567,-0.013262858614325523,0.4019397497177124,0.46766912937164307,-0.06241989508271217,0.3870426118373871,0.5804453492164612,-0.05151718482375145,0.38637781143188477,0.6477282047271729,-0.02745041809976101,0.490761935710907,0.5297362804412842,-0.032539840787649155,0.44488802552223206,0.5007362961769104,-0.057361993938684464,0.4249368906021118,0.5766631364822388,-0.044000294059515,0.4275189936161041,0.6209334135055542,-0.02419637143611908
0.38696134090423584,0.7469749450683594,-9.596757308827364e-07,0.3135897219181061,0.6772693395614624,-0.013730984181165695,0.29795193672180176,0.5444773435592651,-0.018561499193310738,0.33292287588119507,0.43838900327682495,-0.028180712834000587,0.3625446856021881,0.3562502861022949,-0.03381353244185448,0.33057230710983276,0.4680537283420563,0.0099986856803298,0.30144762992858887,0.3687661588191986,-0.03823878616094589,0.2997369170188904,0.43279725313186646,-0.0641779825091362,0.3074132800102234,0.5063358545303345,-0.0700293555855751,0.38551849126815796,0.47604891657829285,0.0013728300109505653,0.35857832431793213,0.41970983147621155,-0.05281677842140198,0.35127124190330505,0.5247583985328674,-0.06450655311346054,0.35277777910232544,0.5999838709831238,-0.05542988330125809,0.43749818205833435,0.4986600875854492,-0.015306760556995869,0.4025207757949829,0.4667711853981018,-0.06528026610612869,0.38825538754463196,0.5797954201698303,-0.05419367179274559,0.38845983147621155,0.6451731324195862,-0.029607784003019333,0.4891166388988495,0.5311307907104492,-0.03363867849111557,0.4456263482570648,0.4978947639465332,-0.059159088879823685,0.42774710059165955,0.5733453035354614,-0.04585012421011925,0.432707816362381,0.6155149340629578,-0.025931749492883682
0.390858918428421,0.7450408935546875,-9.355305223834876e-07,0.31590723991394043,0.6736280918121338,-0.012504431419074535,0.2967095673084259,0.5433362126350403,-0.017297478392720222,0.3301464915275574,0.4371471703052521,-0.027173753827810287,0.36113107204437256,0.3562328517436981,-0.03316443786025047,0.3260016143321991,0.4679993689060211,0.009970568120479584,0.2974715232849121,0.36999422311782837,-0.03765873238444328,0.29868564009666443,0.43434035778045654,-0.0630648136138916,0.30852165818214417,0.5075497031211853,-0.06880288571119308,0.38068339228630066,0.4756840467453003,0.00025605750852264464,0.3575375974178314,0.4173535406589508,-0.05404607579112053,0.3517082631587982,0.5223959684371948,-0.06536878645420074,0.35296228528022766,0.59808349609375,-0.0560930110514164,0.4331045150756836,0.49794119596481323,-0.017270885407924652,0.4024660587310791,0.4647320508956909,-0.06726238876581192,0.3901389241218567,0.577425479888916,-0.05528818443417549,0.3903358578681946,0.642141580581665,-0.03021080419421196,0.4860341548919678,0.5299973487854004,-0.036299072206020355,0.446498304605484,0.4931868314743042,-0.06117921695113182,0.4301585853099823,0.5682715177536011,-0.04630587622523308,0.43470680713653564,0.6097865700721741,-0.025517381727695465
0.39370501041412354,0.7438514828681946,-9.134409424405021e-07,0.3172856569290161,0.6735821962356567,-0.013281401246786118,0.29414620995521545,0.5461768507957458,-0.018524333834648132,0.3253636658191681,0.43959760665893555,-0.029152195900678635,0.3554704189300537,0.3586784601211548,-0.03571978956460953,0.32244551181793213,0.47200167179107666,0.014146197587251663,0.29381027817726135,0.373642235994339,-0.03427223116159439,0.29584407806396484,0.43472039699554443,-0.061508264392614365,0.30718687176704407,0.5070834755897522,-0.06858176738023758,0.3765374422073364,0.47729378938674927,0.00442392285913229,0.3545301854610443,0.41734498739242554,-0.050656601786613464,0.35122600197792053,0.5220085978507996,-0.06375682353973389,0.3548840880393982,0.5979874134063721,-0.05554557964205742,0.4292981028556824,0.49732506275177,-0.013543092645704746,0.4012255072593689,0.46017807722091675,-0.0643383339047432,0.39060235023498535,0.5718644261360168,-0.053033843636512756,0.39129483699798584,0.6367777585983276,-0.028189290314912796,0.48351454734802246,0.5270330309867859,-0.033193327486515045,0.44586968421936035,0.48909127712249756,-0.05900324136018753,0.4312552511692047,0.5627584457397461,-0.04453567415475845,0.4356684684753418,0.6039717197418213,-0.023781077936291695
0.39663371443748474,0.7420290112495422,-8.921326752897585e-07,0.3175162672996521,0.6757301688194275,-0.014177180826663971,0.2912667393684387,0.5464763641357422,-0.01949853077530861,0.3215460181236267,0.43761226534843445,-0.03009408339858055,0.3525724709033966,0.3565519452095032,-0.03630302846431732,0.3163606822490692,0.4740276634693146,0.013060559518635273,0.2903774082660675,0.3749626874923706,-0.036895252764225006,0.295643150806427,0.4371022582054138,-0.06488251686096191,0.30786383152008057,0.5104672312736511,-0.07207062095403671,0.37142252922058105,0.47772839665412903,0.0033518618438392878,0.35341036319732666,0.41524332761764526,-0.05314600095152855,0.3519178628921509,0.5207105278968811,-0.06619808077812195,0.35596179962158203,0.5958582758903503,-0.057331882417201996,0.4256368577480316,0.4967153072357178,-0.014807475730776787,0.40205100178718567,0.4581664800643921,-0.0670056864619255,0.3925538957118988,0.5708822011947632,-0.054819852113723755,0.39269477128982544,0.6350151896476746,-0.028673477470874786,0.4820290207862854,0.5249186158180237,-0.03467734530568123,0.44900578260421753,0.4852936565876007,-0.06034115329384804,0.43547046184539795,0.55827796459198,-0.04441772401332855,0.4389125108718872,0.5973057746887207,-0.022399965673685074
0.3970502018928528,0.7392435073852539,-8.709140502105583e-07,0.31699448823928833,0.6745525598526001,-0.015382070094347,0.2871520519256592,0.5449258685112,-0.021347632631659508,0.31700530648231506,0.43529608845710754,-0.03242511302232742,0.3502275347709656,0.3560088872909546,-0.03898150846362114,0.31325721740722656,0.4747735261917114,0.01067476999014616,0.2873479127883911,0.3757898211479187,-0.039812084287405014,0.2945765554904938,0.4353090226650238,-0.06866203993558884,0.30823037028312683,0.5088750720024109,-0.07652876526117325,0.3686060905456543,0.4778512120246887,0.0016255328664556146,0.3526199460029602,0.41716668009757996,-0.05495218187570572,0.35305824875831604,0.5198426246643066,-0.06843802332878113,0.3576146960258484,0.5944528579711914,-0.0602479986846447,0.4233326017856598,0.49562761187553406,-0.015928752720355988,0.4022062420845032,0.4569210112094879,-0.06817760318517685,0.39404574036598206,0.5671787261962891,-0.056687191128730774,0.39354395866394043,0.6317437887191772,-0.031243743374943733,0.48046451807022095,0.5216651558876038,-0.03528257831931114,0.45082080364227295,0.48100030422210693,-0.06132512167096138,0.4381486773490906,0.5508477687835693,-0.04600070044398308,0.44031500816345215,0.5893798470497131,-0.024512935429811478
0.3986331522464752,0.7394018173217773,-8.844625085657754e-07,0.3184159994125366,0.677031397819519,-0.014315024018287659,0.285290002822876,0.5483205914497375,-0.01955464668571949,0.31236979365348816,0.4374411404132843,-0.03034256212413311,0.3448401093482971,0.3580631613731384,-0.0366714708507061,0.31103625893592834,0.4763205051422119,0.012911763042211533,0.283107727766037,0.3795231580734253,-0.037112653255462646,0.29186707735061646,0.4412164092063904,-0.06636780500411987,0.3072483539581299,0.5141153335571289,-0.07489877939224243,0.3665473163127899,0.47764888405799866,0.003373035928234458,0.3489915728569031,0.41825956106185913,-0.052317436784505844,0.3519688546657562,0.5230348110198975,-0.06588023900985718,0.3585675060749054,0.5962815284729004,-0.05833688750863075,0.42159995436668396,0.4936503767967224,-0.014677071012556553,0.4005885124206543,0.45433199405670166,-0.06602063775062561,0.39418745040893555,0.5650225281715393,-0.05424043536186218,0.39442962408065796,0.6294043660163879,-0.02910086140036583,0.4790811538696289,0.5176143646240234,-0.03457992896437645,0.4509597420692444,0.4756857752799988,-0.05992775782942772,0.4384225010871887,0.5452827215194702,-0.04437774047255516,0.4395694136619568,0.5838911533355713,-0.0230809785425663
0.3928752839565277,0.7260199785232544,-8.560353421671607e-07,0.30808621644973755,0.6633850336074829,-0.014972561970353127,0.270042359828949,0.5392439961433411,-0.021447062492370605,0.295052707195282,0.43231308460235596,-0.03367150202393532,0.32628950476646423,0.3567064106464386,-0.04127737134695053,0.29756149649620056,0.47732284665107727,0.011127673089504242,0.27118974924087524,0.37876999378204346,-0.03466305509209633,0.2829252779483795,0.4448280334472656,-0.06260345131158829,0.2993571162223816,0.5152356028556824,-0.07202112674713135,0.3516816794872284,0.4790326952934265,0.002396493684500456,0.33737054467201233,0.4198852777481079,-0.049306269735097885,0.3399975299835205,0.5198807716369629,-0.06364098936319351,0.3437552750110626,0.594031035900116,-0.05896204337477684,0.4043610095977783,0.4911404252052307,-0.0145030552521348,0.38597849011421204,0.4451780319213867,-0.061319902539253235,0.37632808089256287,0.5519561171531677,-0.051719821989536285,0.3716352581977844,0.6237009167671204,-0.030358826741576195,0.4589323103427887,0.5108116269111633,-0.03356020152568817,0.4321058690547943,0.47558364272117615,-0.05750909447669983,0.41357606649398804,0.5469451546669006,-0.04483930021524429,0.405963271856308,0.5962439775466919,-0.026994824409484863
0.4002113342285156,0.7160558700561523,-8.725799034436932e-07,0.31406253576278687,0.6654481887817383,-0.01945667341351509,0.26892951130867004,0.5402987003326416,-0.02755970135331154,0.2865540385246277,0.42882832884788513,-0.039844151586294174,0.314276784658432,0.3476320505142212,-0.046852391213178635,0.29031288623809814,0.4560389518737793,0.0070247226394712925,0.25834226608276367,0.36954349279403687,-0.04304475337266922,0.2741488814353943,0.43381980061531067,-0.07409380376338959,0.2957763671875,0.5042949914932251,-0.08441068977117538,0.3467048406600952,0.44737643003463745,0.000437355280155316,0.33226463198661804,0.41469842195510864,-0.05539899319410324,0.3418167531490326,0.5184202790260315,-0.07080483436584473,0.3496823310852051,0.5935742259025574,-0.06523915380239487,0.4002405107021332,0.45562446117401123,-0.014785030856728554,0.38483166694641113,0.4476604461669922,-0.06421616673469543,0.38307321071624756,0.5540632009506226,-0.0553889162838459,0.38264694809913635,0.6206104755401611,-0.033558860421180725,0.452953040599823,0.47381123900413513,-0.03267887607216835,0.42889004945755005,0.46585261821746826,-0.05740264430642128,0.41909515857696533,0.5416305065155029,-0.04474744573235512,0.419243723154068,0.5845315456390381,-0.025767922401428223
0.40003079175949097,0.7154669165611267,-8.589856861362932e-07,0.3143725097179413,0.6652532815933228,-0.018730981275439262,0.2696559727191925,0.5390825867652893,-0.026626644656062126,0.28634113073349,0.4280715584754944,-0.03874906897544861,0.31190621852874756,0.3470413088798523,-0.04531542956829071,0.2884841561317444,0.4596737325191498,0.006205551326274872,0.2575836479663849,0.3679577112197876,-0.04480624198913574,0.27334412932395935,0.43175938725471497,-0.07540324330329895,0.294516921043396,0.5043286681175232,-0.08487815409898758,0.3447563350200653,0.45218440890312195,-0.0009196076425723732,0.33049848675727844,0.41030436754226685,-0.05796504393219948,0.34131214022636414,0.5137171149253845,-0.07231590896844864,0.3501925468444824,0.5892643928527832,-0.06540338695049286,0.3987203538417816,0.46040865778923035,-0.0167248398065567,0.3835444450378418,0.4444895088672638,-0.06677082180976868,0.38357970118522644,0.5509276390075684,-0.05654905363917351,0.3843139708042145,0.6172046661376953,-0.03337334841489792,0.45239800214767456,0.4776304364204407,-0.03504912182688713,0.427857905626297,0.46267086267471313,-0.05930466949939728,0.4195081889629364,0.5372928977012634,-0.045379698276519775,0.42102161049842834,0.5791570544242859,-0.025512248277664185
0.4011303186416626,0.7135641574859619,-8.570827958465088e-07,0.31489139795303345,0.6609851121902466,-0.01742391288280487,0.27048277854919434,0.5366958379745483,-0.025087330490350723,0.2866517901420593,0.4263710677623749,-0.03740276023745537,0.3117823898792267,0.34543576836586,-0.0441918820142746,0.2878367602825165,0.45845943689346313,0.007865170016884804,0.2568393051624298,0.36645829677581787,-0.04202397167682648,0.27301207184791565,0.43138766288757324,-0.07203494012355804,0.2939971685409546,0.5025469660758972,-0.08142505586147308,0.3439861238002777,0.4516671299934387,-2.9442102459142916e-05,0.32953402400016785,0.4085026979446411,-0.05648577958345413,0.34117192029953003,0.5108396410942078,-0.07122039049863815,0.35018956661224365,0.5863385200500488,-0.0647859275341034,0.3982284665107727,0.4598466157913208,-0.01637660712003708,0.3828136622905731,0.44247037172317505,-0.0656798928976059,0.3839675784111023,0.5480694770812988,-0.05563172698020935,0.3847672939300537,0.6147804260253906,-0.03278937563300133,0.4522534906864166,0.4769957959651947,-0.035172250121831894,0.42794692516326904,0.45989757776260376,-0.05886583775281906,0.42022839188575745,0.5343707203865051,-0.04482056945562363,0.42154914140701294,0.5776636004447937,-0.025059448555111885
0.40104377269744873,0.7097188234329224,-8.563397386751603e-07,0.3158728778362274,0.6572654843330383,-0.01770389825105667,0.2708376348018646,0.5339505672454834,-0.02591521292924881,0.28719374537467957,0.42408159375190735,-0.038779839873313904,0.3118964731693268,0.3434562683105469,-0.04596313089132309,0.28791284561157227,0.45762038230895996,0.006562364287674427,0.2576119899749756,0.36348849534988403,-0.04300794005393982,0.2744683623313904,0.4294106960296631,-0.07248061150312424,0.29531461000442505,0.5002191066741943,-0.08158909529447556,0.34416288137435913,0.45097586512565613,-0.0013331633526831865,0.3298213481903076,0.40654194355010986,-0.057510003447532654,0.3414783477783203,0.509332537651062,-0.07185474783182144,0.3503364622592926,0.5844334363937378,-0.06528672575950623,0.39816761016845703,0.45877906680107117,-0.01759750209748745,0.38191309571266174,0.43904462456703186,-0.06627720594406128,0.38354915380477905,0.5442878007888794,-0.05560547113418579,0.3848828673362732,0.6105970740318298,-0.03257253021001816,0.45183074474334717,0.4751695394515991,-0.03634777292609215,0.4270995557308197,0.4546782672405243,-0.059251993894577026,0.41914910078048706,0.5284582376480103,-0.04436466097831726,0.4204382002353668,0.571840763092041,-0.024202367290854454
0.4016663432121277,0.7079199552536011,-8.570873433200177e-07,0.3152236342430115,0.6549131870269775,-0.016648026183247566,0.26961323618888855,0.5313528180122375,-0.024353913962841034,0.28545790910720825,0.42103320360183716,-0.03705815598368645,0.3108517825603485,0.3405489921569824,-0.044143546372652054,0.28761258721351624,0.4570326507091522,0.00838678702712059,0.2579371929168701,0.3614669442176819,-0.041605301201343536,0.27486270666122437,0.42817234992980957,-0.07135329395532608,0.295877069234848,0.4992072284221649,-0.08058146387338638,0.3439207375049591,0.4515317976474762,-0.00016300268180202693,0.32918262481689453,0.4041365385055542,-0.05740060657262802,0.34113946557044983,0.5079073905944824,-0.07210449129343033,0.3507359027862549,0.5831905603408813,-0.06538835167884827,0.39829328656196594,0.4599788784980774,-0.017103174701333046,0.38087257742881775,0.4373226761817932,-0.06654980033636093,0.3832818269729614,0.5423895716667175,-0.05585938319563866,0.3855561912059784,0.6083945035934448,-0.03240631893277168,0.4523225724697113,0.47631141543388367,-0.036425843834877014,0.42609524726867676,0.45395296812057495,-0.059583406895399094,0.4196467101573944,0.5267142057418823,-0.044660452753305435,0.4227422773838043,0.569100022315979,-0.024322159588336945
0.39958319067955017,0.7053350210189819,-8.479548796458403e-07,0.3141132891178131,0.6512011885643005,-0.016496943309903145,0.2698661684989929,0.5272035598754883,-0.024350451305508614,0.2858949899673462,0.41805750131607056,-0.03737153112888336,0.3094083368778229,0.3376176655292511,-0.04477772116661072,0.287684828042984,0.4562929570674896,0.007246340624988079,0.2583646774291992,0.358154296875,-0.042626552283763885,0.2736368179321289,0.4239944815635681,-0.07177369296550751,0.293337345123291,0.49422216415405273,-0.08064116537570953,0.34373465180397034,0.452086478471756,-0.0018988599767908454,0.32890623807907104,0.40098798274993896,-0.059611041098833084,0.3396334946155548,0.5036492943763733,-0.07410609722137451,0.3489322364330292,0.5785548686981201,-0.06713920831680298,0.3982107937335968,0.4615817666053772,-0.019377823919057846,0.38027864694595337,0.43642669916152954,-0.06877421587705612,0.3819750249385834,0.5405568480491638,-0.05786752328276634,0.384233295917511,0.6057692766189575,-0.03433141112327576,0.45266154408454895,0.47831329703330994,-0.039255961775779724,0.42648813128471375,0.45207488536834717,-0.061909742653369904,0.4193229079246521,0.5229378938674927,-0.04666176065802574,0.4220702052116394,0.5646575689315796,-0.026361750438809395
0.3994223475456238,0.702854573726654,-8.470028660667595e-07,0.31313425302505493,0.6490768194198608,-0.016881093382835388,0.2688280940055847,0.5244700312614441,-0.02515290305018425,0.2856675982475281,0.4151737093925476,-0.03848471865057945,0.3096936047077179,0.3352588415145874,-0.04632917791604996,0.28870174288749695,0.4535156190395355,0.005785538349300623,0.2598755955696106,0.35484594106674194,-0.04403935372829437,0.27526918053627014,0.42077264189720154,-0.07341896742582321,0.2944321930408478,0.4914831221103668,-0.08246558159589767,0.34455373883247375,0.44982054829597473,-0.003177319187670946,0.3300377130508423,0.39897269010543823,-0.060371678322553635,0.34036189317703247,0.5013009309768677,-0.07493602484464645,0.34917014837265015,0.5768459439277649,-0.06829209625720978,0.39871570467948914,0.4598086476325989,-0.020366571843624115,0.38058918714523315,0.43359214067459106,-0.06959523260593414,0.3823518455028534,0.5374999642372131,-0.05901059880852699,0.3847568929195404,0.603973388671875,-0.035828039050102234,0.4528670310974121,0.47684434056282043,-0.03992375731468201,0.42646944522857666,0.4490770995616913,-0.06306092441082001,0.41937440633773804,0.5196081399917603,-0.04803536832332611,0.4222913980484009,0.5626860857009888,-0.027806540951132774
0.4014487862586975,0.7016602754592896,-8.625211762591789e-07,0.314897358417511,0.648987352848053,-0.01614045351743698,0.2706700563430786,0.5244218707084656,-0.023749493062496185,0.28649988770484924,0.41392260789871216,-0.03660449758172035,0.3097454905509949,0.3332713544368744,-0.043880436569452286,0.28997790813446045,0.45461544394493103,0.006861274130642414,0.26116180419921875,0.3520048260688782,-0.04263018071651459,0.2754579186439514,0.41758808493614197,-0.0709725171327591,0.2944082021713257,0.4881976842880249,-0.07920537889003754,0.3454790413379669,0.45113605260849,-0.0023273343686014414,0.33035922050476074,0.39817288517951965,-0.05937090516090393,0.3412553668022156,0.5013505220413208,-0.07289055734872818,0.35146284103393555,0.5749893188476562,-0.06550070643424988,0.39914023876190186,0.46102145314216614,-0.019797110930085182,0.38006591796875,0.43248945474624634,-0.06894215196371078,0.38298937678337097,0.5366584658622742,-0.057437311857938766,0.38761693239212036,0.6012938618659973,-0.03369719162583351,0.45356351137161255,0.47730860114097595,-0.039604801684617996,0.42512738704681396,0.4483287036418915,-0.06262607127428055,0.41899409890174866,0.5196307897567749,-0.0472593754529953,0.4235747754573822,0.5616664886474609,-0.026910630986094475
0.4024699032306671,0.7018508315086365,-8.652702376821253e-07,0.3151671588420868,0.6470428705215454,-0.016527585685253143,0.27033334970474243,0.5217021703720093,-0.02470102533698082,0.2869606018066406,0.4117816686630249,-0.038193900138139725,0.31087514758110046,0.33158165216445923,-0.0463658943772316,0.29230043292045593,0.4523310363292694,0.006211032159626484,0.26238545775413513,0.3541143834590912,-0.04356801137328148,0.27675193548202515,0.4197882413864136,-0.07279430329799652,0.2964414060115814,0.4894557297229767,-0.08186818659305573,0.34761330485343933,0.44932714104652405,-0.0030458311084657907,0.3313254415988922,0.399197518825531,-0.06057984009385109,0.3423770070075989,0.5025598406791687,-0.07494015991687775,0.3535924255847931,0.5769705176353455,-0.06818585097789764,0.40115299820899963,0.4589385986328125,-0.020581277087330818,0.38132840394973755,0.4315960109233856,-0.0699562057852745,0.3837384283542633,0.5359867215156555,-0.0591072142124176,0.38847941160202026,0.6017914414405823,-0.035737697035074234,0.45499366521835327,0.4753413796424866,-0.04051405191421509,0.4265880584716797,0.44709864258766174,-0.06372641026973724,0.41975390911102295,0.5177730321884155,-0.04876274988055229,0.42426854372024536,0.5604620575904846,-0.02860722318291664
0.4033825695514679,0.7020781636238098,-8.507102506882802e-07,0.3162522315979004,0.6482958793640137,-0.01586386002600193,0.27232688665390015,0.5235021710395813,-0.023545783013105392,0.2888675332069397,0.4126364588737488,-0.036436911672353745,0.31290289759635925,0.33181989192962646,-0.04372590035200119,0.2911985218524933,0.45422422885894775,0.006812987383455038,0.26149803400039673,0.3538024425506592,-0.043176017701625824,0.27620384097099304,0.4194660782814026,-0.07201303541660309,0.29567426443099976,0.48994141817092896,-0.0805579125881195,0.34691116213798523,0.4507366418838501,-0.0025246005970984697,0.3311420977115631,0.3974341154098511,-0.06071457639336586,0.3425261378288269,0.5001012682914734,-0.07480903714895248,0.353288471698761,0.5745924711227417,-0.06741674989461899,0.4010154604911804,0.46019336581230164,-0.020061956718564034,0.3821660876274109,0.4324266314506531,-0.06957187503576279,0.38528090715408325,0.5362012386322021,-0.05785147100687027,0.3896932601928711,0.6007880568504333,-0.033641356974840164,0.4559241533279419,0.47608813643455505,-0.039951637387275696,0.4277036190032959,0.44743651151657104,-0.06240536645054817,0.42186298966407776,0.5178635120391846,-0.04649077728390694,0.42664894461631775,0.5590659379959106,-0.025674836710095406
0.4041064977645874,0.7053320407867432,-8.512009799233056e-07,0.3175257742404938,0.6512411236763,-0.01666562631726265,0.2730643153190613,0.5274376273155212,-0.024867327883839607,0.2900831699371338,0.4163581132888794,-0.03818832337856293,0.3164535462856293,0.3352702260017395,-0.04615344479680061,0.2916295826435089,0.4567664563655853,0.006625515408813953,0.25911402702331543,0.36035284399986267,-0.04473778232932091,0.27657318115234375,0.42333146929740906,-0.07557535916566849,0.29839885234832764,0.492939829826355,-0.08540535718202591,0.34788674116134644,0.4513861835002899,-0.0024918345734477043,0.3329261243343353,0.40513426065444946,-0.0611695721745491,0.3453812003135681,0.5081816911697388,-0.0763520821928978,0.35456210374832153,0.582295298576355,-0.06993390619754791,0.4027213156223297,0.46043306589126587,-0.019960476085543633,0.3846214711666107,0.4355738162994385,-0.07041849941015244,0.3876497149467468,0.5396887063980103,-0.059307146817445755,0.3901429772377014,0.6041178703308105,-0.035452622920274734,0.45772585272789,0.4771893620491028,-0.039809517562389374,0.4310177266597748,0.4503535330295563,-0.06305734068155289,0.4247745871543884,0.5207103490829468,-0.04732297733426094,0.4281778335571289,0.5615321397781372,-0.026394261047244072
0.4043737053871155,0.7060385942459106,-8.577919743402163e-07,0.318179726600647,0.6530879735946655,-0.01702374592423439,0.2737632989883423,0.5284238457679749,-0.025046054273843765,0.2912367880344391,0.41767647862434387,-0.03803573176264763,0.3163726031780243,0.33607912063598633,-0.04562472924590111,0.29202839732170105,0.45603251457214355,0.007638792973011732,0.25997257232666016,0.35970544815063477,-0.0433083139359951,0.27613115310668945,0.42380788922309875,-0.0736866146326065,0.297359824180603,0.49454265832901,-0.0831671729683876,0.34840628504753113,0.45011788606643677,-0.0011147077893838286,0.33260980248451233,0.4051291346549988,-0.058880094438791275,0.34510764479637146,0.5089715123176575,-0.07357106357812881,0.35539156198501587,0.5821519494056702,-0.06688110530376434,0.4030616581439972,0.4589604139328003,-0.01839621551334858,0.38363906741142273,0.43565118312835693,-0.06774317473173141,0.38700395822525024,0.5399532318115234,-0.05634468048810959,0.39045748114585876,0.6028183698654175,-0.032641928642988205,0.4578346312046051,0.4756437838077545,-0.038161344826221466,0.4294077157974243,0.452608197927475,-0.06069746986031532,0.42395198345184326,0.5235829949378967,-0.04507540166378021,0.428448885679245,0.5623812675476074,-0.024403510615229607
0.4046403765678406,0.7061624526977539,-8.645517368677247e-07,0.3189414143562317,0.6539355516433716,-0.01779790222644806,0.2738918960094452,0.529513418674469,-0.026372084394097328,0.29064828157424927,0.4181809723377228,-0.03970462083816528,0.31670835614204407,0.33649760484695435,-0.04745408520102501,0.29214492440223694,0.45600152015686035,0.005939932074397802,0.2592426538467407,0.359973281621933,-0.0456702746450901,0.2763786017894745,0.4246573746204376,-0.07634758949279785,0.29822415113449097,0.494651198387146,-0.08606074750423431,0.3485553562641144,0.44975268840789795,-0.0025134750176221132,0.3331057131290436,0.4043068289756775,-0.061052482575178146,0.3460913598537445,0.5092951059341431,-0.07548891007900238,0.3560692071914673,0.5828184485435486,-0.06856953352689743,0.40301966667175293,0.4582838714122772,-0.019552063196897507,0.38432741165161133,0.43543094396591187,-0.07001256942749023,0.387286514043808,0.5411266088485718,-0.05844815820455551,0.390110582113266,0.6054127812385559,-0.034383151680231094,0.4576534330844879,0.474630206823349,-0.03911435604095459,0.43050429224967957,0.4517824053764343,-0.06275081634521484,0.42403167486190796,0.5239189267158508,-0.04740900173783302,0.42724066972732544,0.5644082427024841,-0.02676871418952942
0.4053942561149597,0.7054657340049744,-8.609981705376413e-07,0.3193172812461853,0.6531578302383423,-0.01750118099153042,0.2745101749897003,0.528963565826416,-0.025964947417378426,0.2917340099811554,0.41759800910949707,-0.039260994642972946,0.31836774945259094,0.33596086502075195,-0.04708079248666763,0.29161855578422546,0.4552140235900879,0.005995755083858967,0.25843268632888794,0.3609841763973236,-0.0455477200448513,0.27735623717308044,0.42565736174583435,-0.0765855461359024,0.29986244440078735,0.49578970670700073,-0.0865708589553833,0.3480677604675293,0.4490196108818054,-0.002648485591635108,0.33260801434516907,0.40548211336135864,-0.060904428362846375,0.34607747197151184,0.5094478130340576,-0.07581277936697006,0.3555866777896881,0.58329838514328,-0.06937743723392487,0.4028359353542328,0.4576021432876587,-0.019788682460784912,0.38451001048088074,0.436195969581604,-0.0699053481221199,0.3878985643386841,0.5408348441123962,-0.05873706191778183,0.39039719104766846,0.6050015091896057,-0.03506609424948692,0.45764192938804626,0.4742170572280884,-0.03942956030368805,0.43093666434288025,0.4514615833759308,-0.0627417266368866,0.42480987310409546,0.5230165719985962,-0.04728661850094795,0.4280604124069214,0.5636063814163208,-0.026608429849147797
0.4053140878677368,0.7050395011901855,-8.779031190897513e-07,0.3198854625225067,0.6537216901779175,-0.017358576878905296,0.2744353115558624,0.5288454294204712,-0.025870414450764656,0.2914828956127167,0.4172842502593994,-0.03913828358054161,0.31807419657707214,0.3358483910560608,-0.04697601869702339,0.2931268811225891,0.45433372259140015,0.005387608427554369,0.26020103693008423,0.36079102754592896,-0.04567789286375046,0.27796754240989685,0.42727088928222656,-0.07619188725948334,0.29955217242240906,0.49772244691848755,-0.08603335916996002,0.3493853807449341,0.4480648934841156,-0.003186027053743601,0.3326553702354431,0.4045076370239258,-0.061105433851480484,0.3454535901546478,0.5097737908363342,-0.07584263384342194,0.35524579882621765,0.5836284756660461,-0.06935650110244751,0.4039810001850128,0.45617881417274475,-0.020121920853853226,0.38355278968811035,0.4352704584598541,-0.06949189305305481,0.38694244623184204,0.5404013991355896,-0.05827440693974495,0.39002755284309387,0.6037467122077942,-0.03479623422026634,0.4585893750190735,0.4719504415988922,-0.039533112198114395,0.42977336049079895,0.45109322667121887,-0.062083955854177475,0.4241945743560791,0.522016167640686,-0.046724166721105576,0.42845436930656433,0.5602592825889587,-0.026351138949394226
0.4045514464378357,0.7065844535827637,-8.664097777000279e-07,0.3180113136768341,0.6531788110733032,-0.01765899360179901,0.27359864115715027,0.528282105922699,-0.025876279920339584,0.29070937633514404,0.41764259338378906,-0.03892885148525238,0.3159405589103699,0.3358480632305145,-0.04649115353822708,0.29326337575912476,0.452944815158844,0.008448073640465736,0.2598990797996521,0.3600350320339203,-0.04301689192652702,0.27654677629470825,0.42448464035987854,-0.07404952496290207,0.2977268099784851,0.49567922949790955,-0.08373891562223434,0.34911784529685974,0.4466991722583771,0.00028958296752534807,0.3325453996658325,0.4049878716468811,-0.05813639611005783,0.34442681074142456,0.509982168674469,-0.0737907811999321,0.35364681482315063,0.5841169953346252,-0.06744145601987839,0.4036101996898651,0.4554044008255005,-0.01649262197315693,0.38412758708000183,0.4357747733592987,-0.06720587611198425,0.38618409633636475,0.5410551428794861,-0.057276010513305664,0.38853180408477783,0.6048193573951721,-0.03389841318130493,0.45819228887557983,0.47199583053588867,-0.035650983452796936,0.43023598194122314,0.45137596130371094,-0.059263404458761215,0.42395418882369995,0.5220139026641846,-0.044566940516233444,0.42754143476486206,0.5609191060066223,-0.02404656633734703
0.40512603521347046,0.7072294354438782,-8.641772524242697e-07,0.3180074691772461,0.6544631123542786,-0.0181166622787714,0.2731698155403137,0.5289433598518372,-0.026516800746321678,0.2901422679424286,0.41760265827178955,-0.03976032882928848,0.3159254789352417,0.33554017543792725,-0.04739566892385483,0.2934891879558563,0.45422595739364624,0.008476177230477333,0.2596856653690338,0.3614760935306549,-0.04319193214178085,0.27710625529289246,0.4258993864059448,-0.07454655319452286,0.29897743463516235,0.49738383293151855,-0.08441134542226791,0.34939348697662354,0.447868674993515,0.0005171337979845703,0.33205851912498474,0.40510451793670654,-0.057766400277614594,0.3446018099784851,0.5087286233901978,-0.0736110731959343,0.3544604182243347,0.5832391381263733,-0.06753841042518616,0.4037923812866211,0.4561232328414917,-0.016168538480997086,0.3840467631816864,0.43521976470947266,-0.0669289156794548,0.38629359006881714,0.5400238633155823,-0.0573621466755867,0.3889002203941345,0.605231761932373,-0.0342705212533474,0.45830342173576355,0.4721274673938751,-0.03532359376549721,0.43028903007507324,0.45092278718948364,-0.05929769575595856,0.42330804467201233,0.5215308666229248,-0.0451468750834465,0.42634710669517517,0.5621216893196106,-0.025021176785230637
0.40470680594444275,0.7089544534683228,-8.599998295721889e-07,0.3178906738758087,0.6568208336830139,-0.018472738564014435,0.2729462683200836,0.5300362706184387,-0.026729365810751915,0.2902279496192932,0.418256551027298,-0.039724815636873245,0.3162396252155304,0.33658266067504883,-0.04708060249686241,0.2928374707698822,0.4567882716655731,0.00740346172824502,0.25924915075302124,0.3627171814441681,-0.044439010322093964,0.2767881751060486,0.4270881712436676,-0.07580636441707611,0.2986108660697937,0.49892011284828186,-0.08573821932077408,0.34882819652557373,0.4506802558898926,-0.00047220507985912263,0.33253347873687744,0.40632688999176025,-0.05890737473964691,0.34533825516700745,0.5102933645248413,-0.0744125097990036,0.35491350293159485,0.5844316482543945,-0.06817086786031723,0.4034290313720703,0.4595063626766205,-0.01707865111529827,0.38474035263061523,0.4360218346118927,-0.06785953044891357,0.38686197996139526,0.5413137674331665,-0.05751026049256325,0.3889506459236145,0.6064640879631042,-0.03398839756846428,0.4579622745513916,0.47597429156303406,-0.03620919957756996,0.4317875802516937,0.4515102505683899,-0.06030461937189102,0.4246581196784973,0.5214476585388184,-0.0456821508705616,0.4272797107696533,0.5617161393165588,-0.025243712589144707
0.4064527451992035,0.7122661471366882,-8.901282058104698e-07,0.3209797143936157,0.6606540679931641,-0.01802515983581543,0.2758505344390869,0.5344990491867065,-0.026945019140839577,0.29387810826301575,0.42194628715515137,-0.040450651198625565,0.3218698501586914,0.33881548047065735,-0.0487876757979393,0.2957378625869751,0.4561252295970917,0.004836113657802343,0.2628132700920105,0.3678300678730011,-0.04667772352695465,0.28322380781173706,0.4371604025363922,-0.07772976160049438,0.30643245577812195,0.5081082582473755,-0.08805511146783829,0.3528502285480499,0.450039803981781,-0.003839270444586873,0.3335134983062744,0.40759605169296265,-0.06132388487458229,0.3476794362068176,0.513661801815033,-0.07630457729101181,0.3586784601211548,0.5874822735786438,-0.07033023983240128,0.40804627537727356,0.4591599702835083,-0.02092129923403263,0.3856637477874756,0.43876567482948303,-0.070821113884449,0.3886744976043701,0.5465073585510254,-0.05955547094345093,0.3911921977996826,0.611075758934021,-0.03607948496937752,0.4629375636577606,0.4770772457122803,-0.040448613464832306,0.4321502447128296,0.45754772424697876,-0.06388398259878159,0.4253880977630615,0.5322885513305664,-0.04820720851421356,0.4288288950920105,0.573234498500824,-0.027516428381204605
0.40596064925193787,0.7124602198600769,-8.720041932974709e-07,0.31967487931251526,0.6598953008651733,-0.01827774941921234,0.2772562503814697,0.5327704548835754,-0.026455162093043327,0.2964886426925659,0.4209108054637909,-0.03919478878378868,0.323141872882843,0.33882030844688416,-0.046644482761621475,0.2981429994106293,0.4534333646297455,0.00944380834698677,0.2647651731967926,0.37150490283966064,-0.042325858026742935,0.2853155732154846,0.43810468912124634,-0.07483562082052231,0.30919349193573,0.5089885592460632,-0.0858033150434494,0.3546094000339508,0.44753119349479675,0.0014565447345376015,0.335627019405365,0.4096945524215698,-0.05559134483337402,0.3481566905975342,0.5142180323600769,-0.07198496907949448,0.3575477600097656,0.5883461236953735,-0.06688523292541504,0.40939611196517944,0.4572119414806366,-0.015297254547476768,0.3872659206390381,0.4400060176849365,-0.06564738601446152,0.38880035281181335,0.5470895767211914,-0.05603896826505661,0.39027926325798035,0.6118895411491394,-0.033307015895843506,0.46350711584091187,0.4755769968032837,-0.03456219285726547,0.4341141879558563,0.4593212306499481,-0.05856265500187874,0.4260251820087433,0.5327851176261902,-0.04425715655088425,0.4280869662761688,0.5726355314254761,-0.024218112230300903
0.40536952018737793,0.7117227911949158,-8.496172085870057e-07,0.31827312707901,0.6603473424911499,-0.01805269345641136,0.27660036087036133,0.5338387489318848,-0.02527463808655739,0.29663172364234924,0.4219929575920105,-0.03702516108751297,0.32504725456237793,0.3413090705871582,-0.043531935662031174,0.2989441454410553,0.45623138546943665,0.010490957647562027,0.26626056432724,0.3700670599937439,-0.04013977199792862,0.28351643681526184,0.43361368775367737,-0.07120627164840698,0.3065357804298401,0.5032066106796265,-0.08135434240102768,0.35530760884284973,0.4505347013473511,0.0028544189408421516,0.3376038372516632,0.4082794487476349,-0.05349387228488922,0.3490109443664551,0.5125589966773987,-0.06863157451152802,0.3593670427799225,0.5848413109779358,-0.06267055869102478,0.4098348319530487,0.4608292281627655,-0.01356518268585205,0.388499915599823,0.43917059898376465,-0.06413353234529495,0.38890281319618225,0.5472930669784546,-0.053667351603507996,0.3911837041378021,0.61173015832901,-0.030284764245152473,0.4640621244907379,0.47995179891586304,-0.03242981433868408,0.4355023503303528,0.4604456424713135,-0.05753805488348007,0.4267491400241852,0.5337468385696411,-0.043665800243616104,0.4289999008178711,0.5731407403945923,-0.023847438395023346
0.4054015576839447,0.715458869934082,-8.950137271312997e-07,0.3200629949569702,0.6632915139198303,-0.01890173740684986,0.2786561846733093,0.5360774397850037,-0.027217647060751915,0.2978118062019348,0.42395150661468506,-0.03988315537571907,0.32474201917648315,0.34100455045700073,-0.047275301069021225,0.3023104667663574,0.4514461159706116,0.009760512039065361,0.2684631645679474,0.3711015582084656,-0.041002675890922546,0.2859341502189636,0.4400932490825653,-0.07281657308340073,0.3077816665172577,0.5107518434524536,-0.08365262299776077,0.3584774434566498,0.4451504945755005,0.002472843276336789,0.33761927485466003,0.41123154759407043,-0.052994489669799805,0.3483563959598541,0.5164610147476196,-0.0688270777463913,0.35663264989852905,0.5891984701156616,-0.06399606168270111,0.4125150442123413,0.4555128216743469,-0.013616209849715233,0.3885357975959778,0.44155585765838623,-0.06328751891851425,0.3881874680519104,0.5498752593994141,-0.053915586322546005,0.38823506236076355,0.6157717704772949,-0.03178214281797409,0.46570342779159546,0.4753456711769104,-0.03226737305521965,0.43482866883277893,0.4633427560329437,-0.056786783039569855,0.42551475763320923,0.5380529761314392,-0.04350631311535835,0.4259726107120514,0.579255223274231,-0.02430320531129837
0.40533560514450073,0.7134654521942139,-8.95722564564494e-07,0.3206269145011902,0.6617558598518372,-0.018892664462327957,0.279843270778656,0.5356676578521729,-0.026797449216246605,0.3006748855113983,0.42447906732559204,-0.0389283113181591,0.3292985260486603,0.34305286407470703,-0.04578646272420883,0.3034190237522125,0.45245644450187683,0.008384782820940018,0.26853108406066895,0.3697097897529602,-0.04250335693359375,0.2832534909248352,0.43992266058921814,-0.07329145818948746,0.3048032522201538,0.5123330354690552,-0.0831664428114891,0.35971352458000183,0.44722381234169006,0.0013300218852236867,0.3381463289260864,0.4091290533542633,-0.05503637343645096,0.3485856056213379,0.5159565210342407,-0.06984568387269974,0.3596826195716858,0.5873804092407227,-0.06368901580572128,0.4136625826358795,0.458230197429657,-0.014463958330452442,0.39071860909461975,0.4414599537849426,-0.06564972549676895,0.3886249363422394,0.5522462129592896,-0.05547281727194786,0.38972070813179016,0.6169323921203613,-0.032055072486400604,0.46686306595802307,0.47833871841430664,-0.03266539052128792,0.4363722503185272,0.46340638399124146,-0.05833966284990311,0.42543014883995056,0.539425790309906,-0.0447721965610981,0.42647141218185425,0.5802005529403687,-0.024932892993092537
0.4048658609390259,0.7155506610870361,-8.871101613294741e-07,0.31961578130722046,0.6611659526824951,-0.018630441278219223,0.2799467146396637,0.535003125667572,-0.027073610574007034,0.30166542530059814,0.42412203550338745,-0.03978529945015907,0.330354779958725,0.34233516454696655,-0.04741031676530838,0.3052864968776703,0.4517177939414978,0.009024732746183872,0.27056756615638733,0.3705245554447174,-0.04233192652463913,0.28563249111175537,0.4403383731842041,-0.07416075468063354,0.3067690432071686,0.5131655335426331,-0.08461964875459671,0.3612687587738037,0.447160542011261,0.0017482483526691794,0.34015461802482605,0.41015365719795227,-0.05468714237213135,0.35019001364707947,0.5169985294342041,-0.07029011845588684,0.3601112365722656,0.5901179313659668,-0.06473810970783234,0.41491761803627014,0.4586729109287262,-0.014224287122488022,0.3918660283088684,0.44199660420417786,-0.06552737206220627,0.38946133852005005,0.5524691343307495,-0.05578509718179703,0.3898065686225891,0.6187883615493774,-0.032596517354249954,0.46770691871643066,0.4796759784221649,-0.03253336623311043,0.43644246459007263,0.46410128474235535,-0.05827817693352699,0.4257487654685974,0.5411399602890015,-0.04428314417600632,0.4265894591808319,0.5841096043586731,-0.023960022255778313
0.403849720954895,0.7149884700775146,-8.920862342165492e-07,0.32021066546440125,0.6625616550445557,-0.018587443977594376,0.28063327074050903,0.5361096262931824,-0.026646152138710022,0.3019430637359619,0.42515069246292114,-0.038826290518045425,0.3301636576652527,0.3430268168449402,-0.04595068469643593,0.3051010072231293,0.4514326751232147,0.007733261678367853,0.2698397636413574,0.3698689639568329,-0.04287048801779747,0.28400513529777527,0.4391826093196869,-0.07339261472225189,0.3053239583969116,0.5119983553886414,-0.08289482444524765,0.36097654700279236,0.4467349052429199,0.0008530996856279671,0.3393910527229309,0.40942448377609253,-0.0551324188709259,0.34931355714797974,0.5161647200584412,-0.06964915990829468,0.3601941168308258,0.588844358921051,-0.06316625326871872,0.414490669965744,0.45849740505218506,-0.014589322730898857,0.3918163776397705,0.4432276487350464,-0.06571746617555618,0.3893264830112457,0.5539692640304565,-0.055629484355449677,0.39033806324005127,0.6194053888320923,-0.03207181766629219,0.46725133061408997,0.4798535406589508,-0.03229014202952385,0.4367298185825348,0.46366894245147705,-0.0578400082886219,0.42554324865341187,0.5402747392654419,-0.04390836879611015,0.42627546191215515,0.5825312733650208,-0.023615840822458267
0.4037105441093445,0.7167530059814453,-8.867055498740228e-07,0.31930112838745117,0.6610825061798096,-0.018204299733042717,0.2815343737602234,0.5350966453552246,-0.026191607117652893,0.303984671831131,0.42518293857574463,-0.03856277093291283,0.33229273557662964,0.34417787194252014,-0.0458761528134346,0.30718785524368286,0.45118725299835205,0.010248341597616673,0.27213501930236816,0.37135472893714905,-0.03995610401034355,0.2856966555118561,0.441301167011261,-0.07131879031658173,0.30594414472579956,0.5143069624900818,-0.08161535114049911,0.36347225308418274,0.44610315561294556,0.003139834851026535,0.34150388836860657,0.409492552280426,-0.05231422185897827,0.3501191735267639,0.5148414969444275,-0.06821508705615997,0.358978807926178,0.5892508029937744,-0.06297477334737778,0.41701242327690125,0.45783719420433044,-0.01252775453031063,0.3931382894515991,0.44341981410980225,-0.06295473128557205,0.389278382062912,0.5530205965042114,-0.054022498428821564,0.38806959986686707,0.6211116313934326,-0.03150758519768715,0.4688929617404938,0.47938379645347595,-0.030519280582666397,0.43733322620391846,0.46667715907096863,-0.05600525811314583,0.4256475269794464,0.5419843792915344,-0.0427885465323925,0.42516419291496277,0.5856340527534485,-0.023016201332211494
0.4027887284755707,0.7157648801803589,-8.889159630598442e-07,0.32047826051712036,0.6614671945571899,-0.018973568454384804,0.28356122970581055,0.5363239645957947,-0.027379542589187622,0.3066025674343109,0.4273403584957123,-0.039839208126068115,0.33483386039733887,0.346474826335907,-0.04722132161259651,0.3089230954647064,0.4531306028366089,0.006805852986872196,0.27465522289276123,0.3687555193901062,-0.04321093484759331,0.2855510115623474,0.43857187032699585,-0.07324894517660141,0.30407750606536865,0.5113434791564941,-0.0827338695526123,0.36472639441490173,0.4489549398422241,3.956459113396704e-05,0.34222525358200073,0.409512996673584,-0.05552658811211586,0.3494826555252075,0.5150342583656311,-0.06991200149059296,0.35827961564064026,0.5881624221801758,-0.06365817040205002,0.41788798570632935,0.4611208736896515,-0.015232142060995102,0.39440417289733887,0.44369885325431824,-0.06591131538152695,0.3894023597240448,0.5542904138565063,-0.05598849058151245,0.3880237340927124,0.6215569376945496,-0.032850779592990875,0.4697129428386688,0.48289936780929565,-0.03283501788973808,0.4385012984275818,0.4671832025051117,-0.05893386900424957,0.4254882335662842,0.5440446734428406,-0.04569532722234726,0.42443305253982544,0.588175356388092,-0.025957776233553886
0.40265968441963196,0.7167260646820068,-9.074651075025031e-07,0.31922560930252075,0.6584550738334656,-0.0181835126131773,0.28465500473976135,0.5334327816963196,-0.02672998048365116,0.3084408640861511,0.4254615604877472,-0.03972191363573074,0.3364759087562561,0.34558582305908203,-0.04771970957517624,0.31354019045829773,0.45034706592559814,0.009152363985776901,0.28030434250831604,0.37228259444236755,-0.04088400676846504,0.2928808927536011,0.4454844295978546,-0.07176215946674347,0.3113211393356323,0.5177770853042603,-0.08188371360301971,0.3688671588897705,0.44792118668556213,0.001846734550781548,0.3459184765815735,0.41189301013946533,-0.05270721763372421,0.35180243849754333,0.5173764228820801,-0.06794555485248566,0.35863348841667175,0.5903266668319702,-0.06286641955375671,0.42152899503707886,0.4612668454647064,-0.013965950347483158,0.3964889943599701,0.4456315338611603,-0.06432845443487167,0.39000070095062256,0.5553457140922546,-0.05527675524353981,0.38778454065322876,0.6232187151908875,-0.03289530426263809,0.4729200601577759,0.48433613777160645,-0.03202447667717934,0.44011545181274414,0.4680651128292084,-0.05773765221238136,0.4265703558921814,0.5444182753562927,-0.04441564902663231,0.42544838786125183,0.5900707244873047,-0.02468748576939106
0.40069204568862915,0.7158558368682861,-8.736358836358704e-07,0.3201231360435486,0.6591549515724182,-0.017771149054169655,0.286574125289917,0.5341954827308655,-0.025589533150196075,0.3109303116798401,0.4269978404045105,-0.03758382424712181,0.33955129981040955,0.3472360372543335,-0.0447787307202816,0.31189268827438354,0.45355623960494995,0.0066281831823289394,0.2801983654499054,0.368595153093338,-0.04284435510635376,0.2904566526412964,0.43777790665626526,-0.07174264639616013,0.30779677629470825,0.5098704695701599,-0.08026374131441116,0.3672330379486084,0.45302239060401917,-0.0005377779016271234,0.34732046723365784,0.4095195531845093,-0.055484842509031296,0.3515508472919464,0.5149092674255371,-0.06871818751096725,0.3582380712032318,0.5872921943664551,-0.06161433830857277,0.42015764117240906,0.4680352807044983,-0.016026977449655533,0.39860430359840393,0.44572651386260986,-0.06729746609926224,0.3913195729255676,0.5567255616188049,-0.05703337490558624,0.3892848491668701,0.6232196092605591,-0.033273715525865555,0.4721009135246277,0.49225732684135437,-0.03351904824376106,0.44314390420913696,0.4681742191314697,-0.06031212583184242,0.42812514305114746,0.5451014041900635,-0.04681470990180969,0.42585501074790955,0.590186595916748,-0.026703033596277237
0.4048033654689789,0.7188530564308167,-8.814412808533234e-07,0.3252759277820587,0.6509718894958496,-0.017217407003045082,0.2989000678062439,0.5249689221382141,-0.025874778628349304,0.3289497196674347,0.4217868447303772,-0.039076123386621475,0.36284154653549194,0.34598201513290405,-0.047610145062208176,0.33129021525382996,0.4514487683773041,0.005912459455430508,0.3051537275314331,0.3649524450302124,-0.042261768132448196,0.31082820892333984,0.43546950817108154,-0.07086136192083359,0.3219829201698303,0.5079312324523926,-0.07967006415128708,0.3856413960456848,0.45643866062164307,-0.0015928156208246946,0.3657315969467163,0.41416922211647034,-0.05494501814246178,0.3640706241130829,0.5163886547088623,-0.06875257194042206,0.3649234473705292,0.5901737809181213,-0.06304977834224701,0.4367331862449646,0.475150465965271,-0.017123732715845108,0.4139600098133087,0.45231616497039795,-0.06664302200078964,0.4011762738227844,0.559639036655426,-0.05753933638334274,0.39391031861305237,0.6292563676834106,-0.035402435809373856,0.4866299629211426,0.5025429129600525,-0.03468037396669388,0.45714429020881653,0.4780939817428589,-0.061020076274871826,0.43744564056396484,0.5515861511230469,-0.04839656502008438,0.42961931228637695,0.5996939539909363,-0.02924482151865959
0.4077184498310089,0.7259073853492737,-8.753780207371165e-07,0.32896095514297485,0.6590036749839783,-0.018735099583864212,0.305549681186676,0.5265752673149109,-0.02526829205453396,0.33695948123931885,0.423186331987381,-0.035385116934776306,0.36742308735847473,0.3460005819797516,-0.04083922132849693,0.33601295948028564,0.4379512667655945,0.007824045605957508,0.3017505407333374,0.36706799268722534,-0.04066700488328934,0.31161102652549744,0.43811628222465515,-0.07103802263736725,0.3273756802082062,0.5127233862876892,-0.08075162768363953,0.392838716506958,0.43751922249794006,0.00227435608394444,0.3653213679790497,0.41322582960128784,-0.04996594041585922,0.3668941855430603,0.5175653696060181,-0.06433858722448349,0.3699837028980255,0.5925032496452332,-0.058609914034605026,0.4443199336528778,0.4570152759552002,-0.011632023379206657,0.41442686319351196,0.45954543352127075,-0.05913995951414108,0.4014923572540283,0.5675823092460632,-0.05102428048849106,0.3940688669681549,0.6365914344787598,-0.029695013538002968,0.49130532145500183,0.4881833493709564,-0.028122765943408012,0.4560055434703827,0.4948051869869232,-0.05286659672856331,0.43777626752853394,0.5680408477783203,-0.04215569049119949,0.4325350522994995,0.6108348965644836,-0.0240948423743248
0.4083007574081421,0.7305076122283936,-9.266013307751564e-07,0.3333214521408081,0.6599519848823547,-0.01950860396027565,0.3126172423362732,0.5232774019241333,-0.025776894763112068,0.3412405848503113,0.4205418527126312,-0.03543592989444733,0.3701283931732178,0.34147557616233826,-0.04052027314901352,0.34357279539108276,0.4324442744255066,0.006298122461885214,0.3062300682067871,0.3668445944786072,-0.03958393260836601,0.3132764995098114,0.44057339429855347,-0.06828596442937851,0.3268691897392273,0.5140191912651062,-0.07720021903514862,0.4010215997695923,0.43224844336509705,0.0020638806745409966,0.3685227632522583,0.4244568347930908,-0.046570200473070145,0.3686763644218445,0.527953565120697,-0.06020548939704895,0.3705197274684906,0.6001530885696411,-0.055284544825553894,0.4522823691368103,0.45389524102211,-0.010316260159015656,0.41940876841545105,0.46579355001449585,-0.054824769496917725,0.40579473972320557,0.5723351836204529,-0.04706132784485817,0.39842334389686584,0.640227198600769,-0.02711975760757923,0.4975653290748596,0.48833411931991577,-0.02539319545030594,0.46295690536499023,0.49198031425476074,-0.04806932434439659,0.44207337498664856,0.5658299922943115,-0.03695041313767433,0.4348093867301941,0.6107596755027771,-0.019184907898306847
0.4032670259475708,0.7261514663696289,-9.035742891683185e-07,0.3334559202194214,0.6569932699203491,-0.018391523510217667,0.3157278597354889,0.5190038681030273,-0.024342568591237068,0.34425127506256104,0.4153286814689636,-0.03383375331759453,0.3685001730918884,0.33370983600616455,-0.03885449841618538,0.3434274196624756,0.43462371826171875,0.006439493037760258,0.30646654963493347,0.36341726779937744,-0.040331192314624786,0.3116357624530792,0.4347045421600342,-0.0679413378238678,0.32343798875808716,0.5078163743019104,-0.07551135122776031,0.4005153477191925,0.4363529682159424,0.0012677798513323069,0.3680915832519531,0.41300177574157715,-0.04827454686164856,0.36819759011268616,0.5177070498466492,-0.06072394922375679,0.3709135055541992,0.5901475548744202,-0.05432172492146492,0.4510895907878876,0.4585193693637848,-0.012049835175275803,0.41662609577178955,0.45812344551086426,-0.05751987546682358,0.404809832572937,0.5674216747283936,-0.04809212312102318,0.3993491530418396,0.6345705389976501,-0.026483822613954544,0.49519941210746765,0.49243783950805664,-0.027825012803077698,0.45939502120018005,0.4888087809085846,-0.05037400498986244,0.440843403339386,0.5625066161155701,-0.03818255662918091,0.4366530179977417,0.6046525835990906,-0.019721737131476402
0.39491701126098633,0.7178710103034973,-7.883937200858782e-07,0.3355495035648346,0.6467093229293823,-0.01936272904276848,0.3221471607685089,0.5120348930358887,-0.025584984570741653,0.34468874335289,0.4083302915096283,-0.03535868600010872,0.3555278182029724,0.32202857732772827,-0.040970876812934875,0.3376341760158539,0.44120997190475464,0.009938659146428108,0.30590537190437317,0.36197179555892944,-0.03902153670787811,0.31310394406318665,0.4275985360145569,-0.06762206554412842,0.3243463635444641,0.49573183059692383,-0.07478393614292145,0.3915834426879883,0.4471849501132965,0.0038617164827883244,0.3682478368282318,0.38556432723999023,-0.04848649725317955,0.36303892731666565,0.4828092157840729,-0.06336542963981628,0.36278414726257324,0.5566840171813965,-0.056233666837215424,0.4420332908630371,0.47024503350257874,-0.010739759542047977,0.41149720549583435,0.4456784427165985,-0.06136733293533325,0.39721235632896423,0.5541072487831116,-0.05544739216566086,0.39199602603912354,0.621645450592041,-0.03319138288497925,0.4884709119796753,0.5028961300849915,-0.027248458936810493,0.4499348998069763,0.4816541075706482,-0.054023873060941696,0.4306568503379822,0.5569632053375244,-0.04272312670946121,0.42618709802627563,0.6035190224647522,-0.023411933332681656
0.39456385374069214,0.7159756422042847,-7.920150437712437e-07,0.33480891585350037,0.6416264772415161,-0.018627135083079338,0.3211182951927185,0.507497251033783,-0.024759164080023766,0.3428007662296295,0.403682678937912,-0.03451085090637207,0.35482925176620483,0.31648924946784973,-0.04044533893465996,0.3375207483768463,0.4395187497138977,0.010447761975228786,0.30508023500442505,0.3620232343673706,-0.037734080106019974,0.31061968207359314,0.4242996871471405,-0.06581640243530273,0.3207602798938751,0.49114924669265747,-0.07289983332157135,0.39167851209640503,0.4450257420539856,0.00417345343157649,0.3682904839515686,0.3859475255012512,-0.04813060536980629,0.36189931631088257,0.48359447717666626,-0.0631651058793068,0.36083006858825684,0.558273434638977,-0.056293997913599014,0.4422932267189026,0.4673645794391632,-0.01043251994997263,0.4101346731185913,0.44500070810317993,-0.061453454196453094,0.39574384689331055,0.5533255338668823,-0.055992696434259415,0.39084160327911377,0.6215332746505737,-0.03396569564938545,0.48827528953552246,0.49966099858283997,-0.026771925389766693,0.4470830261707306,0.48136425018310547,-0.05415364354848862,0.42823871970176697,0.5575278401374817,-0.04329445958137512,0.42467477917671204,0.6049345135688782,-0.024202879518270493
0.3929137587547302,0.7128424644470215,-8.158144169101433e-07,0.3330056071281433,0.6393916010856628,-0.01762816123664379,0.3176477551460266,0.5041089653968811,-0.023349212482571602,0.3388088345527649,0.4004970192909241,-0.032871466130018234,0.35211828351020813,0.31348296999931335,-0.038880039006471634,0.3375297486782074,0.4363749027252197,0.010892070829868317,0.3054826259613037,0.35745805501937866,-0.03665411099791527,0.30870646238327026,0.41893070936203003,-0.0648818388581276,0.3173559010028839,0.4872952103614807,-0.07229764759540558,0.3919311463832855,0.4422445595264435,0.004717687610536814,0.36836791038513184,0.3892871141433716,-0.04620501771569252,0.35992151498794556,0.486402690410614,-0.06094805523753166,0.3577045202255249,0.5597401261329651,-0.054685115814208984,0.44227901101112366,0.46499162912368774,-0.00973180029541254,0.40939825773239136,0.44366320967674255,-0.058724965900182724,0.39376100897789,0.5504231452941895,-0.05304399132728577,0.3884143531322479,0.6181759238243103,-0.0318826325237751,0.4881141483783722,0.4973190426826477,-0.02592666819691658,0.4459232687950134,0.4815855324268341,-0.05252716317772865,0.42742618918418884,0.5566354393959045,-0.042248792946338654,0.42526066303253174,0.6030857563018799,-0.023948909714818
0.3953768014907837,0.7126932740211487,-8.334752692462644e-07,0.3344401717185974,0.6382138729095459,-0.017362534999847412,0.31844478845596313,0.5034482479095459,-0.022139163687825203,0.3364265263080597,0.400376558303833,-0.03056623972952366,0.34691596031188965,0.31404954195022583,-0.03561337664723396,0.34102708101272583,0.4341265559196472,0.011668624356389046,0.3054683804512024,0.3596823811531067,-0.03363442420959473,0.3057280480861664,0.4187038242816925,-0.06013102829456329,0.3127298951148987,0.48469704389572144,-0.06687752157449722,0.3952317535877228,0.43811020255088806,0.006288343574851751,0.3651055693626404,0.39072856307029724,-0.042697880417108536,0.3576768934726715,0.4864272475242615,-0.05714217200875282,0.3566280007362366,0.5587043166160583,-0.05125974491238594,0.44534122943878174,0.4594399929046631,-0.007071513682603836,0.4068280756473541,0.44616732001304626,-0.05536616966128349,0.3923411965370178,0.5534287095069885,-0.050647903233766556,0.38715046644210815,0.6215742230415344,-0.03042726218700409,0.4899008572101593,0.49153268337249756,-0.022079596295952797,0.4432239234447479,0.48559874296188354,-0.04892893135547638,0.42510414123535156,0.5614992380142212,-0.040134262293577194,0.42222562432289124,0.6080845594406128,-0.02293449081480503
0.397543340921402,0.7132570743560791,-8.00366308340017e-07,0.3364964723587036,0.6412363648414612,-0.01844780333340168,0.3197992444038391,0.5071417093276978,-0.02361133135855198,0.33742088079452515,0.4037534296512604,-0.031960904598236084,0.34685367345809937,0.3175457715988159,-0.036701638251543045,0.3371199071407318,0.4385254383087158,0.008453515358269215,0.30132001638412476,0.35921281576156616,-0.036814555525779724,0.30528366565704346,0.4179578125476837,-0.06320226937532425,0.3142303228378296,0.4857233464717865,-0.06981031596660614,0.392336368560791,0.44098976254463196,0.0036293098237365484,0.3647392690181732,0.39266493916511536,-0.045204032212495804,0.3588775098323822,0.48665863275527954,-0.059489741921424866,0.357059121131897,0.5584518909454346,-0.053774960339069366,0.4436953663825989,0.4614889621734619,-0.009052453562617302,0.4081895649433136,0.4468298852443695,-0.05692586675286293,0.39406758546829224,0.5528075098991394,-0.05210331082344055,0.3876495957374573,0.6210598945617676,-0.03224746882915497,0.4898073375225067,0.4923860430717468,-0.023485053330659866,0.4458102583885193,0.4845469295978546,-0.050775252282619476,0.42741984128952026,0.5606734752655029,-0.04185180738568306,0.4234515130519867,0.6087431311607361,-0.02458956092596054
0.4008601903915405,0.7157355546951294,-8.302370133606018e-07,0.3376208245754242,0.6448796987533569,-0.01765250228345394,0.31825217604637146,0.5121986865997314,-0.023015569895505905,0.3354930877685547,0.4067375957965851,-0.032220207154750824,0.3440851867198944,0.31876325607299805,-0.03783509135246277,0.33860042691230774,0.4375050663948059,0.010726895183324814,0.3014768064022064,0.35461318492889404,-0.03561705723404884,0.30442264676094055,0.41454192996025085,-0.06275013089179993,0.3138304650783539,0.4814130961894989,-0.06973149627447128,0.3933759033679962,0.4397551715373993,0.0051015643402934074,0.36326903104782104,0.39162877202033997,-0.044392649084329605,0.35919514298439026,0.48798179626464844,-0.0587385855615139,0.35973837971687317,0.5592241287231445,-0.05288183316588402,0.4440407156944275,0.4604170322418213,-0.008619639091193676,0.407232403755188,0.4464849829673767,-0.05717790126800537,0.3943479061126709,0.5543999671936035,-0.051975447684526443,0.3893626630306244,0.6225468516349792,-0.03156682848930359,0.4899154305458069,0.4918401837348938,-0.02414451166987419,0.44546136260032654,0.4850631654262543,-0.05159333348274231,0.4272308945655823,0.5615009665489197,-0.04271048307418823,0.42297977209091187,0.6090120077133179,-0.025329703465104103
0.4061012864112854,0.7228279113769531,-9.047795970218431e-07,0.33161503076553345,0.6541997194290161,-0.015785738825798035,0.3082904815673828,0.5205117464065552,-0.020917199552059174,0.33005136251449585,0.4162672162055969,-0.030448472127318382,0.34594565629959106,0.3319920599460602,-0.036212652921676636,0.33868056535720825,0.43870389461517334,0.009807606227695942,0.2989698350429535,0.3585057854652405,-0.0362963005900383,0.3010355830192566,0.4215301275253296,-0.06346945464611053,0.3117738664150238,0.49044695496559143,-0.07087921351194382,0.393482506275177,0.4399782717227936,0.0031196086201816797,0.3578566610813141,0.4066254496574402,-0.046492960304021835,0.35945719480514526,0.5054171681404114,-0.060071662068367004,0.36482569575309753,0.5773318409919739,-0.05439497530460358,0.44379737973213196,0.45895567536354065,-0.011441526934504509,0.40471214056015015,0.45182299613952637,-0.05818125978112221,0.39632323384284973,0.5594703555107117,-0.05121441185474396,0.3944263756275177,0.6278871297836304,-0.03087105229496956,0.490620493888855,0.4891590476036072,-0.028026822954416275,0.44561898708343506,0.4854191243648529,-0.05353217199444771,0.42893993854522705,0.5614182353019714,-0.0437626950442791,0.4268510937690735,0.6081446409225464,-0.02639317512512207
0.40491464734077454,0.7227205634117126,-9.297754672843439e-07,0.33045852184295654,0.654317319393158,-0.014965810813009739,0.3064909875392914,0.5228331685066223,-0.020376641303300858,0.3299727439880371,0.4196358025074005,-0.030414672568440437,0.3489322066307068,0.3376273810863495,-0.03649144619703293,0.3359552025794983,0.44272297620773315,0.009296298027038574,0.29654330015182495,0.35964226722717285,-0.0374162457883358,0.29871928691864014,0.42471593618392944,-0.06450100988149643,0.3106629252433777,0.4951004385948181,-0.0717664361000061,0.39041900634765625,0.44364577531814575,0.0016571541782468557,0.3552184998989105,0.41137707233428955,-0.049403585493564606,0.35785800218582153,0.5115005373954773,-0.06300558894872665,0.3640604317188263,0.5831177234649658,-0.057157598435878754,0.4413095712661743,0.4620378613471985,-0.013832549564540386,0.40315431356430054,0.45595312118530273,-0.061612822115421295,0.39539635181427,0.565048336982727,-0.054038770496845245,0.3936009705066681,0.6325159668922424,-0.03319866210222244,0.48906031250953674,0.49130791425704956,-0.03125579655170441,0.4446415305137634,0.48617783188819885,-0.05657614395022392,0.4274303913116455,0.5637114644050598,-0.045771289616823196,0.4246511459350586,0.6104591488838196,-0.027903888374567032
0.4033808410167694,0.7221871614456177,-9.126204076892463e-07,0.32777443528175354,0.6561138033866882,-0.01605161279439926,0.3002239763736725,0.5252436399459839,-0.022111449390649796,0.3224116563796997,0.42226672172546387,-0.03253531828522682,0.34338170289993286,0.3400930166244507,-0.03889582306146622,0.3296329975128174,0.442847341299057,0.008557348512113094,0.2909306287765503,0.36391857266426086,-0.03801729530096054,0.29604917764663696,0.4300116300582886,-0.06570874154567719,0.3099955916404724,0.5003349184989929,-0.07366243749856949,0.38463762402534485,0.442116916179657,0.0017045268323272467,0.351765513420105,0.41300418972969055,-0.04938722774386406,0.3568916916847229,0.5143628716468811,-0.06315474212169647,0.3638790547847748,0.5869850516319275,-0.05758923292160034,0.4363199472427368,0.45862144231796265,-0.013034908100962639,0.4020649492740631,0.45346513390541077,-0.06049191206693649,0.3961365520954132,0.5618733763694763,-0.052560653537511826,0.3945385217666626,0.6299039125442505,-0.031669676303863525,0.4851533770561218,0.48635968565940857,-0.029855143278837204,0.4462916851043701,0.4788151979446411,-0.055044930428266525,0.4300980567932129,0.555985152721405,-0.043890707194805145,0.4269745945930481,0.6035221219062805,-0.02583158388733864
0.40452438592910767,0.7196848392486572,-8.884881594894978e-07,0.3275020122528076,0.655430793762207,-0.01615559682250023,0.29794251918792725,0.5259459018707275,-0.02259513922035694,0.31994402408599854,0.42250582575798035,-0.03343358263373375,0.341548353433609,0.3411543369293213,-0.04002200439572334,0.3251921534538269,0.44680705666542053,0.007613505236804485,0.28723135590553284,0.3639257550239563,-0.03998370096087456,0.2933513820171356,0.4293460547924042,-0.0679670199751854,0.30842268466949463,0.5000829100608826,-0.07585292309522629,0.3803841769695282,0.4466876983642578,0.0004607399459928274,0.35099732875823975,0.41021883487701416,-0.05204792693257332,0.3570272922515869,0.5129722356796265,-0.06547578424215317,0.365169882774353,0.5860989093780518,-0.05913025513291359,0.4330027401447296,0.46304965019226074,-0.014574526809155941,0.4029087424278259,0.4485519826412201,-0.0631488710641861,0.3975253105163574,0.5579255223274231,-0.05380814149975777,0.3967459201812744,0.6258834600448608,-0.03145582601428032,0.48382481932640076,0.4898398816585541,-0.03160952031612396,0.4486141800880432,0.4733462333679199,-0.05686959624290466,0.4330771863460541,0.5493888258934021,-0.04403061792254448,0.43075281381607056,0.5961857438087463,-0.024603908881545067
0.40641531348228455,0.7193893790245056,-8.661763786221854e-07,0.3261476755142212,0.6591331958770752,-0.016355780884623528,0.29129552841186523,0.5304768085479736,-0.02238547056913376,0.3121933937072754,0.4241471290588379,-0.032692186534404755,0.3361029028892517,0.34276169538497925,-0.03861916810274124,0.3169350326061249,0.4541924297809601,0.0072144814766943455,0.2787362337112427,0.3675667643547058,-0.04072989150881767,0.28853270411491394,0.43132448196411133,-0.06846775859594345,0.3070788085460663,0.4999545216560364,-0.07617069780826569,0.3726698160171509,0.4529988765716553,0.0001037313777487725,0.34720999002456665,0.40923231840133667,-0.05434712767601013,0.35660257935523987,0.5132676362991333,-0.0673203393816948,0.36686283349990845,0.5864399075508118,-0.05988369882106781,0.42638227343559265,0.4666438102722168,-0.014937551692128181,0.40161120891571045,0.44298455119132996,-0.06584281474351883,0.39893433451652527,0.5541316270828247,-0.055431120097637177,0.39966678619384766,0.6221530437469482,-0.03138883784413338,0.47938549518585205,0.49008068442344666,-0.03184298053383827,0.449493408203125,0.46289122104644775,-0.058681339025497437,0.43590712547302246,0.5400053858757019,-0.04483449086546898,0.4343123733997345,0.5876995921134949,-0.02416304312646389
0.4092712700366974,0.7149345278739929,-8.758248100093624e-07,0.3275935649871826,0.657381534576416,-0.015750836580991745,0.28916874527931213,0.530336856842041,-0.021381523460149765,0.30718713998794556,0.42150968313217163,-0.03174774348735809,0.33065804839134216,0.3399493396282196,-0.03771981596946716,0.3141992688179016,0.45540666580200195,0.011263751424849033,0.2765582799911499,0.36682653427124023,-0.035762641578912735,0.28670188784599304,0.4310281276702881,-0.06334104388952255,0.3070071339607239,0.5001033544540405,-0.07132391631603241,0.3693852722644806,0.4531707167625427,0.003735220292583108,0.3449147343635559,0.4047023355960846,-0.05069369822740555,0.3543711304664612,0.5086321234703064,-0.06467223167419434,0.36608046293258667,0.5826694369316101,-0.05776645615696907,0.42338913679122925,0.46491196751594543,-0.011821516789495945,0.3989049196243286,0.4380146563053131,-0.06302136182785034,0.3975396454334259,0.5502310395240784,-0.05347763001918793,0.39976799488067627,0.619730532169342,-0.02986772544682026,0.4776473641395569,0.4857839345932007,-0.029186172410845757,0.4458220303058624,0.45773035287857056,-0.05670594424009323,0.43336576223373413,0.5365993976593018,-0.043574754148721695,0.4331105649471283,0.5854877233505249,-0.023439155891537666
0.41063156723976135,0.7118120789527893,-8.762906986703456e-07,0.3263828754425049,0.6550822257995605,-0.015014340169727802,0.2859531044960022,0.5287982821464539,-0.020249374210834503,0.30308085680007935,0.4204466640949249,-0.030519850552082062,0.32688072323799133,0.339722216129303,-0.03632446750998497,0.31222283840179443,0.4555354416370392,0.011454455554485321,0.27419883012771606,0.3664831519126892,-0.035865236073732376,0.2839875817298889,0.4289785921573639,-0.06348215043544769,0.3047151267528534,0.4975750744342804,-0.07148169726133347,0.36686933040618896,0.4525688886642456,0.0033643837086856365,0.3435521125793457,0.4056461453437805,-0.05098746344447136,0.3533751368522644,0.5090658068656921,-0.06435990333557129,0.36656466126441956,0.5807396769523621,-0.05732110142707825,0.4207431674003601,0.46362683176994324,-0.012845583260059357,0.39823925495147705,0.43463101983070374,-0.06391768902540207,0.39718183875083923,0.5458682179450989,-0.05343623831868172,0.4005964696407318,0.6134925484657288,-0.02941661700606346,0.47549203038215637,0.4837966859340668,-0.03082483448088169,0.4454117715358734,0.45150214433670044,-0.05779826268553734,0.4335925579071045,0.5286977291107178,-0.04381507635116577,0.43442416191101074,0.5762477517127991,-0.023281138390302658
0.4085652828216553,0.7098369002342224,-8.609017640992533e-07,0.3236013352870941,0.6522344350814819,-0.015372862108051777,0.28139728307724,0.528164267539978,-0.02156287245452404,0.2987093925476074,0.419772207736969,-0.0330611988902092,0.3250449001789093,0.3390684127807617,-0.04011021554470062,0.3082253932952881,0.4549684524536133,0.011319040320813656,0.2725294828414917,0.3652201294898987,-0.03623807430267334,0.2824545204639435,0.4272584617137909,-0.06465236842632294,0.30304524302482605,0.4955751895904541,-0.07349538058042526,0.36335262656211853,0.45225757360458374,0.002925893757492304,0.34309613704681396,0.40445178747177124,-0.051123641431331635,0.35232770442962646,0.5081420540809631,-0.06478309631347656,0.3644665479660034,0.5792931914329529,-0.05840376019477844,0.4178280234336853,0.46340280771255493,-0.013636662624776363,0.39802196621894836,0.42973214387893677,-0.06405060738325119,0.3964327275753021,0.5406475067138672,-0.05302103981375694,0.39892277121543884,0.6090556979179382,-0.029050111770629883,0.4731912612915039,0.4835057556629181,-0.032109204679727554,0.44639280438423157,0.4465094804763794,-0.058400027453899384,0.4333389401435852,0.5214409828186035,-0.04384823516011238,0.43169671297073364,0.5691631436347961,-0.02320983074605465
0.4080323576927185,0.704728364944458,-8.648700031699263e-07,0.32037287950515747,0.6534487009048462,-0.015827255323529243,0.2744939923286438,0.5292802453041077,-0.02074635773897171,0.2910901606082916,0.41989007592201233,-0.030452435836195946,0.31847986578941345,0.34001079201698303,-0.035547494888305664,0.29997050762176514,0.45582443475723267,0.009363525547087193,0.2659227252006531,0.36219286918640137,-0.03600047528743744,0.2761135399341583,0.4232456386089325,-0.06258676201105118,0.29682284593582153,0.4927184283733368,-0.07052244991064072,0.3561309278011322,0.4486708641052246,0.0024878589902073145,0.33760616183280945,0.40071308612823486,-0.04918082803487778,0.3490017354488373,0.5045486688613892,-0.06098570674657822,0.3625277876853943,0.5761054158210754,-0.053890641778707504,0.4111858010292053,0.4561450481414795,-0.01237499713897705,0.39442309737205505,0.4183756411075592,-0.060384392738342285,0.3939949870109558,0.5268312096595764,-0.048749689012765884,0.3982038199901581,0.5960500836372375,-0.025187518447637558,0.46705108880996704,0.4723905324935913,-0.02924450673162937,0.4442651569843292,0.4317474663257599,-0.055580440908670425,0.43225550651550293,0.5036603212356567,-0.04220426082611084,0.4315420985221863,0.552212655544281,-0.022540602833032608
0.40964505076408386,0.7032288312911987,-8.78802495662967e-07,0.3232331871986389,0.6506981253623962,-0.015081878751516342,0.2761075794696808,0.529173731803894,-0.02149007096886635,0.2932286858558655,0.41921740770339966,-0.03285129368305206,0.323422372341156,0.33787354826927185,-0.0395657904446125,0.30049532651901245,0.4596808850765228,0.008309878408908844,0.266030490398407,0.36245447397232056,-0.03822053596377373,0.27539965510368347,0.4204712510108948,-0.06552848219871521,0.294697105884552,0.4906020760536194,-0.07390886545181274,0.35531601309776306,0.45213836431503296,0.000501320231705904,0.3365990221500397,0.40104347467422485,-0.05201189965009689,0.3485754728317261,0.5038632750511169,-0.06413646787405014,0.36122387647628784,0.5761786699295044,-0.0573255717754364,0.40995457768440247,0.4572926163673401,-0.015212844125926495,0.3929443657398224,0.4144578278064728,-0.06319959461688995,0.39405855536460876,0.5219672322273254,-0.05079357698559761,0.39747998118400574,0.5898845791816711,-0.026963068172335625,0.4663998484611511,0.470701664686203,-0.032853223383426666,0.44124454259872437,0.4285303056240082,-0.05814841389656067,0.43129152059555054,0.5015407204627991,-0.043488889932632446,0.4315449297428131,0.5486876964569092,-0.023318272083997726
0.41110759973526,0.7022744417190552,-8.756798024478485e-07,0.32408368587493896,0.6503079533576965,-0.014535445719957352,0.2766874432563782,0.5309610366821289,-0.02177286334335804,0.2926521897315979,0.42067092657089233,-0.03406968712806702,0.32186073064804077,0.33788350224494934,-0.041857607662677765,0.30093008279800415,0.4600047469139099,0.007252591196447611,0.26746508479118347,0.3621968626976013,-0.039063990116119385,0.27728572487831116,0.42014631628990173,-0.06619907170534134,0.2962287366390228,0.4890275001525879,-0.07463444769382477,0.3555162250995636,0.4523555636405945,-0.0011324448278173804,0.33770111203193665,0.39977842569351196,-0.05272960662841797,0.3494606614112854,0.5018287897109985,-0.06453096866607666,0.36123836040496826,0.57440584897995,-0.05801188200712204,0.4102279245853424,0.45727527141571045,-0.017196612432599068,0.3927833139896393,0.41392916440963745,-0.06405357271432877,0.39459091424942017,0.5199844837188721,-0.051315080374479294,0.39800146222114563,0.5880707502365112,-0.02782433107495308,0.4672086238861084,0.4705043137073517,-0.03515368700027466,0.4414515793323517,0.4274274706840515,-0.05936049297451973,0.4316295087337494,0.4999242424964905,-0.044168196618556976,0.431049644947052,0.5481492280960083,-0.024075882509350777
0.4123091697692871,0.70245361328125,-8.547553989046719e-07,0.32490819692611694,0.6483783721923828,-0.014026636257767677,0.27778851985931396,0.5298658609390259,-0.02067331224679947,0.293921560049057,0.42053675651550293,-0.0327242836356163,0.3220369815826416,0.3384573459625244,-0.04013065621256828,0.3010951280593872,0.46096092462539673,0.009787146002054214,0.2679237127304077,0.36248427629470825,-0.03567637875676155,0.27909356355667114,0.4196788966655731,-0.06231869012117386,0.29872989654541016,0.4870368540287018,-0.07053153961896896,0.35582587122917175,0.45315465331077576,0.001039808732457459,0.34015363454818726,0.39922818541526794,-0.05051169544458389,0.35189640522003174,0.5007301568984985,-0.06264527887105942,0.3629950284957886,0.5736415386199951,-0.05618330463767052,0.4100876450538635,0.4579102396965027,-0.015467069111764431,0.3951011598110199,0.41327595710754395,-0.0618632473051548,0.396355539560318,0.5183062553405762,-0.049362197518348694,0.399097740650177,0.5869380831718445,-0.02600117214024067,0.4665020704269409,0.47084349393844604,-0.03395480290055275,0.44347915053367615,0.4269988238811493,-0.05750839039683342,0.43318066000938416,0.49819767475128174,-0.042409464716911316,0.4316079318523407,0.5467014908790588,-0.02244538441300392
0.41316598653793335,0.7008512020111084,-8.529523256584071e-07,0.32433342933654785,0.649773120880127,-0.014599480666220188,0.2766474783420563,0.5292470455169678,-0.021164579316973686,0.2939625382423401,0.4193234443664551,-0.03276573121547699,0.32171502709388733,0.33781546354293823,-0.03977588936686516,0.3002513349056244,0.4604107737541199,0.007578243035823107,0.26741451025009155,0.36261433362960815,-0.0381428562104702,0.27845868468284607,0.4193827509880066,-0.06477954238653183,0.2984926700592041,0.48775923252105713,-0.07294019311666489,0.3553404211997986,0.45219090580940247,-0.0008772768778726459,0.3396255075931549,0.3977314531803131,-0.05281328782439232,0.3512767553329468,0.4997157156467438,-0.06439268589019775,0.3627535104751587,0.573729395866394,-0.05741836130619049,0.4099060297012329,0.4570137560367584,-0.017068486660718918,0.39443081617355347,0.4121871888637543,-0.06384783983230591,0.3963286578655243,0.5180279016494751,-0.05073363706469536,0.399856299161911,0.5870302319526672,-0.026909835636615753,0.4664667844772339,0.4700697362422943,-0.035255610942840576,0.44292953610420227,0.4267314672470093,-0.05934019386768341,0.4334450662136078,0.4987432360649109,-0.04407596215605736,0.4330003559589386,0.5470316410064697,-0.023938456550240517
0.41191017627716064,0.7010976672172546,-8.617871571914293e-07,0.324260950088501,0.6504316329956055,-0.014792588539421558,0.27694615721702576,0.5291389226913452,-0.021499348804354668,0.29413631558418274,0.4195200204849243,-0.033147525042295456,0.32116398215293884,0.33828026056289673,-0.040180325508117676,0.2994612753391266,0.4601728022098541,0.006850168574601412,0.266303151845932,0.3633726239204407,-0.039246056228876114,0.27788054943084717,0.42071452736854553,-0.06612411886453629,0.2979790270328522,0.48900216817855835,-0.07440145313739777,0.35479047894477844,0.45173659920692444,-0.0016229714965447783,0.33831438422203064,0.39835071563720703,-0.05409620329737663,0.34999769926071167,0.500616192817688,-0.0658721774816513,0.36120179295539856,0.5744675993919373,-0.05887925624847412,0.40962278842926025,0.4563807547092438,-0.01783951185643673,0.3931332528591156,0.413262277841568,-0.06485770642757416,0.3950457274913788,0.5192833542823792,-0.051899079233407974,0.39821961522102356,0.5876875519752502,-0.02808332070708275,0.466189980506897,0.46915584802627563,-0.03604218736290932,0.4417110085487366,0.4270918369293213,-0.059947721660137177,0.43247637152671814,0.49939900636672974,-0.04453270882368088,0.4323042035102844,0.5469481945037842,-0.02429422177374363
0.41136181354522705,0.7007938027381897,-8.392517543143185e-07,0.3227425813674927,0.6483097672462463,-0.014819310978055,0.27576977014541626,0.5286198854446411,-0.021514765918254852,0.29340803623199463,0.41886091232299805,-0.033315472304821014,0.32304665446281433,0.33819761872291565,-0.04046831279993057,0.2985334098339081,0.46091893315315247,0.00965562742203474,0.26604244112968445,0.36495307087898254,-0.03686017170548439,0.2783372700214386,0.4212571382522583,-0.0646786317229271,0.2987276613712311,0.4886332154273987,-0.07351750135421753,0.3537827730178833,0.45227307081222534,0.0012687512207776308,0.3382681608200073,0.39941495656967163,-0.051496051251888275,0.3499637544155121,0.5009968280792236,-0.06421501189470291,0.36084434390068054,0.5739845633506775,-0.05771247297525406,0.4086608290672302,0.4567112922668457,-0.015053645707666874,0.3934983015060425,0.4132605791091919,-0.06243539974093437,0.39487966895103455,0.5187174081802368,-0.04984688386321068,0.3973243832588196,0.5864675045013428,-0.026002367958426476,0.46532556414604187,0.4696948826313019,-0.03341977670788765,0.4424055218696594,0.42759039998054504,-0.05714672431349754,0.43314266204833984,0.4992685616016388,-0.041618574410676956,0.43238893151283264,0.5460061430931091,-0.021136833354830742
0.41118139028549194,0.701413631439209,-8.434192864115175e-07,0.323360413312912,0.6483737230300903,-0.014392796903848648,0.2763286828994751,0.5286284685134888,-0.020965471863746643,0.29348087310791016,0.4199860095977783,-0.03273627534508705,0.3209763467311859,0.3389129340648651,-0.040055323392152786,0.29906365275382996,0.46052873134613037,0.009779700078070164,0.26559311151504517,0.36613142490386963,-0.03666950762271881,0.2773004472255707,0.42192697525024414,-0.06442687660455704,0.2976108193397522,0.48932743072509766,-0.07320950925350189,0.35391873121261597,0.45238399505615234,0.000994565081782639,0.3368443250656128,0.39921778440475464,-0.05175716429948807,0.3485589623451233,0.5007015466690063,-0.06453584879636765,0.3601508140563965,0.5739865303039551,-0.05800756439566612,0.4086475372314453,0.45730137825012207,-0.015674473717808723,0.3916511833667755,0.41381382942199707,-0.06329281628131866,0.39356398582458496,0.5197846293449402,-0.05085373669862747,0.3969215750694275,0.5878145098686218,-0.026985198259353638,0.46519938111305237,0.4707978665828705,-0.03429395332932472,0.44033995270729065,0.42865997552871704,-0.058446433395147324,0.4315473437309265,0.5009133219718933,-0.04299337416887283,0.4317460358142853,0.5479323863983154,-0.022480156272649765
0.4130873680114746,0.7010481357574463,-8.395195436605718e-07,0.3248346745967865,0.6508343815803528,-0.015765530988574028,0.2765989303588867,0.5306023359298706,-0.022602230310440063,0.2935015857219696,0.4205697476863861,-0.03437650948762894,0.32186394929885864,0.33899998664855957,-0.0415419302880764,0.29949089884757996,0.46174269914627075,0.009291929192841053,0.26655691862106323,0.3663490116596222,-0.03700287267565727,0.2788545489311218,0.42382949590682983,-0.06448735296726227,0.2996382415294647,0.49095553159713745,-0.07316940277814865,0.35444700717926025,0.45316383242607117,0.001293495879508555,0.33797580003738403,0.39980804920196533,-0.051276788115501404,0.3499264121055603,0.5018592476844788,-0.06389201432466507,0.3618783950805664,0.5744127035140991,-0.05726097896695137,0.4086441397666931,0.4575623571872711,-0.014748534187674522,0.392225980758667,0.41425788402557373,-0.06229120120406151,0.3943870961666107,0.5204563140869141,-0.04991794377565384,0.3980241119861603,0.5876904129981995,-0.026135247200727463,0.46471646428108215,0.47027847170829773,-0.03287339583039284,0.44041022658348083,0.42927777767181396,-0.056945666670799255,0.4321134090423584,0.5021998882293701,-0.04171423241496086,0.4326900243759155,0.5485663414001465,-0.021413827314972878
0.41289281845092773,0.7001699805259705,-8.517451419720601e-07,0.32477396726608276,0.6497914791107178,-0.01515121478587389,0.27573806047439575,0.5296697616577148,-0.02209102176129818,0.2925706207752228,0.41937053203582764,-0.034133121371269226,0.3228844106197357,0.3388296365737915,-0.04159283638000488,0.2997135519981384,0.461721271276474,0.00826974306255579,0.2686922252178192,0.3660191297531128,-0.03814643621444702,0.28242406249046326,0.4254106283187866,-0.06567522138357162,0.30308207869529724,0.4934733808040619,-0.07449883222579956,0.3553427457809448,0.45371735095977783,-0.0001570985041325912,0.33857646584510803,0.39932364225387573,-0.052590664476156235,0.3506326377391815,0.501636266708374,-0.065147265791893,0.36221808195114136,0.5747261047363281,-0.05873451381921768,0.409931480884552,0.45845454931259155,-0.016501300036907196,0.3921419680118561,0.4147089123725891,-0.06364605575799942,0.3945651352405548,0.5204848051071167,-0.05135824531316757,0.39839234948158264,0.5887665152549744,-0.027889080345630646,0.4662841558456421,0.4711399972438812,-0.03487800061702728,0.44031238555908203,0.4304135739803314,-0.058585137128829956,0.43176838755607605,0.5027625560760498,-0.043464452028274536,0.4324316680431366,0.5498419404029846,-0.023513970896601677
0.4150828719139099,0.701687216758728,-8.468660439575615e-07,0.327406108379364,0.6500609517097473,-0.014652547426521778,0.28039413690567017,0.5293146371841431,-0.02174476534128189,0.2991195321083069,0.4190834164619446,-0.03426883742213249,0.3297973573207855,0.3387463390827179,-0.04242413491010666,0.3033509850502014,0.4616854786872864,0.009554575197398663,0.27533507347106934,0.3667505383491516,-0.03823203593492508,0.29101139307022095,0.4260466694831848,-0.06713628768920898,0.3120564818382263,0.49360519647598267,-0.07674939185380936,0.35912132263183594,0.4538384675979614,0.0002451343461871147,0.34404778480529785,0.4001377522945404,-0.053656913340091705,0.3563556671142578,0.5034434795379639,-0.06748875230550766,0.36752989888191223,0.5762857794761658,-0.06157657131552696,0.4140132665634155,0.45906078815460205,-0.017083806917071342,0.3973847031593323,0.41746819019317627,-0.06471014022827148,0.39933252334594727,0.5230268836021423,-0.05270356684923172,0.40219101309776306,0.589377760887146,-0.029267458245158195,0.4709097146987915,0.47195640206336975,-0.03647856041789055,0.44530272483825684,0.4307788908481598,-0.05931979417800903,0.43720120191574097,0.5026280879974365,-0.04334065318107605,0.43794387578964233,0.547514021396637,-0.022870682179927826
0.41666358709335327,0.7006920576095581,-8.368326120944403e-07,0.32687774300575256,0.6502931714057922,-0.015981649979948997,0.2796630263328552,0.5279190540313721,-0.02259119786322117,0.2988564968109131,0.41764894127845764,-0.03430119901895523,0.33016878366470337,0.3382332921028137,-0.041338421404361725,0.30469751358032227,0.4612729549407959,0.009558692574501038,0.2755572199821472,0.3647833466529846,-0.03737685829401016,0.2889479994773865,0.42548760771751404,-0.06539368629455566,0.3088259696960449,0.49482470750808716,-0.07439393550157547,0.360537588596344,0.4536886215209961,0.0013870102120563388,0.3449268937110901,0.3990821838378906,-0.05161498859524727,0.35627877712249756,0.502461850643158,-0.06466185301542282,0.3676179349422455,0.574972927570343,-0.05826505273580551,0.41521820425987244,0.45936715602874756,-0.014988715760409832,0.3987243175506592,0.4152684509754181,-0.06255107372999191,0.40020763874053955,0.5218230485916138,-0.050308771431446075,0.40339094400405884,0.5892927050590515,-0.02663007192313671,0.47168678045272827,0.4727427065372467,-0.033559683710336685,0.44724664092063904,0.431196004152298,-0.05719255283474922,0.43808087706565857,0.5027334690093994,-0.04193868115544319,0.4379729628562927,0.5480527281761169,-0.021794261410832405
0.41666847467422485,0.7001451253890991,-8.455908186988381e-07,0.3281029164791107,0.6504109501838684,-0.01597517542541027,0.2804378867149353,0.5288659334182739,-0.022689934819936752,0.29918843507766724,0.4180811643600464,-0.034500643610954285,0.330599844455719,0.338302880525589,-0.04163174331188202,0.30515334010124207,0.4623467028141022,0.00971955806016922,0.2756832242012024,0.3652670979499817,-0.0377216562628746,0.28927552700042725,0.4246408939361572,-0.06619717925786972,0.30973437428474426,0.493586003780365,-0.07547704875469208,0.3612073063850403,0.45443758368492126,0.0014814414316788316,0.34590956568717957,0.39926230907440186,-0.05216522514820099,0.3570522665977478,0.5031077861785889,-0.06554101407527924,0.36811843514442444,0.57573401927948,-0.0592326782643795,0.41581323742866516,0.45953643321990967,-0.01501523144543171,0.39940181374549866,0.4152686595916748,-0.0629061758518219,0.4005972146987915,0.5216917991638184,-0.05074971169233322,0.4037019908428192,0.5882695317268372,-0.02704659104347229,0.4721529185771942,0.4721865952014923,-0.033716265112161636,0.44739019870758057,0.43029001355171204,-0.05726194754242897,0.4386380910873413,0.501210629940033,-0.04195457324385643,0.439190536737442,0.5453261733055115,-0.021807491779327393
0.4153132736682892,0.7021946907043457,-8.39124538742908e-07,0.32654982805252075,0.647173285484314,-0.014365341514348984,0.28111034631729126,0.5267746448516846,-0.020573817193508148,0.3001165986061096,0.4180738925933838,-0.03237128257751465,0.3303985595703125,0.33855754137039185,-0.03944053500890732,0.3054102063179016,0.46174371242523193,0.01249949261546135,0.27596917748451233,0.36641183495521545,-0.03356209769845009,0.289539635181427,0.426815927028656,-0.06143048033118248,0.30941691994667053,0.49484869837760925,-0.07043129205703735,0.3610064387321472,0.45402437448501587,0.0036449350882321596,0.3460901975631714,0.40096500515937805,-0.04842323437333107,0.35687538981437683,0.5034406185150146,-0.06170090660452843,0.36730894446372986,0.575578510761261,-0.055628757923841476,0.41544678807258606,0.4593861401081085,-0.013311490416526794,0.39976638555526733,0.4160018861293793,-0.05912810191512108,0.40024760365486145,0.52046138048172,-0.04678571596741676,0.4026832580566406,0.5870341658592224,-0.023378795012831688,0.47166961431503296,0.47291406989097595,-0.03245558962225914,0.4483594596385956,0.43014082312583923,-0.053713928908109665,0.4383274018764496,0.49945300817489624,-0.03752908855676651,0.4375218152999878,0.5440309047698975,-0.01706058159470558
0.41420719027519226,0.7014666795730591,-8.411008707298606e-07,0.3262031674385071,0.6487441658973694,-0.015061186626553535,0.2814399003982544,0.5276877880096436,-0.021298345178365707,0.2997204065322876,0.41847530007362366,-0.03280492499470711,0.329387366771698,0.33802223205566406,-0.03958575427532196,0.3059273958206177,0.4608142375946045,0.011899156495928764,0.27614226937294006,0.3653146028518677,-0.03398595750331879,0.28806984424591064,0.4251057803630829,-0.0614510141313076,0.3077411651611328,0.4941215515136719,-0.07007560133934021,0.36122554540634155,0.4535177946090698,0.0036910444032400846,0.34595900774002075,0.40047910809516907,-0.04840413108468056,0.3562411367893219,0.5032854676246643,-0.0615377314388752,0.367342472076416,0.5752972364425659,-0.05524655804038048,0.4156668186187744,0.45905813574790955,-0.012610790319740772,0.3995267152786255,0.4160698354244232,-0.05901629477739334,0.3997465968132019,0.5212960839271545,-0.047042593359947205,0.4029412269592285,0.5874310731887817,-0.023662080988287926,0.47205087542533875,0.47240760922431946,-0.031028592959046364,0.44761765003204346,0.4307157099246979,-0.05308303236961365,0.437451034784317,0.5002984404563904,-0.03753477707505226,0.43735700845718384,0.5440690517425537,-0.017302392050623894
0.41443711519241333,0.6997864842414856,-8.393620305469085e-07,0.3261294364929199,0.6469700932502747,-0.015214626677334309,0.28097814321517944,0.5265092849731445,-0.021716289222240448,0.2997888922691345,0.41706007719039917,-0.033393774181604385,0.33077648282051086,0.33710670471191406,-0.040197789669036865,0.30592307448387146,0.4600510597229004,0.01050816010683775,0.2751512825489044,0.3643641471862793,-0.03606325387954712,0.28721484541893005,0.42402201890945435,-0.06383814662694931,0.30678656697273254,0.49334365129470825,-0.07260801643133163,0.36126232147216797,0.45305511355400085,0.0022339685820043087,0.34478163719177246,0.4006308615207672,-0.05050152540206909,0.35522162914276123,0.5030620694160461,-0.06334393471479416,0.3659800887107849,0.574958086013794,-0.056901995092630386,0.4156694710254669,0.4588169753551483,-0.01415130402892828,0.3985312283039093,0.4157070815563202,-0.060768820345401764,0.3988407850265503,0.5209251642227173,-0.04816018044948578,0.4017001986503601,0.5869224667549133,-0.02443844825029373,0.47209152579307556,0.4724923372268677,-0.03274037316441536,0.447422593832016,0.4315625727176666,-0.054673414677381516,0.43691402673721313,0.5007095336914062,-0.03889889642596245,0.43630677461624146,0.5437968969345093,-0.01864280365407467
0.41457945108413696,0.7008448243141174,-8.492752385791391e-07,0.32776695489883423,0.6488062143325806,-0.015344423241913319,0.2826167643070221,0.5281020402908325,-0.02204393967986107,0.3008958399295807,0.4179159998893738,-0.0337323360145092,0.3317936658859253,0.33691051602363586,-0.04071112722158432,0.3062916398048401,0.46051448583602905,0.00948342401534319,0.2756637632846832,0.36435288190841675,-0.03754834458231926,0.2875613570213318,0.4234189987182617,-0.06556326895952225,0.3071339726448059,0.49288463592529297,-0.07443691790103912,0.3614959120750427,0.4533684551715851,0.0013026444939896464,0.34570202231407166,0.40180185437202454,-0.05153973028063774,0.3561522662639618,0.5039842128753662,-0.06438650190830231,0.3664933443069458,0.5747697949409485,-0.05803731083869934,0.41587287187576294,0.4591347575187683,-0.014958716928958893,0.3994101285934448,0.41642722487449646,-0.06212599202990532,0.39968985319137573,0.5214481949806213,-0.04967319220304489,0.4020003378391266,0.5864054560661316,-0.026052387431263924,0.47205108404159546,0.4729631841182709,-0.03332128748297691,0.4473608434200287,0.4310159683227539,-0.05646152049303055,0.4380141496658325,0.5017253756523132,-0.040893640369176865,0.43822333216667175,0.5455033779144287,-0.020539037883281708
0.41462281346321106,0.7076184749603271,-8.68571305545629e-07,0.3315100073814392,0.6534650325775146,-0.01590522937476635,0.28941553831100464,0.5306144952774048,-0.02419263869524002,0.30933889746665955,0.4202549457550049,-0.03759796917438507,0.3400780260562897,0.3395639657974243,-0.046475160866975784,0.3135021924972534,0.46176955103874207,0.00709708733484149,0.2821698784828186,0.3691869378089905,-0.041819892823696136,0.29674920439720154,0.4317042827606201,-0.07096748799085617,0.3169785439968109,0.49939537048339844,-0.08062649518251419,0.3683977723121643,0.457525372505188,-0.002248460194095969,0.34960800409317017,0.4070608913898468,-0.0571601502597332,0.36018937826156616,0.5122604370117188,-0.07102525979280472,0.37088459730148315,0.5821489691734314,-0.06493686139583588,0.4228250980377197,0.4662419855594635,-0.019597824662923813,0.40204018354415894,0.4283381700515747,-0.068060003221035,0.40310630202293396,0.535363495349884,-0.05543509125709534,0.40614309906959534,0.5973643064498901,-0.03130120784044266,0.4787558615207672,0.48258480429649353,-0.03910583257675171,0.45032045245170593,0.4438283145427704,-0.06135110557079315,0.44223225116729736,0.5149558186531067,-0.0443221814930439,0.4448016285896301,0.5547484755516052,-0.023057090118527412
0.41542476415634155,0.707317590713501,-8.349124414053222e-07,0.331291526556015,0.6511746048927307,-0.017442092299461365,0.2908703088760376,0.527810275554657,-0.025064919143915176,0.31084689497947693,0.41758430004119873,-0.037625543773174286,0.34158363938331604,0.33672231435775757,-0.045035503804683685,0.3160300552845001,0.4598884582519531,0.010740401223301888,0.2866927683353424,0.367061048746109,-0.038355402648448944,0.30171024799346924,0.431465208530426,-0.06792426854372025,0.3229479491710663,0.4996155798435211,-0.07763953506946564,0.3708212971687317,0.4568801820278168,0.0028274639043956995,0.35454273223876953,0.40409454703330994,-0.051013484597206116,0.36481696367263794,0.5088630318641663,-0.06414581835269928,0.3767915964126587,0.577294647693634,-0.057709939777851105,0.4244712293148041,0.4674287438392639,-0.013847295194864273,0.4063180387020111,0.42674311995506287,-0.061987217515707016,0.4050633907318115,0.5336043238639832,-0.04908750206232071,0.4082129895687103,0.5964607000350952,-0.024810830131173134,0.4799667298793793,0.4863550364971161,-0.03306003659963608,0.45613059401512146,0.44603949785232544,-0.05603000894188881,0.4436531960964203,0.5167205929756165,-0.0403921864926815,0.44245848059654236,0.558566689491272,-0.02003454975783825
0.41657114028930664,0.7094554305076599,-8.228253705055977e-07,0.33341488242149353,0.652733325958252,-0.01788441836833954,0.293403297662735,0.5284793376922607,-0.025773806497454643,0.3134036064147949,0.4170393645763397,-0.03849892318248749,0.3433050215244293,0.33527323603630066,-0.046045444905757904,0.3181123435497284,0.45872482657432556,0.01069906447082758,0.2885415256023407,0.3690258264541626,-0.039436303079128265,0.3050174415111542,0.43362957239151,-0.06998450309038162,0.32743728160858154,0.5007931590080261,-0.08031072467565536,0.37298816442489624,0.4567749500274658,0.0026576807722449303,0.3567521274089813,0.40392500162124634,-0.05234602466225624,0.36674800515174866,0.5093317627906799,-0.06622116267681122,0.37877172231674194,0.5772114992141724,-0.06012897193431854,0.4265497326850891,0.46850574016571045,-0.014233329333364964,0.4084799587726593,0.42823368310928345,-0.06329789757728577,0.4067603647708893,0.535311222076416,-0.05051158741116524,0.4099615216255188,0.5973431468009949,-0.026057107374072075,0.481141597032547,0.4885069727897644,-0.033724285662174225,0.4572935998439789,0.448375940322876,-0.05702332407236099,0.44518762826919556,0.5182120203971863,-0.04135645553469658,0.44504570960998535,0.5583392381668091,-0.020857322961091995
0.41392436623573303,0.7078326344490051,-8.22110962417355e-07,0.3347245454788208,0.6522278785705566,-0.01820199377834797,0.29916059970855713,0.5269821882247925,-0.02508501149713993,0.3192755877971649,0.41623038053512573,-0.03655974939465523,0.3444008231163025,0.33484289050102234,-0.042575862258672714,0.3192005753517151,0.4581945538520813,0.009755722247064114,0.28789183497428894,0.37093207240104675,-0.04156671464443207,0.30423569679260254,0.4364100694656372,-0.07153261452913284,0.3277622163295746,0.5036362409591675,-0.08065178990364075,0.3739076852798462,0.45682647824287415,0.0022002633195370436,0.35915181040763855,0.40753117203712463,-0.05391724035143852,0.36964333057403564,0.5144160985946655,-0.06665198504924774,0.3813801407814026,0.5779784321784973,-0.05911198630928993,0.42738524079322815,0.4699409008026123,-0.014365607872605324,0.4105912744998932,0.4335930645465851,-0.06535080820322037,0.4079473614692688,0.5424084067344666,-0.05167660117149353,0.4105883240699768,0.5999375581741333,-0.02570430189371109,0.4816095232963562,0.491620808839798,-0.03335406258702278,0.46015965938568115,0.45182928442955017,-0.05699692666530609,0.4462745785713196,0.5215869545936584,-0.040408968925476074,0.444692999124527,0.558934211730957,-0.018718194216489792
0.4129442572593689,0.7079483270645142,-8.114851084428665e-07,0.3346599340438843,0.6547316312789917,-0.019532542675733566,0.29844650626182556,0.5279793739318848,-0.02642364613711834,0.31829631328582764,0.4153206944465637,-0.037554770708084106,0.34371432662010193,0.33350640535354614,-0.04314693436026573,0.31812727451324463,0.45709866285324097,0.009799856692552567,0.28752419352531433,0.3703096807003021,-0.04199231043457985,0.30451419949531555,0.4366641938686371,-0.07252578437328339,0.3284110128879547,0.5046589374542236,-0.08192466199398041,0.3730403780937195,0.45534271001815796,0.0031343717128038406,0.3583097457885742,0.4054156243801117,-0.05331088975071907,0.3693331182003021,0.5131588578224182,-0.06629803031682968,0.3818301260471344,0.5771505832672119,-0.058703966438770294,0.42643970251083374,0.46887218952178955,-0.012766997329890728,0.4106031656265259,0.4331609606742859,-0.06436669826507568,0.40762224793434143,0.5431193709373474,-0.051050592213869095,0.41033244132995605,0.601580023765564,-0.025059493258595467,0.48045504093170166,0.49065127968788147,-0.03121391497552395,0.46028590202331543,0.4536893367767334,-0.05592111125588417,0.4462738037109375,0.5240050554275513,-0.040181633085012436,0.44445934891700745,0.5608946681022644,-0.018848150968551636
0.41075342893600464,0.7072643637657166,-8.229976629081648e-07,0.33340972661972046,0.6522708535194397,-0.019095459952950478,0.29896000027656555,0.5243814587593079,-0.025761688128113747,0.31995218992233276,0.41361042857170105,-0.03655983507633209,0.3447485566139221,0.333088755607605,-0.0418352410197258,0.3187485337257385,0.45494937896728516,0.008571322076022625,0.2877616286277771,0.37249407172203064,-0.04200643673539162,0.30437740683555603,0.4409641921520233,-0.07159575074911118,0.32796186208724976,0.5089831948280334,-0.08066800981760025,0.3738773763179779,0.45433735847473145,0.0018032205989584327,0.35896721482276917,0.40717780590057373,-0.05318599194288254,0.36948806047439575,0.5144490599632263,-0.06550632417201996,0.381585031747818,0.5781843066215515,-0.057987190783023834,0.42726388573646545,0.46846404671669006,-0.013950205408036709,0.41166195273399353,0.4345228374004364,-0.06384851783514023,0.40800371766090393,0.5439480543136597,-0.05006187781691551,0.4097977876663208,0.6015395522117615,-0.02441873587667942,0.48047691583633423,0.491131454706192,-0.032232511788606644,0.4606130123138428,0.4542168378829956,-0.05529259890317917,0.445921927690506,0.5249339938163757,-0.03888045996427536,0.44384709000587463,0.5617542266845703,-0.01758296601474285
0.41109499335289,0.7083001136779785,-7.904147310000553e-07,0.334452360868454,0.6524115800857544,-0.021228203549981117,0.30114397406578064,0.524040162563324,-0.028573617339134216,0.3229908347129822,0.41302916407585144,-0.03942412510514259,0.3459306061267853,0.3311106562614441,-0.044987279921770096,0.31868940591812134,0.4558062255382538,0.006895347964018583,0.28848206996917725,0.3750308156013489,-0.04397359490394592,0.3068680167198181,0.44346317648887634,-0.07477107644081116,0.32959678769111633,0.5126445889472961,-0.08465376496315002,0.37440386414527893,0.453965961933136,0.0014692527474835515,0.36008214950561523,0.4081681966781616,-0.05228284373879433,0.37100106477737427,0.5148956179618835,-0.06540536135435104,0.3822973370552063,0.5795278549194336,-0.05895916000008583,0.4279167950153351,0.4677031338214874,-0.013025074265897274,0.41362065076828003,0.4333566427230835,-0.06223669275641441,0.4091030955314636,0.5422463417053223,-0.049374405294656754,0.4099254906177521,0.6016023755073547,-0.024760544300079346,0.4804419279098511,0.49017074704170227,-0.030232949182391167,0.4619462788105011,0.45557403564453125,-0.054247502237558365,0.4472644627094269,0.5260266065597534,-0.03879401832818985,0.4446239769458771,0.5631529092788696,-0.01808325946331024
0.40896162390708923,0.7058488130569458,-7.903908567641338e-07,0.3360178768634796,0.6518516540527344,-0.021423982456326485,0.3040224611759186,0.5216073989868164,-0.02883123978972435,0.32658275961875916,0.4110129475593567,-0.03960124030709267,0.35001128911972046,0.3302510678768158,-0.04518284276127815,0.31828033924102783,0.4545978307723999,0.005547224078327417,0.2898801267147064,0.3711119294166565,-0.04506537690758705,0.3071279525756836,0.441285103559494,-0.07566160708665848,0.32937371730804443,0.511982262134552,-0.08547849208116531,0.37439143657684326,0.45379096269607544,0.00031307482277043164,0.3607262670993805,0.403604120016098,-0.053862668573856354,0.37046775221824646,0.5113180875778198,-0.06697071343660355,0.3818890154361725,0.5784479975700378,-0.06013043224811554,0.4281957745552063,0.4686441421508789,-0.013843480497598648,0.41388359665870667,0.4327296018600464,-0.06297993659973145,0.408197283744812,0.5428311824798584,-0.05023152381181717,0.40860530734062195,0.6040443778038025,-0.02557995915412903,0.48084673285484314,0.4912039041519165,-0.030669020488858223,0.46230047941207886,0.4556376338005066,-0.05498432740569115,0.44706615805625916,0.526749849319458,-0.039732158184051514,0.4442062973976135,0.5650342106819153,-0.019112765789031982
0.4083852171897888,0.7063218355178833,-7.934369250506279e-07,0.3367423415184021,0.6502238512039185,-0.020615752786397934,0.3049118220806122,0.5190684795379639,-0.02777877077460289,0.3293028175830841,0.4094460606575012,-0.03853472322225571,0.3558958172798157,0.3308333456516266,-0.04393012449145317,0.32041314244270325,0.4525393843650818,0.007347706239670515,0.2925390899181366,0.3720303177833557,-0.043848004192113876,0.31087392568588257,0.44381967186927795,-0.07479541748762131,0.3333625793457031,0.5142794847488403,-0.08459217846393585,0.3765009045600891,0.4531812369823456,0.0015234136953949928,0.36307182908058167,0.402572900056839,-0.053430356085300446,0.37190237641334534,0.5106391906738281,-0.06666240096092224,0.38248592615127563,0.5781857967376709,-0.05934891104698181,0.4301740825176239,0.4691810607910156,-0.013361847959458828,0.4154133200645447,0.4352404475212097,-0.06291573494672775,0.40899530053138733,0.5448972582817078,-0.0503537580370903,0.40838342905044556,0.6051424741744995,-0.025392137467861176,0.4824286103248596,0.4928136467933655,-0.030855484306812286,0.46305903792381287,0.4579407274723053,-0.05397772043943405,0.44784343242645264,0.5283020734786987,-0.038034822791814804,0.44526243209838867,0.5650384426116943,-0.016975916922092438
0.4087129235267639,0.7092539668083191,-7.832505275473522e-07,0.338311105966568,0.6503420472145081,-0.021919170394539833,0.30955564975738525,0.5203946828842163,-0.02970663458108902,0.33345726132392883,0.4107190668582916,-0.04070847108960152,0.35717901587486267,0.3295154571533203,-0.04651174321770668,0.3240077495574951,0.45414960384368896,0.006069357506930828,0.29578736424446106,0.3754175901412964,-0.044690586626529694,0.31370508670806885,0.44650784134864807,-0.07565157860517502,0.33486735820770264,0.5158982276916504,-0.08567580580711365,0.3795161247253418,0.4551261365413666,0.0009821250569075346,0.3666135370731354,0.4046880006790161,-0.05279333516955376,0.3749692440032959,0.5119951367378235,-0.06606008112430573,0.3841453790664673,0.580368161201477,-0.05941416695713997,0.43262362480163574,0.4717949628829956,-0.013142597861588001,0.4190773665904999,0.436610609292984,-0.06203852966427803,0.41143304109573364,0.5454012155532837,-0.049489088356494904,0.4101408123970032,0.6072653532028198,-0.02494935132563114,0.48416584730148315,0.49696943163871765,-0.030005386099219322,0.46613258123397827,0.4612174928188324,-0.05371910333633423,0.4504149556159973,0.5309731364250183,-0.03820742294192314,0.4474612772464752,0.5695605874061584,-0.0174772497266531
0.40946024656295776,0.7084880471229553,-7.602556024721707e-07,0.34048253297805786,0.6528049111366272,-0.02353295125067234,0.31195521354675293,0.5196723937988281,-0.031086040660738945,0.33563798666000366,0.4088008403778076,-0.04140957072377205,0.35856008529663086,0.3269442915916443,-0.046365413814783096,0.32244426012039185,0.453815221786499,0.00467302743345499,0.2960285246372223,0.37135225534439087,-0.04739648476243019,0.313900351524353,0.4427888095378876,-0.0792568176984787,0.33435139060020447,0.5142806172370911,-0.08948513120412827,0.3789021372795105,0.4541030526161194,0.0006239945651032031,0.36700239777565,0.4018934369087219,-0.05470949038863182,0.3753889203071594,0.5113545060157776,-0.06794456392526627,0.38470572233200073,0.5805404782295227,-0.060530245304107666,0.43240678310394287,0.47124549746513367,-0.012721715494990349,0.42078277468681335,0.43532946705818176,-0.062472689896821976,0.4121134281158447,0.546363353729248,-0.04948559030890465,0.4100082218647003,0.6092037558555603,-0.024219445884227753,0.48396432399749756,0.49618470668792725,-0.028974708169698715,0.46841961145401,0.4617241322994232,-0.053379565477371216,0.4514489471912384,0.5314163565635681,-0.037884242832660675,0.4465159773826599,0.5688230395317078,-0.016857534646987915
0.41176167130470276,0.7114279270172119,-7.79295874053787e-07,0.34227702021598816,0.6546424627304077,-0.02213764190673828,0.31404924392700195,0.5224029421806335,-0.029802868142724037,0.33858537673950195,0.4121978282928467,-0.04058464989066124,0.36187174916267395,0.3303046226501465,-0.045893047004938126,0.3247959017753601,0.4551440477371216,0.006163829006254673,0.29797807335853577,0.3731132447719574,-0.045065127313137054,0.31634098291397095,0.44398894906044006,-0.07582735270261765,0.3372836112976074,0.514431893825531,-0.08525373786687851,0.38089483976364136,0.45628130435943604,0.0012311062309890985,0.36902835965156555,0.4029194116592407,-0.05248912423849106,0.3774149715900421,0.5103381276130676,-0.06508239358663559,0.3866497278213501,0.5782220363616943,-0.057647597044706345,0.4346962869167328,0.4733920991420746,-0.012893680483102798,0.42195582389831543,0.43551015853881836,-0.06189560145139694,0.4140653610229492,0.5455435514450073,-0.04877542704343796,0.41246429085731506,0.6071377396583557,-0.023604953661561012,0.4870089292526245,0.49856865406036377,-0.02975122444331646,0.46903058886528015,0.4607852101325989,-0.053036920726299286,0.45277905464172363,0.5313968062400818,-0.03682640939950943,0.4492254853248596,0.5697129964828491,-0.015521376393735409
0.41014960408210754,0.7154480814933777,-7.873255754020647e-07,0.3417782187461853,0.657062828540802,-0.022809157148003578,0.31587791442871094,0.5244032144546509,-0.030979061499238014,0.3398095965385437,0.4183754324913025,-0.041954848915338516,0.3697754442691803,0.33773401379585266,-0.04774203523993492,0.32796502113342285,0.44954806566238403,0.005151757970452309,0.29934069514274597,0.37888234853744507,-0.04603048041462898,0.31584784388542175,0.45252951979637146,-0.07788022607564926,0.3347908854484558,0.524528443813324,-0.08799932897090912,0.38448840379714966,0.4480394423007965,0.0012753669871017337,0.36899471282958984,0.41167324781417847,-0.05205012485384941,0.37703609466552734,0.5202977061271667,-0.06482850015163422,0.38440144062042236,0.5894239544868469,-0.05761750787496567,0.43837589025497437,0.46520864963531494,-0.011634194292128086,0.42416492104530334,0.4400603771209717,-0.05959341302514076,0.41484272480010986,0.5510236024856567,-0.04657329246401787,0.4107426404953003,0.6150493621826172,-0.021611113101243973,0.4892345666885376,0.4926620423793793,-0.02741755172610283,0.47265446186065674,0.4627257287502289,-0.050228167325258255,0.45497262477874756,0.5339329838752747,-0.034087978303432465,0.4494907855987549,0.5732343792915344,-0.012528731487691402
0.4091740846633911,0.7217526435852051,-8.023484383556934e-07,0.33873671293258667,0.6625729203224182,-0.02232629619538784,0.31322577595710754,0.5268464088439941,-0.029815655201673508,0.33605289459228516,0.4179888963699341,-0.04037568345665932,0.358501136302948,0.33360743522644043,-0.04601762443780899,0.3253802955150604,0.4563853144645691,0.006297525949776173,0.29504236578941345,0.3810807764530182,-0.04576272889971733,0.311138391494751,0.4535849988460541,-0.07755457609891891,0.3300975263118744,0.5268706679344177,-0.08696423470973969,0.3816143274307251,0.45615068078041077,0.0019338903948664665,0.36379390954971313,0.41557151079177856,-0.05257679522037506,0.37292978167533875,0.5237572193145752,-0.06614131480455399,0.3821948766708374,0.5934737920761108,-0.058854032307863235,0.43550795316696167,0.4733421802520752,-0.011610289104282856,0.4172147512435913,0.44584140181541443,-0.06105160713195801,0.41131898760795593,0.5572445392608643,-0.04914991557598114,0.41100168228149414,0.6200273633003235,-0.024362972006201744,0.4869518280029297,0.49937760829925537,-0.02783176302909851,0.46534743905067444,0.46854591369628906,-0.05155876278877258,0.45074886083602905,0.5402936935424805,-0.03592217341065407,0.449144184589386,0.5777804255485535,-0.014444745145738125
0.40955016016960144,0.7177470326423645,-8.104756830107362e-07,0.3410264551639557,0.6601269245147705,-0.021993488073349,0.3149982690811157,0.5247235298156738,-0.02870790660381317,0.33829763531684875,0.4154152274131775,-0.03861014544963837,0.3600273132324219,0.33273983001708984,-0.043416399508714676,0.32663217186927795,0.45628657937049866,0.006792115047574043,0.29725000262260437,0.3754435181617737,-0.04470028728246689,0.3125198483467102,0.4473753273487091,-0.0758986845612526,0.331644207239151,0.5199712514877319,-0.08526059240102768,0.3826504647731781,0.4568561613559723,0.0022884912323206663,0.36660128831863403,0.4107778072357178,-0.05241645872592926,0.37411102652549744,0.5206648707389832,-0.06540125608444214,0.3830665051937103,0.590307891368866,-0.057697393000125885,0.4360869526863098,0.47467273473739624,-0.01142991241067648,0.41953322291374207,0.44263046979904175,-0.06083770468831062,0.4119125008583069,0.554902195930481,-0.04807136580348015,0.4111596941947937,0.6178525686264038,-0.0227956585586071,0.4879802465438843,0.5007129311561584,-0.02784710004925728,0.4675630033016205,0.46729883551597595,-0.05140012875199318,0.451331228017807,0.538598895072937,-0.03542729467153549,0.4486904442310333,0.5761853456497192,-0.013948483392596245
0.40654438734054565,0.7131860852241516,-8.553855650461628e-07,0.3315313160419464,0.65294349193573,-0.015191469341516495,0.30216526985168457,0.5229917168617249,-0.021316582337021828,0.32192111015319824,0.41425132751464844,-0.03213898465037346,0.34303784370422363,0.3311081528663635,-0.037977125495672226,0.31494516134262085,0.4526838958263397,0.008216585032641888,0.2808881103992462,0.3690507411956787,-0.042841505259275436,0.29620450735092163,0.43570268154144287,-0.07132793217897415,0.3167988657951355,0.5061917901039124,-0.07840746641159058,0.36934715509414673,0.4532850682735443,-0.00046764774015173316,0.3497127592563629,0.4070535898208618,-0.056362085044384,0.361466646194458,0.5143917798995972,-0.06776443868875504,0.3727361559867859,0.5831375122070312,-0.058541133999824524,0.4239901602268219,0.46943971514701843,-0.01758795976638794,0.4036957323551178,0.4427967667579651,-0.068185955286026,0.40290698409080505,0.5546596050262451,-0.05475926399230957,0.4055345058441162,0.6145799160003662,-0.028472846373915672,0.47923606634140015,0.49386200308799744,-0.03660810366272926,0.45336636900901794,0.4598592221736908,-0.058396391570568085,0.43984106183052063,0.5316415429115295,-0.04067487269639969,0.43832606077194214,0.5688444972038269,-0.018210629001259804
0.40460455417633057,0.7136522531509399,-8.640597002340655e-07,0.3293132781982422,0.6546872854232788,-0.01761695370078087,0.29947641491889954,0.5251628756523132,-0.02527855522930622,0.32063350081443787,0.41562753915786743,-0.03722537308931351,0.3440338969230652,0.3318827748298645,-0.044126857072114944,0.312507688999176,0.451323002576828,0.004721625708043575,0.27967944741249084,0.3668705224990845,-0.04785166308283806,0.2947385907173157,0.4351804256439209,-0.07722089439630508,0.3133215010166168,0.5081239938735962,-0.08473101258277893,0.36726078391075134,0.4504901170730591,-0.003217788180336356,0.3464408218860626,0.4019216001033783,-0.06025874614715576,0.35725265741348267,0.511491060256958,-0.07169169932603836,0.36742115020751953,0.5827190279960632,-0.06221753731369972,0.42237669229507446,0.46641969680786133,-0.019763894379138947,0.4020543098449707,0.4368837773799896,-0.07159406691789627,0.399806410074234,0.5516637563705444,-0.05774671211838722,0.4012896716594696,0.6153149008750916,-0.030741356313228607,0.47784656286239624,0.491545706987381,-0.03842085599899292,0.45328372716903687,0.4574428200721741,-0.062092822045087814,0.43845823407173157,0.5295539498329163,-0.044931236654520035,0.4357403516769409,0.5678694844245911,-0.022393640130758286
0.4074708819389343,0.7176700234413147,-8.762420407038007e-07,0.3353898525238037,0.6523184180259705,-0.017313111573457718,0.3088074326515198,0.5208097100257874,-0.02530851773917675,0.33445361256599426,0.4123310446739197,-0.03784467279911041,0.36091530323028564,0.32941675186157227,-0.04537273198366165,0.32542508840560913,0.45080631971359253,0.0065206545405089855,0.2954902648925781,0.3548632264137268,-0.04403648525476456,0.305618554353714,0.4212075471878052,-0.072227343916893,0.32102617621421814,0.4956169128417969,-0.07955367863178253,0.37996453046798706,0.4547899067401886,-0.0013551055453717709,0.36159515380859375,0.40106886625289917,-0.056607604026794434,0.36649420857429504,0.5093221068382263,-0.06877528876066208,0.3741428256034851,0.5824171900749207,-0.06055803596973419,0.4337286353111267,0.4731525480747223,-0.017730746418237686,0.4119259715080261,0.4386481046676636,-0.06846112012863159,0.4051307737827301,0.5501779317855835,-0.05648937448859215,0.4049845039844513,0.6144334077835083,-0.031616806983947754,0.4878210127353668,0.4988967180252075,-0.036098212003707886,0.459184855222702,0.4618349075317383,-0.060980357229709625,0.44376155734062195,0.5343201756477356,-0.04563305154442787,0.44215628504753113,0.5752809643745422,-0.024586426094174385
0.4057858884334564,0.7192166447639465,-8.870430292517995e-07,0.3348180055618286,0.6512702703475952,-0.016253793612122536,0.3101404905319214,0.5193228721618652,-0.02314671128988266,0.33414068818092346,0.4109494686126709,-0.034652311354875565,0.35904887318611145,0.32671186327934265,-0.041175805032253265,0.3257015347480774,0.4457100033760071,0.008618572726845741,0.29272428154945374,0.35643404722213745,-0.040704336017370224,0.30235758423805237,0.42089933156967163,-0.06790383905172348,0.31829535961151123,0.49284398555755615,-0.07459930330514908,0.38035848736763,0.44879984855651855,0.0005981478607282043,0.3584662079811096,0.399053692817688,-0.054121751338243484,0.36423832178115845,0.5063382983207703,-0.06567183136940002,0.37149524688720703,0.5798295736312866,-0.05692405253648758,0.43461737036705017,0.46763601899147034,-0.015863440930843353,0.41087374091148376,0.4391038715839386,-0.06635241955518723,0.4046867787837982,0.5519512295722961,-0.054303448647260666,0.4041581153869629,0.6165750622749329,-0.0290989987552166,0.4890182316303253,0.4950903356075287,-0.03424277529120445,0.45974019169807434,0.4621894061565399,-0.0575038343667984,0.44316181540489197,0.5338835716247559,-0.04180186986923218,0.44023463129997253,0.5736250877380371,-0.020724283531308174
0.40397390723228455,0.716913104057312,-8.9660545654624e-07,0.3328538239002228,0.6504433155059814,-0.015546677634119987,0.30903497338294983,0.5202004313468933,-0.02163071185350418,0.33224087953567505,0.41312316060066223,-0.03244338184595108,0.3540046811103821,0.32913315296173096,-0.0383644700050354,0.323821485042572,0.4452201724052429,0.009997870773077011,0.29258832335472107,0.35246533155441284,-0.039132650941610336,0.30011892318725586,0.4175872802734375,-0.06570246815681458,0.31446173787117004,0.48937729001045227,-0.0716693326830864,0.378400981426239,0.44893786311149597,0.002019578358158469,0.35693100094795227,0.39988571405410767,-0.0529509000480175,0.3619762659072876,0.5075513124465942,-0.06437493860721588,0.36868542432785034,0.5793644785881042,-0.055168379098176956,0.43260762095451355,0.4681578278541565,-0.01436002179980278,0.4084092080593109,0.43885356187820435,-0.0647425651550293,0.4022325873374939,0.551564633846283,-0.05269136652350426,0.402046263217926,0.6145519018173218,-0.02726328745484352,0.4871610403060913,0.4956713020801544,-0.03256388008594513,0.4570372700691223,0.4613370895385742,-0.056144990026950836,0.44139134883880615,0.534574568271637,-0.040680188685655594,0.4398943781852722,0.5745164155960083,-0.01941981166601181
0.40215373039245605,0.7167021036148071,-9.127314797297004e-07,0.33179187774658203,0.6506013870239258,-0.01468333788216114,0.30604809522628784,0.5204573273658752,-0.02101782336831093,0.32801496982574463,0.4132762551307678,-0.03232059255242348,0.3516026735305786,0.32935428619384766,-0.03885474428534508,0.32311487197875977,0.444100558757782,0.00783699844032526,0.28994375467300415,0.3512100577354431,-0.04161619767546654,0.29611486196517944,0.41524171829223633,-0.06806129962205887,0.3101864755153656,0.487434059381485,-0.07393860816955566,0.3774377703666687,0.4475826919078827,-0.0006828024634160101,0.35400086641311646,0.4025792181491852,-0.055910538882017136,0.3598795533180237,0.509859025478363,-0.0667722150683403,0.3676164150238037,0.5810454487800598,-0.057498183101415634,0.43159618973731995,0.4669014513492584,-0.017412662506103516,0.406711608171463,0.4434536099433899,-0.06830073893070221,0.40173467993736267,0.5552436113357544,-0.05626845359802246,0.4020196199417114,0.6178996562957764,-0.030947279185056686,0.48583540320396423,0.4948006868362427,-0.035804107785224915,0.4564044773578644,0.4613478183746338,-0.059141505509614944,0.4402986168861389,0.5342296361923218,-0.0432475283741951,0.43778952956199646,0.5750458836555481,-0.021836113184690475
0.3991861343383789,0.7163750529289246,-9.318340516983881e-07,0.32893404364585876,0.6519196033477783,-0.015433069318532944,0.30426567792892456,0.5188097953796387,-0.02179434709250927,0.32654228806495667,0.41168153285980225,-0.03302346169948578,0.34817421436309814,0.32756394147872925,-0.03922715038061142,0.32255685329437256,0.44123604893684387,0.0067675733007490635,0.2886723577976227,0.3480650782585144,-0.04346470907330513,0.2932793200016022,0.41409987211227417,-0.07012562453746796,0.3064660429954529,0.48757919669151306,-0.07590476423501968,0.37740853428840637,0.44366222620010376,-0.001648360281251371,0.3520503342151642,0.4015943706035614,-0.05739095062017441,0.3582249879837036,0.5097423195838928,-0.06824677437543869,0.36715567111968994,0.580732524394989,-0.05877799540758133,0.4317343533039093,0.4628658592700958,-0.018425531685352325,0.4054069519042969,0.44310498237609863,-0.06922382861375809,0.4011387526988983,0.5561405420303345,-0.05670046806335449,0.40235790610313416,0.6187449097633362,-0.031075414270162582,0.48600324988365173,0.49073484539985657,-0.0370459258556366,0.45545750856399536,0.4605043828487396,-0.05976727604866028,0.4395139813423157,0.5338659286499023,-0.04345489665865898,0.4376707971096039,0.5736597776412964,-0.021805455908179283
0.3971979022026062,0.7150559425354004,-9.373191005579429e-07,0.3283047378063202,0.6492570042610168,-0.015928741544485092,0.3039676547050476,0.5197450518608093,-0.023130685091018677,0.32465484738349915,0.4124511182308197,-0.035004206001758575,0.3445707857608795,0.3266882598400116,-0.04193497821688652,0.32252591848373413,0.4405907094478607,0.005279654636979103,0.2860408127307892,0.34771984815597534,-0.04610362648963928,0.29032430052757263,0.412253737449646,-0.07356516271829605,0.30395200848579407,0.4847063422203064,-0.07974009960889816,0.37739741802215576,0.4431702792644501,-0.0027788863517344,0.35071539878845215,0.4017288088798523,-0.05921228229999542,0.35701867938041687,0.5104420185089111,-0.0703093484044075,0.3661845326423645,0.5813964009284973,-0.06105086952447891,0.431600421667099,0.46240538358688354,-0.019147690385580063,0.4046763479709625,0.44268104434013367,-0.07103347778320312,0.39991018176078796,0.5558580160140991,-0.05860868841409683,0.4011439085006714,0.6182045936584473,-0.03275103494524956,0.48563796281814575,0.49103212356567383,-0.037305790930986404,0.45504164695739746,0.4591194987297058,-0.06126171723008156,0.4387001097202301,0.5328041315078735,-0.0452900268137455,0.43680721521377563,0.5733422040939331,-0.023549750447273254
0.39656659960746765,0.7146468758583069,-9.140550787378743e-07,0.3279013931751251,0.6470386981964111,-0.015056636184453964,0.3044843375682831,0.516520082950592,-0.02149943821132183,0.32523930072784424,0.4101415276527405,-0.032760705798864365,0.3440101742744446,0.32566970586776733,-0.03925918787717819,0.3218153417110443,0.4447389841079712,0.006622883956879377,0.2875401973724365,0.34902483224868774,-0.04459399729967117,0.2919553816318512,0.41148287057876587,-0.07186251133680344,0.3049392104148865,0.4841734766960144,-0.07773351669311523,0.37623506784439087,0.4487568438053131,-0.0018587460508570075,0.3511942923069,0.39884743094444275,-0.05829828232526779,0.3570651710033417,0.505712628364563,-0.06955412030220032,0.3657872676849365,0.5774664878845215,-0.060204315930604935,0.4305045008659363,0.4678385257720947,-0.01864105463027954,0.4049909710884094,0.4401072859764099,-0.07078486680984497,0.40039730072021484,0.553301990032196,-0.058849092572927475,0.40143895149230957,0.6168370842933655,-0.03315040469169617,0.48513805866241455,0.49511390924453735,-0.03705139085650444,0.4542052149772644,0.45887479186058044,-0.06164683401584625,0.4384085536003113,0.5332992672920227,-0.04596199467778206,0.43699127435684204,0.5750551223754883,-0.024372531101107597
0.3969317376613617,0.7169961929321289,-8.952035841502948e-07,0.32815539836883545,0.6485177278518677,-0.016513055190443993,0.3040632903575897,0.5157248377799988,-0.023279938846826553,0.325397253036499,0.40912044048309326,-0.03477874770760536,0.34549686312675476,0.32443469762802124,-0.04156244173645973,0.3216126263141632,0.445265531539917,0.00795631855726242,0.2872582674026489,0.3527872562408447,-0.04323863983154297,0.29201915860176086,0.415400892496109,-0.07107746601104736,0.3049689531326294,0.48702341318130493,-0.07741466164588928,0.37694767117500305,0.44848111271858215,2.7861518901772797e-05,0.35216259956359863,0.3987710177898407,-0.05651338770985603,0.3573269248008728,0.505587100982666,-0.06874330341815948,0.3658672869205475,0.5785151720046997,-0.059843629598617554,0.4315369427204132,0.46711480617523193,-0.016501495614647865,0.40656810998916626,0.4398941993713379,-0.06918874382972717,0.40091562271118164,0.5533318519592285,-0.058282848447561264,0.40127837657928467,0.6177764534950256,-0.03290163353085518,0.48556792736053467,0.49368447065353394,-0.034784749150276184,0.4551088809967041,0.4584844410419464,-0.05970795825123787,0.439767986536026,0.5330389738082886,-0.044465310871601105,0.43881911039352417,0.5747358798980713,-0.02299988642334938
0.3974052369594574,0.716445803642273,-8.776946174293698e-07,0.32988306879997253,0.6473642587661743,-0.016807865351438522,0.3066486716270447,0.5136582851409912,-0.023988280445337296,0.3283240795135498,0.40740153193473816,-0.03556467220187187,0.3463387191295624,0.32185983657836914,-0.04255218803882599,0.32486236095428467,0.4438646733760834,0.006673220545053482,0.29219692945480347,0.3522869944572449,-0.0439126156270504,0.2920582592487335,0.4108818769454956,-0.07120724022388458,0.30140775442123413,0.4834998548030853,-0.07728740572929382,0.3787256181240082,0.4480765759944916,-0.0009959536837413907,0.35325944423675537,0.39656442403793335,-0.057600218802690506,0.3581528961658478,0.5032030940055847,-0.06996691226959229,0.36840108036994934,0.5782802104949951,-0.0610664077103138,0.43280115723609924,0.4680463373661041,-0.01702319271862507,0.40765801072120667,0.43905383348464966,-0.06943150609731674,0.40094611048698425,0.5511571168899536,-0.05873981863260269,0.40154150128364563,0.6159456968307495,-0.033765751868486404,0.4865717589855194,0.49574199318885803,-0.034765686839818954,0.45700743794441223,0.45997515320777893,-0.060031406581401825,0.44042274355888367,0.5334948301315308,-0.04544027894735336,0.4386414587497711,0.5750700235366821,-0.024591626599431038
0.39902812242507935,0.7147200703620911,-8.596213660894136e-07,0.3308042585849762,0.646178126335144,-0.016490120440721512,0.3070410490036011,0.5117965340614319,-0.02351393736898899,0.3288915157318115,0.4043039381504059,-0.03494509309530258,0.35011357069015503,0.31855905055999756,-0.04228214919567108,0.32872703671455383,0.4443764388561249,0.007957358844578266,0.2960321307182312,0.3528856039047241,-0.04172855615615845,0.29182013869285583,0.4021857976913452,-0.06886539608240128,0.2981167435646057,0.472602516412735,-0.07517021894454956,0.3811822235584259,0.44869691133499146,0.00017939746612682939,0.3549656271934509,0.3931441903114319,-0.0566469207406044,0.3580018877983093,0.4958919584751129,-0.07005646079778671,0.36747249960899353,0.5736809968948364,-0.0616266205906868,0.43448716402053833,0.46868985891342163,-0.015813324600458145,0.40797534584999084,0.4365123510360718,-0.06935681402683258,0.40089312195777893,0.5475292205810547,-0.05988519266247749,0.40172260999679565,0.613938570022583,-0.03525698184967041,0.4878353178501129,0.4964393675327301,-0.03334865719079971,0.45764681696891785,0.4583527147769928,-0.06108736991882324,0.44189172983169556,0.5313441753387451,-0.04813646897673607,0.4408189654350281,0.5731812119483948,-0.028070025146007538
0.39885881543159485,0.7155753374099731,-8.517720289091812e-07,0.3331928551197052,0.6443572044372559,-0.015737097710371017,0.31209731101989746,0.511074960231781,-0.02299109660089016,0.33465680480003357,0.40357500314712524,-0.034961801022291183,0.35361963510513306,0.3164425492286682,-0.043284378945827484,0.33544623851776123,0.44572359323501587,0.007732320576906204,0.30486050248146057,0.35178929567337036,-0.0413711853325367,0.299039751291275,0.39900195598602295,-0.06917998939752579,0.302257239818573,0.4674493670463562,-0.07639904320240021,0.38706427812576294,0.4516659080982208,-0.0006472031818702817,0.362165629863739,0.3914707601070404,-0.054845746606588364,0.36196640133857727,0.49113234877586365,-0.06843108683824539,0.3686563968658447,0.5684752464294434,-0.061336684972047806,0.43953776359558105,0.4730263948440552,-0.017049023881554604,0.41381677985191345,0.4348675012588501,-0.06832807511091232,0.40470775961875916,0.5431119203567505,-0.05912178009748459,0.4044121503829956,0.6107697486877441,-0.03566860035061836,0.4924777150154114,0.5016930103302002,-0.03500213474035263,0.4629441797733307,0.45850881934165955,-0.061428003013134,0.4455346167087555,0.527929425239563,-0.048123881220817566,0.4429472088813782,0.5709779262542725,-0.028397921472787857
0.3979617953300476,0.717064380645752,-8.575871106586419e-07,0.3324938118457794,0.643150269985199,-0.014808100648224354,0.3133949935436249,0.5082697868347168,-0.020803213119506836,0.3364226222038269,0.40215399861335754,-0.03152211382985115,0.3554304242134094,0.315473735332489,-0.038173891603946686,0.33424457907676697,0.4410901665687561,0.010384691879153252,0.30409085750579834,0.35096457600593567,-0.0379711352288723,0.30235913395881653,0.40718406438827515,-0.06419875472784042,0.30902111530303955,0.47807928919792175,-0.0699329748749733,0.38661426305770874,0.4491001069545746,0.0018228209810331464,0.3631075322628021,0.39003312587738037,-0.052063822746276855,0.3628627061843872,0.4925994277000427,-0.06445921212434769,0.36917760968208313,0.5681454539299011,-0.05605122447013855,0.4391365647315979,0.472730815410614,-0.014925782568752766,0.4135347008705139,0.4336862862110138,-0.06569936126470566,0.40374863147735596,0.543246865272522,-0.055395111441612244,0.40333181619644165,0.609199047088623,-0.03100079856812954,0.49182265996932983,0.5037376284599304,-0.033151280134916306,0.4614139795303345,0.4591461420059204,-0.05874756723642349,0.4436980187892914,0.5310929417610168,-0.04467930272221565,0.44170883297920227,0.5740799307823181,-0.02430734783411026
0.3964865207672119,0.7164259552955627,-8.585554951423546e-07,0.3313044309616089,0.6418244242668152,-0.014731524512171745,0.3130025565624237,0.5078274607658386,-0.020352547988295555,0.33681392669677734,0.4015539288520813,-0.030965324491262436,0.3556404411792755,0.31506407260894775,-0.03749692440032959,0.33250489830970764,0.4423098862171173,0.012941213324666023,0.3030688762664795,0.350239098072052,-0.03577490895986557,0.3033784031867981,0.407532274723053,-0.062758669257164,0.3109501302242279,0.47789403796195984,-0.06892011314630508,0.3860782980918884,0.45006588101387024,0.004291614517569542,0.36286208033561707,0.38932520151138306,-0.049402009695768356,0.3627411127090454,0.49094268679618835,-0.06258747726678848,0.3680908977985382,0.5653159022331238,-0.05473180115222931,0.4393964111804962,0.4734632670879364,-0.012756933458149433,0.413010835647583,0.4334733784198761,-0.06348860263824463,0.4034717082977295,0.5430493354797363,-0.05368712916970253,0.40251463651657104,0.6084668040275574,-0.029525941237807274,0.49252334237098694,0.504176676273346,-0.03134794533252716,0.4602985680103302,0.4593407213687897,-0.056640513241291046,0.4438324272632599,0.5311006307601929,-0.042588651180267334,0.44288235902786255,0.5738325119018555,-0.02219725027680397
0.3949001729488373,0.7175027132034302,-8.509802000844502e-07,0.32983070611953735,0.6427419185638428,-0.016063671559095383,0.3113882839679718,0.507962167263031,-0.022122399881482124,0.3356929421424866,0.40132936835289,-0.03297610580921173,0.3555451035499573,0.3148356080055237,-0.039607755839824677,0.33041173219680786,0.44133156538009644,0.012039115652441978,0.30138009786605835,0.3494167625904083,-0.036120522767305374,0.3039360046386719,0.4108073115348816,-0.06302732229232788,0.3130910098552704,0.4806002378463745,-0.06945548951625824,0.3846336007118225,0.44942206144332886,0.004033367615193129,0.362871915102005,0.3889424204826355,-0.04866531863808632,0.3627392649650574,0.4913824200630188,-0.06160472705960274,0.3668941259384155,0.5647857785224915,-0.0540144219994545,0.43787360191345215,0.47301605343818665,-0.012415898032486439,0.41288992762565613,0.43181100487709045,-0.062271133065223694,0.40285515785217285,0.5421004295349121,-0.05217403173446655,0.4006139039993286,0.6084555983543396,-0.02817992866039276,0.4906087815761566,0.5039419531822205,-0.030606456100940704,0.4599582552909851,0.4587574899196625,-0.055313512682914734,0.4426449239253998,0.5303522348403931,-0.040936052799224854,0.4399392902851105,0.5739720463752747,-0.02048570103943348
0.3946306109428406,0.7184165716171265,-8.557312867196742e-07,0.3284589350223541,0.6430724859237671,-0.015407976694405079,0.3100157082080841,0.5079836845397949,-0.020965632051229477,0.33404451608657837,0.4012850522994995,-0.031420379877090454,0.35349327325820923,0.31499046087265015,-0.03751050680875778,0.32850709557533264,0.4417538642883301,0.012097748927772045,0.29804033041000366,0.3494134843349457,-0.03590787574648857,0.30391567945480347,0.41223427653312683,-0.06259391456842422,0.3155824840068817,0.48196324706077576,-0.06885693222284317,0.38325491547584534,0.4494679570198059,0.0036838583182543516,0.36063095927238464,0.3887391686439514,-0.04882511869072914,0.36074087023735046,0.4909125864505768,-0.061668869107961655,0.3647974729537964,0.563780665397644,-0.05402475968003273,0.43686211109161377,0.4726938307285309,-0.013094989582896233,0.41118064522743225,0.4329735040664673,-0.06270141154527664,0.40160033106803894,0.5432946681976318,-0.05264695733785629,0.40001413226127625,0.6093325614929199,-0.028653636574745178,0.49014371633529663,0.5033799409866333,-0.03158390894532204,0.4586412310600281,0.45952364802360535,-0.05576622113585472,0.44087284803390503,0.5307466387748718,-0.04120989516377449,0.43817734718322754,0.5739906430244446,-0.020691154524683952
0.3938717246055603,0.718082845211029,-8.688497246112092e-07,0.32745957374572754,0.641197919845581,-0.015704777091741562,0.31009355187416077,0.5061083436012268,-0.02116183005273342,0.33491167426109314,0.3999923765659332,-0.031448014080524445,0.35301443934440613,0.31361818313598633,-0.03731580451130867,0.3274075388908386,0.4415193796157837,0.012194562703371048,0.29818010330200195,0.35035380721092224,-0.03586623817682266,0.3028257489204407,0.41560983657836914,-0.06233936920762062,0.31329745054244995,0.4863302409648895,-0.06836851686239243,0.3826000690460205,0.4496247172355652,0.0038940077647566795,0.3608614206314087,0.38913941383361816,-0.04884388670325279,0.35988619923591614,0.49170926213264465,-0.061883535236120224,0.3641371726989746,0.5643714070320129,-0.054192982614040375,0.4364156126976013,0.47282201051712036,-0.012821456417441368,0.41057103872299194,0.43437984585762024,-0.06254115700721741,0.4004967212677002,0.5448234677314758,-0.05265452712774277,0.39948365092277527,0.6098193526268005,-0.028688034042716026,0.4900353252887726,0.5033057332038879,-0.03125850856304169,0.45756590366363525,0.45986366271972656,-0.05527571961283684,0.44010627269744873,0.5320807099342346,-0.040441326797008514,0.43875452876091003,0.5749330520629883,-0.01970662549138069
0.3940923511981964,0.7190109491348267,-8.662691470817663e-07,0.3278581500053406,0.6441545486450195,-0.01601042039692402,0.31031471490859985,0.5094695687294006,-0.021699339151382446,0.3349207937717438,0.40250852704048157,-0.03218386694788933,0.3532285690307617,0.3159618377685547,-0.03821778669953346,0.32711541652679443,0.44344305992126465,0.011930875480175018,0.2977926731109619,0.3509098291397095,-0.03607542812824249,0.3046301603317261,0.4161149561405182,-0.06282278895378113,0.3163735270500183,0.4863813817501068,-0.06908158212900162,0.38191187381744385,0.45139169692993164,0.003953154664486647,0.361486554145813,0.3921988904476166,-0.04866393283009529,0.3615836501121521,0.49621161818504333,-0.06169632077217102,0.3652551472187042,0.5682988166809082,-0.05410804599523544,0.4355516731739044,0.4743087589740753,-0.012426870875060558,0.41081634163856506,0.434129536151886,-0.06184350699186325,0.40071505308151245,0.5450387001037598,-0.051647331565618515,0.39903879165649414,0.6101711988449097,-0.02757369913160801,0.48921459913253784,0.5044245719909668,-0.030576875433325768,0.4584612548351288,0.45982882380485535,-0.05439899116754532,0.44020792841911316,0.5308417677879333,-0.039450667798519135,0.43733397126197815,0.5729813575744629,-0.018632644787430763
0.3940124809741974,0.7191717624664307,-8.774296134106407e-07,0.3275482952594757,0.6447761058807373,-0.01553500909358263,0.30956071615219116,0.5092492699623108,-0.021065831184387207,0.3346761167049408,0.4023626446723938,-0.03136054798960686,0.35204198956489563,0.315723717212677,-0.03714139014482498,0.3270055055618286,0.4416828155517578,0.011794826947152615,0.29696494340896606,0.3499784469604492,-0.03619936481118202,0.30440592765808105,0.4165109395980835,-0.0628068596124649,0.3169749677181244,0.4871059060096741,-0.06901242583990097,0.38211333751678467,0.44877123832702637,0.003363701980561018,0.36124876141548157,0.3910028338432312,-0.04923499748110771,0.36105620861053467,0.496646523475647,-0.061858560889959335,0.3648660480976105,0.5688156485557556,-0.05396564304828644,0.43572062253952026,0.4714248776435852,-0.01345235574990511,0.4098091125488281,0.4329337179660797,-0.06228623911738396,0.3997926115989685,0.5447276830673218,-0.051298584789037704,0.3988173007965088,0.6092584729194641,-0.026958638802170753,0.4892275929450989,0.5015862584114075,-0.03209616243839264,0.4567296504974365,0.4598904252052307,-0.05510932579636574,0.43865087628364563,0.5319684743881226,-0.03951394185423851,0.43700528144836426,0.5730098485946655,-0.018450317904353142
0.39436593651771545,0.7192906737327576,-8.846859032018983e-07,0.3275128901004791,0.6447638869285583,-0.015149582177400589,0.30964428186416626,0.5096305012702942,-0.02055533044040203,0.33489513397216797,0.4027472138404846,-0.030874958261847496,0.35219645500183105,0.31634989380836487,-0.03668489679694176,0.32728204131126404,0.4415569305419922,0.012620259076356888,0.2970540523529053,0.3492414951324463,-0.03520568087697029,0.3038887083530426,0.41559943556785583,-0.06174376234412193,0.3159249722957611,0.4866231381893158,-0.0678766667842865,0.3820101022720337,0.4489482045173645,0.004143534228205681,0.3599163591861725,0.39138057827949524,-0.0484452024102211,0.3599156141281128,0.49625474214553833,-0.06134045124053955,0.36380088329315186,0.5685071349143982,-0.05362500622868538,0.43556439876556396,0.47148066759109497,-0.012691358104348183,0.40878838300704956,0.4336763918399811,-0.06178629398345947,0.3989146649837494,0.5455234050750732,-0.051323436200618744,0.397732138633728,0.6106926202774048,-0.027190927416086197,0.48927468061447144,0.5012972354888916,-0.03128765523433685,0.45570337772369385,0.4601401090621948,-0.05461762472987175,0.43766480684280396,0.5325350165367126,-0.03946829214692116,0.4358704686164856,0.5743143558502197,-0.018608147278428078
0.39253485202789307,0.719886839389801,-8.925703696149867e-07,0.32425588369369507,0.6449444890022278,-0.013269037008285522,0.3051626682281494,0.5126844048500061,-0.018488556146621704,0.33131760358810425,0.4078945517539978,-0.028924716636538506,0.3520980775356293,0.3238527178764343,-0.03500090911984444,0.3271857798099518,0.44352608919143677,0.012558108195662498,0.2980121672153473,0.35537654161453247,-0.03452429920434952,0.3030850291252136,0.42200660705566406,-0.06049957871437073,0.3139529526233673,0.4926549196243286,-0.06654714792966843,0.3804433047771454,0.45118698477745056,0.0033374822232872248,0.35862991213798523,0.3961694836616516,-0.04784897714853287,0.357368141412735,0.501947283744812,-0.05927689000964165,0.36099404096603394,0.5736177563667297,-0.051055677235126495,0.4329397976398468,0.4739730954170227,-0.013939132913947105,0.4070465862751007,0.43848928809165955,-0.061446040868759155,0.39546999335289,0.5499114394187927,-0.04942452162504196,0.39394596219062805,0.6136330366134644,-0.024800129234790802,0.48588189482688904,0.5053151249885559,-0.03290422260761261,0.45516839623451233,0.46461376547813416,-0.054486390203237534,0.4355888366699219,0.5349503755569458,-0.038356974720954895,0.43285447359085083,0.5745072364807129,-0.017262212932109833
0.3975400924682617,0.7072968482971191,-8.553673751521274e-07,0.3290559649467468,0.6331905126571655,-0.013278385624289513,0.3100402355194092,0.5030786395072937,-0.01863029971718788,0.3353894054889679,0.39847254753112793,-0.029010644182562828,0.35728126764297485,0.31649383902549744,-0.0350097194314003,0.330822616815567,0.4376928210258484,0.011868382804095745,0.3008967936038971,0.3514702022075653,-0.0351959727704525,0.30715233087539673,0.4187067151069641,-0.06157461181282997,0.31856298446655273,0.4873390197753906,-0.06817282736301422,0.38392922282218933,0.44495660066604614,0.0029015701729804277,0.3616895079612732,0.3904213309288025,-0.04882371053099632,0.362183541059494,0.4951595366001129,-0.060482293367385864,0.3667275905609131,0.5649205446243286,-0.05256103724241257,0.43584463000297546,0.4673047661781311,-0.01399866584688425,0.4102535545825958,0.43188273906707764,-0.061797596514225006,0.4000187814235687,0.5412326455116272,-0.04968162626028061,0.3983428180217743,0.6035622954368591,-0.025081297382712364,0.48759138584136963,0.497658908367157,-0.03257714956998825,0.45802247524261475,0.4587313234806061,-0.05434892699122429,0.43957650661468506,0.5280367732048035,-0.038295939564704895,0.4365297257900238,0.5664839148521423,-0.017364952713251114
0.4019591212272644,0.707395076751709,-8.567348572796618e-07,0.32961639761924744,0.6383028030395508,-0.014432743191719055,0.30361342430114746,0.5064730048179626,-0.02014561928808689,0.32436609268188477,0.40191036462783813,-0.030622664839029312,0.34439143538475037,0.3181721270084381,-0.03676551952958107,0.3247419595718384,0.4365951418876648,0.011869346722960472,0.2906535565853119,0.35729336738586426,-0.03495953232049942,0.3007926940917969,0.42615067958831787,-0.061853304505348206,0.31515055894851685,0.4946640133857727,-0.06869369000196457,0.3792914152145386,0.4395025670528412,0.003948052879422903,0.35507309436798096,0.3932151198387146,-0.047087039798498154,0.36066535115242004,0.498649924993515,-0.05965135619044304,0.36715513467788696,0.5691409707069397,-0.052476368844509125,0.4326198101043701,0.45718929171562195,-0.011872628703713417,0.4060305953025818,0.4271908402442932,-0.059714872390031815,0.4006360173225403,0.5375509858131409,-0.049122679978609085,0.4003017842769623,0.6018021106719971,-0.025409195572137833,0.4846849739551544,0.48320698738098145,-0.02931756153702736,0.45463475584983826,0.44838398694992065,-0.051953062415122986,0.43923163414001465,0.5205178260803223,-0.036594368517398834,0.43688371777534485,0.5618888139724731,-0.01564827933907509
0.40685710310935974,0.6998372673988342,-8.074940751612303e-07,0.3344103991985321,0.6397045850753784,-0.019933685660362244,0.30596983432769775,0.5069422125816345,-0.027030661702156067,0.3245823383331299,0.39738088846206665,-0.037600819021463394,0.33880963921546936,0.3113332986831665,-0.04353613778948784,0.31973910331726074,0.43875667452812195,0.006822270341217518,0.2880058288574219,0.3654552698135376,-0.04319054260849953,0.3046778738498688,0.4345121681690216,-0.07268675416707993,0.3234557807445526,0.5037077069282532,-0.08086519688367844,0.37538421154022217,0.4383176267147064,0.0014831149019300938,0.35568103194236755,0.3919508755207062,-0.05152599513530731,0.36614230275154114,0.4977096915245056,-0.06450846791267395,0.376028835773468,0.5680735111236572,-0.05723971873521805,0.42930227518081665,0.4530150592327118,-0.01251278631389141,0.408917099237442,0.42512696981430054,-0.0619167685508728,0.40562790632247925,0.5350179672241211,-0.05140315741300583,0.4063655734062195,0.598594605922699,-0.027455536648631096,0.48144811391830444,0.4758840501308441,-0.02867339737713337,0.45745545625686646,0.44444459676742554,-0.05230699107050896,0.4437238276004791,0.5154820680618286,-0.03752873092889786,0.4414520263671875,0.5547869205474854,-0.01693941466510296
0.4070050120353699,0.673966109752655,-7.426425554513116e-07,0.3257673382759094,0.6260129809379578,-0.01997993513941765,0.28129032254219055,0.5011551976203918,-0.02618233487010002,0.28852343559265137,0.38662034273147583,-0.03631017357110977,0.29919788241386414,0.2992866039276123,-0.04169323667883873,0.2886810898780823,0.43574127554893494,0.013066974468529224,0.25277823209762573,0.36585575342178345,-0.03690456598997116,0.27794381976127625,0.42770320177078247,-0.06842785328626633,0.3072277307510376,0.49218666553497314,-0.0783655047416687,0.34481191635131836,0.4238365590572357,0.007673303131014109,0.3284831941127777,0.375948041677475,-0.04679940640926361,0.34897562861442566,0.4803256094455719,-0.06200867518782616,0.3655451238155365,0.5507265329360962,-0.05548413470387459,0.40047696232795715,0.42736369371414185,-0.0067183999344706535,0.3856254518032074,0.39478611946105957,-0.05685089901089668,0.39188680052757263,0.5054492354393005,-0.04615115001797676,0.3979490101337433,0.5711987018585205,-0.021471111103892326,0.4544193744659424,0.44013822078704834,-0.023560404777526855,0.4360496997833252,0.4074890613555908,-0.047660499811172485,0.42866775393486023,0.48044082522392273,-0.03246729448437691,0.42840903997421265,0.5213944315910339,-0.011111928150057793
0.4058263897895813,0.6751276850700378,-7.459006496901566e-07,0.3247143626213074,0.6265183687210083,-0.020608827471733093,0.28032630681991577,0.5000706315040588,-0.026535402983427048,0.287055641412735,0.3851082921028137,-0.0362301766872406,0.2961399555206299,0.29779306054115295,-0.04108830541372299,0.2893184721469879,0.4362611174583435,0.013502716086804867,0.2535947859287262,0.3671303689479828,-0.03589692339301109,0.27731263637542725,0.42926156520843506,-0.06695367395877838,0.3057476878166199,0.49405544996261597,-0.07669619470834732,0.34467586874961853,0.4251856803894043,0.008542283438146114,0.3276902139186859,0.3759472668170929,-0.04595812037587166,0.3477322459220886,0.48021095991134644,-0.06138625741004944,0.364326536655426,0.5504745244979858,-0.05490543320775032,0.3995111584663391,0.42887941002845764,-0.005505869165062904,0.3846808671951294,0.39386293292045593,-0.0559224933385849,0.3906383514404297,0.5032421350479126,-0.045902203768491745,0.3967128396034241,0.5686245560646057,-0.021544257178902626,0.452980101108551,0.44123706221580505,-0.022015651687979698,0.4350018799304962,0.40714752674102783,-0.04671014845371246,0.4273938238620758,0.4794013500213623,-0.032393112778663635,0.42679479718208313,0.5205089449882507,-0.011582189239561558
0.4038699269294739,0.6738593578338623,-7.436624400725123e-07,0.3262731730937958,0.6286900043487549,-0.021841781213879585,0.28095564246177673,0.5013862252235413,-0.02847215160727501,0.28676050901412964,0.38482972979545593,-0.0383547805249691,0.29665279388427734,0.2963747978210449,-0.04315024986863136,0.2853219509124756,0.43812716007232666,0.010200324468314648,0.2504526376724243,0.36343979835510254,-0.040268853306770325,0.27583417296409607,0.4251827895641327,-0.07158632576465607,0.30492961406707764,0.49108651280403137,-0.08125781267881393,0.34119975566864014,0.4265248775482178,0.00580038083717227,0.32604289054870605,0.3748011887073517,-0.0494144968688488,0.34672853350639343,0.47956690192222595,-0.0641498863697052,0.36298343539237976,0.5510522127151489,-0.05702086538076401,0.3968648612499237,0.42977383732795715,-0.007746938616037369,0.38342148065567017,0.3929622769355774,-0.05819801241159439,0.38937807083129883,0.5030161738395691,-0.047323618084192276,0.394737184047699,0.5692955255508423,-0.022485317662358284,0.45143061876296997,0.44155657291412354,-0.023892715573310852,0.4335070848464966,0.40575796365737915,-0.0490717813372612,0.42635783553123474,0.4795795679092407,-0.034432899206876755,0.42606568336486816,0.522070050239563,-0.013306306675076485
0.40343669056892395,0.6741313934326172,-7.287151788659685e-07,0.32389333844184875,0.6250419020652771,-0.01966099441051483,0.279572993516922,0.5007740259170532,-0.02574821002781391,0.28716209530830383,0.3859497904777527,-0.03598182275891304,0.2986891269683838,0.29872405529022217,-0.04127182438969612,0.2839440107345581,0.43996742367744446,0.014350873418152332,0.2482706606388092,0.3643605709075928,-0.03531613573431969,0.2736363410949707,0.422900915145874,-0.06672903150320053,0.3030819892883301,0.48671990633010864,-0.07666755467653275,0.34001052379608154,0.4274533689022064,0.008869036100804806,0.3251414895057678,0.3765334486961365,-0.04588835686445236,0.34647223353385925,0.47850582003593445,-0.06165662035346031,0.36323192715644836,0.5486217141151428,-0.055429212749004364,0.39596858620643616,0.43017542362213135,-0.005649234168231487,0.38225609064102173,0.39562779664993286,-0.055427104234695435,0.38877201080322266,0.5038212537765503,-0.04519854485988617,0.394307017326355,0.5687925815582275,-0.020966289564967155,0.45110005140304565,0.4412432909011841,-0.022667618468403816,0.43314293026924133,0.40736591815948486,-0.04602903500199318,0.4254986643791199,0.47833970189094543,-0.030979875475168228,0.42447805404663086,0.5189533829689026,-0.009936210699379444
0.4050196409225464,0.6739997267723083,-7.409570912386698e-07,0.3263310194015503,0.6285708546638489,-0.020773738622665405,0.2809962034225464,0.5030562281608582,-0.027208339422941208,0.2893064320087433,0.38702547550201416,-0.037359628826379776,0.30024397373199463,0.29914483428001404,-0.04241112619638443,0.283366322517395,0.44042009115219116,0.011651205830276012,0.24893075227737427,0.3616694211959839,-0.0381295345723629,0.2737460732460022,0.42117711901664734,-0.06918252259492874,0.30293500423431396,0.48707863688468933,-0.07887720316648483,0.339322030544281,0.42788708209991455,0.006590948905795813,0.3263062834739685,0.37528154253959656,-0.04787277802824974,0.3471759259700775,0.47865617275238037,-0.062704898416996,0.3635653853416443,0.5489133596420288,-0.05598510429263115,0.39523985981941223,0.4309904873371124,-0.00756094790995121,0.3838498294353485,0.39292728900909424,-0.056864235550165176,0.3895874321460724,0.501862645149231,-0.04581500589847565,0.3944598138332367,0.5666181445121765,-0.021397830918431282,0.45053207874298096,0.44252559542655945,-0.024333667010068893,0.4343705177307129,0.4073013365268707,-0.04785950109362602,0.42646563053131104,0.47884032130241394,-0.03278548642992973,0.42515474557876587,0.518976628780365,-0.011864209547638893
0.40513893961906433,0.6850814819335938,-7.904592962404422e-07,0.3198757469654083,0.6391303539276123,-0.016721870750188828,0.27360403537750244,0.513322651386261,-0.022134404629468918,0.28172916173934937,0.3947410583496094,-0.03233480826020241,0.29723721742630005,0.305026650428772,-0.03821713849902153,0.2840936481952667,0.44411882758140564,0.01384199969470501,0.24687643349170685,0.36619365215301514,-0.03688868135213852,0.2704961597919464,0.4254656732082367,-0.06840284168720245,0.29847943782806396,0.49104952812194824,-0.07819612324237823,0.3406634032726288,0.4329991936683655,0.006232208106666803,0.32264280319213867,0.38153642416000366,-0.05001110956072807,0.3434563875198364,0.48719435930252075,-0.06523548066616058,0.36001285910606384,0.5600012540817261,-0.058277394622564316,0.3976578116416931,0.4372888207435608,-0.010080661624670029,0.3802056312561035,0.40210196375846863,-0.061823196709156036,0.38736262917518616,0.5147602558135986,-0.05020764097571373,0.3932431936264038,0.5816438794136047,-0.024383826181292534,0.4545915126800537,0.45065227150917053,-0.028422923758625984,0.4318408966064453,0.41274717450141907,-0.05252956598997116,0.4253137707710266,0.486245721578598,-0.0355626679956913,0.42559900879859924,0.5279443264007568,-0.01281057484447956
0.405268132686615,0.6883388757705688,-7.773716674819298e-07,0.3193674087524414,0.6439177989959717,-0.017969569191336632,0.2705077528953552,0.5168421268463135,-0.023178642615675926,0.27810385823249817,0.3953337073326111,-0.0330701507627964,0.29095566272735596,0.3045886754989624,-0.0384974367916584,0.2801056206226349,0.44692057371139526,0.014553390443325043,0.24264279007911682,0.36834239959716797,-0.03652416542172432,0.2666497826576233,0.4271962344646454,-0.06860936433076859,0.29531019926071167,0.4928637742996216,-0.0788576751947403,0.3373081088066101,0.4343443512916565,0.007244178093969822,0.3206002116203308,0.38003379106521606,-0.050101138651371,0.3406999111175537,0.4878050982952118,-0.06591738015413284,0.35649335384368896,0.5625333189964294,-0.059100713580846786,0.39435097575187683,0.43792808055877686,-0.009071986190974712,0.3785236179828644,0.40064823627471924,-0.06227413937449455,0.3849303126335144,0.5155391693115234,-0.05103510618209839,0.39058250188827515,0.5843359231948853,-0.025197166949510574,0.4511224627494812,0.45070791244506836,-0.027614420279860497,0.43192049860954285,0.4133307635784149,-0.053605761379003525,0.4240526556968689,0.48864859342575073,-0.03768184036016464,0.4224938154220581,0.5315849184989929,-0.015440954826772213
0.40209057927131653,0.6896088123321533,-8.107310804916779e-07,0.3187161982059479,0.6454133987426758,-0.018102198839187622,0.2688962519168854,0.5174388289451599,-0.023606229573488235,0.2761135995388031,0.3947836756706238,-0.03369717299938202,0.28953468799591064,0.3033830523490906,-0.039024338126182556,0.27728140354156494,0.447331964969635,0.012892775237560272,0.23666971921920776,0.36503341794013977,-0.03866032510995865,0.25902673602104187,0.42455998063087463,-0.06972266733646393,0.288101464509964,0.4905255138874054,-0.0789758563041687,0.3346230983734131,0.43437957763671875,0.0056585404090583324,0.31497564911842346,0.3794423043727875,-0.052623335272073746,0.3366568088531494,0.48869600892066956,-0.06705474108457565,0.35465335845947266,0.5626093745231628,-0.058802489191293716,0.39191269874572754,0.43761032819747925,-0.010692798532545567,0.37311235070228577,0.4014708995819092,-0.06473714113235474,0.38170263171195984,0.5175588130950928,-0.05252007022500038,0.3896495997905731,0.5852827429771423,-0.025632405653595924,0.44936853647232056,0.44951239228248596,-0.029220009222626686,0.42678332328796387,0.4123806655406952,-0.0555061399936676,0.4201738238334656,0.48854824900627136,-0.03942500054836273,0.4206758439540863,0.5307450890541077,-0.016966890543699265
0.4020182490348816,0.6922531127929688,-8.048041308938991e-07,0.3147089183330536,0.6439149379730225,-0.01798398047685623,0.2666553258895874,0.5151411890983582,-0.023656589910387993,0.2731276750564575,0.39360368251800537,-0.03420669212937355,0.282620370388031,0.3011569380760193,-0.04003598913550377,0.274949312210083,0.4460265338420868,0.015151698142290115,0.23351402580738068,0.3666629195213318,-0.03650053218007088,0.25739586353302,0.4282756745815277,-0.06832413375377655,0.28732654452323914,0.4946736991405487,-0.07794322073459625,0.33295783400535583,0.43329814076423645,0.007856123149394989,0.31247687339782715,0.3795645534992218,-0.05000961199402809,0.3343501687049866,0.48744136095046997,-0.06594669073820114,0.35267263650894165,0.5614669919013977,-0.058927133679389954,0.3909611105918884,0.43611466884613037,-0.008578718639910221,0.3706943690776825,0.40128931403160095,-0.062238484621047974,0.3787510097026825,0.5172048807144165,-0.05125795304775238,0.3865417242050171,0.5862223505973816,-0.025213688611984253,0.4483383893966675,0.4477117657661438,-0.027189679443836212,0.42389214038848877,0.41220909357070923,-0.052841667085886,0.4166736602783203,0.48873957991600037,-0.03680207580327988,0.41693443059921265,0.5328677296638489,-0.0143240075558424
0.40047451853752136,0.6915024518966675,-8.149574455273978e-07,0.31314921379089355,0.6469584107398987,-0.019380787387490273,0.2631756067276001,0.5155242085456848,-0.025189418345689774,0.2683914005756378,0.3914338946342468,-0.03550773859024048,0.2789878845214844,0.29750940203666687,-0.040762096643447876,0.26997506618499756,0.4462844431400299,0.014755886048078537,0.22859138250350952,0.36320340633392334,-0.03722851350903511,0.252891480922699,0.42576539516448975,-0.06885900348424911,0.28288426995277405,0.49235454201698303,-0.0782628282904625,0.3290444016456604,0.43290746212005615,0.00822358950972557,0.3082524538040161,0.3775385022163391,-0.050112780183553696,0.3315899968147278,0.48669111728668213,-0.06533495336771011,0.3509763181209564,0.5605428218841553,-0.05760592967271805,0.38776135444641113,0.4356485605239868,-0.007752470206469297,0.3671690821647644,0.3999697268009186,-0.06172464042901993,0.3766762912273407,0.5173172354698181,-0.04998480901122093,0.38545191287994385,0.5864854454994202,-0.023378072306513786,0.4465160369873047,0.44661399722099304,-0.026084469631314278,0.42137500643730164,0.4123409390449524,-0.051864176988601685,0.41484546661376953,0.49098658561706543,-0.03576304018497467,0.4154156446456909,0.5352563858032227,-0.013328727334737778
0.3996109664440155,0.6925290822982788,-8.244161904258362e-07,0.31294912099838257,0.6455721259117126,-0.0180205125361681,0.2619911730289459,0.5162392854690552,-0.02357526682317257,0.26836130023002625,0.3931601643562317,-0.03404134139418602,0.27795928716659546,0.3004187345504761,-0.039835430681705475,0.26849305629730225,0.44410985708236694,0.015923408791422844,0.22718560695648193,0.36231929063796997,-0.035705339163541794,0.251421719789505,0.4257158041000366,-0.06796103715896606,0.2825150787830353,0.4941159784793854,-0.07806731760501862,0.3271915316581726,0.4315168559551239,0.008132383227348328,0.3064797818660736,0.3747584819793701,-0.050262872129678726,0.3295367956161499,0.48405084013938904,-0.06673578172922134,0.3500053286552429,0.5593452453613281,-0.05987345054745674,0.3864161968231201,0.4347214102745056,-0.008840801194310188,0.3659433424472809,0.3961559534072876,-0.0630343034863472,0.3756355345249176,0.5145136117935181,-0.05181347578763962,0.38455069065093994,0.5844467282295227,-0.025571579113602638,0.4453372061252594,0.44667840003967285,-0.028002401813864708,0.4189862012863159,0.4105779230594635,-0.0541641041636467,0.41322481632232666,0.48978182673454285,-0.03775588423013687,0.4152502119541168,0.5340743064880371,-0.015068490989506245
0.40051841735839844,0.6909003853797913,-8.2008784829668e-07,0.31539469957351685,0.6466765999794006,-0.018888752907514572,0.2623665928840637,0.5165841579437256,-0.02523088827729225,0.26857998967170715,0.3924277424812317,-0.036097802221775055,0.2793367803096771,0.29872429370880127,-0.04207216203212738,0.26722773909568787,0.4443158507347107,0.011971528641879559,0.22424887120723724,0.35998865962028503,-0.04126826301217079,0.24961450695991516,0.4224433898925781,-0.07408944517374039,0.2821977436542511,0.4918465316295624,-0.08437805622816086,0.3261058032512665,0.43121007084846497,0.00406531011685729,0.30503565073013306,0.37247058749198914,-0.055716194212436676,0.3294190466403961,0.4822886884212494,-0.07193261384963989,0.35086360573768616,0.5581249594688416,-0.06475879997015,0.38583189249038696,0.43420475721359253,-0.012967126443982124,0.3658011555671692,0.3936718702316284,-0.06819340586662292,0.37666261196136475,0.513020396232605,-0.05583195760846138,0.38613665103912354,0.5831686854362488,-0.0287819504737854,0.44545990228652954,0.44583502411842346,-0.032248999923467636,0.4191337823867798,0.40867939591407776,-0.0593680664896965,0.41400063037872314,0.48873406648635864,-0.04227356240153313,0.41681188344955444,0.5328978896141052,-0.018974902108311653
0.410138875246048,0.6943878531455994,-8.761380740907043e-07,0.32556942105293274,0.650042712688446,-0.018933912739157677,0.27254629135131836,0.5176993608474731,-0.025793807581067085,0.27776452898979187,0.38906535506248474,-0.0367526076734066,0.28933459520339966,0.2937583923339844,-0.041953396052122116,0.2756021320819855,0.44155335426330566,0.00733600789681077,0.23488640785217285,0.3540637195110321,-0.04735000059008598,0.2628175914287567,0.42133471369743347,-0.07869847863912582,0.2947104871273041,0.4914849102497101,-0.08795046806335449,0.33513009548187256,0.4299030303955078,-0.0009350511245429516,0.3116849958896637,0.37228789925575256,-0.06180243566632271,0.33881786465644836,0.4833163619041443,-0.07565581798553467,0.36106932163238525,0.5560184717178345,-0.06728135049343109,0.3956376016139984,0.4342691898345947,-0.018320657312870026,0.3736437261104584,0.39791059494018555,-0.07323560118675232,0.3861054480075836,0.5151829719543457,-0.05832746624946594,0.39539018273353577,0.5815147757530212,-0.0302960816770792,0.45717117190361023,0.4468134045600891,-0.03807821124792099,0.42867863178253174,0.41098126769065857,-0.06347116827964783,0.4252825379371643,0.49153539538383484,-0.045092880725860596,0.42932000756263733,0.5334265828132629,-0.0217606108635664
0.413516104221344,0.6997353434562683,-8.557216801818868e-07,0.3232541084289551,0.6490302681922913,-0.017675062641501427,0.270865261554718,0.5172524452209473,-0.02382618375122547,0.27787065505981445,0.3910587430000305,-0.03503969684243202,0.28942856192588806,0.29563266038894653,-0.04126742482185364,0.2763451635837555,0.44310057163238525,0.013509645126760006,0.23165525496006012,0.35785531997680664,-0.04109188914299011,0.2579050064086914,0.42359280586242676,-0.07445159554481506,0.2909587621688843,0.4946322441101074,-0.0847088098526001,0.3372420072555542,0.4308989942073822,0.004565938375890255,0.3151545226573944,0.37417271733283997,-0.05593810975551605,0.3410329818725586,0.4870269298553467,-0.07171455770730972,0.3635384440422058,0.5621395707130432,-0.06422089040279388,0.3987177908420563,0.4354134798049927,-0.013709344901144505,0.378639817237854,0.39588358998298645,-0.0691344290971756,0.3893605172634125,0.5179667472839355,-0.05557742714881897,0.3984646499156952,0.5877291560173035,-0.027660368010401726,0.4595736861228943,0.449584424495697,-0.03426376357674599,0.43297380208969116,0.4121602475643158,-0.059939194470644,0.4274609386920929,0.4924605190753937,-0.04146645590662956,0.43033403158187866,0.5355175733566284,-0.017342889681458473
0.4151611924171448,0.7035022377967834,-8.835362450554385e-07,0.32598233222961426,0.6536684632301331,-0.019375160336494446,0.2745705246925354,0.5195693373680115,-0.02660708874464035,0.2827325463294983,0.3913770914077759,-0.038232918828725815,0.29518014192581177,0.2943515181541443,-0.04440940171480179,0.28039711713790894,0.4439747929573059,0.008435969240963459,0.23443911969661713,0.3570660948753357,-0.046774107962846756,0.2614695727825165,0.4241373836994171,-0.07937529683113098,0.2951316833496094,0.4963817894458771,-0.08908748626708984,0.3412543535232544,0.4311024248600006,0.0002014335768762976,0.3183950185775757,0.37678515911102295,-0.06146283447742462,0.34520500898361206,0.49100860953330994,-0.07635843753814697,0.36739179491996765,0.5661706924438477,-0.06825484335422516,0.40270793437957764,0.43483829498291016,-0.01728523150086403,0.3819257616996765,0.39829766750335693,-0.07356733083724976,0.393551230430603,0.5204750895500183,-0.059064771980047226,0.403042733669281,0.5899046659469604,-0.030565762892365456,0.4640710949897766,0.4482051730155945,-0.0371192991733551,0.4363272190093994,0.41185635328292847,-0.06361880898475647,0.43124160170555115,0.49340128898620605,-0.044882938265800476,0.4350419044494629,0.5367536544799805,-0.020462822169065475
0.4205082356929779,0.7132537961006165,-8.980244956546812e-07,0.3290589451789856,0.6652191281318665,-0.02113972045481205,0.2752825617790222,0.5252065658569336,-0.02878844365477562,0.2835201025009155,0.39240527153015137,-0.04071381315588951,0.2982594966888428,0.2931409478187561,-0.047006167471408844,0.2836174964904785,0.4448390603065491,0.00732490886002779,0.23938433825969696,0.3547716736793518,-0.05088089779019356,0.2669944167137146,0.4253617227077484,-0.08556917309761047,0.2999931573867798,0.5003050565719604,-0.09630174934864044,0.34625139832496643,0.4318471848964691,-0.0007943918462842703,0.32436618208885193,0.37567490339279175,-0.06555267423391342,0.35117438435554504,0.4944168031215668,-0.08163077384233475,0.37264907360076904,0.57294100522995,-0.07351509481668472,0.4092721939086914,0.4367310106754303,-0.018581289798021317,0.3903235197067261,0.40036773681640625,-0.0774611085653305,0.4010198712348938,0.5273613333702087,-0.06297164410352707,0.4086768627166748,0.6009671092033386,-0.033632781356573105,0.47201237082481384,0.45133495330810547,-0.03891158849000931,0.4467081129550934,0.41416314244270325,-0.06725873798131943,0.4408567547798157,0.4988483190536499,-0.04851456731557846,0.442830890417099,0.5445835590362549,-0.023510584607720375
0.42215749621391296,0.7181327939033508,-8.971983334049582e-07,0.32970109581947327,0.6657115817070007,-0.02188563533127308,0.27762570977211,0.5259459018707275,-0.02986253798007965,0.2874642312526703,0.3920852541923523,-0.04212363809347153,0.3011913299560547,0.29146137833595276,-0.04853709414601326,0.2846032381057739,0.4453774392604828,0.008603674359619617,0.24072830379009247,0.35639166831970215,-0.05018202215433121,0.2685455083847046,0.42707395553588867,-0.0856284573674202,0.3024705946445465,0.5022702217102051,-0.09681840240955353,0.34897634387016296,0.43276476860046387,0.00074599968502298,0.3274127244949341,0.37711185216903687,-0.06448474526405334,0.3536878526210785,0.496846079826355,-0.0810675099492073,0.3753088116645813,0.5754023194313049,-0.07326659560203552,0.4130696952342987,0.4385916590690613,-0.01702677458524704,0.3941746950149536,0.40254679322242737,-0.07618651539087296,0.4032076299190521,0.5293685793876648,-0.0614047609269619,0.41080567240715027,0.6015499830245972,-0.031809043139219284,0.47679033875465393,0.45479530096054077,-0.037508100271224976,0.451947420835495,0.41651731729507446,-0.06516686081886292,0.4446790814399719,0.5000593662261963,-0.045837514102458954,0.4466472864151001,0.5441507697105408,-0.020530639216303825
0.42441970109939575,0.7228007316589355,-8.966333098214818e-07,0.3298876881599426,0.6674010157585144,-0.021971307694911957,0.27852973341941833,0.5257976651191711,-0.029111482203006744,0.28791141510009766,0.3915533423423767,-0.04091959074139595,0.29887866973876953,0.2897728979587555,-0.04701009765267372,0.2867056131362915,0.44509345293045044,0.013700999319553375,0.24331814050674438,0.35736924409866333,-0.04559185728430748,0.2699900269508362,0.4298805892467499,-0.08221426606178284,0.3036101758480072,0.5059896111488342,-0.09391611814498901,0.3516750931739807,0.43245604634284973,0.005870740860700607,0.3309718668460846,0.37742334604263306,-0.059805966913700104,0.3565285801887512,0.4998759925365448,-0.07755470275878906,0.3788701295852661,0.577742338180542,-0.07005125284194946,0.41624581813812256,0.43874040246009827,-0.012293117120862007,0.3982425928115845,0.4010116457939148,-0.07253700494766235,0.40592148900032043,0.5300062894821167,-0.05823865905404091,0.41402408480644226,0.6020166873931885,-0.028244012966752052,0.4802870452404022,0.4558440148830414,-0.03317190706729889,0.45645859837532043,0.41624999046325684,-0.06125526502728462,0.4484778344631195,0.5008252263069153,-0.041589632630348206,0.45050978660583496,0.544942319393158,-0.015502414666116238
0.4251440465450287,0.7267337441444397,-8.884825319910306e-07,0.3311684727668762,0.6692328453063965,-0.022261103615164757,0.2803729176521301,0.5258530378341675,-0.029251081869006157,0.2900996208190918,0.39021146297454834,-0.04123621806502342,0.30157580971717834,0.28685033321380615,-0.04735112190246582,0.2882309556007385,0.446742445230484,0.016115009784698486,0.24496208131313324,0.35383522510528564,-0.04309319704771042,0.27049720287323,0.4250994920730591,-0.07975123077630997,0.30296584963798523,0.5023126602172852,-0.09149213135242462,0.3537626564502716,0.43445152044296265,0.008184554055333138,0.3334556519985199,0.3746124505996704,-0.05782347917556763,0.35727518796920776,0.4979044795036316,-0.07594478130340576,0.37774932384490967,0.5778565406799316,-0.06847599148750305,0.4186362028121948,0.44125038385391235,-0.010393775068223476,0.4008738100528717,0.39908307790756226,-0.07118251919746399,0.40737617015838623,0.5292298793792725,-0.057006560266017914,0.4145474433898926,0.6032070517539978,-0.0268459003418684,0.48305296897888184,0.458956778049469,-0.03178727254271507,0.45961782336235046,0.4163524806499481,-0.06064482033252716,0.4506073296070099,0.5008910894393921,-0.041338469833135605,0.4513395428657532,0.5462205410003662,-0.015322691760957241
0.4247473478317261,0.7292076349258423,-9.12963571408909e-07,0.3300171196460724,0.6694210767745972,-0.021194158121943474,0.2803511619567871,0.523597002029419,-0.02778724767267704,0.2919729948043823,0.3875037133693695,-0.03942006081342697,0.30436840653419495,0.2843112647533417,-0.04526035487651825,0.28946638107299805,0.44524726271629333,0.015104063786566257,0.24590115249156952,0.35106322169303894,-0.044028390198946,0.2716558575630188,0.4236993193626404,-0.08045752346515656,0.3045750856399536,0.502456784248352,-0.09201254695653915,0.35593435168266296,0.433635950088501,0.006694384850561619,0.33554166555404663,0.3747808635234833,-0.05933819338679314,0.359199196100235,0.49862954020500183,-0.07718528062105179,0.3794424533843994,0.5794381499290466,-0.06964313238859177,0.421542763710022,0.4408460855484009,-0.012115288525819778,0.40389159321784973,0.40019261837005615,-0.07280495017766953,0.41008782386779785,0.5316944718360901,-0.05810893326997757,0.41634148359298706,0.6064994931221008,-0.027749571949243546,0.4865727424621582,0.4590599238872528,-0.0336054190993309,0.462822824716568,0.4169672727584839,-0.062114834785461426,0.4529934823513031,0.5037755966186523,-0.04204214736819267,0.45285677909851074,0.5505913496017456,-0.015601543709635735
0.4340164065361023,0.7342228889465332,-9.520967978460249e-07,0.3430040776729584,0.6720916032791138,-0.024223627522587776,0.29356124997138977,0.5259645581245422,-0.034309737384319305,0.3043675422668457,0.38970157504081726,-0.04841417819261551,0.3181588351726532,0.2837821841239929,-0.05612415075302124,0.2990952134132385,0.44284865260124207,0.005250127520412207,0.2564498782157898,0.35114359855651855,-0.05713934451341629,0.2840633988380432,0.42827293276786804,-0.09367360174655914,0.3159799575805664,0.5094924569129944,-0.10482937842607498,0.364908367395401,0.4317566454410553,-0.0027236388996243477,0.34234943985939026,0.3773362934589386,-0.07103411108255386,0.3669467568397522,0.5056309700012207,-0.08771999925374985,0.3873461186885834,0.5877162218093872,-0.07953934371471405,0.43154269456863403,0.44053831696510315,-0.021054521203041077,0.4121369421482086,0.4050561785697937,-0.08297974616289139,0.41848883032798767,0.5374534130096436,-0.06726326793432236,0.4238436222076416,0.6110918521881104,-0.03650370240211487,0.4973541498184204,0.46124133467674255,-0.04222085326910019,0.4729762077331543,0.4208269417285919,-0.07116960734128952,0.46291860938072205,0.5086472034454346,-0.05080031976103783,0.46265876293182373,0.5544113516807556,-0.024448588490486145
0.43607062101364136,0.7355984449386597,-9.24996129469946e-07,0.34141096472740173,0.6755654811859131,-0.02337036095559597,0.29083433747291565,0.5259011387825012,-0.030570805072784424,0.30213120579719543,0.38734740018844604,-0.04250840097665787,0.315285861492157,0.2812771797180176,-0.04852527007460594,0.30141642689704895,0.4447794258594513,0.014411605894565582,0.25776147842407227,0.3526017665863037,-0.045437030494213104,0.28327715396881104,0.42631545662879944,-0.08226121962070465,0.31592246890068054,0.5058999061584473,-0.09399755299091339,0.3691161870956421,0.4322141408920288,0.006880012806504965,0.3492310643196106,0.375145822763443,-0.05905855819582939,0.3720676302909851,0.5023030638694763,-0.07662919908761978,0.391568660736084,0.5841355323791504,-0.06889981031417847,0.4354972839355469,0.4399386942386627,-0.011456879787147045,0.4188626706600189,0.4010654389858246,-0.0722729042172432,0.42334532737731934,0.5344322919845581,-0.0576627217233181,0.4284830093383789,0.6084080934524536,-0.02743878774344921,0.5007451772689819,0.4598260521888733,-0.03272194415330887,0.4794475734233856,0.4185182750225067,-0.060930509120225906,0.46772706508636475,0.5056130886077881,-0.041065916419029236,0.46596744656562805,0.5509119033813477,-0.015007847920060158
0.4353819489479065,0.7359390258789062,-9.060640877578408e-07,0.33850711584091187,0.6725146174430847,-0.023586466908454895,0.2900059223175049,0.5230316519737244,-0.030697060748934746,0.3027389645576477,0.38456496596336365,-0.04277971759438515,0.3176293671131134,0.2792209982872009,-0.04885062947869301,0.3018539845943451,0.44334644079208374,0.017677372321486473,0.26065677404403687,0.3528977036476135,-0.043136175721883774,0.2863776683807373,0.4268633723258972,-0.0815686509013176,0.31920331716537476,0.5071749687194824,-0.0942254289984703,0.36999496817588806,0.4314251244068146,0.0103034982457757,0.3529081642627716,0.3762388527393341,-0.056742001324892044,0.37413302063941956,0.5028798580169678,-0.07609138637781143,0.3917836844921112,0.5848550200462341,-0.0694994181394577,0.43660393357276917,0.4398692846298218,-0.008140221238136292,0.42164847254753113,0.39932072162628174,-0.07023526728153229,0.4246561527252197,0.5319439768791199,-0.056697119027376175,0.42889490723609924,0.6077055335044861,-0.026822246611118317,0.5019875764846802,0.46035873889923096,-0.02955414168536663,0.48235756158828735,0.41896292567253113,-0.059532079845666885,0.47030237317085266,0.5060645341873169,-0.04077073559165001,0.46795275807380676,0.5528003573417664,-0.014924390241503716
0.4326966404914856,0.7363007664680481,-9.241963994099933e-07,0.3334730565547943,0.6722781658172607,-0.0272357277572155,0.28547587990760803,0.5155529975891113,-0.03423221409320831,0.2983960509300232,0.37528687715530396,-0.04544692486524582,0.3092111349105835,0.2667187452316284,-0.050319526344537735,0.2941266894340515,0.4285561442375183,0.016793562099337578,0.2532725930213928,0.3417075276374817,-0.045430514961481094,0.281288206577301,0.424580454826355,-0.08461107313632965,0.3144306540489197,0.5067923665046692,-0.09738372266292572,0.3652547597885132,0.4155005216598511,0.011526564136147499,0.3457655608654022,0.36694520711898804,-0.05522941052913666,0.3678938150405884,0.4997595548629761,-0.07369963079690933,0.38582369685173035,0.58097243309021,-0.06643838435411453,0.4337586760520935,0.4248988628387451,-0.005527385510504246,0.41663187742233276,0.3888632655143738,-0.06714580953121185,0.4197885990142822,0.5261813998222351,-0.05270274728536606,0.42473486065864563,0.6021345853805542,-0.022347843274474144,0.4994070529937744,0.4475446343421936,-0.02608027309179306,0.48006191849708557,0.4092239737510681,-0.056049272418022156,0.4679686427116394,0.5000419616699219,-0.03713524714112282,0.46632668375968933,0.546826958656311,-0.011048284359276295
0.4310987591743469,0.7265204191207886,-9.939423080140841e-07,0.33398786187171936,0.6632108092308044,-0.030952146276831627,0.2859576344490051,0.5014750361442566,-0.03889591991901398,0.29906320571899414,0.3605174422264099,-0.04989641532301903,0.3103848993778229,0.2495899200439453,-0.05435848981142044,0.2963048815727234,0.40179476141929626,0.009009134955704212,0.25293540954589844,0.320731520652771,-0.05317816138267517,0.2808670401573181,0.4077158570289612,-0.09164831787347794,0.313368022441864,0.4931039810180664,-0.10409974306821823,0.3693498373031616,0.38847070932388306,0.005668719299137592,0.3477402925491333,0.35887715220451355,-0.05984143912792206,0.3677804470062256,0.4934043288230896,-0.07679986953735352,0.3841199278831482,0.5752722024917603,-0.06941309571266174,0.43887898325920105,0.40208199620246887,-0.009595080278813839,0.4213975965976715,0.3856845498085022,-0.07051064074039459,0.4210459589958191,0.5250062346458435,-0.05670443922281265,0.4225548505783081,0.6003979444503784,-0.027705295011401176,0.5036032795906067,0.4312359094619751,-0.02866905741393566,0.4846440851688385,0.41114503145217896,-0.05903176590800285,0.4693201780319214,0.5037816166877747,-0.04192859306931496,0.46501070261001587,0.5484693646430969,-0.017499588429927826
0.43069249391555786,0.7249348759651184,-9.914476777339587e-07,0.3335120975971222,0.6612356901168823,-0.03026626445353031,0.2859383821487427,0.49884140491485596,-0.038109779357910156,0.29937827587127686,0.3596274256706238,-0.04906359687447548,0.30898624658584595,0.24889890849590302,-0.05358896031975746,0.2956400215625763,0.39898955821990967,0.008837621659040451,0.250857412815094,0.31841349601745605,-0.05249530449509621,0.2788071632385254,0.4047432541847229,-0.09032275527715683,0.3114159107208252,0.4893675446510315,-0.10231446474790573,0.3684883415699005,0.38597652316093445,0.005305552389472723,0.3453439772129059,0.35719701647758484,-0.05966571718454361,0.36658063530921936,0.48999229073524475,-0.07680105417966843,0.3843901455402374,0.5717078447341919,-0.06942139565944672,0.43783748149871826,0.3992765247821808,-0.009870204143226147,0.4187241196632385,0.38639748096466064,-0.07046422362327576,0.4199126064777374,0.5242749452590942,-0.05747198686003685,0.4227900803089142,0.5982705354690552,-0.02893422171473503,0.5018770098686218,0.427579790353775,-0.02869904227554798,0.48099422454833984,0.40829017758369446,-0.058477435261011124,0.4672531485557556,0.5007602572441101,-0.04128269851207733,0.4647281765937805,0.5452903509140015,-0.01677831821143627
0.4293150007724762,0.7219631671905518,-9.73647047430859e-07,0.3338266909122467,0.6573609113693237,-0.029658842831850052,0.28719425201416016,0.4954764246940613,-0.03739134967327118,0.2997278869152069,0.35635727643966675,-0.04836190119385719,0.3061458468437195,0.24567869305610657,-0.05278416723012924,0.2934248745441437,0.4034143388271332,0.007645970676094294,0.24985776841640472,0.31517839431762695,-0.05451323464512825,0.2780537009239197,0.4019227921962738,-0.09191088378429413,0.3110555410385132,0.48727190494537354,-0.10322938114404678,0.3654460608959198,0.39180511236190796,0.0035773927811533213,0.3443202078342438,0.3509625792503357,-0.0626397579908371,0.3656013309955597,0.48513275384902954,-0.07892059534788132,0.3836262822151184,0.5675567388534546,-0.07034782320261002,0.4343547821044922,0.40459614992141724,-0.012054653838276863,0.4175455868244171,0.3820914030075073,-0.07339026033878326,0.41876110434532166,0.5213136076927185,-0.058891549706459045,0.4219629764556885,0.5955173373222351,-0.02882862091064453,0.49847251176834106,0.4315809905529022,-0.031259384006261826,0.48017165064811707,0.4036470055580139,-0.060648299753665924,0.4659506380558014,0.49659624695777893,-0.04191792383790016,0.46303826570510864,0.5422469973564148,-0.01626788079738617
0.4178647994995117,0.7127975225448608,-1.002162662189221e-06,0.3240729868412018,0.6505547165870667,-0.027284633368253708,0.27565261721611023,0.49225911498069763,-0.03487033769488335,0.2862192690372467,0.3526817858219147,-0.046364352107048035,0.29387569427490234,0.24325740337371826,-0.05124819278717041,0.2834051251411438,0.40730592608451843,0.006562489550560713,0.237442284822464,0.31300246715545654,-0.05531556159257889,0.2645116150379181,0.3975427448749542,-0.09065491706132889,0.2965407371520996,0.4791111648082733,-0.10037975013256073,0.3538300693035126,0.3942534029483795,0.0012533871922641993,0.33055004477500916,0.35133665800094604,-0.06553543359041214,0.35533392429351807,0.48489701747894287,-0.07919929921627045,0.3752080798149109,0.5657768845558167,-0.06881449371576309,0.4219059646129608,0.404655784368515,-0.01541257556527853,0.4012511670589447,0.38083910942077637,-0.07615401595830917,0.4073008596897125,0.520686149597168,-0.058763060718774796,0.4137583374977112,0.5939689874649048,-0.026991667225956917,0.48739126324653625,0.4287748336791992,-0.035547204315662384,0.4659249484539032,0.396559476852417,-0.06300798803567886,0.4539569616317749,0.48817986249923706,-0.04237020015716553,0.4530087113380432,0.5328558683395386,-0.015969103202223778
0.41815727949142456,0.7084694504737854,-9.85124188446207e-07,0.321073979139328,0.6478489637374878,-0.026131555438041687,0.27357783913612366,0.49395543336868286,-0.03381381183862686,0.285216748714447,0.35802698135375977,-0.04543577879667282,0.2925072908401489,0.25121456384658813,-0.0507470965385437,0.28055787086486816,0.4001997709274292,0.007418730296194553,0.2355012744665146,0.31358984112739563,-0.05345781147480011,0.26331454515457153,0.3967362940311432,-0.08977174758911133,0.29599303007125854,0.47842705249786377,-0.10055337846279144,0.3514906167984009,0.38531893491744995,0.0019566866103559732,0.3291879892349243,0.35204219818115234,-0.06311190128326416,0.3522471785545349,0.4813055694103241,-0.07872692495584488,0.37016746401786804,0.5627156496047974,-0.07029954344034195,0.4198167622089386,0.3958108127117157,-0.014426089823246002,0.400186151266098,0.3848218619823456,-0.07379216700792313,0.40404021739959717,0.5195893049240112,-0.059206414967775345,0.40777787566185,0.5931759476661682,-0.029869001358747482,0.484114408493042,0.4213324189186096,-0.03411644697189331,0.46256911754608154,0.3991221487522125,-0.06090683117508888,0.44988203048706055,0.48940181732177734,-0.041483696550130844,0.44697728753089905,0.5358837842941284,-0.016003979369997978
0.41707777976989746,0.7087870836257935,-1.0035582818090916e-06,0.3216385245323181,0.6513250470161438,-0.02687269262969494,0.2738255560398102,0.49491700530052185,-0.03437827527523041,0.28414225578308105,0.35768648982048035,-0.04546824470162392,0.29028061032295227,0.25209835171699524,-0.04992581531405449,0.28190338611602783,0.4058364927768707,0.004345695022493601,0.23622937500476837,0.31672364473342896,-0.056712519377470016,0.26273036003112793,0.40131092071533203,-0.09179142117500305,0.29513251781463623,0.48276039958000183,-0.1016838550567627,0.3514629006385803,0.3926752805709839,-0.0007422270136885345,0.32844215631484985,0.35537105798721313,-0.06689967960119247,0.3519706428050995,0.48538944125175476,-0.0812414363026619,0.3707347512245178,0.5655110478401184,-0.07163210213184357,0.41866207122802734,0.40260830521583557,-0.01679667830467224,0.39810723066329956,0.3883475065231323,-0.07707414776086807,0.4022781550884247,0.5227862000465393,-0.061870377510786057,0.40660154819488525,0.5949661135673523,-0.0318945050239563,0.4822574257850647,0.42631199955940247,-0.03611523658037186,0.4602610170841217,0.40183642506599426,-0.06309859454631805,0.4472467601299286,0.49198272824287415,-0.04365372285246849,0.44437167048454285,0.5379533171653748,-0.018260043114423752
0.4162614345550537,0.7101602554321289,-9.77004333435616e-07,0.3197706937789917,0.6506857872009277,-0.02589469961822033,0.27212682366371155,0.4961824119091034,-0.032980289310216904,0.2834731340408325,0.3593979775905609,-0.043942756950855255,0.29012155532836914,0.25354868173599243,-0.04867180064320564,0.2802879214286804,0.40795910358428955,0.006227090954780579,0.234965980052948,0.3197758197784424,-0.05339183285832405,0.2616735100746155,0.40107446908950806,-0.08825904130935669,0.29373660683631897,0.48066526651382446,-0.09830667823553085,0.35030028223991394,0.39468663930892944,0.0008493639179505408,0.3273680806159973,0.35598522424697876,-0.06343366205692291,0.3494959771633148,0.4834274351596832,-0.07805479317903519,0.36739102005958557,0.5637790560722351,-0.0690765455365181,0.4176509380340576,0.40502458810806274,-0.015292332507669926,0.39690449833869934,0.3883427381515503,-0.07432474195957184,0.4002992510795593,0.5217797756195068,-0.05940399318933487,0.4047934412956238,0.5950102210044861,-0.029818573966622353,0.4812439978122711,0.42949074506759644,-0.03462814912199974,0.4589601457118988,0.4007050395011902,-0.061385996639728546,0.44617894291877747,0.48887231945991516,-0.041859403252601624,0.44399842619895935,0.5353030562400818,-0.016380494460463524
0.41471993923187256,0.7094489336013794,-9.657776445237687e-07,0.32019951939582825,0.651160478591919,-0.026263907551765442,0.2719564437866211,0.49877145886421204,-0.033924661576747894,0.28284716606140137,0.3628348708152771,-0.045414552092552185,0.2906208038330078,0.25769567489624023,-0.05055058002471924,0.27968716621398926,0.4091036915779114,0.0063037630170583725,0.23489978909492493,0.32183510065078735,-0.05419201776385307,0.2624678909778595,0.4017103314399719,-0.09000557661056519,0.2953369617462158,0.4820075035095215,-0.10065526515245438,0.3489428162574768,0.3949875235557556,0.0009408926125615835,0.32734113931655884,0.35863161087036133,-0.06389424204826355,0.35059794783592224,0.4852569103240967,-0.07944516837596893,0.36861222982406616,0.5649135112762451,-0.07118892669677734,0.4159127473831177,0.4048559367656708,-0.015256497077643871,0.39600199460983276,0.3914271295070648,-0.0744258463382721,0.39979735016822815,0.5231460332870483,-0.060380902141332626,0.403607577085495,0.5948379039764404,-0.03164472430944443,0.47928857803344727,0.42854180932044983,-0.034708380699157715,0.45690351724624634,0.4044991433620453,-0.06159360334277153,0.444573312997818,0.49193722009658813,-0.042761772871017456,0.4420093894004822,0.5366697907447815,-0.01792602613568306
0.41177454590797424,0.7061326503753662,-9.495212225374416e-07,0.3184471130371094,0.6468302011489868,-0.023683976382017136,0.27064675092697144,0.4983888268470764,-0.031239252537488937,0.28104275465011597,0.36448946595191956,-0.04302232339978218,0.2894461154937744,0.26114654541015625,-0.04860629141330719,0.2772573232650757,0.4148937165737152,0.005594532936811447,0.2340378314256668,0.3235001266002655,-0.05414249375462532,0.26209625601768494,0.40298351645469666,-0.08889345079660416,0.29460033774375916,0.48262470960617065,-0.09884430468082428,0.34542304277420044,0.40254369378089905,-0.0009936416754499078,0.32519498467445374,0.35841092467308044,-0.06500519067049026,0.3479682207107544,0.4836631417274475,-0.0792117789387703,0.3653406798839569,0.563386857509613,-0.07014257460832596,0.41180092096328735,0.4123474061489105,-0.01793050765991211,0.39326363801956177,0.3912934362888336,-0.07562083750963211,0.39781874418258667,0.520643413066864,-0.060174379497766495,0.40251871943473816,0.5918163061141968,-0.030747631564736366,0.47516337037086487,0.4353754222393036,-0.037898216396570206,0.45383137464523315,0.40296411514282227,-0.06321536004543304,0.44208824634552,0.48805108666419983,-0.04303550347685814,0.4402150511741638,0.5333184003829956,-0.01753763109445572
0.4103401303291321,0.7025365829467773,-9.423026199328888e-07,0.317781925201416,0.6441370844841003,-0.02355368062853813,0.2708814740180969,0.49785342812538147,-0.031003259122371674,0.2804248631000519,0.3652833104133606,-0.04260069504380226,0.28819096088409424,0.2628457546234131,-0.04789753630757332,0.2757647931575775,0.4165848195552826,0.005463700275868177,0.23145602643489838,0.32647013664245605,-0.05302957445383072,0.25880396366119385,0.404188871383667,-0.08653062582015991,0.2913070619106293,0.4819665253162384,-0.09583646059036255,0.3427623510360718,0.40384581685066223,-0.0008652273681946099,0.32252439856529236,0.36258378624916077,-0.06414905190467834,0.3465047776699066,0.48526638746261597,-0.07797005027532578,0.36485621333122253,0.5620657205581665,-0.06891585141420364,0.4086545407772064,0.4129539430141449,-0.017373478040099144,0.39069125056266785,0.3925943076610565,-0.07454241812229156,0.39591312408447266,0.5203224420547485,-0.059133145958185196,0.4005630314350128,0.5895674824714661,-0.02993934601545334,0.47210097312927246,0.4349466860294342,-0.03684692829847336,0.4509829580783844,0.40407177805900574,-0.06179589778184891,0.4396178722381592,0.4875451922416687,-0.0419028140604496,0.43762943148612976,0.5313125848770142,-0.01672832854092121
0.4088038206100464,0.7011538743972778,-9.483237590757199e-07,0.3154600262641907,0.6440808773040771,-0.02251369319856167,0.2691401243209839,0.4994353652000427,-0.02957845665514469,0.27957141399383545,0.3677680194377899,-0.04103899374604225,0.28733718395233154,0.26702046394348145,-0.04645058512687683,0.277404248714447,0.417023628950119,0.007108597084879875,0.23350133001804352,0.328480988740921,-0.05031295493245125,0.2582067847251892,0.40607428550720215,-0.08347268402576447,0.28907907009124756,0.4829355776309967,-0.09289681166410446,0.34328851103782654,0.4049905240535736,0.00025775982066988945,0.32221701741218567,0.36318424344062805,-0.06219346821308136,0.34485429525375366,0.48580485582351685,-0.07604335993528366,0.3632831871509552,0.5623654127120972,-0.06719549745321274,0.4078059792518616,0.414137601852417,-0.016681315377354622,0.38847818970680237,0.3943530321121216,-0.07271154224872589,0.39310672879219055,0.5212174654006958,-0.05741838738322258,0.3982498049736023,0.5895174145698547,-0.028704997152090073,0.4699532985687256,0.43606695532798767,-0.03656786307692528,0.44771283864974976,0.4068722724914551,-0.060364801436662674,0.43592000007629395,0.48981982469558716,-0.04050484672188759,0.43392184376716614,0.5327167510986328,-0.01579078659415245
0.4052329659461975,0.7011503577232361,-9.19710032576404e-07,0.3140953779220581,0.641287088394165,-0.020142434164881706,0.2680900990962982,0.49740836024284363,-0.02642875909805298,0.2774839997291565,0.3679557740688324,-0.037665534764528275,0.28526613116264343,0.26869267225265503,-0.04300098121166229,0.27430593967437744,0.4203774034976959,0.010240985080599785,0.23290713131427765,0.3303961753845215,-0.046867720782756805,0.2581527829170227,0.4053126573562622,-0.08008992671966553,0.28901076316833496,0.48201629519462585,-0.08928859233856201,0.33922237157821655,0.41016680002212524,0.002591229509562254,0.3198305368423462,0.3609025180339813,-0.059360112994909286,0.34181326627731323,0.48188987374305725,-0.07311701029539108,0.359671413898468,0.5594658851623535,-0.06396004557609558,0.40327194333076477,0.4195426404476166,-0.015026693232357502,0.38545072078704834,0.3912814259529114,-0.07088662683963776,0.3905527889728546,0.5165731906890869,-0.055733270943164825,0.3962693214416504,0.5865747332572937,-0.02666182443499565,0.46537312865257263,0.4404563903808594,-0.03532623127102852,0.44442617893218994,0.403325617313385,-0.05920916050672531,0.43310561776161194,0.48399460315704346,-0.03932240977883339,0.43161359429359436,0.5282131433486938,-0.014323255978524685
0.4009482264518738,0.6895967721939087,-9.024052474160271e-07,0.3109424412250519,0.6368025541305542,-0.022200819104909897,0.2638682723045349,0.49694153666496277,-0.029062148183584213,0.2717496156692505,0.36897096037864685,-0.039895981550216675,0.27997857332229614,0.271233469247818,-0.044681791216135025,0.26699018478393555,0.42297640442848206,0.006814598571509123,0.22495943307876587,0.33136749267578125,-0.04831712320446968,0.252715528011322,0.4030874967575073,-0.07931985706090927,0.28465089201927185,0.47568902373313904,-0.0874069556593895,0.3305026888847351,0.4100651443004608,0.0007996635395102203,0.3113698661327362,0.36011841893196106,-0.06066756695508957,0.33547812700271606,0.4778473377227783,-0.07346084713935852,0.35394322872161865,0.5544716715812683,-0.06358658522367477,0.392838716506958,0.41590964794158936,-0.014968576841056347,0.37569889426231384,0.388519823551178,-0.07020338624715805,0.38378003239631653,0.5116516947746277,-0.055162131786346436,0.3905257284641266,0.5793542265892029,-0.026405835524201393,0.45386242866516113,0.4325355887413025,-0.03355340287089348,0.43243861198425293,0.3994399905204773,-0.0580558180809021,0.4246942400932312,0.4821423888206482,-0.03914620354771614,0.4253663420677185,0.5259329676628113,-0.014909105375409126
0.3916994333267212,0.6822044253349304,-8.556101533940819e-07,0.30693963170051575,0.6270846128463745,-0.01727638952434063,0.2618866264820099,0.4921778440475464,-0.02233038656413555,0.26977479457855225,0.37008053064346313,-0.03246450796723366,0.2762144207954407,0.2783549726009369,-0.03752729296684265,0.2697714567184448,0.42181336879730225,0.01355230063199997,0.22873961925506592,0.33642590045928955,-0.03749772533774376,0.2510219216346741,0.400849848985672,-0.06798262894153595,0.28059208393096924,0.4700663983821869,-0.07685457915067673,0.32957014441490173,0.4124597907066345,0.00541759142652154,0.3111325204372406,0.361825168132782,-0.05220075696706772,0.331773579120636,0.4715048670768738,-0.06701181083917618,0.3495648503303528,0.5443297624588013,-0.05970848351716995,0.38914749026298523,0.4194217622280121,-0.011735495179891586,0.3717472553253174,0.3873080611228943,-0.0640496090054512,0.3777718245983124,0.5031936168670654,-0.05199003592133522,0.38341575860977173,0.5695907473564148,-0.02626989036798477,0.4472743570804596,0.43580514192581177,-0.031148631125688553,0.4247371554374695,0.40178540349006653,-0.05481249466538429,0.41557055711746216,0.4790031611919403,-0.03787079080939293,0.4151590168476105,0.5217546820640564,-0.01558240968734026
0.40203726291656494,0.6724823713302612,-7.965270469867392e-07,0.31824249029159546,0.617190957069397,-0.0170724056661129,0.274416983127594,0.4927903115749359,-0.022422023117542267,0.2835041284561157,0.3734719157218933,-0.03308414667844772,0.29380881786346436,0.2850843071937561,-0.03882443532347679,0.27960601449012756,0.4263897240161896,0.016342010349035263,0.2434634566307068,0.3369901478290558,-0.034225087612867355,0.26395195722579956,0.39561358094215393,-0.0651063397526741,0.29186052083969116,0.46052899956703186,-0.07469482719898224,0.3370414078235626,0.4184466004371643,0.008179518394172192,0.32382136583328247,0.36453843116760254,-0.04868289828300476,0.3420078456401825,0.46952247619628906,-0.06407743692398071,0.35725128650665283,0.5399671196937561,-0.05760001763701439,0.3945196866989136,0.42620447278022766,-0.009033557958900928,0.38052430748939514,0.3898872435092926,-0.06106448546051979,0.38533639907836914,0.5007686018943787,-0.04949059709906578,0.3896142244338989,0.5648930668830872,-0.0243621077388525,0.45135074853897095,0.44378626346588135,-0.02856319211423397,0.4320420026779175,0.4071098566055298,-0.05316847190260887,0.423861563205719,0.48099175095558167,-0.03711118549108505,0.42282038927078247,0.5227102041244507,-0.015415345318615437
0.41001468896865845,0.6830902099609375,-7.83331074671878e-07,0.32859647274017334,0.6281700134277344,-0.019294073805212975,0.28554418683052063,0.499403715133667,-0.025220967829227448,0.29520225524902344,0.37974318861961365,-0.035783831030130386,0.3047425448894501,0.2902410626411438,-0.04117004945874214,0.29079705476760864,0.4321282207965851,0.014079365879297256,0.2572503685951233,0.3443985879421234,-0.03742668032646179,0.27915695309638977,0.4059147536754608,-0.0691419318318367,0.30740970373153687,0.47352075576782227,-0.07913108170032501,0.3489583730697632,0.42454835772514343,0.007053390610963106,0.33724239468574524,0.37044909596443176,-0.049505580216646194,0.3542085886001587,0.4784053564071655,-0.06461244076490402,0.3693627119064331,0.5498573184013367,-0.05796149745583534,0.4065091907978058,0.4335073232650757,-0.009330704808235168,0.3949732482433319,0.39677301049232483,-0.06091491878032684,0.3973458409309387,0.5094044208526611,-0.049025990068912506,0.4008115530014038,0.5739993453025818,-0.023744547739624977,0.4626181125640869,0.45218443870544434,-0.028284255415201187,0.44659125804901123,0.4154062271118164,-0.05239398777484894,0.43605655431747437,0.4882543683052063,-0.03623136132955551,0.4335574507713318,0.528449296951294,-0.01453280821442604
0.40736591815948486,0.6914185881614685,-8.600547971582273e-07,0.32181403040885925,0.6365589499473572,-0.02123873494565487,0.27863162755966187,0.4983884394168854,-0.027150573208928108,0.28782519698143005,0.3749779760837555,-0.03712417557835579,0.2956606149673462,0.2804759740829468,-0.04164031147956848,0.28294622898101807,0.42095285654067993,0.012107046321034431,0.24398893117904663,0.339577853679657,-0.0414055772125721,0.26776084303855896,0.40861818194389343,-0.07337498664855957,0.2981654107570648,0.4791819453239441,-0.08267538994550705,0.34611544013023376,0.40984851121902466,0.0060430048033595085,0.3285926282405853,0.36790385842323303,-0.05286439135670662,0.3477800488471985,0.48395732045173645,-0.06737679988145828,0.36497625708580017,0.558245062828064,-0.05917365476489067,0.4074118435382843,0.4193705916404724,-0.00980651006102562,0.3907957077026367,0.39918962121009827,-0.06362106651067734,0.39291369915008545,0.5199978351593018,-0.051435939967632294,0.3965555727481842,0.5856398344039917,-0.024959946051239967,0.46551668643951416,0.4410352110862732,-0.02828121930360794,0.44539350271224976,0.4174310863018036,-0.0521511472761631,0.4344097971916199,0.4971151053905487,-0.035203997045755386,0.43267372250556946,0.5370678901672363,-0.012566138058900833
0.4181779623031616,0.7130811810493469,-8.983426482700452e-07,0.32996663451194763,0.6531999707221985,-0.027317825704813004,0.28760382533073425,0.5045356750488281,-0.03503343462944031,0.2986023426055908,0.37562209367752075,-0.04542679339647293,0.30525851249694824,0.27444106340408325,-0.05003302916884422,0.29295614361763,0.41550078988075256,0.006574474740773439,0.25413843989372253,0.34321531653404236,-0.05038966238498688,0.2801770567893982,0.4186844527721405,-0.08502990752458572,0.30948010087013245,0.4945690333843231,-0.09569082409143448,0.35952240228652954,0.4048573970794678,0.0025801376905292273,0.3417978882789612,0.37564635276794434,-0.058600276708602905,0.3604021966457367,0.49642834067344666,-0.07450651377439499,0.37444037199020386,0.5758413672447205,-0.06724856048822403,0.42386358976364136,0.41733354330062866,-0.011934194713830948,0.4074229896068573,0.4082702398300171,-0.06826700270175934,0.4070979952812195,0.5334768295288086,-0.056671760976314545,0.40672773122787476,0.6042449474334717,-0.03037363477051258,0.4839756488800049,0.4433583915233612,-0.02965221367776394,0.4645310640335083,0.42752185463905334,-0.05687083676457405,0.45205560326576233,0.5129764676094055,-0.0407523550093174,0.44844913482666016,0.556279182434082,-0.017941996455192566
0.41431158781051636,0.723046064376831,-9.429646183889417e-07,0.3239171504974365,0.664247453212738,-0.026281988248229027,0.28160277009010315,0.5131050944328308,-0.033283207565546036,0.2947983145713806,0.38461458683013916,-0.04344530403614044,0.3052651882171631,0.28473764657974243,-0.04731815308332443,0.29002317786216736,0.4222331643104553,0.006039279047399759,0.24992632865905762,0.34410586953163147,-0.051004961133003235,0.27572694420814514,0.4257482588291168,-0.08497783541679382,0.30506405234336853,0.5042308568954468,-0.09506379067897797,0.35843023657798767,0.4111119508743286,0.0018425685120746493,0.3380112051963806,0.3854129910469055,-0.05894417315721512,0.3568914830684662,0.5074458718299866,-0.07338441163301468,0.37163713574409485,0.5834945440292358,-0.06533028930425644,0.423383504152298,0.42510509490966797,-0.01285415980964899,0.40444621443748474,0.41922080516815186,-0.0677083432674408,0.4044402241706848,0.5448443293571472,-0.054705314338207245,0.4055790603160858,0.6121717095375061,-0.027943391352891922,0.48332229256629944,0.45296066999435425,-0.03088858351111412,0.4619615375995636,0.4390628933906555,-0.055820439010858536,0.4491081237792969,0.5223857164382935,-0.03897969797253609,0.4469335973262787,0.5618983507156372,-0.0161708015948534
0.41321495175361633,0.7227306962013245,-9.437547987545258e-07,0.32344722747802734,0.6666018962860107,-0.02741393633186817,0.28069162368774414,0.5149607062339783,-0.03481914848089218,0.2935959994792938,0.38605254888534546,-0.04493822157382965,0.30399665236473083,0.28598541021347046,-0.04850177466869354,0.2872805893421173,0.42352744936943054,0.003746763803064823,0.24868059158325195,0.3437410593032837,-0.05389546975493431,0.2746705412864685,0.4268864095211029,-0.0877874344587326,0.30366456508636475,0.5064038038253784,-0.09771271049976349,0.3563348054885864,0.41210120916366577,7.796857244102284e-05,0.33694005012512207,0.3845112919807434,-0.06112634018063545,0.35558944940567017,0.507969319820404,-0.07502582669258118,0.36997708678245544,0.5841144919395447,-0.06647185981273651,0.4214605689048767,0.4261726438999176,-0.014142880216240883,0.40304261445999146,0.4200870394706726,-0.06929493695497513,0.4024817943572998,0.5465900301933289,-0.05571821331977844,0.40325552225112915,0.6134834289550781,-0.028518125414848328,0.481417715549469,0.45406845211982727,-0.03175212815403938,0.46013757586479187,0.4410669505596161,-0.05669104680418968,0.44755449891090393,0.5241563320159912,-0.03947922959923744,0.4454440772533417,0.5625207424163818,-0.016428599134087563
0.4139270484447479,0.7239487171173096,-9.45265355767333e-07,0.32286468148231506,0.6672937273979187,-0.026927022263407707,0.2805240750312805,0.5174230933189392,-0.03418632596731186,0.2929701805114746,0.3884720206260681,-0.04437701404094696,0.30214723944664,0.28842175006866455,-0.048013173043727875,0.2865583896636963,0.42398831248283386,0.005176151636987925,0.24670055508613586,0.34563973546028137,-0.05268731340765953,0.2734246850013733,0.4281556010246277,-0.08640053868293762,0.30314916372299194,0.5058763027191162,-0.09601183980703354,0.35475441813468933,0.4121859669685364,0.0014113918878138065,0.3342185914516449,0.3855781853199005,-0.05999615415930748,0.35458895564079285,0.5085552334785461,-0.0738644003868103,0.3699992299079895,0.5835822820663452,-0.06512359529733658,0.4196583926677704,0.4256833791732788,-0.012959340587258339,0.40009066462516785,0.42149704694747925,-0.0690959095954895,0.40102824568748474,0.5486562252044678,-0.05577849596738815,0.4026806950569153,0.6157881021499634,-0.02828218974173069,0.48000118136405945,0.4531412124633789,-0.03062543459236622,0.4575463831424713,0.44013938307762146,-0.05613511800765991,0.4453459084033966,0.52443927526474,-0.03903239220380783,0.4431597590446472,0.564250111579895,-0.015771163627505302
0.4135572612285614,0.7218596935272217,-9.413098496224848e-07,0.3237569332122803,0.6670036315917969,-0.02622496336698532,0.2801060676574707,0.5192221403121948,-0.03347189351916313,0.29171791672706604,0.389790415763855,-0.043885622173547745,0.3017212152481079,0.29023072123527527,-0.047688573598861694,0.2846185266971588,0.4283595383167267,0.0057159909047186375,0.2447497695684433,0.3461163640022278,-0.05231822654604912,0.2720542848110199,0.42704829573631287,-0.08608748763799667,0.3024290204048157,0.5039710998535156,-0.09579412639141083,0.3519177734851837,0.41558870673179626,0.0014941333793103695,0.33207955956459045,0.3851321339607239,-0.06036354973912239,0.3528909981250763,0.5074244141578674,-0.07394237816333771,0.36796054244041443,0.5814299583435059,-0.06496554613113403,0.41637715697288513,0.42775028944015503,-0.013342072255909443,0.39752158522605896,0.4191831648349762,-0.0691157802939415,0.39981696009635925,0.546484649181366,-0.054982516914606094,0.40188926458358765,0.6132057905197144,-0.02713116630911827,0.4771411418914795,0.4534512162208557,-0.03156118839979172,0.45511260628700256,0.44117191433906555,-0.05673770606517792,0.44334402680397034,0.5244027376174927,-0.039759960025548935,0.44095566868782043,0.5623613595962524,-0.016827723011374474
0.41236430406570435,0.7224764823913574,-9.53733092501352e-07,0.3231930732727051,0.6660950183868408,-0.02462979592382908,0.281475305557251,0.5173996686935425,-0.03132500872015953,0.2932140827178955,0.3885911703109741,-0.0414838083088398,0.2993684411048889,0.28985410928726196,-0.0450381338596344,0.2851366698741913,0.430023193359375,0.005955066066235304,0.24539053440093994,0.34631478786468506,-0.05172249302268028,0.27115434408187866,0.4269998073577881,-0.08457108587026596,0.3010311722755432,0.5054054260253906,-0.09337617456912994,0.3522500693798065,0.41892415285110474,0.0009285871055908501,0.33272379636764526,0.3863905966281891,-0.06085297465324402,0.35296157002449036,0.508482813835144,-0.07410667091608047,0.36855512857437134,0.5834395289421082,-0.06475043296813965,0.41659465432167053,0.43178388476371765,-0.014534990303218365,0.3967722952365875,0.4229932129383087,-0.06970525532960892,0.398347407579422,0.5479653477668762,-0.05589781701564789,0.4005470275878906,0.6139777898788452,-0.028392117470502853,0.4768082797527313,0.4574596881866455,-0.03313769772648811,0.4532583951950073,0.44262605905532837,-0.057295627892017365,0.44182270765304565,0.5241488218307495,-0.040026720613241196,0.44008320569992065,0.562629759311676,-0.01707705855369568
0.410917729139328,0.7238495349884033,-9.256569910576218e-07,0.321819007396698,0.663926899433136,-0.024550415575504303,0.27933862805366516,0.5172266960144043,-0.03129008412361145,0.28998690843582153,0.38961470127105713,-0.04162420332431793,0.2983716130256653,0.2908034026622772,-0.04550035670399666,0.2845252454280853,0.43186813592910767,0.007481017149984837,0.24548137187957764,0.35149067640304565,-0.05032359063625336,0.2728409469127655,0.43089529871940613,-0.0839356929063797,0.3034452199935913,0.5078167915344238,-0.09342671185731888,0.3505011796951294,0.4221321642398834,0.002296769293025136,0.3317793905735016,0.3862913250923157,-0.05937911942601204,0.35218849778175354,0.5064632892608643,-0.0734160989522934,0.36729466915130615,0.5809086561203003,-0.06474609673023224,0.414157509803772,0.4351019263267517,-0.013341184705495834,0.3970104157924652,0.4231652617454529,-0.06946016848087311,0.3982236385345459,0.5475466251373291,-0.05618797987699509,0.3994213342666626,0.6141153573989868,-0.028712742030620575,0.4739404320716858,0.4609498679637909,-0.03206203505396843,0.45375728607177734,0.4419828951358795,-0.05741466209292412,0.44167351722717285,0.5239584445953369,-0.040214259177446365,0.4385537803173065,0.5643686652183533,-0.01702531985938549
0.40839266777038574,0.7233774662017822,-9.06061927707924e-07,0.3199236989021301,0.6632182598114014,-0.023026887327432632,0.277728796005249,0.5174614787101746,-0.029797885566949844,0.2888411581516266,0.39052584767341614,-0.040620557963848114,0.29627466201782227,0.2924646735191345,-0.04527556151151657,0.2840077579021454,0.43611758947372437,0.008584052324295044,0.24504131078720093,0.35494285821914673,-0.04883473366498947,0.271108478307724,0.4322749674320221,-0.08251955360174179,0.30064916610717773,0.5078945159912109,-0.09215430915355682,0.3486248850822449,0.4269586503505707,0.0023520230315625668,0.33039456605911255,0.3869633674621582,-0.05907725915312767,0.3500669002532959,0.5055123567581177,-0.07337023317813873,0.3646254241466522,0.5799221992492676,-0.06490084528923035,0.4113782048225403,0.4390028119087219,-0.014165454544126987,0.39487752318382263,0.42325061559677124,-0.06948602944612503,0.39690476655960083,0.5460385680198669,-0.05641587823629379,0.3986324667930603,0.61237633228302,-0.029268058016896248,0.47125959396362305,0.46255040168762207,-0.03370019420981407,0.45130693912506104,0.4420301020145416,-0.05815563723444939,0.43961483240127563,0.5226473808288574,-0.04094383865594864,0.4367517828941345,0.5619683861732483,-0.018013054504990578
0.3913755416870117,0.7212422490119934,-8.88753106664808e-07,0.30594009160995483,0.6679894328117371,-0.02276885136961937,0.2639564275741577,0.5283836722373962,-0.029370024800300598,0.27425506711006165,0.40564632415771484,-0.039626266807317734,0.2835894227027893,0.31130552291870117,-0.04394754394888878,0.2685598134994507,0.4441985487937927,0.00836907047778368,0.22920829057693481,0.3670552670955658,-0.047606877982616425,0.25512272119522095,0.441287636756897,-0.08110610395669937,0.28621789813041687,0.5145469307899475,-0.09113759547472,0.3317931592464447,0.43278422951698303,0.0028387049678713083,0.31261777877807617,0.39830178022384644,-0.05688866600394249,0.3325046896934509,0.5147781372070312,-0.07061098515987396,0.3485233187675476,0.5877289772033691,-0.0622575581073761,0.39341428875923157,0.4434739947319031,-0.012720429338514805,0.37572139501571655,0.428524374961853,-0.06606720387935638,0.37842243909835815,0.5503026843070984,-0.05216234549880028,0.3819631338119507,0.6161476373672485,-0.025049136951565742,0.4521011710166931,0.46683594584465027,-0.031360846012830734,0.4313511252403259,0.44895175099372864,-0.0553484708070755,0.41982054710388184,0.5283392667770386,-0.03839395195245743,0.4181675612926483,0.5665339231491089,-0.015840115025639534
0.40367817878723145,0.7023001909255981,-9.1902313670289e-07,0.31861966848373413,0.6537259221076965,-0.02271418273448944,0.27310267090797424,0.5167890787124634,-0.03075578063726425,0.28348949551582336,0.39205291867256165,-0.042084746062755585,0.29441729187965393,0.29752784967422485,-0.048369646072387695,0.27867674827575684,0.43478697538375854,0.0037277585361152887,0.23867475986480713,0.35205554962158203,-0.04997504502534866,0.26254841685295105,0.4214046001434326,-0.08156011253595352,0.2910687327384949,0.4939839839935303,-0.09063944220542908,0.34096041321754456,0.42368054389953613,-0.0014074170030653477,0.32476240396499634,0.38712000846862793,-0.06050025671720505,0.3431479334831238,0.4995751678943634,-0.07534320652484894,0.35603034496307373,0.5777106881141663,-0.06807511299848557,0.4012623727321625,0.43128037452697754,-0.015732141211628914,0.384750097990036,0.4192928671836853,-0.0714683085680008,0.3862634003162384,0.5419659614562988,-0.06174169108271599,0.3856744170188904,0.6149090528488159,-0.037153664976358414,0.45944103598594666,0.44945499300956726,-0.03232952207326889,0.43478500843048096,0.43562057614326477,-0.06164191663265228,0.4247240424156189,0.524772584438324,-0.04750409722328186,0.4211210310459137,0.5753062963485718,-0.02608969435095787
0.4064083695411682,0.6892815828323364,-8.873738011061505e-07,0.3198263645172119,0.6375479102134705,-0.019791603088378906,0.2746363878250122,0.5067515969276428,-0.026478467509150505,0.28545236587524414,0.38944265246391296,-0.03702748194336891,0.29922595620155334,0.3011430501937866,-0.04244796931743622,0.28223612904548645,0.41271480917930603,0.0098340455442667,0.243099644780159,0.34533998370170593,-0.04160255566239357,0.2682403326034546,0.41284918785095215,-0.07506558299064636,0.2970254719257355,0.48369091749191284,-0.08645494282245636,0.3430106043815613,0.39635422825813293,0.004181019030511379,0.32562950253486633,0.3862469494342804,-0.05056987330317497,0.3418346345424652,0.4919965863227844,-0.06711933016777039,0.3519690930843353,0.5676699280738831,-0.06270754337310791,0.40121304988861084,0.4041583836078644,-0.010449724271893501,0.3818485140800476,0.4221786558628082,-0.05909917876124382,0.38221028447151184,0.5342353582382202,-0.052011482417583466,0.3797329068183899,0.6052484512329102,-0.03172914683818817,0.45476028323173523,0.4261876046657562,-0.02800539880990982,0.43074655532836914,0.44967928528785706,-0.053246788680553436,0.4207814931869507,0.5313677787780762,-0.04306422919034958,0.4162043035030365,0.576291561126709,-0.025537336245179176
0.40664565563201904,0.699914813041687,-8.867619953889516e-07,0.31659120321273804,0.6485962867736816,-0.02048954740166664,0.2710430920124054,0.5126373767852783,-0.027722429484128952,0.2827928960323334,0.3933514952659607,-0.03866839036345482,0.2971172332763672,0.3030955195426941,-0.04408997669816017,0.28323161602020264,0.4260838031768799,0.005880371201783419,0.24237731099128723,0.35504934191703796,-0.04793071374297142,0.2688259482383728,0.42708808183670044,-0.08091450482606888,0.2990001440048218,0.4997854232788086,-0.09120265394449234,0.3445872962474823,0.4110575318336487,-9.319582022726536e-05,0.3238929510116577,0.38960838317871094,-0.05803963914513588,0.3456664979457855,0.4997577965259552,-0.07315348088741302,0.3611805737018585,0.5752410292625427,-0.06666309386491776,0.40382590889930725,0.41712668538093567,-0.015144124627113342,0.3840906023979187,0.4226342439651489,-0.06586744636297226,0.38859906792640686,0.5347478985786438,-0.05557924881577492,0.3917105495929718,0.6025016903877258,-0.03210103511810303,0.45999038219451904,0.43552154302597046,-0.033037662506103516,0.4348595142364502,0.4340817630290985,-0.05626050382852554,0.4280300438404083,0.5132309794425964,-0.04146039858460426,0.4298287034034729,0.5561225414276123,-0.0206847433000803
0.40955379605293274,0.6987048387527466,-8.897743555280613e-07,0.32154837250709534,0.6474416255950928,-0.01868782751262188,0.27445313334465027,0.5161410570144653,-0.02537955343723297,0.28505903482437134,0.39767056703567505,-0.036779630929231644,0.3011730909347534,0.3073446452617645,-0.04303101822733879,0.2866879105567932,0.42931675910949707,0.012716719880700111,0.24712488055229187,0.3545219600200653,-0.039145275950431824,0.26872944831848145,0.42242103815078735,-0.07184586673974991,0.2964538633823395,0.4945501983165741,-0.08217526972293854,0.3461957275867462,0.41451147198677063,0.006007842253893614,0.3287149667739868,0.3910266160964966,-0.04984879866242409,0.34807926416397095,0.49872657656669617,-0.06597142666578293,0.36299028992652893,0.5730398297309875,-0.06043846905231476,0.4044950604438782,0.420495867729187,-0.009832094423472881,0.3873996138572693,0.4192526340484619,-0.059044528752565384,0.39170733094215393,0.5300439596176147,-0.049493249505758286,0.39546215534210205,0.5964406132698059,-0.026758506894111633,0.46087440848350525,0.438696950674057,-0.028363080695271492,0.43751591444015503,0.42946726083755493,-0.05068650096654892,0.4304850101470947,0.505598783493042,-0.03609028458595276,0.4323497414588928,0.5464276671409607,-0.015649031847715378
0.4001597464084625,0.6993857026100159,-9.144478099187836e-07,0.31435516476631165,0.6490074992179871,-0.022154975682497025,0.2716684639453888,0.5102056860923767,-0.029714446514844894,0.28322774171829224,0.3921356201171875,-0.04038194939494133,0.297224760055542,0.30088260769844055,-0.04526808112859726,0.28135111927986145,0.4106394052505493,0.0057105617597699165,0.23982645571231842,0.34864628314971924,-0.0463423952460289,0.26385462284088135,0.42262566089630127,-0.07979942113161087,0.2922589182853699,0.49611330032348633,-0.0911317840218544,0.34281909465789795,0.39393121004104614,0.0009048067731782794,0.3199124038219452,0.39039576053619385,-0.05334874615073204,0.33904746174812317,0.49725332856178284,-0.06822017580270767,0.3533405661582947,0.5712143778800964,-0.06284721940755844,0.40221506357192993,0.4040372371673584,-0.013091946952044964,0.37958234548568726,0.42505329847335815,-0.05801013484597206,0.382830947637558,0.5339763164520264,-0.047041427344083786,0.38583824038505554,0.599332869052887,-0.02527465857565403,0.4572165012359619,0.42917266488075256,-0.030736520886421204,0.4310336112976074,0.44381025433540344,-0.05014268681406975,0.42383483052253723,0.5182936787605286,-0.036410484462976456,0.42672640085220337,0.5546881556510925,-0.017539672553539276
0.4007587432861328,0.7003674507141113,-9.074264539776777e-07,0.31447547674179077,0.6527073979377747,-0.022754378616809845,0.2717837393283844,0.5148025155067444,-0.030286917462944984,0.2838471233844757,0.3950330317020416,-0.04069261997938156,0.2966807186603546,0.3039029836654663,-0.045000623911619186,0.2805054485797882,0.41495731472969055,0.00452095502987504,0.23842853307724,0.34886491298675537,-0.04944700747728348,0.2624647617340088,0.4233960211277008,-0.08350902050733566,0.29186034202575684,0.4962027668952942,-0.09501446783542633,0.3429332971572876,0.3972291946411133,-5.212405085330829e-05,0.3193387985229492,0.3910519778728485,-0.05645711347460747,0.33880138397216797,0.4996824562549591,-0.0709058940410614,0.35395994782447815,0.5720162987709045,-0.06462216377258301,0.4024311602115631,0.40668272972106934,-0.014068038202822208,0.37823909521102905,0.4296894073486328,-0.06033650413155556,0.3818831443786621,0.5387481451034546,-0.048725027590990067,0.3855602741241455,0.6016868948936462,-0.0261450856924057,0.4574359655380249,0.4307188391685486,-0.03185762092471123,0.4294698238372803,0.4510742127895355,-0.051907338201999664,0.42307087779045105,0.5251311659812927,-0.03849322348833084,0.4268749952316284,0.5587471127510071,-0.019681638106703758
0.40479740500450134,0.6986541152000427,-8.857388706928759e-07,0.31897494196891785,0.6476600170135498,-0.02196447364985943,0.2768853008747101,0.5089160203933716,-0.02864796854555607,0.2884162962436676,0.38952988386154175,-0.03851951286196709,0.3025381565093994,0.2983735501766205,-0.04246439039707184,0.28452932834625244,0.4126661419868469,0.00836488138884306,0.2453344166278839,0.34983882308006287,-0.044646650552749634,0.27186882495880127,0.42348167300224304,-0.07852567732334137,0.30165180563926697,0.4959782063961029,-0.08981085568666458,0.34658703207969666,0.396506130695343,0.003912294749170542,0.326155424118042,0.38903099298477173,-0.05158842355012894,0.34537941217422485,0.4966125190258026,-0.06664746254682541,0.35869690775871277,0.5699769854545593,-0.060806408524513245,0.4059939682483673,0.40606215596199036,-0.010048270225524902,0.3844170570373535,0.4251188635826111,-0.056525759398937225,0.38737475872039795,0.5347629189491272,-0.04641353711485863,0.3891795575618744,0.599838137626648,-0.02451283484697342,0.46115922927856445,0.42972275614738464,-0.027591753751039505,0.4358022212982178,0.44884347915649414,-0.048063669353723526,0.42758724093437195,0.5240517258644104,-0.0356774739921093,0.4283815622329712,0.5598694682121277,-0.017437541857361794
0.404560923576355,0.6996288299560547,-8.753431757213548e-07,0.3170214295387268,0.6502059102058411,-0.021084802225232124,0.2739145755767822,0.5139601230621338,-0.028074832633137703,0.28613486886024475,0.39540964365005493,-0.03861645981669426,0.3022496998310089,0.3051014542579651,-0.04357442259788513,0.28387534618377686,0.4227432906627655,0.008031921461224556,0.24443750083446503,0.3577573001384735,-0.04528646916151047,0.271062433719635,0.4288843870162964,-0.07898294925689697,0.30140018463134766,0.5004858374595642,-0.0899183452129364,0.3457818627357483,0.406960129737854,0.002716590417549014,0.3263908624649048,0.3935651183128357,-0.053313810378313065,0.34663131833076477,0.5017587542533875,-0.06829777359962463,0.36052045226097107,0.5748398900032043,-0.062202513217926025,0.40527281165122986,0.4151741862297058,-0.011935447342693806,0.38415664434432983,0.42595842480659485,-0.05990033596754074,0.38859832286834717,0.5362348556518555,-0.04923710227012634,0.3915256857872009,0.6008859276771545,-0.026357488706707954,0.46084773540496826,0.43646377325057983,-0.02976483479142189,0.4352695047855377,0.44189658761024475,-0.05065855011343956,0.42836570739746094,0.5166313648223877,-0.03620779514312744,0.4298791289329529,0.5531765222549438,-0.016274716705083847
0.37250635027885437,0.6656994819641113,-4.083921112396638e-07,0.43244656920433044,0.6338571310043335,-0.04360949993133545,0.4787674844264984,0.5233353972434998,-0.05618126317858696,0.4688042998313904,0.4227275848388672,-0.0630912110209465,0.46745410561561584,0.34661221504211426,-0.06101566553115845,0.4685788154602051,0.4471830129623413,-0.024618763476610184,0.48210471868515015,0.383117139339447,-0.07575570791959763,0.4634104073047638,0.462871253490448,-0.09664883464574814,0.44909608364105225,0.5207688808441162,-0.10095036029815674,0.41507214307785034,0.4427074193954468,-0.01925062946975231,0.42043450474739075,0.3639781177043915,-0.07866581529378891,0.4148339331150055,0.4651159942150116,-0.08820168673992157,0.4160434901714325,0.5213372111320496,-0.07771474868059158,0.3645789921283722,0.45303821563720703,-0.02281583659350872,0.36715182662010193,0.40953317284584045,-0.0842265710234642,0.3738710284233093,0.50868821144104,-0.07402440160512924,0.3791288137435913,0.5460180640220642,-0.048769511282444,0.31538182497024536,0.4736328721046448,-0.028994789347052574,0.32918524742126465,0.450575590133667,-0.06809870153665543,0.3414912223815918,0.5207353234291077,-0.060099728405475616,0.34607577323913574,0.540269672870636,-0.04287510737776756
0.3852594196796417,0.6281939744949341,-4.26069220793579e-07,0.445626825094223,0.5999823808670044,-0.03922975808382034,0.4978761672973633,0.4993622899055481,-0.04953787103295326,0.4912170171737671,0.401725172996521,-0.05510861426591873,0.48838067054748535,0.3305431604385376,-0.05173858627676964,0.4924314618110657,0.4224061369895935,-0.019050460308790207,0.5061715245246887,0.3578810691833496,-0.0662909746170044,0.4841257333755493,0.43496790528297424,-0.08442674577236176,0.4690825939178467,0.4897950291633606,-0.08725637197494507,0.44006749987602234,0.4154348373413086,-0.0149931525811553,0.4455994963645935,0.3371421992778778,-0.07146267592906952,0.43565014004707336,0.43642541766166687,-0.07971003651618958,0.4368956983089447,0.49021676182746887,-0.06885920464992523,0.39063316583633423,0.42351412773132324,-0.01925393007695675,0.3940596282482147,0.3785586655139923,-0.0778583213686943,0.39534997940063477,0.47642847895622253,-0.06648672372102737,0.39958155155181885,0.5133005976676941,-0.041009996086359024,0.34168902039527893,0.4419023096561432,-0.02583085186779499,0.35566064715385437,0.4157412648200989,-0.0625716894865036,0.36291566491127014,0.4843774139881134,-0.05317540839314461,0.36612528562545776,0.5050424933433533,-0.03526323288679123
0.3868371248245239,0.6238246560096741,-4.35542858667759e-07,0.44796183705329895,0.5974797010421753,-0.03866579756140709,0.5016059875488281,0.4978500306606293,-0.048795487731695175,0.49593687057495117,0.4016529619693756,-0.05421443283557892,0.49203407764434814,0.3321384787559509,-0.050791677087545395,0.4960130751132965,0.4216288924217224,-0.02112351544201374,0.5083630681037903,0.354586124420166,-0.06770870834589005,0.4864934980869293,0.43248656392097473,-0.08497820049524307,0.47272196412086487,0.48778197169303894,-0.0873463973402977,0.44351595640182495,0.41443347930908203,-0.01734987087547779,0.4482155740261078,0.33341142535209656,-0.07368956506252289,0.43852460384368896,0.43259936571121216,-0.08150497078895569,0.44033539295196533,0.4881489872932434,-0.07028477638959885,0.3941633999347687,0.42172062397003174,-0.021627314388751984,0.3969206213951111,0.37494704127311707,-0.08018514513969421,0.39872169494628906,0.47359222173690796,-0.06878361105918884,0.4038759469985962,0.5127317309379578,-0.04329153150320053,0.3453448712825775,0.4392171800136566,-0.028151407837867737,0.35841137170791626,0.4123811721801758,-0.06554946303367615,0.36590513586997986,0.4816826283931732,-0.05662328004837036,0.3700926899909973,0.5043811798095703,-0.038959525525569916
0.39075279235839844,0.6224033832550049,-4.0279027757605945e-07,0.4536151587963104,0.5959187746047974,-0.03634050115942955,0.5099561810493469,0.4984895586967468,-0.046132784336805344,0.5025942921638489,0.4046022593975067,-0.05176800116896629,0.4911583662033081,0.338895320892334,-0.04882489889860153,0.4957772493362427,0.4168665409088135,-0.01901494525372982,0.5086440443992615,0.35131093859672546,-0.06690304726362228,0.48902735114097595,0.4294290840625763,-0.08563370257616043,0.47577500343322754,0.48592984676361084,-0.08847280591726303,0.44416603446006775,0.4101806879043579,-0.016622429713606834,0.4511445164680481,0.329516738653183,-0.07416234165430069,0.44261634349823,0.4298870265483856,-0.08335413783788681,0.44307464361190796,0.48704883456230164,-0.07254914939403534,0.3956356644630432,0.41802656650543213,-0.022087235003709793,0.3994467258453369,0.3717876076698303,-0.08178157359361649,0.4025465250015259,0.47215673327445984,-0.07123037427663803,0.4075622260570526,0.5128903985023499,-0.04569677263498306,0.34734928607940674,0.43582433462142944,-0.029515553265810013,0.3613045811653137,0.4080830514431,-0.0674632340669632,0.3698926270008087,0.4794606864452362,-0.058286938816308975,0.3741864860057831,0.504237174987793,-0.040040455758571625
0.3924952447414398,0.6208008527755737,-3.96816858483362e-07,0.45589348673820496,0.5954493284225464,-0.03741336986422539,0.5124694108963013,0.4990156888961792,-0.04841232672333717,0.5042994022369385,0.40419137477874756,-0.054510701447725296,0.4915943145751953,0.33776649832725525,-0.052251409739255905,0.4969857633113861,0.41900837421417236,-0.024435246363282204,0.5110030174255371,0.35432615876197815,-0.07121895253658295,0.49308472871780396,0.43274834752082825,-0.08895054459571838,0.47924694418907166,0.4880792796611786,-0.09161073714494705,0.44506898522377014,0.4117775559425354,-0.021306579932570457,0.45409443974494934,0.330798476934433,-0.07775039970874786,0.446861207485199,0.430481493473053,-0.08676857501268387,0.44588762521743774,0.4868975281715393,-0.07688456028699875,0.3963984251022339,0.4192812740802765,-0.025360925123095512,0.4026285707950592,0.37225276231765747,-0.08316707611083984,0.40628737211227417,0.47123995423316956,-0.07155270874500275,0.4094219505786896,0.5110454559326172,-0.046315182000398636,0.347744882106781,0.4364716410636902,-0.03138480708003044,0.36385780572891235,0.4068466126918793,-0.06747540831565857,0.3729439973831177,0.47697290778160095,-0.05700766295194626,0.3748173713684082,0.5001255869865417,-0.03861161321401596
0.39295652508735657,0.6188245415687561,-3.9902329262986314e-07,0.45608314871788025,0.5961933135986328,-0.03947346284985542,0.5118169188499451,0.4993547797203064,-0.050283338874578476,0.505560040473938,0.4020640254020691,-0.05588659644126892,0.5000476837158203,0.33098000288009644,-0.05285778269171715,0.5006643533706665,0.41810518503189087,-0.022524796426296234,0.5146377086639404,0.35600700974464417,-0.0689379870891571,0.4957134425640106,0.4328979551792145,-0.08631376922130585,0.4815292954444885,0.4884869158267975,-0.08865457028150558,0.4487644135951996,0.4105979800224304,-0.018293501809239388,0.4575405418872833,0.33268052339553833,-0.07486071437597275,0.44923436641693115,0.4307088255882263,-0.08420772105455399,0.44891345500946045,0.4872111976146698,-0.07422472536563873,0.4002062976360321,0.41782113909721375,-0.02172783762216568,0.4070354104042053,0.3728543519973755,-0.08063581585884094,0.4096040427684784,0.471334844827652,-0.07012870162725449,0.41311168670654297,0.5114782452583313,-0.045202210545539856,0.3515224754810333,0.4351123571395874,-0.027284374460577965,0.36893361806869507,0.4087817072868347,-0.06558069586753845,0.3772428035736084,0.4799545705318451,-0.05687893182039261,0.37998726963996887,0.5035030841827393,-0.0391295850276947
0.39676886796951294,0.6189903020858765,-4.1746056922420394e-07,0.4598272740840912,0.5949674844741821,-0.03719653561711311,0.5169598460197449,0.5019553899765015,-0.047127846628427505,0.5112322568893433,0.4054860472679138,-0.05229134112596512,0.5033761262893677,0.3356618881225586,-0.04885914549231529,0.5077024102210999,0.422007292509079,-0.020381754264235497,0.5224418044090271,0.35942187905311584,-0.06493396311998367,0.5010038018226624,0.43322959542274475,-0.08064788579940796,0.4861881732940674,0.4865892827510834,-0.08232653886079788,0.45610877871513367,0.4128372073173523,-0.016976114362478256,0.4641745090484619,0.334921270608902,-0.0735403448343277,0.45353373885154724,0.43305155634880066,-0.08234292268753052,0.45347726345062256,0.4881463944911957,-0.0720485970377922,0.40758514404296875,0.41946351528167725,-0.0208575576543808,0.41357219219207764,0.37223613262176514,-0.07842624932527542,0.4132964611053467,0.46869754791259766,-0.06646096706390381,0.41591548919677734,0.5063534379005432,-0.04097732529044151,0.3587203025817871,0.4367401599884033,-0.026753900572657585,0.3749682903289795,0.4074438214302063,-0.06294489651918411,0.3810589909553528,0.47559788823127747,-0.05299805477261543,0.3823780417442322,0.49626725912094116,-0.034889888018369675
0.3986968696117401,0.621673583984375,-3.6263560332372435e-07,0.46246957778930664,0.5958056449890137,-0.03677047789096832,0.5195908546447754,0.5039429068565369,-0.04703548550605774,0.5142216086387634,0.4080134928226471,-0.0526144877076149,0.5014257431030273,0.34026068449020386,-0.04940173029899597,0.5049037337303162,0.42105409502983093,-0.019696393981575966,0.5208547711372375,0.3588476777076721,-0.0664960965514183,0.5015967488288879,0.4352714419364929,-0.08434820920228958,0.4873911142349243,0.4885677695274353,-0.0869065597653389,0.4544634222984314,0.41162967681884766,-0.016515104100108147,0.4657882750034332,0.3342280089855194,-0.07491938769817352,0.45626387000083923,0.4337805509567261,-0.08584519475698471,0.45458152890205383,0.48864811658859253,-0.07666925340890884,0.4066466689109802,0.4183366000652313,-0.020469551905989647,0.4142460227012634,0.37437811493873596,-0.07969716936349869,0.4156968593597412,0.47350192070007324,-0.0683620274066925,0.41842713952064514,0.5120347738265991,-0.04254366457462311,0.3579254746437073,0.4349138140678406,-0.026314442977309227,0.3752674162387848,0.40578213334083557,-0.06265103071928024,0.38248735666275024,0.4765336811542511,-0.051704298704862595,0.3835142254829407,0.4987201392650604,-0.032477982342243195
0.39929962158203125,0.6214868426322937,-3.655113687273115e-07,0.46158546209335327,0.5981136560440063,-0.03882506489753723,0.5191476345062256,0.5054832696914673,-0.04997144266963005,0.5128507614135742,0.41155871748924255,-0.05605659633874893,0.5022577047348022,0.34360530972480774,-0.05338168889284134,0.5050992369651794,0.41978728771209717,-0.020940711721777916,0.5199321508407593,0.3586164116859436,-0.06849927455186844,0.5013596415519714,0.4355963468551636,-0.086849644780159,0.48726141452789307,0.4885135591030121,-0.08963006734848022,0.45454031229019165,0.4112183749675751,-0.017149724066257477,0.4656333327293396,0.3333442211151123,-0.07482507824897766,0.45675888657569885,0.4328685700893402,-0.08487168699502945,0.4548528492450714,0.48629286885261536,-0.07493475824594498,0.4064256548881531,0.41795846819877625,-0.021048037335276604,0.41381633281707764,0.37375736236572266,-0.0805487260222435,0.4157436192035675,0.47287237644195557,-0.06987488269805908,0.41815510392189026,0.5101253986358643,-0.0444624125957489,0.3579256534576416,0.43487364053726196,-0.027027679607272148,0.3750290870666504,0.409278929233551,-0.0644620954990387,0.3830047845840454,0.48007652163505554,-0.054788313806056976,0.3843494951725006,0.501250147819519,-0.036325909197330475
0.3991566002368927,0.6217107176780701,-3.551840563886799e-07,0.4626864790916443,0.596603512763977,-0.03673860803246498,0.5211619734764099,0.5075170397758484,-0.04776567965745926,0.515181839466095,0.41684025526046753,-0.05394216626882553,0.49988213181495667,0.35385262966156006,-0.051580604165792465,0.5036206245422363,0.42063209414482117,-0.0216365959495306,0.5189810991287231,0.3573009967803955,-0.06796202063560486,0.5003566145896912,0.43437114357948303,-0.08554436266422272,0.4867174029350281,0.48774242401123047,-0.08804728835821152,0.45376184582710266,0.41211798787117004,-0.018474139273166656,0.4650956392288208,0.33255767822265625,-0.07580337673425674,0.4560059607028961,0.4316999018192291,-0.08606943488121033,0.45389002561569214,0.4861766993999481,-0.07640596479177475,0.4064067602157593,0.41910964250564575,-0.02230929769575596,0.41326093673706055,0.3748491108417511,-0.08037392795085907,0.4154382050037384,0.47310003638267517,-0.06962170451879501,0.4180634617805481,0.511262834072113,-0.04446636140346527,0.3583438992500305,0.43612271547317505,-0.028029749169945717,0.3741720914840698,0.40917709469795227,-0.06393016129732132,0.3826306462287903,0.47960758209228516,-0.05361160263419151,0.38431912660598755,0.5015789866447449,-0.034965287894010544
0.394334077835083,0.6266065239906311,-3.877849792388588e-07,0.45491114258766174,0.5986920595169067,-0.03769802302122116,0.5081956386566162,0.5013471841812134,-0.04743639752268791,0.50235515832901,0.40517231822013855,-0.05212300643324852,0.5001128911972046,0.3342973589897156,-0.04824749007821083,0.49857914447784424,0.4256739318370819,-0.018971161916851997,0.5139551758766174,0.36230549216270447,-0.06420550495386124,0.49459192156791687,0.4363930821418762,-0.08170124888420105,0.478995144367218,0.48866698145866394,-0.08450381457805634,0.44816920161247253,0.41727638244628906,-0.014815947972238064,0.45791488885879517,0.3375724256038666,-0.06962300091981888,0.44878947734832764,0.4354071319103241,-0.079165980219841,0.44651058316230774,0.48890647292137146,-0.06961849331855774,0.4003029763698578,0.4242771863937378,-0.01813577301800251,0.40624091029167175,0.3788555860519409,-0.07505572587251663,0.4089145362377167,0.4755367338657379,-0.06468029320240021,0.4111519157886505,0.5115971565246582,-0.04019876942038536,0.35207661986351013,0.44171154499053955,-0.023419873788952827,0.36783355474472046,0.41421249508857727,-0.059253234416246414,0.37656232714653015,0.4833778440952301,-0.04967936873435974,0.3780471086502075,0.5034468770027161,-0.03178684040904045
0.3971881866455078,0.6140608191490173,-3.8692445514243445e-07,0.4580496847629547,0.5849127769470215,-0.0392511822283268,0.5116161704063416,0.4895992577075958,-0.04990261420607567,0.5109481811523438,0.39205026626586914,-0.05555440112948418,0.5168536901473999,0.3202551007270813,-0.05272575840353966,0.5088112354278564,0.41811302304267883,-0.019046397879719734,0.5246948003768921,0.35601842403411865,-0.06505982577800751,0.5003909468650818,0.42675384879112244,-0.08335752040147781,0.4829193949699402,0.47976285219192505,-0.08668886125087738,0.45808354020118713,0.4076393246650696,-0.014543937519192696,0.46940821409225464,0.328167587518692,-0.0685618668794632,0.45586541295051575,0.4227342903614044,-0.07700909674167633,0.4534413516521454,0.47710731625556946,-0.06707312166690826,0.4091901183128357,0.4125969409942627,-0.01807386241853237,0.41713279485702515,0.3646427392959595,-0.07440050691366196,0.4135850965976715,0.4585869312286377,-0.06313806772232056,0.4139794707298279,0.4950639307498932,-0.03844837844371796,0.3598620891571045,0.4288557767868042,-0.02387889474630356,0.37755051255226135,0.4008219540119171,-0.05940452218055725,0.38131123781204224,0.46726974844932556,-0.04953565448522568,0.38112539052963257,0.4873189926147461,-0.03166036307811737
0.3979710638523102,0.6304709315299988,-3.83483012456054e-07,0.459456205368042,0.6015061736106873,-0.03884857892990112,0.510798454284668,0.5030746459960938,-0.049350786954164505,0.5102269053459167,0.40594756603240967,-0.05512434244155884,0.5201813578605652,0.3346412181854248,-0.052049145102500916,0.5096489191055298,0.4322141110897064,-0.01721133105456829,0.5279665589332581,0.37147125601768494,-0.06342265754938126,0.5047348141670227,0.44374483823776245,-0.08100245893001556,0.48548734188079834,0.49543991684913635,-0.08366364240646362,0.4578002095222473,0.41965681314468384,-0.013318332843482494,0.4703964293003082,0.33889177441596985,-0.0678379088640213,0.4603518545627594,0.4341181218624115,-0.07620519399642944,0.45734667778015137,0.4862906336784363,-0.06603661924600601,0.4073420464992523,0.42475950717926025,-0.017621463164687157,0.41844892501831055,0.3800380229949951,-0.07570471614599228,0.41727638244628906,0.4777064919471741,-0.06456296890974045,0.4155190885066986,0.5116904973983765,-0.039380643516778946,0.3567838668823242,0.44194430112838745,-0.023963095620274544,0.37870728969573975,0.41342759132385254,-0.06015852093696594,0.3844461441040039,0.4827299416065216,-0.049681611359119415,0.3818933963775635,0.5013671517372131,-0.03120257705450058
0.3984771966934204,0.632902979850769,-3.912612385192915e-07,0.4590519368648529,0.6050042510032654,-0.03898216038942337,0.5107212066650391,0.5042830109596252,-0.04973950609564781,0.5097450613975525,0.4065057039260864,-0.05566602945327759,0.5200837850570679,0.3347906470298767,-0.05281452089548111,0.5084471106529236,0.43422821164131165,-0.019143428653478622,0.5264539122581482,0.3726098835468292,-0.0655975490808487,0.5032585859298706,0.44494733214378357,-0.08325064927339554,0.4839134216308594,0.49914395809173584,-0.08586056530475616,0.4567514657974243,0.4228436052799225,-0.015263540670275688,0.4681902527809143,0.34071943163871765,-0.06956470012664795,0.4592362940311432,0.4348661005496979,-0.07780469954013824,0.45714548230171204,0.4888187050819397,-0.06778334081172943,0.4066224694252014,0.42851582169532776,-0.01948597840964794,0.4169410467147827,0.38190871477127075,-0.07766593992710114,0.41641679406166077,0.4800640344619751,-0.06631091982126236,0.4154045879840851,0.51609867811203,-0.04111838713288307,0.3567829728126526,0.44635018706321716,-0.02575647085905075,0.37864071130752563,0.41520047187805176,-0.062425918877124786,0.38350391387939453,0.4851575791835785,-0.0518527515232563,0.3802308142185211,0.5057449340820312,-0.03334788233041763
0.39804452657699585,0.6417276263237,-3.9737702195452584e-07,0.4595966041088104,0.6124142408370972,-0.04070643335580826,0.5114589333534241,0.5134559273719788,-0.05268531292676926,0.5069639682769775,0.41569817066192627,-0.05960996821522713,0.5104920268058777,0.34311509132385254,-0.05777205154299736,0.5062615275382996,0.4361840784549713,-0.02026042528450489,0.5209351181983948,0.38048237562179565,-0.06865280121564865,0.49856677651405334,0.45495590567588806,-0.08847802877426147,0.48211535811424255,0.5085623264312744,-0.09251739084720612,0.4531294107437134,0.4266805648803711,-0.016200648620724678,0.4627338647842407,0.35176512598991394,-0.07428304851055145,0.453370600938797,0.4494941532611847,-0.08503872156143188,0.45198488235473633,0.5046926736831665,-0.07577420771121979,0.4031978249549866,0.43386635184288025,-0.02040981873869896,0.41034844517707825,0.3934752643108368,-0.08162999898195267,0.41271400451660156,0.49194636940956116,-0.07268510013818741,0.4148050844669342,0.5291202664375305,-0.048098333179950714,0.3540658950805664,0.4532192349433899,-0.0267102662473917,0.3728839159011841,0.4238145351409912,-0.06561923772096634,0.3802558481693268,0.49399107694625854,-0.05681454762816429,0.3806045353412628,0.5160448551177979,-0.03878328204154968
0.3975096642971039,0.6420276165008545,-3.9328145362560463e-07,0.45833495259284973,0.6149359345436096,-0.041733868420124054,0.5107240080833435,0.5161574482917786,-0.053481657058000565,0.5069271922111511,0.4177435040473938,-0.05969598516821861,0.5087054967880249,0.3429447412490845,-0.057178694754838943,0.5064796209335327,0.4423225224018097,-0.022483188658952713,0.5206591486930847,0.3827365040779114,-0.06934814155101776,0.49830833077430725,0.4579458236694336,-0.08718691766262054,0.48222848773002625,0.5112369656562805,-0.09015123546123505,0.45437532663345337,0.4321448802947998,-0.0172259658575058,0.462639719247818,0.35600191354751587,-0.07289459556341171,0.4527658224105835,0.45239371061325073,-0.08134595304727554,0.45205795764923096,0.5058548450469971,-0.07125511020421982,0.4043663740158081,0.43777671456336975,-0.020257720723748207,0.4112928807735443,0.3945510685443878,-0.07893446832895279,0.4129645824432373,0.4921090602874756,-0.06819330900907516,0.41526612639427185,0.528491735458374,-0.04342299699783325,0.35457223653793335,0.45463964343070984,-0.025619342923164368,0.3727915585041046,0.42892783880233765,-0.06324244290590286,0.3807787299156189,0.4981098473072052,-0.05439530685544014,0.3820960521697998,0.5178604125976562,-0.0369284562766552
0.3987325131893158,0.6439067125320435,-3.723918098330614e-07,0.4585902690887451,0.6157299280166626,-0.04155458137392998,0.5111899971961975,0.5184314846992493,-0.0533820241689682,0.5062375068664551,0.4200041592121124,-0.0596892423927784,0.5057588815689087,0.3461306691169739,-0.056931521743535995,0.5033149719238281,0.4392307996749878,-0.021011123433709145,0.5169163346290588,0.3810368776321411,-0.06816115230321884,0.497372567653656,0.4589127004146576,-0.08599589020013809,0.4827122688293457,0.5105089545249939,-0.08876311033964157,0.451436311006546,0.43013477325439453,-0.01583571545779705,0.461370587348938,0.3571130335330963,-0.07187152653932571,0.4528355300426483,0.45804357528686523,-0.08061650395393372,0.45057201385498047,0.5083852410316467,-0.0705140009522438,0.4017539620399475,0.4370025396347046,-0.01896253041923046,0.40949690341949463,0.3965669274330139,-0.07812193781137466,0.4128504693508148,0.49580609798431396,-0.06749371439218521,0.41393837332725525,0.5293234586715698,-0.04257543757557869,0.35173627734184265,0.4548601806163788,-0.024321993812918663,0.37061429023742676,0.42893701791763306,-0.06171214208006859,0.38003554940223694,0.49896296858787537,-0.05222950875759125,0.3805766999721527,0.5175905227661133,-0.034131694585084915
0.3950362801551819,0.6433833241462708,-3.808293058682466e-07,0.4555131196975708,0.6180459260940552,-0.041591744869947433,0.5087536573410034,0.5197567939758301,-0.052839986979961395,0.5034115314483643,0.42104819416999817,-0.058165449649095535,0.5016931295394897,0.34636151790618896,-0.05422881618142128,0.5010893940925598,0.44246745109558105,-0.022100750356912613,0.5160781145095825,0.3850139379501343,-0.06626700609922409,0.4966091811656952,0.4631418287754059,-0.08080476522445679,0.48245370388031006,0.50944584608078,-0.0821920856833458,0.44952961802482605,0.4319998025894165,-0.016371356323361397,0.4602801203727722,0.3587648272514343,-0.07040443271398544,0.45230716466903687,0.4581400156021118,-0.07752721011638641,0.4505768418312073,0.5040879845619202,-0.0669439509510994,0.4004670977592468,0.43845081329345703,-0.018521368503570557,0.4083158075809479,0.398919939994812,-0.07570970803499222,0.4121443033218384,0.49694833159446716,-0.06427876651287079,0.4137788414955139,0.5271630883216858,-0.039553895592689514,0.3517237603664398,0.4554649889469147,-0.022852204740047455,0.369290292263031,0.4331807792186737,-0.058491259813308716,0.38001930713653564,0.5006818175315857,-0.049035049974918365,0.38166987895965576,0.515207827091217,-0.03158453106880188
0.393860787153244,0.6441270112991333,-3.648099209385691e-07,0.4547199606895447,0.619598388671875,-0.04455777257680893,0.5087167024612427,0.5224953293800354,-0.057411059737205505,0.5028088688850403,0.42248794436454773,-0.0640215128660202,0.4984997510910034,0.346264511346817,-0.06149531900882721,0.50290447473526,0.4433788061141968,-0.023975618183612823,0.5161786675453186,0.3876097500324249,-0.07153621315956116,0.4950816333293915,0.46256762742996216,-0.08914437144994736,0.48016980290412903,0.5132828950881958,-0.09196969121694565,0.45013850927352905,0.4327896237373352,-0.017573831602931023,0.4589603841304779,0.36126968264579773,-0.07531995326280594,0.44984474778175354,0.45988044142723083,-0.08464417606592178,0.44887441396713257,0.5102744102478027,-0.07465323060750961,0.40034398436546326,0.4387866258621216,-0.01966193877160549,0.40784069895744324,0.3998051583766937,-0.08030316233634949,0.4105631411075592,0.49771785736083984,-0.07043976336717606,0.4125683307647705,0.5308210849761963,-0.04580153524875641,0.3507803678512573,0.45580020546913147,-0.02421439439058304,0.3697532117366791,0.43471696972846985,-0.06327439844608307,0.3791502118110657,0.5033789277076721,-0.055529508739709854,0.3810453414916992,0.5198923349380493,-0.0384613461792469
0.3945175111293793,0.6440918445587158,-3.666833379156742e-07,0.45454737544059753,0.617112398147583,-0.04081914573907852,0.5097860097885132,0.5236291885375977,-0.052289482206106186,0.5046222805976868,0.42559921741485596,-0.05786680802702904,0.49821794033050537,0.3518328070640564,-0.05440853536128998,0.4999915063381195,0.444271057844162,-0.023081526160240173,0.5141760110855103,0.3849654197692871,-0.06826195120811462,0.49461403489112854,0.4605700969696045,-0.08386494219303131,0.4794064462184906,0.5101895332336426,-0.08558915555477142,0.44857633113861084,0.43397730588912964,-0.017718566581606865,0.45914414525032043,0.360743910074234,-0.07256480306386948,0.4502504765987396,0.4608716070652008,-0.08033830672502518,0.4475206434726715,0.5100523233413696,-0.0701172947883606,0.3993857204914093,0.4403977394104004,-0.020061640068888664,0.407497763633728,0.400261789560318,-0.07759620249271393,0.4106699824333191,0.49766242504119873,-0.0661429837346077,0.41166403889656067,0.5296223163604736,-0.041362542659044266,0.3496360182762146,0.45786207914352417,-0.02452326938509941,0.3680654466152191,0.4335801303386688,-0.06081295758485794,0.37811097502708435,0.5018028020858765,-0.05115820840001106,0.3789975643157959,0.518128514289856,-0.0334041491150856
0.39328619837760925,0.6433086395263672,-3.573229605535744e-07,0.4549328684806824,0.6167894005775452,-0.040907107293605804,0.5107530355453491,0.5256497859954834,-0.05294988304376602,0.5047352313995361,0.429165244102478,-0.05917515978217125,0.4969415068626404,0.3576841950416565,-0.056284692138433456,0.49824079871177673,0.44051581621170044,-0.022139789536595345,0.5113549828529358,0.38415706157684326,-0.0687829926609993,0.49309858679771423,0.4610467851161957,-0.08586850762367249,0.47948819398880005,0.5123723149299622,-0.08814152330160141,0.44684967398643494,0.431339830160141,-0.016952568665146828,0.45811790227890015,0.3595719039440155,-0.07397723197937012,0.4493151903152466,0.4604021906852722,-0.08344792574644089,0.44639602303504944,0.5106237530708313,-0.07352209836244583,0.3981385827064514,0.4383604824542999,-0.01950492151081562,0.40570762753486633,0.4000399112701416,-0.07872936874628067,0.40948984026908875,0.4975718557834625,-0.0683649331331253,0.4113138020038605,0.5299344062805176,-0.04354860261082649,0.34876471757888794,0.45641854405403137,-0.024139458313584328,0.3669528663158417,0.4322168231010437,-0.061413656920194626,0.37747034430503845,0.5017794966697693,-0.05198206752538681,0.37913644313812256,0.519597589969635,-0.03381998464465141
0.39303046464920044,0.6449587345123291,-3.504256653741322e-07,0.45419231057167053,0.6167024374008179,-0.03999872878193855,0.5085793733596802,0.5244108438491821,-0.05172612518072128,0.5015997290611267,0.42718496918678284,-0.0576758086681366,0.49308738112449646,0.35447776317596436,-0.054430585354566574,0.49573588371276855,0.442568302154541,-0.022076208144426346,0.5113133192062378,0.38568317890167236,-0.06791378557682037,0.4927164316177368,0.4626550078392029,-0.08386817574501038,0.47833916544914246,0.5116389393806458,-0.08562931418418884,0.4449400007724762,0.43244844675064087,-0.01714523695409298,0.4581713378429413,0.3594929277896881,-0.07401867210865021,0.44896095991134644,0.46079322695732117,-0.08323641866445541,0.4454870820045471,0.5099061727523804,-0.07341305166482925,0.39652958512306213,0.4393778443336487,-0.019603153690695763,0.40557366609573364,0.39983680844306946,-0.07814650237560272,0.40885764360427856,0.4981049597263336,-0.06668227165937424,0.410027414560318,0.5298653244972229,-0.041363343596458435,0.3469959795475006,0.4568576514720917,-0.024014560505747795,0.3655436038970947,0.43225085735321045,-0.06000373512506485,0.3764541447162628,0.5016008615493774,-0.049508076161146164,0.37766557931900024,0.5178303122520447,-0.03093155473470688
0.39216315746307373,0.645809531211853,-3.831769674889074e-07,0.4537648558616638,0.6167715191841125,-0.03850718215107918,0.509038507938385,0.5244325399398804,-0.049038615077733994,0.5016999840736389,0.4277609884738922,-0.05418367683887482,0.4918230175971985,0.35655179619789124,-0.050300318747758865,0.49730992317199707,0.44181883335113525,-0.01874837465584278,0.511070966720581,0.3861354887485504,-0.06339582800865173,0.4912356436252594,0.4618985652923584,-0.07910548895597458,0.4781665802001953,0.5114026665687561,-0.08091084659099579,0.4460260570049286,0.4325212240219116,-0.014437183737754822,0.45694321393966675,0.3609349727630615,-0.07060783356428146,0.44673261046409607,0.4616527259349823,-0.07945273816585541,0.44507458806037903,0.5117363929748535,-0.06940386444330215,0.3975653052330017,0.4399442672729492,-0.017512058839201927,0.40528038144111633,0.39816468954086304,-0.07541558891534805,0.4076327085494995,0.49611198902130127,-0.06348022818565369,0.4098450541496277,0.5298705697059631,-0.03792588412761688,0.34780699014663696,0.45840999484062195,-0.02254622057080269,0.3653103709220886,0.43178218603134155,-0.05854043737053871,0.3753945231437683,0.501517653465271,-0.04793747141957283,0.3774625062942505,0.5196950435638428,-0.029168400913476944
0.39357906579971313,0.6459004878997803,-3.609560792483535e-07,0.4547670781612396,0.6148207783699036,-0.03525373712182045,0.5114662647247314,0.5253310799598694,-0.04470079392194748,0.5028216242790222,0.4309455156326294,-0.049074895679950714,0.48713764548301697,0.3643897473812103,-0.04472704231739044,0.4928034245967865,0.4408837854862213,-0.017394568771123886,0.5073322653770447,0.38626325130462646,-0.0584082193672657,0.49130961298942566,0.4630632698535919,-0.07158117741346359,0.4796220660209656,0.5079311728477478,-0.07244314253330231,0.4427618980407715,0.4322656989097595,-0.01393235195428133,0.4554045498371124,0.36151447892189026,-0.06552653014659882,0.4478670060634613,0.4626637399196625,-0.0723952054977417,0.4442031681537628,0.5087429285049438,-0.06216943636536598,0.3952103853225708,0.44096577167510986,-0.017134491354227066,0.40348413586616516,0.4001542329788208,-0.07107393443584442,0.40805187821388245,0.49772220849990845,-0.05846402421593666,0.40892985463142395,0.528716504573822,-0.03371207416057587,0.3457832932472229,0.4605414569377899,-0.02196671813726425,0.36283648014068604,0.4334186315536499,-0.05466423183679581,0.37478530406951904,0.5010353326797485,-0.04296604171395302,0.3763378858566284,0.5176058411598206,-0.024374105036258698
0.3905688226222992,0.6457035541534424,-3.877330811974389e-07,0.45181143283843994,0.619369387626648,-0.03666263073682785,0.510524570941925,0.5284878611564636,-0.04549088329076767,0.49866950511932373,0.4338361918926239,-0.04856878146529198,0.48540955781936646,0.3667893409729004,-0.0426655113697052,0.49601662158966064,0.4428889751434326,-0.0164008941501379,0.5102442502975464,0.38699495792388916,-0.05428509786725044,0.49284109473228455,0.4646877944469452,-0.06513047218322754,0.4828929901123047,0.5009580254554749,-0.06559710949659348,0.44558754563331604,0.4325363039970398,-0.011984637007117271,0.459893137216568,0.35857370495796204,-0.0591648705303669,0.4504397213459015,0.45848318934440613,-0.06325678527355194,0.44602859020233154,0.49677833914756775,-0.05203479155898094,0.39739441871643066,0.43970048427581787,-0.014431124553084373,0.4059161841869354,0.39336368441581726,-0.06515230983495712,0.4078390300273895,0.491746723651886,-0.05027828365564346,0.4068470895290375,0.5182040333747864,-0.025158794596791267,0.34771448373794556,0.45786306262016296,-0.01873713918030262,0.3636839985847473,0.4305630922317505,-0.04921170324087143,0.3728737235069275,0.4983155131340027,-0.03615136072039604,0.3720642626285553,0.5109694004058838,-0.017357943579554558
0.38985687494277954,0.648154079914093,-3.854821954973886e-07,0.45267564058303833,0.6172528266906738,-0.03317125886678696,0.5108842849731445,0.5291638374328613,-0.04110349714756012,0.502348005771637,0.43509984016418457,-0.044229671359062195,0.49200427532196045,0.368531197309494,-0.03874955326318741,0.49465176463127136,0.44445571303367615,-0.014007306657731533,0.5104214549064636,0.3883700668811798,-0.052088458091020584,0.49248582124710083,0.46362602710723877,-0.06377389281988144,0.48152321577072144,0.5047609806060791,-0.06435764580965042,0.44515588879585266,0.43433329463005066,-0.011162560433149338,0.4599461853504181,0.3582340180873871,-0.05981144681572914,0.4494316279888153,0.45668041706085205,-0.06572215259075165,0.4453771710395813,0.5012006163597107,-0.0554061233997345,0.39800605177879333,0.44153955578804016,-0.014596469700336456,0.40680447220802307,0.3914739489555359,-0.0657426193356514,0.4080495536327362,0.4889776408672333,-0.051343780010938644,0.40820276737213135,0.5211727619171143,-0.02610030397772789,0.34853222966194153,0.4601022005081177,-0.01958274096250534,0.36388370394706726,0.42726930975914,-0.05035322532057762,0.3732531666755676,0.49575164914131165,-0.03703785687685013,0.37397703528404236,0.513533890247345,-0.01771727204322815
0.38918817043304443,0.6466761827468872,-3.735136431259889e-07,0.45238569378852844,0.616666316986084,-0.03389838710427284,0.5110353231430054,0.5293940901756287,-0.041971322149038315,0.5043079257011414,0.4368143081665039,-0.0452834777534008,0.4954151511192322,0.36981043219566345,-0.04016919806599617,0.4941803812980652,0.44261279702186584,-0.013552692718803883,0.5088053345680237,0.38745081424713135,-0.05103328451514244,0.4928850829601288,0.4622568190097809,-0.06315270066261292,0.483197420835495,0.49989089369773865,-0.06438422948122025,0.44553259015083313,0.43324628472328186,-0.010454278439283371,0.46043986082077026,0.35701578855514526,-0.05665517598390579,0.4509342908859253,0.45482397079467773,-0.06174179166555405,0.44608503580093384,0.4971824586391449,-0.051292065531015396,0.39846572279930115,0.4407111704349518,-0.01392256561666727,0.4073019027709961,0.3911720812320709,-0.06389878690242767,0.40900763869285583,0.48805180191993713,-0.05039642006158829,0.40836456418037415,0.5189071297645569,-0.026046428829431534,0.34917154908180237,0.45975613594055176,-0.019061675295233727,0.36496037244796753,0.42875656485557556,-0.04948321357369423,0.3744855225086212,0.4953146278858185,-0.036925844848155975,0.37476515769958496,0.5122321844100952,-0.018299423158168793
0.38902199268341064,0.6498827338218689,-3.543443369835586e-07,0.4534304738044739,0.6135536432266235,-0.031611789017915726,0.5095426440238953,0.529159665107727,-0.03946404159069061,0.5031495094299316,0.43543651700019836,-0.04308922216296196,0.49438968300819397,0.36739394068717957,-0.03814597427845001,0.49350422620773315,0.44236716628074646,-0.010332221165299416,0.5078337788581848,0.3877564072608948,-0.047952719032764435,0.4913911819458008,0.4604451358318329,-0.06119311973452568,0.48129165172576904,0.49884510040283203,-0.06321094185113907,0.4444713294506073,0.43221327662467957,-0.007870855741202831,0.4591663181781769,0.3580554723739624,-0.05681170895695686,0.4497179388999939,0.4559936821460724,-0.06549941748380661,0.44583380222320557,0.49963533878326416,-0.0574483647942543,0.39807021617889404,0.44041332602500916,-0.011224616318941116,0.4069308638572693,0.3911631107330322,-0.06201484799385071,0.408899188041687,0.4877147972583771,-0.0489344522356987,0.408956378698349,0.5199728012084961,-0.024670341983437538,0.3490278124809265,0.46040046215057373,-0.0159955695271492,0.36413446068763733,0.42743024230003357,-0.04629937559366226,0.37453582882881165,0.49442487955093384,-0.03326229006052017,0.37583789229393005,0.5118056535720825,-0.014100400730967522
0.38820549845695496,0.6494157314300537,-3.6197124586578866e-07,0.4527141749858856,0.6144959330558777,-0.033100150525569916,0.5085027813911438,0.5274389982223511,-0.041199445724487305,0.5014790296554565,0.4320051074028015,-0.04473863169550896,0.4936583936214447,0.36251479387283325,-0.039711855351924896,0.4937964677810669,0.44259101152420044,-0.01096892450004816,0.5073092579841614,0.38895025849342346,-0.0487513542175293,0.4910784065723419,0.46152374148368835,-0.06203805282711983,0.4811323881149292,0.501425564289093,-0.06402046233415604,0.44471898674964905,0.43242746591567993,-0.007860608398914337,0.4585852324962616,0.35761556029319763,-0.05650584027171135,0.44938287138938904,0.45430484414100647,-0.06480272859334946,0.44564661383628845,0.49889829754829407,-0.056420352309942245,0.3981388807296753,0.4405398964881897,-0.01089535467326641,0.4065971374511719,0.39165937900543213,-0.0618867501616478,0.40891972184181213,0.487473726272583,-0.04918669909238815,0.4092877507209778,0.5197282433509827,-0.025105973705649376,0.3494000732898712,0.4607531428337097,-0.01550502609461546,0.3645378649234772,0.42866966128349304,-0.04637288674712181,0.37483227252960205,0.49505847692489624,-0.034019723534584045,0.3760837912559509,0.5116889476776123,-0.015336679294705391
0.3876214623451233,0.6499248147010803,-3.7578524825221393e-07,0.4521327614784241,0.6153090596199036,-0.03177694231271744,0.510363757610321,0.5295462608337402,-0.03921348229050636,0.5022686719894409,0.43491291999816895,-0.04214482754468918,0.49114662408828735,0.3688625693321228,-0.036264773458242416,0.49375268816947937,0.44349417090415955,-0.011592905037105083,0.506675660610199,0.3883390724658966,-0.048299312591552734,0.49016427993774414,0.4629206359386444,-0.059734541922807693,0.48168206214904785,0.5003573894500732,-0.06078347936272621,0.444496214389801,0.43322545289993286,-0.009068196639418602,0.4583321809768677,0.35844242572784424,-0.05707644298672676,0.449089378118515,0.456944078207016,-0.06368689984083176,0.4460054636001587,0.4988916218280792,-0.054305631667375565,0.39818650484085083,0.441094309091568,-0.012447015382349491,0.40615707635879517,0.3920769691467285,-0.06251250207424164,0.40830156207084656,0.4889754354953766,-0.048473332077264786,0.40887391567230225,0.5192404389381409,-0.023899661377072334,0.3495113253593445,0.4607868492603302,-0.01732086017727852,0.36390432715415955,0.42931893467903137,-0.04697645828127861,0.37418249249458313,0.49598515033721924,-0.03393763676285744,0.3757670223712921,0.5111661553382874,-0.015129388310015202
0.3873133361339569,0.6501539945602417,-3.691987160436838e-07,0.45159825682640076,0.6148096919059753,-0.03259991481900215,0.5093628168106079,0.5312579274177551,-0.04076630622148514,0.501977801322937,0.43693387508392334,-0.044463593512773514,0.4906013309955597,0.3699990212917328,-0.03919614106416702,0.4948592782020569,0.44348078966140747,-0.01099901832640171,0.5065391659736633,0.3883410096168518,-0.04917103424668312,0.48979440331459045,0.46280038356781006,-0.062075648456811905,0.4819260835647583,0.5005815029144287,-0.06386067718267441,0.44503793120384216,0.4330994486808777,-0.008176076225936413,0.4586196839809418,0.35921964049339294,-0.05799665302038193,0.44874149560928345,0.4585065245628357,-0.06596878916025162,0.44623368978500366,0.5006662011146545,-0.05711602419614792,0.39842694997787476,0.4409307837486267,-0.01141491997987032,0.4059982895851135,0.39265039563179016,-0.06257011741399765,0.40742790699005127,0.48919421434402466,-0.04903010278940201,0.40849775075912476,0.51932293176651,-0.024408461526036263,0.3495621681213379,0.4607434570789337,-0.01625596173107624,0.3634679317474365,0.42963021993637085,-0.04629523679614067,0.37327948212623596,0.49549010396003723,-0.03348959609866142,0.37523776292800903,0.5103613138198853,-0.014595509506762028
0.3855767250061035,0.6524360179901123,-3.7429239796438196e-07,0.4511147141456604,0.6150569319725037,-0.030634615570306778,0.5086886286735535,0.5335570573806763,-0.03815266117453575,0.5031858682632446,0.43886077404022217,-0.041610635817050934,0.4923218786716461,0.37177959084510803,-0.03636505454778671,0.4946345090866089,0.4467662572860718,-0.008992533199489117,0.5077064037322998,0.3926214575767517,-0.04710491746664047,0.49038219451904297,0.46475934982299805,-0.06068656966090202,0.4804632067680359,0.5060045123100281,-0.06269790232181549,0.44555607438087463,0.4350087642669678,-0.006898896768689156,0.45877814292907715,0.36103397607803345,-0.05724598839879036,0.44870004057884216,0.4589003026485443,-0.06682243943214417,0.44583746790885925,0.5041400790214539,-0.05903773009777069,0.3994421362876892,0.4424668252468109,-0.010518642142415047,0.4071999192237854,0.3941313326358795,-0.06143976375460625,0.4085402488708496,0.489789217710495,-0.04834846779704094,0.4091232717037201,0.5222358703613281,-0.023984864354133606,0.35049235820770264,0.46267539262771606,-0.015573345124721527,0.3644244968891144,0.430742472410202,-0.045374367386102676,0.374528706073761,0.49667295813560486,-0.03236403688788414,0.3763602674007416,0.5128850340843201,-0.013249952346086502
0.3878036141395569,0.6631955504417419,-3.910527652806195e-07,0.45341920852661133,0.6255083680152893,-0.030675390735268593,0.5079044699668884,0.5394902229309082,-0.03754928335547447,0.4998711049556732,0.44699785113334656,-0.04065424203872681,0.4892754852771759,0.381352037191391,-0.03533284366130829,0.49197351932525635,0.4540572762489319,-0.006890550721436739,0.5041581392288208,0.39920520782470703,-0.04488145932555199,0.48676884174346924,0.47243592143058777,-0.059379942715168,0.4775022268295288,0.513388991355896,-0.06198746711015701,0.44261837005615234,0.44433003664016724,-0.005008047912269831,0.45483291149139404,0.3721493184566498,-0.05282805860042572,0.4448932409286499,0.4694836735725403,-0.06100447103381157,0.44246116280555725,0.5136779546737671,-0.052450623363256454,0.3962143659591675,0.4521801173686981,-0.0094097089022398,0.40341681241989136,0.40051913261413574,-0.05873235687613487,0.40457358956336975,0.49612903594970703,-0.04513333737850189,0.40517526865005493,0.5289493203163147,-0.020633667707443237,0.3475273549556732,0.47312021255493164,-0.015464436262845993,0.36096838116645813,0.43859001994132996,-0.04468293860554695,0.3696591258049011,0.5047125816345215,-0.031249770894646645,0.37062862515449524,0.5224812626838684,-0.01177398581057787
0.3943376839160919,0.6812973022460938,-4.340454040629993e-07,0.4512466788291931,0.6380660533905029,-0.030271371826529503,0.4953981637954712,0.5328378677368164,-0.03440304845571518,0.49075403809547424,0.44034552574157715,-0.03583769127726555,0.49627211689949036,0.37491822242736816,-0.02738913893699646,0.4871615767478943,0.46207064390182495,-0.001584890065714717,0.5010421276092529,0.4000481069087982,-0.03864327445626259,0.48518121242523193,0.4786824584007263,-0.04986444115638733,0.47352755069732666,0.5126413106918335,-0.050696637481451035,0.43766453862190247,0.45878952741622925,-0.00011493972124299034,0.4453703463077545,0.39713066816329956,-0.04183110222220421,0.4426301419734955,0.49692651629447937,-0.04271242767572403,0.44089484214782715,0.5207506418228149,-0.031479671597480774,0.3888091444969177,0.47124797105789185,-0.007230955641716719,0.3939519226551056,0.4296859800815582,-0.05360608547925949,0.4003101587295532,0.5244313478469849,-0.03873259946703911,0.39768680930137634,0.5385115146636963,-0.015984568744897842,0.33951282501220703,0.492805153131485,-0.016420084983110428,0.3534948229789734,0.4695025682449341,-0.04250526428222656,0.363361656665802,0.5306598544120789,-0.03006874956190586,0.36000269651412964,0.535873293876648,-0.013689935207366943
0.3931623101234436,0.6825409531593323,-4.434068898717669e-07,0.4495287835597992,0.6435261964797974,-0.03170932084321976,0.49433091282844543,0.5354544520378113,-0.03614090755581856,0.4886326193809509,0.4418695271015167,-0.037425290793180466,0.49316731095314026,0.374919056892395,-0.028942489996552467,0.48697200417518616,0.46416375041007996,-0.004107296466827393,0.5011793375015259,0.402032732963562,-0.04220319539308548,0.484473317861557,0.4788798689842224,-0.054055437445640564,0.47143682837486267,0.5147317051887512,-0.05525704473257065,0.4372713267803192,0.4601024389266968,-0.002155153313651681,0.4445236027240753,0.39760351181030273,-0.04506101831793785,0.4419685900211334,0.4958248436450958,-0.04662400484085083,0.44007787108421326,0.5203789472579956,-0.03558381646871567,0.38825085759162903,0.47195950150489807,-0.008882950060069561,0.3931470215320587,0.43242910504341125,-0.05681031942367554,0.3998653292655945,0.5263919830322266,-0.04322615638375282,0.3972971439361572,0.5398764610290527,-0.02105119451880455,0.3392033278942108,0.49346137046813965,-0.01769864931702614,0.3543145954608917,0.4729664921760559,-0.045740582048892975,0.36423566937446594,0.5348663330078125,-0.034769121557474136,0.3608000576496124,0.5396119356155396,-0.019195018336176872
0.39104926586151123,0.6831666231155396,-4.55461446335903e-07,0.4475579261779785,0.6456410884857178,-0.03376765921711922,0.49326905608177185,0.5367166996002197,-0.038666021078825,0.48531439900398254,0.4402400553226471,-0.03946474567055702,0.4888901710510254,0.3726487159729004,-0.03042861819267273,0.4835193157196045,0.4646576941013336,-0.00861545279622078,0.4961797595024109,0.4007904827594757,-0.04659732058644295,0.4791485667228699,0.4802672564983368,-0.057562749832868576,0.46812209486961365,0.5158345699310303,-0.058235734701156616,0.43414685130119324,0.46274033188819885,-0.005719615146517754,0.44037699699401855,0.3978024423122406,-0.04868319630622864,0.4376036524772644,0.49663081765174866,-0.04971684515476227,0.4370482265949249,0.5221626162528992,-0.03832857310771942,0.38603198528289795,0.4757000505924225,-0.01130533218383789,0.389386385679245,0.4353265166282654,-0.060396742075681686,0.39683207869529724,0.5309997797012329,-0.04651762917637825,0.3965160548686981,0.5460898876190186,-0.0237730760127306,0.33759015798568726,0.49793246388435364,-0.01893438771367073,0.35053902864456177,0.4742733836174011,-0.04829258844256401,0.3616720736026764,0.5387702584266663,-0.03687142953276634,0.3600080609321594,0.5465265512466431,-0.02059841714799404
0.3891121447086334,0.6846998929977417,-4.4017539835294883e-07,0.44551610946655273,0.6470056772232056,-0.03619850426912308,0.49150270223617554,0.5384734272956848,-0.04245338216423988,0.48375189304351807,0.44122928380966187,-0.044282425194978714,0.48656123876571655,0.37173396348953247,-0.036262061446905136,0.48226428031921387,0.46403151750564575,-0.008208799175918102,0.49381399154663086,0.4036133289337158,-0.047700051218271255,0.47792428731918335,0.48154783248901367,-0.06058637052774429,0.46699365973472595,0.5170454978942871,-0.06236601993441582,0.4326847493648529,0.4614560306072235,-0.004329374525696039,0.4377560615539551,0.3989812135696411,-0.04854276403784752,0.4360097050666809,0.49624699354171753,-0.05121234059333801,0.43567344546318054,0.5213736295700073,-0.04066319763660431,0.384533166885376,0.4742492139339447,-0.009351542219519615,0.386715292930603,0.4373615086078644,-0.060209084302186966,0.39509010314941406,0.5318896174430847,-0.048000138252973557,0.3956640660762787,0.5464111566543579,-0.025793712586164474,0.3364085257053375,0.4968734085559845,-0.016575178131461143,0.34932875633239746,0.4759255349636078,-0.047648392617702484,0.3605775237083435,0.5404853820800781,-0.03758896887302399,0.35950279235839844,0.5477641820907593,-0.021798431873321533
0.3897046744823456,0.6839455366134644,-4.388017771361774e-07,0.44541841745376587,0.6462751030921936,-0.03438328951597214,0.4912618398666382,0.537356436252594,-0.040522586554288864,0.4808727502822876,0.4413784444332123,-0.04255463927984238,0.48211050033569336,0.3742595911026001,-0.03459646552801132,0.480502188205719,0.46491628885269165,-0.009863917715847492,0.49177950620651245,0.4013447165489197,-0.04828885942697525,0.4762144684791565,0.4826742112636566,-0.05927492305636406,0.46647170186042786,0.5170307755470276,-0.06016131117939949,0.4306889772415161,0.46237635612487793,-0.006879275664687157,0.4366912841796875,0.3968662917613983,-0.05053757503628731,0.4342280328273773,0.4971846342086792,-0.05137372016906738,0.43352949619293213,0.5226564407348633,-0.03966211527585983,0.38259580731391907,0.47524309158325195,-0.012329146265983582,0.3852979838848114,0.43491166830062866,-0.06127724051475525,0.3934076130390167,0.5308613777160645,-0.04656422510743141,0.39372625946998596,0.5457983016967773,-0.023319918662309647,0.3344494700431824,0.49699652194976807,-0.019937489181756973,0.34653258323669434,0.4759328365325928,-0.048910532146692276,0.3582385778427124,0.5390707850456238,-0.037351928651332855,0.3577286899089813,0.5446231961250305,-0.021039990708231926
0.38598164916038513,0.6810209155082703,-4.1270513406743703e-07,0.4419558644294739,0.6433941125869751,-0.03585509955883026,0.4882742464542389,0.5371614694595337,-0.04361443594098091,0.47057250142097473,0.4414862096309662,-0.046877793967723846,0.4600145220756531,0.3731499910354614,-0.040364354848861694,0.4738113284111023,0.4558088183403015,-0.011393491178750992,0.4810052514076233,0.39583924412727356,-0.050500236451625824,0.471408873796463,0.47791704535484314,-0.06331668794155121,0.464802086353302,0.5094502568244934,-0.06552453339099884,0.423033744096756,0.45589014887809753,-0.008078631944954395,0.4264853596687317,0.3932517170906067,-0.05279499664902687,0.4294605255126953,0.49430862069129944,-0.056168925017118454,0.4297686517238617,0.5187438130378723,-0.046040721237659454,0.3759216070175171,0.4711524546146393,-0.012863478623330593,0.3766978085041046,0.43032801151275635,-0.06322702765464783,0.3891896605491638,0.5272766351699829,-0.04990655928850174,0.39069312810897827,0.5426557660102844,-0.027079742401838303,0.32877108454704285,0.49593162536621094,-0.019759856164455414,0.33962053060531616,0.47398579120635986,-0.05029946193099022,0.35473763942718506,0.5373567342758179,-0.03917456418275833,0.35570085048675537,0.5443874597549438,-0.022479429841041565
0.3837605118751526,0.6791048049926758,-4.466276379844203e-07,0.44089388847351074,0.644001841545105,-0.037004634737968445,0.4886426031589508,0.5345641374588013,-0.04453141614794731,0.4710076153278351,0.4364855885505676,-0.047051239758729935,0.4619027376174927,0.3697621822357178,-0.03951406851410866,0.4732530415058136,0.4569626450538635,-0.014478844590485096,0.4797077775001526,0.3934084475040436,-0.0532541424036026,0.4699767529964447,0.4784541428089142,-0.06424611806869507,0.46412622928619385,0.5127640962600708,-0.06513333320617676,0.422624409198761,0.4571373164653778,-0.010296035557985306,0.4249498248100281,0.3910875916481018,-0.054602187126874924,0.42748162150382996,0.49305692315101624,-0.05561592057347298,0.42855557799339294,0.5187802314758301,-0.04366104677319527,0.3756447434425354,0.47137436270713806,-0.014414220117032528,0.3754282295703888,0.4308384954929352,-0.06429146230220795,0.38765668869018555,0.5277496576309204,-0.04982246458530426,0.38997989892959595,0.5440289974212646,-0.02627439983189106,0.3285047709941864,0.49429309368133545,-0.02081417664885521,0.3382970094680786,0.47311460971832275,-0.05122721195220947,0.35291045904159546,0.5371475219726562,-0.0402836948633194,0.35458895564079285,0.5442800521850586,-0.023819681257009506
0.3817535936832428,0.6796701550483704,-4.3607181510196824e-07,0.439094603061676,0.6422540545463562,-0.03635416924953461,0.4867778420448303,0.5356652140617371,-0.04375495761632919,0.4708298146724701,0.4384121298789978,-0.04635758697986603,0.4618401825428009,0.3707926273345947,-0.03900928422808647,0.473116397857666,0.4573765993118286,-0.012752005830407143,0.47896844148635864,0.3960241675376892,-0.0519367977976799,0.4686604142189026,0.4782770872116089,-0.06422166526317596,0.46371152997016907,0.5117008686065674,-0.06593208760023117,0.4216086268424988,0.4570908546447754,-0.008991360664367676,0.42252153158187866,0.3925921320915222,-0.0548580065369606,0.42519611120224,0.4920724630355835,-0.05805960297584534,0.42786720395088196,0.5182486772537231,-0.04749295115470886,0.3743034303188324,0.4709955155849457,-0.013360496610403061,0.3727419376373291,0.4300374984741211,-0.06422930955886841,0.3849649727344513,0.525973379611969,-0.05087898671627045,0.38842105865478516,0.5428708791732788,-0.027796482667326927,0.32757237553596497,0.4946913421154022,-0.019940150901675224,0.3366844058036804,0.4714774489402771,-0.05077136307954788,0.3507723808288574,0.5352709889411926,-0.040066737681627274,0.3524708151817322,0.543703019618988,-0.023573076352477074
0.38197657465934753,0.6825202703475952,-4.211722739455581e-07,0.43792057037353516,0.6432039141654968,-0.036064513027668,0.4855882227420807,0.5358622670173645,-0.04253247752785683,0.47041183710098267,0.43857279419898987,-0.04400161653757095,0.46024128794670105,0.3705442547798157,-0.03518679738044739,0.47073689103126526,0.455960750579834,-0.012232482433319092,0.4759593605995178,0.3950364887714386,-0.04996045306324959,0.46650925278663635,0.4797137975692749,-0.06099501624703407,0.4619046449661255,0.5106966495513916,-0.06218748167157173,0.4199003577232361,0.45639243721961975,-0.008408083580434322,0.4215880036354065,0.39296427369117737,-0.05338755249977112,0.4248177707195282,0.49428343772888184,-0.0562734380364418,0.42649218440055847,0.5189216732978821,-0.045831143856048584,0.37281423807144165,0.47188276052474976,-0.01247933879494667,0.3723457455635071,0.42970511317253113,-0.06201118230819702,0.3851988613605499,0.5270680785179138,-0.04771886020898819,0.3875829875469208,0.542992115020752,-0.02449677139520645,0.3259507715702057,0.4969848096370697,-0.018789639696478844,0.33556124567985535,0.4742269814014435,-0.048179492354393005,0.3510630428791046,0.5374956727027893,-0.03650565817952156,0.35208189487457275,0.5442467927932739,-0.019654175266623497
0.38115254044532776,0.6823729872703552,-4.504403250393807e-07,0.4387689232826233,0.6443799734115601,-0.03620797395706177,0.4857487976551056,0.5383724570274353,-0.04385609179735184,0.4672570526599884,0.4406657814979553,-0.046717774122953415,0.45564985275268555,0.373871773481369,-0.03970128670334816,0.47219276428222656,0.45812898874282837,-0.012688398361206055,0.4776607155799866,0.39553582668304443,-0.053397368639707565,0.46744871139526367,0.4780930280685425,-0.06684556603431702,0.46164751052856445,0.5181679129600525,-0.06858166307210922,0.42067205905914307,0.4585316479206085,-0.008841478265821934,0.4201376438140869,0.3930031657218933,-0.05648086220026016,0.4233979284763336,0.49432650208473206,-0.06074444204568863,0.42691028118133545,0.5255743861198425,-0.050208788365125656,0.37338516116142273,0.4729294776916504,-0.013088550418615341,0.37166154384613037,0.432643324136734,-0.0651494637131691,0.3842872679233551,0.5292158126831055,-0.052000369876623154,0.38825157284736633,0.5491255521774292,-0.028419431298971176,0.32635074853897095,0.4973495900630951,-0.019492022693157196,0.33560752868652344,0.4732673168182373,-0.05100700631737709,0.35006770491600037,0.5386317372322083,-0.04019258916378021,0.35221967101097107,0.548957884311676,-0.02317187562584877
0.3814033269882202,0.6879440546035767,-4.3410807393229334e-07,0.43917179107666016,0.6449036002159119,-0.03347013518214226,0.4894912838935852,0.5428604483604431,-0.039380427449941635,0.46872085332870483,0.44759660959243774,-0.040397074073553085,0.4450465142726898,0.3904563784599304,-0.031234832480549812,0.4692685902118683,0.4582410156726837,-0.010243255645036697,0.47698959708213806,0.3988347351551056,-0.0469023659825325,0.4686132073402405,0.4834546148777008,-0.058558329939842224,0.4636498987674713,0.5150971412658691,-0.06035469472408295,0.4183790981769562,0.45792290568351746,-0.0077103516086936,0.4207688570022583,0.39626750349998474,-0.0513385534286499,0.425781786441803,0.4977882504463196,-0.05534610152244568,0.42724695801734924,0.522311806678772,-0.04623943194746971,0.37191569805145264,0.47397223114967346,-0.012399393133819103,0.3721514642238617,0.43350815773010254,-0.06002754718065262,0.3864347040653229,0.5306568741798401,-0.04577995464205742,0.38843393325805664,0.5471118092536926,-0.023071767762303352,0.3250370919704437,0.5016162395477295,-0.01912306435406208,0.3344898521900177,0.47613459825515747,-0.04600401595234871,0.3517698049545288,0.5399664044380188,-0.03243725746870041,0.3524339199066162,0.5490724444389343,-0.014614022336900234
0.38196811079978943,0.6982496976852417,-4.4911163854521874e-07,0.4422476291656494,0.6550869941711426,-0.03444439172744751,0.49271076917648315,0.555794894695282,-0.04125562682747841,0.4688448905944824,0.46193447709083557,-0.042842719703912735,0.44031819701194763,0.40827834606170654,-0.03405114635825157,0.4688722789287567,0.4660924971103668,-0.01162949949502945,0.4744720160961151,0.4079607129096985,-0.050698380917310715,0.4663485586643219,0.49373283982276917,-0.06464611738920212,0.4624490737915039,0.5296095609664917,-0.06720889359712601,0.41666296124458313,0.4660462737083435,-0.008560484275221825,0.4176359474658966,0.4052024483680725,-0.05521083623170853,0.42340531945228577,0.5088533163070679,-0.0613279864192009,0.42644384503364563,0.5371520519256592,-0.05277734249830246,0.37009695172309875,0.48128175735473633,-0.012670730240643024,0.3690098524093628,0.44215160608291626,-0.061363283544778824,0.3845299184322357,0.5400525331497192,-0.047613613307476044,0.38882341980934143,0.5598655939102173,-0.024463070556521416,0.3237955570220947,0.508725106716156,-0.018953604623675346,0.3312498927116394,0.4823238253593445,-0.045424848794937134,0.3503378629684448,0.5469261407852173,-0.03134976699948311,0.35304710268974304,0.5589282512664795,-0.012656004168093204
0.38151249289512634,0.6997581720352173,-4.294849986763438e-07,0.43978726863861084,0.6589398980140686,-0.03605454042553902,0.49252966046333313,0.5564337372779846,-0.04440506547689438,0.47283151745796204,0.4631086587905884,-0.04753981903195381,0.4456358850002289,0.4071032702922821,-0.040510211139917374,0.4708564877510071,0.46799343824386597,-0.015537352301180363,0.47558996081352234,0.41039469838142395,-0.054717544466257095,0.4677421748638153,0.4985046982765198,-0.06727138161659241,0.46375903487205505,0.532079815864563,-0.06936163455247879,0.41883671283721924,0.46750450134277344,-0.012214051559567451,0.42043790221214294,0.406473845243454,-0.059494275599718094,0.4257338047027588,0.5116100311279297,-0.06382498890161514,0.42759039998054504,0.5388297438621521,-0.05390264466404915,0.37169110774993896,0.48272305727005005,-0.01615787111222744,0.37030747532844543,0.4432511031627655,-0.06601928919553757,0.3855852484703064,0.5422144532203674,-0.05130671709775925,0.3888229727745056,0.5613104701042175,-0.0276175569742918,0.3237936198711395,0.5088381767272949,-0.02237902395427227,0.3323579430580139,0.4879402220249176,-0.05114495009183884,0.35135018825531006,0.5525392889976501,-0.03841693326830864,0.3546302318572998,0.5612568855285645,-0.020617742091417313
0.3811192810535431,0.6995316743850708,-4.291921129606635e-07,0.4389989674091339,0.6621531248092651,-0.03764751926064491,0.4904381334781647,0.5561398267745972,-0.04670744016766548,0.4693230986595154,0.4597600996494293,-0.050350088626146317,0.44569817185401917,0.3984486162662506,-0.043858852237463,0.47120240330696106,0.46972861886024475,-0.017360130324959755,0.4757665693759918,0.41123855113983154,-0.05705671384930611,0.4682977497577667,0.4994071125984192,-0.06928146630525589,0.46449506282806396,0.5322800874710083,-0.07108766585588455,0.41878724098205566,0.4696614742279053,-0.013495896011590958,0.4208812117576599,0.40841400623321533,-0.06030932813882828,0.4258415699005127,0.5132718086242676,-0.06365428864955902,0.4273391664028168,0.538808286190033,-0.05327783524990082,0.3713358938694,0.48437440395355225,-0.017246877774596214,0.3706652820110321,0.4436091482639313,-0.06795772165060043,0.3853588104248047,0.5435729622840881,-0.052977222949266434,0.3882311284542084,0.561978816986084,-0.029067907482385635,0.3233371376991272,0.508918046951294,-0.023330191150307655,0.3331007957458496,0.4872542917728424,-0.05331747233867645,0.3509351909160614,0.5531181693077087,-0.040820106863975525,0.35321810841560364,0.5622425079345703,-0.023097898811101913
0.38221147656440735,0.7003301382064819,-4.3544466166167695e-07,0.43960192799568176,0.6623161435127258,-0.03645448386669159,0.4896465837955475,0.5545912981033325,-0.04517322778701782,0.46740126609802246,0.4585326313972473,-0.04883042722940445,0.4419156312942505,0.3992762863636017,-0.042496006935834885,0.47110339999198914,0.47157612442970276,-0.01647055707871914,0.4753320515155792,0.4104872941970825,-0.05619394779205322,0.4678881764411926,0.4982166588306427,-0.0688304603099823,0.4638422131538391,0.5344855189323425,-0.07073282450437546,0.4188718795776367,0.47184324264526367,-0.013154134154319763,0.4202961325645447,0.4083983302116394,-0.05918118357658386,0.4254581332206726,0.5122479200363159,-0.06235669553279877,0.427207350730896,0.5394638776779175,-0.05192393437027931,0.37145137786865234,0.48627251386642456,-0.017479252070188522,0.3708864748477936,0.444720059633255,-0.06751061975955963,0.38570162653923035,0.5437021851539612,-0.052777186036109924,0.3887024223804474,0.563235342502594,-0.02912130206823349,0.3238547444343567,0.5105476975440979,-0.024098966270685196,0.33440491557121277,0.48776236176490784,-0.0538538321852684,0.35151636600494385,0.5534688830375671,-0.041527073830366135,0.3534656763076782,0.5637048482894897,-0.023998476564884186
0.38102594017982483,0.7012345194816589,-4.428056001870573e-07,0.4383655786514282,0.6603869199752808,-0.035580459982156754,0.490347295999527,0.5567420125007629,-0.04349448159337044,0.4701600670814514,0.4616488218307495,-0.04620463773608208,0.44440752267837524,0.4051301181316376,-0.03868750482797623,0.47128069400787354,0.4719524383544922,-0.015266663394868374,0.4746323823928833,0.41264548897743225,-0.05367732793092728,0.467509925365448,0.5008195042610168,-0.06574176996946335,0.4645320773124695,0.533833384513855,-0.06763725727796555,0.4192706048488617,0.4713480770587921,-0.012070861645042896,0.4201695919036865,0.40996256470680237,-0.0571131557226181,0.42535004019737244,0.5145385265350342,-0.06013887748122215,0.427338182926178,0.5393082499504089,-0.050040990114212036,0.3720799386501312,0.4855605363845825,-0.016235629096627235,0.3707773685455322,0.4437183141708374,-0.06429267674684525,0.38512152433395386,0.5425556898117065,-0.048666395246982574,0.3880203664302826,0.5601114630699158,-0.025098679587244987,0.3242039680480957,0.5102826356887817,-0.022748446092009544,0.3325067162513733,0.48773062229156494,-0.049984440207481384,0.3500042259693146,0.5521304607391357,-0.03639596328139305,0.3522491455078125,0.560763955116272,-0.01850111596286297
0.3807131052017212,0.7039279937744141,-4.243935620706907e-07,0.4373469650745392,0.6589972972869873,-0.03384200111031532,0.48946288228034973,0.557553231716156,-0.04106520861387253,0.4709905683994293,0.46184882521629333,-0.04314897209405899,0.44628486037254333,0.40336185693740845,-0.03470204025506973,0.47020256519317627,0.4723269045352936,-0.014091088436543941,0.47521212697029114,0.41287314891815186,-0.05060699209570885,0.46752217411994934,0.5011216402053833,-0.06121273711323738,0.4639240801334381,0.5326704382896423,-0.06249280646443367,0.4184276759624481,0.4710128605365753,-0.011020154692232609,0.42111819982528687,0.409997820854187,-0.05655356124043465,0.4258168339729309,0.5152751207351685,-0.060734059661626816,0.427262544631958,0.5402553677558899,-0.05168408900499344,0.3716546893119812,0.48613888025283813,-0.014500733464956284,0.3720356225967407,0.44394171237945557,-0.061432529240846634,0.38630303740501404,0.5422403812408447,-0.04532996565103531,0.3885836601257324,0.5604540109634399,-0.02183959074318409,0.3240973949432373,0.5119050145149231,-0.020118458196520805,0.33314141631126404,0.48864367604255676,-0.04581306874752045,0.35136502981185913,0.5517867803573608,-0.03147342428565025,0.35307422280311584,0.5592964291572571,-0.013307995162904263
0.38078877329826355,0.7040289044380188,-4.33865636750852e-07,0.4384803771972656,0.6599236726760864,-0.0340740941464901,0.49281683564186096,0.5574391484260559,-0.04185674712061882,0.4743603467941284,0.46317100524902344,-0.04484051465988159,0.4457290768623352,0.40802574157714844,-0.03781135752797127,0.47191619873046875,0.4719873070716858,-0.01413626316934824,0.47554975748062134,0.41434556245803833,-0.052222467958927155,0.46762266755104065,0.5018372535705566,-0.06420520693063736,0.4647623598575592,0.5350412130355835,-0.06623148918151855,0.420238196849823,0.47071313858032227,-0.011732627637684345,0.4208613336086273,0.40841981768608093,-0.05816106125712395,0.4255051016807556,0.5132908225059509,-0.06200277805328369,0.42825981974601746,0.5410191416740417,-0.052163079380989075,0.37334850430488586,0.4855549931526184,-0.016284799203276634,0.371526300907135,0.44307222962379456,-0.06483856588602066,0.38584765791893005,0.541845440864563,-0.04904396831989288,0.38953444361686707,0.5621743202209473,-0.02522314339876175,0.3252124488353729,0.5111448764801025,-0.023047106340527534,0.3332725763320923,0.4880671799182892,-0.050775445997714996,0.3506994843482971,0.5524114966392517,-0.03728092461824417,0.353854238986969,0.5614338517189026,-0.01932632364332676
0.38039225339889526,0.7020246982574463,-4.194081100195035e-07,0.4386623203754425,0.6606808304786682,-0.03441435098648071,0.49217987060546875,0.5580015182495117,-0.042495276778936386,0.4746025800704956,0.46296873688697815,-0.04563095420598984,0.44774889945983887,0.40413492918014526,-0.038847748190164566,0.4712114632129669,0.4718594551086426,-0.015588444657623768,0.4759075343608856,0.41393670439720154,-0.054091550409793854,0.4669918119907379,0.49967896938323975,-0.06595751643180847,0.4631240665912628,0.534241259098053,-0.0675695464015007,0.4193921387195587,0.47093820571899414,-0.012747718021273613,0.4217990040779114,0.4088803231716156,-0.060444340109825134,0.4255755841732025,0.5132273435592651,-0.06504109501838684,0.4278750717639923,0.5424242615699768,-0.05543452501296997,0.3723728060722351,0.4859297275543213,-0.01664353720843792,0.37185433506965637,0.4422733187675476,-0.06615011394023895,0.38562917709350586,0.5406874418258667,-0.05057172104716301,0.389029324054718,0.5620370507240295,-0.026554588228464127,0.32439568638801575,0.5112282037734985,-0.022663580253720284,0.333662211894989,0.4868267774581909,-0.051312364637851715,0.351049542427063,0.5513573884963989,-0.03804696723818779,0.353813111782074,0.5611833333969116,-0.01996220275759697
0.3805726170539856,0.7009462714195251,-4.5015386263003165e-07,0.44193413853645325,0.6601728796958923,-0.03301992639899254,0.49548405408859253,0.5636248588562012,-0.04124338552355766,0.4773685038089752,0.47130680084228516,-0.04545614868402481,0.45210883021354675,0.4152066707611084,-0.04035794734954834,0.47812867164611816,0.47770553827285767,-0.011050169356167316,0.4827694296836853,0.41646596789360046,-0.0512208417057991,0.4701053202152252,0.49878600239753723,-0.06560922414064407,0.46497535705566406,0.5433869361877441,-0.06793022900819778,0.4256994426250458,0.47495177388191223,-0.008711636997759342,0.4269143342971802,0.4068535566329956,-0.058187611401081085,0.42620015144348145,0.5101741552352905,-0.06461704522371292,0.43024742603302,0.548335075378418,-0.05502466857433319,0.37810611724853516,0.48793524503707886,-0.013324335217475891,0.37732964754104614,0.44131773710250854,-0.0639268010854721,0.3863867223262787,0.5383148789405823,-0.04901306331157684,0.3911939859390259,0.5659003257751465,-0.024180781096220016,0.32978445291519165,0.5123274922370911,-0.019985374063253403,0.3386719822883606,0.48181238770484924,-0.04931134358048439,0.3519899845123291,0.5478267073631287,-0.035776570439338684,0.3554280400276184,0.5628538131713867,-0.01667369157075882
0.3824939727783203,0.7012422680854797,-3.931108381038939e-07,0.44287699460983276,0.6609725952148438,-0.033554378896951675,0.49809008836746216,0.5629274845123291,-0.04281485453248024,0.4823591411113739,0.4698019325733185,-0.047861527651548386,0.45351991057395935,0.41308706998825073,-0.04372132942080498,0.47920337319374084,0.476517915725708,-0.01409696601331234,0.48402416706085205,0.41669467091560364,-0.05413844808936119,0.472118616104126,0.49984753131866455,-0.06861338019371033,0.46790289878845215,0.5401535630226135,-0.07152295857667923,0.42578980326652527,0.472929447889328,-0.01185867004096508,0.4284473955631256,0.40672317147254944,-0.061625853180885315,0.42879316210746765,0.5099352598190308,-0.06866791844367981,0.4319157600402832,0.5461923480033875,-0.059975236654281616,0.37762725353240967,0.48576316237449646,-0.01620073802769184,0.37815192341804504,0.43835100531578064,-0.06691618263721466,0.3885687589645386,0.5364171266555786,-0.05239702761173248,0.39263054728507996,0.5638797879219055,-0.028293203562498093,0.3291088938713074,0.5094716548919678,-0.022588282823562622,0.3399176597595215,0.4810698628425598,-0.052393801510334015,0.3543798625469208,0.5467033386230469,-0.039359573274850845,0.3574383556842804,0.5610728859901428,-0.020834054797887802
0.3831753730773926,0.7012569904327393,-4.04289835387317e-07,0.443147748708725,0.6639070510864258,-0.03309853747487068,0.4987807869911194,0.5629532337188721,-0.041869595646858215,0.4810169041156769,0.4705086052417755,-0.04636155813932419,0.4505805969238281,0.4141302704811096,-0.04192112386226654,0.47765010595321655,0.47821804881095886,-0.015202723443508148,0.4859551787376404,0.4180936813354492,-0.054084718227386475,0.47402915358543396,0.5006698966026306,-0.06736350804567337,0.46783265471458435,0.54151451587677,-0.06956551969051361,0.4253685474395752,0.474863737821579,-0.013080563396215439,0.430431604385376,0.4073261320590973,-0.06022043526172638,0.4308815896511078,0.5095882415771484,-0.06547272205352783,0.43268483877182007,0.5456264019012451,-0.05605766922235489,0.37770721316337585,0.487099826335907,-0.0175404641777277,0.3803918957710266,0.4394511580467224,-0.06666751950979233,0.39137691259384155,0.537415087223053,-0.051924481987953186,0.39444833993911743,0.5651902556419373,-0.028186241164803505,0.3292580246925354,0.5095629096031189,-0.023965006694197655,0.34215015172958374,0.4816927909851074,-0.05312221124768257,0.35684001445770264,0.5478532910346985,-0.04000494256615639,0.35897383093833923,0.5630452632904053,-0.021793358027935028
0.38488683104515076,0.7006345391273499,-4.0093553366205015e-07,0.4445669949054718,0.6638269424438477,-0.03361520543694496,0.5010136961936951,0.5683122277259827,-0.04368513822555542,0.48433154821395874,0.4810206890106201,-0.04941871389746666,0.4524334669113159,0.43040353059768677,-0.04636751487851143,0.47952398657798767,0.4806157052516937,-0.017849793657660484,0.48702171444892883,0.42258840799331665,-0.05768091231584549,0.47608354687690735,0.5065627694129944,-0.07165682315826416,0.47027647495269775,0.5457656979560852,-0.07437323778867722,0.42694514989852905,0.47721347212791443,-0.015901170670986176,0.4326142966747284,0.4101200997829437,-0.06238170340657234,0.43356215953826904,0.5129059553146362,-0.06671851873397827,0.4342171847820282,0.5468332171440125,-0.05702663213014603,0.37894758582115173,0.48910585045814514,-0.020658498629927635,0.38195279240608215,0.4436432123184204,-0.06918343156576157,0.39259272813796997,0.54127037525177,-0.05434823036193848,0.3945655822753906,0.566594660282135,-0.030905039981007576,0.3300904929637909,0.5114295482635498,-0.02744043432176113,0.34283557534217834,0.4851726293563843,-0.05545155331492424,0.3572463095188141,0.5497742295265198,-0.04200034216046333,0.3588593304157257,0.5631692409515381,-0.023964354768395424
0.38635843992233276,0.7002381086349487,-3.9053352907103545e-07,0.44598451256752014,0.6638994812965393,-0.033590167760849,0.5031734704971313,0.5711008310317993,-0.043413735926151276,0.48660722374916077,0.4838775396347046,-0.04863276332616806,0.4549825191497803,0.43233582377433777,-0.045029524713754654,0.48092323541641235,0.48232871294021606,-0.016848577186465263,0.491031289100647,0.42519882321357727,-0.055982816964387894,0.4782556891441345,0.506795346736908,-0.06934500485658646,0.4707118272781372,0.5473109483718872,-0.07146809995174408,0.4287133812904358,0.4775746762752533,-0.014331255108118057,0.4359945058822632,0.41066378355026245,-0.06185238063335419,0.43448972702026367,0.5134809613227844,-0.06722289323806763,0.4345894753932953,0.5505017042160034,-0.05769225209951401,0.3808445930480957,0.48923078179359436,-0.018217338249087334,0.384708970785141,0.44474491477012634,-0.06706257164478302,0.39375877380371094,0.5417811274528503,-0.05238530784845352,0.39572450518608093,0.5687598586082458,-0.028617635369300842,0.3316546082496643,0.5115363597869873,-0.023999983444809914,0.3444439768791199,0.4836936891078949,-0.051951199769973755,0.3581865727901459,0.5491852760314941,-0.038097698241472244,0.3599003255367279,0.5636149644851685,-0.01949167624115944
0.3887186348438263,0.7021960020065308,-3.8900924437257345e-07,0.4474000930786133,0.6636322736740112,-0.031815800815820694,0.5029155611991882,0.5738129019737244,-0.0407811738550663,0.4882865846157074,0.4862538278102875,-0.04555269330739975,0.46010544896125793,0.4338192939758301,-0.04137611389160156,0.4838072955608368,0.4835491180419922,-0.013411100953817368,0.49290305376052856,0.42581769824028015,-0.052110590040683746,0.4798951745033264,0.507128894329071,-0.06599438935518265,0.47223788499832153,0.548637330532074,-0.06844854354858398,0.4314896762371063,0.47799086570739746,-0.011188256554305553,0.4385470747947693,0.4120556116104126,-0.05784063786268234,0.43681564927101135,0.5142365097999573,-0.06378189474344254,0.43674275279045105,0.549889087677002,-0.05503307655453682,0.3832622766494751,0.48983776569366455,-0.015239146538078785,0.38747668266296387,0.4454818367958069,-0.0629044696688652,0.3959694504737854,0.5410188436508179,-0.04837997630238533,0.39745476841926575,0.5669201612472534,-0.025096092373132706,0.33380553126335144,0.5131832957267761,-0.021082812920212746,0.3465389311313629,0.48611152172088623,-0.04824461787939072,0.3608333468437195,0.5501757860183716,-0.034414567053318024,0.36304163932800293,0.5634162425994873,-0.015935413539409637
0.3898817002773285,0.7031958103179932,-3.910916746008297e-07,0.4484732747077942,0.6659553647041321,-0.034209955483675,0.5030129551887512,0.5686858296394348,-0.04255889728665352,0.48887139558792114,0.4776550531387329,-0.04628076031804085,0.46878689527511597,0.4170484244823456,-0.04100513085722923,0.4852483868598938,0.4842493236064911,-0.013949492014944553,0.4954393804073334,0.42687469720840454,-0.05286021903157234,0.4819867014884949,0.5058192610740662,-0.0660933256149292,0.4736012816429138,0.5457820296287537,-0.06799988448619843,0.43368348479270935,0.4792492091655731,-0.010909575037658215,0.442219614982605,0.4120376706123352,-0.05814613774418831,0.4390489459037781,0.5137920379638672,-0.06356187164783478,0.43803849816322327,0.550983726978302,-0.0537678524851799,0.3858009874820709,0.4904211759567261,-0.014730662107467651,0.3903202414512634,0.4452672004699707,-0.06418003886938095,0.3979429304599762,0.5421009659767151,-0.0497748963534832,0.39928093552589417,0.5688804984092712,-0.025761127471923828,0.3363165557384491,0.5121015310287476,-0.020496683195233345,0.34996297955513,0.48517411947250366,-0.04956156760454178,0.3628966808319092,0.550234317779541,-0.03640960529446602,0.3644326627254486,0.5635796189308167,-0.017893647775053978
0.39047443866729736,0.7031024098396301,-4.146028516061051e-07,0.45096567273139954,0.6638809442520142,-0.032416973263025284,0.5035581588745117,0.566037654876709,-0.03872576728463173,0.4906384348869324,0.4737928509712219,-0.040775690227746964,0.47469571232795715,0.4112120270729065,-0.03375683352351189,0.48828428983688354,0.48451730608940125,-0.010044446215033531,0.499306321144104,0.4276118278503418,-0.048406850546598434,0.4838389754295349,0.5041002631187439,-0.061611536890268326,0.47416266798973083,0.5472367405891418,-0.06327822804450989,0.43643131852149963,0.4787948727607727,-0.007216927595436573,0.44469109177589417,0.413316547870636,-0.05473245307803154,0.4396176338195801,0.513052225112915,-0.06090320646762848,0.43911463022232056,0.5519109964370728,-0.051524534821510315,0.3882544934749603,0.4899784326553345,-0.011239372193813324,0.3933092951774597,0.4467197060585022,-0.060570694506168365,0.399026483297348,0.541612982749939,-0.046630896627902985,0.40017467737197876,0.568324863910675,-0.022819526493549347,0.33880946040153503,0.5124223232269287,-0.017080217599868774,0.3531002700328827,0.4845086336135864,-0.04608052968978882,0.36423927545547485,0.5494682192802429,-0.03310851752758026,0.36473068594932556,0.56251460313797,-0.014663368463516235
0.39351686835289,0.7026098370552063,-4.016295065412123e-07,0.45339691638946533,0.664910078048706,-0.03307431563735008,0.505347490310669,0.5657603144645691,-0.03967460244894028,0.49234551191329956,0.4738623797893524,-0.04188467934727669,0.4788631200790405,0.41011184453964233,-0.0351407527923584,0.48887893557548523,0.4834631085395813,-0.010420408099889755,0.5016094446182251,0.42577576637268066,-0.04949769750237465,0.48632052540779114,0.5019643306732178,-0.06330249458551407,0.4743884205818176,0.5475237965583801,-0.06505515426397324,0.4373464584350586,0.4781060218811035,-0.007441037800163031,0.4461372494697571,0.41019898653030396,-0.054371122270822525,0.4419516921043396,0.5101348757743835,-0.06033668667078018,0.43996065855026245,0.5505334734916687,-0.05084417015314102,0.3887566030025482,0.4896591901779175,-0.011596376076340675,0.39418721199035645,0.4445813298225403,-0.06123306602239609,0.40091562271118164,0.5405439734458923,-0.047730762511491776,0.4009324908256531,0.5673767924308777,-0.02416301518678665,0.3389412462711334,0.5127288103103638,-0.017583364620804787,0.35442814230918884,0.4845943748950958,-0.04747450351715088,0.36583396792411804,0.5505507588386536,-0.03497752547264099,0.36498385667800903,0.5636096000671387,-0.01686607487499714
0.3945743143558502,0.7022435665130615,-4.106826736460789e-07,0.45497268438339233,0.6642893552780151,-0.031096957623958588,0.5056053400039673,0.5655838847160339,-0.03611364960670471,0.49310818314552307,0.47445663809776306,-0.03720628097653389,0.48153138160705566,0.40999871492385864,-0.029283709824085236,0.49010467529296875,0.48163124918937683,-0.0071494849398732185,0.5024601817131042,0.4244738221168518,-0.045702241361141205,0.48721110820770264,0.5002546310424805,-0.05943383648991585,0.4752204120159149,0.5451873540878296,-0.06123654171824455,0.43889111280441284,0.4759496748447418,-0.00478675402700901,0.4481799602508545,0.4087947905063629,-0.05125728249549866,0.4439201354980469,0.5089412927627563,-0.05711853504180908,0.441761314868927,0.5486190915107727,-0.04755936190485954,0.3902800977230072,0.48822155594825745,-0.009554749354720116,0.3962036073207855,0.4446083605289459,-0.05815783143043518,0.4027094542980194,0.5394803285598755,-0.044564615935087204,0.40230876207351685,0.5645766258239746,-0.02115681767463684,0.3405601978302002,0.5120867490768433,-0.016082240268588066,0.3557855486869812,0.48535478115081787,-0.04473639279603958,0.36742424964904785,0.549542248249054,-0.032133493572473526,0.3666999042034149,0.5600721836090088,-0.014181632548570633
0.39581185579299927,0.7020027041435242,-4.2903070607280824e-07,0.4565759003162384,0.664606511592865,-0.029809894040226936,0.506149172782898,0.5630729794502258,-0.034015048295259476,0.4911189675331116,0.4723389148712158,-0.034459397196769714,0.4791748523712158,0.40883585810661316,-0.02612391486763954,0.4900957942008972,0.4821934401988983,-0.008139582350850105,0.5039706826210022,0.42248016595840454,-0.04576635733246803,0.4882009029388428,0.4982866942882538,-0.058332595974206924,0.4751167595386505,0.544952392578125,-0.05940825492143631,0.439240425825119,0.4765793979167938,-0.006316589657217264,0.44863641262054443,0.4069057106971741,-0.05185215175151825,0.4441075921058655,0.5073724389076233,-0.05672222748398781,0.44196951389312744,0.5486446619033813,-0.046542029827833176,0.39097538590431213,0.4885590672492981,-0.011361416429281235,0.397204726934433,0.443388968706131,-0.05994388461112976,0.40400081872940063,0.5393613576889038,-0.046229392290115356,0.4037623405456543,0.5667348504066467,-0.022639364004135132,0.34158560633659363,0.5120500326156616,-0.017955275252461433,0.35720834136009216,0.48356303572654724,-0.047602951526641846,0.36923009157180786,0.5491272211074829,-0.03522910177707672,0.3688446283340454,0.5621377825737,-0.017261549830436707
0.39849206805229187,0.7017238140106201,-4.2376356645945634e-07,0.4585031270980835,0.6649240851402283,-0.029532015323638916,0.5075348019599915,0.5623243451118469,-0.03386329859495163,0.492480605840683,0.4736792743206024,-0.034594450145959854,0.4777805507183075,0.4122110903263092,-0.026752986013889313,0.48988211154937744,0.48046010732650757,-0.008795585483312607,0.503863513469696,0.4213499426841736,-0.046394940465688705,0.48862043023109436,0.4983828067779541,-0.05923853814601898,0.47552546858787537,0.5445078015327454,-0.06066009774804115,0.4393703043460846,0.4758678376674652,-0.0074479179456830025,0.44915804266929626,0.4051571786403656,-0.05202201381325722,0.44572213292121887,0.5054098963737488,-0.05637527257204056,0.443182110786438,0.5461549758911133,-0.04606188088655472,0.3906922936439514,0.48838895559310913,-0.013034109957516193,0.3967038094997406,0.4430786669254303,-0.06076955422759056,0.4048054814338684,0.538611650466919,-0.04721340537071228,0.40453046560287476,0.5654380321502686,-0.02405017986893654,0.3410473167896271,0.5121209621429443,-0.02019251510500908,0.35650378465652466,0.483564555644989,-0.04888712614774704,0.36921414732933044,0.5479286313056946,-0.036305055022239685,0.36870843172073364,0.5609756112098694,-0.018549654632806778
0.39761993288993835,0.7035796642303467,-4.306734808778856e-07,0.4582793414592743,0.6650568842887878,-0.03017185628414154,0.5052284598350525,0.5605953931808472,-0.03417227044701576,0.4904301166534424,0.46921443939208984,-0.03453874960541725,0.47818365693092346,0.4042516350746155,-0.026155542582273483,0.4899510443210602,0.4798496663570404,-0.006476584821939468,0.5045332908630371,0.42132216691970825,-0.04469040781259537,0.4884917736053467,0.4964672029018402,-0.058347437530756,0.47458937764167786,0.544345498085022,-0.06000951677560806,0.4389607310295105,0.4753064513206482,-0.004710312932729721,0.44905880093574524,0.406058132648468,-0.050771988928318024,0.4446769654750824,0.5059499740600586,-0.05655951052904129,0.4420624375343323,0.5486816763877869,-0.046770576387643814,0.3901858329772949,0.488351047039032,-0.010070723481476307,0.3967335820198059,0.4429384171962738,-0.05878407880663872,0.4037844240665436,0.5380718111991882,-0.045550715178251266,0.4029904901981354,0.5661181807518005,-0.022115670144557953,0.34047824144363403,0.5131157040596008,-0.017078978940844536,0.3566317558288574,0.48379144072532654,-0.046569664031267166,0.36872392892837524,0.5485121607780457,-0.034135181456804276,0.3675526976585388,0.5620165467262268,-0.01608814112842083
0.3975774645805359,0.7032406330108643,-4.319372521877085e-07,0.45888376235961914,0.6660643219947815,-0.029055338352918625,0.5069477558135986,0.5606530904769897,-0.032516442239284515,0.49107998609542847,0.4725566804409027,-0.03286240994930267,0.4775417745113373,0.4099971354007721,-0.024819280952215195,0.4912690818309784,0.4787425100803375,-0.0046317377127707005,0.5041635632514954,0.4200933873653412,-0.04272936284542084,0.4887663722038269,0.49303945899009705,-0.05712909996509552,0.4756043553352356,0.5405983328819275,-0.05947944521903992,0.4398154616355896,0.47407427430152893,-0.003752446500584483,0.4486289918422699,0.40396565198898315,-0.04854628071188927,0.44542697072029114,0.5035909414291382,-0.05366487056016922,0.44409850239753723,0.5466573238372803,-0.04344329982995987,0.3906974196434021,0.48694097995758057,-0.010307518765330315,0.3954770565032959,0.44143980741500854,-0.058445557951927185,0.4036436378955841,0.5370058417320251,-0.04577906057238579,0.4041111171245575,0.565326988697052,-0.022856326773762703,0.3411417007446289,0.5119217038154602,-0.01854511722922325,0.3564109802246094,0.48316678404808044,-0.04813547804951668,0.3684399724006653,0.547737717628479,-0.03646154701709747,0.36804938316345215,0.5612740516662598,-0.019074374809861183
0.3982439935207367,0.7041252255439758,-4.3216601852691383e-07,0.4590511918067932,0.665634274482727,-0.028174258768558502,0.5066027641296387,0.5607913136482239,-0.030802249908447266,0.48947566747665405,0.474592924118042,-0.030487939715385437,0.47437745332717896,0.41449427604675293,-0.021533368155360222,0.49050387740135193,0.47732067108154297,-0.002475753193721175,0.5043242573738098,0.41894447803497314,-0.04012301191687584,0.4882809817790985,0.49417150020599365,-0.05414603650569916,0.47422993183135986,0.5409302711486816,-0.0562325045466423,0.43916451930999756,0.4717968702316284,-0.001895845285616815,0.4495297372341156,0.4020463824272156,-0.04609255492687225,0.4452144205570221,0.5033043622970581,-0.05073748901486397,0.44226181507110596,0.5449910759925842,-0.039965081959962845,0.39009177684783936,0.48481613397598267,-0.008811877109110355,0.396012544631958,0.4401933252811432,-0.055583640933036804,0.4036513566970825,0.5362505912780762,-0.0424860343337059,0.40306079387664795,0.5624898076057434,-0.019456930458545685,0.34048670530319214,0.5101464986801147,-0.017438724637031555,0.3558236360549927,0.4835323095321655,-0.04518727585673332,0.36814871430397034,0.5469878911972046,-0.03284549340605736,0.36805975437164307,0.5582072138786316,-0.015247670002281666
0.39888086915016174,0.7042712569236755,-4.3688555706467014e-07,0.4589252769947052,0.6661856174468994,-0.028964271768927574,0.5063650012016296,0.5610053539276123,-0.03262202814221382,0.4885284900665283,0.47676628828048706,-0.03322238847613335,0.4712983965873718,0.41845735907554626,-0.025241166353225708,0.49170565605163574,0.47827696800231934,-0.004693774506449699,0.5061857104301453,0.4158321022987366,-0.043920304626226425,0.4894425570964813,0.4904705584049225,-0.05921736732125282,0.47443678975105286,0.540961742401123,-0.06173012778162956,0.4397299289703369,0.4720988869667053,-0.003991439938545227,0.44933006167411804,0.3990272283554077,-0.04923122748732567,0.44476187229156494,0.4998675286769867,-0.0543668307363987,0.4428474009037018,0.5442493557929993,-0.043633464723825455,0.3904183506965637,0.48466217517852783,-0.010897035710513592,0.3952011466026306,0.4390277564525604,-0.05821274593472481,0.40266722440719604,0.5344948172569275,-0.04555722698569298,0.403470516204834,0.5623934864997864,-0.02266131341457367,0.34093695878982544,0.5099166035652161,-0.0196429081261158,0.3559255301952362,0.48341384530067444,-0.04805779084563255,0.36776626110076904,0.547724187374115,-0.036052774637937546,0.36842402815818787,0.5607781410217285,-0.018554607406258583
0.3979004919528961,0.6980717778205872,-4.559542503557168e-07,0.454933226108551,0.656467080116272,-0.034945324063301086,0.4988861083984375,0.5449715256690979,-0.04056341573596001,0.4882515072822571,0.4511411190032959,-0.042154788970947266,0.4861445724964142,0.38028478622436523,-0.03463234379887581,0.49493563175201416,0.47316667437553406,-0.00817854143679142,0.5090842247009277,0.40781596302986145,-0.050296805799007416,0.48842912912368774,0.48407232761383057,-0.06608212739229202,0.47275298833847046,0.5357679128646851,-0.06836953014135361,0.4427277147769928,0.4673999547958374,-0.005076707806438208,0.4509861171245575,0.39048880338668823,-0.05393432080745697,0.441951721906662,0.4922697842121124,-0.059137310832738876,0.4413691461086273,0.5398785471916199,-0.04758881777524948,0.39209285378456116,0.47976255416870117,-0.010460574179887772,0.3966207504272461,0.4289233684539795,-0.06197274476289749,0.3998604118824005,0.5262402296066284,-0.04813896864652634,0.4017890691757202,0.5574511885643005,-0.02299540676176548,0.3421039283275604,0.5041508078575134,-0.01810755580663681,0.35626301169395447,0.47300583124160767,-0.04968611150979996,0.3651766777038574,0.5393581390380859,-0.037642017006874084,0.36590152978897095,0.5547628402709961,-0.019151151180267334
0.39546287059783936,0.6956095695495605,-4.5510205382015556e-07,0.45606860518455505,0.6548990607261658,-0.030135324224829674,0.49923354387283325,0.5427241921424866,-0.03393798694014549,0.4905499517917633,0.4486665725708008,-0.03513677790760994,0.4905570149421692,0.3790651559829712,-0.027609122917056084,0.49480968713760376,0.47216734290122986,-0.003608936909586191,0.5100606083869934,0.40588194131851196,-0.042924243956804276,0.48911044001579285,0.4790605306625366,-0.05755368247628212,0.47444167733192444,0.5287013649940491,-0.05995853990316391,0.44344037771224976,0.46561139822006226,-0.002895411103963852,0.45194464921951294,0.38768649101257324,-0.04866638034582138,0.4430997669696808,0.4855434000492096,-0.05310077220201492,0.44235512614250183,0.5313928127288818,-0.042138561606407166,0.3928735554218292,0.4775775372982025,-0.010313079692423344,0.39756280183792114,0.42760980129241943,-0.05901540070772171,0.4010716676712036,0.5231454372406006,-0.04540744051337242,0.402482271194458,0.5541009306907654,-0.0215713270008564,0.343039870262146,0.5014583468437195,-0.019741162657737732,0.35727208852767944,0.4721255302429199,-0.049057863652706146,0.3663986325263977,0.5357879400253296,-0.03724825382232666,0.3669787645339966,0.5502101182937622,-0.019969291985034943
0.3994073271751404,0.6829466819763184,-4.5718485353063443e-07,0.4615595042705536,0.643990159034729,-0.033406902104616165,0.5106809139251709,0.5364948511123657,-0.03909187763929367,0.5013101100921631,0.4398757815361023,-0.041540518403053284,0.5005513429641724,0.3697233498096466,-0.03463023155927658,0.5009757280349731,0.46150773763656616,-0.0062806629575788975,0.5144016742706299,0.3953065276145935,-0.048189926892519,0.49471649527549744,0.47357067465782166,-0.06383199244737625,0.4817119538784027,0.5216239094734192,-0.06636004149913788,0.450080931186676,0.45623961091041565,-0.004290367942303419,0.45833277702331543,0.3800739645957947,-0.05271698534488678,0.4502246379852295,0.4811922311782837,-0.05808526277542114,0.44934940338134766,0.5248838067054749,-0.04716050997376442,0.40084338188171387,0.4674246907234192,-0.010778175666928291,0.40577781200408936,0.41870617866516113,-0.06173759698867798,0.4096389412879944,0.516058623790741,-0.04842261224985123,0.4108385741710663,0.5452938079833984,-0.024146217852830887,0.35131970047950745,0.4896208345890045,-0.019559549167752266,0.3654075860977173,0.4627622663974762,-0.04977399483323097,0.3750302195549011,0.5274057388305664,-0.03841770067811012,0.37642785906791687,0.5402292609214783,-0.02100415714085102
0.4050374925136566,0.6504969596862793,-3.684234002321318e-07,0.4682823121547699,0.610661506652832,-0.030725546181201935,0.5218822360038757,0.5228084325790405,-0.03813844919204712,0.5092300176620483,0.42858850955963135,-0.04128791391849518,0.48981794714927673,0.36631762981414795,-0.03559156879782677,0.5019464492797852,0.4348764717578888,-0.010716154240071774,0.5095388889312744,0.3805009722709656,-0.04683169350028038,0.4987802505493164,0.45657896995544434,-0.058596186339855194,0.49277058243751526,0.4940227270126343,-0.060045160353183746,0.4520857036113739,0.4302106499671936,-0.008217427879571915,0.4588125944137573,0.36393091082572937,-0.056148696690797806,0.4578479826450348,0.4632369875907898,-0.06392482668161392,0.45775455236434937,0.5013471245765686,-0.05591820552945137,0.4060470461845398,0.44345393776893616,-0.01131469290703535,0.4094853699207306,0.3975445628166199,-0.06057133898139,0.41854724287986755,0.49150800704956055,-0.04694187268614769,0.4208315908908844,0.5188331007957458,-0.023225409910082817,0.3583505153656006,0.468511164188385,-0.015847790986299515,0.3706122040748596,0.4372763931751251,-0.04520149901509285,0.3851509392261505,0.5003380179405212,-0.032507214695215225,0.3871488571166992,0.5144249200820923,-0.013983771204948425
0.4058949947357178,0.6480340361595154,-3.5129158959534834e-07,0.46816882491111755,0.6147672533988953,-0.0345182940363884,0.5235031843185425,0.5241188406944275,-0.04378906264901161,0.5102794170379639,0.4329044818878174,-0.048100706189870834,0.49080467224121094,0.37137705087661743,-0.043607551604509354,0.5009947419166565,0.43625757098197937,-0.016805682331323624,0.5086789131164551,0.3812161386013031,-0.05494724586606026,0.4985126554965973,0.4594084918498993,-0.06671859323978424,0.49241361021995544,0.4972621500492096,-0.06770196557044983,0.4512169361114502,0.4328305721282959,-0.013240520842373371,0.45889046788215637,0.3644067347049713,-0.06097298115491867,0.45800676941871643,0.4645426273345947,-0.06649003177881241,0.45735663175582886,0.5020266771316528,-0.05659132078289986,0.40457016229629517,0.44493407011032104,-0.01605197787284851,0.40858036279678345,0.40011945366859436,-0.06697630137205124,0.417644202709198,0.4960440993309021,-0.05390143021941185,0.4196995198726654,0.5226200222969055,-0.030174456536769867,0.3566560745239258,0.46730178594589233,-0.020553726702928543,0.37000665068626404,0.4398745894432068,-0.05181657522916794,0.3842611610889435,0.5042298436164856,-0.04040990024805069,0.38636845350265503,0.5182416439056396,-0.022630713880062103
0.4040711522102356,0.6537893414497375,-3.7019233900537074e-07,0.46523362398147583,0.6217973828315735,-0.033050015568733215,0.5218638181686401,0.5273920893669128,-0.041336409747600555,0.5051072835922241,0.4341602921485901,-0.044689010828733444,0.48135673999786377,0.3726765215396881,-0.03905433416366577,0.5001747608184814,0.44087621569633484,-0.016141613945364952,0.5112080574035645,0.38767752051353455,-0.05149685963988304,0.5002671480178833,0.4681515395641327,-0.061198584735393524,0.49377045035362244,0.49867239594459534,-0.06203727424144745,0.4501555860042572,0.43623360991477966,-0.013621008954942226,0.45891621708869934,0.3710441291332245,-0.0595080628991127,0.4584820568561554,0.471328467130661,-0.06401564925909042,0.4568265676498413,0.5036256909370422,-0.054305221885442734,0.4036586284637451,0.4482575058937073,-0.017084287479519844,0.40796422958374023,0.4038984179496765,-0.06602799892425537,0.41844362020492554,0.5012993216514587,-0.0514645054936409,0.41935423016548157,0.5255801677703857,-0.027811970561742783,0.35562363266944885,0.4701836407184601,-0.022149881348013878,0.3696088194847107,0.445311039686203,-0.05146445706486702,0.3841939866542816,0.5102248787879944,-0.03861890360713005,0.38457733392715454,0.5214454531669617,-0.020596833899617195
0.4049665331840515,0.6553729176521301,-3.540202442309237e-07,0.4650995135307312,0.6226284503936768,-0.03379477933049202,0.5239553451538086,0.5318979024887085,-0.04240692779421806,0.5110220909118652,0.4398171305656433,-0.04565069079399109,0.48571205139160156,0.3793766498565674,-0.03987259045243263,0.5001171827316284,0.4432019889354706,-0.01786046102643013,0.5108756422996521,0.3899226486682892,-0.05248351767659187,0.4998234212398529,0.46941831707954407,-0.06104256585240364,0.49301910400390625,0.5003527402877808,-0.061070702970027924,0.4509649872779846,0.4385729134082794,-0.014346780255436897,0.4592392146587372,0.3718714714050293,-0.06004579737782478,0.45873311161994934,0.4713369607925415,-0.06429225951433182,0.45773887634277344,0.5038087368011475,-0.05458256974816322,0.4048423171043396,0.45081770420074463,-0.016562853008508682,0.40879958868026733,0.4061318635940552,-0.06481187790632248,0.4186117947101593,0.5020410418510437,-0.0502341166138649,0.41973891854286194,0.5257514119148254,-0.026930296793580055,0.3564325273036957,0.4726349413394928,-0.020396655425429344,0.369224488735199,0.44784945249557495,-0.04913298040628433,0.3840999901294708,0.5113090872764587,-0.03672260418534279,0.38559603691101074,0.5214353203773499,-0.019313527271151543
0.40569478273391724,0.6548086404800415,-3.4877587040682556e-07,0.46563515067100525,0.6242339611053467,-0.03623880445957184,0.5243966579437256,0.5290564298629761,-0.04556520655751228,0.5082071423530579,0.4354516565799713,-0.049068763852119446,0.4825235903263092,0.3729557991027832,-0.043249405920505524,0.5021902918815613,0.44375425577163696,-0.02065829001367092,0.511422872543335,0.38746628165245056,-0.056640636175870895,0.5006773471832275,0.46885839104652405,-0.0648387148976326,0.49451738595962524,0.4999871850013733,-0.06423599272966385,0.45265892148017883,0.43935099244117737,-0.016243981197476387,0.4614295959472656,0.37198665738105774,-0.06326130032539368,0.45998087525367737,0.47362416982650757,-0.06693311780691147,0.4582262933254242,0.5053048729896545,-0.05623515695333481,0.40595826506614685,0.4511575996875763,-0.017955416813492775,0.4102632999420166,0.4064764380455017,-0.0678122267127037,0.41957029700279236,0.5042464733123779,-0.052921321243047714,0.4204733669757843,0.5272106528282166,-0.028864221647381783,0.35691210627555847,0.47142526507377625,-0.021440045908093452,0.37059205770492554,0.44785141944885254,-0.05135071650147438,0.38554853200912476,0.5125388503074646,-0.039046674966812134,0.3870401978492737,0.5220766067504883,-0.02138805016875267
0.40598565340042114,0.6530851721763611,-3.5264966413706134e-07,0.46617621183395386,0.6228009462356567,-0.0367126427590847,0.5238624811172485,0.5283130407333374,-0.04588482901453972,0.5092678666114807,0.43442878127098083,-0.04913504421710968,0.4880633056163788,0.3700399100780487,-0.04329406097531319,0.5020488500595093,0.44298967719078064,-0.01977608911693096,0.5123574137687683,0.3879948556423187,-0.05511258542537689,0.5008084177970886,0.4670761227607727,-0.06362772732973099,0.4931320548057556,0.5003484487533569,-0.06334040313959122,0.4527476727962494,0.4381178021430969,-0.014904327690601349,0.461942583322525,0.3696286380290985,-0.05989360436797142,0.46004483103752136,0.46981725096702576,-0.06308546662330627,0.4574323296546936,0.5036027431488037,-0.05243920162320137,0.4063355028629303,0.4499540328979492,-0.01638629660010338,0.4107903242111206,0.4055032432079315,-0.06509222090244293,0.41949519515037537,0.5020345449447632,-0.05092799291014671,0.4198688864707947,0.5253437161445618,-0.027654480189085007,0.3582301735877991,0.47127866744995117,-0.019710898399353027,0.37171265482902527,0.4479314684867859,-0.04941020905971527,0.38589876890182495,0.5115192532539368,-0.03788679093122482,0.3872767984867096,0.5210167169570923,-0.021001415327191353
0.40672898292541504,0.6506778001785278,-3.4264124337823887e-07,0.4663531482219696,0.6203854084014893,-0.03536861389875412,0.524733304977417,0.5284608006477356,-0.0446917749941349,0.5114694237709045,0.4372559189796448,-0.0486358180642128,0.48840996623039246,0.37484651803970337,-0.043775781989097595,0.5028041005134583,0.44107747077941895,-0.018770476803183556,0.512508749961853,0.3869170546531677,-0.055346935987472534,0.5010797381401062,0.46561309695243835,-0.06538904458284378,0.4941861033439636,0.49927037954330444,-0.06585440039634705,0.45355281233787537,0.43673983216285706,-0.01489305216819048,0.46210750937461853,0.36919915676116943,-0.06109241396188736,0.4605613052845001,0.4682699739933014,-0.06538564711809158,0.45948171615600586,0.5029065608978271,-0.0552840530872345,0.4071074426174164,0.44843608140945435,-0.017304928973317146,0.4117332398891449,0.40391799807548523,-0.06680324673652649,0.42049336433410645,0.4999517500400543,-0.05301637947559357,0.42177608609199524,0.5249595046043396,-0.02973906509578228,0.35861530900001526,0.4694725573062897,-0.02149241231381893,0.3725968599319458,0.44621264934539795,-0.0516955740749836,0.3869894742965698,0.5098205208778381,-0.04017183184623718,0.38899263739585876,0.5209954977035522,-0.023020436987280846
0.4084446132183075,0.6471552848815918,-3.516640560974338e-07,0.46806901693344116,0.6174435615539551,-0.035200923681259155,0.5276336073875427,0.5283026099205017,-0.04420937970280647,0.5146198868751526,0.4365893602371216,-0.047391459345817566,0.49040666222572327,0.37511971592903137,-0.04189121723175049,0.5040402412414551,0.4430970847606659,-0.01917952112853527,0.5165112018585205,0.39010268449783325,-0.053703129291534424,0.504550576210022,0.4667166769504547,-0.06196577847003937,0.49608802795410156,0.49826884269714355,-0.06168467551469803,0.45571187138557434,0.43758413195610046,-0.014864145778119564,0.46605947613716125,0.36892929673194885,-0.058843135833740234,0.4635929763317108,0.46702489256858826,-0.061877086758613586,0.46050944924354553,0.5002209544181824,-0.05157529190182686,0.4097183346748352,0.44906073808670044,-0.016566703096032143,0.41552212834358215,0.4032382071018219,-0.06407962739467621,0.42315348982810974,0.49763962626457214,-0.04959915950894356,0.4222939610481262,0.5201995968818665,-0.026601342484354973,0.36104464530944824,0.4700179100036621,-0.01993153989315033,0.3751903176307678,0.44457024335861206,-0.04829101637005806,0.3885875940322876,0.5068742036819458,-0.03597292676568031,0.3886055052280426,0.5161225199699402,-0.018943842500448227
0.40344446897506714,0.6622198820114136,-3.510649548843503e-07,0.4713629186153412,0.6197050213813782,-0.028399867936968803,0.5289381146430969,0.5433971285820007,-0.03569180145859718,0.5225906372070312,0.4524403214454651,-0.03985549882054329,0.49766990542411804,0.3935898542404175,-0.0358223132789135,0.5103142857551575,0.4549502432346344,-0.004425318446010351,0.5210206508636475,0.39993634819984436,-0.04160630330443382,0.5037169456481934,0.46882686018943787,-0.057128045707941055,0.49541547894477844,0.5094169974327087,-0.06072865426540375,0.46077173948287964,0.4444548487663269,-0.002421783050522208,0.4705197513103485,0.37940713763237,-0.052028097212314606,0.4621575176715851,0.4766952097415924,-0.06344306468963623,0.4625948369503021,0.5220026969909668,-0.05758632719516754,0.41524815559387207,0.4535072445869446,-0.0057716225273907185,0.420879065990448,0.4040311276912689,-0.05456474795937538,0.42402955889701843,0.4979172646999359,-0.04143086448311806,0.42738017439842224,0.5354699492454529,-0.017730578780174255,0.366927832365036,0.4756762981414795,-0.010652564465999603,0.37861135601997375,0.43990907073020935,-0.03954760730266571,0.3897683918476105,0.5066558122634888,-0.02624361962080002,0.39482536911964417,0.5298783779144287,-0.006787402555346489
0.40354302525520325,0.6638143062591553,-3.519764675274928e-07,0.4718005657196045,0.618519127368927,-0.02826973795890808,0.527367115020752,0.5415235161781311,-0.03598053380846977,0.5204365849494934,0.4494386911392212,-0.04088921472430229,0.49646782875061035,0.38932251930236816,-0.037746258080005646,0.5116251111030579,0.4553705155849457,-0.003613988868892193,0.5211083292961121,0.40185579657554626,-0.04178469628095627,0.5033428072929382,0.470123291015625,-0.05875830352306366,0.49481940269470215,0.5112106204032898,-0.06318948417901993,0.46086937189102173,0.4449668228626251,-0.0020041975658386946,0.47018522024154663,0.38120898604393005,-0.052108246833086014,0.46145105361938477,0.47795769572257996,-0.06471627205610275,0.4620063304901123,0.5232036709785461,-0.05983436107635498,0.41496384143829346,0.4538806676864624,-0.005825972184538841,0.4204690456390381,0.4037540853023529,-0.05482950061559677,0.42348623275756836,0.49700433015823364,-0.042261481285095215,0.42659664154052734,0.5352969169616699,-0.018979839980602264,0.3662448525428772,0.4760339558124542,-0.011203420348465443,0.37802624702453613,0.43778127431869507,-0.04018675535917282,0.3890818655490875,0.5046423673629761,-0.02675420232117176,0.3939252495765686,0.5297349691390991,-0.007127673365175724
0.40165138244628906,0.6630568504333496,-3.6461702279666497e-07,0.47117748856544495,0.6195816993713379,-0.02743922546505928,0.5257904529571533,0.5423659682273865,-0.034766726195812225,0.5181392431259155,0.45092475414276123,-0.03967465087771416,0.49467718601226807,0.39067792892456055,-0.036711111664772034,0.5118407607078552,0.45449408888816833,-0.0022687483578920364,0.5227406024932861,0.3994055986404419,-0.04132235422730446,0.5027757883071899,0.46748071908950806,-0.05880467966198921,0.49289509654045105,0.5126164555549622,-0.06309619545936584,0.4612024426460266,0.44268113374710083,-0.0011529027251526713,0.47069239616394043,0.3774986267089844,-0.05289262905716896,0.4595685303211212,0.4741532802581787,-0.06594862043857574,0.46074628829956055,0.5238357782363892,-0.060311269015073776,0.41549205780029297,0.45114386081695557,-0.005595740862190723,0.4210851490497589,0.40152645111083984,-0.055816780775785446,0.4225473999977112,0.4954284429550171,-0.04403163492679596,0.4270278811454773,0.5370439291000366,-0.020432719960808754,0.3672521412372589,0.47403818368911743,-0.011519265361130238,0.3788940906524658,0.43738818168640137,-0.042122043669223785,0.3888486325740814,0.505519688129425,-0.029848866164684296,0.39518144726753235,0.5326258540153503,-0.010368249379098415
0.40170660614967346,0.6634133458137512,-3.5096900319331326e-07,0.47165143489837646,0.6185097694396973,-0.02781825326383114,0.5258998274803162,0.5411386489868164,-0.03598778322339058,0.5195187330245972,0.44890162348747253,-0.04195336624979973,0.49673163890838623,0.3864871561527252,-0.040392737835645676,0.5123280882835388,0.4553380608558655,-0.003090053563937545,0.5224763751029968,0.39890557527542114,-0.04330836981534958,0.5021122694015503,0.46550676226615906,-0.062454283237457275,0.4917370676994324,0.513098418712616,-0.06772860139608383,0.46115484833717346,0.444176584482193,-0.0021454161033034325,0.47017547488212585,0.37797316908836365,-0.0548514798283577,0.459018737077713,0.4725755453109741,-0.06968633830547333,0.46003150939941406,0.5247088670730591,-0.06548457592725754,0.41510874032974243,0.4524575471878052,-0.006720096804201603,0.42124849557876587,0.401294469833374,-0.05790994316339493,0.4221760332584381,0.4947512745857239,-0.04703426733613014,0.4259125590324402,0.5391550660133362,-0.023988666012883186,0.36660036444664,0.47443369030952454,-0.012804440222680569,0.37940192222595215,0.43637987971305847,-0.04447335749864578,0.38858261704444885,0.5050697922706604,-0.032564062625169754,0.39388948678970337,0.534170925617218,-0.013208622112870216
0.40144485235214233,0.6632672548294067,-3.573996139039082e-07,0.46954286098480225,0.6211162805557251,-0.02956509217619896,0.5260154604911804,0.5424424409866333,-0.038271427154541016,0.5201975107192993,0.450663685798645,-0.04431600868701935,0.49581027030944824,0.39000043272972107,-0.04273098334670067,0.5134919881820679,0.45683032274246216,-0.005891206208616495,0.5223388671875,0.39875727891921997,-0.04632895067334175,0.5016629099845886,0.46530529856681824,-0.06511591374874115,0.4920707046985626,0.5123394727706909,-0.07018344104290009,0.4620409905910492,0.44572845101356506,-0.004335649777203798,0.46940115094184875,0.3780616223812103,-0.05703239142894745,0.4585425853729248,0.4723297655582428,-0.07089224457740784,0.4607744812965393,0.5242221355438232,-0.06585025787353516,0.41587382555007935,0.4530925154685974,-0.008545881137251854,0.42054569721221924,0.4019755721092224,-0.06004225090146065,0.42170053720474243,0.49548622965812683,-0.04935535416007042,0.42686066031455994,0.5397138595581055,-0.02636777050793171,0.3679473102092743,0.47398650646209717,-0.014446459710597992,0.3795948028564453,0.4373389780521393,-0.04667835310101509,0.38863223791122437,0.5057654976844788,-0.03567347303032875,0.39490464329719543,0.5347586274147034,-0.016963332891464233
0.40157052874565125,0.6627093553543091,-3.5781724250227853e-07,0.4709527790546417,0.6187992095947266,-0.027720879763364792,0.5276525020599365,0.5409696698188782,-0.03636733815073967,0.5219639539718628,0.45067694783210754,-0.04279598966240883,0.49606746435165405,0.39172813296318054,-0.041903410106897354,0.5139098167419434,0.45783689618110657,-0.00635171215981245,0.5222295522689819,0.4001600444316864,-0.04641673341393471,0.5012959837913513,0.4675096273422241,-0.06501244753599167,0.4923609495162964,0.5144175887107849,-0.07021374255418777,0.46200767159461975,0.4463849663734436,-0.005922159645706415,0.46893006563186646,0.3783198297023773,-0.0590665340423584,0.45773178339004517,0.4722423851490021,-0.07313640415668488,0.4601094126701355,0.5249592065811157,-0.06839648634195328,0.4153449833393097,0.4533730447292328,-0.010843111202120781,0.4200054407119751,0.4013547897338867,-0.06255926191806793,0.4210924804210663,0.4952128529548645,-0.05163748189806938,0.42656394839286804,0.5408695936203003,-0.02861030213534832,0.36707207560539246,0.47395166754722595,-0.017246324568986893,0.37880828976631165,0.43587324023246765,-0.049766723066568375,0.38810163736343384,0.5052134394645691,-0.038464900106191635,0.39456671476364136,0.5359742045402527,-0.019609274342656136
0.40119802951812744,0.6638451814651489,-3.5737483017328486e-07,0.47083404660224915,0.6191406846046448,-0.026178624480962753,0.527341365814209,0.5419231057167053,-0.035182829946279526,0.5193252563476562,0.45218244194984436,-0.04229729250073433,0.49083900451660156,0.39444130659103394,-0.042402371764183044,0.5122218728065491,0.45848047733306885,-0.0062320781871676445,0.5202414393424988,0.4022732079029083,-0.046663567423820496,0.500241219997406,0.47116172313690186,-0.06616710126399994,0.49133941531181335,0.519040048122406,-0.07204408198595047,0.46042054891586304,0.4476962089538574,-0.006754525471478701,0.46624431014060974,0.3811744451522827,-0.059671588242053986,0.4562869369983673,0.4763179421424866,-0.07390088587999344,0.45897698402404785,0.5294517874717712,-0.06974533200263977,0.41362491250038147,0.4551042914390564,-0.012440512888133526,0.41819629073143005,0.40239250659942627,-0.06383233517408371,0.4199906289577484,0.4965708255767822,-0.052611060440540314,0.4251989424228668,0.543017566204071,-0.02978944405913353,0.36539122462272644,0.4758056402206421,-0.01949194446206093,0.37701255083084106,0.4388731122016907,-0.0520181730389595,0.3872068524360657,0.5088294148445129,-0.04061875864863396,0.3936822712421417,0.5399602055549622,-0.02189934253692627
0.40245959162712097,0.6642637252807617,-3.413209697100683e-07,0.4719010591506958,0.6213512420654297,-0.026449013501405716,0.5284819006919861,0.5427765250205994,-0.03588021174073219,0.5203667283058167,0.4548059403896332,-0.04335729032754898,0.48936718702316284,0.39822062849998474,-0.04414374753832817,0.5101353526115417,0.4590267837047577,-0.009198441170156002,0.5205716490745544,0.4020237326622009,-0.049998749047517776,0.5003644227981567,0.4721698760986328,-0.06888768076896667,0.49038589000701904,0.521847665309906,-0.0739884003996849,0.4588429629802704,0.44869565963745117,-0.009738888591527939,0.46733900904655457,0.3800807297229767,-0.06266651302576065,0.4568682312965393,0.4745993912220001,-0.07622992992401123,0.45829102396965027,0.5291656255722046,-0.07137613743543625,0.41229572892189026,0.4566493034362793,-0.015292705036699772,0.4186175465583801,0.40337586402893066,-0.06673557311296463,0.41983476281166077,0.49829766154289246,-0.05518407002091408,0.423991858959198,0.5459412336349487,-0.03194602206349373,0.36416229605674744,0.4770716726779938,-0.02214231714606285,0.3775201141834259,0.4384930729866028,-0.05466995760798454,0.38647300004959106,0.5095832347869873,-0.042670901864767075,0.3913086950778961,0.5425859093666077,-0.023445237427949905
0.4024873375892639,0.6661855578422546,-3.6530943248180847e-07,0.47037655115127563,0.6242837905883789,-0.029159056022763252,0.5255171656608582,0.5404931306838989,-0.0388915091753006,0.5168907642364502,0.4479984641075134,-0.04611795023083687,0.4899527132511139,0.3849657475948334,-0.046264320611953735,0.5120372176170349,0.4590234160423279,-0.010180290788412094,0.520565390586853,0.40167132019996643,-0.05232084169983864,0.5002871155738831,0.47204136848449707,-0.07142586261034012,0.4903995990753174,0.5218258500099182,-0.07626061141490936,0.45953357219696045,0.44893139600753784,-0.009578744880855083,0.4659275412559509,0.38122230768203735,-0.06416670233011246,0.4561869502067566,0.4764760732650757,-0.07773684710264206,0.4589063227176666,0.5309861302375793,-0.07233147323131561,0.4126012921333313,0.45601144433021545,-0.014548228122293949,0.41785871982574463,0.4039643108844757,-0.06827539950609207,0.4195874035358429,0.5004926323890686,-0.05689689517021179,0.42471450567245483,0.5482506155967712,-0.03298215568065643,0.3645268976688385,0.4755549430847168,-0.020994367077946663,0.3778059780597687,0.4370187819004059,-0.05552826449275017,0.38628748059272766,0.5094828605651855,-0.04422338679432869,0.3911879360675812,0.5425313711166382,-0.02485577017068863
0.40208783745765686,0.6651073098182678,-3.639934504917619e-07,0.4694086015224457,0.6242502927780151,-0.02922143042087555,0.5261728763580322,0.5415705442428589,-0.038818273693323135,0.5183023810386658,0.4485837519168854,-0.04589952155947685,0.4888576567173004,0.3869611918926239,-0.04570607841014862,0.5113878846168518,0.4565540850162506,-0.009402383118867874,0.5203360319137573,0.3999067544937134,-0.05153585597872734,0.5012345314025879,0.471456378698349,-0.07060036808252335,0.4914446473121643,0.5222945809364319,-0.07545743137598038,0.4594085216522217,0.44746866822242737,-0.008585981093347073,0.46506279706954956,0.38249462842941284,-0.0632176473736763,0.45717716217041016,0.4786141812801361,-0.0771242082118988,0.4607812464237213,0.5322421193122864,-0.07234339416027069,0.41283905506134033,0.45616450905799866,-0.013322483748197556,0.4181784987449646,0.40417835116386414,-0.06714780628681183,0.4213387072086334,0.5009337067604065,-0.05565333366394043,0.42679154872894287,0.5481003522872925,-0.032006341964006424,0.3646710515022278,0.4769919216632843,-0.019574789330363274,0.3775385618209839,0.44031986594200134,-0.05435827746987343,0.38760948181152344,0.5122420787811279,-0.04343631863594055,0.39327022433280945,0.5435446500778198,-0.024544289335608482
0.4028538465499878,0.6661943197250366,-3.6173014450469054e-07,0.4710432291030884,0.6248411536216736,-0.0286159235984087,0.526533842086792,0.5393444299697876,-0.03817268833518028,0.5173240303993225,0.4457934498786926,-0.0454862155020237,0.4898006021976471,0.38285911083221436,-0.04592108353972435,0.510907769203186,0.45656031370162964,-0.009493893943727016,0.5203779935836792,0.40067851543426514,-0.052094895392656326,0.5017054080963135,0.4716586172580719,-0.07176055759191513,0.4917254149913788,0.5237030982971191,-0.0768691673874855,0.458741694688797,0.44837212562561035,-0.009479304775595665,0.465927392244339,0.38257303833961487,-0.06374333798885345,0.45758742094039917,0.47756117582321167,-0.07752971351146698,0.4603862762451172,0.5329893827438354,-0.07265577465295792,0.4120383858680725,0.45671287178993225,-0.015150788240134716,0.41932356357574463,0.40392398834228516,-0.06918592005968094,0.42173120379447937,0.5009943246841431,-0.058152005076408386,0.42642608284950256,0.5501299500465393,-0.03469810262322426,0.3639967739582062,0.4770667552947998,-0.022281857207417488,0.3781426250934601,0.4407348036766052,-0.05782034248113632,0.387840211391449,0.5132414698600769,-0.04734348505735397,0.39312994480133057,0.5462900400161743,-0.028636937960982323
0.4041711688041687,0.6644300222396851,-3.6361544175633753e-07,0.47264882922172546,0.6263452768325806,-0.029419435188174248,0.5305519700050354,0.5412963628768921,-0.039541345089673996,0.5220096111297607,0.4506412148475647,-0.047086089849472046,0.4898035526275635,0.39139819145202637,-0.047962337732315063,0.5109966993331909,0.4562801718711853,-0.012803951278328896,0.5208749175071716,0.39946290850639343,-0.05499882251024246,0.5018807649612427,0.47195717692375183,-0.07393717020750046,0.4919329583644867,0.5236441493034363,-0.07867995649576187,0.45901429653167725,0.44835978746414185,-0.012469742447137833,0.46655476093292236,0.38085290789604187,-0.06538829207420349,0.45841217041015625,0.4760357737541199,-0.0775827020406723,0.46071019768714905,0.5311400890350342,-0.07187054306268692,0.41183358430862427,0.4570210576057434,-0.017750324681401253,0.4189797043800354,0.40301960706710815,-0.07091578096151352,0.4215131402015686,0.5007744431495667,-0.059075288474559784,0.4258885681629181,0.5502116680145264,-0.035381417721509933,0.36361032724380493,0.4773547053337097,-0.02456488274037838,0.37777358293533325,0.4391217827796936,-0.059487201273441315,0.3863735496997833,0.5121345520019531,-0.048344820737838745,0.39037853479385376,0.5464710593223572,-0.029443232342600822
0.4041745960712433,0.6651247143745422,-3.6637274547501875e-07,0.4717261493206024,0.6260161399841309,-0.030736861750483513,0.5290493369102478,0.5393211841583252,-0.041199687868356705,0.5209986567497253,0.44671472907066345,-0.048944927752017975,0.4892301857471466,0.3845938742160797,-0.05000590160489082,0.5109866261482239,0.4562550187110901,-0.012897706590592861,0.5217864513397217,0.4011555314064026,-0.05625150352716446,0.5017359256744385,0.47243326902389526,-0.0759287029504776,0.4907652735710144,0.5236493945121765,-0.08094096928834915,0.458821564912796,0.4479656219482422,-0.012311628088355064,0.4673635959625244,0.3807888925075531,-0.06664889305830002,0.45755869150161743,0.4758486747741699,-0.07907698303461075,0.4590354859828949,0.5319414138793945,-0.07299069315195084,0.4117521643638611,0.4558400809764862,-0.01772051304578781,0.4199061691761017,0.4012451767921448,-0.07211099565029144,0.42109960317611694,0.49908021092414856,-0.06027781963348389,0.42499852180480957,0.5494309663772583,-0.03606373071670532,0.36383044719696045,0.47557663917541504,-0.02484055608510971,0.37880656123161316,0.43815410137176514,-0.060893017798662186,0.3864051103591919,0.5115092396736145,-0.05024254322052002,0.3900270164012909,0.5460707545280457,-0.03130249306559563
0.4054413139820099,0.6629161238670349,-3.522888789575518e-07,0.4725421667098999,0.6279412508010864,-0.03219211846590042,0.5317353010177612,0.5409056544303894,-0.0435628741979599,0.5235337018966675,0.45118725299835205,-0.05165228247642517,0.48931264877319336,0.3916119635105133,-0.053427934646606445,0.5105305314064026,0.45505645871162415,-0.018078086897730827,0.5225098133087158,0.3991372585296631,-0.06050606444478035,0.5027936100959778,0.4709021747112274,-0.07930618524551392,0.4916478097438812,0.5219030976295471,-0.08405112475156784,0.4585930407047272,0.44666537642478943,-0.016767587512731552,0.4686102867126465,0.3779820501804352,-0.06843775510787964,0.45873305201530457,0.47259989380836487,-0.07875075191259384,0.4590907692909241,0.5290721654891968,-0.07169638574123383,0.4111614525318146,0.4542635977268219,-0.02139340154826641,0.4202924966812134,0.39886394143104553,-0.07430679351091385,0.4216160476207733,0.49750852584838867,-0.06244390830397606,0.4252224266529083,0.5490604639053345,-0.03876272216439247,0.3633069396018982,0.4737488627433777,-0.027789073064923286,0.3792792856693268,0.4374193549156189,-0.06398676335811615,0.3867023289203644,0.5112207531929016,-0.05392886698246002,0.39026105403900146,0.5474678874015808,-0.03566978871822357
0.4061850905418396,0.6635222434997559,-3.548022959876107e-07,0.4732648432254791,0.6256089806556702,-0.03197097033262253,0.5299367308616638,0.5378103256225586,-0.0434756837785244,0.5213422179222107,0.44642361998558044,-0.05195761099457741,0.4888216555118561,0.3849267363548279,-0.05420040339231491,0.509746789932251,0.45537981390953064,-0.01659003645181656,0.5216858386993408,0.39973577857017517,-0.059788864105939865,0.5029534101486206,0.4703700542449951,-0.07961458712816238,0.4918220043182373,0.5224274396896362,-0.08474559336900711,0.45772889256477356,0.44756782054901123,-0.015362181700766087,0.4679865837097168,0.37905314564704895,-0.06761933118104935,0.45863738656044006,0.4724997282028198,-0.07878848910331726,0.4587137997150421,0.5301502346992493,-0.07230491191148758,0.4106007218360901,0.45503583550453186,-0.020210513845086098,0.4197255074977875,0.39870187640190125,-0.07315228879451752,0.42123863101005554,0.49565035104751587,-0.06152041628956795,0.4245224595069885,0.5483194589614868,-0.037910815328359604,0.36306843161582947,0.47408729791641235,-0.02689964510500431,0.3788129389286041,0.43549925088882446,-0.06287524104118347,0.38637158274650574,0.5085146427154541,-0.05280602350831032,0.3895140588283539,0.5459204912185669,-0.034471843391656876
0.40709465742111206,0.6606845855712891,-3.7253647633406217e-07,0.47187450528144836,0.6281422972679138,-0.03442881256341934,0.5288543105125427,0.5357858538627625,-0.04630320519208908,0.5186090469360352,0.44290685653686523,-0.054609231650829315,0.4877822995185852,0.37841877341270447,-0.0569307804107666,0.5088176131248474,0.4537036716938019,-0.019344327971339226,0.5215460062026978,0.39868369698524475,-0.06292475759983063,0.5028335452079773,0.46882498264312744,-0.08274799585342407,0.4907407760620117,0.5225119590759277,-0.08770415186882019,0.45647960901260376,0.44719740748405457,-0.017152631655335426,0.4673418402671814,0.37760865688323975,-0.06764458119869232,0.4579608738422394,0.4701097905635834,-0.0770467147231102,0.4572926163673401,0.5298075675964355,-0.06932909786701202,0.40913087129592896,0.45476365089416504,-0.021622421219944954,0.4189051389694214,0.3979423940181732,-0.07455608993768692,0.4207611382007599,0.4947713315486908,-0.06349245458841324,0.4243989586830139,0.5484091639518738,-0.04016333073377609,0.3621637523174286,0.4737303555011749,-0.02809016965329647,0.3790312707424164,0.43597444891929626,-0.06526390463113785,0.38626641035079956,0.5092852711677551,-0.05638144910335541,0.38968461751937866,0.5481603145599365,-0.03876705467700958
0.4059697985649109,0.6600066423416138,-3.6050471408088924e-07,0.4719381034374237,0.6280842423439026,-0.034279920160770416,0.5302740931510925,0.5391450524330139,-0.046384911984205246,0.5208166241645813,0.44820636510849,-0.05496671423316002,0.485555499792099,0.3874702453613281,-0.057500895112752914,0.5075908303260803,0.4540771543979645,-0.01893247291445732,0.5195019841194153,0.39857247471809387,-0.06312555819749832,0.5013073682785034,0.4691856801509857,-0.08340230584144592,0.49070239067077637,0.5229567289352417,-0.0885460376739502,0.45587414503097534,0.44741255044937134,-0.016956327483057976,0.4665986895561218,0.37769195437431335,-0.06863846629858017,0.4575493335723877,0.4706254005432129,-0.07875051349401474,0.45809775590896606,0.5299663543701172,-0.07113680243492126,0.40874141454696655,0.454907089471817,-0.021589061245322227,0.41840746998786926,0.3983485698699951,-0.07516884058713913,0.4197492301464081,0.4957011342048645,-0.06402910500764847,0.4237804114818573,0.549083411693573,-0.04036155343055725,0.36168158054351807,0.47353243827819824,-0.028232619166374207,0.3782358169555664,0.43634212017059326,-0.06540106236934662,0.3846203088760376,0.5098162889480591,-0.05621413141489029,0.38774630427360535,0.5484505295753479,-0.038222212344408035
0.405626505613327,0.6619454026222229,-3.7367885852290783e-07,0.47132188081741333,0.6270287036895752,-0.032415300607681274,0.5277319550514221,0.5366778373718262,-0.04303138330578804,0.517685055732727,0.44357848167419434,-0.050412435084581375,0.48578327894210815,0.38076937198638916,-0.05157097056508064,0.508378803730011,0.45390650629997253,-0.015627644956111908,0.517956554889679,0.3976283669471741,-0.05826077237725258,0.5001729130744934,0.46778786182403564,-0.07728259265422821,0.489842027425766,0.5194479823112488,-0.08183954656124115,0.45665252208709717,0.4471279978752136,-0.014175957068800926,0.4642043113708496,0.378943532705307,-0.06552474945783615,0.4560730457305908,0.4727368652820587,-0.07592891156673431,0.45714110136032104,0.5296351909637451,-0.06869642436504364,0.40981677174568176,0.4553646147251129,-0.01906104013323784,0.41625654697418213,0.3993745744228363,-0.07210752367973328,0.41892603039741516,0.49683254957199097,-0.06075023114681244,0.4236484467983246,0.5481588840484619,-0.03713840991258621,0.36260929703712463,0.47550514340400696,-0.025745058432221413,0.37575751543045044,0.43731459975242615,-0.062378205358982086,0.38395190238952637,0.5102686882019043,-0.05290224403142929,0.38854366540908813,0.5467003583908081,-0.03479833900928497
0.4057576656341553,0.6643717288970947,-3.718442940225941e-07,0.4716813266277313,0.6243370175361633,-0.029768584296107292,0.5253479480743408,0.5347453951835632,-0.03970105201005936,0.5145691633224487,0.4423030614852905,-0.047228097915649414,0.4859112501144409,0.37850236892700195,-0.04856779798865318,0.5077832341194153,0.45411038398742676,-0.012628167867660522,0.5169845819473267,0.3966129422187805,-0.05505214259028435,0.49911391735076904,0.4664030373096466,-0.07437698543071747,0.48914968967437744,0.5187841057777405,-0.07907992601394653,0.45574015378952026,0.44806548953056335,-0.012304532341659069,0.4630129933357239,0.37952277064323425,-0.06418371200561523,0.45488056540489197,0.4723573923110962,-0.07560308277606964,0.4568997025489807,0.5296357870101929,-0.06914034485816956,0.40898561477661133,0.45703452825546265,-0.01805694028735161,0.4155470132827759,0.39920979738235474,-0.07071888446807861,0.4181842803955078,0.49511274695396423,-0.059397585690021515,0.4233953058719635,0.5471106171607971,-0.03590858355164528,0.3619484603404999,0.47812384366989136,-0.025440583005547523,0.3752910792827606,0.4378260672092438,-0.061277758330106735,0.38393205404281616,0.5095075368881226,-0.05141725763678551,0.3889070749282837,0.5463777184486389,-0.033107031136751175
0.40347370505332947,0.6624897122383118,-3.921844609067193e-07,0.46934986114501953,0.6263738870620728,-0.03210507333278656,0.5242213010787964,0.5354229211807251,-0.042835187166929245,0.5122340321540833,0.4409869313240051,-0.05054092779755592,0.485054612159729,0.3744388818740845,-0.05188663303852081,0.5076756477355957,0.45392414927482605,-0.015335723757743835,0.5148476958274841,0.39580902457237244,-0.058457013219594955,0.49740150570869446,0.46653464436531067,-0.07783107459545135,0.48833227157592773,0.5194454193115234,-0.08251810818910599,0.4547916054725647,0.4485168159008026,-0.013933190144598484,0.46015679836273193,0.3798869252204895,-0.06580318510532379,0.45289313793182373,0.47322022914886475,-0.07668935507535934,0.4560922682285309,0.5299535393714905,-0.0699746385216713,0.40766578912734985,0.4574572741985321,-0.018858065828680992,0.41335272789001465,0.39992597699165344,-0.07248904556035995,0.41674092411994934,0.49671313166618347,-0.06122244521975517,0.4229681193828583,0.5478562116622925,-0.037691570818424225,0.3607657849788666,0.4784388542175293,-0.02552729845046997,0.37424135208129883,0.43911823630332947,-0.06248416751623154,0.3832404315471649,0.5117726922035217,-0.053108930587768555,0.38883212208747864,0.5481921434402466,-0.03506626561284065
0.402487188577652,0.6654791831970215,-3.904143852651032e-07,0.46835991740226746,0.626277506351471,-0.02972394786775112,0.5222795009613037,0.5350594520568848,-0.0393642894923687,0.5107124447822571,0.4396522045135498,-0.04627933353185654,0.4857461154460907,0.37370699644088745,-0.04665638878941536,0.5062742233276367,0.45629388093948364,-0.013065923005342484,0.5140508413314819,0.3971937894821167,-0.05478015914559364,0.4963773488998413,0.46726247668266296,-0.07340146601200104,0.4866821765899658,0.5195299983024597,-0.07795984297990799,0.4534560441970825,0.4502793252468109,-0.0125553198158741,0.45861148834228516,0.38109493255615234,-0.06417767703533173,0.45167505741119385,0.47477760910987854,-0.07573772221803665,0.4546329379081726,0.5311779379844666,-0.06975940614938736,0.40678006410598755,0.4595642685890198,-0.017899164929986,0.41237956285476685,0.4030736982822418,-0.07042232155799866,0.4162150025367737,0.4992450773715973,-0.05902489647269249,0.42190736532211304,0.5489999651908875,-0.03577779605984688,0.36008700728416443,0.48099303245544434,-0.02478121407330036,0.3733604848384857,0.4424687922000885,-0.060333333909511566,0.38296711444854736,0.5142684578895569,-0.050440654158592224,0.38825103640556335,0.5483742356300354,-0.03238522633910179
0.40251415967941284,0.673048734664917,-3.654391207419394e-07,0.47084909677505493,0.6297131776809692,-0.025080306455492973,0.5306833982467651,0.5564613342285156,-0.034718215465545654,0.5252154469490051,0.4708966910839081,-0.04260728508234024,0.49036067724227905,0.4205794334411621,-0.04362020269036293,0.5039342045783997,0.46038582921028137,-0.00823048036545515,0.5134445428848267,0.404477596282959,-0.049424007534980774,0.49783021211624146,0.4767681956291199,-0.06905025243759155,0.4902791678905487,0.5297974348068237,-0.0743744745850563,0.4532844126224518,0.45311200618743896,-0.0093920286744833,0.45904240012168884,0.38760432600975037,-0.06210590526461601,0.4538612961769104,0.4849349856376648,-0.07576168328523636,0.45842260122299194,0.5398206114768982,-0.07129222899675369,0.40795964002609253,0.462956041097641,-0.015457079745829105,0.41387686133384705,0.4094616174697876,-0.06556543707847595,0.41818124055862427,0.5046804547309875,-0.05340329185128212,0.42337846755981445,0.5528057813644409,-0.03028642013669014,0.36085987091064453,0.48543643951416016,-0.02294122613966465,0.3727342486381531,0.4475322663784027,-0.05399537831544876,0.3843824863433838,0.5172524452209473,-0.04153981804847717,0.39008989930152893,0.54971843957901,-0.02220609411597252
0.40131139755249023,0.676825761795044,-3.923259725979733e-07,0.47081756591796875,0.6277902722358704,-0.025991596281528473,0.5258980393409729,0.5487390756607056,-0.03412852808833122,0.5168384313583374,0.45580756664276123,-0.04017416387796402,0.48835235834121704,0.39696723222732544,-0.038963403552770615,0.5060662031173706,0.4662088453769684,-0.006053375545889139,0.515327513217926,0.40877488255500793,-0.04678244888782501,0.4976598918437958,0.47977614402770996,-0.06543643772602081,0.4888741672039032,0.5301993489265442,-0.0702471062541008,0.4544215798377991,0.45684918761253357,-0.006303202360868454,0.4594097137451172,0.3908580541610718,-0.0596332885324955,0.4519762396812439,0.48859524726867676,-0.07304245978593826,0.456106960773468,0.5426102876663208,-0.0680973157286644,0.40883830189704895,0.4662001132965088,-0.011785957030951977,0.41263437271118164,0.412670761346817,-0.06293539702892303,0.41626089811325073,0.5076255202293396,-0.05029920116066933,0.4223726689815521,0.5537075400352478,-0.026372667402029037,0.3613570034503937,0.48978689312934875,-0.018670791760087013,0.37178897857666016,0.44912734627723694,-0.05035734921693802,0.3835049271583557,0.5192886590957642,-0.03776568919420242,0.3904917240142822,0.5505039691925049,-0.01808583177626133
0.40298908948898315,0.6761815547943115,-3.7134600461286027e-07,0.4701120853424072,0.6333397030830383,-0.028421390801668167,0.525534987449646,0.5466915965080261,-0.03849443048238754,0.5166288018226624,0.4562954306602478,-0.04622502997517586,0.4859277009963989,0.3966013491153717,-0.04756203293800354,0.5070298910140991,0.4667653739452362,-0.012392106465995312,0.516064465045929,0.4094409942626953,-0.05378750339150429,0.49766701459884644,0.48023056983947754,-0.07287456840276718,0.48783645033836365,0.5312412977218628,-0.07803837954998016,0.45477059483528137,0.4585954248905182,-0.012323257513344288,0.4603104293346405,0.3912253975868225,-0.06441742926836014,0.45290687680244446,0.4855773448944092,-0.07649563997983932,0.45559826493263245,0.5418511629104614,-0.07101811468601227,0.4077931344509125,0.4668826758861542,-0.01776709035038948,0.41289475560188293,0.41122281551361084,-0.06973429024219513,0.41667768359184265,0.5072594881057739,-0.058044977486133575,0.42209839820861816,0.5575669407844543,-0.03485053777694702,0.360348105430603,0.48787808418273926,-0.024698562920093536,0.3732605278491974,0.4481286406517029,-0.05939726531505585,0.3829192519187927,0.5204586386680603,-0.04873630404472351,0.38789066672325134,0.5558936595916748,-0.030313100665807724
0.4033363461494446,0.6766778826713562,-3.6986870100008673e-07,0.4702143371105194,0.6333835124969482,-0.027877507731318474,0.5243291854858398,0.5468188524246216,-0.03761543333530426,0.5142524242401123,0.45647186040878296,-0.045319490134716034,0.4843541383743286,0.39523234963417053,-0.04665617272257805,0.5055649280548096,0.46529024839401245,-0.01026537548750639,0.5152470469474792,0.4081166386604309,-0.05240616947412491,0.4977983832359314,0.4784482419490814,-0.07201428711414337,0.48792561888694763,0.5307119488716125,-0.0770750492811203,0.4537220001220703,0.45820656418800354,-0.010657518170773983,0.46018701791763306,0.3908906579017639,-0.0634690597653389,0.45330193638801575,0.48596319556236267,-0.07615195959806442,0.4559527635574341,0.5434077382087708,-0.07064623385667801,0.4070690870285034,0.46734747290611267,-0.016726631671190262,0.4134366512298584,0.4119794964790344,-0.06943243741989136,0.4173033833503723,0.5089679956436157,-0.057870715856552124,0.4222143888473511,0.5600842237472534,-0.03423374146223068,0.3594092130661011,0.4890662729740143,-0.024241220206022263,0.3729936480522156,0.4482535421848297,-0.059052374213933945,0.382782906293869,0.5207908153533936,-0.047988999634981155,0.38725537061691284,0.5567488074302673,-0.028939049690961838
0.40473753213882446,0.6768755912780762,-3.688488163788861e-07,0.4702470600605011,0.6343880891799927,-0.027579249814152718,0.5251408219337463,0.5493103265762329,-0.03865695372223854,0.5177121162414551,0.4614569842815399,-0.04812094569206238,0.48319220542907715,0.4025871455669403,-0.05219658091664314,0.5025011897087097,0.46578139066696167,-0.013404067605733871,0.5142189264297485,0.4076355993747711,-0.0572190061211586,0.4959428012371063,0.4767187237739563,-0.07899661362171173,0.4847588837146759,0.5324895977973938,-0.08515625447034836,0.45102545619010925,0.46084296703338623,-0.014376933686435223,0.45850682258605957,0.39175742864608765,-0.06751683354377747,0.4511362314224243,0.4851053059101105,-0.08026029169559479,0.4535195827484131,0.5484185218811035,-0.0745546817779541,0.40477797389030457,0.47026172280311584,-0.021082868799567223,0.4115908741950989,0.4140397310256958,-0.0733809694647789,0.4150218665599823,0.5092189908027649,-0.06279967725276947,0.42053356766700745,0.5652414560317993,-0.039820414036512375,0.3582531809806824,0.4916251599788666,-0.02937258407473564,0.37214332818984985,0.4510520100593567,-0.06463204324245453,0.38181155920028687,0.5226266384124756,-0.05478030815720558,0.387408047914505,0.5629813075065613,-0.03650578483939171
0.4045617878437042,0.6759376525878906,-3.8430971471825615e-07,0.47164350748062134,0.6338014602661133,-0.028666360303759575,0.5257096886634827,0.547983705997467,-0.039798155426979065,0.5148366689682007,0.46001356840133667,-0.04906685650348663,0.4809645712375641,0.4027062952518463,-0.053102198988199234,0.5026721954345703,0.46670156717300415,-0.014233984053134918,0.5124616622924805,0.40802472829818726,-0.058032236993312836,0.4946252107620239,0.47751009464263916,-0.07964430749416351,0.48395872116088867,0.5356439352035522,-0.08544227480888367,0.45080384612083435,0.4618527293205261,-0.014425285160541534,0.4579048752784729,0.3905898332595825,-0.06708329916000366,0.4502490162849426,0.4838475286960602,-0.07934322953224182,0.452558696269989,0.549973726272583,-0.07284723967313766,0.4046286344528198,0.47061577439308167,-0.020544014871120453,0.41138365864753723,0.4133802056312561,-0.07295359671115875,0.4139634072780609,0.5085557103157043,-0.0630088672041893,0.41943487524986267,0.5664101839065552,-0.039986751973629,0.35829734802246094,0.4913490414619446,-0.028277376666665077,0.3716377913951874,0.4494636356830597,-0.06400328129529953,0.3804588317871094,0.5216378569602966,-0.05464079603552818,0.3861960470676422,0.5644476413726807,-0.03638281300663948
0.40506047010421753,0.6765052080154419,-3.7963852150824096e-07,0.47165921330451965,0.634020209312439,-0.028674554079771042,0.5249939560890198,0.54709792137146,-0.039744116365909576,0.513637900352478,0.45882323384284973,-0.04885295778512955,0.4803233742713928,0.40092286467552185,-0.052604373544454575,0.5023722648620605,0.466930627822876,-0.014353392645716667,0.5124883651733398,0.40801361203193665,-0.05786605551838875,0.4947267174720764,0.47754010558128357,-0.07894769310951233,0.4838900864124298,0.5355141162872314,-0.08438412100076675,0.4505596458911896,0.46193400025367737,-0.014450693503022194,0.45779961347579956,0.3907272517681122,-0.06697487831115723,0.4501263201236725,0.48428043723106384,-0.07896050810813904,0.45225775241851807,0.5500401258468628,-0.07233837246894836,0.40437617897987366,0.47071555256843567,-0.02043343149125576,0.41121357679367065,0.4135548174381256,-0.07268939167261124,0.4136934280395508,0.5088860988616943,-0.06237998232245445,0.4188353717327118,0.5665297508239746,-0.039172474294900894,0.3579343557357788,0.49138569831848145,-0.028014253824949265,0.37134236097335815,0.44900259375572205,-0.06354819238185883,0.3800140917301178,0.5212057828903198,-0.053934868425130844,0.3853096663951874,0.5637853145599365,-0.035554565489292145
0.4058712422847748,0.6772513389587402,-3.879727046296466e-07,0.47040602564811707,0.6365329623222351,-0.03102288767695427,0.5240241885185242,0.5451418161392212,-0.04243495687842369,0.5130499601364136,0.4538467228412628,-0.051523640751838684,0.47957438230514526,0.3919632136821747,-0.05501706153154373,0.5018700957298279,0.46498408913612366,-0.01484463270753622,0.5118367671966553,0.40933048725128174,-0.059862956404685974,0.4946700930595398,0.4797569513320923,-0.08148983865976334,0.4837162494659424,0.5374492406845093,-0.08696383237838745,0.4494723379611969,0.46099138259887695,-0.014233093708753586,0.45643091201782227,0.3931428790092468,-0.06779512763023376,0.4497186541557312,0.4879716634750366,-0.07956825196743011,0.45241743326187134,0.5525949597358704,-0.0726713165640831,0.402656227350235,0.47014304995536804,-0.02007795125246048,0.4097847044467926,0.4154781401157379,-0.07437162846326828,0.4134863615036011,0.5124834775924683,-0.06412210315465927,0.41944774985313416,0.5697876811027527,-0.0405101515352726,0.3556627929210663,0.49055737257003784,-0.027702076360583305,0.3701894283294678,0.4506661593914032,-0.06498921662569046,0.37984681129455566,0.5238770842552185,-0.05605808272957802,0.3857058882713318,0.56570965051651,-0.03785935789346695
0.4061613380908966,0.67951500415802,-3.540767750109808e-07,0.471283495426178,0.6387384533882141,-0.031771525740623474,0.5249390602111816,0.5483183860778809,-0.04372181370854378,0.5134594440460205,0.4587669372558594,-0.0529383048415184,0.4784236550331116,0.40055474638938904,-0.0562509261071682,0.4995175302028656,0.46484124660491943,-0.018162347376346588,0.5098515152931213,0.4098137319087982,-0.0633469820022583,0.49362891912460327,0.4808446764945984,-0.08408431708812714,0.483167439699173,0.5386083126068115,-0.08896434307098389,0.4468913972377777,0.46112942695617676,-0.017262235283851624,0.4544696807861328,0.3938855528831482,-0.07225370407104492,0.44867733120918274,0.48940756916999817,-0.08397698402404785,0.451797217130661,0.5533652901649475,-0.07678883522748947,0.4001631438732147,0.4712221324443817,-0.022554341703653336,0.40782982110977173,0.4186363220214844,-0.07742541283369064,0.41268444061279297,0.5161646604537964,-0.06658848375082016,0.418946772813797,0.572735071182251,-0.042508505284786224,0.35309046506881714,0.4923020899295807,-0.029664061963558197,0.36877477169036865,0.4545362889766693,-0.06676819175481796,0.3793012201786041,0.5278333425521851,-0.05737515166401863,0.3850916922092438,0.5677404999732971,-0.03890904039144516
0.40623655915260315,0.6775491237640381,-3.7414375242406095e-07,0.4708249568939209,0.6400161981582642,-0.03295677900314331,0.5180671215057373,0.5406167507171631,-0.0442960225045681,0.5023919343948364,0.44952091574668884,-0.05276772007346153,0.4758102595806122,0.385963499546051,-0.055906664580106735,0.49386653304100037,0.4613475799560547,-0.018045678734779358,0.5043611526489258,0.4159703850746155,-0.06448881328105927,0.48981744050979614,0.4863165020942688,-0.08834566175937653,0.47962844371795654,0.5471765398979187,-0.09537360072135925,0.43968313932418823,0.46148383617401123,-0.0170007161796093,0.44739454984664917,0.3976772129535675,-0.0713391825556755,0.4439891576766968,0.48977363109588623,-0.08398330211639404,0.44618791341781616,0.5601449012756348,-0.07735980302095413,0.3922136127948761,0.4745296537876129,-0.02274613454937935,0.3989681601524353,0.4294520616531372,-0.07831192016601562,0.40818166732788086,0.523941159248352,-0.07051113992929459,0.416474848985672,0.583014190196991,-0.048143170773983,0.3470648527145386,0.49828046560287476,-0.030397865921258926,0.3622981309890747,0.46641868352890015,-0.0698280856013298,0.37561583518981934,0.5387608408927917,-0.0633157268166542,0.38337504863739014,0.5808865427970886,-0.04655517637729645
0.4063096344470978,0.6784592866897583,-3.5461567904349067e-07,0.4694328308105469,0.6448004841804504,-0.034771375358104706,0.5175080299377441,0.5425114631652832,-0.04614677280187607,0.5006191730499268,0.45242753624916077,-0.05356790870428085,0.46855059266090393,0.39458441734313965,-0.0555044449865818,0.4902358055114746,0.4641801714897156,-0.024149132892489433,0.501579999923706,0.415840744972229,-0.06781981140375137,0.48862430453300476,0.48580825328826904,-0.08800859749317169,0.47892212867736816,0.5469496250152588,-0.09300898760557175,0.4374231994152069,0.4641152620315552,-0.02156149223446846,0.4445963501930237,0.4013650417327881,-0.07430306077003479,0.4424304962158203,0.49179354310035706,-0.08559948951005936,0.44512754678726196,0.5612618327140808,-0.07853268086910248,0.3902738690376282,0.4773586094379425,-0.025242717936635017,0.39585623145103455,0.4375368356704712,-0.07890905439853668,0.4075171649456024,0.5290801525115967,-0.07145248353481293,0.4170188903808594,0.5861542820930481,-0.050248242914676666,0.34434422850608826,0.5007561445236206,-0.030851833522319794,0.3596976399421692,0.47191357612609863,-0.0693260207772255,0.3757125735282898,0.5426533222198486,-0.0634203776717186,0.38498353958129883,0.5828180909156799,-0.04770054295659065
0.4060307443141937,0.6806351542472839,-3.7419349041556416e-07,0.46940168738365173,0.6468951106071472,-0.035292841494083405,0.5156607627868652,0.5434380173683167,-0.0459553487598896,0.49789074063301086,0.4535333812236786,-0.052468348294496536,0.47036832571029663,0.393385648727417,-0.05347074568271637,0.48962488770484924,0.4651342034339905,-0.02224673330783844,0.49937254190444946,0.4171988368034363,-0.06528385728597641,0.4857572317123413,0.48728418350219727,-0.0853772982954979,0.476134717464447,0.5492721199989319,-0.09037144482135773,0.43724560737609863,0.46572819352149963,-0.019070740789175034,0.44207435846328735,0.4026438593864441,-0.07140010595321655,0.43910548090934753,0.4929031431674957,-0.0829027071595192,0.44212403893470764,0.5629897713661194,-0.07577506452798843,0.3902721405029297,0.4799133241176605,-0.022336812689900398,0.39329880475997925,0.43867117166519165,-0.07602063566446304,0.40425845980644226,0.5304262638092041,-0.0685555711388588,0.4140861928462982,0.5878006219863892,-0.04715370014309883,0.3444898724555969,0.5050987601280212,-0.027569247409701347,0.3573252260684967,0.4747382700443268,-0.06687658280134201,0.3729044497013092,0.5464285612106323,-0.0610954575240612,0.3825063109397888,0.5872752070426941,-0.045124758034944534
0.4052288234233856,0.688195526599884,-3.6227794453225215e-07,0.46723803877830505,0.6521446704864502,-0.03564589098095894,0.5104082822799683,0.5472123026847839,-0.04656979814171791,0.4919285774230957,0.45866766571998596,-0.053189899772405624,0.46757203340530396,0.3980661630630493,-0.054311271756887436,0.4845515191555023,0.4723972976207733,-0.023999985307455063,0.49488040804862976,0.4261106252670288,-0.0666237473487854,0.4827614724636078,0.49591806530952454,-0.08681511133909225,0.4729873538017273,0.5590030550956726,-0.09184417873620987,0.4318520426750183,0.47289568185806274,-0.020308706909418106,0.43731391429901123,0.4133363962173462,-0.07100605219602585,0.43647289276123047,0.50152987241745,-0.08220447599887848,0.439581960439682,0.5713133811950684,-0.07546242326498032,0.3846634030342102,0.4863350987434387,-0.023014560341835022,0.3880487084388733,0.4500630497932434,-0.07504837214946747,0.4009755253791809,0.5395845770835876,-0.06814459711313248,0.4111028015613556,0.5965244174003601,-0.0476999431848526,0.33856385946273804,0.5107351541519165,-0.02772735245525837,0.3525763750076294,0.48193359375,-0.06553500145673752,0.3693402409553528,0.5514151453971863,-0.05967646837234497,0.3787589967250824,0.592208206653595,-0.04401871934533119
0.4041198194026947,0.6895661354064941,-3.661805862975598e-07,0.46609270572662354,0.656187891960144,-0.03696664795279503,0.5089321732521057,0.54996258020401,-0.047425881028175354,0.48955053091049194,0.4619976580142975,-0.05327984690666199,0.4657430946826935,0.3997265696525574,-0.053514279425144196,0.48466747999191284,0.47418898344039917,-0.02379288524389267,0.49586379528045654,0.42639705538749695,-0.06497694551944733,0.48294273018836975,0.49570223689079285,-0.08353372663259506,0.47260987758636475,0.5580778121948242,-0.08764362335205078,0.43252289295196533,0.4736556112766266,-0.019283805042505264,0.4382449984550476,0.4142492413520813,-0.06830926984548569,0.43674081563949585,0.5023724436759949,-0.0783001258969307,0.4398108124732971,0.5712414979934692,-0.07071114331483841,0.3848513960838318,0.4864157736301422,-0.021493207663297653,0.3885716497898102,0.45181047916412354,-0.07291816920042038,0.4010494351387024,0.542008101940155,-0.06647980958223343,0.4111120104789734,0.5979162454605103,-0.04642581567168236,0.33812499046325684,0.5107187032699585,-0.025760624557733536,0.3521155118942261,0.4849395751953125,-0.06376828998327255,0.36916765570640564,0.5557315349578857,-0.05875595286488533,0.37969568371772766,0.5963374972343445,-0.043705474585294724
0.4035029411315918,0.6917977333068848,-3.6384216173246386e-07,0.465505987405777,0.6568379402160645,-0.03607100993394852,0.5080422759056091,0.5504832863807678,-0.04633084312081337,0.48918381333351135,0.46209415793418884,-0.052282463759183884,0.46585211157798767,0.4001007378101349,-0.052411746233701706,0.4826633632183075,0.4750494956970215,-0.023594528436660767,0.49490267038345337,0.42567604780197144,-0.06533462554216385,0.4824753403663635,0.4958993196487427,-0.08413994312286377,0.4723994731903076,0.5592718124389648,-0.08820061385631561,0.43031635880470276,0.47531959414482117,-0.01946222595870495,0.43719154596328735,0.4158218502998352,-0.06964122503995895,0.43522703647613525,0.5046346783638,-0.07997676730155945,0.43795809149742126,0.5742215514183044,-0.07237186282873154,0.3828965723514557,0.4884098172187805,-0.02194448933005333,0.3873620927333832,0.4544927477836609,-0.07326187938451767,0.3995668888092041,0.5435251593589783,-0.06660451740026474,0.40972647070884705,0.599665641784668,-0.04636720195412636,0.33633655309677124,0.5122148394584656,-0.02653695084154606,0.351063996553421,0.4868237376213074,-0.06369611620903015,0.3680292069911957,0.5559308528900146,-0.058429233729839325,0.37850281596183777,0.5956642627716064,-0.043278131633996964
0.4026316702365875,0.6937713027000427,-3.7657403595403593e-07,0.4642029106616974,0.6584347486495972,-0.03673731908202171,0.5044764280319214,0.5514363050460815,-0.04668943211436272,0.4859122037887573,0.46160489320755005,-0.05203837901353836,0.4696124792098999,0.39385440945625305,-0.05142993479967117,0.4825291037559509,0.4779902994632721,-0.02410094253718853,0.4948878884315491,0.42680251598358154,-0.06499912589788437,0.48125001788139343,0.4951910376548767,-0.08299177139997482,0.47015148401260376,0.5580532550811768,-0.08661643415689468,0.43074169754981995,0.47733283042907715,-0.0191107839345932,0.4363965690135956,0.4163496494293213,-0.06715621054172516,0.43416109681129456,0.502939760684967,-0.07616518437862396,0.43728509545326233,0.5716074109077454,-0.06811872869729996,0.38341161608695984,0.48898574709892273,-0.020917275920510292,0.38782554864883423,0.4557068645954132,-0.07120361179113388,0.39915359020233154,0.5447115898132324,-0.06437845528125763,0.4088788628578186,0.6002116799354553,-0.04426855593919754,0.33696088194847107,0.5117249488830566,-0.024888217449188232,0.35204920172691345,0.4873545467853546,-0.061794161796569824,0.3676156997680664,0.5576116442680359,-0.05682060122489929,0.37730860710144043,0.5979436635971069,-0.04196272790431976
0.4029545783996582,0.6951702833175659,-3.684183127461438e-07,0.46438363194465637,0.6595447659492493,-0.03731618449091911,0.503541111946106,0.5516723394393921,-0.0468888022005558,0.485557496547699,0.46110638976097107,-0.051884960383176804,0.4711064100265503,0.3918706178665161,-0.05085916444659233,0.4832671880722046,0.479643315076828,-0.02356540597975254,0.4950917363166809,0.42629924416542053,-0.06451495736837387,0.48207172751426697,0.4934057593345642,-0.0819922685623169,0.4703126549720764,0.5552279353141785,-0.08512938022613525,0.4315059185028076,0.4786045551300049,-0.01824396476149559,0.4354872405529022,0.4156992435455322,-0.0668700560927391,0.43369388580322266,0.5027509331703186,-0.07607978582382202,0.43670278787612915,0.57059645652771,-0.06784089654684067,0.3841473162174225,0.4901255965232849,-0.019873633980751038,0.3873785138130188,0.45604079961776733,-0.07112700492143631,0.3990708291530609,0.5463876128196716,-0.06452322751283646,0.40810632705688477,0.601428210735321,-0.04411790892481804,0.3371085822582245,0.5121890306472778,-0.02366580441594124,0.3518342673778534,0.4864882826805115,-0.06094169616699219,0.367587149143219,0.5569432973861694,-0.05597960203886032,0.37673479318618774,0.5961011648178101,-0.04098918288946152
0.4033840000629425,0.6946132779121399,-3.527473211306642e-07,0.46367064118385315,0.6570340394973755,-0.03613855689764023,0.5030906796455383,0.550013542175293,-0.045730940997600555,0.486599326133728,0.46028298139572144,-0.05118156597018242,0.4710646867752075,0.39253032207489014,-0.05067634582519531,0.48266473412513733,0.47923389077186584,-0.022978104650974274,0.49606019258499146,0.4239571690559387,-0.0639987587928772,0.48265814781188965,0.4906330406665802,-0.08180632442235947,0.47021034359931946,0.5528350472450256,-0.08516571670770645,0.4315595328807831,0.4783763587474823,-0.01839637942612171,0.4362628161907196,0.41410183906555176,-0.06751633435487747,0.4341587424278259,0.5007743239402771,-0.07735369354486465,0.4370681941509247,0.5690457224845886,-0.0695241317152977,0.38425368070602417,0.4896910786628723,-0.020569857209920883,0.38793858885765076,0.4551347494125366,-0.07183260470628738,0.3988988399505615,0.5451663136482239,-0.065318264067173,0.4075387120246887,0.6009911298751831,-0.04496850445866585,0.3366581201553345,0.5111428499221802,-0.024847762659192085,0.35159626603126526,0.48587566614151,-0.06197777017951012,0.3672080934047699,0.5561273694038391,-0.05684812739491463,0.37624531984329224,0.5959060788154602,-0.04173504561185837
0.402913361787796,0.6946927309036255,-3.6301634054325405e-07,0.46391743421554565,0.6577069759368896,-0.03649346902966499,0.5034635663032532,0.54970383644104,-0.045934468507766724,0.48760199546813965,0.45986488461494446,-0.05135840177536011,0.473090261220932,0.3919437527656555,-0.05086008459329605,0.48342758417129517,0.4780789315700531,-0.02174553833901882,0.49743059277534485,0.4233412444591522,-0.06394816935062408,0.48342686891555786,0.48944002389907837,-0.0831163302063942,0.4711226522922516,0.5524513721466064,-0.08718680590391159,0.4317621886730194,0.4776480197906494,-0.017203230410814285,0.43621695041656494,0.4134494364261627,-0.06837901473045349,0.4333235025405884,0.5012996196746826,-0.07923585176467896,0.4369787275791168,0.571250319480896,-0.0713324099779129,0.3845261335372925,0.4897935688495636,-0.019677797332406044,0.3883717358112335,0.4550102949142456,-0.0721861869096756,0.39858630299568176,0.5446318984031677,-0.06609899550676346,0.40771859884262085,0.6003369688987732,-0.045451819896698,0.337377667427063,0.5119825601577759,-0.02433568798005581,0.35211047530174255,0.48684531450271606,-0.06202276051044464,0.36753129959106445,0.5567066073417664,-0.05709115043282509,0.37731051445007324,0.5958297252655029,-0.041814543306827545
0.40319713950157166,0.6943496465682983,-3.7111246342647064e-07,0.4641630947589874,0.6562650203704834,-0.035361237823963165,0.5021426677703857,0.5471488237380981,-0.04409605637192726,0.48671776056289673,0.45727238059043884,-0.04907195642590523,0.4753337800502777,0.3891923725605011,-0.048018768429756165,0.48393210768699646,0.4777773916721344,-0.020384324714541435,0.49759361147880554,0.4210529029369354,-0.06261669844388962,0.4827639162540436,0.48867279291152954,-0.08199141919612885,0.47058963775634766,0.5523822903633118,-0.08627140522003174,0.43238526582717896,0.47720661759376526,-0.016300378367304802,0.4366663098335266,0.4123768210411072,-0.06700439006090164,0.4330240488052368,0.5006897449493408,-0.07750505208969116,0.43671318888664246,0.570638120174408,-0.06950201839208603,0.3848806619644165,0.4892405867576599,-0.019319647923111916,0.3883145749568939,0.45474934577941895,-0.0710250660777092,0.39793211221694946,0.5441596508026123,-0.0646711215376854,0.40725407004356384,0.5993221998214722,-0.044164352118968964,0.33745312690734863,0.5114853382110596,-0.024548225104808807,0.3519511818885803,0.48851823806762695,-0.06156136840581894,0.3673008680343628,0.5584604740142822,-0.05666523799300194,0.37763041257858276,0.5971880555152893,-0.04166229069232941
0.4025254249572754,0.6967753171920776,-3.542425304203789e-07,0.46367019414901733,0.6578076481819153,-0.036113616079092026,0.5016756057739258,0.5496165752410889,-0.04542941972613335,0.48725369572639465,0.45892542600631714,-0.0508110374212265,0.4765247106552124,0.38779085874557495,-0.049996599555015564,0.48316195607185364,0.48006489872932434,-0.020781923085451126,0.4988645017147064,0.42064595222473145,-0.06352649629116058,0.4837363660335541,0.48707789182662964,-0.08324630558490753,0.4707007110118866,0.5506786704063416,-0.08767390996217728,0.4320444166660309,0.4786401689052582,-0.016427673399448395,0.4368573725223541,0.4115520119667053,-0.06796451658010483,0.4339018166065216,0.4991363286972046,-0.07926732301712036,0.43788111209869385,0.5689623355865479,-0.07169351726770401,0.38469696044921875,0.49019792675971985,-0.019157888367772102,0.3883679509162903,0.4543994963169098,-0.07129891961812973,0.3984794318675995,0.544623851776123,-0.06475744396448135,0.40780240297317505,0.5996782183647156,-0.043995775282382965,0.3374435305595398,0.5121045708656311,-0.024155080318450928,0.3516524136066437,0.48887935280799866,-0.06117628887295723,0.3672766089439392,0.559175431728363,-0.0558847077190876,0.3775229752063751,0.5970733761787415,-0.0405505895614624
0.4024736285209656,0.6976884007453918,-3.7021607113274513e-07,0.4642774164676666,0.6583291292190552,-0.03607999160885811,0.5023238658905029,0.5495539903640747,-0.045311231166124344,0.48741695284843445,0.45864546298980713,-0.05068320780992508,0.4758821129798889,0.38792115449905396,-0.04988257214426994,0.48427292704582214,0.4800352454185486,-0.020801864564418793,0.49933570623397827,0.42130765318870544,-0.06393083930015564,0.48300573229789734,0.48807668685913086,-0.08397932350635529,0.4693368971347809,0.5520216226577759,-0.08869222551584244,0.4329361915588379,0.47842642664909363,-0.016655532643198967,0.4368025064468384,0.41107383370399475,-0.06890323013067245,0.4330703616142273,0.49914589524269104,-0.0802777037024498,0.4371717870235443,0.5699626207351685,-0.07258488237857819,0.3853814899921417,0.4899084270000458,-0.019680147990584373,0.3881288170814514,0.4540763795375824,-0.0724615603685379,0.3978177309036255,0.5448897480964661,-0.06596498191356659,0.4076790511608124,0.600680947303772,-0.04502130672335625,0.3380770683288574,0.5117257237434387,-0.0249966848641634,0.3512788414955139,0.48934534192085266,-0.06248176097869873,0.3665445148944855,0.5595771670341492,-0.057515453547239304,0.37736567854881287,0.597383975982666,-0.04234037548303604
0.4021133780479431,0.6965706944465637,-3.702708397668175e-07,0.4632214307785034,0.6568577289581299,-0.03553776443004608,0.5010796785354614,0.5479202270507812,-0.045021940022706985,0.48686152696609497,0.4579797387123108,-0.05080607160925865,0.4766381084918976,0.3881148099899292,-0.05031151697039604,0.48441600799560547,0.4781920909881592,-0.021026838570833206,0.4990170896053314,0.4204159379005432,-0.06480862945318222,0.4822588860988617,0.4890805184841156,-0.08532115072011948,0.46861425042152405,0.553680956363678,-0.09020500630140305,0.43254077434539795,0.47671812772750854,-0.017314083874225616,0.4361417293548584,0.410693883895874,-0.06996311247348785,0.4317014813423157,0.498721718788147,-0.08141674846410751,0.4355304539203644,0.5691503286361694,-0.07377436757087708,0.38446125388145447,0.4882563054561615,-0.020748449489474297,0.38736721873283386,0.4554445147514343,-0.07376598566770554,0.3965851962566376,0.5456393957138062,-0.06741046160459518,0.4064217805862427,0.6004866361618042,-0.04652756080031395,0.3371937870979309,0.5097531676292419,-0.02640039287507534,0.3508005440235138,0.4887745678424835,-0.06339415907859802,0.3658480942249298,0.5590733289718628,-0.058050498366355896,0.37634554505348206,0.5965295433998108,-0.042683206498622894
0.40104642510414124,0.6966227889060974,-3.5493181371748506e-07,0.45909085869789124,0.654066801071167,-0.034040022641420364,0.49409735202789307,0.5448712706565857,-0.04354209080338478,0.4846675395965576,0.4556331932544708,-0.04986615106463432,0.48203229904174805,0.38366207480430603,-0.05044502764940262,0.4844270944595337,0.47913962602615356,-0.017751941457390785,0.5012206435203552,0.4218686819076538,-0.06226082891225815,0.48252221941947937,0.48410162329673767,-0.08461542427539825,0.46611475944519043,0.547589123249054,-0.09064167737960815,0.433443158864975,0.47634464502334595,-0.015043332241475582,0.4394283890724182,0.4061070382595062,-0.06616435945034027,0.4315997064113617,0.49071332812309265,-0.07761282473802567,0.43226736783981323,0.5608720183372498,-0.07010770589113235,0.384703665971756,0.4877627491950989,-0.019723201170563698,0.3896671235561371,0.45252954959869385,-0.07187593728303909,0.3957078456878662,0.5407824516296387,-0.0658474862575531,0.40273505449295044,0.5944522619247437,-0.045214779675006866,0.3361281752586365,0.5100101232528687,-0.026470357552170753,0.3512011766433716,0.48599547147750854,-0.06275932490825653,0.3650769889354706,0.5549538135528564,-0.05673597380518913,0.3741016089916229,0.5919204950332642,-0.040969524532556534
0.40117543935775757,0.6953771114349365,-3.2802728355818545e-07,0.4596891701221466,0.652466893196106,-0.033420003950595856,0.4942431151866913,0.5471534132957458,-0.042615775018930435,0.48528027534484863,0.46058568358421326,-0.04895620048046112,0.48479658365249634,0.3893267512321472,-0.04981188103556633,0.4859950840473175,0.4810800552368164,-0.016749640926718712,0.5020661950111389,0.42199137806892395,-0.06016312912106514,0.4828481078147888,0.48121514916419983,-0.08239016681909561,0.46623262763023376,0.5437915921211243,-0.08881731331348419,0.43536412715911865,0.47619861364364624,-0.014588141813874245,0.44068893790245056,0.4041297137737274,-0.06467894464731216,0.43253377079963684,0.48458701372146606,-0.07698484510183334,0.43337297439575195,0.5541391372680664,-0.07044113427400589,0.3866157531738281,0.48659828305244446,-0.019632423296570778,0.3910248875617981,0.45086967945098877,-0.0712372362613678,0.3962538540363312,0.5379790663719177,-0.06577359139919281,0.4029197096824646,0.5915895700454712,-0.045848529785871506,0.3377716839313507,0.5091546177864075,-0.026717904955148697,0.3529498875141144,0.4852604866027832,-0.06350696086883545,0.3666107654571533,0.5534305572509766,-0.05777166783809662,0.3757978677749634,0.5903609395027161,-0.04220827668905258
0.40257126092910767,0.694401741027832,-3.01621923881612e-07,0.4615936875343323,0.6484500765800476,-0.03306794539093971,0.49483877420425415,0.5440928936004639,-0.04253547266125679,0.4873502850532532,0.4572295844554901,-0.049772657454013824,0.4888320863246918,0.3863271474838257,-0.051608841866254807,0.48685401678085327,0.4794497787952423,-0.012740900740027428,0.5023927092552185,0.4242837727069855,-0.05855477601289749,0.4841347932815552,0.48242780566215515,-0.08321808278560638,0.46700215339660645,0.5439469814300537,-0.09074130654335022,0.43696969747543335,0.47407469153404236,-0.011191162280738354,0.44314178824424744,0.4026438295841217,-0.06369727849960327,0.4355849325656891,0.4818524718284607,-0.07819069176912308,0.4358386993408203,0.5508513450622559,-0.07255803793668747,0.3884083032608032,0.484209269285202,-0.01719566434621811,0.3935197591781616,0.448358952999115,-0.07152508199214935,0.39830291271209717,0.5368044376373291,-0.0672469288110733,0.40449991822242737,0.5915923118591309,-0.04707898944616318,0.33920660614967346,0.5068977475166321,-0.02518540807068348,0.3542199432849884,0.4843862056732178,-0.06358703970909119,0.3682372570037842,0.5526260137557983,-0.05858471989631653,0.37787753343582153,0.5895224809646606,-0.04293494671583176
0.4014706015586853,0.6934085488319397,-3.1609866368853545e-07,0.4603284001350403,0.6446343660354614,-0.03177988529205322,0.49192914366722107,0.5416364669799805,-0.041095197200775146,0.4868758022785187,0.45573174953460693,-0.04862801358103752,0.4908849895000458,0.3864360451698303,-0.050823383033275604,0.4874052107334137,0.4781778156757355,-0.010587447322905064,0.5044649839401245,0.42332348227500916,-0.056520961225032806,0.4847712814807892,0.481952041387558,-0.08162688463926315,0.46669062972068787,0.5428892970085144,-0.08958284556865692,0.4377750754356384,0.473263144493103,-0.009864341467618942,0.4434673488140106,0.40202486515045166,-0.06295400112867355,0.4346311092376709,0.4817624092102051,-0.07791578769683838,0.4347992241382599,0.5509889721870422,-0.07243075966835022,0.38937219977378845,0.4841476380825043,-0.016685038805007935,0.39350128173828125,0.44922947883605957,-0.07109853625297546,0.39784547686576843,0.5364876389503479,-0.06683514267206192,0.4041332006454468,0.5903693437576294,-0.04659692198038101,0.34031984210014343,0.5076969861984253,-0.025449423119425774,0.3541719615459442,0.4854723811149597,-0.06370530277490616,0.36784300208091736,0.5534430146217346,-0.05848269909620285,0.3774496018886566,0.5898308753967285,-0.0426674485206604
0.40151363611221313,0.6937829256057739,-3.144876927763107e-07,0.45913243293762207,0.6475820541381836,-0.03281758725643158,0.4914824366569519,0.5431633591651917,-0.042372629046440125,0.4857553541660309,0.45614033937454224,-0.04977237805724144,0.490399569272995,0.3856738209724426,-0.05171523988246918,0.4875091016292572,0.4786997139453888,-0.011794084683060646,0.5041143894195557,0.4238985478878021,-0.05744094401597977,0.4852909445762634,0.48197314143180847,-0.08206603676080704,0.46782350540161133,0.5426436066627502,-0.0896606296300888,0.4378255009651184,0.4733229875564575,-0.010455493815243244,0.44275587797164917,0.4012642204761505,-0.062424711883068085,0.43529313802719116,0.4807108938694,-0.07661665230989456,0.43598243594169617,0.549046516418457,-0.07080240547657013,0.3892877697944641,0.4838646948337555,-0.016739092767238617,0.3929371237754822,0.4486573338508606,-0.07067713886499405,0.39835259318351746,0.5365966558456421,-0.06638109683990479,0.40491995215415955,0.5899100303649902,-0.04628797248005867,0.3404025137424469,0.5069980025291443,-0.024993855506181717,0.3542102575302124,0.4836749732494354,-0.06285673379898071,0.3681013286113739,0.5517314672470093,-0.05749070644378662,0.37751397490501404,0.5880661010742188,-0.04171178117394447
0.40112826228141785,0.6947358846664429,-3.1019294510770123e-07,0.46091198921203613,0.645379900932312,-0.03225618973374367,0.4921255111694336,0.5412192940711975,-0.041603732854127884,0.48581597208976746,0.45449718832969666,-0.049060381948947906,0.4909399151802063,0.38463979959487915,-0.05128061771392822,0.48559457063674927,0.47941431403160095,-0.00979253277182579,0.5027915835380554,0.42493510246276855,-0.05615904554724693,0.4841242730617523,0.48143234848976135,-0.08204743266105652,0.4658947288990021,0.5427907109260559,-0.09034710377454758,0.4359353482723236,0.4749467968940735,-0.00884174183011055,0.4419078528881073,0.40192359685897827,-0.06186171621084213,0.43380850553512573,0.4820230305194855,-0.07707535475492477,0.4334711730480194,0.5526033043861389,-0.07157652080059052,0.38769128918647766,0.48606863617897034,-0.015620546415448189,0.3927382230758667,0.4483337104320526,-0.07006177306175232,0.3967294692993164,0.5357341170310974,-0.06585074216127396,0.4018193781375885,0.590370774269104,-0.04542757198214531,0.3387117385864258,0.5097395181655884,-0.024387773126363754,0.35344070196151733,0.4838030934333801,-0.06222650781273842,0.36633843183517456,0.5513845086097717,-0.0564909428358078,0.37459591031074524,0.5884479880332947,-0.04030119255185127
0.40195363759994507,0.6965624094009399,-3.526719751789642e-07,0.4585934281349182,0.6491855978965759,-0.03328493982553482,0.49164775013923645,0.5415961146354675,-0.04254717752337456,0.48324885964393616,0.45314693450927734,-0.04927070811390877,0.4830183982849121,0.38235992193222046,-0.050270043313503265,0.48447343707084656,0.4773576855659485,-0.012988677248358727,0.4987525939941406,0.423839807510376,-0.057998135685920715,0.4793756306171417,0.4851992726325989,-0.08205577731132507,0.4625973403453827,0.5469356179237366,-0.08941055834293365,0.43360623717308044,0.4751040041446686,-0.011117132380604744,0.43598103523254395,0.40551817417144775,-0.06341763585805893,0.429416298866272,0.4869382381439209,-0.0771605595946312,0.43160688877105713,0.5558085441589355,-0.07111223042011261,0.385500967502594,0.4875624477863312,-0.016777221113443375,0.386766642332077,0.45114368200302124,-0.07020195573568344,0.39440834522247314,0.5387295484542847,-0.06523977965116501,0.40325289964675903,0.5928347110748291,-0.04494770988821983,0.33792248368263245,0.5117713809013367,-0.02451639249920845,0.3494480848312378,0.486476331949234,-0.06165981665253639,0.3639982044696808,0.554132342338562,-0.05618160590529442,0.3748592734336853,0.5906924605369568,-0.040570538491010666
0.4012415111064911,0.6961163878440857,-3.3540837307555194e-07,0.4587159752845764,0.6500954627990723,-0.03451970964670181,0.4927324652671814,0.5454052686691284,-0.04454312473535538,0.4832806885242462,0.4574437737464905,-0.051596567034721375,0.4823302626609802,0.3857390284538269,-0.05304546654224396,0.48498907685279846,0.4802102744579315,-0.015759527683258057,0.5000643134117126,0.42478275299072266,-0.06098390743136406,0.4820895195007324,0.48424938321113586,-0.08460785448551178,0.4652585983276367,0.5465074181556702,-0.0915350690484047,0.43389028310775757,0.4764859974384308,-0.013047621585428715,0.43628790974617004,0.40672779083251953,-0.06582602858543396,0.43010634183883667,0.4894530475139618,-0.07951299846172333,0.431954950094223,0.5594823360443115,-0.07312435656785965,0.3854764699935913,0.48747768998146057,-0.017797347158193588,0.3871654272079468,0.45373985171318054,-0.07200678437948227,0.3949037194252014,0.5424185991287231,-0.06728626042604446,0.4032318890094757,0.5968730449676514,-0.046818725764751434,0.337039977312088,0.5105788111686707,-0.02461647056043148,0.3496275544166565,0.4878620207309723,-0.06292233616113663,0.3647882342338562,0.5558323264122009,-0.058011993765830994,0.37532615661621094,0.591515839099884,-0.042446479201316833
0.402832955121994,0.6960144639015198,-3.3030428880920226e-07,0.4604032635688782,0.6509254574775696,-0.03605854883790016,0.4949339032173157,0.5460558533668518,-0.04659342020750046,0.4838469624519348,0.4571487307548523,-0.053729552775621414,0.48003754019737244,0.3844999372959137,-0.05505627393722534,0.48573073744773865,0.48115867376327515,-0.01821807026863098,0.49981868267059326,0.42445552349090576,-0.0632108747959137,0.4817993640899658,0.4847526550292969,-0.08630184829235077,0.4659910500049591,0.5462439060211182,-0.09305328875780106,0.4344644546508789,0.4781136214733124,-0.014748850837349892,0.4358777105808258,0.40950867533683777,-0.06741963326931,0.43042898178100586,0.4920482039451599,-0.08085649460554123,0.4333018660545349,0.5607477426528931,-0.0747482106089592,0.386242151260376,0.4896214008331299,-0.0187429990619421,0.38691848516464233,0.45505598187446594,-0.0725758746266365,0.3953929543495178,0.5433371067047119,-0.06729920208454132,0.40441375970840454,0.5973608493804932,-0.04695572331547737,0.33820784091949463,0.5129558444023132,-0.024972418323159218,0.34969502687454224,0.48991891741752625,-0.06304655224084854,0.3648926913738251,0.5577561855316162,-0.05804792791604996,0.3758227229118347,0.5929673910140991,-0.04271955415606499
0.4052625596523285,0.6969990730285645,-3.371611114744155e-07,0.46286818385124207,0.6487562656402588,-0.035471439361572266,0.4957832992076874,0.5454332828521729,-0.04623587056994438,0.48340490460395813,0.457173615694046,-0.053789205849170685,0.47937023639678955,0.3851659297943115,-0.05568697676062584,0.4841746687889099,0.47838589549064636,-0.01609446108341217,0.4968073070049286,0.42613685131073,-0.061386190354824066,0.479807585477829,0.4896089434623718,-0.0855661928653717,0.4649972915649414,0.5518385767936707,-0.09299531579017639,0.43314769864082336,0.47754669189453125,-0.012831688858568668,0.4354372024536133,0.4128752648830414,-0.06549391895532608,0.43036505579948425,0.49644899368286133,-0.0795983374118805,0.4326401352882385,0.5660853385925293,-0.07389356940984726,0.3854176700115204,0.4904341697692871,-0.017088228836655617,0.38567060232162476,0.457169771194458,-0.07030529528856277,0.3949326276779175,0.5441609025001526,-0.06547420471906662,0.40427935123443604,0.5981118679046631,-0.04547060653567314,0.33772459626197815,0.5151110291481018,-0.023609524592757225,0.3486027121543884,0.4924997389316559,-0.060692399740219116,0.36425453424453735,0.5591820478439331,-0.05554354190826416,0.3753371834754944,0.5946617722511292,-0.040141597390174866
0.4027004539966583,0.695905864238739,-3.261139909227495e-07,0.4610307216644287,0.656787097454071,-0.03731442987918854,0.4996093511581421,0.5538424253463745,-0.048848625272512436,0.4874056279659271,0.4668270945549011,-0.05648144334554672,0.47736281156539917,0.39606475830078125,-0.05841003730893135,0.48361286520957947,0.48261958360671997,-0.023652592673897743,0.4997500479221344,0.4276539981365204,-0.06939473003149033,0.4833197593688965,0.4897652566432953,-0.09215593338012695,0.4672813415527344,0.551909327507019,-0.09831780195236206,0.43231409788131714,0.4800443947315216,-0.019624143838882446,0.4376005530357361,0.4141322374343872,-0.07226292043924332,0.4329289495944977,0.49773865938186646,-0.08478246629238129,0.4345114827156067,0.5664346218109131,-0.0782414972782135,0.3845090866088867,0.49151289463043213,-0.02279733493924141,0.38859984278678894,0.4592236876487732,-0.0761776864528656,0.39720359444618225,0.5482211709022522,-0.07008260488510132,0.40451812744140625,0.6027517318725586,-0.049402255564928055,0.3365243375301361,0.5141494274139404,-0.028283964842557907,0.35080185532569885,0.49256250262260437,-0.0656728744506836,0.36629563570022583,0.5602225661277771,-0.05991717427968979,0.37538647651672363,0.5960371494293213,-0.04411834850907326
0.4032689929008484,0.6978525519371033,-3.4745946209113754e-07,0.46201056241989136,0.6576866507530212,-0.03704326972365379,0.5003497004508972,0.5536826848983765,-0.04801572486758232,0.48891425132751465,0.46537408232688904,-0.05514306202530861,0.48047569394111633,0.39371150732040405,-0.05659433826804161,0.4840892553329468,0.483308881521225,-0.02195448987185955,0.4989089369773865,0.42917850613594055,-0.06699903309345245,0.482211709022522,0.49277663230895996,-0.08964963257312775,0.4669263958930969,0.554949164390564,-0.0958985835313797,0.43292659521102905,0.48158201575279236,-0.017772536724805832,0.4373100697994232,0.418253093957901,-0.07008948177099228,0.43252402544021606,0.5033690333366394,-0.08261314779520035,0.4344404935836792,0.5726004838943481,-0.07609187811613083,0.38538116216659546,0.4934026598930359,-0.020887581631541252,0.3878125250339508,0.46105003356933594,-0.07356718927621841,0.3971198499202728,0.5496150255203247,-0.06754801422357559,0.4058685004711151,0.6043366193771362,-0.0471387654542923,0.3378378450870514,0.5164616703987122,-0.026361314579844475,0.35048967599868774,0.49431708455085754,-0.06331666558980942,0.3661307096481323,0.5623073577880859,-0.05779360234737396,0.376487135887146,0.5988776683807373,-0.04227672889828682
0.40453100204467773,0.6988499164581299,-3.1535614652966615e-07,0.46376514434814453,0.6554466485977173,-0.03660409897565842,0.500904381275177,0.5528707504272461,-0.04769940674304962,0.4877251982688904,0.46580275893211365,-0.05503128096461296,0.47767677903175354,0.39508703351020813,-0.056624822318553925,0.4831829369068146,0.48601290583610535,-0.021865790709853172,0.5005002021789551,0.4299235939979553,-0.0664212629199028,0.4835891127586365,0.4925366938114166,-0.0888478010892868,0.46728911995887756,0.5524697303771973,-0.09537020325660706,0.4322482943534851,0.48356860876083374,-0.017857655882835388,0.43781325221061707,0.4184640049934387,-0.06990005075931549,0.4334862530231476,0.5026329755783081,-0.08279523253440857,0.4347524344921112,0.570156455039978,-0.07688829302787781,0.38508090376853943,0.4950016140937805,-0.02095882222056389,0.3883020877838135,0.4622161388397217,-0.07333388924598694,0.39771735668182373,0.5501858592033386,-0.06751549988985062,0.4053485691547394,0.603659451007843,-0.04745259881019592,0.3376150131225586,0.5175289511680603,-0.026352543383836746,0.3506892919540405,0.4964006245136261,-0.0629197284579277,0.36705976724624634,0.5627973079681396,-0.05753069370985031,0.37703660130500793,0.5974042415618896,-0.042335379868745804
0.4043404161930084,0.6998234987258911,-3.234050041101e-07,0.4625452160835266,0.6594259738922119,-0.038135919719934464,0.5011932253837585,0.5575573444366455,-0.05013810843229294,0.4889880120754242,0.46951183676719666,-0.05795862898230553,0.4791886806488037,0.397369921207428,-0.05998588353395462,0.48460114002227783,0.48647165298461914,-0.024033259600400925,0.5011481046676636,0.43082395195961,-0.06900613009929657,0.484671413898468,0.49331212043762207,-0.09113895893096924,0.46803393959999084,0.5543680787086487,-0.09712622314691544,0.4332806468009949,0.4835430383682251,-0.019291430711746216,0.43875908851623535,0.4185369312763214,-0.0710749626159668,0.4346412122249603,0.5025773048400879,-0.08340185880661011,0.43567705154418945,0.5700003504753113,-0.07713594287633896,0.3857630491256714,0.4946597218513489,-0.021740710362792015,0.38966837525367737,0.4623526632785797,-0.07445546239614487,0.39928916096687317,0.5506024956703186,-0.06853807717561722,0.40663355588912964,0.6041896343231201,-0.04832286760210991,0.338018000125885,0.5172094106674194,-0.026524599641561508,0.35243314504623413,0.49454614520072937,-0.0635695680975914,0.3687756061553955,0.5617037415504456,-0.058104000985622406,0.3780058026313782,0.5969892740249634,-0.04271313548088074
0.4058400094509125,0.6982986927032471,-3.433555662013532e-07,0.4646613597869873,0.6590202450752258,-0.037201330065727234,0.5034412741661072,0.5552423596382141,-0.04811810329556465,0.4890901446342468,0.46703508496284485,-0.05483643338084221,0.47978687286376953,0.3957420587539673,-0.055743128061294556,0.4868610203266144,0.4866054654121399,-0.024158600717782974,0.5022570490837097,0.4300041198730469,-0.06738336384296417,0.4851064682006836,0.49391838908195496,-0.0878223329782486,0.4697522521018982,0.5550230741500854,-0.09303003549575806,0.43506094813346863,0.4833926558494568,-0.019573619589209557,0.44039469957351685,0.4172345697879791,-0.06940950453281403,0.43543651700019836,0.5017335414886475,-0.08008399605751038,0.43709465861320496,0.5694692730903625,-0.07292815297842026,0.3871646225452423,0.4939253628253937,-0.022051775828003883,0.39070671796798706,0.46268245577812195,-0.07341838628053665,0.3995361328125,0.5513938665390015,-0.06717520207166672,0.40778833627700806,0.6049675941467285,-0.04704006388783455,0.3394474387168884,0.5158431529998779,-0.026775894686579704,0.35346609354019165,0.4947991967201233,-0.06305278092622757,0.36927905678749084,0.5620191097259521,-0.05773235857486725,0.379533976316452,0.5976002812385559,-0.04269758611917496
0.4068392515182495,0.6991960406303406,-3.382816373687092e-07,0.465514212846756,0.6582329273223877,-0.037042275071144104,0.5037979483604431,0.5550183653831482,-0.0480894036591053,0.4892914891242981,0.4665704667568207,-0.05501692369580269,0.47972533106803894,0.3944091796875,-0.056275900453329086,0.48621371388435364,0.48585474491119385,-0.02264401689171791,0.5040575265884399,0.4293932616710663,-0.06609749794006348,0.48691326379776,0.49219298362731934,-0.08745802193880081,0.4699772000312805,0.5539780855178833,-0.09307141602039337,0.4353139102458954,0.48292404413223267,-0.0179180596023798,0.44140589237213135,0.41755586862564087,-0.06731930375099182,0.4367665648460388,0.5015375018119812,-0.07854685932397842,0.4377044439315796,0.5698211789131165,-0.07191872596740723,0.38794204592704773,0.493537038564682,-0.02032463438808918,0.3926401734352112,0.4604361951351166,-0.07123368978500366,0.401594340801239,0.5486837029457092,-0.06514781713485718,0.40872615575790405,0.6032580733299255,-0.04519857466220856,0.3401992619037628,0.515408992767334,-0.024999059736728668,0.35547295212745667,0.4913373589515686,-0.06083689257502556,0.37070006132125854,0.5589027404785156,-0.055117253214120865,0.3792697787284851,0.5960854291915894,-0.03978799283504486
0.4083053469657898,0.6913016438484192,-3.377397206349997e-07,0.4655478596687317,0.6483792066574097,-0.03777401149272919,0.5043684840202332,0.5434587597846985,-0.04895002394914627,0.48767298460006714,0.45642638206481934,-0.05561206862330437,0.4745159149169922,0.38719451427459717,-0.05649655684828758,0.48864811658859253,0.4745497703552246,-0.022953970357775688,0.5044536590576172,0.4201129972934723,-0.06492703408002853,0.48630157113075256,0.48577192425727844,-0.08510971814393997,0.4694172143936157,0.5479342937469482,-0.09036188572645187,0.43752968311309814,0.47271624207496643,-0.017875351011753082,0.4409695863723755,0.40613508224487305,-0.06563471257686615,0.4357074797153473,0.49165305495262146,-0.07581166923046112,0.4372098743915558,0.560589075088501,-0.06864684075117111,0.3900047540664673,0.4844529330730438,-0.019975032657384872,0.3930581510066986,0.4506986439228058,-0.06982208043336868,0.402483195066452,0.5388862490653992,-0.06315086036920547,0.41000160574913025,0.5933188796043396,-0.04308091476559639,0.3417380154132843,0.5072430968284607,-0.024415770545601845,0.35556286573410034,0.4810466766357422,-0.05972224846482277,0.3698395788669586,0.5492191314697266,-0.053318463265895844,0.3775475025177002,0.5872379541397095,-0.0376877598464489
0.40946805477142334,0.6872091889381409,-3.512668627081439e-07,0.4678027331829071,0.6467685103416443,-0.03781084716320038,0.5074033141136169,0.5444945096969604,-0.04960303008556366,0.4918119013309479,0.4553532302379608,-0.056945234537124634,0.47733962535858154,0.3846915662288666,-0.05864415690302849,0.49061471223831177,0.47372573614120483,-0.024812448769807816,0.5055283904075623,0.41763293743133545,-0.0678948387503624,0.48883873224258423,0.4816061854362488,-0.08865264058113098,0.47320064902305603,0.5431473255157471,-0.09416116029024124,0.439263254404068,0.471316397190094,-0.019926054403185844,0.4427329897880554,0.4055202603340149,-0.0695052444934845,0.43855446577072144,0.49175968766212463,-0.08033434301614761,0.44054925441741943,0.5606271028518677,-0.07349032908678055,0.39152851700782776,0.4820632338523865,-0.02205968089401722,0.3940037488937378,0.4481970965862274,-0.07294030487537384,0.4039687514305115,0.536433219909668,-0.06657587736845016,0.4120679795742035,0.59078449010849,-0.04666244983673096,0.3433310389518738,0.5039372444152832,-0.026530802249908447,0.35678327083587646,0.48050639033317566,-0.06252311915159225,0.37204989790916443,0.5478420853614807,-0.05699218064546585,0.3807883858680725,0.5845269560813904,-0.04197843000292778
0.4122406840324402,0.6849446892738342,-3.4364359180472093e-07,0.4700474143028259,0.6449170112609863,-0.03802375867962837,0.5097028017044067,0.5404773354530334,-0.049828458577394485,0.4939225912094116,0.4512275755405426,-0.057017870247364044,0.47914132475852966,0.38118237257003784,-0.058349136263132095,0.4896908402442932,0.46932873129844666,-0.027432212606072426,0.5050441026687622,0.4144740402698517,-0.07019013166427612,0.4882314205169678,0.4811779856681824,-0.0896495133638382,0.4728507101535797,0.5423641800880432,-0.0944741815328598,0.4377613663673401,0.4677579700946808,-0.022615648806095123,0.44251468777656555,0.40431201457977295,-0.07256007939577103,0.4392005205154419,0.4911380112171173,-0.08254178613424301,0.4411052465438843,0.5583817958831787,-0.07534424960613251,0.39013224840164185,0.4797554910182953,-0.024638952687382698,0.393844872713089,0.44769763946533203,-0.0760495662689209,0.4051738679409027,0.5368414521217346,-0.06915777176618576,0.41349348425865173,0.590422511100769,-0.04905315861105919,0.34283408522605896,0.5026167631149292,-0.028932830318808556,0.3576669991016388,0.47915220260620117,-0.06542138755321503,0.3746134340763092,0.5472046136856079,-0.05985354632139206,0.38404491543769836,0.5834566354751587,-0.04492035135626793
0.41068872809410095,0.683498740196228,-3.5203626680413436e-07,0.46888136863708496,0.6446361541748047,-0.039002418518066406,0.5082526206970215,0.5417555570602417,-0.051326848566532135,0.49351930618286133,0.451427698135376,-0.058950360864400864,0.4794853925704956,0.3790697455406189,-0.060802798718214035,0.4898190498352051,0.46848568320274353,-0.025863561779260635,0.5053829550743103,0.41446787118911743,-0.06945114582777023,0.4895809590816498,0.4803737998008728,-0.09019901603460312,0.4739820659160614,0.5416225790977478,-0.09552720189094543,0.43889862298965454,0.46717312932014465,-0.020373590290546417,0.443441778421402,0.40304315090179443,-0.07058179378509521,0.44085246324539185,0.4897695481777191,-0.0815463662147522,0.44283613562583923,0.5570363998413086,-0.0748632550239563,0.39160096645355225,0.4789354205131531,-0.021894903853535652,0.39562326669692993,0.445076048374176,-0.07376867532730103,0.40676578879356384,0.5344877243041992,-0.06692777574062347,0.4141879975795746,0.588721513748169,-0.04647241532802582,0.3438531458377838,0.5014237761497498,-0.025758203119039536,0.35888147354125977,0.47556206583976746,-0.06245500594377518,0.37501317262649536,0.54433274269104,-0.05645037069916725,0.38258370757102966,0.5816802978515625,-0.040876470506191254
0.4099723994731903,0.6810177564620972,-3.4786609148795833e-07,0.4681698679924011,0.643500030040741,-0.03915044665336609,0.5092296600341797,0.5403048992156982,-0.05134151130914688,0.49473249912261963,0.4489958882331848,-0.058768678456544876,0.47906261682510376,0.37710392475128174,-0.06037984788417816,0.49067023396492004,0.46747955679893494,-0.026659170165657997,0.5068586468696594,0.41307780146598816,-0.06980212032794952,0.49033576250076294,0.47841745615005493,-0.08966808021068573,0.47408273816108704,0.5383723974227905,-0.09453153610229492,0.4397696554660797,0.46559756994247437,-0.021152013912796974,0.44485798478126526,0.4015248417854309,-0.07156867533922195,0.44142574071884155,0.48774099349975586,-0.08234915882349014,0.442609041929245,0.5545431971549988,-0.07542544603347778,0.3923947513103485,0.4766301214694977,-0.022613802924752235,0.3962002694606781,0.44443750381469727,-0.0745839849114418,0.4069657027721405,0.5336427688598633,-0.06805569678544998,0.4143916666507721,0.5872564911842346,-0.047778453677892685,0.3444872200489044,0.4981537461280823,-0.026407839730381966,0.359453022480011,0.4740716814994812,-0.06305796653032303,0.37515076994895935,0.5426269769668579,-0.057487402111291885,0.3830624222755432,0.5790917873382568,-0.042309459298849106
0.4108918309211731,0.6799868941307068,-3.439760973833472e-07,0.46940410137176514,0.6415989995002747,-0.039147861301898956,0.5099378228187561,0.5390682816505432,-0.0518401563167572,0.4947535991668701,0.44844895601272583,-0.059840425848960876,0.47838094830513,0.37774282693862915,-0.06176617741584778,0.49186304211616516,0.46518680453300476,-0.02709333226084709,0.5076243877410889,0.41092297434806824,-0.07062682509422302,0.49016523361206055,0.47727757692337036,-0.09070666879415512,0.4739287495613098,0.5376375913619995,-0.09584051370620728,0.4404762089252472,0.46297454833984375,-0.02194226160645485,0.4455570876598358,0.3999088704586029,-0.07341466099023819,0.44188737869262695,0.4870389699935913,-0.08450715988874435,0.44345396757125854,0.5543376803398132,-0.077643483877182,0.39292681217193604,0.47383424639701843,-0.02375177852809429,0.3965829610824585,0.4420989751815796,-0.07607919722795486,0.40756890177726746,0.5313864350318909,-0.06952767074108124,0.41591063141822815,0.5852485299110413,-0.04929368942975998,0.3452019691467285,0.495301216840744,-0.02797902747988701,0.3600723445415497,0.4736537039279938,-0.06501997262239456,0.37619560956954956,0.5421284437179565,-0.059865452349185944,0.385400652885437,0.5784984230995178,-0.04497787356376648
0.4115186035633087,0.678489089012146,-3.5699386558007973e-07,0.46871379017829895,0.6413328051567078,-0.039730560034513474,0.5093658566474915,0.5391861796379089,-0.05272598937153816,0.4941416382789612,0.4479769170284271,-0.06081725284457207,0.4784480035305023,0.3754613995552063,-0.06281385570764542,0.49196484684944153,0.4645330607891083,-0.027185965329408646,0.5074357390403748,0.40895557403564453,-0.07095254212617874,0.48971614241600037,0.47611796855926514,-0.09139066189527512,0.4739593267440796,0.5367984771728516,-0.09672430157661438,0.44057413935661316,0.46232783794403076,-0.021674780175089836,0.4448695778846741,0.3980017602443695,-0.07293068617582321,0.4410819411277771,0.4851548969745636,-0.08396457880735397,0.4433669149875641,0.5520328879356384,-0.07711220532655716,0.3932514786720276,0.473482608795166,-0.023174485191702843,0.396138459444046,0.4408903121948242,-0.07547228038311005,0.40689703822135925,0.5300845503807068,-0.06864838302135468,0.4155052900314331,0.5831688642501831,-0.048192787915468216,0.34608885645866394,0.4951882064342499,-0.027111206203699112,0.35980120301246643,0.47171181440353394,-0.06384146958589554,0.3755154013633728,0.5400564670562744,-0.05814170092344284,0.38434886932373047,0.576221764087677,-0.04285135865211487
0.4094718098640442,0.6770601272583008,-3.5019226629628974e-07,0.46813085675239563,0.6399498581886292,-0.039788905531167984,0.508880078792572,0.5373517274856567,-0.05229760706424713,0.49454134702682495,0.4453648626804352,-0.05984685942530632,0.4808199107646942,0.3712879717350006,-0.06131839007139206,0.4917830228805542,0.4616631269454956,-0.025727706030011177,0.5071602463722229,0.40772873163223267,-0.06897097080945969,0.48967161774635315,0.4743719696998596,-0.08932279050350189,0.4739995002746582,0.53486168384552,-0.09460827708244324,0.44044819474220276,0.4595407247543335,-0.01998884044587612,0.44461679458618164,0.39521050453186035,-0.07116389274597168,0.44106003642082214,0.4807306230068207,-0.08307283371686935,0.44365739822387695,0.547673761844635,-0.07676193863153458,0.3929970860481262,0.4708530008792877,-0.021193508058786392,0.3960045874118805,0.4392969310283661,-0.07397093623876572,0.40664660930633545,0.5283018946647644,-0.06785869598388672,0.4152625799179077,0.5815521478652954,-0.047571808099746704,0.34589916467666626,0.49313753843307495,-0.024724548682570457,0.3597332835197449,0.46914976835250854,-0.061996445059776306,0.37524300813674927,0.5379225015640259,-0.05649904906749725,0.3838743269443512,0.5744036436080933,-0.04110432043671608
0.4093564450740814,0.6758304238319397,-3.476126551049674e-07,0.46898719668388367,0.6360636949539185,-0.03959934040904045,0.5091261863708496,0.534241259098053,-0.05253509432077408,0.4931764006614685,0.4421209990978241,-0.06066107004880905,0.4777640104293823,0.36957496404647827,-0.06269367784261703,0.4913341999053955,0.4587390422821045,-0.025458844378590584,0.5063427090644836,0.405852347612381,-0.06902208924293518,0.4887901842594147,0.4730297029018402,-0.08982758224010468,0.4727746844291687,0.5346785187721252,-0.09540390223264694,0.440003901720047,0.4569275379180908,-0.019912617281079292,0.4439240097999573,0.3939046561717987,-0.07154630124568939,0.44068682193756104,0.4795677065849304,-0.08394721895456314,0.4430524408817291,0.5478399991989136,-0.07799767702817917,0.392624169588089,0.4683346152305603,-0.02133074216544628,0.39622271060943604,0.43710005283355713,-0.07426480203866959,0.4071316123008728,0.526218831539154,-0.0684816911816597,0.41544392704963684,0.5808396339416504,-0.04843107610940933,0.34525078535079956,0.4905956983566284,-0.025103256106376648,0.35970962047576904,0.4665371775627136,-0.06260506808757782,0.3751033544540405,0.5355169773101807,-0.05743468925356865,0.3834127187728882,0.5731016397476196,-0.0422457754611969
0.4093429744243622,0.6721563935279846,-3.3594537285353e-07,0.4679190218448639,0.6336110830307007,-0.03893676772713661,0.5093603134155273,0.5329883098602295,-0.05178079754114151,0.4950200319290161,0.4421935975551605,-0.05993875861167908,0.4787307381629944,0.36968544125556946,-0.06226511672139168,0.4900570511817932,0.45529186725616455,-0.02632795460522175,0.5057880878448486,0.40430358052253723,-0.06988265365362167,0.48908594250679016,0.47048085927963257,-0.09077230840921402,0.47339189052581787,0.531380832195282,-0.09641622751951218,0.43887150287628174,0.45313000679016113,-0.021181559190154076,0.4443853497505188,0.39096999168395996,-0.0720524862408638,0.4414632320404053,0.47589537501335144,-0.0839134156703949,0.4437451958656311,0.5439533591270447,-0.07785993069410324,0.3915489912033081,0.46446311473846436,-0.02288321778178215,0.3960977792739868,0.4338440001010895,-0.07544464617967606,0.407554566860199,0.52264404296875,-0.06991510838270187,0.41649964451789856,0.5776368379592896,-0.05030708387494087,0.34458911418914795,0.4871540367603302,-0.026872918009757996,0.35962265729904175,0.46586769819259644,-0.06474881619215012,0.3758675158023834,0.5347630977630615,-0.060217905789613724,0.38515979051589966,0.5726327896118164,-0.04556605592370033
0.40907931327819824,0.6700164079666138,-3.4451025499038224e-07,0.46764427423477173,0.6321828365325928,-0.03938043490052223,0.5078051686286926,0.5309274196624756,-0.051795314997434616,0.49322304129600525,0.4392974376678467,-0.05925731360912323,0.47879406809806824,0.3656284511089325,-0.060878925025463104,0.4907275438308716,0.4560976028442383,-0.026043610647320747,0.5059903860092163,0.40293028950691223,-0.06840748339891434,0.4892442524433136,0.4681374728679657,-0.08827470242977142,0.47318097949028015,0.5280472636222839,-0.09346499294042587,0.43972307443618774,0.4533974826335907,-0.020202476531267166,0.4434884190559387,0.3907485008239746,-0.06966375559568405,0.44114241003990173,0.47605541348457336,-0.08068326860666275,0.4435252249240875,0.5430101156234741,-0.07436113804578781,0.39234423637390137,0.46397390961647034,-0.02127082087099552,0.3956505060195923,0.4312400817871094,-0.07294021546840668,0.40751010179519653,0.5202142000198364,-0.06701332330703735,0.41593441367149353,0.5742049217224121,-0.04745155945420265,0.3448622226715088,0.4857345223426819,-0.024619843810796738,0.35958635807037354,0.4628507196903229,-0.06209167093038559,0.3758202791213989,0.5321387648582458,-0.057433754205703735,0.38440316915512085,0.5694797039031982,-0.04286670312285423
0.41137033700942993,0.6648630499839783,-3.655440821148659e-07,0.4706191420555115,0.6266117691993713,-0.03828760236501694,0.5119882225990295,0.5255979299545288,-0.050113875418901443,0.4973512589931488,0.4347485899925232,-0.057252634316682816,0.4811479449272156,0.36151689291000366,-0.05914591997861862,0.495765745639801,0.4512270987033844,-0.02407347969710827,0.5111786723136902,0.39864471554756165,-0.06571123749017715,0.49386245012283325,0.46167588233947754,-0.08601433783769608,0.47745856642723083,0.5219769477844238,-0.09162947535514832,0.4450964629650116,0.4484197497367859,-0.018742909654974937,0.4483720064163208,0.38347765803337097,-0.06661912798881531,0.4434826374053955,0.46878519654273987,-0.07726310938596725,0.44498980045318604,0.537752628326416,-0.07097028940916061,0.3979775309562683,0.45934128761291504,-0.020364895462989807,0.399958074092865,0.4205858111381531,-0.0704224556684494,0.41009950637817383,0.5090368986129761,-0.06367970257997513,0.4186069965362549,0.5652831792831421,-0.04398531839251518,0.3503497838973999,0.48183000087738037,-0.02426939271390438,0.36178508400917053,0.45118391513824463,-0.0609755702316761,0.37649381160736084,0.5201090574264526,-0.055335547775030136,0.38548335433006287,0.5599415302276611,-0.04026535153388977
0.41196244955062866,0.661011815071106,-3.572935440843139e-07,0.47097086906433105,0.6244108080863953,-0.038393739610910416,0.5135988593101501,0.5256799459457397,-0.050624165683984756,0.5004746317863464,0.4333486258983612,-0.05828603729605675,0.48340940475463867,0.3607940673828125,-0.060296617448329926,0.49724081158638,0.4483582079410553,-0.023997578769922256,0.5133084654808044,0.39740777015686035,-0.06660867482423782,0.4949340224266052,0.46208566427230835,-0.08705699443817139,0.477729856967926,0.5215400457382202,-0.09259126335382462,0.44632354378700256,0.44459033012390137,-0.018840335309505463,0.450812965631485,0.3827255368232727,-0.06896509975194931,0.44600191712379456,0.46781831979751587,-0.08084152638912201,0.44712936878204346,0.5351236462593079,-0.07496292889118195,0.39899885654449463,0.4545457065105438,-0.020541537553071976,0.4018242061138153,0.4221290051937103,-0.0726231262087822,0.4117783010005951,0.5109491348266602,-0.06686709821224213,0.41985777020454407,0.5655229091644287,-0.04723844677209854,0.3512110114097595,0.47585591673851013,-0.02446100488305092,0.3647477626800537,0.4514661133289337,-0.061786264181137085,0.37934762239456177,0.5205181837081909,-0.05672629177570343,0.38772016763687134,0.5584233999252319,-0.041812703013420105
0.41261473298072815,0.6606181263923645,-3.707924349782843e-07,0.46940407156944275,0.6269360184669495,-0.037963978946208954,0.5143884420394897,0.5280664563179016,-0.05063692852854729,0.503565788269043,0.43493279814720154,-0.058850906789302826,0.4834074079990387,0.36267203092575073,-0.06135754659771919,0.4986293613910675,0.44853463768959045,-0.02524680644273758,0.5145042538642883,0.39501380920410156,-0.06875945627689362,0.496878981590271,0.46145662665367126,-0.08945120126008987,0.4799812138080597,0.5205305218696594,-0.09498004615306854,0.44762176275253296,0.44444209337234497,-0.020724071189761162,0.45260509848594666,0.3817219138145447,-0.07132970541715622,0.4479706883430481,0.4694834351539612,-0.08261919766664505,0.4484947621822357,0.5351824760437012,-0.07627832889556885,0.4003080129623413,0.45440876483917236,-0.022988075390458107,0.4025208652019501,0.4207243323326111,-0.07519204914569855,0.4127751886844635,0.5108184814453125,-0.06861976534128189,0.42059919238090515,0.5639601349830627,-0.04857095703482628,0.3526569902896881,0.4754508137702942,-0.027450643479824066,0.3655049204826355,0.4517504572868347,-0.06465545296669006,0.3812559247016907,0.5210664868354797,-0.05915701761841774,0.3903612792491913,0.5574737191200256,-0.04402267932891846
0.41538506746292114,0.6714874505996704,-3.708062763507769e-07,0.4761422276496887,0.6350062489509583,-0.03896299749612808,0.5225927829742432,0.5386338829994202,-0.053253620862960815,0.5091248750686646,0.44534334540367126,-0.06303026527166367,0.48548129200935364,0.37450140714645386,-0.06685355305671692,0.5046018362045288,0.4528246521949768,-0.026249269023537636,0.5163530707359314,0.4076383709907532,-0.07168147712945938,0.4988226294517517,0.47796908020973206,-0.09396600723266602,0.4845223128795624,0.5391665697097778,-0.10037034749984741,0.45125582814216614,0.4496115744113922,-0.02187931165099144,0.455962210893631,0.3926636874675751,-0.07604202628135681,0.45201343297958374,0.481009304523468,-0.08932054787874222,0.4533890187740326,0.5497820973396301,-0.08365372568368912,0.4028007984161377,0.4600895941257477,-0.024283209815621376,0.40498173236846924,0.4316982328891754,-0.07896727323532104,0.4162125289440155,0.5222110748291016,-0.0730646476149559,0.42554810643196106,0.577716052532196,-0.052766092121601105,0.355351984500885,0.48231473565101624,-0.028983844444155693,0.36854711174964905,0.46099722385406494,-0.06777612119913101,0.38414332270622253,0.5312172174453735,-0.06278357654809952,0.39382413029670715,0.5691983699798584,-0.04745180532336235
0.4194830656051636,0.6724783182144165,-3.4791165148817527e-07,0.4782422184944153,0.6379516124725342,-0.037248414009809494,0.5249541401863098,0.5418422222137451,-0.05051334574818611,0.5123792886734009,0.4518846869468689,-0.05951515957713127,0.4856339395046234,0.3840477764606476,-0.0628405511379242,0.504982590675354,0.45864593982696533,-0.0251733660697937,0.5218651294708252,0.4111842215061188,-0.06860538572072983,0.5055071115493774,0.4801467955112457,-0.08939330279827118,0.4895583391189575,0.5394399166107178,-0.09492513537406921,0.45388063788414,0.4531926214694977,-0.021073782816529274,0.4612196385860443,0.3967500925064087,-0.0718410313129425,0.457080602645874,0.48551085591316223,-0.0832904800772667,0.4568147361278534,0.5521978139877319,-0.0770493596792221,0.40616756677627563,0.4620484411716461,-0.02359299175441265,0.41079747676849365,0.43356767296791077,-0.07528291642665863,0.4215238690376282,0.5240474343299866,-0.06863407045602798,0.4290674924850464,0.579021155834198,-0.048641007393598557,0.358423113822937,0.4822717010974884,-0.028323279693722725,0.3733366131782532,0.46070000529289246,-0.06475763022899628,0.388344407081604,0.5307002663612366,-0.05885152891278267,0.3962210714817047,0.5688157081604004,-0.043458204716444016
0.4191169738769531,0.6711846590042114,-3.752423936020932e-07,0.47609350085258484,0.6383585929870605,-0.0376533605158329,0.5231010913848877,0.5468097925186157,-0.0515131801366806,0.5151270031929016,0.45703843235969543,-0.06104592606425285,0.4913426339626312,0.38751381635665894,-0.06487634032964706,0.5071662664413452,0.45790693163871765,-0.025192972272634506,0.522046685218811,0.4130016565322876,-0.06880968809127808,0.503504753112793,0.4816937744617462,-0.09012307971715927,0.4878637194633484,0.5406401753425598,-0.09603433310985565,0.4561072289943695,0.45182299613952637,-0.020979151129722595,0.46231991052627563,0.39667847752571106,-0.07139923423528671,0.455923855304718,0.4841470718383789,-0.08225442469120026,0.4561982750892639,0.550438642501831,-0.07553857564926147,0.40819624066352844,0.45995357632637024,-0.023550178855657578,0.41205164790153503,0.4341990649700165,-0.07494956254959106,0.421123206615448,0.5231953263282776,-0.06821844726800919,0.42923009395599365,0.5775877833366394,-0.04811999201774597,0.36055442690849304,0.48040327429771423,-0.028474722057580948,0.3743112087249756,0.4607372283935547,-0.06488560885190964,0.38821274042129517,0.5298389196395874,-0.05923495069146156,0.3967743515968323,0.5676753520965576,-0.04388022795319557
0.4192000925540924,0.6702874898910522,-3.4935189319185156e-07,0.47628089785575867,0.637826144695282,-0.03693687915802002,0.5237487554550171,0.5466848611831665,-0.05102614313364029,0.5154220461845398,0.4585008919239044,-0.06107112392783165,0.48869726061820984,0.3919216990470886,-0.06548220664262772,0.5058150887489319,0.4562825560569763,-0.025311503559350967,0.5233232975006104,0.4123324155807495,-0.06997065991163254,0.5058507919311523,0.4811450242996216,-0.09180577099323273,0.4892578423023224,0.5396869778633118,-0.09786107391119003,0.454657644033432,0.44990086555480957,-0.02184051088988781,0.4633573889732361,0.3964078426361084,-0.07356390357017517,0.4575915038585663,0.48595666885375977,-0.08487417548894882,0.45650121569633484,0.5522125363349915,-0.0782492533326149,0.40665724873542786,0.4583524763584137,-0.02509116753935814,0.4124293625354767,0.43241482973098755,-0.07740548253059387,0.42181479930877686,0.5227311253547668,-0.0705643817782402,0.42877110838890076,0.5773876309394836,-0.05021905526518822,0.3589845895767212,0.4786663353443146,-0.03060748428106308,0.3748484253883362,0.45879554748535156,-0.06726228445768356,0.3889423906803131,0.5286517143249512,-0.06121028959751129,0.396488219499588,0.5667884349822998,-0.045527178794145584
0.4192086160182953,0.6699663400650024,-3.49784386344254e-07,0.47681042551994324,0.6395027041435242,-0.03875366970896721,0.5263401865959167,0.5511216521263123,-0.05362860485911369,0.5202770233154297,0.46442925930023193,-0.06404316425323486,0.49185580015182495,0.4002639055252075,-0.06881812959909439,0.5077642202377319,0.45617997646331787,-0.026928285136818886,0.5223780274391174,0.4120078682899475,-0.07206486910581589,0.504219651222229,0.4811956584453583,-0.0944991335272789,0.48851245641708374,0.5398495197296143,-0.10087829828262329,0.45660850405693054,0.4498084485530853,-0.02264409326016903,0.4626833498477936,0.39474138617515564,-0.07473497837781906,0.45695066452026367,0.4823512136936188,-0.0866178348660469,0.4575042128562927,0.548708438873291,-0.08025261014699936,0.40838366746902466,0.4582422375679016,-0.02520732395350933,0.41257941722869873,0.432727575302124,-0.07776879519224167,0.4218970835208893,0.5221605896949768,-0.07159966230392456,0.4297690689563751,0.5774505138397217,-0.051539018750190735,0.36053428053855896,0.4786529242992401,-0.030233129858970642,0.3747938871383667,0.4582359492778778,-0.06707059592008591,0.38832977414131165,0.5276227593421936,-0.06141906604170799,0.3962385058403015,0.5666657090187073,-0.045897070318460464
0.42073631286621094,0.6679766178131104,-3.6458447993936716e-07,0.4779232442378998,0.6371554136276245,-0.037219539284706116,0.5261704325675964,0.5438054203987122,-0.05074785277247429,0.5163490176200867,0.4539525806903839,-0.05999236926436424,0.490246444940567,0.386877179145813,-0.06365366280078888,0.5075996518135071,0.45343416929244995,-0.025039171800017357,0.5234184861183167,0.4098394513130188,-0.06929966807365417,0.506033182144165,0.4798104763031006,-0.09097421914339066,0.4898473024368286,0.5394284725189209,-0.09696194529533386,0.45612674951553345,0.44775500893592834,-0.021186210215091705,0.4638685882091522,0.3947458565235138,-0.07176556438207626,0.4582570493221283,0.4848604202270508,-0.08242007344961166,0.4573805034160614,0.5511675477027893,-0.07558014243841171,0.40812942385673523,0.4566279351711273,-0.024157272651791573,0.4136412739753723,0.4314021170139313,-0.07593780010938644,0.42282119393348694,0.521973729133606,-0.06897147744894028,0.42988184094429016,0.5762337446212769,-0.048708006739616394,0.3605961501598358,0.47725409269332886,-0.029401615262031555,0.37634167075157166,0.4582446813583374,-0.06584104150533676,0.3902941942214966,0.5282606482505798,-0.059863969683647156,0.3979557156562805,0.5659398436546326,-0.044359561055898666
0.4203129708766937,0.6662478446960449,-3.711922715865512e-07,0.478346049785614,0.6347429752349854,-0.03783048689365387,0.5263921022415161,0.5416160821914673,-0.05133211612701416,0.5161604881286621,0.4514911472797394,-0.060374628752470016,0.4899199903011322,0.3839622437953949,-0.0638122707605362,0.5092486143112183,0.45314738154411316,-0.025076262652873993,0.5242304801940918,0.4095596373081207,-0.06834139674901962,0.505840539932251,0.47783681750297546,-0.0892678052186966,0.48986804485321045,0.5368980765342712,-0.09498415887355804,0.45784318447113037,0.4473567306995392,-0.020626483485102654,0.464255690574646,0.3944670557975769,-0.07098443806171417,0.458182692527771,0.4829612970352173,-0.08181951195001602,0.4582245647907257,0.5496985912322998,-0.07507175952196121,0.40983936190605164,0.4558485746383667,-0.022962216287851334,0.4135677218437195,0.431024968624115,-0.0743909701704979,0.42296913266181946,0.5201470851898193,-0.06796525418758392,0.4311445355415344,0.574470043182373,-0.04813982546329498,0.3619626462459564,0.4763909578323364,-0.02758895419538021,0.37605077028274536,0.4572342038154602,-0.0640900582075119,0.39014527201652527,0.5268197059631348,-0.05869189649820328,0.3988414704799652,0.5648452639579773,-0.04359529912471771
0.42185619473457336,0.666228175163269,-3.53065729541413e-07,0.47959065437316895,0.6348116397857666,-0.03684711828827858,0.52862548828125,0.5425356030464172,-0.05063265562057495,0.5193065404891968,0.4538334906101227,-0.06031705439090729,0.4895816743373871,0.38957878947257996,-0.06447891891002655,0.509844958782196,0.4520561397075653,-0.025127805769443512,0.5253228545188904,0.4077427387237549,-0.06896660476922989,0.5074166059494019,0.47662821412086487,-0.09075167775154114,0.4914167523384094,0.5362753868103027,-0.09697087109088898,0.45830675959587097,0.44599705934524536,-0.021494906395673752,0.4657512903213501,0.3937080502510071,-0.07239051908254623,0.4598937928676605,0.4828304648399353,-0.08383815735578537,0.45976129174232483,0.550412118434906,-0.07737696170806885,0.4101414680480957,0.4542350172996521,-0.024516116827726364,0.4147953987121582,0.43124687671661377,-0.07541646808385849,0.4242151081562042,0.5201968550682068,-0.06922434270381927,0.432411789894104,0.5752050876617432,-0.049676600843667984,0.3621845245361328,0.4740591049194336,-0.029882755130529404,0.37702393531799316,0.45795243978500366,-0.06538379192352295,0.3915756940841675,0.5262998938560486,-0.05997924134135246,0.40104570984840393,0.5639588236808777,-0.04506255313754082
0.42190852761268616,0.665677547454834,-3.5618117522062676e-07,0.48044851422309875,0.6337653994560242,-0.03961200267076492,0.5291053056716919,0.5404872894287109,-0.05448585003614426,0.5187269449234009,0.4487450420856476,-0.06432373821735382,0.4923803210258484,0.38019034266471863,-0.06834722310304642,0.5114022493362427,0.45010849833488464,-0.029116861522197723,0.5258139967918396,0.41009607911109924,-0.07357461005449295,0.5077769160270691,0.47937628626823425,-0.09491685777902603,0.4918639659881592,0.5396822094917297,-0.10076723247766495,0.4592363238334656,0.4438422620296478,-0.02402324602007866,0.46593862771987915,0.3935810327529907,-0.07572805136442184,0.46052026748657227,0.48184922337532043,-0.08701547235250473,0.4608990252017975,0.549505889415741,-0.08060720562934875,0.41096365451812744,0.45191630721092224,-0.02564600296318531,0.4156282842159271,0.43185892701148987,-0.07778095453977585,0.4253282845020294,0.5208637714385986,-0.07158510386943817,0.4336356520652771,0.575435221195221,-0.05192602798342705,0.36320194602012634,0.47209540009498596,-0.02968420833349228,0.3780688941478729,0.45694372057914734,-0.06636069715023041,0.3924564719200134,0.5259585380554199,-0.06131996959447861,0.40151816606521606,0.5628576874732971,-0.046522971242666245
0.4223101735115051,0.6657362580299377,-3.5077334814559435e-07,0.4812720715999603,0.6359245777130127,-0.03807796537876129,0.5302326083183289,0.5456029176712036,-0.052438873797655106,0.522794783115387,0.4564230442047119,-0.06225811317563057,0.4952205419540405,0.39101725816726685,-0.06628827005624771,0.5116252899169922,0.4528754949569702,-0.02664908394217491,0.5277351140975952,0.411143958568573,-0.07113486528396606,0.5103670954704285,0.4802924394607544,-0.09279152750968933,0.493813157081604,0.5388177633285522,-0.09878066182136536,0.4602658152580261,0.44554245471954346,-0.022260693833231926,0.46807295083999634,0.3945271968841553,-0.07381156086921692,0.4628585875034332,0.48340901732444763,-0.08495806157588959,0.4624888598918915,0.5492318272590637,-0.07825102657079697,0.4123411476612091,0.452669620513916,-0.024651626124978065,0.4180643558502197,0.43093934655189514,-0.07600777596235275,0.42752060294151306,0.5194671154022217,-0.06941750645637512,0.4345945715904236,0.5728062987327576,-0.04954739287495613,0.36486750841140747,0.4718165099620819,-0.029503092169761658,0.3803984224796295,0.4568297266960144,-0.06514076143503189,0.3944513201713562,0.5253995656967163,-0.059753771871328354,0.4025411307811737,0.561504602432251,-0.04484347999095917
0.4243188798427582,0.6654728055000305,-3.4435171869517944e-07,0.48259174823760986,0.6349023580551147,-0.03764103353023529,0.5304436683654785,0.542047917842865,-0.0512777678668499,0.5196416974067688,0.45254454016685486,-0.060448501259088516,0.4925694167613983,0.38593724370002747,-0.06380684673786163,0.5115514397621155,0.4522256851196289,-0.0254709180444479,0.5283588767051697,0.40999099612236023,-0.06947172433137894,0.5108568072319031,0.47907280921936035,-0.09079331904649734,0.4942607581615448,0.539036750793457,-0.09657865762710571,0.4600028395652771,0.4447099268436432,-0.021198367699980736,0.46832096576690674,0.394447386264801,-0.07227984815835953,0.46335139870643616,0.4841196537017822,-0.08348160237073898,0.4630383253097534,0.5512471199035645,-0.07692470401525497,0.4117550253868103,0.45220106840133667,-0.0236830897629261,0.41750818490982056,0.4305590093135834,-0.0752706304192543,0.4273592233657837,0.5205573439598083,-0.06891167908906937,0.4350453019142151,0.5750244855880737,-0.04919946566224098,0.3635729253292084,0.47185182571411133,-0.02850833535194397,0.37963706254959106,0.45776957273483276,-0.06493169069290161,0.3943600356578827,0.5275835394859314,-0.05983375385403633,0.4029196500778198,0.5647661685943604,-0.0450420118868351
0.4233192205429077,0.6649331450462341,-3.68645089565689e-07,0.4829646050930023,0.6343350410461426,-0.03761332482099533,0.5315296649932861,0.5415230989456177,-0.05102301761507988,0.5203195214271545,0.45125049352645874,-0.05982857570052147,0.4920782744884491,0.38545316457748413,-0.06309416890144348,0.5129766464233398,0.452269583940506,-0.025362446904182434,0.5263418555259705,0.4121721386909485,-0.06852660328149796,0.5089600682258606,0.48068496584892273,-0.08944352716207504,0.4939863085746765,0.5408406257629395,-0.09517792612314224,0.4610629081726074,0.4454673230648041,-0.020923396572470665,0.46777617931365967,0.3952556550502777,-0.07184144109487534,0.46271100640296936,0.48378098011016846,-0.08319321274757385,0.4632190763950348,0.5518559813499451,-0.07669255137443542,0.41280001401901245,0.4531494975090027,-0.023109421133995056,0.41747990250587463,0.43092161417007446,-0.07502870261669159,0.42743226885795593,0.5204805731773376,-0.06910759210586548,0.4357817471027374,0.5758036375045776,-0.04946550726890564,0.36473894119262695,0.4734814763069153,-0.02752039022743702,0.37974655628204346,0.45648229122161865,-0.06466007977724075,0.3941178023815155,0.5265966653823853,-0.059864066541194916,0.4028473496437073,0.5649777054786682,-0.045046597719192505
0.4245218336582184,0.6649842262268066,-3.498176397442876e-07,0.4824717342853546,0.6332801580429077,-0.035923320800065994,0.5299860239028931,0.5399649739265442,-0.04881370812654495,0.5189422369003296,0.4511617422103882,-0.057506635785102844,0.4917297959327698,0.38551849126815796,-0.060645945370197296,0.51003497838974,0.45227205753326416,-0.024079371243715286,0.526387631893158,0.4104778468608856,-0.06660965830087662,0.5107350945472717,0.47857287526130676,-0.08703120797872543,0.49499496817588806,0.5377681851387024,-0.09234017878770828,0.4589352011680603,0.4457717537879944,-0.020290186628699303,0.46688735485076904,0.3962147533893585,-0.06944487988948822,0.4634423553943634,0.4859280586242676,-0.07968474924564362,0.463155597448349,0.552321195602417,-0.07295314222574234,0.411108136177063,0.45384782552719116,-0.023042133077979088,0.416961133480072,0.43074703216552734,-0.07331277430057526,0.42776674032211304,0.5204334855079651,-0.0664946585893631,0.435140460729599,0.5748729705810547,-0.046808358281850815,0.36335355043411255,0.4740073084831238,-0.027934234589338303,0.3797588348388672,0.45562005043029785,-0.06335869431495667,0.3942277133464813,0.5250869393348694,-0.05749213322997093,0.40161412954330444,0.5633226633071899,-0.042373113334178925
0.42037975788116455,0.6582450270652771,-3.6535305980578414e-07,0.4767967760562897,0.6262601613998413,-0.03698120638728142,0.51985102891922,0.5318304896354675,-0.04964032769203186,0.5103199481964111,0.44048818945884705,-0.057708363980054855,0.4926304817199707,0.3701575994491577,-0.05998757854104042,0.5054875016212463,0.4481887221336365,-0.023951519280672073,0.5185569524765015,0.4065897464752197,-0.06643976271152496,0.503240168094635,0.4754655361175537,-0.08684682846069336,0.4879471957683563,0.5336980819702148,-0.09245853871107101,0.45447492599487305,0.44201236963272095,-0.019567172974348068,0.45934292674064636,0.3899592459201813,-0.06865283101797104,0.45665737986564636,0.47833606600761414,-0.0790596529841423,0.4573986828327179,0.542600691318512,-0.07274243980646133,0.4071657061576843,0.45056793093681335,-0.021856065839529037,0.41064080595970154,0.423003613948822,-0.07283441722393036,0.4220547080039978,0.512558102607727,-0.06566973030567169,0.4302808940410614,0.564907968044281,-0.04586281254887581,0.36032241582870483,0.4716644883155823,-0.026283305138349533,0.3742658793926239,0.4517604112625122,-0.0631227046251297,0.3893811106681824,0.5214453935623169,-0.0577128529548645,0.39800170063972473,0.5575940608978271,-0.04282723367214203
0.41807711124420166,0.6630173921585083,-3.530954302277678e-07,0.4733196496963501,0.6291168332099915,-0.0416039414703846,0.5118078589439392,0.5341918468475342,-0.05637611821293831,0.5026488304138184,0.4412020742893219,-0.06606684625148773,0.4876951575279236,0.3641875982284546,-0.06963671743869781,0.49889427423477173,0.4488281011581421,-0.02510695345699787,0.5101155638694763,0.40801119804382324,-0.07158852368593216,0.49703338742256165,0.47796738147735596,-0.09458757191896439,0.48221737146377563,0.5371235609054565,-0.10098593682050705,0.4484592080116272,0.44267362356185913,-0.018811171874403954,0.4516150951385498,0.391891747713089,-0.07079385966062546,0.4499797821044922,0.4805418848991394,-0.08259423077106476,0.45017004013061523,0.5426877737045288,-0.07650136202573776,0.4014818072319031,0.45181822776794434,-0.02016032114624977,0.40278151631355286,0.42582249641418457,-0.07352932542562485,0.41443270444869995,0.5149507522583008,-0.06651760637760162,0.4216984808444977,0.5648297667503357,-0.046031177043914795,0.3545186519622803,0.47419473528862,-0.02414877898991108,0.3663453757762909,0.45577841997146606,-0.06209653988480568,0.38254067301750183,0.5250979065895081,-0.05674916133284569,0.39088016748428345,0.5586564540863037,-0.04140307754278183
0.4240100383758545,0.6709054112434387,-3.5082868521385535e-07,0.48586952686309814,0.6327211856842041,-0.03511523827910423,0.5250422954559326,0.5360060334205627,-0.04692300781607628,0.51157546043396,0.44914406538009644,-0.05469463765621185,0.5053261518478394,0.37787503004074097,-0.05715078115463257,0.5012250542640686,0.45533138513565063,-0.023527512326836586,0.5224760174751282,0.4224761128425598,-0.06749191135168076,0.5084010362625122,0.4895396828651428,-0.08843863010406494,0.4900966286659241,0.5496117472648621,-0.0936119481921196,0.449604868888855,0.44862228631973267,-0.01982833445072174,0.4658934473991394,0.40072253346443176,-0.06663476675748825,0.4607372283935547,0.48795053362846375,-0.07455150038003922,0.4554048776626587,0.5518810153007507,-0.06650687754154205,0.4015030860900879,0.45704036951065063,-0.023194659501314163,0.4138003885746002,0.43646594882011414,-0.07144778966903687,0.42277494072914124,0.5235729813575745,-0.06342268735170364,0.42597249150276184,0.5739864110946655,-0.04323672875761986,0.35338157415390015,0.4795827567577362,-0.028686728328466415,0.3723510801792145,0.4623378813266754,-0.061761949211359024,0.38969022035598755,0.5283176302909851,-0.05437726899981499,0.39631831645965576,0.5622459650039673,-0.038563404232263565
0.42477747797966003,0.6718822121620178,-3.453189378888055e-07,0.4856301546096802,0.6337814331054688,-0.03590293601155281,0.5253123044967651,0.5340216755867004,-0.04766172543168068,0.5137881636619568,0.447120726108551,-0.05531506985425949,0.5081276893615723,0.3763107657432556,-0.057676203548908234,0.5007681250572205,0.4565463662147522,-0.024355890229344368,0.5231893658638,0.42086297273635864,-0.06895642727613449,0.5088968276977539,0.4872030019760132,-0.09031111001968384,0.49033698439598083,0.5477949976921082,-0.09548745304346085,0.4492267370223999,0.449721097946167,-0.020308587700128555,0.4672626852989197,0.40070071816444397,-0.06788302958011627,0.461469829082489,0.48806512355804443,-0.07602551579475403,0.45541492104530334,0.5533735752105713,-0.06781826168298721,0.40097716450691223,0.45812082290649414,-0.02341945469379425,0.41476970911026,0.4377574920654297,-0.0722341313958168,0.4225541651248932,0.5257309079170227,-0.06392956525087357,0.4248787462711334,0.5775251388549805,-0.043241072446107864,0.35248178243637085,0.4801652133464813,-0.02874572016298771,0.37297502160072327,0.4605325162410736,-0.06205829977989197,0.3894570469856262,0.5274747014045715,-0.0540749616920948,0.39495736360549927,0.5630882978439331,-0.0376429483294487
0.4261603057384491,0.6734317541122437,-3.3456652204222337e-07,0.4865434169769287,0.63163822889328,-0.0358143113553524,0.5249960422515869,0.5353742837905884,-0.048425521701574326,0.5141315460205078,0.4491416811943054,-0.05698695406317711,0.508678674697876,0.37749654054641724,-0.06008496508002281,0.5016921758651733,0.456991046667099,-0.023442383855581284,0.5253182053565979,0.4203653931617737,-0.06836239993572235,0.510628342628479,0.48671844601631165,-0.090037040412426,0.490508496761322,0.5475163459777832,-0.09543484449386597,0.4508322775363922,0.45005056262016296,-0.019546853378415108,0.4689387083053589,0.40039217472076416,-0.06795014441013336,0.46313926577568054,0.48875805735588074,-0.07691502571105957,0.45643559098243713,0.5537890195846558,-0.06925495713949203,0.40259188413619995,0.4583829939365387,-0.022755376994609833,0.41608864068984985,0.43520715832710266,-0.07212577015161514,0.4240640103816986,0.5227504372596741,-0.06399010121822357,0.4256744384765625,0.5741385221481323,-0.04333781450986862,0.35319623351097107,0.4810217320919037,-0.028118709102272987,0.3732384145259857,0.46093547344207764,-0.062047455459833145,0.3910021483898163,0.5277048945426941,-0.054218631237745285,0.39644697308540344,0.562605082988739,-0.03774050250649452
0.42689913511276245,0.673821747303009,-3.249190285714576e-07,0.4874781668186188,0.6315085291862488,-0.034801091998815536,0.5252574682235718,0.534217357635498,-0.046901024878025055,0.5141037702560425,0.44851046800613403,-0.05521126091480255,0.510367751121521,0.377225786447525,-0.05817068740725517,0.5018807053565979,0.45592957735061646,-0.022232217714190483,0.5244897603988647,0.4178294539451599,-0.06684748083353043,0.5106438398361206,0.483026385307312,-0.08855842798948288,0.49196937680244446,0.5446963310241699,-0.09397928416728973,0.45077675580978394,0.4499427378177643,-0.01882677525281906,0.467946857213974,0.39864593744277954,-0.06743115186691284,0.46255648136138916,0.48562103509902954,-0.07696027308702469,0.4565398693084717,0.5513203144073486,-0.06946340203285217,0.40258753299713135,0.45903781056404114,-0.022387417033314705,0.4159005582332611,0.4367200434207916,-0.07183963805437088,0.4235425889492035,0.5237758159637451,-0.06395313143730164,0.4251651465892792,0.5747517347335815,-0.04328172281384468,0.3536002039909363,0.48201438784599304,-0.02801043912768364,0.373576819896698,0.461340993642807,-0.06159275025129318,0.39067068696022034,0.5282542705535889,-0.05338778346776962,0.39585015177726746,0.5632776618003845,-0.036594510078430176
0.4276467263698578,0.6728600263595581,-3.3862849591059785e-07,0.4882914423942566,0.6301243305206299,-0.03393195569515228,0.5264833569526672,0.5311500430107117,-0.04518141224980354,0.5154043436050415,0.4458431899547577,-0.052882615476846695,0.5109054446220398,0.3752375543117523,-0.05551134794950485,0.5028205513954163,0.4565316438674927,-0.021139800548553467,0.525779664516449,0.41686898469924927,-0.06465085595846176,0.5110249519348145,0.48101240396499634,-0.08605837821960449,0.49190834164619446,0.5420907735824585,-0.09151395410299301,0.45198386907577515,0.450870543718338,-0.01798601634800434,0.4690549671649933,0.3974415361881256,-0.06518860906362534,0.46258196234703064,0.4836854636669159,-0.07416374981403351,0.4563979506492615,0.5505673885345459,-0.06650984287261963,0.4037633538246155,0.4596945345401764,-0.021778041496872902,0.4171658158302307,0.4347020089626312,-0.06966427713632584,0.42388665676116943,0.5213142037391663,-0.061491742730140686,0.4254622757434845,0.5735241174697876,-0.04095759615302086,0.35466253757476807,0.48211386799812317,-0.027664054185152054,0.37479686737060547,0.4591842591762543,-0.059927064925432205,0.39083588123321533,0.5255655646324158,-0.05128982290625572,0.39556100964546204,0.5614792704582214,-0.03453351557254791
0.4262831211090088,0.6701370477676392,-3.4357853451183473e-07,0.48680663108825684,0.6281428337097168,-0.035610295832157135,0.525962233543396,0.5314812660217285,-0.04809858277440071,0.5155181288719177,0.44496428966522217,-0.05682716146111488,0.5123181939125061,0.3732650876045227,-0.06040453165769577,0.5029957890510559,0.45527100563049316,-0.022848010063171387,0.525356650352478,0.4164908230304718,-0.06794306635856628,0.510780930519104,0.48217475414276123,-0.09004492312669754,0.4905208945274353,0.5440692901611328,-0.09561232477426529,0.4522175192832947,0.44964346289634705,-0.019221991300582886,0.46879076957702637,0.39527058601379395,-0.06686440855264664,0.4624577462673187,0.48179131746292114,-0.07584010809659958,0.45524248480796814,0.5482065081596375,-0.06828427314758301,0.40408289432525635,0.4586099088191986,-0.02282930351793766,0.4164210259914398,0.43181806802749634,-0.07225147634744644,0.4236402213573456,0.5194702744483948,-0.06438467651605606,0.4251146912574768,0.5722060203552246,-0.04377615451812744,0.3546266555786133,0.4814116358757019,-0.028561344370245934,0.3740153908729553,0.4570313096046448,-0.06252463161945343,0.3905186653137207,0.5239290595054626,-0.054487984627485275,0.3955276310443878,0.5606184601783752,-0.037851009517908096
0.42416635155677795,0.6682043671607971,-3.5306948120705783e-07,0.48534002900123596,0.6298234462738037,-0.03750229999423027,0.5254130959510803,0.531046986579895,-0.05034099891781807,0.5141770839691162,0.4430755376815796,-0.058619506657123566,0.5115739107131958,0.3704548478126526,-0.061283890157938004,0.5038634538650513,0.4523661136627197,-0.025415200740098953,0.5251002311706543,0.4147033393383026,-0.07026472687721252,0.509665846824646,0.48161083459854126,-0.09120243042707443,0.48905932903289795,0.5435288548469543,-0.09609129279851913,0.45197793841362,0.4462956488132477,-0.020772727206349373,0.4678916931152344,0.3937702178955078,-0.06886608898639679,0.4618006646633148,0.4813400208950043,-0.0774395689368248,0.4552716016769409,0.5462014079093933,-0.06953981518745422,0.4034575819969177,0.45530033111572266,-0.02332501858472824,0.4158461391925812,0.4313417673110962,-0.07354327291250229,0.4231739342212677,0.5201403498649597,-0.0652993693947792,0.4246659278869629,0.5707095861434937,-0.04434647038578987,0.35453107953071594,0.47833237051963806,-0.02804758958518505,0.3746151328086853,0.45587217807769775,-0.06268258392810822,0.3904266655445099,0.524182140827179,-0.05463571101427078,0.3947266638278961,0.5588997602462769,-0.037915024906396866
0.42512479424476624,0.6671096682548523,-3.3240411312362994e-07,0.4869525134563446,0.6260483264923096,-0.03585873171687126,0.527373194694519,0.5295141339302063,-0.04799607768654823,0.5165451765060425,0.4422532916069031,-0.056294094771146774,0.512244462966919,0.36922723054885864,-0.05955197662115097,0.5042871832847595,0.4549303650856018,-0.02332034707069397,0.5251378417015076,0.41311585903167725,-0.0673246681690216,0.511074423789978,0.47597718238830566,-0.08870925009250641,0.49142083525657654,0.5367311835289001,-0.09394653886556625,0.4536249041557312,0.4486577808856964,-0.019382895901799202,0.467983603477478,0.3925896883010864,-0.06634154170751572,0.4628971219062805,0.4765855669975281,-0.07547569274902344,0.45713484287261963,0.5436078906059265,-0.06816058605909348,0.4055226743221283,0.4567334055900574,-0.022549930959939957,0.4164809584617615,0.42776012420654297,-0.07157080620527267,0.4250251352787018,0.5152909159660339,-0.06423350423574448,0.4278554320335388,0.5703688859939575,-0.04402908682823181,0.3560805916786194,0.47895482182502747,-0.027877945452928543,0.37452632188796997,0.45402464270591736,-0.06257925182580948,0.39157432317733765,0.520932137966156,-0.05563698336482048,0.39808833599090576,0.559651255607605,-0.039614953100681305
0.42457497119903564,0.6674235463142395,-3.1643330089536903e-07,0.4853465259075165,0.6273309588432312,-0.0381275936961174,0.5260522365570068,0.5302444100379944,-0.051334429532289505,0.5158870816230774,0.4426135718822479,-0.060125336050987244,0.5106882452964783,0.36907660961151123,-0.06348055601119995,0.5054194331169128,0.45140141248703003,-0.024355676025152206,0.5259850025177002,0.4123290777206421,-0.06894119083881378,0.5104581713676453,0.47739315032958984,-0.09092975407838821,0.4901246130466461,0.5382598042488098,-0.09670719504356384,0.45426464080810547,0.444947212934494,-0.0194377563893795,0.46852099895477295,0.3908185064792633,-0.06659907102584839,0.4631545841693878,0.47407233715057373,-0.07659256458282471,0.4575237035751343,0.5384371280670166,-0.07018933445215225,0.40570271015167236,0.4533573389053345,-0.021806595847010612,0.4169559180736542,0.42620936036109924,-0.07116784155368805,0.4254695773124695,0.5126711130142212,-0.06433654576539993,0.4277326464653015,0.564988911151886,-0.04480898007750511,0.3560517728328705,0.47592052817344666,-0.026512036100029945,0.3758051097393036,0.4527539610862732,-0.061623334884643555,0.3927169144153595,0.5199788808822632,-0.05493219941854477,0.3982413709163666,0.5569045543670654,-0.039206355810165405
0.42550382018089294,0.665876567363739,-3.36227145680823e-07,0.4867073595523834,0.6252708435058594,-0.03678729385137558,0.5274748802185059,0.5286486148834229,-0.04962167888879776,0.516783595085144,0.44181302189826965,-0.0585751049220562,0.5116873383522034,0.36904430389404297,-0.0623292550444603,0.507554292678833,0.4511314332485199,-0.023147782310843468,0.5266579985618591,0.41060909628868103,-0.06834852695465088,0.5109981894493103,0.4753325283527374,-0.09084945172071457,0.49060457944869995,0.5364310145378113,-0.09676816314458847,0.45600777864456177,0.4449714422225952,-0.01901647448539734,0.4693058729171753,0.38964641094207764,-0.06684494763612747,0.46338650584220886,0.47472715377807617,-0.07661692053079605,0.45758485794067383,0.5400903820991516,-0.06973209977149963,0.4070831537246704,0.4532628059387207,-0.02220911718904972,0.41738805174827576,0.423545241355896,-0.07199347764253616,0.42535555362701416,0.5116783976554871,-0.06464428454637527,0.42777708172798157,0.5654160976409912,-0.04443272575736046,0.3569401800632477,0.47527748346328735,-0.027649108320474625,0.3754957318305969,0.4501764178276062,-0.06266658008098602,0.3920634686946869,0.5175005793571472,-0.055511001497507095,0.39791780710220337,0.5551199316978455,-0.03932067006826401
0.42115625739097595,0.6668331623077393,-3.6441153383748315e-07,0.47730833292007446,0.6311740875244141,-0.039678316563367844,0.5186225175857544,0.5316460728645325,-0.05282316356897354,0.5064783692359924,0.43967026472091675,-0.061004653573036194,0.492504745721817,0.36676502227783203,-0.06287223845720291,0.5027450323104858,0.45071378350257874,-0.023884018883109093,0.5159344673156738,0.40653449296951294,-0.06814222782850266,0.4995971620082855,0.4782513976097107,-0.08913463354110718,0.4847104847431183,0.5370250344276428,-0.09458529204130173,0.45059606432914734,0.4457107186317444,-0.018411090597510338,0.45622512698173523,0.39194706082344055,-0.06812161952257156,0.4529545307159424,0.4805992841720581,-0.07853061705827713,0.45337629318237305,0.5425691604614258,-0.07163647562265396,0.4019935727119446,0.45499828457832336,-0.020298372954130173,0.40623706579208374,0.4294140934944153,-0.07254423201084137,0.4179731607437134,0.5194672346115112,-0.06555546075105667,0.4252546429634094,0.5689548254013062,-0.04512904956936836,0.3534584045410156,0.4770979583263397,-0.024471696466207504,0.36842724680900574,0.4563443660736084,-0.060955069959163666,0.38538527488708496,0.525928258895874,-0.054542988538742065,0.39354807138442993,0.5603610873222351,-0.038635898381471634
0.42173635959625244,0.6520076990127563,-3.667507257887337e-07,0.47799423336982727,0.6229443550109863,-0.037757646292448044,0.5251720547676086,0.5303165912628174,-0.05123010650277138,0.5157688856124878,0.438473105430603,-0.05989694222807884,0.4875684082508087,0.3709411919116974,-0.06306253373622894,0.504280149936676,0.43598371744155884,-0.026714542880654335,0.5202375650405884,0.4011688232421875,-0.07073929905891418,0.5060064196586609,0.47107064723968506,-0.09193678945302963,0.48958221077919006,0.5283178687095642,-0.09745297580957413,0.45287978649139404,0.4273700714111328,-0.02161026932299137,0.46169614791870117,0.38905948400497437,-0.06923827528953552,0.4584002196788788,0.4791029393672943,-0.0779152363538742,0.45668119192123413,0.5397264361381531,-0.07063286751508713,0.40543562173843384,0.4349353611469269,-0.023435870185494423,0.4112422466278076,0.42483973503112793,-0.07120060175657272,0.42189326882362366,0.5125586986541748,-0.06338268518447876,0.42852258682250977,0.5613647699356079,-0.044013991951942444,0.35779935121536255,0.45526084303855896,-0.02779654785990715,0.3728888928890228,0.45057743787765503,-0.06013554334640503,0.3885676860809326,0.5174530148506165,-0.05406324565410614,0.39735233783721924,0.5488563776016235,-0.039502471685409546
0.4287225008010864,0.652443528175354,-3.768294050132681e-07,0.4821634888648987,0.6242799758911133,-0.03522908315062523,0.5265341997146606,0.5365662574768066,-0.04865747690200806,0.5224950909614563,0.44831445813179016,-0.05817563086748123,0.49868321418762207,0.3776072561740875,-0.062242865562438965,0.5106536149978638,0.4358660578727722,-0.024206453934311867,0.5284558534622192,0.4015347361564636,-0.06863900274038315,0.5125750303268433,0.4713817536830902,-0.09054534882307053,0.4935319423675537,0.5272701382637024,-0.09653482586145401,0.4599306881427765,0.42639437317848206,-0.020712411031126976,0.468702107667923,0.38954654335975647,-0.06903578341007233,0.4635617136955261,0.48120054602622986,-0.07799532264471054,0.4599303901195526,0.5388526320457458,-0.07097619771957397,0.41211482882499695,0.43450701236724854,-0.02395876869559288,0.4176926016807556,0.4220556318759918,-0.07179904729127884,0.4275546967983246,0.5108697414398193,-0.06296286731958389,0.43309009075164795,0.5584593415260315,-0.04294586181640625,0.3643932342529297,0.4553773105144501,-0.02957787550985813,0.37723618745803833,0.45090606808662415,-0.06162956729531288,0.3937014639377594,0.5165811777114868,-0.054634593427181244,0.4028409421443939,0.5455366373062134,-0.039421048015356064
0.42832300066947937,0.651461660861969,-3.537798818342708e-07,0.48466163873672485,0.622418999671936,-0.03769494220614433,0.5306999087333679,0.5316141843795776,-0.05211791768670082,0.5219448208808899,0.4409354031085968,-0.061945460736751556,0.4943307042121887,0.37222498655319214,-0.06604369729757309,0.5104115009307861,0.42886701226234436,-0.027081482112407684,0.5298117399215698,0.39955657720565796,-0.07361029833555222,0.5146255493164062,0.4698511064052582,-0.09691870957612991,0.49596986174583435,0.5278804898262024,-0.10351251065731049,0.4583035409450531,0.41838955879211426,-0.02262141928076744,0.47031983733177185,0.3877701163291931,-0.07272925972938538,0.4659042954444885,0.4796648323535919,-0.08240172266960144,0.46247270703315735,0.5402597188949585,-0.07531026750802994,0.410156786441803,0.4264225959777832,-0.025221893563866615,0.41915014386177063,0.42347976565361023,-0.07427436858415604,0.42884257435798645,0.5122137665748596,-0.0665263682603836,0.43445900082588196,0.5605288147926331,-0.04681523144245148,0.3624698519706726,0.44773638248443604,-0.030507002025842667,0.3791491389274597,0.4511650502681732,-0.06353573501110077,0.39546409249305725,0.5179277658462524,-0.05794587358832359,0.40487170219421387,0.5473038554191589,-0.04338802024722099
0.429950475692749,0.6506071090698242,-3.8521235978805635e-07,0.48567429184913635,0.6220521926879883,-0.03756548836827278,0.5311712026596069,0.5283557772636414,-0.05113093927502632,0.5205943584442139,0.4371413588523865,-0.05989144369959831,0.49293583631515503,0.3681369125843048,-0.06284685432910919,0.5125519037246704,0.42932552099227905,-0.0268318559974432,0.5301620960235596,0.3968847393989563,-0.07177294045686722,0.5150365233421326,0.46924683451652527,-0.09346125274896622,0.49713364243507385,0.5272169709205627,-0.09920286387205124,0.460354745388031,0.419211745262146,-0.022069141268730164,0.4703896641731262,0.386570006608963,-0.07023308426141739,0.4666266143321991,0.47985193133354187,-0.07827213406562805,0.4643573462963104,0.5394960641860962,-0.07038223743438721,0.4119097590446472,0.427266925573349,-0.024399837478995323,0.4192744493484497,0.4222801625728607,-0.07237821817398071,0.42997413873672485,0.51177978515625,-0.06401868909597397,0.436635285615921,0.5594680309295654,-0.04417981952428818,0.363951712846756,0.4484924077987671,-0.029340850189328194,0.3797324597835541,0.45028847455978394,-0.06187722831964493,0.3967439830303192,0.5173407793045044,-0.05611513555049896,0.40663596987724304,0.5465424060821533,-0.041650936007499695
0.42949607968330383,0.650728702545166,-3.8065391549935157e-07,0.4862193465232849,0.6204773783683777,-0.037999916821718216,0.5320602059364319,0.526436984539032,-0.05170976743102074,0.5204004645347595,0.43561694025993347,-0.06068476662039757,0.493833988904953,0.3656739592552185,-0.06387755274772644,0.5126718878746033,0.4285198450088501,-0.026077989488840103,0.5300034880638123,0.39654505252838135,-0.07099723815917969,0.5147981643676758,0.4685952663421631,-0.09290877729654312,0.4976825714111328,0.5269415378570557,-0.09877587109804153,0.4602290391921997,0.41973474621772766,-0.02121339552104473,0.47161656618118286,0.3850957453250885,-0.06981979310512543,0.4672815203666687,0.4774918258190155,-0.07874653488397598,0.4649052917957306,0.538369357585907,-0.07131139189004898,0.41197365522384644,0.428411602973938,-0.023426538333296776,0.4201434254646301,0.41984522342681885,-0.0717778131365776,0.43015772104263306,0.5092940330505371,-0.06361375004053116,0.43627917766571045,0.5585269927978516,-0.043705374002456665,0.36418578028678894,0.45025435090065,-0.028276002034544945,0.3804857134819031,0.44775205850601196,-0.06107717007398605,0.3966060280799866,0.515009880065918,-0.05494220182299614,0.4051779508590698,0.546004056930542,-0.04003317654132843
0.42959076166152954,0.6502393484115601,-3.962414609759435e-07,0.4869394898414612,0.6205118894577026,-0.038161370903253555,0.5325708985328674,0.5257216095924377,-0.051609866321086884,0.5198937654495239,0.43393346667289734,-0.06014607101678848,0.49421194195747375,0.36285698413848877,-0.06294187158346176,0.5149598121643066,0.4258635938167572,-0.025483502075076103,0.5316137075424194,0.3973081707954407,-0.0695159062743187,0.5162060856819153,0.46946418285369873,-0.09119187295436859,0.4978916049003601,0.5281714200973511,-0.0971587523818016,0.46231406927108765,0.41556233167648315,-0.02031688578426838,0.47258925437927246,0.3849264979362488,-0.06712721288204193,0.46807238459587097,0.47733333706855774,-0.07523929327726364,0.46497252583503723,0.5382189750671387,-0.06769958138465881,0.4135834276676178,0.4234306216239929,-0.022350061684846878,0.421394407749176,0.4180457293987274,-0.0694272369146347,0.43125176429748535,0.5079971551895142,-0.06124887987971306,0.43704506754875183,0.5572755336761475,-0.04176910221576691,0.36534351110458374,0.44534289836883545,-0.02709515206515789,0.38131004571914673,0.44702231884002686,-0.05949193984270096,0.39732035994529724,0.5142620205879211,-0.05387525260448456,0.4061245918273926,0.5442356467247009,-0.03955255076289177
0.42936766147613525,0.6484006643295288,-3.8421373460550967e-07,0.4863673150539398,0.6198523640632629,-0.03622991219162941,0.5342270731925964,0.5274938344955444,-0.04949433356523514,0.5262243151664734,0.4362078607082367,-0.058440301567316055,0.4966083765029907,0.36889639496803284,-0.061813097447156906,0.5153822302818298,0.42462095618247986,-0.024261897429823875,0.5330226421356201,0.39602130651474,-0.06911890208721161,0.5169672966003418,0.46717721223831177,-0.09184402972459793,0.49941322207450867,0.5264058709144592,-0.09834140539169312,0.4629126787185669,0.41380229592323303,-0.02014165371656418,0.4727599322795868,0.38491201400756836,-0.06974727660417557,0.46805816888809204,0.47755542397499084,-0.0795789584517479,0.46658384799957275,0.5409989356994629,-0.0724940076470375,0.4140457510948181,0.42144858837127686,-0.022926706820726395,0.42147478461265564,0.4181993305683136,-0.07099106162786484,0.4313286244869232,0.5070227384567261,-0.06355967372655869,0.4388498067855835,0.5578852295875549,-0.044171612709760666,0.3659985065460205,0.4426195025444031,-0.028359118849039078,0.3810354471206665,0.4472462236881256,-0.06109076365828514,0.39725732803344727,0.5141955614089966,-0.05621837452054024,0.4081052541732788,0.5450271964073181,-0.04217030853033066
0.43037423491477966,0.6478934288024902,-3.736097653472825e-07,0.4878430962562561,0.6175413727760315,-0.03646524250507355,0.5342719554901123,0.5243133902549744,-0.04984729364514351,0.5235288143157959,0.43382710218429565,-0.058845404535532,0.49579742550849915,0.3655674457550049,-0.06219211220741272,0.5156282186508179,0.4231184720993042,-0.023963022977113724,0.5330101847648621,0.39605477452278137,-0.06913754343986511,0.5176801681518555,0.46703892946243286,-0.09229875355958939,0.5002742409706116,0.5267388820648193,-0.09898834675550461,0.4629916250705719,0.4125143587589264,-0.01978382281959057,0.4737991690635681,0.38387414813041687,-0.06892220675945282,0.4695030748844147,0.47576242685317993,-0.07903933525085449,0.4675872027873993,0.538926899433136,-0.0722241923213005,0.4141445457935333,0.4200360178947449,-0.02259366773068905,0.42250990867614746,0.41739770770072937,-0.07054755091667175,0.4322367012500763,0.506128191947937,-0.06337885558605194,0.4390033781528473,0.5561530590057373,-0.04415834695100784,0.3658960461616516,0.4413743019104004,-0.02805151790380478,0.3822953701019287,0.4461132884025574,-0.0603756420314312,0.3981156051158905,0.5126919746398926,-0.05513383820652962,0.40786507725715637,0.5428919196128845,-0.0408928282558918
0.4299834668636322,0.6459006071090698,-3.9703948573333037e-07,0.48676276206970215,0.6184491515159607,-0.03600779548287392,0.5341821312904358,0.5259195566177368,-0.04876677691936493,0.524541437625885,0.435201495885849,-0.05701501667499542,0.49812179803848267,0.36624589562416077,-0.059602782130241394,0.5150105953216553,0.42362597584724426,-0.024349378421902657,0.5334798097610474,0.39474648237228394,-0.0679713785648346,0.5179232358932495,0.4664929509162903,-0.08961866050958633,0.4997892677783966,0.5244905352592468,-0.09564022719860077,0.462898313999176,0.4130489230155945,-0.020097265020012856,0.47403648495674133,0.38367027044296265,-0.06747769564390182,0.46995994448661804,0.4764711558818817,-0.07625577598810196,0.4675533175468445,0.5371358394622803,-0.06912709772586823,0.4145668148994446,0.42109179496765137,-0.022631840780377388,0.4229278266429901,0.4152028560638428,-0.06991216540336609,0.4332105219364166,0.5051965713500977,-0.062108661979436874,0.4395592510700226,0.5547687411308289,-0.042854875326156616,0.3668045401573181,0.4429173469543457,-0.027660580351948738,0.3823394775390625,0.4459988474845886,-0.06041809171438217,0.39911937713623047,0.513197660446167,-0.05530383065342903,0.4089986979961395,0.5433556437492371,-0.041253913193941116
0.4305363893508911,0.6450758576393127,-3.847093807962665e-07,0.4864632487297058,0.6182531118392944,-0.03573260456323624,0.5337344408035278,0.5286352038383484,-0.04908153787255287,0.5286295413970947,0.4389379918575287,-0.05824921652674675,0.5028449296951294,0.36915135383605957,-0.06182168051600456,0.5167785882949829,0.41874346137046814,-0.023501507937908173,0.5349980592727661,0.39444106817245483,-0.06806975603103638,0.5187579989433289,0.46569544076919556,-0.09135852009057999,0.5002069473266602,0.5245063304901123,-0.09835445135831833,0.4647814631462097,0.406352162361145,-0.019622813910245895,0.4755370318889618,0.38312703371047974,-0.0670769140124321,0.47074565291404724,0.47495901584625244,-0.0762796476483345,0.4681154191493988,0.5364137887954712,-0.06946179270744324,0.4155336320400238,0.41390568017959595,-0.022719675675034523,0.42452558875083923,0.4156252145767212,-0.06908562779426575,0.43386924266815186,0.5045300722122192,-0.061317749321460724,0.4398614466190338,0.5544388294219971,-0.04229846969246864,0.36718127131462097,0.43572670221328735,-0.028579682111740112,0.38376155495643616,0.44411829113960266,-0.060127440840005875,0.39956098794937134,0.51036536693573,-0.054877232760190964,0.40921133756637573,0.5405292510986328,-0.040842026472091675
0.43278732895851135,0.6500872373580933,-4.022792552405008e-07,0.49180105328559875,0.6204428672790527,-0.037597548216581345,0.5383514165878296,0.5278314352035522,-0.051610272377729416,0.527057945728302,0.4386601150035858,-0.061196696013212204,0.4980299770832062,0.37257254123687744,-0.06473636627197266,0.5204749703407288,0.4170500338077545,-0.023838680237531662,0.5360386371612549,0.39971646666526794,-0.07050707191228867,0.5212904810905457,0.4731120765209198,-0.09461535513401031,0.5050395727157593,0.5336998701095581,-0.10168292373418808,0.4669840633869171,0.4050408601760864,-0.019610097631812096,0.47605404257774353,0.38994136452674866,-0.07002123445272446,0.4729291498661041,0.48465490341186523,-0.08004043996334076,0.47231170535087585,0.5468928813934326,-0.0729985237121582,0.4173377752304077,0.4139266312122345,-0.022774914279580116,0.42449721693992615,0.4204908013343811,-0.0723327174782753,0.43494969606399536,0.5127968192100525,-0.06497301161289215,0.44246727228164673,0.5643664598464966,-0.0452662892639637,0.36864110827445984,0.43777918815612793,-0.02880731038749218,0.382880300283432,0.4503989815711975,-0.06269808858633041,0.3997013568878174,0.5179824233055115,-0.058035027235746384,0.4109889566898346,0.5479192733764648,-0.04371652379631996
0.4367547631263733,0.67207932472229,-3.7391939144981734e-07,0.4927772581577301,0.645767092704773,-0.037626855075359344,0.5405017733573914,0.5603712797164917,-0.05312129482626915,0.5330486297607422,0.47288402915000916,-0.06389345973730087,0.4986927807331085,0.41120168566703796,-0.06863666325807571,0.520527184009552,0.44076964259147644,-0.028388231992721558,0.5359735488891602,0.42621269822120667,-0.07488227635622025,0.521760880947113,0.5010545253753662,-0.0984722226858139,0.5065346956253052,0.5589029788970947,-0.10545458644628525,0.4666863679885864,0.424271821975708,-0.023796888068318367,0.47527560591697693,0.4183705449104309,-0.07235420495271683,0.47269952297210693,0.5119143724441528,-0.08099856972694397,0.4730488955974579,0.5704455971717834,-0.07396200299263,0.41603633761405945,0.43115103244781494,-0.026234444230794907,0.4233115315437317,0.45444828271865845,-0.07269205152988434,0.43425512313842773,0.5442746877670288,-0.06532362103462219,0.4433884918689728,0.5922834873199463,-0.04675964638590813,0.3673495650291443,0.4532463848590851,-0.03173225000500679,0.3810018301010132,0.4811302423477173,-0.061311475932598114,0.3981391191482544,0.5459993481636047,-0.05680293217301369,0.41091710329055786,0.5720909833908081,-0.043770089745521545
0.4359510540962219,0.6748321056365967,-3.714384035902185e-07,0.4911229610443115,0.6487289667129517,-0.03694764897227287,0.5385715961456299,0.5649350881576538,-0.05192779749631882,0.5343879461288452,0.4792666733264923,-0.06246136501431465,0.5038778185844421,0.41532784700393677,-0.06703153997659683,0.518761396408081,0.43989652395248413,-0.02544853836297989,0.5360428094863892,0.42816996574401855,-0.07149306684732437,0.5213456153869629,0.5024430155754089,-0.0959421768784523,0.5048887133598328,0.5588417649269104,-0.10370245575904846,0.46591803431510925,0.4228370785713196,-0.02114318683743477,0.4766610860824585,0.42081865668296814,-0.06838707625865936,0.4731541872024536,0.5135921239852905,-0.07788897305727005,0.47207605838775635,0.569858968257904,-0.07187961041927338,0.4156067669391632,0.4306144118309021,-0.023880988359451294,0.42427852749824524,0.4541952311992645,-0.06970779597759247,0.4349815547466278,0.5439751744270325,-0.06291612982749939,0.44369810819625854,0.5912983417510986,-0.04501522704958916,0.36692726612091064,0.4547857642173767,-0.029635436832904816,0.3811001777648926,0.48319679498672485,-0.059598468244075775,0.39864155650138855,0.5478383898735046,-0.05543304234743118,0.41202735900878906,0.5744549036026001,-0.042545661330223083
0.4365938603878021,0.6742957830429077,-3.705436881773494e-07,0.49264591932296753,0.6489461064338684,-0.037897851318120956,0.5412529110908508,0.5667410492897034,-0.05387318506836891,0.5375518798828125,0.48113542795181274,-0.06511642038822174,0.5036024451255798,0.420589417219162,-0.07031653821468353,0.5194445848464966,0.4403650462627411,-0.028273440897464752,0.5355786085128784,0.4284736216068268,-0.07532735168933868,0.5205771923065186,0.5041949152946472,-0.0998869314789772,0.5053592324256897,0.5621345043182373,-0.10757894814014435,0.4663042426109314,0.4237050414085388,-0.023681199178099632,0.47564607858657837,0.42076149582862854,-0.07330266386270523,0.47264695167541504,0.5150771737098694,-0.08318503946065903,0.4731687009334564,0.5740258693695068,-0.0768248662352562,0.4157314598560333,0.43152695894241333,-0.02606603316962719,0.42350876331329346,0.4562453627586365,-0.07298219949007034,0.4343520402908325,0.5460185408592224,-0.06623005867004395,0.4439089298248291,0.5938906073570251,-0.04796119034290314,0.36682772636413574,0.45507052540779114,-0.0315522626042366,0.3804139792919159,0.4833296835422516,-0.061331212520599365,0.39784377813339233,0.547659158706665,-0.05723724886775017,0.41156134009361267,0.5735214948654175,-0.04443977028131485
0.4349825978279114,0.6747487187385559,-3.694498786899203e-07,0.49049246311187744,0.6524452567100525,-0.039551157504320145,0.5393005609512329,0.5700222849845886,-0.055646155029535294,0.5377088785171509,0.4852665364742279,-0.06670151650905609,0.5067881345748901,0.4231496751308441,-0.07147669047117233,0.5182843208312988,0.4414230287075043,-0.028731470927596092,0.5358836650848389,0.42780476808547974,-0.07611782103776932,0.5214807391166687,0.5040588974952698,-0.10055340826511383,0.5052565336227417,0.5602687001228333,-0.10809319466352463,0.46599870920181274,0.42419469356536865,-0.0232875794172287,0.4756971299648285,0.42007821798324585,-0.07257629185914993,0.4725803732872009,0.515568733215332,-0.08189421147108078,0.4712873101234436,0.5718170404434204,-0.075286865234375,0.41575056314468384,0.43210476636886597,-0.025131357833743095,0.42306798696517944,0.45382440090179443,-0.07271648198366165,0.43445146083831787,0.5450854301452637,-0.06551720947027206,0.44290173053741455,0.5918745398521423,-0.04691833630204201,0.366999089717865,0.4557114541530609,-0.03012707456946373,0.3805284798145294,0.4817856550216675,-0.06089601665735245,0.3984367251396179,0.5470594167709351,-0.056517958641052246,0.41119804978370667,0.5730416178703308,-0.04338115453720093
0.44442805647850037,0.667621910572052,-3.9945257412909996e-07,0.5003862380981445,0.6453911066055298,-0.040059082210063934,0.549588680267334,0.5646676421165466,-0.056658096611499786,0.5483948588371277,0.4804964065551758,-0.0683467909693718,0.5213406682014465,0.4156709909439087,-0.07360266149044037,0.535683274269104,0.4297718405723572,-0.027116432785987854,0.5503493547439575,0.42460328340530396,-0.07592588663101196,0.5331861972808838,0.5017135143280029,-0.1024322658777237,0.5155420303344727,0.5569503307342529,-0.11138755083084106,0.48257410526275635,0.4099714756011963,-0.02221597172319889,0.4912469685077667,0.4149153530597687,-0.07110646367073059,0.4840194284915924,0.5095414519309998,-0.08114538341760635,0.4797343313694,0.5635692477226257,-0.07511980086565018,0.4312196373939514,0.4176519811153412,-0.0250253863632679,0.43770942091941833,0.4462038278579712,-0.07246536761522293,0.44596627354621887,0.5370563864707947,-0.06586303561925888,0.4523082375526428,0.5820949673652649,-0.04777384549379349,0.3813389241695404,0.4427831172943115,-0.031249891966581345,0.3933309018611908,0.47596099972724915,-0.062263038009405136,0.40993985533714294,0.540553092956543,-0.058337029069662094,0.4224417805671692,0.5648136138916016,-0.0453464649617672
0.4466981291770935,0.6643039584159851,-3.98418336544637e-07,0.502409040927887,0.6434983015060425,-0.03544076904654503,0.5533807873725891,0.5678817629814148,-0.05082377418875694,0.5572102665901184,0.48776426911354065,-0.06190498173236847,0.5301121473312378,0.4277704358100891,-0.0671500489115715,0.5356621146202087,0.42900821566581726,-0.02567736618220806,0.552734375,0.4220094084739685,-0.07162579894065857,0.5354316234588623,0.49951469898223877,-0.09676612168550491,0.5170727372169495,0.5571690201759338,-0.1050080955028534,0.4830637574195862,0.4090689420700073,-0.022311493754386902,0.49382084608078003,0.40950828790664673,-0.06753326952457428,0.4862403869628906,0.5047140717506409,-0.07599799335002899,0.481224000453949,0.5629459619522095,-0.06945236772298813,0.43135666847229004,0.4159119129180908,-0.02587689645588398,0.4401676058769226,0.4424801766872406,-0.06881342083215714,0.4468524754047394,0.5313123464584351,-0.06161413714289665,0.45161372423171997,0.5773738622665405,-0.044135600328445435,0.3810301721096039,0.4401623606681824,-0.032501623034477234,0.3952793478965759,0.46946728229522705,-0.059562087059020996,0.41033151745796204,0.5340372323989868,-0.05407342314720154,0.4208405315876007,0.5605956315994263,-0.04082321375608444
0.44809314608573914,0.6620859503746033,-4.059125444655365e-07,0.5034601092338562,0.6406248807907104,-0.03576499968767166,0.554537832736969,0.5592381358146667,-0.050265245139598846,0.5521963834762573,0.474661648273468,-0.06017008796334267,0.5248640179634094,0.4110524356365204,-0.0642203763127327,0.5364676713943481,0.42840448021888733,-0.02570742927491665,0.5548244714736938,0.4210193157196045,-0.07010959088802338,0.5388361215591431,0.49671679735183716,-0.0933917909860611,0.5201210379600525,0.552632749080658,-0.10049642622470856,0.4830244779586792,0.4095742106437683,-0.02188296616077423,0.4943045377731323,0.4096611440181732,-0.06528256088495255,0.48847708106040955,0.5040743947029114,-0.07241310924291611,0.48390477895736694,0.5600367188453674,-0.06546690315008163,0.4317871630191803,0.4170689284801483,-0.02492349222302437,0.4408474564552307,0.441284716129303,-0.06798924505710602,0.45023563504219055,0.532008945941925,-0.060254838317632675,0.45601657032966614,0.5790107846260071,-0.042494047433137894,0.38197222352027893,0.44194668531417847,-0.030845150351524353,0.3968648910522461,0.4685325026512146,-0.05886758863925934,0.4139460325241089,0.5341751575469971,-0.053243447095155716,0.4251832962036133,0.5618240237236023,-0.03978044167160988
0.4498927593231201,0.6611250638961792,-4.118999754609831e-07,0.5050428509712219,0.6400909423828125,-0.03529787063598633,0.5553826093673706,0.5620543360710144,-0.05047785863280296,0.5558231472969055,0.4787931740283966,-0.0613754577934742,0.529281735420227,0.41485726833343506,-0.06639020144939423,0.5405384302139282,0.4240897595882416,-0.024765247479081154,0.5568913221359253,0.42024028301239014,-0.07039083540439606,0.5387389659881592,0.4967744052410126,-0.09555889666080475,0.5198320746421814,0.5539169311523438,-0.10387415438890457,0.4870120882987976,0.40463384985923767,-0.02145569771528244,0.49625498056411743,0.4091342091560364,-0.06586837768554688,0.48936039209365845,0.5028709173202515,-0.0740976333618164,0.4854881763458252,0.5597425103187561,-0.0678316131234169,0.435261994600296,0.41217049956321716,-0.02508065663278103,0.44283774495124817,0.439617395401001,-0.06730666011571884,0.4507826268672943,0.5292083621025085,-0.05930761620402336,0.4565463066101074,0.5766122341156006,-0.0416710190474987,0.38528838753700256,0.4372000992298126,-0.031864263117313385,0.39849942922592163,0.46808290481567383,-0.05864174664020538,0.41430574655532837,0.5321890711784363,-0.05293508991599083,0.425639271736145,0.5587297677993774,-0.03959731012582779
0.45142510533332825,0.6596801280975342,-4.0528712474952044e-07,0.5071339011192322,0.6370452642440796,-0.0360076017677784,0.5567417144775391,0.5552773475646973,-0.05068393424153328,0.5541104674339294,0.47033488750457764,-0.06092928349971771,0.5280152559280396,0.40511858463287354,-0.0651954784989357,0.5421628952026367,0.4220932722091675,-0.024930860847234726,0.5579294562339783,0.41814082860946655,-0.07111164927482605,0.5406705141067505,0.4952428340911865,-0.09605512022972107,0.522302508354187,0.5534049868583679,-0.1039552316069603,0.4885265529155731,0.40265247225761414,-0.02124842256307602,0.4979420602321625,0.4062688946723938,-0.06663215160369873,0.4908314347267151,0.49965476989746094,-0.07521796971559525,0.48682552576065063,0.5572274327278137,-0.06874821335077286,0.4367756247520447,0.4104419946670532,-0.02465880662202835,0.44394102692604065,0.43897923827171326,-0.06800679862499237,0.45203086733818054,0.5284675359725952,-0.06055986508727074,0.4585253596305847,0.5754916667938232,-0.04281517490744591,0.38673824071884155,0.4360446333885193,-0.03121061995625496,0.39955124258995056,0.4683607220649719,-0.058736205101013184,0.4157283306121826,0.5323672890663147,-0.053535401821136475,0.42801082134246826,0.558205246925354,-0.04031562805175781
0.4507019817829132,0.6586183309555054,-4.061554363943287e-07,0.507014274597168,0.6387383341789246,-0.036340080201625824,0.5589137077331543,0.5592657327651978,-0.051385778933763504,0.5597406029701233,0.4762289524078369,-0.06202556565403938,0.5316597819328308,0.41365745663642883,-0.06669538468122482,0.541316568851471,0.4209739565849304,-0.025036174803972244,0.5587262511253357,0.4181356430053711,-0.0716877356171608,0.5416489839553833,0.4949221909046173,-0.09707124531269073,0.5237640738487244,0.5526122450828552,-0.10519956797361374,0.4882088303565979,0.4013853073120117,-0.021454833447933197,0.4986472725868225,0.4054258465766907,-0.0680849626660347,0.49122530221939087,0.500517725944519,-0.07724607735872269,0.48694097995758057,0.5597242116928101,-0.0707123801112175,0.43660983443260193,0.40927714109420776,-0.02499273233115673,0.4450581669807434,0.4376981258392334,-0.06937973201274872,0.4527425765991211,0.5285326242446899,-0.0622749850153923,0.4588010609149933,0.576968252658844,-0.04429242014884949,0.3864933252334595,0.43472403287887573,-0.031717993319034576,0.4004688262939453,0.46648108959198,-0.059866078197956085,0.41605082154273987,0.5316138863563538,-0.054792992770671844,0.4275135397911072,0.5584942102432251,-0.04145197570323944
0.45104387402534485,0.6573550701141357,-3.923162523733481e-07,0.5069243311882019,0.6356715559959412,-0.03568131476640701,0.5565919280052185,0.5590509176254272,-0.05126461386680603,0.559386670589447,0.47605764865875244,-0.06262579560279846,0.5326070189476013,0.41064366698265076,-0.0681382566690445,0.5397316217422485,0.4217642843723297,-0.026034535840153694,0.5572620034217834,0.4170134663581848,-0.0727396011352539,0.54067462682724,0.4928884506225586,-0.09817396849393845,0.5227131843566895,0.5507572889328003,-0.10642100870609283,0.4865826368331909,0.4015219807624817,-0.022743741050362587,0.498065710067749,0.40484100580215454,-0.06933844834566116,0.4908159077167511,0.49916622042655945,-0.07860767096281052,0.48626887798309326,0.5575186610221863,-0.07265795767307281,0.434887170791626,0.4090169668197632,-0.02631116472184658,0.44468623399734497,0.43491458892822266,-0.07069641351699829,0.4520531892776489,0.5248582363128662,-0.06355780363082886,0.4575735032558441,0.5728160738945007,-0.04593481123447418,0.38468241691589355,0.4342306852340698,-0.03293897956609726,0.39974096417427063,0.4658190906047821,-0.06206176429986954,0.4158877730369568,0.5303654670715332,-0.05761710926890373,0.42756903171539307,0.55693519115448,-0.04473746195435524
