0.4016641676425934,0.8666390180587769,8.786672083260783e-07,0.3610988259315491,0.8031648397445679,-0.06538590043783188,0.3548363745212555,0.7018603682518005,-0.09072361141443253,0.4051998555660248,0.6113508939743042,-0.11033628135919571,0.44817590713500977,0.5378552079200745,-0.12598927319049835,0.327352911233902,0.5409126877784729,-0.042075127363204956,0.3264114558696747,0.402323454618454,-0.07518135011196136,0.32826998829841614,0.3169420063495636,-0.09624597430229187,0.3296748399734497,0.24220010638237,-0.10787622630596161,0.3766208589076996,0.5323542952537537,-0.032666660845279694,0.3718098998069763,0.3852930963039398,-0.06638304889202118,0.37386593222618103,0.2952004671096802,-0.08622763305902481,0.3772290349006653,0.21606570482254028,-0.09349566698074341,0.4227672517299652,0.5609718561172485,-0.031756844371557236,0.446139395236969,0.5160701274871826,-0.08687987923622131,0.438446581363678,0.6021382212638855,-0.09876331686973572,0.4275742471218109,0.655002772808075,-0.08882033079862595,0.4626825749874115,0.6097108721733093,-0.035919688642024994,0.4789888262748718,0.5631685853004456,-0.07819026708602905,0.46549296379089355,0.6300700902938843,-0.07947859913110733,0.4521780014038086,0.6797752976417542,-0.06910526752471924
0.4036998152732849,0.8494346141815186,9.007290486806596e-07,0.36871999502182007,0.7843910455703735,-0.06788771599531174,0.3664320707321167,0.6861445903778076,-0.09297044575214386,0.415818989276886,0.5978552103042603,-0.11154521256685257,0.4572819173336029,0.5251346826553345,-0.12612363696098328,0.33514299988746643,0.531309187412262,-0.04331086575984955,0.334320068359375,0.39301419258117676,-0.07630305737257004,0.33639025688171387,0.3067567050457001,-0.09708066284656525,0.33827197551727295,0.23207443952560425,-0.10810420662164688,0.38331669569015503,0.5222830772399902,-0.03128275275230408,0.38008081912994385,0.37661176919937134,-0.0640689954161644,0.3827419579029083,0.28658267855644226,-0.08313018083572388,0.3869739770889282,0.20765361189842224,-0.08969307690858841,0.4278492331504822,0.5493959784507751,-0.028047680854797363,0.452786922454834,0.5076467990875244,-0.0827416330575943,0.44526106119155884,0.5900813341140747,-0.09601471573114395,0.43561142683029175,0.6424409747123718,-0.08677883446216583,0.4654002785682678,0.5951831936836243,-0.03008207120001316,0.48174425959587097,0.5545181035995483,-0.07287987321615219,0.46967604756355286,0.6183468103408813,-0.07611935585737228,0.45859017968177795,0.6673492789268494,-0.06686542928218842
0.40320760011672974,0.8478207588195801,8.899860972633178e-07,0.36820319294929504,0.7824640870094299,-0.06640326976776123,0.36561352014541626,0.6843917965888977,-0.09125562757253647,0.41442880034446716,0.5975885987281799,-0.10992639511823654,0.4561283588409424,0.5252940654754639,-0.12459701299667358,0.3346218466758728,0.5281028151512146,-0.041940778493881226,0.3342025876045227,0.3911452889442444,-0.07414712756872177,0.3359259366989136,0.3057129383087158,-0.09474292397499084,0.33736035227775574,0.23168429732322693,-0.10596203058958054,0.3828515112400055,0.5205729007720947,-0.030923156067728996,0.3795599639415741,0.37545403838157654,-0.06290826946496964,0.3820952773094177,0.2863156199455261,-0.08182825893163681,0.3861210346221924,0.20788219571113586,-0.08870917558670044,0.4275463819503784,0.5493142008781433,-0.028601476922631264,0.4516316056251526,0.5062436461448669,-0.08261407166719437,0.44386500120162964,0.5888450145721436,-0.09570010006427765,0.4339747130870819,0.640777587890625,-0.0867903009057045,0.46535348892211914,0.5965595245361328,-0.03143467381596565,0.48157423734664917,0.5530073046684265,-0.07371164858341217,0.4688454568386078,0.6161144971847534,-0.07675284892320633,0.45710042119026184,0.664618194103241,-0.0677422508597374
0.40260550379753113,0.8467502593994141,8.830399451653648e-07,0.36791953444480896,0.7816236615180969,-0.06521102041006088,0.36595267057418823,0.6827704906463623,-0.08995412290096283,0.4148602783679962,0.5952039361000061,-0.10883648693561554,0.4567427337169647,0.5230143070220947,-0.12380030006170273,0.33454465866088867,0.5280045866966248,-0.041973646730184555,0.33447369933128357,0.390998512506485,-0.0745072141289711,0.33657383918762207,0.30587711930274963,-0.09520937502384186,0.3382631838321686,0.23202630877494812,-0.10636621713638306,0.38312697410583496,0.5202282667160034,-0.03146153315901756,0.3800833523273468,0.3756175637245178,-0.06333018839359283,0.38274434208869934,0.2862662374973297,-0.08196349442005157,0.3865101635456085,0.20780020952224731,-0.08868791162967682,0.4279250204563141,0.548591136932373,-0.029485857114195824,0.45115771889686584,0.5063137412071228,-0.0827239602804184,0.44360318779945374,0.5877645611763,-0.09512965381145477,0.4339453876018524,0.6400231719017029,-0.0858827605843544,0.4655887186527252,0.5954356789588928,-0.03265857696533203,0.48161834478378296,0.5528139472007751,-0.07395379990339279,0.4693809449672699,0.614332914352417,-0.07650178670883179,0.45845040678977966,0.6626315712928772,-0.06718319654464722
0.40297555923461914,0.8504932522773743,8.868647114468331e-07,0.36626529693603516,0.7843371033668518,-0.06579209864139557,0.3639429211616516,0.6841839551925659,-0.09020302444696426,0.41385790705680847,0.5955514907836914,-0.10849934816360474,0.45583832263946533,0.5236618518829346,-0.12282882630825043,0.33414900302886963,0.5299773216247559,-0.04121185094118118,0.3341984748840332,0.39282849431037903,-0.07364159822463989,0.336255818605423,0.30795449018478394,-0.09443245083093643,0.3378136157989502,0.23435166478157043,-0.10563672333955765,0.38283488154411316,0.5220826268196106,-0.03036169894039631,0.38033533096313477,0.37661996483802795,-0.0621834434568882,0.38268303871154785,0.28700709342956543,-0.08099941909313202,0.3858678340911865,0.20832672715187073,-0.08766761422157288,0.42755213379859924,0.5503188371658325,-0.02820529416203499,0.45125916600227356,0.5072009563446045,-0.08153066784143448,0.44286227226257324,0.5887957811355591,-0.0942859947681427,0.43219858407974243,0.6401623487472534,-0.08518947660923004,0.4650551676750183,0.5971666574478149,-0.031229689717292786,0.4814155399799347,0.5545008182525635,-0.07288914918899536,0.46818792819976807,0.617400586605072,-0.07559437304735184,0.4558105766773224,0.665560245513916,-0.06629078835248947
0.4018574655056,0.8554214835166931,8.613735076323792e-07,0.3646465837955475,0.7897156476974487,-0.06402558833360672,0.36265692114830017,0.689009428024292,-0.08770066499710083,0.4120945930480957,0.6008474826812744,-0.10575009137392044,0.454473078250885,0.5303176045417786,-0.12000527232885361,0.33420228958129883,0.533420979976654,-0.04008646681904793,0.33438101410865784,0.39644157886505127,-0.07227470725774765,0.3362887501716614,0.3122375011444092,-0.0925571620464325,0.3379117250442505,0.23926150798797607,-0.10327430814504623,0.38322368264198303,0.526483952999115,-0.03048250451683998,0.3807181715965271,0.38035374879837036,-0.061894360929727554,0.3827841579914093,0.2916824519634247,-0.0798942968249321,0.3859127163887024,0.21472150087356567,-0.08592040836811066,0.4284592270851135,0.5560405850410461,-0.02946978621184826,0.4502978026866913,0.5124067068099976,-0.08289635181427002,0.44181540608406067,0.5944949984550476,-0.09521511197090149,0.4317086338996887,0.6464477181434631,-0.08577489852905273,0.46607762575149536,0.6047268509864807,-0.03345315530896187,0.4819028973579407,0.5603185296058655,-0.07503067702054977,0.4674765467643738,0.6242495775222778,-0.07706815004348755,0.45452240109443665,0.6741129755973816,-0.06730204820632935
0.4024164378643036,0.860775351524353,8.400996307500463e-07,0.36653220653533936,0.793160080909729,-0.06474418193101883,0.3669116497039795,0.6893209218978882,-0.08725390583276749,0.4170469045639038,0.6024072170257568,-0.10392507910728455,0.4571235179901123,0.5325874090194702,-0.11700465530157089,0.3388865292072296,0.5354211926460266,-0.03901020810008049,0.3386038839817047,0.3978290855884552,-0.07007178664207458,0.33971425890922546,0.31333693861961365,-0.09037405252456665,0.3405492603778839,0.23971974849700928,-0.10156340152025223,0.38750237226486206,0.5310249328613281,-0.028772912919521332,0.3845628499984741,0.38533371686935425,-0.05900033190846443,0.3865027129650116,0.2975867688655853,-0.07777711749076843,0.3902930021286011,0.22037938237190247,-0.08496224880218506,0.4315752387046814,0.5623681545257568,-0.027275344356894493,0.453166663646698,0.5152912735939026,-0.08033764362335205,0.44415372610092163,0.5968948602676392,-0.09479653835296631,0.4341091513633728,0.6472810506820679,-0.08728355169296265,0.46821704506874084,0.6118990182876587,-0.030737467110157013,0.48376041650772095,0.5641536712646484,-0.07249941676855087,0.4694572389125824,0.6267271637916565,-0.07622554898262024,0.45682424306869507,0.6744997501373291,-0.06818181276321411
0.40599754452705383,0.8594741225242615,8.738126666685275e-07,0.36930087208747864,0.7928414344787598,-0.06603262573480606,0.3677643835544586,0.6922832131385803,-0.09018158167600632,0.41835397481918335,0.6052423715591431,-0.10812188684940338,0.46022140979766846,0.5341058373451233,-0.1221671923995018,0.33889007568359375,0.5366645455360413,-0.04169553145766258,0.3390462398529053,0.39961421489715576,-0.07392597943544388,0.3417277932167053,0.3145916759967804,-0.09476099163293839,0.344225138425827,0.24084055423736572,-0.10617155581712723,0.3875833749771118,0.5307247638702393,-0.030724842101335526,0.38522863388061523,0.3842124938964844,-0.06243431940674782,0.38830241560935974,0.29512935876846313,-0.0813092440366745,0.3928736746311188,0.21692782640457153,-0.08827537298202515,0.43192434310913086,0.5609963536262512,-0.028432190418243408,0.4554828405380249,0.5147991180419922,-0.08180330693721771,0.4468652307987213,0.5962230563163757,-0.09490219503641129,0.4364685118198395,0.6471400260925293,-0.08630432933568954,0.4689332842826843,0.6098740100860596,-0.031238162890076637,0.48576492071151733,0.5641683340072632,-0.07264895737171173,0.47177061438560486,0.6264545321464539,-0.07545047253370285,0.45839765667915344,0.6737443208694458,-0.06660562753677368
0.4068213701248169,0.857000470161438,8.674252853779763e-07,0.3704380393028259,0.7911517024040222,-0.06567616760730743,0.3684912919998169,0.6901121735572815,-0.08961606025695801,0.41878944635391235,0.6030521392822266,-0.10746709257364273,0.46040675044059753,0.5318281054496765,-0.12160155177116394,0.339830219745636,0.5354532599449158,-0.04144639894366264,0.3402503430843353,0.39790090918540955,-0.07271963357925415,0.34289196133613586,0.3137510418891907,-0.0928901955485344,0.3450053036212921,0.24061629176139832,-0.10395613312721252,0.38864946365356445,0.5301216840744019,-0.030538948252797127,0.3861280679702759,0.38384413719177246,-0.06107943877577782,0.3890850841999054,0.29623499512672424,-0.07979676127433777,0.3934299945831299,0.2192593216896057,-0.08699288219213486,0.4330378770828247,0.5604749321937561,-0.02824821136891842,0.45533594489097595,0.5141718983650208,-0.08095934987068176,0.4466712474822998,0.5947123765945435,-0.09516569972038269,0.4365816116333008,0.6448934078216553,-0.08760908991098404,0.47008761763572693,0.6089119911193848,-0.030944153666496277,0.48615291714668274,0.5612162351608276,-0.07194186002016068,0.4722484052181244,0.6225658059120178,-0.07541760057210922,0.45979225635528564,0.6702723503112793,-0.06731545180082321
0.40423834323883057,0.8562783002853394,8.704130323167192e-07,0.3695759177207947,0.7882991433143616,-0.06455036997795105,0.3685777187347412,0.6880609393119812,-0.08838987350463867,0.4191138446331024,0.6003580689430237,-0.10637073963880539,0.46063232421875,0.5280520915985107,-0.1207512691617012,0.3391134738922119,0.5348471403121948,-0.04000915586948395,0.34082168340682983,0.3981492519378662,-0.07164492458105087,0.3440489172935486,0.31429266929626465,-0.09237273037433624,0.34652796387672424,0.2412743866443634,-0.10384278744459152,0.3884122371673584,0.5293270945549011,-0.029582900926470757,0.3867204785346985,0.3834589719772339,-0.0605735145509243,0.3897040784358978,0.2962419092655182,-0.07961392402648926,0.39435482025146484,0.21881231665611267,-0.08692283928394318,0.4333180785179138,0.5599471926689148,-0.027616657316684723,0.45549964904785156,0.5129790306091309,-0.08072640746831894,0.4458417594432831,0.593954861164093,-0.09418868273496628,0.4359660744667053,0.6448674201965332,-0.08598413318395615,0.4706263244152069,0.6092708110809326,-0.030527865514159203,0.4857267439365387,0.5612397193908691,-0.07232444733381271,0.4716581404209137,0.6235712766647339,-0.07531958818435669,0.46013060212135315,0.6717716455459595,-0.06653113663196564
0.4069783687591553,0.8549454808235168,8.593421512159694e-07,0.37028229236602783,0.7891574501991272,-0.06471136957406998,0.367635577917099,0.6900162100791931,-0.08908390998840332,0.4174574911594391,0.6023058891296387,-0.10764693468809128,0.46024152636528015,0.5302416682243347,-0.12242662161588669,0.3397270739078522,0.53529953956604,-0.04130666330456734,0.3404829502105713,0.39871469140052795,-0.0735897421836853,0.3429466485977173,0.3147923946380615,-0.09403003007173538,0.3451874256134033,0.24174067378044128,-0.10507724434137344,0.38873323798179626,0.5286311507225037,-0.031039295718073845,0.3873588442802429,0.38380861282348633,-0.06288625299930573,0.3903907239437103,0.2962093651294708,-0.08149752020835876,0.39461398124694824,0.21916639804840088,-0.08829140663146973,0.4332059323787689,0.5578328371047974,-0.029293788596987724,0.456083744764328,0.5122824311256409,-0.08273877948522568,0.4470296800136566,0.5935102105140686,-0.09553591161966324,0.43680399656295776,0.6446344256401062,-0.0867503434419632,0.47007066011428833,0.6056156158447266,-0.03252756968140602,0.48570746183395386,0.5606334209442139,-0.07385144382715225,0.4716604948043823,0.6225817203521729,-0.07646527141332626,0.4592090845108032,0.6704069375991821,-0.06743115186691284
0.40521854162216187,0.8531417846679688,8.825038548820885e-07,0.3704841136932373,0.7871607542037964,-0.06479448825120926,0.36828869581222534,0.6886285543441772,-0.08960232138633728,0.4178808331489563,0.6026818752288818,-0.10859077423810959,0.4605261981487274,0.5323271751403809,-0.1238856166601181,0.33957159519195557,0.5343207120895386,-0.042028337717056274,0.34074005484580994,0.3980275094509125,-0.07420318573713303,0.3436526656150818,0.31413406133651733,-0.09503375738859177,0.34628352522850037,0.2411622703075409,-0.10661319643259048,0.38845446705818176,0.5284498333930969,-0.03160913288593292,0.38673439621925354,0.38392531871795654,-0.06283656507730484,0.39013442397117615,0.29686757922172546,-0.08160114288330078,0.39502087235450745,0.21930253505706787,-0.08893085271120071,0.4330678880214691,0.5587214827537537,-0.029601966962218285,0.4556315541267395,0.5142374038696289,-0.08215136080980301,0.4463449716567993,0.5948578715324402,-0.09522657096385956,0.4363865852355957,0.6458227038383484,-0.08708794414997101,0.4700813293457031,0.607343316078186,-0.032595910131931305,0.4860481023788452,0.5629057288169861,-0.07376734167337418,0.47198978066444397,0.6240962743759155,-0.0769289880990982,0.4597383737564087,0.67134690284729,-0.06853979080915451
0.40648549795150757,0.8539592623710632,8.747254014451755e-07,0.3695027530193329,0.7885991930961609,-0.06366521865129471,0.3672392964363098,0.6890953183174133,-0.0880705788731575,0.4176925718784332,0.6025033593177795,-0.10708649456501007,0.4608471393585205,0.5323829650878906,-0.1224522590637207,0.33954164385795593,0.5356494188308716,-0.04095062240958214,0.341058611869812,0.3992592990398407,-0.07383127510547638,0.3436121940612793,0.31456494331359863,-0.0950145348906517,0.34597811102867126,0.2409282624721527,-0.1067422404885292,0.38869863748550415,0.5293521881103516,-0.031549494713544846,0.3875579237937927,0.38512662053108215,-0.06433795392513275,0.3906141221523285,0.2968599498271942,-0.08395055681467056,0.3950866758823395,0.21835824847221375,-0.09151152521371841,0.4336165189743042,0.5591053366661072,-0.03044538013637066,0.45634034276008606,0.513749361038208,-0.0840473473072052,0.44695350527763367,0.5949129462242126,-0.09620846062898636,0.4368959963321686,0.6463689804077148,-0.08703592419624329,0.4707852602005005,0.6077188849449158,-0.034315455704927444,0.48679664731025696,0.5624282956123352,-0.07572538405656815,0.4726180136203766,0.6237356066703796,-0.07775662839412689,0.46027204394340515,0.6714022755622864,-0.06825484335422516
0.405097633600235,0.8538509607315063,8.846841410559136e-07,0.36914363503456116,0.787301778793335,-0.06385815143585205,0.3678874671459198,0.6869728565216064,-0.08737242221832275,0.4189172387123108,0.6008262634277344,-0.10522367805242538,0.461992472410202,0.5316006541252136,-0.11947989463806152,0.3389335572719574,0.5354888439178467,-0.03986073657870293,0.34065020084381104,0.39872846007347107,-0.07155069708824158,0.34367871284484863,0.31407663226127625,-0.09217148274183273,0.3458644151687622,0.24085241556167603,-0.10357514023780823,0.3881692588329315,0.5294257402420044,-0.029681680724024773,0.386910617351532,0.38433030247688293,-0.060680076479911804,0.3900541365146637,0.29642581939697266,-0.07946928590536118,0.3945380449295044,0.2185666859149933,-0.08659247308969498,0.43298274278640747,0.5594538450241089,-0.027912436053156853,0.45515191555023193,0.5139390230178833,-0.08039495348930359,0.4463796615600586,0.5944591164588928,-0.09331879019737244,0.437116801738739,0.6456099152565002,-0.08477916568517685,0.47015997767448425,0.6079321503639221,-0.031086448580026627,0.48569005727767944,0.5624593496322632,-0.0723251923918724,0.4719955325126648,0.6237490177154541,-0.07523452490568161,0.460547536611557,0.6714173555374146,-0.06640054285526276
0.40533310174942017,0.8533385992050171,8.866712732924498e-07,0.36981838941574097,0.7869407534599304,-0.0651230663061142,0.3675859570503235,0.688051700592041,-0.08958140015602112,0.41783520579338074,0.6016508936882019,-0.10825047641992569,0.4616736173629761,0.5310011506080627,-0.1231873482465744,0.33880436420440674,0.5340116024017334,-0.04045356810092926,0.3400919735431671,0.39797791838645935,-0.0724603682756424,0.34263548254966736,0.31333595514297485,-0.09322449564933777,0.3445398807525635,0.23985111713409424,-0.10470893979072571,0.38762953877449036,0.5277146100997925,-0.029911303892731667,0.3861141800880432,0.3831614851951599,-0.06166725233197212,0.38930821418762207,0.29479679465293884,-0.08067832887172699,0.3936542272567749,0.21695858240127563,-0.08775193989276886,0.43233180046081543,0.5575739145278931,-0.027921084314584732,0.4557570517063141,0.5112422704696655,-0.08156115561723709,0.4479174315929413,0.5928522348403931,-0.09429951012134552,0.43871545791625977,0.6448324918746948,-0.0852641612291336,0.46951907873153687,0.6059364080429077,-0.030936244875192642,0.4857800006866455,0.5591489672660828,-0.07293468713760376,0.47242364287376404,0.6214616298675537,-0.0755961611866951,0.46072548627853394,0.6699420213699341,-0.06632957607507706
0.4052464962005615,0.8525794744491577,8.742131285544019e-07,0.3695727586746216,0.785610020160675,-0.06560155004262924,0.3680408298969269,0.6858190894126892,-0.0894569382071495,0.4186430275440216,0.5987951755523682,-0.10728127509355545,0.4613702893257141,0.5271409749984741,-0.12133826315402985,0.3389505445957184,0.5329090356826782,-0.040150366723537445,0.3395368456840515,0.3968014121055603,-0.07185937464237213,0.3422849178314209,0.31260448694229126,-0.09255915135145187,0.344407856464386,0.23951730132102966,-0.10399791598320007,0.3880537450313568,0.5268890857696533,-0.029187913984060287,0.3858795762062073,0.3822444677352905,-0.06020306050777435,0.3889739513397217,0.29459285736083984,-0.07904756814241409,0.393429696559906,0.21769946813583374,-0.08616246283054352,0.4326157569885254,0.5569450855255127,-0.026977958157658577,0.4550824761390686,0.5118081569671631,-0.0803799107670784,0.447083979845047,0.5925649404525757,-0.09410654753446579,0.4380547106266022,0.6435986161231995,-0.08589134365320206,0.469581663608551,0.605489194393158,-0.02979457750916481,0.48579806089401245,0.5591172575950623,-0.0717923492193222,0.47238463163375854,0.6207654476165771,-0.07530957460403442,0.46047455072402954,0.6687490940093994,-0.06687110662460327
0.4058765769004822,0.851967990398407,8.858293654157023e-07,0.3704987168312073,0.7858647108078003,-0.06594056636095047,0.3684723973274231,0.686543345451355,-0.08999898284673691,0.4181448519229889,0.5986524820327759,-0.10790421813726425,0.46016544103622437,0.5256139636039734,-0.12200894951820374,0.33792757987976074,0.5327310562133789,-0.040360260754823685,0.3391489088535309,0.39658957719802856,-0.07186031341552734,0.34210342168807983,0.31225645542144775,-0.09218063205480576,0.3444090187549591,0.23927289247512817,-0.10325337201356888,0.38719040155410767,0.5264096856117249,-0.029021212831139565,0.3858579993247986,0.38161352276802063,-0.06019071117043495,0.38922274112701416,0.29338711500167847,-0.07894423604011536,0.3936568796634674,0.21617648005485535,-0.08584266901016235,0.431991308927536,0.5561966300010681,-0.026365894824266434,0.4548943042755127,0.51016765832901,-0.07983856648206711,0.44691452383995056,0.5905534625053406,-0.0934465080499649,0.4377593994140625,0.6417624354362488,-0.08508820086717606,0.46913638710975647,0.6042340993881226,-0.028708918020129204,0.485384464263916,0.5588207840919495,-0.07084991782903671,0.47233203053474426,0.6206987500190735,-0.07435273379087448,0.46077921986579895,0.6684757471084595,-0.06575900316238403
0.40642857551574707,0.850683867931366,8.805172342363221e-07,0.3717305660247803,0.7848987579345703,-0.06665875017642975,0.37055468559265137,0.6850465536117554,-0.09040994942188263,0.41928204894065857,0.5984574556350708,-0.10767573118209839,0.4597775638103485,0.5277124047279358,-0.12115359306335449,0.3389398753643036,0.5308969616889954,-0.04117383435368538,0.33970892429351807,0.3950692117214203,-0.07233935594558716,0.34255164861679077,0.310989648103714,-0.0926637053489685,0.34486299753189087,0.23767420649528503,-0.10390976816415787,0.3877438008785248,0.5247248411178589,-0.02928757108747959,0.3855708837509155,0.3811851441860199,-0.05955306813120842,0.3893021047115326,0.29411742091178894,-0.07798513770103455,0.3944723904132843,0.2170935571193695,-0.08493237942457199,0.4322350323200226,0.5545593500137329,-0.026174891740083694,0.45538848638534546,0.511481761932373,-0.07910334318876266,0.44720378518104553,0.5921820998191833,-0.09353961050510406,0.437690407037735,0.6427121162414551,-0.0859818309545517,0.4692017734050751,0.6026254296302795,-0.028138402849435806,0.48519402742385864,0.5597444772720337,-0.07037182152271271,0.4720340371131897,0.6219577193260193,-0.07486550509929657,0.4603690505027771,0.6694685816764832,-0.06716284155845642
0.40439242124557495,0.8529006242752075,8.807254516796093e-07,0.37069156765937805,0.7857983708381653,-0.06590531021356583,0.3702489137649536,0.685871422290802,-0.08920006453990936,0.4189412593841553,0.5986721515655518,-0.10616494715213776,0.4591464400291443,0.5272689461708069,-0.11920931190252304,0.3389340043067932,0.5324131846427917,-0.03949597105383873,0.3401038348674774,0.39598965644836426,-0.07042175531387329,0.3432207703590393,0.31214484572410583,-0.0905650332570076,0.34578731656074524,0.23942622542381287,-0.1014452874660492,0.38752201199531555,0.5265008211135864,-0.02777644619345665,0.38576701283454895,0.3818555474281311,-0.05794448032975197,0.38937637209892273,0.29412132501602173,-0.07633929699659348,0.3942281901836395,0.217159241437912,-0.08302299678325653,0.43188053369522095,0.5562804937362671,-0.02485535480082035,0.455398291349411,0.5127955079078674,-0.07739647477865219,0.44689175486564636,0.5925354361534119,-0.09164757281541824,0.43668174743652344,0.6423748135566711,-0.08379509299993515,0.468802809715271,0.6038554310798645,-0.026970330625772476,0.4860175549983978,0.5593206286430359,-0.068295918405056,0.47236931324005127,0.62000972032547,-0.07217245548963547,0.4596313536167145,0.6668001413345337,-0.0639914944767952
0.3732229471206665,0.8103319406509399,8.415222509938758e-07,0.33426010608673096,0.7446150183677673,-0.059028495103120804,0.32872673869132996,0.6485975980758667,-0.0807948112487793,0.3753284811973572,0.5626608729362488,-0.09776630252599716,0.4173075258731842,0.4934382140636444,-0.11153777688741684,0.30208972096443176,0.5116606950759888,-0.03184953331947327,0.30089735984802246,0.38553157448768616,-0.060255102813243866,0.30300670862197876,0.3067737817764282,-0.07942242920398712,0.30502042174339294,0.2391660213470459,-0.09000211209058762,0.3485817313194275,0.5063959360122681,-0.022334016859531403,0.3440451920032501,0.3720269501209259,-0.050910584628582,0.345908522605896,0.2891475558280945,-0.06881740689277649,0.3496776521205902,0.21820303797721863,-0.07566150277853012,0.3922627568244934,0.5339370965957642,-0.021144745871424675,0.4109075963497162,0.48810645937919617,-0.07061601430177689,0.4025711417198181,0.5624844431877136,-0.083877332508564,0.39348524808883667,0.6101136803627014,-0.07654190808534622,0.4293813705444336,0.5770927667617798,-0.02435275912284851,0.44203341007232666,0.5264928936958313,-0.06222987547516823,0.42722949385643005,0.584715723991394,-0.06492077559232712,0.41407161951065063,0.6298534274101257,-0.05701318383216858
0.3710554540157318,0.8199492692947388,8.372218758267991e-07,0.3267812430858612,0.7540704011917114,-0.056627579033374786,0.3200840651988983,0.6529794931411743,-0.07805604487657547,0.36991947889328003,0.5655367374420166,-0.09535867720842361,0.4143441617488861,0.49761223793029785,-0.10943909734487534,0.2975350022315979,0.5123493075370789,-0.032578300684690475,0.2956250309944153,0.3800992965698242,-0.06282904744148254,0.29711905121803284,0.2980896532535553,-0.08314832299947739,0.299030601978302,0.227595716714859,-0.09469612687826157,0.3456367254257202,0.506483793258667,-0.025916457176208496,0.3392775058746338,0.36554253101348877,-0.05635851249098778,0.34041494131088257,0.2796081006526947,-0.0752110481262207,0.3449135720729828,0.20464634895324707,-0.08268085867166519,0.39101824164390564,0.5352488160133362,-0.027194634079933167,0.4085769057273865,0.48531705141067505,-0.07755274325609207,0.3986363112926483,0.5632655620574951,-0.08847447484731674,0.38940247893333435,0.6117956042289734,-0.07950829714536667,0.42952898144721985,0.582453727722168,-0.032897889614105225,0.4412783682346344,0.5268909931182861,-0.07150108367204666,0.42591649293899536,0.5873285531997681,-0.07191866636276245,0.41321074962615967,0.6338208913803101,-0.062134768813848495
0.3716790974140167,0.8575431108474731,9.084234307010775e-07,0.323833703994751,0.788091242313385,-0.06639093160629272,0.3154175579547882,0.6784565448760986,-0.09020669758319855,0.3695846199989319,0.5828081369400024,-0.10846977680921555,0.41589024662971497,0.5054863691329956,-0.12274691462516785,0.2890307307243347,0.5177304744720459,-0.03781238943338394,0.283208429813385,0.3727603852748871,-0.07013095915317535,0.2834596633911133,0.2841432988643646,-0.09058520197868347,0.2844712734222412,0.20717641711235046,-0.10117533057928085,0.342157244682312,0.5097246766090393,-0.027985014021396637,0.33250242471694946,0.35416844487190247,-0.06043696776032448,0.33051884174346924,0.2588834762573242,-0.07922863215208054,0.3324797749519348,0.17723941802978516,-0.08519193530082703,0.3913773000240326,0.5409054160118103,-0.027490055188536644,0.4094507098197937,0.4886622130870819,-0.08515316992998123,0.40242448449134827,0.5785161256790161,-0.09885697811841965,0.39531418681144714,0.6352952718734741,-0.08840281516313553,0.43318405747413635,0.5920711159706116,-0.031952161341905594,0.4465532898902893,0.535312831401825,-0.07669667899608612,0.43226513266563416,0.604791522026062,-0.07895579934120178,0.4204246997833252,0.6586906909942627,-0.06837646663188934
0.36994507908821106,0.8585236072540283,8.984335408968036e-07,0.32212376594543457,0.790708601474762,-0.06563560664653778,0.31374990940093994,0.6817549467086792,-0.08980697393417358,0.36769023537635803,0.5875142812728882,-0.10866456478834152,0.4151310324668884,0.5123777389526367,-0.12365052849054337,0.2883225381374359,0.5178441405296326,-0.03857351094484329,0.282340943813324,0.37272417545318604,-0.07107974588871002,0.28243911266326904,0.2841230630874634,-0.09169164299964905,0.28371477127075195,0.20762693881988525,-0.10251026600599289,0.34152013063430786,0.5104368329048157,-0.029631920158863068,0.3308442234992981,0.3544749617576599,-0.06214909255504608,0.32863298058509827,0.2599544823169708,-0.08089949935674667,0.3304675817489624,0.1791364550590515,-0.08699804544448853,0.3909834921360016,0.54222172498703,-0.029849231243133545,0.40836453437805176,0.48769357800483704,-0.08703923225402832,0.4015299677848816,0.577603280544281,-0.09991534799337387,0.3940794765949249,0.6342723965644836,-0.08927827328443527,0.4330137073993683,0.5945684909820557,-0.03499631956219673,0.44608187675476074,0.5354037284851074,-0.07885261625051498,0.43140709400177,0.6045658588409424,-0.08004745841026306,0.41851574182510376,0.6586073637008667,-0.06903225928544998
0.3698626458644867,0.8601788878440857,9.127436442213366e-07,0.32476210594177246,0.7926524877548218,-0.06835000962018967,0.31648513674736023,0.6854411363601685,-0.09367209672927856,0.36851224303245544,0.5921612977981567,-0.1130150854587555,0.4150465726852417,0.5151522159576416,-0.12799710035324097,0.28869664669036865,0.5195696353912354,-0.04086214303970337,0.28325995802879333,0.37495046854019165,-0.07399186491966248,0.283367782831192,0.2867000997066498,-0.09449215978384018,0.28462982177734375,0.2100948989391327,-0.10510812699794769,0.34108448028564453,0.5118160843849182,-0.030556265264749527,0.33110231161117554,0.3556443452835083,-0.06437450647354126,0.329137921333313,0.26114633679389954,-0.08335831016302109,0.33085566759109497,0.1793881058692932,-0.08932330459356308,0.3901423513889313,0.5429342985153198,-0.029652981087565422,0.41002774238586426,0.4907499849796295,-0.0883098840713501,0.4024888873100281,0.582785427570343,-0.10150808095932007,0.3936282992362976,0.639216959476471,-0.09073429554700851,0.43225401639938354,0.5935815572738647,-0.033879078924655914,0.4468464255332947,0.5402857065200806,-0.07897088676691055,0.4317997395992279,0.61029452085495,-0.0811125859618187,0.4175753593444824,0.662104070186615,-0.07060185074806213
0.37365812063217163,0.8624601364135742,8.312496788676071e-07,0.3315940201282501,0.7986657023429871,-0.06548893451690674,0.3257659077644348,0.6948761940002441,-0.09104607254266739,0.37578636407852173,0.603653073310852,-0.11131234467029572,0.41899898648262024,0.5293981432914734,-0.1274324357509613,0.2992593050003052,0.5243284702301025,-0.04224248602986336,0.29408490657806396,0.38275665044784546,-0.07554348558187485,0.29192179441452026,0.29701539874076843,-0.0959329903125763,0.29041457176208496,0.2217406928539276,-0.10687948018312454,0.35027116537094116,0.5157139301300049,-0.03402156010270119,0.3402760326862335,0.3621600866317749,-0.06793106347322464,0.336859792470932,0.27121952176094055,-0.08666932582855225,0.33559563755989075,0.19233953952789307,-0.0927572175860405,0.39754682779312134,0.5461628437042236,-0.03452906385064125,0.4146237075328827,0.49316132068634033,-0.09111139923334122,0.4076510965824127,0.583583652973175,-0.10252152383327484,0.3981464207172394,0.6380715370178223,-0.0916120857000351,0.4380044639110565,0.5972885489463806,-0.04007180407643318,0.45221230387687683,0.5471559762954712,-0.08209079504013062,0.4380788803100586,0.6166228652000427,-0.08263787627220154,0.4248998463153839,0.666327714920044,-0.07177894562482834
0.37508317828178406,0.8577160835266113,8.534372000212898e-07,0.3334314227104187,0.7932130694389343,-0.06745138764381409,0.3270227313041687,0.6917291283607483,-0.09391012042760849,0.379545658826828,0.6032783389091492,-0.11457183212041855,0.4262418746948242,0.5312617421150208,-0.13134144246578217,0.30095791816711426,0.5240509510040283,-0.044424865394830704,0.2960633337497711,0.3838810622692108,-0.07857789099216461,0.29590868949890137,0.29816484451293945,-0.09964581578969955,0.2963995337486267,0.22250017523765564,-0.11082092672586441,0.35270029306411743,0.5154799818992615,-0.03468353673815727,0.34303078055381775,0.36460208892822266,-0.0680096223950386,0.34150031208992004,0.2732104957103729,-0.08556412905454636,0.3420052230358124,0.1932438313961029,-0.09088669717311859,0.4001798629760742,0.5461228489875793,-0.03403560072183609,0.4165123999118805,0.4946727752685547,-0.09162165969610214,0.41067370772361755,0.5859097242355347,-0.10330177843570709,0.40267089009284973,0.6436392068862915,-0.09202570468187332,0.44057729840278625,0.5971482396125793,-0.03847455605864525,0.45314332842826843,0.5473925471305847,-0.08265500515699387,0.4396715760231018,0.6179245114326477,-0.08407419919967651,0.42740359902381897,0.6708199977874756,-0.07321157306432724
0.376203715801239,0.8560179471969604,8.494344001519494e-07,0.33495986461639404,0.7938679456710815,-0.06578372418880463,0.32945728302001953,0.6937462687492371,-0.09310979396104813,0.38149121403694153,0.6059679985046387,-0.11504415422677994,0.4280499219894409,0.5351444482803345,-0.1330534815788269,0.303815633058548,0.5256693959236145,-0.04584626480937004,0.29966381192207336,0.3865637183189392,-0.08194548636674881,0.2994506359100342,0.30060502886772156,-0.1039544939994812,0.2999778687953949,0.22524365782737732,-0.11566686630249023,0.35464194416999817,0.5165196061134338,-0.03749201446771622,0.34619104862213135,0.3672230839729309,-0.07342004776000977,0.34509968757629395,0.2764034867286682,-0.09187562018632889,0.3458912968635559,0.1962924301624298,-0.09733489900827408,0.40202414989471436,0.5462598204612732,-0.03779403492808342,0.42043522000312805,0.49831104278564453,-0.09576352685689926,0.41335517168045044,0.5892458558082581,-0.10560466349124908,0.40417608618736267,0.6458097696304321,-0.09311783313751221,0.4424513578414917,0.5970131158828735,-0.043236397206783295,0.4564860463142395,0.5531714558601379,-0.08721596747636795,0.44211697578430176,0.6232336759567261,-0.08753745257854462,0.4288409352302551,0.6740450859069824,-0.07574981451034546
0.3786505162715912,0.8542845249176025,8.433270295427064e-07,0.3385331630706787,0.79168701171875,-0.06506843864917755,0.33333852887153625,0.6932728290557861,-0.09163306653499603,0.38355752825737,0.605198323726654,-0.1128382459282875,0.42892155051231384,0.5341027975082397,-0.13010704517364502,0.30631235241889954,0.5254548192024231,-0.04422890022397041,0.30179718136787415,0.38858598470687866,-0.07956370711326599,0.30102264881134033,0.3030904233455658,-0.10130582749843597,0.30056270956993103,0.22817149758338928,-0.11287888884544373,0.3569493293762207,0.5156957507133484,-0.03574955090880394,0.34766215085983276,0.36730653047561646,-0.0704599916934967,0.34701216220855713,0.27725106477737427,-0.08820976316928864,0.34811604022979736,0.19845810532569885,-0.09326281398534775,0.4040031135082245,0.545452356338501,-0.035935305058956146,0.4219338297843933,0.4981748163700104,-0.0932970643043518,0.4164178669452667,0.5881209969520569,-0.10329689830541611,0.40826427936553955,0.6458740830421448,-0.09086209535598755,0.4438014626502991,0.5964080691337585,-0.04117317497730255,0.45740827918052673,0.5529493093490601,-0.08518607914447784,0.44385918974876404,0.6227545142173767,-0.08591585606336594,0.43111464381217957,0.6751631498336792,-0.07425324618816376
0.38194796442985535,0.8472996354103088,8.57512759466772e-07,0.34485647082328796,0.7872731685638428,-0.06635750085115433,0.3406497836112976,0.6909955143928528,-0.09449548274278641,0.3907524049282074,0.6042588353157043,-0.11680404841899872,0.4361346662044525,0.533404529094696,-0.13517577946186066,0.3118314743041992,0.5254821181297302,-0.04964008554816246,0.30837905406951904,0.3869793713092804,-0.08614670485258102,0.3086031675338745,0.30146995186805725,-0.10795575380325317,0.3094145655632019,0.22703799605369568,-0.1193046048283577,0.36174190044403076,0.5160518288612366,-0.04047161340713501,0.3532390296459198,0.36675673723220825,-0.07631368935108185,0.3535948097705841,0.27698904275894165,-0.09490905702114105,0.35501259565353394,0.19972965121269226,-0.10055164247751236,0.4081112742424011,0.5446946024894714,-0.039558008313179016,0.4281049072742462,0.49916064739227295,-0.09637850522994995,0.4232032001018524,0.5856549739837646,-0.1072506234049797,0.4144355356693268,0.641318142414093,-0.09595974534749985,0.44706448912620544,0.5937170386314392,-0.043760139495134354,0.46225398778915405,0.5579153895378113,-0.08664759248495102,0.4503229558467865,0.6255561113357544,-0.08801716566085815,0.43825429677963257,0.6754766702651978,-0.07724915444850922
0.38441672921180725,0.8419918417930603,8.509996973771194e-07,0.3459746837615967,0.7827738523483276,-0.0665527880191803,0.34070369601249695,0.6877249479293823,-0.09472749382257462,0.39144909381866455,0.6021021604537964,-0.11693330854177475,0.43745535612106323,0.5317708253860474,-0.1351499855518341,0.31358781456947327,0.5218023061752319,-0.04915274679660797,0.3108512759208679,0.38568878173828125,-0.08606632053852081,0.31148284673690796,0.3008327782154083,-0.1082039326429367,0.3122425675392151,0.22694632411003113,-0.11984942108392715,0.3632865250110626,0.5115751624107361,-0.03975285589694977,0.35570845007896423,0.364738404750824,-0.07597611099481583,0.35574063658714294,0.27631062269210815,-0.09371128678321838,0.35667741298675537,0.1986725926399231,-0.09848984330892563,0.40953943133354187,0.5397285223007202,-0.038872357457876205,0.42971479892730713,0.49540814757347107,-0.09624190628528595,0.42303764820098877,0.5837639570236206,-0.10581938922405243,0.4129781723022461,0.6384875178337097,-0.0933653861284256,0.4487752318382263,0.5888702869415283,-0.04318935051560402,0.46413904428482056,0.552009642124176,-0.08702866733074188,0.4495716094970703,0.6204792857170105,-0.08815360069274902,0.4346931576728821,0.6692250370979309,-0.07694380730390549
0.3852952718734741,0.8404762744903564,8.568680414100527e-07,0.3462301194667816,0.7810884118080139,-0.06619501858949661,0.3404844105243683,0.6859890818595886,-0.09420572966337204,0.3900238573551178,0.6003578901290894,-0.11636954545974731,0.4360594153404236,0.5310765504837036,-0.13449504971504211,0.3146872818470001,0.5197057723999023,-0.04784495756030083,0.31215783953666687,0.38478854298591614,-0.08391032367944717,0.31273597478866577,0.30037084221839905,-0.10577468574047089,0.3132205605506897,0.22715356945991516,-0.1174713671207428,0.36437129974365234,0.510205864906311,-0.03878043591976166,0.35758674144744873,0.3643447160720825,-0.07462647557258606,0.35754910111427307,0.27575427293777466,-0.09257683157920837,0.35825493931770325,0.19836482405662537,-0.09780631959438324,0.4104539453983307,0.5392098426818848,-0.03821955621242523,0.42988190054893494,0.49277496337890625,-0.09478464722633362,0.42312660813331604,0.5796375274658203,-0.10380253940820694,0.4131789803504944,0.6332994103431702,-0.09138751775026321,0.44954952597618103,0.5891600251197815,-0.042869795113801956,0.46437010169029236,0.5470619201660156,-0.08567772060632706,0.4501042664051056,0.6142821907997131,-0.08591018617153168,0.4355698525905609,0.6624284982681274,-0.07441449165344238
0.3844601809978485,0.8379782438278198,8.575351557738031e-07,0.3452863395214081,0.7786991000175476,-0.06584615260362625,0.3399118483066559,0.682770848274231,-0.09370667487382889,0.39047709107398987,0.5969337224960327,-0.11577850580215454,0.43696844577789307,0.528002917766571,-0.1339413821697235,0.3151455819606781,0.5184999108314514,-0.04813263192772865,0.31320542097091675,0.38336512446403503,-0.0846075490117073,0.3145405650138855,0.29868778586387634,-0.10654007643461227,0.3155094385147095,0.22525084018707275,-0.1180790439248085,0.36479005217552185,0.5087191462516785,-0.03902236372232437,0.3583821952342987,0.36261308193206787,-0.07502040266990662,0.35876405239105225,0.27429404854774475,-0.09275784343481064,0.35994431376457214,0.19722747802734375,-0.09759680926799774,0.410794198513031,0.5371419191360474,-0.03834599629044533,0.4303712248802185,0.49086007475852966,-0.0950794667005539,0.4238903522491455,0.5784078240394592,-0.10405602306127548,0.41440173983573914,0.6328233480453491,-0.09130681306123734,0.45005592703819275,0.586239755153656,-0.04281347990036011,0.46438705921173096,0.545269787311554,-0.08559500426054001,0.4501308798789978,0.6127676963806152,-0.08575057238340378,0.43593651056289673,0.6613903045654297,-0.07398020476102829
0.38377758860588074,0.8393555879592896,8.534586868336191e-07,0.34513628482818604,0.7791854739189148,-0.06653006374835968,0.3401898145675659,0.6830653548240662,-0.09424881637096405,0.39083170890808105,0.5969197154045105,-0.11600331962108612,0.43707573413848877,0.5265948176383972,-0.13370029628276825,0.31519219279289246,0.5175215601921082,-0.04742680862545967,0.31282487511634827,0.3828083276748657,-0.0836193859577179,0.3137819766998291,0.29814496636390686,-0.10562364757061005,0.31447073817253113,0.22466740012168884,-0.1173057109117508,0.3649026155471802,0.5081095099449158,-0.03786394000053406,0.3585304021835327,0.36252689361572266,-0.07333483546972275,0.35896435379981995,0.27431073784828186,-0.09086883813142776,0.36020827293395996,0.19734078645706177,-0.09563106298446655,0.41092225909233093,0.5372220873832703,-0.036930620670318604,0.4301871955394745,0.49158427119255066,-0.09343457221984863,0.4238337576389313,0.5791460275650024,-0.10238783806562424,0.41446396708488464,0.6335171461105347,-0.08967572450637817,0.45012590289115906,0.5869120955467224,-0.041253797709941864,0.464413046836853,0.5471264123916626,-0.08436094224452972,0.4501214623451233,0.6147192716598511,-0.08486314117908478,0.4358029067516327,0.6631721258163452,-0.07327818870544434
0.381928026676178,0.8280439376831055,8.353330827048921e-07,0.34349554777145386,0.7674643993377686,-0.06433560699224472,0.33853793144226074,0.6727429032325745,-0.09123681485652924,0.3887469172477722,0.5883380174636841,-0.1125778928399086,0.43430471420288086,0.5199787616729736,-0.13005828857421875,0.3142364025115967,0.5101582407951355,-0.045568108558654785,0.3109714388847351,0.378501296043396,-0.08054424822330475,0.31127411127090454,0.2955358624458313,-0.10203809291124344,0.311521977186203,0.2232091724872589,-0.1135827824473381,0.36266353726387024,0.5015051960945129,-0.03694641962647438,0.35556498169898987,0.3580639362335205,-0.07112167030572891,0.35600459575653076,0.2711298167705536,-0.08814667910337448,0.35760554671287537,0.19458821415901184,-0.09304699301719666,0.40725818276405334,0.5306099057197571,-0.03682251274585724,0.42715024948120117,0.4838579297065735,-0.09258542954921722,0.42135220766067505,0.5716409087181091,-0.10188663005828857,0.4125448763370514,0.6269947290420532,-0.08967964351177216,0.4452344477176666,0.5798645615577698,-0.041696663945913315,0.46011456847190857,0.5370534658432007,-0.0841371938586235,0.4469186067581177,0.6038121581077576,-0.08470233529806137,0.433794766664505,0.652906060218811,-0.07352544367313385
0.37946727871894836,0.8244507908821106,8.64528317379154e-07,0.3419730067253113,0.7636609077453613,-0.06670740246772766,0.336494505405426,0.6702057123184204,-0.09450036287307739,0.3866080641746521,0.5852813720703125,-0.11622746288776398,0.4323647618293762,0.5150661468505859,-0.13401956856250763,0.31194326281547546,0.5075080990791321,-0.04667259380221367,0.3095080852508545,0.3753255009651184,-0.08114449679851532,0.3102993965148926,0.2925284504890442,-0.10264087468385696,0.3107045888900757,0.2205980122089386,-0.11435669660568237,0.3605652451515198,0.4998455345630646,-0.036485861986875534,0.3543567657470703,0.3564862608909607,-0.06977209448814392,0.3551672399044037,0.2696763277053833,-0.08685724437236786,0.356849730014801,0.19334754347801208,-0.09214497357606888,0.4051437973976135,0.5300962924957275,-0.03496985509991646,0.42490580677986145,0.48331180214881897,-0.0897594466805458,0.41877466440200806,0.5691772103309631,-0.09952202439308167,0.4099119007587433,0.6239607334136963,-0.08805783092975616,0.4427097737789154,0.5796705484390259,-0.038632411509752274,0.45775479078292847,0.536235511302948,-0.08071622997522354,0.4442349970340729,0.6013748645782471,-0.08185011893510818,0.4307698905467987,0.649649977684021,-0.0713147297501564
0.3672541677951813,0.8131950497627258,8.245010576501954e-07,0.3269190788269043,0.7479712963104248,-0.05248172953724861,0.3200521469116211,0.6539633274078369,-0.07620422542095184,0.3707396984100342,0.5738897323608398,-0.09693235903978348,0.41544947028160095,0.511044979095459,-0.11438604444265366,0.3005010187625885,0.49624937772750854,-0.03559885919094086,0.2997422516345978,0.3693799078464508,-0.06793244183063507,0.30164510011672974,0.2892490029335022,-0.08870548009872437,0.30284953117370605,0.22030290961265564,-0.10029153525829315,0.34882503747940063,0.49321800470352173,-0.03319080173969269,0.34562474489212036,0.35262036323547363,-0.0640053078532219,0.34627923369407654,0.2677697539329529,-0.07945603132247925,0.3481963276863098,0.19304081797599792,-0.0844951868057251,0.39319509267807007,0.526954174041748,-0.038320306688547134,0.4097888767719269,0.47888776659965515,-0.08799148350954056,0.3990808427333832,0.5623937249183655,-0.0934605747461319,0.38851234316825867,0.6154297590255737,-0.08082547783851624,0.42999184131622314,0.5817568302154541,-0.04780718311667442,0.4407236874103546,0.5306225419044495,-0.0841057226061821,0.42169421911239624,0.5942885875701904,-0.08018989861011505,0.4048160910606384,0.6428428888320923,-0.06748773157596588
0.36148470640182495,0.796973705291748,7.913770332379499e-07,0.3237534761428833,0.7345383763313293,-0.05691299960017204,0.31651803851127625,0.64314204454422,-0.08029041439294815,0.36272573471069336,0.5613217949867249,-0.09942305833101273,0.40637415647506714,0.49688056111335754,-0.1152951717376709,0.29366183280944824,0.4935826063156128,-0.03695791959762573,0.29172706604003906,0.3668813109397888,-0.06764320284128189,0.29336196184158325,0.2887372076511383,-0.08730947226285934,0.2950645685195923,0.22113379836082458,-0.0980081558227539,0.3408540189266205,0.48784536123275757,-0.03047834523022175,0.33456680178642273,0.34935352206230164,-0.06038220226764679,0.33481961488723755,0.26595398783683777,-0.07690811902284622,0.33710360527038574,0.19315093755722046,-0.08249187469482422,0.3849097490310669,0.5178995728492737,-0.03163157403469086,0.3998629152774811,0.4693329930305481,-0.08209425210952759,0.3926398754119873,0.5488032102584839,-0.09108664095401764,0.38527876138687134,0.6004946231842041,-0.08045784384012222,0.42179128527641296,0.5675612092018127,-0.03708236664533615,0.43191519379615784,0.5163467526435852,-0.07508186250925064,0.4172523021697998,0.578662633895874,-0.0738033801317215,0.4053279161453247,0.6276336312294006,-0.06253689527511597
0.3509322702884674,0.7800130844116211,7.696472721363534e-07,0.31289684772491455,0.719302773475647,-0.05468187481164932,0.3054354786872864,0.6308366060256958,-0.07748819142580032,0.3508228361606598,0.5530814528465271,-0.09627128392457962,0.3919502794742584,0.49115270376205444,-0.11191685497760773,0.2850562036037445,0.48638880252838135,-0.036706384271383286,0.2822410464286804,0.36516186594963074,-0.0669766515493393,0.2838578522205353,0.2900943160057068,-0.08690808713436127,0.28557899594306946,0.22460073232650757,-0.09813658893108368,0.3312973082065582,0.48206907510757446,-0.030825290828943253,0.3238380551338196,0.34813934564590454,-0.05995422229170799,0.323622465133667,0.2679065465927124,-0.07633212208747864,0.3255862295627594,0.19652166962623596,-0.08249804377555847,0.373982310295105,0.512492835521698,-0.03232129290699959,0.38714611530303955,0.4654127359390259,-0.08060786128044128,0.37949293851852417,0.5424372553825378,-0.08911429345607758,0.37167149782180786,0.5919535756111145,-0.07916882634162903,0.40982329845428467,0.5614194869995117,-0.03803248703479767,0.4196836054325104,0.5101849436759949,-0.07442930340766907,0.4043393135070801,0.5693471431732178,-0.07334642112255096,0.3908313810825348,0.6160867810249329,-0.0629751980304718
0.35140588879585266,0.7799316644668579,7.872356491134269e-07,0.3167422115802765,0.7237964868545532,-0.05539688840508461,0.3109852075576782,0.6374379396438599,-0.07911547273397446,0.35432690382003784,0.5590300559997559,-0.09856883436441422,0.395215779542923,0.4970542788505554,-0.11489592492580414,0.2867097854614258,0.48978227376937866,-0.03850249573588371,0.2858232855796814,0.3685060441493988,-0.06986319273710251,0.28754985332489014,0.29201269149780273,-0.09045742452144623,0.2894907593727112,0.22647184133529663,-0.10200372338294983,0.3315376341342926,0.48392432928085327,-0.03251238912343979,0.32551535964012146,0.3507564663887024,-0.06335602700710297,0.326350599527359,0.26969480514526367,-0.0807761698961258,0.3285703957080841,0.1986343264579773,-0.08711005747318268,0.3736133873462677,0.5124847888946533,-0.033661819994449615,0.3905267119407654,0.4672907292842865,-0.08216070383787155,0.38327842950820923,0.5418469905853271,-0.09027144312858582,0.37417227029800415,0.5900272130966187,-0.08006137609481812,0.4087597131729126,0.5599039196968079,-0.039137858897447586,0.4214593768119812,0.512956440448761,-0.07544055581092834,0.40747126936912537,0.5711484551429749,-0.0740034356713295,0.3938538134098053,0.6158866882324219,-0.06313227862119675
0.3591080904006958,0.7878831624984741,7.883949137976742e-07,0.32604512572288513,0.7327916622161865,-0.058456744998693466,0.3228522539138794,0.6484026908874512,-0.08372525125741959,0.3680802285671234,0.572190523147583,-0.10396747291088104,0.40982675552368164,0.5096562504768372,-0.1209174245595932,0.2993391752243042,0.49686846137046814,-0.042829759418964386,0.30189502239227295,0.37558048963546753,-0.07557504624128342,0.30476075410842896,0.29900306463241577,-0.09712587296962738,0.3078519403934479,0.2331218421459198,-0.10929056257009506,0.34404653310775757,0.49042513966560364,-0.03509474918246269,0.3413901925086975,0.3591485619544983,-0.06653101742267609,0.34449508786201477,0.2790979743003845,-0.08406712114810944,0.3480859696865082,0.20915600657463074,-0.0906430259346962,0.3853686451911926,0.5181899070739746,-0.034710515290498734,0.40449729561805725,0.4755040407180786,-0.08323708176612854,0.39845290780067444,0.5496073961257935,-0.09168927371501923,0.3894970417022705,0.5977375507354736,-0.08197896927595139,0.4198668301105499,0.563974916934967,-0.03899538889527321,0.4335157871246338,0.5227506756782532,-0.07555367052555084,0.4203782379627228,0.5803087949752808,-0.07525420933961868,0.4075450003147125,0.6243492364883423,-0.06525815278291702
0.36064648628234863,0.7904190421104431,7.835444080228626e-07,0.3252529501914978,0.7347812652587891,-0.05634179711341858,0.32033592462539673,0.6497044563293457,-0.08204431086778641,0.3669014871120453,0.5731350779533386,-0.10347279906272888,0.410248339176178,0.5121443867683411,-0.1215960904955864,0.3006320595741272,0.5004350543022156,-0.04239533841609955,0.3029274046421051,0.37879931926727295,-0.07642792165279388,0.3057255446910858,0.3018338680267334,-0.09839311242103577,0.3082251250743866,0.23563992977142334,-0.11085983365774155,0.34619224071502686,0.49435433745384216,-0.03647446259856224,0.3437765836715698,0.36217236518859863,-0.07024502754211426,0.3464488983154297,0.28132742643356323,-0.08867637068033218,0.34953975677490234,0.2098711133003235,-0.09557151049375534,0.38840585947036743,0.5225709080696106,-0.03756673261523247,0.40533632040023804,0.47838157415390015,-0.08710189908742905,0.39833053946495056,0.5535715222358704,-0.09322686493396759,0.3896004557609558,0.602279782295227,-0.08156026154756546,0.4236217439174652,0.569705069065094,-0.04324297606945038,0.4345393180847168,0.5245838761329651,-0.07917982339859009,0.42079174518585205,0.5818367004394531,-0.0762488842010498,0.40838760137557983,0.6259439587593079,-0.06421205401420593
0.35622140765190125,0.7673682570457458,7.900478067313088e-07,0.3200587034225464,0.7059453725814819,-0.056519802659749985,0.31519266963005066,0.6157308220863342,-0.07880491018295288,0.35952651500701904,0.5365307331085205,-0.09644816070795059,0.40086209774017334,0.47425928711891174,-0.11059149354696274,0.2921995520591736,0.47760769724845886,-0.036589596420526505,0.29135662317276,0.35562485456466675,-0.06678391993045807,0.2939680218696594,0.2796819806098938,-0.08601313829421997,0.296879380941391,0.2146727740764618,-0.09624801576137543,0.33723708987236023,0.4730694890022278,-0.028713108971714973,0.33332714438438416,0.3413826823234558,-0.059021707624197006,0.3349863290786743,0.2605876326560974,-0.07604391127824783,0.33885830640792847,0.19096526503562927,-0.08193597197532654,0.37915337085723877,0.5004790425300598,-0.028437046334147453,0.39766377210617065,0.4573550522327423,-0.0772549957036972,0.3889928460121155,0.5317903757095337,-0.08685403317213058,0.3795642852783203,0.5785247087478638,-0.07704669237136841,0.41479095816612244,0.5448275804519653,-0.03252692520618439,0.42795923352241516,0.4958215355873108,-0.06828891485929489,0.4141896069049835,0.5520865321159363,-0.06793640553951263,0.4010900855064392,0.5959311127662659,-0.05785675346851349
0.3553251326084137,0.765581488609314,7.983655905263731e-07,0.3204144537448883,0.7054612040519714,-0.056648533791303635,0.3158312141895294,0.6161175966262817,-0.07966045290231705,0.3593960702419281,0.5366174578666687,-0.09815389662981033,0.40031319856643677,0.47403013706207275,-0.11327313631772995,0.2920346260070801,0.47807058691978455,-0.03793967887759209,0.29174062609672546,0.355424702167511,-0.06904246658086777,0.29422062635421753,0.27852314710617065,-0.08869650214910507,0.2968217432498932,0.2126505970954895,-0.09917602688074112,0.33713099360466003,0.47345107793807983,-0.030234459787607193,0.333282470703125,0.34087657928466797,-0.0617983341217041,0.33473971486091614,0.2592948377132416,-0.07928431779146194,0.338393896818161,0.18878775835037231,-0.08530747145414352,0.379304438829422,0.5008062124252319,-0.02993413433432579,0.3977040648460388,0.4577980935573578,-0.07976114004850388,0.38948068022727966,0.5324149131774902,-0.08869553357362747,0.38066402077674866,0.5802431106567383,-0.07818807661533356,0.41505634784698486,0.5455479025840759,-0.03398147225379944,0.42728352546691895,0.49627774953842163,-0.0706472173333168,0.4141620993614197,0.5538795590400696,-0.06972344219684601,0.4022229313850403,0.5991532206535339,-0.05893333628773689
0.35481077432632446,0.7636997699737549,7.999102535904967e-07,0.31992998719215393,0.7035322189331055,-0.05678720772266388,0.3149717450141907,0.6151777505874634,-0.07981418073177338,0.35949283838272095,0.5364653468132019,-0.09820529818534851,0.40061670541763306,0.47333598136901855,-0.11336182802915573,0.2913590967655182,0.47649049758911133,-0.038351383060216904,0.29048481583595276,0.35301125049591064,-0.06947977840900421,0.292812705039978,0.27579596638679504,-0.0893024429678917,0.29534241557121277,0.21001306176185608,-0.0998653843998909,0.3371795117855072,0.471916139125824,-0.03036535531282425,0.33286726474761963,0.3388326168060303,-0.061099402606487274,0.33421772718429565,0.2571936845779419,-0.078127421438694,0.3379983901977539,0.18623626232147217,-0.08391916751861572,0.37954047322273254,0.4996904730796814,-0.029842188581824303,0.3964410424232483,0.455255389213562,-0.07895508408546448,0.3882685899734497,0.529075562953949,-0.0882193073630333,0.3801715672016144,0.5768830180168152,-0.07808129489421844,0.4151420593261719,0.5446735620498657,-0.033654555678367615,0.4263456463813782,0.4954434633255005,-0.0701330229640007,0.41309913992881775,0.5519253015518188,-0.06968081742525101,0.4014238715171814,0.5965344309806824,-0.059232987463474274
0.35467013716697693,0.7648921012878418,7.935799999359006e-07,0.31976914405822754,0.7039352655410767,-0.058325208723545074,0.31508705019950867,0.6157808303833008,-0.08110736310482025,0.36010825634002686,0.5365439057350159,-0.09891098737716675,0.40155091881752014,0.47341641783714294,-0.11335332691669464,0.2913374900817871,0.4758795499801636,-0.03764878585934639,0.2901994287967682,0.35271620750427246,-0.06783514469861984,0.29172784090042114,0.2758742570877075,-0.08776345103979111,0.29333072900772095,0.20954987406730652,-0.09873360395431519,0.3373870551586151,0.47150087356567383,-0.028858104720711708,0.3325757682323456,0.3392391800880432,-0.05826479569077492,0.33364614844322205,0.2566797733306885,-0.07538655400276184,0.3366742432117462,0.1851891279220581,-0.08173271268606186,0.37973201274871826,0.49978843331336975,-0.027831176295876503,0.3962353467941284,0.4528866708278656,-0.07638856768608093,0.38892626762390137,0.5260131359100342,-0.08655202388763428,0.38078415393829346,0.5745999217033386,-0.07730088382959366,0.41532719135284424,0.5451033115386963,-0.03129303827881813,0.42708107829093933,0.4943082332611084,-0.06802300363779068,0.4137565791606903,0.5504708290100098,-0.06836898624897003,0.40155303478240967,0.5961324572563171,-0.058625008910894394
0.35522764921188354,0.766512393951416,7.82413451361208e-07,0.3201785683631897,0.7064156532287598,-0.058151379227638245,0.3156527280807495,0.6184534430503845,-0.08099818974733353,0.36082160472869873,0.5406168699264526,-0.09884929656982422,0.4019097089767456,0.4776533842086792,-0.11320650577545166,0.2923559844493866,0.4767204225063324,-0.038148168474435806,0.29095983505249023,0.3545583486557007,-0.0686308890581131,0.29237276315689087,0.27805042266845703,-0.08844391256570816,0.29395928978919983,0.2119930386543274,-0.09924440830945969,0.3380429744720459,0.47182971239089966,-0.029689902439713478,0.3327174484729767,0.34026747941970825,-0.05956929549574852,0.33360424637794495,0.2580445408821106,-0.07646776735782623,0.3366735875606537,0.1864747703075409,-0.0824732780456543,0.3800963759422302,0.49999403953552246,-0.029015613719820976,0.3969811201095581,0.45503661036491394,-0.07784296572208405,0.3895082473754883,0.5294398069381714,-0.08755198866128922,0.38093236088752747,0.5772417783737183,-0.07791584730148315,0.41579872369766235,0.5454027056694031,-0.03286139667034149,0.4281732439994812,0.49693408608436584,-0.06938384473323822,0.4145924150943756,0.5528891086578369,-0.06948764622211456,0.4015895128250122,0.5969107151031494,-0.059620000422000885
0.35985907912254333,0.7674903273582458,7.640917942808301e-07,0.3247455954551697,0.7084434628486633,-0.0566333532333374,0.31947359442710876,0.6207611560821533,-0.07941973954439163,0.3641383945941925,0.5431143045425415,-0.09759020805358887,0.4050697088241577,0.48049038648605347,-0.1125953271985054,0.2987375557422638,0.4810372591018677,-0.03851258009672165,0.2984103560447693,0.35807234048843384,-0.06844943016767502,0.3000221252441406,0.2831055223941803,-0.0877201110124588,0.3017970025539398,0.2172725796699524,-0.09841471165418625,0.3438878655433655,0.47673991322517395,-0.0306693222373724,0.33878135681152344,0.3443771004676819,-0.060262590646743774,0.3399301767349243,0.2646629214286804,-0.0772772878408432,0.34309226274490356,0.19524309039115906,-0.08371364325284958,0.38529545068740845,0.5049306154251099,-0.030189167708158493,0.39969030022621155,0.4584869146347046,-0.07862870395183563,0.3916630744934082,0.532207727432251,-0.08891112357378006,0.3834587633609772,0.5798553228378296,-0.08020652085542679,0.4204486608505249,0.5492045283317566,-0.03395015001296997,0.4315796494483948,0.5004497170448303,-0.07023855298757553,0.41708090901374817,0.5566404461860657,-0.07077187299728394,0.40425655245780945,0.6007852554321289,-0.06162707507610321
0.36072611808776855,0.7711048126220703,7.955473506626731e-07,0.3269634246826172,0.7117584943771362,-0.05898313224315643,0.3233870565891266,0.6227438449859619,-0.0819297730922699,0.3687190115451813,0.544313371181488,-0.09968702495098114,0.40984103083610535,0.4812465310096741,-0.11396447569131851,0.30003803968429565,0.4845523536205292,-0.03906925767660141,0.3001426160335541,0.36156779527664185,-0.0698356106877327,0.30276811122894287,0.2855497896671295,-0.089377261698246,0.3056739270687103,0.21982717514038086,-0.09986808896064758,0.34457579255104065,0.4796594977378845,-0.030009785667061806,0.3407157361507416,0.34741857647895813,-0.06096569821238518,0.34258949756622314,0.26560914516448975,-0.07854718714952469,0.3465000092983246,0.19469279050827026,-0.08469213545322418,0.3857581913471222,0.5070513486862183,-0.028663568198680878,0.4040970802307129,0.46328917145729065,-0.07808583229780197,0.39592617750167847,0.5372071266174316,-0.08807016909122467,0.38660240173339844,0.5834994316101074,-0.07846419513225555,0.42064979672431946,0.5505398511886597,-0.03186878189444542,0.43445485830307007,0.5045315027236938,-0.06869303435087204,0.4206431806087494,0.560523271560669,-0.06913544982671738,0.40730276703834534,0.602605402469635,-0.05946861207485199
0.3625524938106537,0.7733416557312012,7.807592510289396e-07,0.3300511837005615,0.7159873247146606,-0.057382237166166306,0.3279082477092743,0.6268073320388794,-0.08073833584785461,0.371878981590271,0.5482671856880188,-0.09936949610710144,0.4120467007160187,0.48714420199394226,-0.11472243070602417,0.30281031131744385,0.48696789145469666,-0.03998558595776558,0.3033800721168518,0.3641376197338104,-0.0715940073132515,0.30565983057022095,0.2878701686859131,-0.0915931835770607,0.3078126907348633,0.22247010469436646,-0.10240215808153152,0.34704703092575073,0.48130208253860474,-0.03217994049191475,0.34328657388687134,0.34954988956451416,-0.06375383585691452,0.34538140892982483,0.26875293254852295,-0.08132920414209366,0.34861844778060913,0.19879209995269775,-0.08746443688869476,0.38822969794273376,0.5082167983055115,-0.03172343969345093,0.4064794182777405,0.46332916617393494,-0.08072484284639359,0.3990313410758972,0.537394642829895,-0.08927743136882782,0.38924601674079895,0.5846948623657227,-0.07894513756036758,0.42296189069747925,0.5521392822265625,-0.03576463833451271,0.43600010871887207,0.5048982501029968,-0.0717281699180603,0.42345690727233887,0.5606670379638672,-0.07076651602983475,0.41123372316360474,0.6040372252464294,-0.06015939638018608
0.3670840859413147,0.7735438346862793,7.783052637932997e-07,0.3351415991783142,0.7162784337997437,-0.05828094854950905,0.3315424621105194,0.6306520700454712,-0.08209589123725891,0.37393423914909363,0.552445113658905,-0.10085508227348328,0.4140934348106384,0.49029427766799927,-0.11626224964857101,0.30561700463294983,0.4876767098903656,-0.04031196981668472,0.30605873465538025,0.36592862010002136,-0.07139287889003754,0.3080574870109558,0.2901880145072937,-0.09124226868152618,0.3100864887237549,0.2245272994041443,-0.10209989547729492,0.35018348693847656,0.4816214442253113,-0.031757842749357224,0.34628915786743164,0.3512645959854126,-0.06259124726057053,0.34857290983200073,0.270965576171875,-0.07969755679368973,0.35203611850738525,0.20046880841255188,-0.08575593680143356,0.39133355021476746,0.5082395672798157,-0.030658762902021408,0.4091464877128601,0.4636118710041046,-0.07986243069171906,0.40233296155929565,0.5377833843231201,-0.08909802883863449,0.3936026096343994,0.5857530236244202,-0.07927156984806061,0.4259694218635559,0.5519854426383972,-0.03400496020913124,0.4385445713996887,0.5053189396858215,-0.07048752903938293,0.42589837312698364,0.5624047517776489,-0.070219486951828,0.41402119398117065,0.6068501472473145,-0.06010188162326813
0.369703084230423,0.7761669158935547,7.981481076058117e-07,0.3372787535190582,0.7174723744392395,-0.05783183127641678,0.33456555008888245,0.6302735209465027,-0.08136381953954697,0.379048615694046,0.5532269477844238,-0.10010553896427155,0.4188578724861145,0.49132347106933594,-0.11558017879724503,0.3129112720489502,0.4885842800140381,-0.04011652246117592,0.31351274251937866,0.36605212092399597,-0.0715152844786644,0.31547898054122925,0.28882327675819397,-0.0918024480342865,0.3175249993801117,0.22181519865989685,-0.10289071500301361,0.35717520117759705,0.48398104310035706,-0.03222060203552246,0.35392993688583374,0.3521207571029663,-0.06301286816596985,0.3564104437828064,0.2710011601448059,-0.08068284392356873,0.36024779081344604,0.20049652457237244,-0.08712243288755417,0.3977888226509094,0.5122541189193726,-0.0317433662712574,0.4148429334163666,0.46724897623062134,-0.08143831044435501,0.40735745429992676,0.5410532355308533,-0.09152556210756302,0.3985973596572876,0.5894041657447815,-0.08205217868089676,0.4317207336425781,0.5579686164855957,-0.03563131392002106,0.4437713921070099,0.5089259147644043,-0.07250920683145523,0.4308817386627197,0.5641934275627136,-0.07237955182790756,0.41905832290649414,0.6089115142822266,-0.06223202869296074
0.36914023756980896,0.77532958984375,7.911727948339831e-07,0.33554497361183167,0.7174513936042786,-0.05721234530210495,0.33290135860443115,0.6304994821548462,-0.08117660880088806,0.37918397784233093,0.5534952878952026,-0.10066976398229599,0.42144855856895447,0.4922529458999634,-0.11681658774614334,0.31189846992492676,0.4880184233188629,-0.03963429108262062,0.31294095516204834,0.36570191383361816,-0.0720001682639122,0.3155938982963562,0.2882530689239502,-0.09285813570022583,0.3183591365814209,0.22168096899986267,-0.10435783118009567,0.3573897182941437,0.4835292100906372,-0.03229363262653351,0.3548842668533325,0.35286960005760193,-0.06440441310405731,0.35815170407295227,0.27044910192489624,-0.0824507400393486,0.36297062039375305,0.19863802194595337,-0.08919485658407211,0.39903366565704346,0.511730432510376,-0.03238263726234436,0.4167994558811188,0.4690469205379486,-0.08180008083581924,0.4089773893356323,0.5419535040855408,-0.08979512006044388,0.4001586437225342,0.5906901359558105,-0.07906916737556458,0.43351057171821594,0.557451069355011,-0.03706253692507744,0.4457740783691406,0.5107513666152954,-0.07337124645709991,0.4318998456001282,0.5665493011474609,-0.07192569971084595,0.4193853437900543,0.6116960644721985,-0.06086598336696625
0.3695386052131653,0.7750157117843628,7.841877618375293e-07,0.3358188271522522,0.7168880701065063,-0.0565013587474823,0.33341214060783386,0.6296309232711792,-0.07955791801214218,0.37993237376213074,0.55259770154953,-0.09819930791854858,0.42236343026161194,0.4919748306274414,-0.1134885624051094,0.3118409514427185,0.4880249500274658,-0.03789493069052696,0.31277984380722046,0.36609965562820435,-0.06950511783361435,0.3154152035713196,0.28880375623703003,-0.08976757526397705,0.3179616928100586,0.22259467840194702,-0.10077410191297531,0.35729628801345825,0.4833458364009857,-0.030619677156209946,0.35491013526916504,0.3529719412326813,-0.06194498762488365,0.35817936062812805,0.27039965987205505,-0.07930514216423035,0.36293846368789673,0.19888871908187866,-0.08541835099458694,0.3988696336746216,0.5114810466766357,-0.03082912415266037,0.41634538769721985,0.46912771463394165,-0.07988415658473969,0.4086846709251404,0.5419110059738159,-0.08790617436170578,0.4001382291316986,0.5904945731163025,-0.07700926065444946,0.4332015812397003,0.5570690631866455,-0.035567622631788254,0.4456728398799896,0.511065661907196,-0.07173743098974228,0.4316934645175934,0.5666852593421936,-0.07042331993579865,0.41908490657806396,0.6115880012512207,-0.059318169951438904
0.36878669261932373,0.7769347429275513,8.070288117778546e-07,0.33557426929473877,0.7190127372741699,-0.05891914665699005,0.33298224210739136,0.6322385668754578,-0.08293699473142624,0.3783116638660431,0.5548468232154846,-0.10200241208076477,0.4192012846469879,0.4932020306587219,-0.11749156564474106,0.30988526344299316,0.4883818030357361,-0.03970266878604889,0.31222403049468994,0.36671164631843567,-0.07152378559112549,0.31566715240478516,0.2899833619594574,-0.09241773188114166,0.3187340497970581,0.2238883376121521,-0.10406187176704407,0.35518205165863037,0.4833674132823944,-0.03107461892068386,0.35385212302207947,0.3542172312736511,-0.0628184899687767,0.3572389483451843,0.2716030776500702,-0.08097735792398453,0.36167898774147034,0.19972792267799377,-0.08786720782518387,0.39665254950523376,0.5110376477241516,-0.030124621465802193,0.4158084988594055,0.4695293605327606,-0.07945510745048523,0.40839433670043945,0.5436559915542603,-0.08798663318157196,0.39925897121429443,0.5929300785064697,-0.07757969200611115,0.4315111041069031,0.5559024810791016,-0.0339323990046978,0.44576147198677063,0.5118038654327393,-0.07091455906629562,0.4316118359565735,0.5676016807556152,-0.07060863077640533,0.4179460406303406,0.6123886108398438,-0.06024312227964401
0.3666127026081085,0.780251145362854,7.969014745867753e-07,0.3322581946849823,0.7205523252487183,-0.0586564727127552,0.3294167220592499,0.6320886015892029,-0.08157593756914139,0.37617459893226624,0.554887056350708,-0.09931325167417526,0.41737714409828186,0.49249520897865295,-0.11342016607522964,0.30838894844055176,0.4906931519508362,-0.0384829118847847,0.3102739453315735,0.3693363666534424,-0.06937477737665176,0.3134021461009979,0.2927747964859009,-0.08975787460803986,0.3162297308444977,0.226577490568161,-0.10113149136304855,0.3536401689052582,0.4852568507194519,-0.029583729803562164,0.35193854570388794,0.35535821318626404,-0.05972330644726753,0.35516631603240967,0.27374327182769775,-0.0770070031285286,0.35957658290863037,0.20241546630859375,-0.08350857347249985,0.3947393596172333,0.5129296183586121,-0.028514688834547997,0.4134001135826111,0.47057467699050903,-0.07694725692272186,0.40606489777565,0.5448989272117615,-0.0860227718949318,0.39700862765312195,0.5935750603675842,-0.0761929452419281,0.4295569658279419,0.557895839214325,-0.03216904029250145,0.44384151697158813,0.5123267769813538,-0.06878276914358139,0.42940446734428406,0.5674189329147339,-0.06901361793279648,0.4149668514728546,0.61179518699646,-0.05923344939947128
0.35659781098365784,0.7814086079597473,8.16544343251735e-07,0.31959035992622375,0.7218582630157471,-0.05157715082168579,0.3133789896965027,0.6344667673110962,-0.07445579022169113,0.35863474011421204,0.5583928823471069,-0.09386279433965683,0.3997964859008789,0.4963272511959076,-0.10963243246078491,0.29414111375808716,0.48595091700553894,-0.03394300863146782,0.2954963147640228,0.3662433624267578,-0.06543388962745667,0.2989107072353363,0.2892521619796753,-0.0865267962217331,0.30187007784843445,0.2236155867576599,-0.09870783239603043,0.33988523483276367,0.48381108045578003,-0.0301436185836792,0.3383890390396118,0.35431599617004395,-0.06198358163237572,0.34043651819229126,0.27313604950904846,-0.07919228076934814,0.3437538146972656,0.2013530433177948,-0.08557158708572388,0.3818354904651642,0.5146438479423523,-0.03348936140537262,0.4002842307090759,0.47131380438804626,-0.08091473579406738,0.3893756866455078,0.5482133626937866,-0.08480136096477509,0.37809500098228455,0.5976524949073792,-0.07196266204118729,0.4171079397201538,0.5633625984191895,-0.04134013131260872,0.43078750371932983,0.5170187950134277,-0.07594873011112213,0.413467675447464,0.5747676491737366,-0.07187003642320633,0.3973636329174042,0.6181506514549255,-0.05931564047932625
0.35397112369537354,0.7822588086128235,8.118533969536657e-07,0.3196418881416321,0.7227544188499451,-0.05860283225774765,0.31593057513237,0.6347815990447998,-0.08220868557691574,0.3624189794063568,0.5562896132469177,-0.10079462826251984,0.4038665294647217,0.49317342042922974,-0.11600092053413391,0.2934763431549072,0.49267855286598206,-0.03980844467878342,0.2945437729358673,0.3691018521785736,-0.07150568068027496,0.2976963520050049,0.2917293906211853,-0.09204168617725372,0.3006927967071533,0.22527265548706055,-0.10319992899894714,0.3391275405883789,0.4873473644256592,-0.031528037041425705,0.336459219455719,0.353201299905777,-0.06297957897186279,0.3389223515987396,0.27063673734664917,-0.08090078830718994,0.3431520164012909,0.19884520769119263,-0.08729797601699829,0.38110777735710144,0.5153030753135681,-0.03083428181707859,0.3994126617908478,0.47077396512031555,-0.0809360221028328,0.3921310305595398,0.5459535121917725,-0.09014328569173813,0.38385623693466187,0.5951523780822754,-0.07973506301641464,0.4165636897087097,0.5613216757774353,-0.03465970233082771,0.42956551909446716,0.5123359560966492,-0.07206692546606064,0.4165992736816406,0.569269597530365,-0.07133099436759949,0.4043540954589844,0.6151395440101624,-0.06045537069439888
0.3522270619869232,0.7849223017692566,8.027740250327042e-07,0.3175782561302185,0.7242669463157654,-0.05736815556883812,0.31379878520965576,0.6354715824127197,-0.08064037561416626,0.3600447177886963,0.5568522214889526,-0.09927156567573547,0.4023735225200653,0.4934627413749695,-0.11448650807142258,0.2920454442501068,0.49142998456954956,-0.03818494826555252,0.29326772689819336,0.367159903049469,-0.06956131011247635,0.2968381643295288,0.2897148132324219,-0.09010627865791321,0.3004723787307739,0.2229526937007904,-0.10142242908477783,0.33821240067481995,0.48635783791542053,-0.030609918758273125,0.33544909954071045,0.3519396483898163,-0.06154727563261986,0.33844617009162903,0.26910990476608276,-0.07939034700393677,0.34363362193107605,0.19713401794433594,-0.08600601553916931,0.3803451955318451,0.5149491429328918,-0.03060772269964218,0.3980178236961365,0.4677855968475342,-0.08025211095809937,0.39022183418273926,0.5438445806503296,-0.08927303552627563,0.38190123438835144,0.5939123034477234,-0.07897120714187622,0.41612184047698975,0.5616585612297058,-0.03506720811128616,0.42862430214881897,0.5112220048904419,-0.07239480316638947,0.4148145616054535,0.5685275197029114,-0.07180573791265488,0.40222010016441345,0.6150094270706177,-0.06111091375350952
0.3517133593559265,0.7847534418106079,7.941594617477676e-07,0.31518009305000305,0.722293496131897,-0.05745239183306694,0.3106452226638794,0.6322720646858215,-0.08060003072023392,0.3583539128303528,0.5531841516494751,-0.09914713352918625,0.4009149968624115,0.4888535737991333,-0.1142580434679985,0.2883809804916382,0.4891809821128845,-0.03653629124164581,0.28866639733314514,0.3660760521888733,-0.06786467880010605,0.2915700078010559,0.2884169816970825,-0.0887669250369072,0.2941380441188812,0.22095054388046265,-0.10061091929674149,0.3354739546775818,0.4840213358402252,-0.028702447190880775,0.33250340819358826,0.3506679832935333,-0.05920642614364624,0.3346693217754364,0.26873549818992615,-0.07654573768377304,0.3386865258216858,0.1954767107963562,-0.08304385095834732,0.3780232071876526,0.5128325819969177,-0.028691377490758896,0.39583513140678406,0.46574342250823975,-0.0782192051410675,0.3877161741256714,0.5429861545562744,-0.08668870478868484,0.37929290533065796,0.5930030345916748,-0.0760485902428627,0.4140894114971161,0.5597400069236755,-0.03321430832147598,0.42685872316360474,0.5091355443000793,-0.07059731334447861,0.4123605489730835,0.566862940788269,-0.07004488259553909,0.39919915795326233,0.6125333309173584,-0.05948156490921974
0.3492899537086487,0.7860584855079651,7.943702371449035e-07,0.3111901581287384,0.7246152758598328,-0.055844783782958984,0.306544691324234,0.633232593536377,-0.07852141559123993,0.3549231290817261,0.5531885623931885,-0.09697470813989639,0.3977452516555786,0.4897710084915161,-0.112100750207901,0.2864285111427307,0.48833775520324707,-0.0359993651509285,0.2866537868976593,0.3639940023422241,-0.06700262427330017,0.2897176742553711,0.2857731580734253,-0.08749555051326752,0.2924933135509491,0.2186846137046814,-0.09898144006729126,0.33332133293151855,0.48322734236717224,-0.029640935361385345,0.32907676696777344,0.34787517786026,-0.060110803693532944,0.33120810985565186,0.2644397020339966,-0.07761939615011215,0.33560246229171753,0.19113993644714355,-0.08418121933937073,0.37608370184898376,0.5129702091217041,-0.030848538503050804,0.393026739358902,0.46273982524871826,-0.08004580438137054,0.38524532318115234,0.540000855922699,-0.08816768229007721,0.3769289255142212,0.5905271768569946,-0.0774063766002655,0.41239774227142334,0.5618229508399963,-0.036486878991127014,0.4247283935546875,0.5087220072746277,-0.07337772846221924,0.40973612666130066,0.5662396550178528,-0.07207709550857544,0.39593639969825745,0.6124277710914612,-0.061041250824928284
0.34230557084083557,0.78950035572052,8.050939754866704e-07,0.29960179328918457,0.7269481420516968,-0.049916256219148636,0.29179227352142334,0.6358829140663147,-0.07198313623666763,0.3412315547466278,0.5550476908683777,-0.09144765883684158,0.38418838381767273,0.4922883212566376,-0.10789232701063156,0.274667888879776,0.48366841673851013,-0.03075961023569107,0.27531373500823975,0.36075282096862793,-0.06213311105966568,0.27835115790367126,0.2820615768432617,-0.08412211388349533,0.2801674008369446,0.21396610140800476,-0.09724867343902588,0.3236832618713379,0.48025810718536377,-0.028611619025468826,0.3217701315879822,0.34546878933906555,-0.0593031607568264,0.3228495121002197,0.26185286045074463,-0.0774640366435051,0.3249535858631134,0.18675541877746582,-0.08510639518499374,0.3684726059436798,0.5129644274711609,-0.03355811908841133,0.38401490449905396,0.4620817303657532,-0.08119647949934006,0.3733257055282593,0.5381764769554138,-0.08733639121055603,0.36342543363571167,0.5893511176109314,-0.07630347460508347,0.40591517090797424,0.5659894943237305,-0.04275475814938545,0.4184299409389496,0.5143811106681824,-0.07869616150856018,0.3988746404647827,0.5724439024925232,-0.0758996531367302,0.3813107907772064,0.6193218231201172,-0.06425000727176666
0.3391920030117035,0.7937734127044678,8.13701603874506e-07,0.2979016900062561,0.7313857674598694,-0.055244967341423035,0.2910798490047455,0.6382474899291992,-0.07756368070840836,0.34025904536247253,0.5560213923454285,-0.09611035138368607,0.3842957019805908,0.49120208621025085,-0.11145413666963577,0.2724008858203888,0.4902208745479584,-0.034675173461437225,0.27147942781448364,0.36252957582473755,-0.06609689444303513,0.2747458517551422,0.28328198194503784,-0.08661891520023346,0.27799880504608154,0.21517163515090942,-0.0977567508816719,0.32120591402053833,0.48473840951919556,-0.029069650918245316,0.31634706258773804,0.34505146741867065,-0.060143109411001205,0.3174377977848053,0.2599899470806122,-0.07778599113225937,0.3211442828178406,0.18632692098617554,-0.08386649191379547,0.36574020981788635,0.515267550945282,-0.031133582815527916,0.38011980056762695,0.4660269618034363,-0.08210211992263794,0.3719612956047058,0.545292854309082,-0.09100593626499176,0.3644627332687378,0.5975685715675354,-0.07991037517786026,0.4032268226146698,0.5650284886360168,-0.03745533153414726,0.41425925493240356,0.5121273994445801,-0.07587385177612305,0.3981057107448578,0.5721728801727295,-0.07465951144695282,0.38399213552474976,0.6211055517196655,-0.0630728155374527
0.33824238181114197,0.7971095442771912,8.270516218544799e-07,0.29663610458374023,0.7354491353034973,-0.05669976398348808,0.2899356186389923,0.6402090787887573,-0.07964488863945007,0.3403298556804657,0.5581220388412476,-0.09873448312282562,0.38480836153030396,0.4935486316680908,-0.1146993637084961,0.2696681618690491,0.4906572699546814,-0.03551024571061134,0.2679564356803894,0.36101004481315613,-0.06765785068273544,0.2708464562892914,0.2802569568157196,-0.08889643847942352,0.2739502191543579,0.21129226684570312,-0.10058893263339996,0.31891632080078125,0.48580202460289,-0.029582694172859192,0.3141710162162781,0.3451712727546692,-0.06160396710038185,0.3153626620769501,0.2593436539173126,-0.08021064847707748,0.31916430592536926,0.1845804750919342,-0.08693547546863556,0.36388522386550903,0.5168493390083313,-0.03144895285367966,0.3787330985069275,0.46760278940200806,-0.08308400213718414,0.3702286183834076,0.5469475388526917,-0.09222831577062607,0.3626163899898529,0.5989548563957214,-0.08128035068511963,0.401435911655426,0.5672867298126221,-0.03772929683327675,0.41257601976394653,0.5151223540306091,-0.07664182037115097,0.3964105248451233,0.5753195285797119,-0.07547158747911453,0.38267239928245544,0.6232326030731201,-0.0639253780245781
0.3381740152835846,0.7987900972366333,8.30710689569969e-07,0.29637253284454346,0.7395322918891907,-0.05694466456770897,0.28847289085388184,0.6460202932357788,-0.08117599040269852,0.3369270861148834,0.5633730888366699,-0.10138815641403198,0.3811488151550293,0.4973280429840088,-0.11830555647611618,0.26844367384910583,0.49204227328300476,-0.03805918991565704,0.26687586307525635,0.3619738519191742,-0.07118365168571472,0.26964667439460754,0.2806362509727478,-0.09248814731836319,0.27284669876098633,0.21149075031280518,-0.10408567637205124,0.31778228282928467,0.4863748550415039,-0.03230399638414383,0.31215614080429077,0.34410741925239563,-0.06558364629745483,0.313295841217041,0.2583959400653839,-0.08414925634860992,0.3166941702365875,0.18396258354187012,-0.09053643047809601,0.36326149106025696,0.5170251727104187,-0.03412436693906784,0.37842094898223877,0.4708680510520935,-0.08648417145013809,0.3698098957538605,0.5504732131958008,-0.09500385075807571,0.36135607957839966,0.6018389463424683,-0.083558589220047,0.40101563930511475,0.5672951936721802,-0.04032816365361214,0.4117182791233063,0.5181994438171387,-0.07942518591880798,0.3955956697463989,0.5791974067687988,-0.07768876105546951,0.38113242387771606,0.6264912486076355,-0.06569337844848633
0.3334049582481384,0.812244176864624,8.595709459768841e-07,0.29044675827026367,0.7494164109230042,-0.057016629725694656,0.2826162874698639,0.6508144736289978,-0.08033619821071625,0.3358636796474457,0.5682933926582336,-0.10005607455968857,0.3824020028114319,0.5031061172485352,-0.11640815436840057,0.26273560523986816,0.4965684115886688,-0.034138426184654236,0.24602775275707245,0.363536536693573,-0.06577849388122559,0.2382107377052307,0.279079407453537,-0.08634824305772781,0.23267552256584167,0.20804589986801147,-0.09775367379188538,0.3154739737510681,0.492795467376709,-0.028887951746582985,0.3130320906639099,0.34867793321609497,-0.06094983592629433,0.31455451250076294,0.2595444917678833,-0.08019859343767166,0.31853917241096497,0.18254047632217407,-0.08734631538391113,0.3622214198112488,0.5264027714729309,-0.03168132156133652,0.375571072101593,0.47845640778541565,-0.08405468612909317,0.3633105754852295,0.5561470985412598,-0.09474664181470871,0.3551931381225586,0.6061210036277771,-0.08479581773281097,0.3994356393814087,0.5797480940818787,-0.038854919373989105,0.41139575839042664,0.5254773497581482,-0.07774113863706589,0.39289799332618713,0.5860884785652161,-0.07664923369884491,0.37861189246177673,0.6336789131164551,-0.06542840600013733
0.3358270823955536,0.7757939100265503,7.898397598182783e-07,0.2983608543872833,0.7186726927757263,-0.05877739191055298,0.29140540957450867,0.6292344331741333,-0.08346422016620636,0.33662673830986023,0.5475427508354187,-0.10370293259620667,0.37697452306747437,0.48072513937950134,-0.12068287283182144,0.26193761825561523,0.4819224178791046,-0.040152404457330704,0.25493401288986206,0.3556326627731323,-0.07341883331537247,0.25336718559265137,0.27629634737968445,-0.09517311304807663,0.25252050161361694,0.20767125487327576,-0.10736240446567535,0.3091430366039276,0.4732253849506378,-0.03282376006245613,0.2982020378112793,0.3396162688732147,-0.06582076847553253,0.2946692109107971,0.25663840770721436,-0.08450702577829361,0.2934480309486389,0.18213051557540894,-0.09141369163990021,0.35353460907936096,0.4993036687374115,-0.03318927809596062,0.36835190653800964,0.4512193202972412,-0.0845482349395752,0.362734854221344,0.5306975841522217,-0.09323454648256302,0.3554053008556366,0.582025945186615,-0.08239216357469559,0.39147132635116577,0.5441211462020874,-0.03819689527153969,0.4013034701347351,0.49724552035331726,-0.07630229741334915,0.38886862993240356,0.5569462776184082,-0.07559973001480103,0.3774377703666687,0.6023722887039185,-0.0646953359246254
0.3370485305786133,0.7771289944648743,7.838149258532212e-07,0.29901111125946045,0.7199763059616089,-0.058587804436683655,0.29228675365448,0.6296446919441223,-0.08259376883506775,0.3377564251422882,0.5468419194221497,-0.10191398859024048,0.37863853573799133,0.47931107878685,-0.11797217279672623,0.26388806104660034,0.48287004232406616,-0.03975491598248482,0.25721797347068787,0.35597312450408936,-0.07266145944595337,0.2557181417942047,0.2766930162906647,-0.09397918730974197,0.25476959347724915,0.20861172676086426,-0.10576754808425903,0.31098446249961853,0.47428345680236816,-0.03233608976006508,0.299888551235199,0.33927643299102783,-0.06503129750490189,0.2966165244579315,0.25638365745544434,-0.08322981745004654,0.29577404260635376,0.18253940343856812,-0.08951973170042038,0.35510537028312683,0.5005034804344177,-0.03265666961669922,0.36962613463401794,0.45270296931266785,-0.08404487371444702,0.36394089460372925,0.5315936207771301,-0.09311807155609131,0.3564436137676239,0.5809296369552612,-0.08243461698293686,0.39293813705444336,0.545412540435791,-0.037506103515625,0.4035496711730957,0.49808409810066223,-0.07575980573892593,0.39055466651916504,0.5580064654350281,-0.07533437758684158,0.37779831886291504,0.6019957661628723,-0.06461188942193985
0.3397851586341858,0.7782762050628662,7.794606631250645e-07,0.30029112100601196,0.7204093337059021,-0.0576644092798233,0.29325070977211,0.6295590996742249,-0.08142266422510147,0.33973178267478943,0.5475507378578186,-0.10070513188838959,0.3814865052700043,0.4817654490470886,-0.1167132630944252,0.2673339247703552,0.4825676679611206,-0.038901764899492264,0.2607050836086273,0.35502874851226807,-0.07135354727506638,0.25971317291259766,0.2758612334728241,-0.09230293333530426,0.2598938047885895,0.20822808146476746,-0.1037474051117897,0.3142884373664856,0.4745692014694214,-0.03218109905719757,0.3031056821346283,0.33907997608184814,-0.06464403867721558,0.3001490831375122,0.25594213604927063,-0.08317048847675323,0.30020076036453247,0.18280357122421265,-0.08971387892961502,0.35850048065185547,0.5012599229812622,-0.033096715807914734,0.37256497144699097,0.4543023109436035,-0.08430079370737076,0.3663739860057831,0.5326532125473022,-0.09380341321229935,0.3589484691619873,0.5823256969451904,-0.08346822112798691,0.39635562896728516,0.5468437075614929,-0.03848402574658394,0.405855655670166,0.49945351481437683,-0.07653559744358063,0.39326024055480957,0.5591123700141907,-0.0759631097316742,0.3815876841545105,0.6040574312210083,-0.06515553593635559
0.3439936935901642,0.7843418717384338,7.986747050381382e-07,0.3069152235984802,0.7268075346946716,-0.0623694509267807,0.3025055527687073,0.6353885531425476,-0.0858568325638771,0.3523772060871124,0.5557914972305298,-0.1034461185336113,0.39338576793670654,0.4887855052947998,-0.117277130484581,0.27825087308883667,0.4849180281162262,-0.04206500202417374,0.27397412061691284,0.35728269815444946,-0.07325556129217148,0.27377092838287354,0.2775064706802368,-0.09365683794021606,0.2748790979385376,0.20888110995292664,-0.1049179658293724,0.3244442343711853,0.4788452386856079,-0.032757505774497986,0.31482356786727905,0.3410535454750061,-0.06272774934768677,0.31327545642852783,0.2576827108860016,-0.08068215847015381,0.31506431102752686,0.18705642223358154,-0.0873725414276123,0.366940438747406,0.5082106590270996,-0.03154783323407173,0.38379451632499695,0.4608076810836792,-0.08105432242155075,0.37762197852134705,0.5392774343490601,-0.09215791523456573,0.36916449666023254,0.5865561962127686,-0.08351094275712967,0.40340614318847656,0.5555993318557739,-0.03526652231812477,0.41697943210601807,0.5098497271537781,-0.07266487926244736,0.4045490622520447,0.5682847499847412,-0.07393308728933334,0.39119598269462585,0.6102554798126221,-0.06499159336090088
0.34733641147613525,0.787253737449646,7.645689379387477e-07,0.31140318512916565,0.7308096289634705,-0.059453774243593216,0.30631595849990845,0.6409567594528198,-0.0841296836733818,0.3524269759654999,0.5584592819213867,-0.10405852645635605,0.3951054811477661,0.4919683337211609,-0.1204439103603363,0.27896445989608765,0.48854345083236694,-0.040831539779901505,0.27532076835632324,0.3619406223297119,-0.07400927692651749,0.27507779002189636,0.28337496519088745,-0.09526030719280243,0.2751978039741516,0.21528229117393494,-0.10720152407884598,0.32587385177612305,0.4801355302333832,-0.03348686546087265,0.3170155882835388,0.34382879734039307,-0.06658419966697693,0.3152390122413635,0.2612950801849365,-0.08501708507537842,0.3154858946800232,0.1874915361404419,-0.09170623123645782,0.36952200531959534,0.5078657269477844,-0.033869583159685135,0.3855454921722412,0.46021950244903564,-0.08530154824256897,0.38005247712135315,0.5394604206085205,-0.09379066526889801,0.3722778856754303,0.5897371768951416,-0.08294651657342911,0.4065520763397217,0.5547168254852295,-0.03897738456726074,0.41882920265197754,0.5083631277084351,-0.07702001929283142,0.40519392490386963,0.5683709383010864,-0.07638512551784515,0.39204514026641846,0.6132126450538635,-0.06568919867277145
0.3498513102531433,0.7892971038818359,7.860793402869604e-07,0.31385552883148193,0.7324013113975525,-0.059334613382816315,0.30773401260375977,0.6442254781723022,-0.08461890369653702,0.3534209728240967,0.5626339912414551,-0.10527567565441132,0.3952958285808563,0.4957314133644104,-0.12240765243768692,0.28084173798561096,0.49120256304740906,-0.04133690521121025,0.277469277381897,0.3645212650299072,-0.07438638061285019,0.2778380215167999,0.2856103181838989,-0.09553498029708862,0.27885106205940247,0.21709224581718445,-0.1071622371673584,0.3277878761291504,0.483390748500824,-0.03405720368027687,0.31926363706588745,0.3477969765663147,-0.06733524799346924,0.31840619444847107,0.26398810744285583,-0.08607217669487,0.31929516792297363,0.18998831510543823,-0.09293033927679062,0.3718033730983734,0.5110765695571899,-0.03441591188311577,0.38787323236465454,0.4650411903858185,-0.08667293190956116,0.38302746415138245,0.5439132452011108,-0.09615083038806915,0.3752916753292084,0.5955145955085754,-0.08567513525485992,0.40931686758995056,0.557858943939209,-0.03933357074856758,0.421356737613678,0.5106497406959534,-0.0779871866106987,0.4086754322052002,0.5705423951148987,-0.07748270034790039,0.39603912830352783,0.6178597807884216,-0.06662531942129135
0.3502180278301239,0.7889598608016968,7.960245511640096e-07,0.31416505575180054,0.73223477602005,-0.059203680604696274,0.3093593418598175,0.6426270008087158,-0.0845593810081482,0.35634467005729675,0.5616246461868286,-0.10539177805185318,0.39841729402542114,0.49660712480545044,-0.12277508527040482,0.28348734974861145,0.4924852252006531,-0.04228782281279564,0.27972227334976196,0.3656579554080963,-0.07638870924711227,0.2798817455768585,0.28598907589912415,-0.09806763380765915,0.280698299407959,0.21727323532104492,-0.11004984378814697,0.33000800013542175,0.48510193824768066,-0.03548925369977951,0.32172104716300964,0.3488314151763916,-0.06968316435813904,0.3206886351108551,0.2649535834789276,-0.08861809968948364,0.3217722177505493,0.19028505682945251,-0.09547902643680573,0.3734649419784546,0.5130242705345154,-0.03630145639181137,0.3908052444458008,0.4658256769180298,-0.08860106021165848,0.38423505425453186,0.5451626777648926,-0.0971718579530716,0.3754088580608368,0.5955609083175659,-0.08610403537750244,0.41032448410987854,0.5603166222572327,-0.04177181422710419,0.4231954514980316,0.5135640501976013,-0.07994276285171509,0.4089997112751007,0.5725403428077698,-0.07883691787719727,0.3948661983013153,0.6173701286315918,-0.06772059202194214
0.3511718511581421,0.7875182628631592,7.843300977583567e-07,0.31473198533058167,0.7315630912780762,-0.059814948588609695,0.30995428562164307,0.6426679491996765,-0.08516363799571991,0.3570176661014557,0.5613102912902832,-0.10571233928203583,0.3992869257926941,0.4950849711894989,-0.12280882894992828,0.2845804691314697,0.4920925796031952,-0.042589813470840454,0.28104642033576965,0.3657729923725128,-0.07704801112413406,0.2814059853553772,0.28588318824768066,-0.09906256198883057,0.2816452980041504,0.21707689762115479,-0.1111890971660614,0.331376314163208,0.4839698076248169,-0.03514701873064041,0.3233596384525299,0.34837257862091064,-0.06932103633880615,0.3216218948364258,0.2653707265853882,-0.08805956691503525,0.32105085253715515,0.1907537877559662,-0.09460724890232086,0.374894917011261,0.511342465877533,-0.0353851392865181,0.3912614583969116,0.4668291211128235,-0.08785363286733627,0.38571271300315857,0.5464553236961365,-0.0963423028588295,0.3778413236141205,0.5969089865684509,-0.08493083715438843,0.41174933314323425,0.5582965016365051,-0.04030734300613403,0.42339396476745605,0.5137972235679626,-0.07866603136062622,0.4099332392215729,0.5731605291366577,-0.07753931730985641,0.3969256579875946,0.6180192828178406,-0.06615999341011047
0.35268348455429077,0.7876120805740356,7.924389819891076e-07,0.31682366132736206,0.7318734526634216,-0.061462271958589554,0.31177228689193726,0.6430903077125549,-0.08715950697660446,0.3579418659210205,0.5626987218856812,-0.10759896785020828,0.39976727962493896,0.4963705539703369,-0.12445013225078583,0.2864324748516083,0.49185091257095337,-0.044455938041210175,0.28316691517829895,0.3654894530773163,-0.07873140275478363,0.28345945477485657,0.28583425283432007,-0.10073789209127426,0.28395548462867737,0.2166760265827179,-0.1129714697599411,0.3328528106212616,0.484524667263031,-0.03612495958805084,0.3247831165790558,0.34926873445510864,-0.06997471302747726,0.32375016808509827,0.26585546135902405,-0.08872976154088974,0.3244437575340271,0.1911674439907074,-0.09557503461837769,0.375984251499176,0.5121672749519348,-0.035630591213703156,0.39275485277175903,0.4673282206058502,-0.08812585473060608,0.38645586371421814,0.5470421314239502,-0.09735995531082153,0.3778040111064911,0.5973547697067261,-0.0866473838686943,0.4127943515777588,0.5585880875587463,-0.03994670882821083,0.4253571629524231,0.5132998824119568,-0.07880382239818573,0.4118891954421997,0.5726485252380371,-0.07860580086708069,0.3985883593559265,0.617854654788971,-0.0680154487490654
0.35266491770744324,0.7900580167770386,7.905412644504395e-07,0.3158441483974457,0.733104944229126,-0.06019974872469902,0.31175124645233154,0.6426085233688354,-0.08497973531484604,0.3597407639026642,0.5614746809005737,-0.10488506406545639,0.40244433283805847,0.4966471195220947,-0.12139297276735306,0.2878630757331848,0.4929821193218231,-0.04177739843726158,0.28483617305755615,0.36661651730537415,-0.07588007301092148,0.28525036573410034,0.28664740920066833,-0.09775803238153458,0.28564462065696716,0.2175183892250061,-0.10977376997470856,0.3342978060245514,0.48551562428474426,-0.03415469080209732,0.3264225721359253,0.3495805859565735,-0.06803365051746368,0.324903279542923,0.2658613920211792,-0.08660347014665604,0.32521021366119385,0.19138005375862122,-0.09293663501739502,0.37747058272361755,0.5133125185966492,-0.0343785285949707,0.39401426911354065,0.4670192003250122,-0.0871208980679512,0.3877013623714447,0.5476470589637756,-0.09569565206766129,0.379455029964447,0.5984694957733154,-0.08411044627428055,0.414311945438385,0.5603697299957275,-0.03933710232377052,0.42583146691322327,0.5134713649749756,-0.07844861596822739,0.41213786602020264,0.574248731136322,-0.07744937390089035,0.3991696834564209,0.6202977299690247,-0.0658988356590271
0.35325074195861816,0.7828992605209351,8.045664685596421e-07,0.3176853656768799,0.7256829738616943,-0.05941834673285484,0.3132837414741516,0.6379954814910889,-0.08557559549808502,0.36105218529701233,0.5596284866333008,-0.10694314539432526,0.40375521779060364,0.49599429965019226,-0.12499984353780746,0.28855830430984497,0.4882102608680725,-0.04406500235199928,0.28677135705947876,0.36184239387512207,-0.07828213274478912,0.28790098428726196,0.2818220257759094,-0.1001226007938385,0.28972572088241577,0.21304470300674438,-0.11222482472658157,0.3349342942237854,0.48128825426101685,-0.036815837025642395,0.32797563076019287,0.3455789089202881,-0.0707535445690155,0.32856154441833496,0.2621329724788666,-0.08941121399402618,0.33102303743362427,0.18739905953407288,-0.0962759405374527,0.37833404541015625,0.5087461471557617,-0.03702175244688988,0.39670664072036743,0.46187537908554077,-0.08902188390493393,0.38958796858787537,0.5406060218811035,-0.0977446436882019,0.38039329648017883,0.5914973616600037,-0.08695989102125168,0.41526201367378235,0.555392861366272,-0.04183374345302582,0.4269852638244629,0.5085731148719788,-0.08004466444253922,0.4135667085647583,0.5682056546211243,-0.07900281995534897,0.40080660581588745,0.6143325567245483,-0.06794604659080505
0.35380271077156067,0.7815179824829102,7.868704301472462e-07,0.31803271174430847,0.7251397967338562,-0.05847480520606041,0.31412896513938904,0.6382995843887329,-0.0840964987874031,0.3615012466907501,0.557959258556366,-0.1052132323384285,0.40315279364585876,0.4915844202041626,-0.12294987589120865,0.29042938351631165,0.48740309476852417,-0.04277916997671127,0.2879005968570709,0.3615748882293701,-0.07731883227825165,0.2887159287929535,0.2819110155105591,-0.0996166318655014,0.2903120815753937,0.21288979053497314,-0.1121269017457962,0.33694106340408325,0.4794420599937439,-0.03622857481241226,0.3293216824531555,0.3440482020378113,-0.07036951929330826,0.32924699783325195,0.2606580853462219,-0.08949648588895798,0.3310641944408417,0.1854596734046936,-0.09674013406038284,0.3801101744174957,0.5071195363998413,-0.037099458277225494,0.39704233407974243,0.4609036445617676,-0.08884838223457336,0.390257865190506,0.539588987827301,-0.0968448743224144,0.38161998987197876,0.5898842811584473,-0.08571033179759979,0.41650068759918213,0.5545339584350586,-0.04259699583053589,0.42781174182891846,0.5067346096038818,-0.0803031176328659,0.41410040855407715,0.5654245018959045,-0.07857673615217209,0.4012672007083893,0.6109082102775574,-0.06710667163133621
0.3544956147670746,0.7812014818191528,7.796816134941764e-07,0.31801021099090576,0.7240005731582642,-0.0593162402510643,0.3140639662742615,0.635631263256073,-0.08408397436141968,0.3626847565174103,0.5552492141723633,-0.1040542870759964,0.405210018157959,0.4898402988910675,-0.12064789980649948,0.2907940745353699,0.4854995608329773,-0.0414440743625164,0.28888940811157227,0.3595812916755676,-0.07481809705495834,0.2898271679878235,0.2802722454071045,-0.0964304655790329,0.29087817668914795,0.2114507555961609,-0.10844085365533829,0.33737310767173767,0.47795048356056213,-0.033913955092430115,0.3302549719810486,0.343444287776947,-0.06654735654592514,0.3293255567550659,0.2606293261051178,-0.08466552942991257,0.3301166296005249,0.1866743564605713,-0.09118547290563583,0.38043832778930664,0.5058733224868774,-0.03406398370862007,0.3969464600086212,0.45909279584884644,-0.08541486412286758,0.3908202052116394,0.5385125279426575,-0.09374238550662994,0.38306862115859985,0.5899245142936707,-0.08256064355373383,0.41680189967155457,0.5534616708755493,-0.03888882324099541,0.42773115634918213,0.5053621530532837,-0.07698698341846466,0.4147507846355438,0.564472496509552,-0.07580740004777908,0.403006374835968,0.6107131838798523,-0.0644397959113121
0.35405653715133667,0.7805278301239014,7.809768476363388e-07,0.31787073612213135,0.7233224511146545,-0.06030884385108948,0.3143730163574219,0.6340949535369873,-0.08499748259782791,0.36297711730003357,0.5540594458580017,-0.10463397204875946,0.4056856334209442,0.4894274175167084,-0.12082086503505707,0.29112476110458374,0.48455554246902466,-0.04159916564822197,0.289091557264328,0.35877975821495056,-0.07459868490695953,0.28973621129989624,0.27951961755752563,-0.09597937017679214,0.2902078926563263,0.2109737992286682,-0.10789528489112854,0.33744481205940247,0.47738876938819885,-0.033387258648872375,0.330336332321167,0.34258487820625305,-0.06574726104736328,0.32918068766593933,0.2597047984600067,-0.08392038941383362,0.3294641971588135,0.18594226241111755,-0.09051287919282913,0.3802899718284607,0.5054973363876343,-0.03298613801598549,0.3962121307849884,0.45846864581108093,-0.08432599157094955,0.39035606384277344,0.537622332572937,-0.09341549128293991,0.38269320130348206,0.5888475775718689,-0.08270104229450226,0.41664305329322815,0.5527645349502563,-0.03731199726462364,0.4275740087032318,0.50485759973526,-0.07545216381549835,0.41480961441993713,0.5634365081787109,-0.07498826086521149,0.40316852927207947,0.6093668937683105,-0.06420110911130905
0.353816419839859,0.7789661884307861,7.705315283601522e-07,0.31749671697616577,0.7216290831565857,-0.05908427760004997,0.3136385679244995,0.6330435276031494,-0.08353029936552048,0.36219680309295654,0.55295330286026,-0.10315842926502228,0.4049701690673828,0.4876207113265991,-0.11940984427928925,0.29054731130599976,0.48348268866539,-0.040702007710933685,0.28854259848594666,0.35802680253982544,-0.07326648384332657,0.28934982419013977,0.27924758195877075,-0.09415176510810852,0.2899642884731293,0.21109500527381897,-0.10575349628925323,0.337340772151947,0.4763077199459076,-0.033004771918058395,0.3307194411754608,0.3419099450111389,-0.0649336650967598,0.3302288353443146,0.259732186794281,-0.08265014737844467,0.33096587657928467,0.18632057309150696,-0.08900415152311325,0.38044223189353943,0.504526674747467,-0.03298500180244446,0.3958536684513092,0.457403302192688,-0.08385069668292999,0.3898512125015259,0.536094069480896,-0.09269143640995026,0.3822018802165985,0.5866091847419739,-0.08206360042095184,0.41697007417678833,0.5519965887069702,-0.03755838796496391,0.4276868402957916,0.5047303438186646,-0.07536260783672333,0.41439783573150635,0.5637189149856567,-0.07478845119476318,0.40225428342819214,0.6092432737350464,-0.06409208476543427
0.3547110855579376,0.7773858308792114,7.799242212058743e-07,0.31896036863327026,0.7206108570098877,-0.05904283747076988,0.31539449095726013,0.6318444013595581,-0.08342467993497849,0.36296018958091736,0.5514068007469177,-0.10300339758396149,0.40467968583106995,0.48642653226852417,-0.11920678615570068,0.29074209928512573,0.4837726056575775,-0.04094921424984932,0.2891242206096649,0.35758569836616516,-0.07369498163461685,0.29021745920181274,0.27855151891708374,-0.09467527270317078,0.2911986708641052,0.21007061004638672,-0.10615912079811096,0.337193101644516,0.4766484498977661,-0.03314176946878433,0.330939918756485,0.3415560722351074,-0.06546179950237274,0.33047881722450256,0.2585441470146179,-0.08352204412221909,0.33123356103897095,0.18455973267555237,-0.08991975337266922,0.3802635967731476,0.5043386816978455,-0.0329127311706543,0.3963083028793335,0.4586081802845001,-0.084221750497818,0.39028018712997437,0.5368736386299133,-0.09324266761541367,0.3825059235095978,0.5880317687988281,-0.08242914080619812,0.4164784848690033,0.550997257232666,-0.037240009754896164,0.4274676442146301,0.5045578479766846,-0.07528171688318253,0.41459041833877563,0.5632596611976624,-0.07453945279121399,0.40312933921813965,0.6096649765968323,-0.06348519772291183
0.354697048664093,0.7751502990722656,7.721363317614305e-07,0.31865131855010986,0.7194779515266418,-0.058168236166238785,0.3143022060394287,0.6323634386062622,-0.08335727453231812,0.3616904020309448,0.552515983581543,-0.10399814695119858,0.40381091833114624,0.48753222823143005,-0.1212877631187439,0.291394978761673,0.4821576774120331,-0.04210212081670761,0.289339154958725,0.35685306787490845,-0.07582041621208191,0.290368914604187,0.27807241678237915,-0.09743790328502655,0.29160448908805847,0.20990127325057983,-0.10947959870100021,0.3376964032649994,0.47452908754348755,-0.035272471606731415,0.33033278584480286,0.3404838442802429,-0.06847824156284332,0.32989850640296936,0.2586759030818939,-0.0867639034986496,0.33102917671203613,0.1851687729358673,-0.09341475367546082,0.38075026869773865,0.502202033996582,-0.035846129059791565,0.39649584889411926,0.45674365758895874,-0.08710221201181412,0.3903023600578308,0.535414457321167,-0.0951717421412468,0.3825596570968628,0.586452066898346,-0.08406658470630646,0.4171270430088043,0.5493907928466797,-0.040995482355356216,0.4277946352958679,0.5037935376167297,-0.07890770584344864,0.41410428285598755,0.5628291368484497,-0.07769601792097092,0.4017050862312317,0.6088683009147644,-0.06648332625627518
0.35308346152305603,0.7773964405059814,7.755112392260344e-07,0.31723588705062866,0.7195788025856018,-0.057064883410930634,0.3130236566066742,0.6327192187309265,-0.08170989155769348,0.3615711033344269,0.5530130863189697,-0.1022774875164032,0.40487682819366455,0.4890707731246948,-0.11955570429563522,0.29088613390922546,0.48191627860069275,-0.03846217319369316,0.28916096687316895,0.35768383741378784,-0.07151444256305695,0.2896864116191864,0.279086709022522,-0.09348581731319427,0.29044589400291443,0.21076518297195435,-0.10609074681997299,0.33760783076286316,0.47509220242500305,-0.032263342291116714,0.33139756321907043,0.34215277433395386,-0.06509841233491898,0.33046409487724304,0.25953927636146545,-0.08412985503673553,0.3308512270450592,0.18465828895568848,-0.09161195904016495,0.38074010610580444,0.503639280796051,-0.03352919593453407,0.3978152573108673,0.45649051666259766,-0.08418632298707962,0.39082223176956177,0.5346161127090454,-0.09201373904943466,0.38210761547088623,0.5857087969779968,-0.080991730093956,0.4168423116207123,0.5518773198127747,-0.03938138857483864,0.428816556930542,0.5031354427337646,-0.07686233520507812,0.414098858833313,0.5619798898696899,-0.07510779052972794,0.4004168212413788,0.608710527420044,-0.0636034682393074
0.35135602951049805,0.7803646326065063,7.891943027971138e-07,0.315829873085022,0.7209234833717346,-0.05777093023061752,0.31316229701042175,0.6307031512260437,-0.08091431111097336,0.3622030019760132,0.5512085556983948,-0.09959232807159424,0.40440064668655396,0.4878913462162018,-0.11478225886821747,0.28895303606987,0.4832155108451843,-0.037663523107767105,0.28732308745384216,0.35682523250579834,-0.06938984990119934,0.28881415724754333,0.27751949429512024,-0.09007266908884048,0.29022401571273804,0.20944026112556458,-0.10152626782655716,0.33553197979927063,0.4774586856365204,-0.030641501769423485,0.32972508668899536,0.34206250309944153,-0.06172075867652893,0.3302997946739197,0.25804293155670166,-0.07938333600759506,0.3326914310455322,0.1837291121482849,-0.08575672656297684,0.3784821033477783,0.5069359540939331,-0.03138298913836479,0.3964216709136963,0.46004369854927063,-0.08133012801408768,0.38953274488449097,0.5378108024597168,-0.08989584445953369,0.38091203570365906,0.5884401798248291,-0.07908318936824799,0.41482117772102356,0.5555451512336731,-0.03676419332623482,0.4284418523311615,0.5073021054267883,-0.07410474121570587,0.41425153613090515,0.5645949244499207,-0.07321706414222717,0.40073588490486145,0.6101973652839661,-0.06223585084080696
0.3512474298477173,0.7808011770248413,7.906886025921267e-07,0.3166504204273224,0.7218825221061707,-0.061212413012981415,0.3139485716819763,0.6317518949508667,-0.08553442358970642,0.36145180463790894,0.5518389344215393,-0.10454719513654709,0.40370458364486694,0.48681411147117615,-0.1200176328420639,0.2883068323135376,0.48344600200653076,-0.041087888181209564,0.2870974540710449,0.3571809232234955,-0.07346096634864807,0.2887203097343445,0.2781328856945038,-0.09439710527658463,0.29008474946022034,0.20982298254966736,-0.1059848964214325,0.33519434928894043,0.4775729775428772,-0.03212665766477585,0.3291095793247223,0.34240129590034485,-0.06380873173475266,0.32931283116340637,0.2597693204879761,-0.08166514337062836,0.33090224862098694,0.1859285831451416,-0.08808603882789612,0.37827083468437195,0.5066449642181396,-0.031178174540400505,0.39512383937835693,0.4610428214073181,-0.08255734294652939,0.38894203305244446,0.5394921898841858,-0.09240475296974182,0.3809651732444763,0.5896934866905212,-0.08218814432621002,0.41467100381851196,0.554385781288147,-0.034972552210092545,0.4269442558288574,0.5079240798950195,-0.07343444228172302,0.4137084484100342,0.5661424398422241,-0.07370107620954514,0.4012424051761627,0.6112823486328125,-0.06348661333322525
0.3503054678440094,0.7818294763565063,7.697368573644781e-07,0.3151039183139801,0.7230058908462524,-0.060215990990400314,0.31250256299972534,0.6321210265159607,-0.08364228904247284,0.36084097623825073,0.551482081413269,-0.1018340140581131,0.40286633372306824,0.48609137535095215,-0.11656744033098221,0.28825676441192627,0.48414337635040283,-0.03971618786454201,0.28706902265548706,0.3581855297088623,-0.07148890197277069,0.28886380791664124,0.27979764342308044,-0.09235215932130814,0.2904601991176605,0.21180060505867004,-0.10393846780061722,0.3348824977874756,0.4776654541492462,-0.03102298267185688,0.32812073826789856,0.3427532911300659,-0.06137149780988693,0.3282085657119751,0.2605851888656616,-0.07887329906225204,0.3298572599887848,0.1875760555267334,-0.08528570085763931,0.37763190269470215,0.506649911403656,-0.030290208756923676,0.3937646150588989,0.45995357632637024,-0.08049193769693375,0.3884211480617523,0.5378904342651367,-0.09048382192850113,0.38106945157051086,0.588396430015564,-0.08064012974500656,0.4138120710849762,0.5547564029693604,-0.03423881530761719,0.42534682154655457,0.5073747634887695,-0.07210742682218552,0.4127461314201355,0.5648257732391357,-0.07245752215385437,0.40110331773757935,0.610297441482544,-0.06239481642842293
0.34895840287208557,0.7832263112068176,7.876237191339897e-07,0.3140803277492523,0.7237285375595093,-0.06239273026585579,0.31238657236099243,0.6322783827781677,-0.08609753847122192,0.3612745404243469,0.5522009134292603,-0.10401539504528046,0.4034379720687866,0.4869336485862732,-0.11833599209785461,0.28779032826423645,0.4841729700565338,-0.0402190200984478,0.28656309843063354,0.35844147205352783,-0.07143295556306839,0.2885732650756836,0.28015702962875366,-0.09196103364229202,0.2904510498046875,0.2125244438648224,-0.10333682596683502,0.33441078662872314,0.4781482517719269,-0.030030658468604088,0.32811254262924194,0.3427109718322754,-0.05993849039077759,0.3286402225494385,0.2606963515281677,-0.07739398628473282,0.330682635307312,0.1884232759475708,-0.08375722169876099,0.37678828835487366,0.5073843598365784,-0.028071869164705276,0.3933311104774475,0.46089377999305725,-0.0783735141158104,0.3878999948501587,0.5385755896568298,-0.08939265459775925,0.38033097982406616,0.5888004899024963,-0.08019594848155975,0.412422776222229,0.554990291595459,-0.03092784620821476,0.4248882532119751,0.5083214640617371,-0.06944473087787628,0.4123249053955078,0.5663987994194031,-0.07097533345222473,0.40014705061912537,0.6119006872177124,-0.06171759217977524
0.3492357134819031,0.7824634313583374,7.822449106242857e-07,0.31447896361351013,0.7225355505943298,-0.06110469996929169,0.31135931611061096,0.6318180561065674,-0.0851871520280838,0.3594514727592468,0.5522797703742981,-0.10394057631492615,0.4020582139492035,0.4869208037853241,-0.11915503442287445,0.2873426675796509,0.48419326543807983,-0.04032614082098007,0.28697627782821655,0.3587506413459778,-0.07226893305778503,0.28927311301231384,0.2808103561401367,-0.09308107197284698,0.2916194200515747,0.213084876537323,-0.1045774444937706,0.3341517746448517,0.4785579442977905,-0.031031621620059013,0.3285193145275116,0.34395831823349,-0.06226988136768341,0.3290849030017853,0.2617940604686737,-0.08023567497730255,0.33129221200942993,0.18901267647743225,-0.08683475852012634,0.37695974111557007,0.5076293349266052,-0.029754791408777237,0.3934692442417145,0.46168386936187744,-0.08074474334716797,0.38729459047317505,0.5398324728012085,-0.09104181081056595,0.3794462978839874,0.5903588533401489,-0.08122202008962631,0.41295719146728516,0.5550599694252014,-0.03318154811859131,0.4253256916999817,0.5083092451095581,-0.07147005945444107,0.41218405961990356,0.5667261481285095,-0.07210986316204071,0.3998848795890808,0.6123261451721191,-0.0621904581785202
0.3497682213783264,0.7835607528686523,7.833867812223616e-07,0.31364962458610535,0.7235298752784729,-0.05869712308049202,0.30975836515426636,0.6337366700172424,-0.0827299952507019,0.35836461186408997,0.554718554019928,-0.10212518274784088,0.4017440378665924,0.4908229112625122,-0.11805681139230728,0.288422554731369,0.4855542480945587,-0.03896217420697212,0.2879858613014221,0.3596491515636444,-0.07067276537418365,0.29017576575279236,0.28139054775238037,-0.091402567923069,0.2927432358264923,0.21366530656814575,-0.10302891582250595,0.33512356877326965,0.480297714471817,-0.0313040129840374,0.32983866333961487,0.3455973267555237,-0.06283632665872574,0.33078765869140625,0.26319679617881775,-0.0812302753329277,0.33358657360076904,0.19048085808753967,-0.0883619487285614,0.37791040539741516,0.5097841024398804,-0.03135109692811966,0.3953351378440857,0.4625103175640106,-0.08153236657381058,0.3877730369567871,0.5393101572990417,-0.0910068079829216,0.3787243366241455,0.5889507532119751,-0.08121020346879959,0.41373100876808167,0.5579854249954224,-0.03600272908806801,0.42721498012542725,0.5084431171417236,-0.07324405759572983,0.41240203380584717,0.5659707188606262,-0.07283173501491547,0.39799749851226807,0.6115188598632812,-0.06258319318294525
0.34908145666122437,0.78533935546875,7.885618060754496e-07,0.3135523796081543,0.7242913842201233,-0.05864134803414345,0.3111121952533722,0.6322764158248901,-0.08205296099185944,0.36031219363212585,0.5528298616409302,-0.10084663331508636,0.4032104015350342,0.48923835158348083,-0.11626627296209335,0.28782984614372253,0.4856030344963074,-0.037585314363241196,0.288204550743103,0.3603084087371826,-0.0694139376282692,0.29096755385398865,0.2815871238708496,-0.09050122648477554,0.2934989631175995,0.21382078528404236,-0.1024172380566597,0.3346517086029053,0.4805131256580353,-0.03000112809240818,0.33004385232925415,0.3452301621437073,-0.06139899045228958,0.3311781585216522,0.2627633810043335,-0.07983826845884323,0.3337876796722412,0.18928387761116028,-0.0868409052491188,0.37762168049812317,0.5102928876876831,-0.03027552179992199,0.39529743790626526,0.4628724753856659,-0.08067262172698975,0.3876776695251465,0.5404570698738098,-0.09032793343067169,0.3786452114582062,0.5899984836578369,-0.08037150651216507,0.4134974777698517,0.5588595867156982,-0.03516542911529541,0.4266674518585205,0.5103886723518372,-0.07279648631811142,0.41174498200416565,0.5678185224533081,-0.07269445061683655,0.3977191746234894,0.612285852432251,-0.06248006224632263
0.3485678434371948,0.7829829454421997,7.868295597290853e-07,0.31323301792144775,0.7225263118743896,-0.059781305491924286,0.30955970287323,0.6325511932373047,-0.08403979241847992,0.3587246537208557,0.5544301867485046,-0.10338234156370163,0.40196704864501953,0.4907258450984955,-0.11928720772266388,0.2873561382293701,0.4841439127922058,-0.03953093662858009,0.2870657742023468,0.35898178815841675,-0.07152143865823746,0.2894285321235657,0.28022730350494385,-0.09253979474306107,0.29175102710723877,0.2123798429965973,-0.1043516993522644,0.3343873620033264,0.47920629382133484,-0.03122064471244812,0.3287888765335083,0.3444839417934418,-0.06244746968150139,0.32956212759017944,0.262480229139328,-0.08028063923120499,0.3319971561431885,0.18975359201431274,-0.08693993091583252,0.37737756967544556,0.5089558959007263,-0.03081822581589222,0.39407703280448914,0.46160516142845154,-0.08137981593608856,0.38716259598731995,0.539497971534729,-0.09091909229755402,0.378828227519989,0.5901511907577515,-0.0808282271027565,0.41344738006591797,0.5574643611907959,-0.03507710248231888,0.42567121982574463,0.5087827444076538,-0.07301988452672958,0.41155779361724854,0.5669938325881958,-0.07299941033124924,0.39809226989746094,0.6128450036048889,-0.06276161223649979
0.3480212986469269,0.7804708480834961,7.879248755671142e-07,0.3126167356967926,0.7210530042648315,-0.05992620065808296,0.3095816969871521,0.6312299966812134,-0.0841156393289566,0.3588153123855591,0.5529419183731079,-0.10326025635004044,0.4011787474155426,0.4894307255744934,-0.11894140392541885,0.28712552785873413,0.48330003023147583,-0.040412697941064835,0.28649070858955383,0.35834723711013794,-0.07293722033500671,0.288895845413208,0.2796861529350281,-0.09435012936592102,0.29139474034309387,0.21161937713623047,-0.10644996166229248,0.33405861258506775,0.47845152020454407,-0.03215961530804634,0.32838571071624756,0.34377437829971313,-0.06383848935365677,0.32939332723617554,0.26184600591659546,-0.08195296674966812,0.33234527707099915,0.18818050622940063,-0.08882993459701538,0.3766949772834778,0.5083924531936646,-0.031755682080984116,0.39386144280433655,0.4615423083305359,-0.08263568580150604,0.38657087087631226,0.5399885773658752,-0.0918174535036087,0.3780418038368225,0.590160608291626,-0.08149239420890808,0.41239267587661743,0.5575299859046936,-0.036039408296346664,0.4249056577682495,0.509043276309967,-0.07428018003702164,0.41047877073287964,0.5675122141838074,-0.07404056191444397,0.3969120681285858,0.6128925085067749,-0.06364519149065018
0.34729549288749695,0.778908371925354,7.895549174463667e-07,0.31206947565078735,0.7190107107162476,-0.05770014598965645,0.3086376190185547,0.6294791102409363,-0.08136095106601715,0.35756826400756836,0.5511006116867065,-0.1006227359175682,0.40068677067756653,0.489115446805954,-0.11668656766414642,0.2852146327495575,0.48254823684692383,-0.03805003687739372,0.2844240069389343,0.358403742313385,-0.0700269341468811,0.2865717113018036,0.27999088168144226,-0.09097734093666077,0.28850579261779785,0.21217715740203857,-0.10275480151176453,0.33260342478752136,0.47712814807891846,-0.030926160514354706,0.32802700996398926,0.3424800634384155,-0.06217952445149422,0.32900121808052063,0.2601357698440552,-0.07993361353874207,0.33149024844169617,0.18648123741149902,-0.08651826530694962,0.37571394443511963,0.5070019960403442,-0.031466953456401825,0.39227452874183655,0.45859986543655396,-0.08200795948505402,0.3848876655101776,0.5364202857017517,-0.09085743129253387,0.37649062275886536,0.5876247882843018,-0.08023975789546967,0.4115869402885437,0.5563006401062012,-0.03646445646882057,0.42336973547935486,0.5059110522270203,-0.0744115486741066,0.409061074256897,0.5645079612731934,-0.07355526089668274,0.3959784507751465,0.6115024089813232,-0.06257446110248566
0.3453165292739868,0.7757155299186707,8.101879984678817e-07,0.31041187047958374,0.7158212065696716,-0.05910687521100044,0.3070716857910156,0.6271023750305176,-0.0834566056728363,0.355096697807312,0.5493553876876831,-0.10304979234933853,0.3974701762199402,0.48733800649642944,-0.11929763108491898,0.28280365467071533,0.47826313972473145,-0.04036116972565651,0.2817244231700897,0.3537532389163971,-0.07325240224599838,0.28374773263931274,0.2745097279548645,-0.0949876680970192,0.2856677770614624,0.20617398619651794,-0.10722561180591583,0.3299351930618286,0.47340577840805054,-0.03270444646477699,0.3247533440589905,0.3397589921951294,-0.06509169936180115,0.32610195875167847,0.2562499940395355,-0.08356509357690811,0.3292156457901001,0.18145045638084412,-0.09058167785406113,0.37289488315582275,0.5031758546829224,-0.03279092162847519,0.38996490836143494,0.4570348858833313,-0.08432160317897797,0.3831513524055481,0.53530353307724,-0.0936809629201889,0.37497103214263916,0.5867872834205627,-0.08317110687494278,0.40893229842185974,0.5518648028373718,-0.0374767892062664,0.4209595322608948,0.5029474496841431,-0.07625201344490051,0.4075489044189453,0.5615554451942444,-0.07599680125713348,0.3948797583580017,0.6086650490760803,-0.06526532024145126
0.3452088534832001,0.774170994758606,8.148392112161673e-07,0.30999669432640076,0.7145026922225952,-0.05918923765420914,0.30645307898521423,0.6250938177108765,-0.08358608931303024,0.35458165407180786,0.5464261174201965,-0.10325629264116287,0.3977678120136261,0.48353108763694763,-0.11959012597799301,0.2821418046951294,0.4771890938282013,-0.039533380419015884,0.28131452202796936,0.351987361907959,-0.07210185378789902,0.28358393907546997,0.2728300988674164,-0.09343580901622772,0.2861441671848297,0.2048681080341339,-0.10526479035615921,0.32908692955970764,0.47167259454727173,-0.03161870315670967,0.3240554630756378,0.3374354839324951,-0.06385153532028198,0.3251391351222992,0.2538880407810211,-0.08224949240684509,0.3280225992202759,0.17951461672782898,-0.08899053931236267,0.37215226888656616,0.5006778240203857,-0.03145451843738556,0.3895113170146942,0.4540414810180664,-0.08252742141485214,0.38200220465660095,0.531986653804779,-0.09182750433683395,0.3733004927635193,0.5827358365058899,-0.08129380643367767,0.40813910961151123,0.5482582449913025,-0.03590523824095726,0.4200940430164337,0.5006673336029053,-0.07409105449914932,0.40637168288230896,0.5593246221542358,-0.07368796318769455,0.3936111629009247,0.6052001714706421,-0.06288792192935944
0.34421923756599426,0.7733601331710815,8.145411811710801e-07,0.30785098671913147,0.7140183448791504,-0.06015120819211006,0.30467212200164795,0.6226632595062256,-0.08416324108839035,0.3543035089969635,0.5437127351760864,-0.1030087098479271,0.39777445793151855,0.48067691922187805,-0.11848307400941849,0.28231173753738403,0.4765782356262207,-0.04072880744934082,0.28177928924560547,0.35013365745544434,-0.07283571362495422,0.2840098738670349,0.2711302638053894,-0.09378833323717117,0.28632551431655884,0.2033088207244873,-0.10536865144968033,0.3291114270687103,0.47163182497024536,-0.031944867223501205,0.3241690993309021,0.33640384674072266,-0.06339254975318909,0.3254130184650421,0.2531411945819855,-0.08139012008905411,0.3286493122577667,0.1793135702610016,-0.08794916421175003,0.3716534674167633,0.5010066032409668,-0.030992086976766586,0.3893586993217468,0.45544806122779846,-0.08122614026069641,0.38109514117240906,0.5330690145492554,-0.09111399948596954,0.37172943353652954,0.5827364325523376,-0.08122094720602036,0.407157838344574,0.5481932759284973,-0.03472446650266647,0.4206693470478058,0.5017878413200378,-0.07242906093597412,0.4060041904449463,0.5592585802078247,-0.07277178019285202,0.39179727435112,0.6035282611846924,-0.06277861446142197
0.3383653163909912,0.7608811259269714,7.616919788233645e-07,0.30653494596481323,0.7035305500030518,-0.05644635111093521,0.3062802255153656,0.6167789101600647,-0.07933530956506729,0.35444220900535583,0.5413910746574402,-0.09763848781585693,0.39591386914253235,0.4820573925971985,-0.11282611638307571,0.2841503620147705,0.4774486720561981,-0.03842812776565552,0.2856280207633972,0.35788506269454956,-0.06934478878974915,0.2884058952331543,0.28298187255859375,-0.08967031538486481,0.29110392928123474,0.2185060679912567,-0.10114896297454834,0.3284558951854706,0.4734819531440735,-0.03102859854698181,0.3260399103164673,0.34451180696487427,-0.06170409172773361,0.3283223509788513,0.2657308876514435,-0.07997141778469086,0.3323495388031006,0.19541248679161072,-0.08727284520864487,0.36858439445495605,0.5025891065597534,-0.030817564576864243,0.3868389427661896,0.45648065209388733,-0.07853226363658905,0.37959954142570496,0.5282113552093506,-0.0874759629368782,0.37104976177215576,0.5749576091766357,-0.07816491276025772,0.4018360376358032,0.549627423286438,-0.03505091369152069,0.4147997200489044,0.5021762251853943,-0.06995044648647308,0.4016968607902527,0.555282711982727,-0.06917968392372131,0.38941213488578796,0.5974435210227966,-0.05921471491456032
0.3439547121524811,0.7531437873840332,7.60771285968076e-07,0.3116326332092285,0.6993241906166077,-0.0556112602353096,0.3098973333835602,0.616557776927948,-0.0794183686375618,0.3566617965698242,0.5431457161903381,-0.09856973588466644,0.39697131514549255,0.48456570506095886,-0.11441444605588913,0.289998859167099,0.4779745638370514,-0.04117546230554581,0.2915647625923157,0.35978835821151733,-0.07324070483446121,0.2940947711467743,0.28525468707084656,-0.0938505157828331,0.2965657413005829,0.22084546089172363,-0.1053585484623909,0.3329513669013977,0.47286587953567505,-0.03404688090085983,0.33081769943237305,0.3467924892902374,-0.06638913601636887,0.3335781991481781,0.2684635519981384,-0.08457478135824203,0.3377469480037689,0.19820404052734375,-0.09147536754608154,0.3722495138645172,0.49995437264442444,-0.03373178094625473,0.3913978338241577,0.459365576505661,-0.0814654529094696,0.38389572501182556,0.5314549803733826,-0.0883718878030777,0.3746407926082611,0.5776535272598267,-0.07760478556156158,0.40495848655700684,0.5446755290031433,-0.037911731749773026,0.4183831214904785,0.5020002722740173,-0.07233718782663345,0.40579017996788025,0.5548316836357117,-0.07026921212673187,0.39354419708251953,0.5959146618843079,-0.05920521542429924
0.34166955947875977,0.7634444236755371,7.789492997289926e-07,0.3093174397945404,0.7046383023262024,-0.05578671023249626,0.3092711269855499,0.6175276637077332,-0.07876770943403244,0.35896000266075134,0.5423407554626465,-0.09754177927970886,0.4006699025630951,0.4825964570045471,-0.11312384158372879,0.2876458466053009,0.4738601744174957,-0.0372602716088295,0.2900203764438629,0.35275644063949585,-0.06910821795463562,0.2933894693851471,0.275762677192688,-0.09023164212703705,0.29620176553726196,0.20939204096794128,-0.10231105238199234,0.3329234719276428,0.47013211250305176,-0.03084743395447731,0.3319021165370941,0.3399445414543152,-0.06283637881278992,0.33492591977119446,0.2597537338733673,-0.08163094520568848,0.33956843614578247,0.18736791610717773,-0.08900001645088196,0.37379205226898193,0.5003916025161743,-0.03167708218097687,0.39326557517051697,0.45531579852104187,-0.08072828501462936,0.3847810924053192,0.5297258496284485,-0.0887538492679596,0.3755647838115692,0.5774942636489868,-0.07831694185733795,0.40731081366539,0.5494615435600281,-0.03698592260479927,0.422024130821228,0.5042135715484619,-0.0731913298368454,0.40722209215164185,0.5592188239097595,-0.07193885743618011,0.39342790842056274,0.6017229557037354,-0.061143334954977036
0.3420334458351135,0.7849896550178528,8.222088467846334e-07,0.302458256483078,0.7253243327140808,-0.05758580192923546,0.2987552583217621,0.6330370306968689,-0.08244164288043976,0.3503085672855377,0.552182674407959,-0.10343656688928604,0.39476779103279114,0.48757022619247437,-0.12100300192832947,0.28032344579696655,0.47514766454696655,-0.038880545645952225,0.27900850772857666,0.3454110026359558,-0.07284362614154816,0.2805255949497223,0.2637125849723816,-0.0954446941614151,0.2826579213142395,0.1930026113986969,-0.10843630135059357,0.3283962309360504,0.4708788990974426,-0.033900659531354904,0.3241288959980011,0.331807017326355,-0.06822220981121063,0.3244291841983795,0.2443666160106659,-0.08846603333950043,0.3269917368888855,0.16629385948181152,-0.09664925187826157,0.372356116771698,0.5035747289657593,-0.03653166815638542,0.3909200131893158,0.4569275975227356,-0.08868139237165451,0.3809807002544403,0.5369532704353333,-0.0966770350933075,0.3706527352333069,0.5877261161804199,-0.08557364344596863,0.40866342186927795,0.556572437286377,-0.043910183012485504,0.4236016869544983,0.5076099634170532,-0.08258868753910065,0.4055459499359131,0.5683557987213135,-0.08068392425775528,0.3886698782444,0.6149581670761108,-0.06901358813047409
0.3414384722709656,0.7887083292007446,8.283221291094378e-07,0.3029190003871918,0.7281567454338074,-0.059370171278715134,0.29974210262298584,0.636015772819519,-0.0846410021185875,0.3511431813240051,0.5547286868095398,-0.10571588575839996,0.3951168358325958,0.4889719784259796,-0.123369500041008,0.28032588958740234,0.4771629869937897,-0.03954172134399414,0.27908384799957275,0.3473919630050659,-0.07394757866859436,0.2801986038684845,0.2650100290775299,-0.09698324650526047,0.28186678886413574,0.19330725073814392,-0.11022498458623886,0.32945191860198975,0.4728660583496094,-0.03370705246925354,0.3252250552177429,0.3331644535064697,-0.06823437660932541,0.32559508085250854,0.24513927102088928,-0.08861082047224045,0.32794007658958435,0.165985107421875,-0.09679938852787018,0.3740149438381195,0.5059577822685242,-0.03573991730809212,0.3911360204219818,0.45892518758773804,-0.0894591212272644,0.381558358669281,0.5402200222015381,-0.0983927771449089,0.37182947993278503,0.592571496963501,-0.0873662456870079,0.4105830788612366,0.5595701932907104,-0.04252488538622856,0.42359885573387146,0.5107067227363586,-0.08302991837263107,0.4060370922088623,0.5726835131645203,-0.08194117248058319,0.3902435898780823,0.6207623481750488,-0.07040874660015106
0.3416273295879364,0.794829249382019,8.467656584798533e-07,0.30136263370513916,0.7347102761268616,-0.060461219400167465,0.29826319217681885,0.6411070823669434,-0.08645028620958328,0.35291141271591187,0.5597237348556519,-0.1080106869339943,0.3992409110069275,0.49510467052459717,-0.1261126846075058,0.2814384400844574,0.48050400614738464,-0.042572904378175735,0.2807037830352783,0.3464886546134949,-0.07858942449092865,0.282579243183136,0.2622019350528717,-0.10236547142267227,0.2849617004394531,0.18891051411628723,-0.11575775593519211,0.330518513917923,0.47646310925483704,-0.03680838644504547,0.32641464471817017,0.3332046866416931,-0.0728057473897934,0.32755422592163086,0.24372932314872742,-0.09328104555606842,0.33135396242141724,0.16363778710365295,-0.10094458609819412,0.3751799762248993,0.5096377730369568,-0.03892442584037781,0.39378687739372253,0.4643191397190094,-0.09377811849117279,0.3834385573863983,0.5469695925712585,-0.10201793164014816,0.3731922507286072,0.5994573831558228,-0.08996705710887909,0.4119357168674469,0.5634059309959412,-0.04596203938126564,0.4266538619995117,0.5154897570610046,-0.08713120967149734,0.4081466794013977,0.5786851644515991,-0.08522190153598785,0.3909880518913269,0.6272133588790894,-0.07266835868358612
0.3417087495326996,0.7995863556861877,8.379297469218727e-07,0.30042362213134766,0.7382506728172302,-0.05816039815545082,0.2966870665550232,0.6442564725875854,-0.08361911028623581,0.3511185646057129,0.5630040764808655,-0.1053987666964531,0.39750635623931885,0.5000860095024109,-0.123775415122509,0.2805172801017761,0.48121994733810425,-0.03929043188691139,0.2796626091003418,0.34708720445632935,-0.0747978687286377,0.2812323570251465,0.26239994168281555,-0.09823858737945557,0.28336966037750244,0.18930861353874207,-0.11155924201011658,0.33048564195632935,0.47725921869277954,-0.03517851606011391,0.3264818787574768,0.33371275663375854,-0.07132362574338913,0.32733622193336487,0.24316152930259705,-0.09192433208227158,0.33072352409362793,0.1626490354537964,-0.09973303973674774,0.3759579360485077,0.5111806988716125,-0.03881188482046127,0.3932853043079376,0.46245232224464417,-0.0937078446149826,0.38296636939048767,0.5458120703697205,-0.10097204148769379,0.3732980489730835,0.6002392768859863,-0.08829163014888763,0.41326916217803955,0.5666653513908386,-0.047238510102033615,0.42632922530174255,0.5162742137908936,-0.08828126639127731,0.4074074923992157,0.5809911489486694,-0.0853220671415329,0.3911080062389374,0.6316034197807312,-0.0719657614827156
0.34112855792045593,0.8006606101989746,8.491305152347195e-07,0.30132830142974854,0.7407481074333191,-0.060557980090379715,0.297711580991745,0.6466212868690491,-0.0872020572423935,0.3518369793891907,0.5651239156723022,-0.10955625772476196,0.3980737030506134,0.499118447303772,-0.1282266527414322,0.2804052233695984,0.48285841941833496,-0.04355830326676369,0.28032931685447693,0.34816762804985046,-0.08017139136791229,0.28242117166519165,0.26305609941482544,-0.10366573184728622,0.28528571128845215,0.18920287489891052,-0.11683934181928635,0.33038049936294556,0.47748637199401855,-0.03828570246696472,0.32656097412109375,0.332558810710907,-0.07526779174804688,0.32834264636039734,0.24178338050842285,-0.09569482505321503,0.3324640393257141,0.16116765141487122,-0.10327105224132538,0.3757626414299011,0.510588526725769,-0.04084440693259239,0.3947128653526306,0.46365469694137573,-0.096767857670784,0.3849470913410187,0.5486752390861511,-0.10422668606042862,0.3747286796569824,0.603461503982544,-0.09139968454837799,0.41311880946159363,0.565481424331665,-0.04833926633000374,0.4277009963989258,0.5184327960014343,-0.0901750773191452,0.4094020128250122,0.5831872224807739,-0.08794082701206207,0.3924623727798462,0.6332951188087463,-0.07498528063297272
0.3408840596675873,0.8028799295425415,8.439768066637043e-07,0.3000980019569397,0.7414522171020508,-0.0596272312104702,0.2958206236362457,0.6473076343536377,-0.08590851724147797,0.35005608201026917,0.5661699175834656,-0.10818970948457718,0.3967960774898529,0.5005465745925903,-0.12685714662075043,0.2797433137893677,0.48304757475852966,-0.04194027557969093,0.280256450176239,0.3479987382888794,-0.07809994369745255,0.2827119827270508,0.2627253532409668,-0.1017535999417305,0.2858160734176636,0.18835881352424622,-0.11532025039196014,0.3305717706680298,0.47836732864379883,-0.037207651883363724,0.3275024890899658,0.3334696888923645,-0.07371316850185394,0.3293326497077942,0.24250444769859314,-0.09442233294248581,0.333379328250885,0.16099458932876587,-0.10266023129224777,0.37649619579315186,0.5119945406913757,-0.04029113054275513,0.39469340443611145,0.46312499046325684,-0.09558325260877609,0.38386571407318115,0.5480260252952576,-0.1028478816151619,0.37315502762794495,0.6025224924087524,-0.09037290513515472,0.41440221667289734,0.5672338604927063,-0.04828788712620735,0.4282471537590027,0.5171743631362915,-0.089645616710186,0.4086534380912781,0.5820196270942688,-0.08703654259443283,0.39089521765708923,0.632407546043396,-0.07417131215333939
0.3393596410751343,0.8030952215194702,8.652747851556342e-07,0.30018049478530884,0.7409524917602539,-0.06169165298342705,0.2971072196960449,0.6460881233215332,-0.0883011668920517,0.3511817753314972,0.5644528865814209,-0.11035653948783875,0.3977850675582886,0.4982713460922241,-0.12882345914840698,0.27901971340179443,0.4813877046108246,-0.04340487718582153,0.27975994348526,0.34609028697013855,-0.07984540611505508,0.2827051281929016,0.2604222595691681,-0.10370542109012604,0.2861875891685486,0.1862982213497162,-0.11711189895868301,0.32977309823036194,0.4774400591850281,-0.037148524075746536,0.32731950283050537,0.3322526216506958,-0.07324481010437012,0.32949113845825195,0.24103981256484985,-0.09354189783334732,0.3334139585494995,0.15947365760803223,-0.10120836645364761,0.37542495131492615,0.5114291906356812,-0.03895396739244461,0.39507800340652466,0.46467307209968567,-0.09439444541931152,0.38410866260528564,0.5492729544639587,-0.10274047404527664,0.3725603520870209,0.6033222675323486,-0.0906199961900711,0.41264671087265015,0.5665560960769653,-0.04574916884303093,0.4281126856803894,0.5189926028251648,-0.087405726313591,0.40855783224105835,0.5830183029174805,-0.0858297049999237,0.3897770345211029,0.6320658326148987,-0.07348250597715378
0.338563472032547,0.802393913269043,8.591775895183673e-07,0.30026382207870483,0.739620566368103,-0.06041857227683067,0.2969709634780884,0.6462576389312744,-0.08742032945156097,0.3500315546989441,0.5646246671676636,-0.11027025431394577,0.3965113162994385,0.49761492013931274,-0.12949435412883759,0.27912914752960205,0.48109105229377747,-0.043406881392002106,0.2802313566207886,0.3458482027053833,-0.08030551671981812,0.28329384326934814,0.26025390625,-0.10444438457489014,0.2872692346572876,0.1859833002090454,-0.11825627088546753,0.3298875093460083,0.47670671343803406,-0.03820740059018135,0.32747212052345276,0.3311464786529541,-0.0751328393816948,0.33028852939605713,0.23999524116516113,-0.09615415334701538,0.33539170026779175,0.15784302353858948,-0.10455154627561569,0.3756318986415863,0.5109154582023621,-0.04080303758382797,0.39506906270980835,0.4626738727092743,-0.09621542692184448,0.383236825466156,0.5473430752754211,-0.10359080880880356,0.371545672416687,0.6012080311775208,-0.09116200357675552,0.4129304885864258,0.5667605400085449,-0.04834149405360222,0.427503764629364,0.5174432396888733,-0.08961465209722519,0.40810680389404297,0.5813012719154358,-0.08721958845853806,0.3904639482498169,0.63027024269104,-0.07448460161685944
0.33873796463012695,0.8023080825805664,8.503466801812465e-07,0.29929018020629883,0.7390922904014587,-0.06087260693311691,0.297319620847702,0.6421516537666321,-0.08629905432462692,0.35225793719291687,0.5604292750358582,-0.10743197798728943,0.39890217781066895,0.49542036652565,-0.12510034441947937,0.2790094017982483,0.48009729385375977,-0.04052548110485077,0.2793579697608948,0.34461891651153564,-0.07595059275627136,0.2824450731277466,0.2590862214565277,-0.09928186982870102,0.286121666431427,0.18499425053596497,-0.112418532371521,0.33010298013687134,0.4762896001338959,-0.034504253417253494,0.327211856842041,0.33070075511932373,-0.06981604546308517,0.32940322160720825,0.23930320143699646,-0.09028944373130798,0.33358412981033325,0.15774697065353394,-0.09816860407590866,0.3758588433265686,0.5105799436569214,-0.03660125285387039,0.39382660388946533,0.46165162324905396,-0.09190051257610321,0.3830412030220032,0.5459994673728943,-0.10098404437303543,0.3721911311149597,0.6006442308425903,-0.08928002417087555,0.41297420859336853,0.5657303333282471,-0.04357801750302315,0.42683547735214233,0.5161257386207581,-0.08515068888664246,0.4082639813423157,0.5796962380409241,-0.08388997614383698,0.39145779609680176,0.6292915940284729,-0.071761354804039
0.3386753499507904,0.8006057739257812,8.422796327067772e-07,0.2993127107620239,0.7377709150314331,-0.061111677438020706,0.29713618755340576,0.6412293910980225,-0.0868968665599823,0.35134705901145935,0.5595508813858032,-0.10822634398937225,0.39692872762680054,0.49225425720214844,-0.12600331008434296,0.2792850136756897,0.47865012288093567,-0.04228052496910095,0.27974575757980347,0.34350764751434326,-0.07810068875551224,0.28285157680511475,0.25797238945961,-0.10156495869159698,0.2867187559604645,0.18358615040779114,-0.11481165140867233,0.3299105763435364,0.47479861974716187,-0.03618364781141281,0.3267830014228821,0.32923316955566406,-0.07176394760608673,0.3293793201446533,0.23855063319206238,-0.09237714856863022,0.33454155921936035,0.15710273385047913,-0.1004624292254448,0.375470906496048,0.5090687274932861,-0.038097646087408066,0.3938128650188446,0.4622785747051239,-0.09320633113384247,0.38231316208839417,0.5467450022697449,-0.10227961093187332,0.37116363644599915,0.6002819538116455,-0.09081198275089264,0.4127614498138428,0.5642843246459961,-0.04491758719086647,0.4270329475402832,0.5156556367874146,-0.08589115738868713,0.40774649381637573,0.578374981880188,-0.08461013436317444,0.3901776969432831,0.6265145540237427,-0.07277429103851318
0.33844560384750366,0.7913175821304321,8.559988486922521e-07,0.2996564507484436,0.7272971868515015,-0.058772776275873184,0.29598268866539,0.6328285932540894,-0.08529006689786911,0.35055428743362427,0.5527816414833069,-0.10808461904525757,0.3982502222061157,0.4885818064212799,-0.12765952944755554,0.2781330645084381,0.4727713465690613,-0.04261741787195206,0.27898916602134705,0.3381079137325287,-0.07947376370429993,0.2826062738895416,0.25235337018966675,-0.10302755236625671,0.28660356998443604,0.17793911695480347,-0.11612801253795624,0.32898402214050293,0.46842819452285767,-0.0378657728433609,0.3266344964504242,0.32337474822998047,-0.07495695352554321,0.3293079733848572,0.2331332266330719,-0.09527816623449326,0.33399972319602966,0.1516815721988678,-0.10278940945863724,0.3750428557395935,0.501587450504303,-0.04073265939950943,0.3929849863052368,0.4529205858707428,-0.09709498286247253,0.3818401098251343,0.5380858778953552,-0.10516060888767242,0.3713831305503845,0.5935782790184021,-0.09253949671983719,0.4130902886390686,0.5561662912368774,-0.04821894317865372,0.42522624135017395,0.5076521039009094,-0.08985334634780884,0.40733808279037476,0.5721673369407654,-0.08766914159059525,0.39174768328666687,0.6221307516098022,-0.0747770443558693
0.3391101062297821,0.7894262075424194,8.657054877403425e-07,0.30073195695877075,0.727361261844635,-0.062233421951532364,0.2973683476448059,0.6323491930961609,-0.08905888348817825,0.3501996099948883,0.5506657958030701,-0.1111268699169159,0.3964956998825073,0.4843655228614807,-0.12960948050022125,0.27796876430511475,0.4707294702529907,-0.04447700083255768,0.2788151800632477,0.33613061904907227,-0.0810379758477211,0.282457172870636,0.2510441839694977,-0.1046900823712349,0.28652724623680115,0.17734012007713318,-0.11779343336820602,0.32816147804260254,0.4667574167251587,-0.037516821175813675,0.326154500246048,0.3214236795902252,-0.07414369285106659,0.32896846532821655,0.23078671097755432,-0.09465669095516205,0.33400851488113403,0.14936918020248413,-0.10224956274032593,0.3735026717185974,0.5000669360160828,-0.03855209797620773,0.39281293749809265,0.45384716987609863,-0.09447125345468521,0.38173165917396545,0.5379262566566467,-0.10354974120855331,0.3708133101463318,0.5915295481681824,-0.09162979573011398,0.41094404458999634,0.5539193153381348,-0.044486600905656815,0.4258524477481842,0.5060089826583862,-0.08580739796161652,0.4077831506729126,0.5685268044471741,-0.08457551151514053,0.3910020589828491,0.6164213418960571,-0.07246530801057816
0.3367784321308136,0.7893812656402588,8.697006705915555e-07,0.2996154725551605,0.7268969416618347,-0.06215818226337433,0.29636839032173157,0.63257896900177,-0.08942519873380661,0.3481166660785675,0.5504294037818909,-0.111946702003479,0.39378833770751953,0.4823586344718933,-0.13082382082939148,0.27744507789611816,0.4687078893184662,-0.044857583940029144,0.2786603271961212,0.33404314517974854,-0.0813760831952095,0.28215399384498596,0.24881941080093384,-0.10526836663484573,0.2861822843551636,0.17540773749351501,-0.11868765205144882,0.32743167877197266,0.4655636250972748,-0.03818739578127861,0.32547396421432495,0.31982922554016113,-0.07447919249534607,0.32802683115005493,0.22963762283325195,-0.09518282860517502,0.3326910138130188,0.14888569712638855,-0.10325098037719727,0.37251347303390503,0.49976035952568054,-0.039463337510824203,0.3915754556655884,0.4519217610359192,-0.09475921094417572,0.3804062306880951,0.5354313850402832,-0.10375109314918518,0.36920517683029175,0.5888401865959167,-0.09228643774986267,0.40964531898498535,0.5544292330741882,-0.045661285519599915,0.42465001344680786,0.5046912431716919,-0.08660892397165298,0.4062514305114746,0.5673747658729553,-0.08528899401426315,0.3889557421207428,0.6157431602478027,-0.07343795895576477
0.3367878496646881,0.7880522012710571,8.736332688386028e-07,0.300262987613678,0.7256674766540527,-0.06348706781864166,0.2979743778705597,0.6304084062576294,-0.0904843658208847,0.34983450174331665,0.5480692386627197,-0.11245054006576538,0.39512374997138977,0.48090657591819763,-0.13070644438266754,0.27719926834106445,0.46745023131370544,-0.045015472918748856,0.2785567045211792,0.33295145630836487,-0.08120876550674438,0.28227853775024414,0.2477351725101471,-0.10512347519397736,0.28643348813056946,0.17382323741912842,-0.11870305240154266,0.326927125453949,0.46480774879455566,-0.037413258105516434,0.32525843381881714,0.3200424313545227,-0.07357408106327057,0.3281947672367096,0.2290959656238556,-0.09451573342084885,0.33307790756225586,0.14718645811080933,-0.10292213410139084,0.3717021942138672,0.4992201030254364,-0.037918221205472946,0.39205777645111084,0.4524829387664795,-0.09339486062526703,0.38113337755203247,0.5356853604316711,-0.10294784605503082,0.36967921257019043,0.5890686511993408,-0.09186895191669464,0.4085227847099304,0.5535748600959778,-0.0434793084859848,0.4250294268131256,0.5053660869598389,-0.08504882454872131,0.40681904554367065,0.5678118467330933,-0.0845961645245552,0.3892994821071625,0.6159958243370056,-0.07335194200277328
0.33766329288482666,0.7860002517700195,8.65711399455904e-07,0.2996458113193512,0.7237234711647034,-0.06274227052927017,0.2959873378276825,0.6286879181861877,-0.08918659389019012,0.3484393060207367,0.5470889210700989,-0.11058637499809265,0.3945993483066559,0.48087581992149353,-0.12823538482189178,0.2772361636161804,0.466484397649765,-0.044374674558639526,0.2777198255062103,0.33240407705307007,-0.07991734892129898,0.28115203976631165,0.24764519929885864,-0.10338270664215088,0.28513461351394653,0.17408791184425354,-0.116666778922081,0.3268846273422241,0.4634391963481903,-0.03688938543200493,0.3243914246559143,0.31893235445022583,-0.07163797318935394,0.32730230689048767,0.22853735089302063,-0.0914522036910057,0.3325425088405609,0.14738276600837708,-0.09927132725715637,0.3711979389190674,0.49766647815704346,-0.03754102438688278,0.3908107578754425,0.45038047432899475,-0.09174728393554688,0.38024815917015076,0.5335001349449158,-0.10074833035469055,0.3693176805973053,0.5873047113418579,-0.08952291309833527,0.40780603885650635,0.552261233329773,-0.04324578866362572,0.42365971207618713,0.5026925206184387,-0.08386480063199997,0.4055555760860443,0.5641723871231079,-0.08301353454589844,0.38817036151885986,0.6125985383987427,-0.07165162265300751
0.33703312277793884,0.7840051651000977,8.50808362429234e-07,0.2982723116874695,0.7225428819656372,-0.06019672378897667,0.29375264048576355,0.629284679889679,-0.08713123202323914,0.34526196122169495,0.5483385324478149,-0.10975261777639389,0.3907051086425781,0.482212632894516,-0.1288241595029831,0.2765795588493347,0.46687090396881104,-0.04457340016961098,0.2775018811225891,0.3331393599510193,-0.08106976002454758,0.2809891104698181,0.24866020679473877,-0.10477738827466965,0.28491824865341187,0.17535996437072754,-0.11813971400260925,0.3263466954231262,0.4635277986526489,-0.03906960040330887,0.32378917932510376,0.31844133138656616,-0.07521937042474747,0.32607123255729675,0.22852027416229248,-0.09539538621902466,0.330496609210968,0.14762794971466064,-0.10322024673223495,0.37130844593048096,0.4976682960987091,-0.04124301299452782,0.38898971676826477,0.44934192299842834,-0.096208855509758,0.3777936100959778,0.5337477922439575,-0.10405156016349792,0.36690109968185425,0.5880914926528931,-0.09194715321063995,0.40856197476387024,0.5528963804244995,-0.048222512006759644,0.4223345220088959,0.5029746890068054,-0.08897756040096283,0.4035550057888031,0.5661045908927917,-0.08683809638023376,0.3861447870731354,0.6150365471839905,-0.07444507628679276
0.3348299264907837,0.7859959006309509,8.506438575750508e-07,0.29667535424232483,0.7243326306343079,-0.06115100905299187,0.2926226854324341,0.6320242881774902,-0.0881701409816742,0.34352320432662964,0.5512133240699768,-0.11072183400392532,0.38915449380874634,0.4842890501022339,-0.12959608435630798,0.2759648561477661,0.46713852882385254,-0.04441821947693825,0.2770474851131439,0.33301013708114624,-0.08038900792598724,0.28039610385894775,0.2486148476600647,-0.10428667068481445,0.2845149636268616,0.17530420422554016,-0.1180032417178154,0.32562199234962463,0.46394985914230347,-0.038375359028577805,0.32267382740974426,0.3197234272956848,-0.07366624474525452,0.32485878467559814,0.2294633388519287,-0.09416750818490982,0.32940563559532166,0.148941308259964,-0.10267393290996552,0.3703216314315796,0.49836239218711853,-0.04019541293382645,0.3879944980144501,0.4496030807495117,-0.09419487416744232,0.3777995705604553,0.5327674746513367,-0.10254882276058197,0.3673914968967438,0.5868113040924072,-0.09127552062273026,0.40756312012672424,0.5536595582962036,-0.04700012505054474,0.42162418365478516,0.5020356178283691,-0.08724859356880188,0.40293872356414795,0.5643886923789978,-0.08562296628952026,0.38554173707962036,0.6140422224998474,-0.07390326261520386
0.3356226086616516,0.783446192741394,8.55603161653562e-07,0.2971022129058838,0.7205451726913452,-0.06282885372638702,0.29184243083000183,0.6269457936286926,-0.08932536095380783,0.3436126708984375,0.5468131899833679,-0.11071138083934784,0.3892628848552704,0.4791703224182129,-0.12830853462219238,0.27391380071640015,0.46526581048965454,-0.04462307691574097,0.27426809072494507,0.3323047161102295,-0.07961124926805496,0.27787479758262634,0.24878761172294617,-0.10215889662504196,0.2818796634674072,0.1762247085571289,-0.11459395289421082,0.3235955834388733,0.46244972944259644,-0.0369160920381546,0.3208684027194977,0.31878623366355896,-0.07102857530117035,0.32345107197761536,0.23000314831733704,-0.08970654010772705,0.3285906910896301,0.1509140431880951,-0.09647049754858017,0.36813390254974365,0.4968174695968628,-0.037461113184690475,0.3863355219364166,0.45192480087280273,-0.09207532554864883,0.3760016858577728,0.5361141562461853,-0.10160069167613983,0.3662775754928589,0.5900814533233643,-0.09032178670167923,0.4051494598388672,0.5511606335639954,-0.0429275780916214,0.4200277626514435,0.5033413171768188,-0.0838363841176033,0.40230751037597656,0.5651721358299255,-0.08355128765106201,0.38596010208129883,0.6129769086837769,-0.07243523001670837
0.3338738977909088,0.7838637232780457,8.585199680055666e-07,0.2965121269226074,0.7230106592178345,-0.06123131141066551,0.2927382290363312,0.6298043727874756,-0.08845308423042297,0.34333375096321106,0.5487517714500427,-0.11105304956436157,0.3883554935455322,0.481993705034256,-0.13001659512519836,0.27435949444770813,0.4665489196777344,-0.045198164880275726,0.27550116181373596,0.33285340666770935,-0.0810164362192154,0.2788577675819397,0.24865108728408813,-0.1047305092215538,0.2832629680633545,0.17589005827903748,-0.11841772496700287,0.3233893811702728,0.46413618326187134,-0.03881596773862839,0.3213968873023987,0.32080745697021484,-0.07441835105419159,0.3243025243282318,0.2316209077835083,-0.0952950194478035,0.32948175072669983,0.15152359008789062,-0.10419758409261703,0.36771732568740845,0.4985407292842865,-0.04012336581945419,0.3876538872718811,0.4505680799484253,-0.09387311339378357,0.3764074146747589,0.5321977734565735,-0.10281431674957275,0.36484989523887634,0.5846837759017944,-0.09238172322511673,0.40450236201286316,0.5532386898994446,-0.04636372998356819,0.42065638303756714,0.5043458342552185,-0.08679959923028946,0.4017990231513977,0.5661525726318359,-0.08602047711610794,0.3836175501346588,0.6141095161437988,-0.07517196238040924
0.33393946290016174,0.777563214302063,8.503918706992408e-07,0.2969595193862915,0.716147243976593,-0.06103363260626793,0.29306480288505554,0.6240427494049072,-0.08770807832479477,0.34351009130477905,0.5439070463180542,-0.1097256988286972,0.38880184292793274,0.4787123203277588,-0.12812352180480957,0.2745133340358734,0.46332478523254395,-0.043642885982990265,0.2754770517349243,0.3320668935775757,-0.0787445604801178,0.27903059124946594,0.24906760454177856,-0.10207495838403702,0.2831609845161438,0.17694443464279175,-0.11549971997737885,0.3233538568019867,0.4606494605541229,-0.036903105676174164,0.3211597800254822,0.31886085867881775,-0.07159509509801865,0.3240155279636383,0.23072081804275513,-0.0917290523648262,0.3289965093135834,0.15095680952072144,-0.09999959170818329,0.3675455152988434,0.49472731351852417,-0.03794417902827263,0.3867458403110504,0.4481300711631775,-0.09114082157611847,0.37581461668014526,0.5291746854782104,-0.09981874376535416,0.3647197484970093,0.5809761881828308,-0.08898618072271347,0.4041878581047058,0.5490343570709229,-0.04388495162129402,0.4194949269294739,0.5002736449241638,-0.08345648646354675,0.4009650945663452,0.5608229041099548,-0.08224113285541534,0.3833804428577423,0.6076772212982178,-0.07102743536233902
0.3406493663787842,0.7759826183319092,8.411729481849761e-07,0.304391473531723,0.7165870666503906,-0.05850841850042343,0.30120229721069336,0.6265644431114197,-0.08500466495752335,0.3513268828392029,0.5487348437309265,-0.10715740919113159,0.395669162273407,0.485243558883667,-0.12573756277561188,0.2841416001319885,0.47072771191596985,-0.04360419511795044,0.2867259979248047,0.33998531103134155,-0.0784599632024765,0.2905012369155884,0.2575969994068146,-0.1009744182229042,0.29525819420814514,0.18710795044898987,-0.11361581087112427,0.3310895264148712,0.4686168432235718,-0.03770489990711212,0.3304080069065094,0.32897186279296875,-0.07318723201751709,0.33422496914863586,0.24194395542144775,-0.09350953996181488,0.34002450108528137,0.1638917326927185,-0.10167323052883148,0.3742562532424927,0.5011541247367859,-0.03899536281824112,0.3958859443664551,0.4571022093296051,-0.09090802073478699,0.38353729248046875,0.5349095463752747,-0.09849439561367035,0.3704598844051361,0.5839788913726807,-0.0874750092625618,0.4099999666213989,0.553059995174408,-0.045060016214847565,0.42653581500053406,0.5078377723693848,-0.0832030177116394,0.4078078269958496,0.5667596459388733,-0.08104082196950912,0.38916724920272827,0.6114684343338013,-0.06940651684999466
0.3466237783432007,0.7734273076057434,7.752364581392612e-07,0.3118615746498108,0.7133710384368896,-0.055360518395900726,0.3093107044696808,0.6262602806091309,-0.07983162254095078,0.3596126139163971,0.5514619946479797,-0.1006723940372467,0.40373694896698,0.4926055073738098,-0.11823441833257675,0.29332536458969116,0.47437694668769836,-0.03834103047847748,0.29410815238952637,0.3489198684692383,-0.07152747362852097,0.2963593006134033,0.2694685161113739,-0.0932447537779808,0.29860544204711914,0.20118048787117004,-0.10552797466516495,0.34016817808151245,0.4724270701408386,-0.03363423049449921,0.33780038356781006,0.3362727165222168,-0.0666327029466629,0.3396987020969391,0.25240519642829895,-0.08554082363843918,0.3432181179523468,0.17744261026382446,-0.09291163831949234,0.38264721632003784,0.5057772994041443,-0.03614392131567001,0.39984259009361267,0.4597134590148926,-0.08653146773576736,0.39013102650642395,0.5354095697402954,-0.09380177408456802,0.3803710341453552,0.5849649310112,-0.08255190402269363,0.4172872304916382,0.5587638020515442,-0.04315675050020218,0.4310738444328308,0.5100989937782288,-0.08005335927009583,0.41400623321533203,0.5672376155853271,-0.07740477472543716,0.39853212237358093,0.6125971078872681,-0.06544824689626694
0.34571871161460876,0.7750595211982727,7.818852054697345e-07,0.3109193444252014,0.7146051526069641,-0.05601128563284874,0.3090992867946625,0.6267491579055786,-0.08006681501865387,0.3591066300868988,0.5512027740478516,-0.10026189684867859,0.4025261104106903,0.4912022054195404,-0.11709568649530411,0.2923021912574768,0.47511011362075806,-0.03759921342134476,0.2930178642272949,0.35019320249557495,-0.07016150653362274,0.2957293689250946,0.2710002362728119,-0.0916738212108612,0.29848527908325195,0.20260560512542725,-0.10391099750995636,0.3390903174877167,0.4729593098163605,-0.032157052308321,0.33659106492996216,0.33715152740478516,-0.0645793005824089,0.3384200930595398,0.25323188304901123,-0.08324112743139267,0.34190893173217773,0.17810553312301636,-0.09049400687217712,0.3814154863357544,0.5061101317405701,-0.03410249203443527,0.398953914642334,0.4598594903945923,-0.08462353050708771,0.3889390826225281,0.5362934470176697,-0.092348113656044,0.378940224647522,0.5863437056541443,-0.08126063644886017,0.41595134139060974,0.5585967898368835,-0.04056212306022644,0.4299312233924866,0.5100807547569275,-0.07823938876390457,0.41244399547576904,0.5678596496582031,-0.07641971111297607,0.39666229486465454,0.6137669086456299,-0.06489311903715134
0.3450775444507599,0.7747499942779541,7.805160748830531e-07,0.3107996881008148,0.713785707950592,-0.05632477626204491,0.3087064027786255,0.6265998482704163,-0.08046798408031464,0.3585345447063446,0.5522526502609253,-0.1006264016032219,0.40224549174308777,0.4927353262901306,-0.11744261533021927,0.29219627380371094,0.4746273159980774,-0.038009922951459885,0.29282623529434204,0.3499533236026764,-0.07003076374530792,0.29551464319229126,0.27169036865234375,-0.09132359176874161,0.2981533408164978,0.20365825295448303,-0.10357876121997833,0.33905622363090515,0.4734770655632019,-0.03218832239508629,0.33704519271850586,0.33874088525772095,-0.06392237544059753,0.339141845703125,0.2557763457298279,-0.08250552415847778,0.342786967754364,0.1812921166419983,-0.09003309160470963,0.3811812996864319,0.5074031352996826,-0.03376942500472069,0.3987376391887665,0.4622806906700134,-0.08355402946472168,0.38881438970565796,0.5379750728607178,-0.09192821383476257,0.3789641261100769,0.587027370929718,-0.08170529454946518,0.4155542850494385,0.5600002408027649,-0.039877768605947495,0.43028751015663147,0.5131336450576782,-0.07707599550485611,0.4127037525177002,0.5702393054962158,-0.07600081712007523,0.39651381969451904,0.6147542595863342,-0.06539750844240189
0.34408682584762573,0.7772202491760254,7.823970236131572e-07,0.3101167380809784,0.717430830001831,-0.058074478060007095,0.3085046410560608,0.6304358839988708,-0.08238742500543594,0.35855981707572937,0.5559000968933105,-0.10229513794183731,0.40216264128685,0.49580660462379456,-0.11872079223394394,0.2915824055671692,0.47745275497436523,-0.03909485042095184,0.29299595952033997,0.3527345061302185,-0.07146119326353073,0.2955482006072998,0.273554265499115,-0.09307590126991272,0.29781216382980347,0.20517665147781372,-0.10552730411291122,0.33810991048812866,0.4757804870605469,-0.03239372372627258,0.3364558815956116,0.3412717878818512,-0.06424745917320251,0.33853399753570557,0.2579903304576874,-0.0829433798789978,0.34207653999328613,0.18325191736221313,-0.09052834659814835,0.3796837627887726,0.5092265009880066,-0.03330708295106888,0.39867404103279114,0.4631328880786896,-0.08325301110744476,0.38951167464256287,0.539052426815033,-0.09170634299516678,0.3794809877872467,0.5879182815551758,-0.08146162331104279,0.41381850838661194,0.5615929961204529,-0.03893759474158287,0.42976218461990356,0.5137503147125244,-0.07629671692848206,0.4128083288669586,0.5702106356620789,-0.07544554769992828,0.39638739824295044,0.614593505859375,-0.0649244412779808
0.3431943655014038,0.7781969308853149,7.747416930214968e-07,0.30925872921943665,0.7173438668251038,-0.056430116295814514,0.3083261549472809,0.6289445757865906,-0.08001599460840225,0.35870999097824097,0.5548040866851807,-0.0995456874370575,0.4023973047733307,0.49669021368026733,-0.11575019359588623,0.29070621728897095,0.4795079231262207,-0.03763999417424202,0.29213055968284607,0.355751633644104,-0.06947415322065353,0.2948637306690216,0.27760452032089233,-0.09077156335115433,0.2970986068248749,0.21006524562835693,-0.10306113958358765,0.3368000090122223,0.47795525193214417,-0.03156565502285957,0.33521243929862976,0.3436487317085266,-0.06311069428920746,0.3374263644218445,0.260445773601532,-0.08160486817359924,0.34122177958488464,0.18622764945030212,-0.08904097974300385,0.3782002925872803,0.5111837983131409,-0.03292909264564514,0.39680805802345276,0.46475958824157715,-0.08228293806314468,0.38763949275016785,0.5404903292655945,-0.09017571806907654,0.3779160678386688,0.5897543430328369,-0.07959296554327011,0.4121955335140228,0.5630648732185364,-0.03888225555419922,0.42721229791641235,0.5139352679252625,-0.07565687596797943,0.41057273745536804,0.5708785653114319,-0.07412522286176682,0.3952319622039795,0.6161078214645386,-0.06315112859010696
0.34120166301727295,0.7814644575119019,7.470396212738706e-07,0.3069585859775543,0.7218354940414429,-0.05450376868247986,0.30548590421676636,0.6352509260177612,-0.07810050249099731,0.3539655804634094,0.5619538426399231,-0.09795816242694855,0.3962942063808441,0.5040887594223022,-0.11450900137424469,0.29012444615364075,0.48412057757377625,-0.03835917264223099,0.29167917370796204,0.36134809255599976,-0.07032027840614319,0.29379087686538696,0.28398680686950684,-0.09157153218984604,0.29582569003105164,0.21668097376823425,-0.10389481484889984,0.33565011620521545,0.48233339190483093,-0.03346508368849754,0.3342863917350769,0.349408358335495,-0.06481210887432098,0.3363970220088959,0.2673633098602295,-0.08306212723255157,0.340073823928833,0.19422924518585205,-0.09067501872777939,0.3765150010585785,0.515314519405365,-0.035646259784698486,0.39476773142814636,0.46917724609375,-0.08399168401956558,0.38530221581459045,0.5445489883422852,-0.09102991223335266,0.3751089572906494,0.5940707921981812,-0.08056487143039703,0.41028523445129395,0.567315936088562,-0.04235752299427986,0.42550259828567505,0.5199487209320068,-0.07851172238588333,0.40816402435302734,0.5768728256225586,-0.07661082595586777,0.391865998506546,0.6226189732551575,-0.06570799648761749
0.3403988480567932,0.783598780632019,7.676324571548321e-07,0.3072357475757599,0.7230520248413086,-0.05517954379320145,0.3054100573062897,0.6356974840164185,-0.07891964912414551,0.3542642295360565,0.5614550709724426,-0.09888380020856857,0.3971264660358429,0.5025842189788818,-0.1155954897403717,0.2873763144016266,0.4868629276752472,-0.03770174831151962,0.2891277074813843,0.3642793893814087,-0.07015929371118546,0.2920796275138855,0.28643590211868286,-0.09190119057893753,0.2947882413864136,0.21930444240570068,-0.10445389151573181,0.3332839906215668,0.4850245714187622,-0.03239794075489044,0.33262643218040466,0.3523826003074646,-0.064242422580719,0.3349438011646271,0.27020856738090515,-0.08277732133865356,0.3387964367866516,0.1963706910610199,-0.09031647443771362,0.37447604537010193,0.5179650187492371,-0.03436588868498802,0.39412546157836914,0.4719933867454529,-0.08338726311922073,0.3843306601047516,0.5469081401824951,-0.09066151827573776,0.3739190101623535,0.5959557890892029,-0.07996343076229095,0.4081328809261322,0.5702083706855774,-0.040881335735321045,0.4242912232875824,0.5224932432174683,-0.07743296027183533,0.40754956007003784,0.5780461430549622,-0.07559720426797867,0.3917157053947449,0.6224583983421326,-0.06448131054639816
0.3369121849536896,0.7863370776176453,7.440451668117021e-07,0.30166080594062805,0.7255505323410034,-0.05392838269472122,0.299357533454895,0.6383599042892456,-0.07666227966547012,0.34879282116889954,0.5665338039398193,-0.09555226564407349,0.3914347290992737,0.5099771618843079,-0.11133212596178055,0.2847825884819031,0.4906458854675293,-0.037491656839847565,0.2861464321613312,0.3699018061161041,-0.06869242340326309,0.2887994945049286,0.29351916909217834,-0.08955765515565872,0.2914201021194458,0.22750455141067505,-0.10161087661981583,0.33047980070114136,0.489570289850235,-0.0324765108525753,0.3295878469944,0.358345627784729,-0.06225428730249405,0.33180150389671326,0.2779347896575928,-0.07938267290592194,0.3358645737171173,0.20598164200782776,-0.08638480305671692,0.3713003098964691,0.5227861404418945,-0.034644290804862976,0.3895088732242584,0.4775061011314392,-0.08166666328907013,0.378939151763916,0.5517999529838562,-0.0889449268579483,0.3684215247631073,0.5998623967170715,-0.07893732935190201,0.4049745202064514,0.5749962329864502,-0.041283220052719116,0.42001375555992126,0.5284474492073059,-0.07654184103012085,0.4021393656730652,0.58408123254776,-0.0749218687415123,0.38561758399009705,0.6278880834579468,-0.06450770795345306
0.33653223514556885,0.7808570861816406,7.566125077573815e-07,0.30166953802108765,0.7233297824859619,-0.053821224719285965,0.2980625033378601,0.6394134163856506,-0.0784858763217926,0.3471663296222687,0.5669008493423462,-0.09947390854358673,0.39073944091796875,0.5079020857810974,-0.11722543835639954,0.2837696671485901,0.4922889173030853,-0.04089454188942909,0.2851291298866272,0.37042689323425293,-0.0742790699005127,0.2882775664329529,0.29362228512763977,-0.09558568894863129,0.29130738973617554,0.22705695033073425,-0.10765854269266129,0.3295755684375763,0.4892539083957672,-0.0362616591155529,0.32863157987594604,0.3584127724170685,-0.0694475769996643,0.33132675290107727,0.2783855199813843,-0.08766056597232819,0.3354675769805908,0.20551243424415588,-0.09472363442182541,0.37074577808380127,0.5200784802436829,-0.03838787600398064,0.3889579176902771,0.47726866602897644,-0.08748748898506165,0.37853938341140747,0.5523983240127563,-0.09347543865442276,0.3683074116706848,0.6003565788269043,-0.08195938169956207,0.4046250283718109,0.5703155398368835,-0.04492955282330513,0.41862404346466064,0.5261814594268799,-0.08040858805179596,0.402021586894989,0.5821602940559387,-0.07749674469232559,0.3867863416671753,0.625430166721344,-0.0657816156744957
0.33655935525894165,0.7778137922286987,7.797987109370297e-07,0.302815318107605,0.7214108109474182,-0.055494118481874466,0.30082759261131287,0.6366282105445862,-0.07980109006166458,0.3500421643257141,0.5638996958732605,-0.09992937743663788,0.3932204246520996,0.5061639547348022,-0.11693671345710754,0.2836753726005554,0.49015012383461,-0.040746744722127914,0.2854906916618347,0.3692340850830078,-0.07391441613435745,0.28871458768844604,0.29215192794799805,-0.09551689028739929,0.2915912866592407,0.22553914785385132,-0.10777029395103455,0.3290867209434509,0.48720985651016235,-0.0350024588406086,0.32802698016166687,0.3565117418766022,-0.06777888536453247,0.3310149610042572,0.27579954266548157,-0.08597861975431442,0.33528584241867065,0.20301732420921326,-0.09280876070261002,0.3697623610496521,0.5182844400405884,-0.0362861305475235,0.3886936604976654,0.4754400849342346,-0.08567940443754196,0.37879884243011475,0.5503451228141785,-0.09261965751647949,0.3682258725166321,0.5980229377746582,-0.08143281936645508,0.40303295850753784,0.5680432319641113,-0.042044512927532196,0.4175131022930145,0.5246948003768921,-0.07854678481817245,0.401628315448761,0.5809819102287292,-0.07657946646213531,0.386583149433136,0.6237742900848389,-0.06521088629961014
0.3351728022098541,0.779466986656189,7.687206107220845e-07,0.30132535099983215,0.7222971320152283,-0.05446109548211098,0.3001745343208313,0.6358649134635925,-0.0777546763420105,0.3493993580341339,0.562221884727478,-0.09711776673793793,0.3919561207294464,0.5038036704063416,-0.11324052512645721,0.28343379497528076,0.49022194743156433,-0.03806077688932419,0.2849729657173157,0.36930716037750244,-0.07021744549274445,0.28807225823402405,0.2926914095878601,-0.09150911122560501,0.2912001609802246,0.2262597680091858,-0.10376404225826263,0.32861828804016113,0.4874594211578369,-0.032748788595199585,0.32681527733802795,0.35622307658195496,-0.06469616293907166,0.32956913113594055,0.27528300881385803,-0.08323592692613602,0.33433014154434204,0.20221108198165894,-0.09059632569551468,0.36917969584465027,0.5190194249153137,-0.03444802761077881,0.38798922300338745,0.4755297899246216,-0.08310053497552872,0.37797802686691284,0.5503993630409241,-0.08998604118824005,0.36768853664398193,0.5984361171722412,-0.0790461078286171,0.4025048613548279,0.5694801807403564,-0.04061761870980263,0.41756510734558105,0.5243473052978516,-0.07690707594156265,0.4008724093437195,0.5803431868553162,-0.07493622601032257,0.3851052522659302,0.6239922046661377,-0.06370344758033752
0.3349538743495941,0.7803188562393188,7.666359920222021e-07,0.30119019746780396,0.7228066325187683,-0.055380240082740784,0.2996988296508789,0.6368810534477234,-0.07889275252819061,0.3490428328514099,0.5625240802764893,-0.09837579727172852,0.3922012448310852,0.5036976933479309,-0.11461932212114334,0.28344687819480896,0.4901866018772125,-0.038081299513578415,0.2846747636795044,0.3691673278808594,-0.07010217010974884,0.2876431345939636,0.29245725274086,-0.09134399890899658,0.2905718684196472,0.2259322702884674,-0.10351410508155823,0.3288920819759369,0.4876663088798523,-0.032150689512491226,0.3270603120326996,0.35621803998947144,-0.06386139988899231,0.3296213448047638,0.2748565077781677,-0.08225592225790024,0.3340176045894623,0.20163220167160034,-0.08954648673534393,0.36944785714149475,0.5193778276443481,-0.03340284526348114,0.3875059187412262,0.4749734103679657,-0.08245603740215302,0.37766510248184204,0.5495553612709045,-0.09004031121730804,0.3676218092441559,0.598127007484436,-0.07936511188745499,0.4026736915111542,0.5699272751808167,-0.03910162299871445,0.4172595143318176,0.5225481390953064,-0.07560835778713226,0.4006933569908142,0.5784837007522583,-0.07392890006303787,0.38518211245536804,0.6233485341072083,-0.062830850481987
0.3357198238372803,0.7781291007995605,7.613635375491867e-07,0.3022010624408722,0.7206274271011353,-0.05584852769970894,0.3004697859287262,0.6346062421798706,-0.07932958006858826,0.3496749699115753,0.5608620643615723,-0.09861025959253311,0.39289653301239014,0.5019709467887878,-0.1146489828824997,0.28327614068984985,0.4888235330581665,-0.03827500343322754,0.2841014862060547,0.3680093288421631,-0.07017844170331955,0.2871226668357849,0.2913376986980438,-0.09111026674509048,0.2900257408618927,0.22513723373413086,-0.10299000889062881,0.32853689789772034,0.48623964190483093,-0.03197873756289482,0.3266829550266266,0.3557712733745575,-0.06355126202106476,0.32914674282073975,0.27518707513809204,-0.08176757395267487,0.33316361904144287,0.20269173383712769,-0.08882464468479156,0.36904048919677734,0.5176078677177429,-0.03293849900364876,0.38721203804016113,0.4752104878425598,-0.0819188728928566,0.3778400421142578,0.5488182902336121,-0.09001588821411133,0.36790862679481506,0.5961301326751709,-0.07966549694538116,0.4021018147468567,0.5676712393760681,-0.038377247750759125,0.4167291820049286,0.5229412913322449,-0.07460431009531021,0.4010971486568451,0.5778851509094238,-0.07335183024406433,0.3861858546733856,0.6209754943847656,-0.06264998018741608
0.3355536460876465,0.7773410677909851,7.68899269587564e-07,0.3015482425689697,0.7206817269325256,-0.05581091344356537,0.29952380061149597,0.6359702944755554,-0.08036741614341736,0.34785231947898865,0.5623422861099243,-0.10081947594881058,0.3908478021621704,0.5030073523521423,-0.11794951558113098,0.2836737036705017,0.48865896463394165,-0.040010903030633926,0.2847789227962494,0.36787348985671997,-0.07322338223457336,0.28750067949295044,0.2912946939468384,-0.09503945708274841,0.2902114987373352,0.2249908745288849,-0.10745640099048615,0.3287741541862488,0.48569053411483765,-0.034122683107852936,0.32686343789100647,0.3553065061569214,-0.06712670624256134,0.329010009765625,0.274198979139328,-0.08589588105678558,0.33244675397872925,0.20097863674163818,-0.09318923950195312,0.369442343711853,0.5167064070701599,-0.035381145775318146,0.38696369528770447,0.4745263457298279,-0.08502453565597534,0.37755846977233887,0.5493765473365784,-0.09212253242731094,0.36753368377685547,0.5973879098892212,-0.08098220080137253,0.402658611536026,0.5665581822395325,-0.04117496684193611,0.4168771207332611,0.5221370458602905,-0.07769975066184998,0.4008404612541199,0.5779449939727783,-0.07574532181024551,0.38567042350769043,0.6215440630912781,-0.06437884271144867
0.3357704281806946,0.7795313596725464,7.540879209955165e-07,0.3011433184146881,0.7199869751930237,-0.05491224303841591,0.2991652190685272,0.6334245800971985,-0.0775514468550682,0.3485451340675354,0.5589945316314697,-0.09638002514839172,0.3910452723503113,0.49961304664611816,-0.11193321645259857,0.2822745740413666,0.4885309040546417,-0.0346076600253582,0.28182029724121094,0.3672431409358978,-0.0660487711429596,0.28444358706474304,0.29080355167388916,-0.08703325688838959,0.28722429275512695,0.22534140944480896,-0.09890387207269669,0.3277801275253296,0.4866737127304077,-0.028580492362380028,0.324919193983078,0.3569701313972473,-0.06021767109632492,0.3255544900894165,0.27645695209503174,-0.07878953963518143,0.32823219895362854,0.2044583261013031,-0.08592908829450607,0.36867237091064453,0.5182210206985474,-0.029962079599499702,0.38560548424720764,0.47268590331077576,-0.07896856963634491,0.3754282295703888,0.5472158789634705,-0.08644625544548035,0.3658671975135803,0.5952407121658325,-0.0754474550485611,0.4020892083644867,0.568015992641449,-0.03582058101892471,0.4154760539531708,0.5204594135284424,-0.07217785716056824,0.3988412022590637,0.5760788321495056,-0.0704360231757164,0.38416701555252075,0.6195835471153259,-0.05911050736904144
0.33414480090141296,0.7792109251022339,7.308423732865776e-07,0.2963654398918152,0.7191371917724609,-0.05001959577202797,0.29159218072891235,0.6330074667930603,-0.07162607461214066,0.33955517411231995,0.5586898922920227,-0.09055335074663162,0.3826023042201996,0.5015830397605896,-0.10645722597837448,0.2764074206352234,0.48718395829200745,-0.03110004961490631,0.2756454050540924,0.36769479513168335,-0.062003858387470245,0.27775412797927856,0.291922390460968,-0.08279059082269669,0.2790067195892334,0.22657257318496704,-0.09493187814950943,0.3227539360523224,0.48547133803367615,-0.028063973411917686,0.31956595182418823,0.3561934232711792,-0.05917561799287796,0.3184050917625427,0.276790976524353,-0.07698746025562286,0.31852295994758606,0.2050507664680481,-0.08390005677938461,0.36488959193229675,0.5176736116409302,-0.03202340379357338,0.37997809052467346,0.4702611565589905,-0.08014930784702301,0.36891189217567444,0.5457978844642639,-0.08599882572889328,0.3592323660850525,0.5946412086486816,-0.07431679964065552,0.39934781193733215,0.5689387917518616,-0.04016998037695885,0.41129040718078613,0.5210670828819275,-0.07609963417053223,0.3926905393600464,0.5781808495521545,-0.07334800064563751,0.37692898511886597,0.6227770447731018,-0.061498746275901794
0.3246362507343292,0.8103258609771729,7.848767609175411e-07,0.28152942657470703,0.7486657500267029,-0.05379067361354828,0.27410826086997986,0.656394362449646,-0.07664009183645248,0.32667770981788635,0.5783530473709106,-0.09651540964841843,0.37183865904808044,0.5184421539306641,-0.11333750933408737,0.2585678994655609,0.5052664875984192,-0.03401236608624458,0.2526964843273163,0.37693533301353455,-0.06700176000595093,0.2526002526283264,0.2955576479434967,-0.08916518092155457,0.2534570097923279,0.22620439529418945,-0.10183576494455338,0.30727848410606384,0.5010339617729187,-0.030915293842554092,0.2981610596179962,0.3626025915145874,-0.0635485127568245,0.29606810212135315,0.27656686305999756,-0.08267171680927277,0.2974877953529358,0.20005124807357788,-0.09005875140428543,0.35211890935897827,0.5336902141571045,-0.03534124046564102,0.36579418182373047,0.4823586046695709,-0.08675442636013031,0.3578847348690033,0.5621250867843628,-0.09403803199529648,0.35055387020111084,0.6146923303604126,-0.08220299333333969,0.38954612612724304,0.5879905819892883,-0.044222667813301086,0.4001666009426117,0.5346960425376892,-0.08294253051280975,0.382932186126709,0.5949116945266724,-0.08033185452222824,0.3676290512084961,0.6431933045387268,-0.06788147985935211
0.32943665981292725,0.8255784511566162,7.779819384268194e-07,0.291763573884964,0.7669192552566528,-0.05978817492723465,0.28914353251457214,0.6759341955184937,-0.08580099046230316,0.34256821870803833,0.5980225801467896,-0.1071852371096611,0.3870067596435547,0.5320857167243958,-0.12515473365783691,0.2717522978782654,0.5142475366592407,-0.04599642753601074,0.2694952189922333,0.38274598121643066,-0.082424595952034,0.2703883647918701,0.30001190304756165,-0.10524413734674454,0.2716872990131378,0.22807273268699646,-0.11783313006162643,0.32085394859313965,0.5099425315856934,-0.04092158377170563,0.31596943736076355,0.3653355836868286,-0.07635197043418884,0.3156939148902893,0.2783300280570984,-0.09503394365310669,0.3173302114009857,0.20062580704689026,-0.10139056295156479,0.36501914262771606,0.5437318682670593,-0.04350628703832626,0.38238096237182617,0.4962657690048218,-0.09765784442424774,0.3708696663379669,0.5794287919998169,-0.10579214990139008,0.3588966727256775,0.6288905739784241,-0.09422668069601059,0.40146830677986145,0.598137378692627,-0.05085770785808563,0.41506659984588623,0.5565708875656128,-0.0913400650024414,0.3949492573738098,0.6200226545333862,-0.09025411307811737,0.375168114900589,0.6638565063476562,-0.07888332009315491
0.35400673747062683,0.7698656916618347,7.724714237156149e-07,0.32362091541290283,0.7149924039840698,-0.05759989470243454,0.3239578902721405,0.6313597559928894,-0.08303942531347275,0.37318331003189087,0.5556004643440247,-0.10394658893346786,0.41578611731529236,0.4938119351863861,-0.12129916995763779,0.30143433809280396,0.47878679633140564,-0.042537495493888855,0.30345141887664795,0.3563825786113739,-0.07697444409132004,0.30587923526763916,0.2778097987174988,-0.0985339879989624,0.30782824754714966,0.21083205938339233,-0.11033697426319122,0.34737876057624817,0.4730170965194702,-0.03599924221634865,0.34683719277381897,0.3396795392036438,-0.07047586888074875,0.3494755029678345,0.2574542760848999,-0.08895470201969147,0.35210108757019043,0.18427228927612305,-0.09530927985906601,0.38887661695480347,0.5019229054450989,-0.036687836050987244,0.4095814526081085,0.4616500437259674,-0.08760536462068558,0.4018304944038391,0.5367316603660583,-0.09485345333814621,0.39122274518013,0.5847225189208984,-0.08322262018918991,0.42291730642318726,0.5498019456863403,-0.04203631356358528,0.43910714983940125,0.5117368698120117,-0.07896911352872849,0.4239792227745056,0.5681183934211731,-0.0774015411734581,0.4077904224395752,0.6104139089584351,-0.06596387922763824
0.3521661162376404,0.768804669380188,7.891844688856509e-07,0.32279592752456665,0.7128127813339233,-0.058421555906534195,0.3244573175907135,0.6296189427375793,-0.0835811197757721,0.37475067377090454,0.5552946925163269,-0.10397178679704666,0.4178624153137207,0.4946650564670563,-0.12083791196346283,0.30193451046943665,0.47667956352233887,-0.042114682495594025,0.30286943912506104,0.3537387251853943,-0.07583638280630112,0.30580151081085205,0.2754271626472473,-0.09691516309976578,0.30868521332740784,0.2087075412273407,-0.10814279317855835,0.3474261462688446,0.47148415446281433,-0.03480936214327812,0.34609904885292053,0.3377804160118103,-0.06805911660194397,0.3497202396392822,0.2554608881473541,-0.08583959937095642,0.35409015417099,0.1826503574848175,-0.0915565937757492,0.38862544298171997,0.500903844833374,-0.03495880961418152,0.40994274616241455,0.4628514349460602,-0.08549578487873077,0.40225693583488464,0.5374765992164612,-0.09396704286336899,0.391685426235199,0.5853021144866943,-0.08294127136468887,0.422468364238739,0.5489196181297302,-0.03978215903043747,0.4396677017211914,0.5130051374435425,-0.07665034383535385,0.4244236350059509,0.5693387985229492,-0.0760442242026329,0.40783509612083435,0.6115484833717346,-0.06518824398517609
0.3537466526031494,0.7690699100494385,7.828401749065961e-07,0.32369813323020935,0.713618814945221,-0.05817892402410507,0.3244616985321045,0.6298407316207886,-0.08314093202352524,0.3745597302913666,0.5540822148323059,-0.10340019315481186,0.41768085956573486,0.49148833751678467,-0.11997142434120178,0.3027868866920471,0.4761885702610016,-0.04143011197447777,0.30447080731391907,0.35284435749053955,-0.07479418069124222,0.3075437843799591,0.27443718910217285,-0.09572520107030869,0.3104802668094635,0.20757779479026794,-0.10700542479753494,0.348520427942276,0.4707212448120117,-0.034216608852148056,0.3477294147014618,0.33681654930114746,-0.06728529185056686,0.3511687219142914,0.2542121112346649,-0.08517178148031235,0.3551860451698303,0.18131569027900696,-0.09114567190408707,0.3896584212779999,0.5001765489578247,-0.03443068638443947,0.4109199047088623,0.46152642369270325,-0.08449280261993408,0.4030393958091736,0.5366041660308838,-0.0923256203532219,0.3924023509025574,0.5847362279891968,-0.08110171556472778,0.42345550656318665,0.5480668544769287,-0.039370257407426834,0.4409162998199463,0.5109097957611084,-0.07598791271448135,0.4256022572517395,0.5670014023780823,-0.07500848919153214,0.40889212489128113,0.6092990636825562,-0.06399133056402206
0.35486942529678345,0.7667170166969299,7.97794712070754e-07,0.3254118859767914,0.7122066020965576,-0.06005282700061798,0.32623881101608276,0.628619909286499,-0.08585764467716217,0.3753540813922882,0.5530121922492981,-0.10649450123310089,0.41874656081199646,0.49054771661758423,-0.12344049662351608,0.30200958251953125,0.4755473732948303,-0.04420852288603783,0.30425360798835754,0.351435124874115,-0.07825012505054474,0.3071345090866089,0.2724940776824951,-0.09919609874486923,0.30985766649246216,0.20548072457313538,-0.11044351011514664,0.34798192977905273,0.4695940315723419,-0.036061838269233704,0.3474821448326111,0.33511266112327576,-0.06983856111764908,0.35133758187294006,0.25276586413383484,-0.08762045949697495,0.3557571470737457,0.17979827523231506,-0.09339343011379242,0.3894084692001343,0.4983506500720978,-0.03544528782367706,0.4118458032608032,0.4592793881893158,-0.08625251799821854,0.4034624993801117,0.5353366136550903,-0.09425821900367737,0.39205285906791687,0.583078920841217,-0.0830443874001503,0.42353710532188416,0.5453922748565674,-0.039651259779930115,0.44169455766677856,0.5101537704467773,-0.0769704133272171,0.4262275695800781,0.5670966506004333,-0.07665231078863144,0.4092075228691101,0.6083090305328369,-0.06607739627361298
0.3529072403907776,0.767192542552948,8.00211125806527e-07,0.323282390832901,0.7103351354598999,-0.05936632677912712,0.32510846853256226,0.6265145540237427,-0.08485053479671478,0.375312477350235,0.551036536693573,-0.10535576194524765,0.41852444410324097,0.48931118845939636,-0.12226538360118866,0.3025786578655243,0.4737485647201538,-0.04317815229296684,0.3050123453140259,0.34974074363708496,-0.07701655477285385,0.30802351236343384,0.2711034417152405,-0.09825202822685242,0.3107108771800995,0.20355156064033508,-0.10974431782960892,0.34844592213630676,0.46822690963745117,-0.0354393869638443,0.3481210470199585,0.33430027961730957,-0.06877748668193817,0.3519398868083954,0.25183534622192383,-0.08663388341665268,0.3559991121292114,0.17851200699806213,-0.09255281090736389,0.38982176780700684,0.4973859190940857,-0.035222962498664856,0.4119400382041931,0.45839062333106995,-0.08585748821496964,0.40337690711021423,0.5347843766212463,-0.09399063885211945,0.391618549823761,0.5829697847366333,-0.08282453566789627,0.4238974452018738,0.5452487468719482,-0.039805177599191666,0.44225701689720154,0.508708119392395,-0.07706989347934723,0.4264049828052521,0.5660908222198486,-0.07657700777053833,0.4088350236415863,0.6086556911468506,-0.06581801176071167
0.3525750935077667,0.7644370198249817,8.074387096712599e-07,0.3196239769458771,0.7052582502365112,-0.058124180883169174,0.320171058177948,0.618169367313385,-0.08253833651542664,0.37217745184898376,0.5427995920181274,-0.10233743488788605,0.41605350375175476,0.48343604803085327,-0.11878377944231033,0.29928892850875854,0.4668946862220764,-0.039423033595085144,0.30126330256462097,0.3441537320613861,-0.07271576672792435,0.3047253489494324,0.2651139497756958,-0.09429751336574554,0.30739542841911316,0.19803133606910706,-0.10625549405813217,0.3459756076335907,0.46367043256759644,-0.03222078084945679,0.3463424742221832,0.33134371042251587,-0.0659136101603508,0.3490781784057617,0.24856844544410706,-0.0847419872879982,0.3517210781574249,0.17475125193595886,-0.09126344323158264,0.3879697918891907,0.49487626552581787,-0.032561320811510086,0.40974631905555725,0.4551652669906616,-0.08369608968496323,0.4004289507865906,0.5308189988136292,-0.09207925200462341,0.3886594772338867,0.5789958238601685,-0.08080221712589264,0.42207103967666626,0.5444216728210449,-0.037544768303632736,0.43904826045036316,0.5057339668273926,-0.07538918405771255,0.4231138229370117,0.5620762705802917,-0.07466679811477661,0.40617063641548157,0.6038513779640198,-0.06348492205142975
0.3513578176498413,0.762081503868103,8.250613632299064e-07,0.3203619122505188,0.7038360238075256,-0.060153089463710785,0.32123783230781555,0.617876410484314,-0.08595079183578491,0.37152400612831116,0.5429527759552002,-0.10659400373697281,0.4149298369884491,0.48338308930397034,-0.12370039522647858,0.29819977283477783,0.46730566024780273,-0.044237203896045685,0.3003295063972473,0.34301894903182983,-0.07832620292901993,0.3036603033542633,0.263916939496994,-0.09981773048639297,0.30654364824295044,0.1966591477394104,-0.1115494892001152,0.3443313539028168,0.46391376852989197,-0.036192089319229126,0.3449769914150238,0.3298589587211609,-0.07050536572933197,0.34917938709259033,0.2465474009513855,-0.08932661265134811,0.35360458493232727,0.17282253503799438,-0.09589094668626785,0.3857906758785248,0.49419233202934265,-0.03563356772065163,0.4082498252391815,0.45454007387161255,-0.08692510426044464,0.3994530439376831,0.5289755463600159,-0.09592099487781525,0.38773736357688904,0.5761780738830566,-0.08533666282892227,0.41990530490875244,0.5423356890678406,-0.03983942046761513,0.4373100697994232,0.5044751763343811,-0.07717333734035492,0.42173081636428833,0.5605536699295044,-0.07678649574518204,0.40476131439208984,0.6018356084823608,-0.06622286140918732
0.3508744239807129,0.7611511945724487,8.174872618837981e-07,0.3198716938495636,0.703339695930481,-0.05833689868450165,0.32107657194137573,0.6184344291687012,-0.08369308710098267,0.3701340854167938,0.5441384315490723,-0.10428257286548615,0.4129469096660614,0.4858393967151642,-0.12138903886079788,0.29805850982666016,0.46713683009147644,-0.04367798566818237,0.3010326027870178,0.3423725366592407,-0.07741162925958633,0.3049454987049103,0.2638546824455261,-0.09846962988376617,0.30845126509666443,0.19684895873069763,-0.1098296046257019,0.34398263692855835,0.46345284581184387,-0.03655287250876427,0.34477388858795166,0.32888105511665344,-0.07021884620189667,0.349155455827713,0.24583175778388977,-0.08842828869819641,0.3539383113384247,0.17258614301681519,-0.09463904052972794,0.385436087846756,0.4936864972114563,-0.0366661436855793,0.4074767827987671,0.4533136487007141,-0.08707532286643982,0.39874887466430664,0.5285868644714355,-0.09520113468170166,0.3873659670352936,0.5763387680053711,-0.08423105627298355,0.41971153020858765,0.5424766540527344,-0.041446249932050705,0.4369829595088959,0.5041655898094177,-0.07799467444419861,0.4215742349624634,0.5605623722076416,-0.07688697427511215,0.40506672859191895,0.6025001406669617,-0.0658976137638092
0.34917932748794556,0.7641819715499878,8.119893664115807e-07,0.31964847445487976,0.705060601234436,-0.058891817927360535,0.321931928396225,0.6178057193756104,-0.08303149044513702,0.37092354893684387,0.5424188375473022,-0.10229572653770447,0.41393154859542847,0.4834558665752411,-0.11802642792463303,0.29761314392089844,0.4678497314453125,-0.04120398312807083,0.3008323609828949,0.3433079123497009,-0.07377670705318451,0.3046570122241974,0.2648398280143738,-0.09444795548915863,0.30771130323410034,0.1976291537284851,-0.1057354137301445,0.3431815207004547,0.4646027684211731,-0.033628758043050766,0.3440830707550049,0.3294762670993805,-0.0660635232925415,0.3481720983982086,0.24623090028762817,-0.08426134288311005,0.3528144061565399,0.17280793190002441,-0.09063902497291565,0.3843082785606384,0.4957432448863983,-0.03356747329235077,0.4062419831752777,0.454846054315567,-0.08362699300050735,0.3972550332546234,0.5294941067695618,-0.09281016886234283,0.3857768476009369,0.5762931108474731,-0.0825769230723381,0.4182354807853699,0.5450271964073181,-0.038209013640880585,0.43654537200927734,0.5050484538078308,-0.07493417710065842,0.4205150306224823,0.5608392953872681,-0.07469015568494797,0.4033442437648773,0.6025150418281555,-0.06439676880836487
0.3494305908679962,0.7645998001098633,7.876863037381554e-07,0.3185424208641052,0.705376923084259,-0.05743340775370598,0.3195437788963318,0.6193011403083801,-0.08156649768352509,0.3686988353729248,0.544438362121582,-0.10117349773645401,0.4119913876056671,0.485606849193573,-0.11719293147325516,0.2983846664428711,0.46793675422668457,-0.04027003422379494,0.3013787865638733,0.34415775537490845,-0.0719955712556839,0.3049752116203308,0.2665916681289673,-0.09209951013326645,0.30792272090911865,0.1999284327030182,-0.10317060351371765,0.3440135717391968,0.4650091826915741,-0.033597663044929504,0.3439135253429413,0.3306273818016052,-0.06521399319171906,0.3476751744747162,0.247873455286026,-0.08300069719552994,0.3519657254219055,0.175555020570755,-0.08943681418895721,0.38522401452064514,0.4971751272678375,-0.034230269491672516,0.4053954482078552,0.45637792348861694,-0.08368851244449615,0.39714422821998596,0.5312032103538513,-0.09209311008453369,0.38668251037597656,0.5796147584915161,-0.08160538226366043,0.41900554299354553,0.5480145215988159,-0.0394706204533577,0.4352642297744751,0.5060005784034729,-0.07589926570653915,0.4199698269367218,0.5620529055595398,-0.07484313100576401,0.4043867290019989,0.6060343384742737,-0.06405588239431381
0.3481663763523102,0.7629432678222656,7.918632149994664e-07,0.3174707889556885,0.7057436108589172,-0.05759989097714424,0.31776246428489685,0.6220629811286926,-0.0830153375864029,0.3662305474281311,0.5480091571807861,-0.10380300879478455,0.4097658097743988,0.4897335171699524,-0.12107907235622406,0.29750457406044006,0.4680224657058716,-0.04289203882217407,0.3010832667350769,0.3445521295070648,-0.07581908255815506,0.3051292896270752,0.26716434955596924,-0.09676159918308258,0.30889853835105896,0.20084792375564575,-0.10846203565597534,0.3436318635940552,0.4646017849445343,-0.03616959974169731,0.34435269236564636,0.330729603767395,-0.06851718574762344,0.34853383898735046,0.24919548630714417,-0.08656342327594757,0.3533172607421875,0.17733564972877502,-0.09341172873973846,0.3849823474884033,0.49601784348487854,-0.03655718266963959,0.40461909770965576,0.4542422890663147,-0.08544143289327621,0.3963731527328491,0.5283586382865906,-0.0932033360004425,0.38632890582084656,0.5770612955093384,-0.08281739056110382,0.4189164936542511,0.5461656451225281,-0.0416109599173069,0.43381935358047485,0.505154550075531,-0.07735476642847061,0.4187539517879486,0.5609241127967834,-0.07602432370185852,0.4037761986255646,0.6043108701705933,-0.06536474823951721
0.3479612469673157,0.7637892961502075,7.865358497838315e-07,0.3172743618488312,0.7070318460464478,-0.05767720565199852,0.31627243757247925,0.6232736110687256,-0.08289878815412521,0.3636545240879059,0.5490627884864807,-0.10348270833492279,0.4073614776134491,0.4894745945930481,-0.12047850340604782,0.2961144745349884,0.468386709690094,-0.04211201146245003,0.300029993057251,0.34547990560531616,-0.07505065947771072,0.3045665919780731,0.26832616329193115,-0.09594560414552689,0.3086774945259094,0.2022024393081665,-0.1074734702706337,0.34213483333587646,0.4652770459651947,-0.03535449877381325,0.3432861864566803,0.33175188302993774,-0.06774014979600906,0.34746333956718445,0.2502376437187195,-0.08560735732316971,0.3523256480693817,0.17811477184295654,-0.09209875017404556,0.3835524618625641,0.49719035625457764,-0.03582940623164177,0.40302038192749023,0.4564344882965088,-0.0852346196770668,0.39453330636024475,0.5307177901268005,-0.09293138235807419,0.38473549485206604,0.5782586336135864,-0.08218562602996826,0.4177205264568329,0.5480659604072571,-0.040922049432992935,0.43257057666778564,0.5071882009506226,-0.07698607444763184,0.4171220064163208,0.5629337430000305,-0.07544958591461182,0.4022829532623291,0.6056795716285706,-0.06442517787218094
0.34714511036872864,0.7624459266662598,7.874060656831716e-07,0.3154488205909729,0.7045181393623352,-0.0546739287674427,0.31399551033973694,0.6213003396987915,-0.07955075800418854,0.3605760335922241,0.5487297773361206,-0.10059958696365356,0.4042654037475586,0.49222293496131897,-0.11825427412986755,0.2945760488510132,0.46871158480644226,-0.04038170352578163,0.29920217394828796,0.3465295433998108,-0.07323471456766129,0.3038986027240753,0.26987361907958984,-0.09407376497983932,0.30839669704437256,0.20419660210609436,-0.10562874376773834,0.3405507206916809,0.4665296673774719,-0.035520292818546295,0.3416166603565216,0.33344101905822754,-0.06850370764732361,0.3460072875022888,0.25133103132247925,-0.08687451481819153,0.35121774673461914,0.17891913652420044,-0.09382914006710052,0.3822474479675293,0.4986155927181244,-0.03751472756266594,0.40141358971595764,0.456670343875885,-0.08668327331542969,0.3925791382789612,0.5306271910667419,-0.09339816868305206,0.38253507018089294,0.578249454498291,-0.08218814432621002,0.41654172539711,0.5493441820144653,-0.04393574222922325,0.4306178390979767,0.5059942007064819,-0.07902179658412933,0.41524040699005127,0.5617793202400208,-0.076032854616642,0.4010990560054779,0.6046866774559021,-0.06420402973890305
0.3468049168586731,0.7621819972991943,8.029442142287735e-07,0.3148898780345917,0.7049863934516907,-0.05614442005753517,0.3138953447341919,0.6211482286453247,-0.08125420659780502,0.3616816997528076,0.5472745299339294,-0.10203835368156433,0.40620964765548706,0.4900255501270294,-0.11946874111890793,0.2948901355266571,0.47059595584869385,-0.0424443855881691,0.2996615171432495,0.3476477861404419,-0.07563342899084091,0.3046100437641144,0.27058905363082886,-0.09671585261821747,0.30935218930244446,0.20484715700149536,-0.10826840996742249,0.3404850363731384,0.46778079867362976,-0.03668375313282013,0.34125494956970215,0.3335050940513611,-0.06934792548418045,0.34596529603004456,0.2512083053588867,-0.0874902531504631,0.3516274690628052,0.17904379963874817,-0.09418229758739471,0.38176268339157104,0.49918892979621887,-0.03784072771668434,0.40171054005622864,0.4570627212524414,-0.08691973239183426,0.39224907755851746,0.5307208299636841,-0.0941876545548439,0.3814716339111328,0.5785539150238037,-0.08326022326946259,0.4154775142669678,0.5491734743118286,-0.043500494211912155,0.4303452670574188,0.5058432817459106,-0.07890216261148453,0.4149383306503296,0.561210572719574,-0.07640091329813004,0.40022891759872437,0.6045581102371216,-0.06478765606880188
0.3465604782104492,0.7621843814849854,8.057432978603174e-07,0.31513383984565735,0.7055366039276123,-0.05757971853017807,0.3131219446659088,0.6228832006454468,-0.08353350311517715,0.3597548007965088,0.5490498542785645,-0.10488227754831314,0.4038415551185608,0.4899619221687317,-0.12278743833303452,0.2934272289276123,0.4704020619392395,-0.043522100895643234,0.2979106903076172,0.34736746549606323,-0.07690968364477158,0.30283066630363464,0.2707616686820984,-0.09806565195322037,0.3074715733528137,0.20536160469055176,-0.1097305417060852,0.3394921123981476,0.4675081968307495,-0.03681235760450363,0.340193510055542,0.3340117931365967,-0.06939348578453064,0.34479084610939026,0.25287625193595886,-0.08730120956897736,0.35017192363739014,0.18157082796096802,-0.0939270406961441,0.3812313675880432,0.4992280900478363,-0.0371861606836319,0.39954110980033875,0.4568551182746887,-0.08631369471549988,0.39055007696151733,0.5311422944068909,-0.09364581853151321,0.3806995153427124,0.5791510939598083,-0.08289414644241333,0.41559475660324097,0.5495724678039551,-0.04215247556567192,0.42903798818588257,0.5080401301383972,-0.07814401388168335,0.41406747698783875,0.5641952157020569,-0.07642021030187607,0.4001085162162781,0.6068798303604126,-0.06534446775913239
0.3460124731063843,0.7632998824119568,7.941752642182109e-07,0.3142414391040802,0.7067933678627014,-0.05667387321591377,0.3124621510505676,0.6241939663887024,-0.08230861276388168,0.35876551270484924,0.5507482886314392,-0.10348587483167648,0.40194496512413025,0.4920136332511902,-0.12118041515350342,0.2932506203651428,0.47265762090682983,-0.04338390752673149,0.2979806661605835,0.34988659620285034,-0.07683245837688446,0.30266034603118896,0.273268461227417,-0.09820345044136047,0.3071973919868469,0.20765575766563416,-0.11007970571517944,0.3386380672454834,0.4695749878883362,-0.037179213017225266,0.33888980746269226,0.33624833822250366,-0.07001620531082153,0.34350642561912537,0.25490278005599976,-0.0882398784160614,0.3491779565811157,0.18303585052490234,-0.09519892185926437,0.37990686297416687,0.5007652640342712,-0.03789887949824333,0.3986632525920868,0.45910459756851196,-0.08655524998903275,0.38968557119369507,0.532998263835907,-0.09327634423971176,0.3793409764766693,0.5802353620529175,-0.08235632628202438,0.4140278995037079,0.5504127144813538,-0.04323684424161911,0.4278619587421417,0.5085684061050415,-0.07861600071191788,0.4126879572868347,0.5642379522323608,-0.07627557218074799,0.3982591927051544,0.6068950295448303,-0.06492423266172409
0.34494301676750183,0.7629497647285461,8.082053568614356e-07,0.31314197182655334,0.7061873078346252,-0.05675671994686127,0.31201088428497314,0.6224469542503357,-0.08255158364772797,0.3587230145931244,0.5490549802780151,-0.1039724126458168,0.4018062949180603,0.4904043972492218,-0.1218903660774231,0.2921634018421173,0.4724079966545105,-0.04310076683759689,0.2972608804702759,0.3504135012626648,-0.07668901979923248,0.3024824857711792,0.2736862301826477,-0.09829285740852356,0.30770838260650635,0.2083396315574646,-0.11039798706769943,0.33753976225852966,0.46915557980537415,-0.036986343562603,0.33820289373397827,0.33683663606643677,-0.07070106267929077,0.3431507349014282,0.25513431429862976,-0.0899612158536911,0.3494876027107239,0.18315547704696655,-0.09759647399187088,0.37880808115005493,0.500117301940918,-0.037754617631435394,0.39824366569519043,0.45862600207328796,-0.0871688649058342,0.3894349932670593,0.533054530620575,-0.09405563771724701,0.37938040494918823,0.5811899304389954,-0.08304714411497116,0.41300728917121887,0.549716591835022,-0.043120384216308594,0.4267347753047943,0.5064878463745117,-0.0788603127002716,0.41259849071502686,0.5619000196456909,-0.07638144493103027,0.39934447407722473,0.605022132396698,-0.0648113414645195
0.34278586506843567,0.7612531781196594,7.963265602484171e-07,0.31114012002944946,0.7030754685401917,-0.05561754107475281,0.310679167509079,0.6182076930999756,-0.07995016872882843,0.3574545979499817,0.5441309213638306,-0.10017923265695572,0.39982378482818604,0.48552924394607544,-0.11712580919265747,0.29092007875442505,0.47152119874954224,-0.03963630646467209,0.29532694816589355,0.35003989934921265,-0.07205366343259811,0.30058974027633667,0.27361953258514404,-0.09288972616195679,0.3058464825153351,0.20877227187156677,-0.104212686419487,0.33596017956733704,0.46835899353027344,-0.03356320038437843,0.3363759219646454,0.33644425868988037,-0.06594349443912506,0.34115147590637207,0.25529566407203674,-0.08429622650146484,0.34758269786834717,0.18416056036949158,-0.0910106748342514,0.37720048427581787,0.4989050328731537,-0.03451845049858093,0.3955773711204529,0.4580856263637543,-0.08402010798454285,0.38665419816970825,0.532966673374176,-0.09164558351039886,0.37764331698417664,0.5819847583770752,-0.08055083453655243,0.41098737716674805,0.547797679901123,-0.03984721004962921,0.42321935296058655,0.5026731491088867,-0.07574235647916794,0.4096978008747101,0.5587717890739441,-0.07329998165369034,0.3986290693283081,0.6034221053123474,-0.06141933426260948
0.3413972854614258,0.7588275671005249,7.914344450909994e-07,0.3096090853214264,0.7001568078994751,-0.05575357750058174,0.309020072221756,0.6147701144218445,-0.07969371974468231,0.3572251498699188,0.5401546955108643,-0.09940802305936813,0.40013250708580017,0.4819134473800659,-0.11585213243961334,0.28881025314331055,0.46880513429641724,-0.039154741913080215,0.2932451367378235,0.3476756811141968,-0.0716092512011528,0.29858121275901794,0.27165067195892334,-0.09264019876718521,0.30397695302963257,0.20659321546554565,-0.10429789125919342,0.3341756761074066,0.4652841091156006,-0.032683148980140686,0.33479586243629456,0.33507397770881653,-0.06522951275110245,0.33972224593162537,0.2543780505657196,-0.08367919921875,0.34662896394729614,0.1828988790512085,-0.09060358256101608,0.37532851099967957,0.49519601464271545,-0.03329487890005112,0.39477092027664185,0.4524085223674774,-0.08251821994781494,0.38520973920822144,0.526820957660675,-0.08995737880468369,0.37553369998931885,0.5753408670425415,-0.0789988785982132,0.4092632234096527,0.5436940789222717,-0.03837115690112114,0.4222124516963959,0.49865904450416565,-0.07461321353912354,0.40807002782821655,0.5548628568649292,-0.07272005081176758,0.39571189880371094,0.5991673469543457,-0.06123955547809601
0.34180840849876404,0.758967399597168,7.9097884508883e-07,0.3092312514781952,0.7007853984832764,-0.0568966418504715,0.3069705069065094,0.6153801679611206,-0.08096956461668015,0.354053258895874,0.5405428409576416,-0.10042118281126022,0.3959994316101074,0.47932273149490356,-0.11644838750362396,0.28717273473739624,0.47038698196411133,-0.03970485180616379,0.291420042514801,0.3494001030921936,-0.07178942114114761,0.2967306673526764,0.27374520897865295,-0.09255579859018326,0.3019450306892395,0.2091452181339264,-0.10403795540332794,0.3322690427303314,0.4674529731273651,-0.03236030042171478,0.3323184847831726,0.337075412273407,-0.0647706687450409,0.33662182092666626,0.2573307752609253,-0.08331089466810226,0.34257617592811584,0.18679091334342957,-0.09028144925832748,0.37341392040252686,0.4974379241466522,-0.03221587836742401,0.3925671875476837,0.45633819699287415,-0.08141352236270905,0.38276734948158264,0.5302344560623169,-0.08970535546541214,0.37274622917175293,0.5770299434661865,-0.07942771166563034,0.40747663378715515,0.5449426174163818,-0.03654814139008522,0.42106327414512634,0.5023797750473022,-0.07266881316900253,0.4064130187034607,0.5575451850891113,-0.07157876342535019,0.39294952154159546,0.5989364385604858,-0.06093846634030342
0.34485819935798645,0.7586413025856018,7.890492952355999e-07,0.3130955398082733,0.7030602097511292,-0.05468393489718437,0.31106895208358765,0.6196763515472412,-0.07959086447954178,0.3567957282066345,0.5453751683235168,-0.10027354210615158,0.3989125192165375,0.4862639904022217,-0.11752896755933762,0.2909862995147705,0.47145378589630127,-0.04145471751689911,0.2953754663467407,0.3503647446632385,-0.07434849441051483,0.3001619577407837,0.27412229776382446,-0.09517332911491394,0.3051917552947998,0.20896625518798828,-0.10676097869873047,0.33539116382598877,0.46791064739227295,-0.035726096481084824,0.3360503613948822,0.3384723663330078,-0.06941719353199005,0.34133559465408325,0.25892072916030884,-0.08803581446409225,0.3479260802268982,0.18814212083816528,-0.09502062946557999,0.3763430118560791,0.4968593716621399,-0.0366697683930397,0.39892926812171936,0.4574899971485138,-0.08519801497459412,0.3885805904865265,0.5303046107292175,-0.09183239191770554,0.3763420879840851,0.5757665038108826,-0.08097930997610092,0.4104858636856079,0.5435088872909546,-0.04207447171211243,0.42728084325790405,0.5042616128921509,-0.07705125212669373,0.41148728132247925,0.5585638284683228,-0.07491812109947205,0.39505735039711,0.5984469652175903,-0.0638592392206192
0.34771037101745605,0.7575818300247192,8.524917802787968e-07,0.31608879566192627,0.6980217695236206,-0.062306780368089676,0.318546861410141,0.6078651547431946,-0.08680123835802078,0.36780881881713867,0.5306384563446045,-0.10495944321155548,0.41077274084091187,0.47445839643478394,-0.1195441484451294,0.29072368144989014,0.4702763259410858,-0.043754879385232925,0.29762229323387146,0.3453502655029297,-0.074330635368824,0.3037665784358978,0.2690171003341675,-0.09453852474689484,0.3093320429325104,0.20388421416282654,-0.10586520284414291,0.33554667234420776,0.4643899202346802,-0.03109798952937126,0.3385360836982727,0.3343774080276489,-0.05978069081902504,0.3464338481426239,0.25721079111099243,-0.07654087990522385,0.35428085923194885,0.19080230593681335,-0.08312692493200302,0.37615346908569336,0.4897184669971466,-0.02619233913719654,0.39752185344696045,0.4449344277381897,-0.07090553641319275,0.38875994086265564,0.5132113099098206,-0.08178826421499252,0.3769792318344116,0.5586748719215393,-0.07435328513383865,0.4103116989135742,0.5288059711456299,-0.026331322267651558,0.4277632236480713,0.48273807764053345,-0.05924848094582558,0.41699060797691345,0.5270207524299622,-0.06162875518202782,0.4044167995452881,0.5638552904129028,-0.05434316769242287
0.3369196653366089,0.7484525442123413,8.293413316096121e-07,0.3048475384712219,0.6880072355270386,-0.062412187457084656,0.3087726831436157,0.5978686213493347,-0.08484702557325363,0.3603821098804474,0.5236905813217163,-0.1001930832862854,0.403728187084198,0.4670588970184326,-0.11159215867519379,0.2839706540107727,0.4613565504550934,-0.04003160074353218,0.2914619445800781,0.33981937170028687,-0.06681954860687256,0.29812395572662354,0.266465961933136,-0.0854661613702774,0.3052501380443573,0.2033696174621582,-0.09625079482793808,0.328380823135376,0.456967294216156,-0.02549031563103199,0.3329102694988251,0.3317890763282776,-0.04943150654435158,0.34248629212379456,0.25693151354789734,-0.0641983151435852,0.35344454646110535,0.1927955448627472,-0.07067479938268661,0.36740541458129883,0.48316627740859985,-0.01915477029979229,0.38801309466362,0.43577808141708374,-0.060382504016160965,0.3770226538181305,0.5032229423522949,-0.071988545358181,0.36492520570755005,0.5495232343673706,-0.06625595688819885,0.4009511172771454,0.5219686031341553,-0.017904140055179596,0.41916587948799133,0.4711206257343292,-0.050014134496450424,0.4082242548465729,0.5122504234313965,-0.05434992536902428,0.3963204026222229,0.5484799742698669,-0.049154866486787796
0.34592998027801514,0.7499148845672607,7.799480954417959e-07,0.3168463110923767,0.6936521530151367,-0.061462000012397766,0.32201769948005676,0.6085151433944702,-0.08548928797245026,0.3744284212589264,0.534711480140686,-0.10342317819595337,0.4166887104511261,0.47444918751716614,-0.11759293079376221,0.2955612540245056,0.4657449424266815,-0.04239065200090408,0.3000994324684143,0.3434637784957886,-0.07272083312273026,0.30411121249198914,0.2673759460449219,-0.09264197945594788,0.30770596861839294,0.2026856541633606,-0.10368426144123077,0.3397258520126343,0.4586327075958252,-0.03048812411725521,0.33992019295692444,0.3297651708126068,-0.05894310399889946,0.34438836574554443,0.25130629539489746,-0.07537379115819931,0.34903380274772644,0.18419229984283447,-0.081542007625103,0.3791378438472748,0.48426058888435364,-0.02637621760368347,0.39908367395401,0.43796390295028687,-0.07095779478549957,0.39250120520591736,0.5066912174224854,-0.08097676932811737,0.38225337862968445,0.5526443719863892,-0.072776660323143,0.4128073453903198,0.5250884294509888,-0.02731090411543846,0.4306475520133972,0.47994264960289,-0.059810128062963486,0.42013636231422424,0.5239412784576416,-0.06165924295783043,0.407350093126297,0.5601215958595276,-0.053833313286304474
0.3471950590610504,0.7497982978820801,7.681185252295109e-07,0.318207323551178,0.6929143667221069,-0.06167084351181984,0.3222734034061432,0.6077800393104553,-0.0849076360464096,0.37364935874938965,0.5332838892936707,-0.10190508514642715,0.41541552543640137,0.47328856587409973,-0.11503254622220993,0.2939665615558624,0.46492910385131836,-0.04084029048681259,0.29655587673187256,0.3442486524581909,-0.07096554338932037,0.299609512090683,0.2678307294845581,-0.09061330556869507,0.3021032214164734,0.20280352234840393,-0.10134684294462204,0.3385077118873596,0.4572507441043854,-0.02878137119114399,0.33687639236450195,0.328149676322937,-0.056651245802640915,0.3400467038154602,0.24928250908851624,-0.07227376103401184,0.3433835506439209,0.1816539764404297,-0.07757847756147385,0.37819749116897583,0.4828782081604004,-0.024768156930804253,0.3980124890804291,0.4370831847190857,-0.06998388469219208,0.3929648697376251,0.5063546895980835,-0.08035730570554733,0.3836813271045685,0.5533801913261414,-0.07173965126276016,0.41176432371139526,0.5242456793785095,-0.025791484862565994,0.4298478960990906,0.4813867509365082,-0.05879950523376465,0.4204230308532715,0.525897204875946,-0.06095880642533302,0.4080202579498291,0.562627375125885,-0.0529559925198555
0.345200777053833,0.7529499530792236,7.770955789965228e-07,0.3167460262775421,0.698980987071991,-0.06283540278673172,0.32167789340019226,0.6155545711517334,-0.08784370124340057,0.3741338849067688,0.5420074462890625,-0.10641642659902573,0.4150947332382202,0.4789283275604248,-0.12096118181943893,0.2945549488067627,0.4683186709880829,-0.04581066220998764,0.29805830121040344,0.34536170959472656,-0.07742813974618912,0.3015480637550354,0.26868128776550293,-0.09776388853788376,0.30486249923706055,0.20300701260566711,-0.10892662405967712,0.3392770290374756,0.45984703302383423,-0.03397192806005478,0.3380035161972046,0.3298577070236206,-0.06306004524230957,0.3414693772792816,0.25057098269462585,-0.0790986493229866,0.34524762630462646,0.18182116746902466,-0.0849570482969284,0.3792746365070343,0.48503533005714417,-0.030023660510778427,0.3991265296936035,0.4406915009021759,-0.07537409663200378,0.39286285638809204,0.5120959281921387,-0.08484957367181778,0.38250821828842163,0.5585780143737793,-0.07617942243814468,0.4137817621231079,0.5257245898246765,-0.0313149057328701,0.4311291575431824,0.4844660758972168,-0.06470514833927155,0.4203234910964966,0.5308281779289246,-0.06657379865646362,0.40704742074012756,0.5675970911979675,-0.058624520897865295
0.34737107157707214,0.7518478631973267,7.723766088929551e-07,0.32030364871025085,0.6994279026985168,-0.0612855888903141,0.3245448172092438,0.617550790309906,-0.08752032369375229,0.3762805461883545,0.5446779727935791,-0.108037568628788,0.4182736575603485,0.48227405548095703,-0.12461408972740173,0.29600825905799866,0.4675501585006714,-0.045698221772909164,0.2988584041595459,0.3457072079181671,-0.07808613032102585,0.3019716143608093,0.26877614855766296,-0.09914745390415192,0.3052392899990082,0.2029132843017578,-0.11116033047437668,0.34045693278312683,0.4590573012828827,-0.03506623953580856,0.338649183511734,0.32984739542007446,-0.06595943868160248,0.3430332839488983,0.25060051679611206,-0.08321614563465118,0.34778308868408203,0.18089905381202698,-0.09004861861467361,0.38056159019470215,0.48435962200164795,-0.03192013129591942,0.4018380045890808,0.4393068253993988,-0.07746145129203796,0.3955236077308655,0.5098694562911987,-0.0858035758137703,0.38452064990997314,0.5569493770599365,-0.07677323371171951,0.4151601493358612,0.5256437659263611,-0.033978626132011414,0.4338480532169342,0.48605111241340637,-0.06695310771465302,0.42320317029953003,0.5321582555770874,-0.06811060011386871,0.4099704623222351,0.5682109594345093,-0.05989989638328552
0.349674254655838,0.7540574073791504,7.922994882392231e-07,0.32365360856056213,0.7025023102760315,-0.06415010243654251,0.3294849991798401,0.6204185485839844,-0.09102417528629303,0.38587504625320435,0.5511990785598755,-0.11130979657173157,0.4291883707046509,0.48987194895744324,-0.12769576907157898,0.30662834644317627,0.46948060393333435,-0.049375906586647034,0.31169945001602173,0.3476483225822449,-0.08133847266435623,0.31520137190818787,0.27044183015823364,-0.1026255264878273,0.31869590282440186,0.20396238565444946,-0.11510388553142548,0.3499565124511719,0.4628998935222626,-0.037852320820093155,0.34885266423225403,0.3317892253398895,-0.0676930770277977,0.35434284806251526,0.2513922452926636,-0.08530759811401367,0.3606264889240265,0.1820789873600006,-0.09294086694717407,0.3885348439216614,0.49094831943511963,-0.033871036022901535,0.4113650619983673,0.44423767924308777,-0.07884636521339417,0.4046536982059479,0.5153301358222961,-0.08769682794809341,0.39292582869529724,0.5614900588989258,-0.07950510084629059,0.42148780822753906,0.5346783399581909,-0.035259149968624115,0.4401596784591675,0.4929230809211731,-0.06894156336784363,0.4282064139842987,0.5407315492630005,-0.07031619548797607,0.4129994809627533,0.5777698755264282,-0.06248580291867256
0.35027047991752625,0.7546005845069885,7.960605898915674e-07,0.32476291060447693,0.7025642991065979,-0.06252831220626831,0.3302091956138611,0.6247778534889221,-0.0902082547545433,0.3864663243293762,0.5589401125907898,-0.11199852079153061,0.4324897825717926,0.501729428768158,-0.13006125390529633,0.3087306320667267,0.4693436920642853,-0.048488304018974304,0.3155277669429779,0.34878772497177124,-0.0820821151137352,0.31980833411216736,0.2718907296657562,-0.10428822040557861,0.3233906924724579,0.2057376205921173,-0.11720345914363861,0.3537990152835846,0.46300792694091797,-0.03799726814031601,0.3564268946647644,0.3343961536884308,-0.0690651386976242,0.36154788732528687,0.2545124292373657,-0.08656210452318192,0.36584222316741943,0.1840606927871704,-0.09383799880743027,0.39302071928977966,0.4913802444934845,-0.03504109010100365,0.41446056962013245,0.45118534564971924,-0.07994146645069122,0.4051843285560608,0.5206308960914612,-0.08824050426483154,0.3920896351337433,0.5658361315727234,-0.07974516600370407,0.4252224564552307,0.5357247591018677,-0.03750939667224884,0.4433490037918091,0.5030763745307922,-0.07049150764942169,0.42917492985725403,0.5508561134338379,-0.07170581817626953,0.41291025280952454,0.5860739946365356,-0.06380194425582886
0.35099056363105774,0.7560620307922363,7.854680461605312e-07,0.3268091678619385,0.7055872082710266,-0.06140093505382538,0.33322906494140625,0.6281043887138367,-0.08886205404996872,0.3902927339076996,0.5621719360351562,-0.11070846021175385,0.4360906481742859,0.5039304494857788,-0.12876686453819275,0.3113045394420624,0.4731457829475403,-0.0480172224342823,0.31867966055870056,0.3517390489578247,-0.08158460259437561,0.32337284088134766,0.27399778366088867,-0.10376115143299103,0.32735583186149597,0.20750319957733154,-0.11682885140180588,0.35622280836105347,0.46745890378952026,-0.038495007902383804,0.3598472774028778,0.33806735277175903,-0.07019540667533875,0.3661574423313141,0.2571934461593628,-0.0884486585855484,0.37148332595825195,0.18558835983276367,-0.09645946323871613,0.39515620470046997,0.4969143569469452,-0.03624260425567627,0.41810745000839233,0.4544064402580261,-0.08110938221216202,0.4090321362018585,0.5234808325767517,-0.08814769238233566,0.39570772647857666,0.5679374933242798,-0.07906515151262283,0.42682182788848877,0.5426188111305237,-0.03936363011598587,0.4465600848197937,0.5048105120658875,-0.07214070856571198,0.43332815170288086,0.5518509149551392,-0.07198694348335266,0.41745826601982117,0.5869472026824951,-0.06322600692510605
0.35315337777137756,0.7581557035446167,7.723433554929215e-07,0.328794002532959,0.7090080380439758,-0.060734882950782776,0.3350285291671753,0.6306136846542358,-0.08811420202255249,0.39112019538879395,0.5634328722953796,-0.11011069267988205,0.4364672005176544,0.5054721832275391,-0.12837126851081848,0.3126981854438782,0.474895715713501,-0.04746050015091896,0.31730514764785767,0.35336193442344666,-0.08273766189813614,0.3211204409599304,0.2744039297103882,-0.10620435327291489,0.32481932640075684,0.20681306719779968,-0.12007101625204086,0.35819971561431885,0.46826207637786865,-0.03829430788755417,0.36071524024009705,0.3403441309928894,-0.07172585278749466,0.36658141016960144,0.2597671151161194,-0.09076018631458282,0.37168341875076294,0.18695694208145142,-0.09898406267166138,0.39779847860336304,0.49624374508857727,-0.03638540953397751,0.42013224959373474,0.4560331702232361,-0.08209700137376785,0.4106835722923279,0.5248101949691772,-0.08832159638404846,0.39729151129722595,0.5700842142105103,-0.07840528339147568,0.4300272464752197,0.540902316570282,-0.03994251787662506,0.4481239318847656,0.506851315498352,-0.07325856387615204,0.43457892537117004,0.5541950464248657,-0.07274285703897476,0.4191746115684509,0.5895588397979736,-0.06335940212011337
0.35300013422966003,0.7616731524467468,8.052620614762418e-07,0.3289954364299774,0.7105122208595276,-0.0608397051692009,0.3369883894920349,0.6323264837265015,-0.08817538619041443,0.39553505182266235,0.5671613812446594,-0.11005672067403793,0.44244855642318726,0.5119524002075195,-0.12808287143707275,0.3149867653846741,0.47568315267562866,-0.046916548162698746,0.3202282190322876,0.35239318013191223,-0.08088922500610352,0.32368895411491394,0.2727436423301697,-0.10350402444601059,0.326765775680542,0.2049996554851532,-0.11681792140007019,0.3600313067436218,0.47097644209861755,-0.03780479356646538,0.3639073669910431,0.34208232164382935,-0.07000786066055298,0.3707914352416992,0.2602614760398865,-0.08834448456764221,0.37672412395477295,0.18788018822669983,-0.09621582925319672,0.39904388785362244,0.5013464689254761,-0.03601162135601044,0.42329829931259155,0.4613191485404968,-0.0808376669883728,0.41291189193725586,0.5293812155723572,-0.08699564635753632,0.39868417382240295,0.5743442177772522,-0.07710293680429459,0.4302739202976227,0.5479894280433655,-0.03969944640994072,0.45000776648521423,0.5116974711418152,-0.07232734560966492,0.4361250400543213,0.5575704574584961,-0.07138653844594955,0.4201091527938843,0.5926079154014587,-0.061803027987480164
0.3548627495765686,0.7627791166305542,8.150266808115703e-07,0.33144211769104004,0.7120375633239746,-0.0639445036649704,0.3384159207344055,0.6346214413642883,-0.09221329540014267,0.3966945707798004,0.5707300305366516,-0.11433430761098862,0.4444487988948822,0.5151355266571045,-0.13246923685073853,0.3175375461578369,0.47606387734413147,-0.0493607372045517,0.32296422123908997,0.3523247241973877,-0.08357969671487808,0.32677197456359863,0.2722328305244446,-0.10636021941900253,0.330487459897995,0.20468032360076904,-0.11978420615196228,0.3628022074699402,0.4728938043117523,-0.03888250142335892,0.36678579449653625,0.3429105579853058,-0.07114064693450928,0.3742973804473877,0.2613441050052643,-0.08945505321025848,0.3813800513744354,0.19040024280548096,-0.09723307937383652,0.4019108712673187,0.5047327280044556,-0.036128442734479904,0.42657601833343506,0.4635232090950012,-0.08235522359609604,0.41640129685401917,0.5323983430862427,-0.08992112427949905,0.402618944644928,0.5768381357192993,-0.08061262965202332,0.4331848919391632,0.5523501038551331,-0.038927119225263596,0.45406123995780945,0.5146520137786865,-0.07318466156721115,0.43938323855400085,0.5610450506210327,-0.07361363619565964,0.4220890700817108,0.5955440998077393,-0.06487195938825607
0.35608169436454773,0.7681844830513,8.161331379596959e-07,0.3330070376396179,0.7177290916442871,-0.06577428430318832,0.3412739932537079,0.6398226618766785,-0.09432058036327362,0.4004513919353485,0.5753099322319031,-0.11640644073486328,0.4488435685634613,0.518854022026062,-0.1344595104455948,0.32082387804985046,0.48154136538505554,-0.050487272441387177,0.32653963565826416,0.356014221906662,-0.08499258756637573,0.3305503726005554,0.27537235617637634,-0.10789598524570465,0.33476507663726807,0.20746034383773804,-0.12135722488164902,0.36640167236328125,0.47799310088157654,-0.03877054899930954,0.370358407497406,0.3474220931529999,-0.07095614075660706,0.37781015038490295,0.2654262185096741,-0.08944254368543625,0.3846476674079895,0.19464558362960815,-0.0974825769662857,0.40506651997566223,0.5092148184776306,-0.03493969887495041,0.4290088713169098,0.46732333302497864,-0.0809212401509285,0.41803720593452454,0.5356660485267639,-0.08896452188491821,0.40312087535858154,0.5805779099464417,-0.0801861584186554,0.4356215000152588,0.5558821558952332,-0.03686021268367767,0.45623093843460083,0.5183709859848022,-0.07155825942754745,0.4410245716571808,0.5657972693443298,-0.07280384004116058,0.42262402176856995,0.6015616655349731,-0.06462326645851135
0.3578171730041504,0.7696106433868408,8.093454653135268e-07,0.335464745759964,0.7197006940841675,-0.06472791731357574,0.3439466059207916,0.6417751908302307,-0.09317020326852798,0.4014205038547516,0.5752273797988892,-0.1154395192861557,0.44849538803100586,0.5173653364181519,-0.13379202783107758,0.3200603425502777,0.48328909277915955,-0.050054531544446945,0.3271547257900238,0.3600675165653229,-0.08608755469322205,0.3319515883922577,0.27949774265289307,-0.10983602702617645,0.33617421984672546,0.2110499143600464,-0.12362383306026459,0.36644524335861206,0.47860607504844666,-0.03898746892809868,0.3720507025718689,0.34943073987960815,-0.07344517856836319,0.3799123167991638,0.26762014627456665,-0.09262602776288986,0.38633131980895996,0.19482329487800598,-0.10044457018375397,0.40634891390800476,0.5081722736358643,-0.035659536719322205,0.43187835812568665,0.46878039836883545,-0.08347100764513016,0.42107847332954407,0.5394096970558167,-0.09037473797798157,0.40638336539268494,0.5844446420669556,-0.07996270060539246,0.43810945749282837,0.5539265275001526,-0.03795067220926285,0.4592575132846832,0.5190314054489136,-0.07257868349552155,0.44419172406196594,0.5680705904960632,-0.07224196195602417,0.4266986846923828,0.603354811668396,-0.0625140443444252
0.3559938073158264,0.7694461345672607,8.203801371564623e-07,0.33255735039711,0.7189003229141235,-0.06466706842184067,0.3442223072052002,0.6383911371231079,-0.09254010766744614,0.4028874635696411,0.572508692741394,-0.11406239122152328,0.44696280360221863,0.5147753357887268,-0.1318071335554123,0.32045143842697144,0.4820498526096344,-0.05090488865971565,0.3277117609977722,0.3594171702861786,-0.08696604520082474,0.33283793926239014,0.2793160378932953,-0.11089207231998444,0.33677560091018677,0.21096119284629822,-0.12486354261636734,0.36640000343322754,0.4772837162017822,-0.0393788106739521,0.3717082738876343,0.34893035888671875,-0.07350439578294754,0.37960752844810486,0.2676917016506195,-0.09225432574748993,0.385619193315506,0.19430950284004211,-0.0998309925198555,0.4059670567512512,0.5064815878868103,-0.03558265417814255,0.4301072657108307,0.4700137972831726,-0.08249152451753616,0.4185410737991333,0.5412662625312805,-0.0893300250172615,0.4030267596244812,0.5866588354110718,-0.07917377352714539,0.43735310435295105,0.5514506101608276,-0.03753085061907768,0.4574176073074341,0.5220971703529358,-0.07210315018892288,0.44121140241622925,0.5714229941368103,-0.07267244905233383,0.4229864180088043,0.6062284708023071,-0.06372327357530594
0.3551161587238312,0.7687457799911499,8.199060061997443e-07,0.33310404419898987,0.7173131704330444,-0.063968226313591,0.34510987997055054,0.6370329856872559,-0.09107806533575058,0.40287643671035767,0.5711259245872498,-0.11208344995975494,0.447307825088501,0.5142409205436707,-0.12914535403251648,0.3197993040084839,0.4805126190185547,-0.04758235812187195,0.3275139629840851,0.3589484393596649,-0.08213672041893005,0.3331882357597351,0.27960798144340515,-0.10480009764432907,0.33754613995552063,0.2125260829925537,-0.11775870621204376,0.3649502992630005,0.476452112197876,-0.036111630499362946,0.3704015910625458,0.348236620426178,-0.0697476789355278,0.3778516352176666,0.2664116621017456,-0.08837902545928955,0.38330844044685364,0.1936880648136139,-0.09555688500404358,0.4040403366088867,0.5062367916107178,-0.03240691125392914,0.4293934106826782,0.470051109790802,-0.07923524081707001,0.41820916533470154,0.5402528047561646,-0.08628634363412857,0.40283817052841187,0.5848067998886108,-0.07590829581022263,0.4348602592945099,0.5512937307357788,-0.03434097766876221,0.45634257793426514,0.5220168828964233,-0.06819942593574524,0.4408547282218933,0.5703786611557007,-0.06842684000730515,0.42318418622016907,0.6042684316635132,-0.05911248177289963
0.34969183802604675,0.7651117444038391,8.375699849239027e-07,0.32531851530075073,0.7150399684906006,-0.06590162217617035,0.33506160974502563,0.6346511244773865,-0.09401539713144302,0.3908262848854065,0.5672406554222107,-0.11574534326791763,0.4335385262966156,0.5078271627426147,-0.13337260484695435,0.3105056583881378,0.4757955074310303,-0.04946310073137283,0.3178250193595886,0.3548924922943115,-0.08485321700572968,0.3238797187805176,0.2753531336784363,-0.10841653496026993,0.32943904399871826,0.20785614848136902,-0.12229325622320175,0.3567865490913391,0.4722311794757843,-0.037369199097156525,0.3622168004512787,0.34563732147216797,-0.0729639008641243,0.36895984411239624,0.26325082778930664,-0.09349463135004044,0.37409040331840515,0.18861520290374756,-0.10225025564432144,0.39627793431282043,0.5019869804382324,-0.03315893933176994,0.42442193627357483,0.4613310992717743,-0.08238817751407623,0.41236966848373413,0.5321614146232605,-0.09064029157161713,0.39529743790626526,0.5775904655456543,-0.08080927282571793,0.4279266595840454,0.5472091436386108,-0.03455628454685211,0.4521060883998871,0.5133793950080872,-0.07049959897994995,0.43693310022354126,0.5598496794700623,-0.07212027907371521,0.41771939396858215,0.5933281183242798,-0.06359367817640305
0.35113823413848877,0.7592451572418213,8.22630454422324e-07,0.3262745141983032,0.7082119584083557,-0.062351398169994354,0.3347521424293518,0.6289321184158325,-0.08991892635822296,0.39234402775764465,0.5635337829589844,-0.11161785572767258,0.4352627694606781,0.5072376132011414,-0.12964214384555817,0.31140363216400146,0.4733183979988098,-0.04923141002655029,0.31769633293151855,0.35194212198257446,-0.08416976034641266,0.3226183354854584,0.2728200852870941,-0.1072235181927681,0.32633525133132935,0.20571956038475037,-0.12053828686475754,0.3570571839809418,0.46966350078582764,-0.03881720453500748,0.36286818981170654,0.34217309951782227,-0.07274466007947922,0.36978229880332947,0.26139363646507263,-0.09173575043678284,0.37444424629211426,0.18800532817840576,-0.0993887186050415,0.39645493030548096,0.4993303418159485,-0.03576182201504707,0.4215533137321472,0.4624173045158386,-0.08269381523132324,0.41139012575149536,0.5320776104927063,-0.09010564535856247,0.3966915011405945,0.5771101713180542,-0.08010473847389221,0.427895724773407,0.5449678301811218,-0.03806651383638382,0.4499422609806061,0.5119621753692627,-0.07159523665904999,0.4362730383872986,0.5583386421203613,-0.07154926657676697,0.4194628596305847,0.5922740697860718,-0.06219789758324623
0.3487517833709717,0.7597931623458862,8.428909836766252e-07,0.32424691319465637,0.7096168994903564,-0.06483058631420135,0.33516138792037964,0.6295433044433594,-0.09249109774827957,0.393903911113739,0.5637377500534058,-0.11379697173833847,0.4373355805873871,0.5068771839141846,-0.1313091516494751,0.3109424412250519,0.47271403670310974,-0.049594808369874954,0.31786274909973145,0.35062068700790405,-0.08493831753730774,0.32319533824920654,0.27064985036849976,-0.1087295264005661,0.327453076839447,0.20294037461280823,-0.1225527673959732,0.356804221868515,0.4684143662452698,-0.03788410499691963,0.3620472550392151,0.34044045209884644,-0.07183065265417099,0.3686533570289612,0.2580224573612213,-0.09121163189411163,0.373892217874527,0.1839117705821991,-0.09915249049663544,0.39638322591781616,0.49823394417762756,-0.033928584307432175,0.419648140668869,0.4607613682746887,-0.0811862125992775,0.40826061367988586,0.5316510200500488,-0.08893203735351562,0.39368507266044617,0.5775814652442932,-0.0789855495095253,0.4282793700695038,0.5435996651649475,-0.035600971430540085,0.4474450945854187,0.5100055932998657,-0.07011556625366211,0.43242892622947693,0.5577113628387451,-0.0706663727760315,0.4159914553165436,0.593198299407959,-0.061483632773160934
0.34707748889923096,0.7592085599899292,8.124717396640335e-07,0.3242942988872528,0.7102349996566772,-0.06337983906269073,0.3343623876571655,0.632055938243866,-0.09169149398803711,0.3927564024925232,0.5664736032485962,-0.11415743082761765,0.4372604489326477,0.508230984210968,-0.13283251225948334,0.31103599071502686,0.4735778272151947,-0.04989076405763626,0.3184770345687866,0.3517712354660034,-0.08585387468338013,0.3236429691314697,0.27185434103012085,-0.110155388712883,0.32775354385375977,0.20377233624458313,-0.12472498416900635,0.3568717837333679,0.46864449977874756,-0.03961862996220589,0.36208871006965637,0.3400912284851074,-0.07423866540193558,0.3689861595630646,0.2583874464035034,-0.0944036915898323,0.3742489516735077,0.18350687623023987,-0.10336790233850479,0.39619210362434387,0.4985862374305725,-0.03675411269068718,0.42011865973472595,0.4595843553543091,-0.08366511762142181,0.40948227047920227,0.5304679870605469,-0.0902339443564415,0.3949321508407593,0.576034426689148,-0.0801224336028099,0.42784589529037476,0.5452717542648315,-0.039494819939136505,0.4486108422279358,0.5094012022018433,-0.07336912304162979,0.43443024158477783,0.556759238243103,-0.07284685224294662,0.41783633828163147,0.5917423367500305,-0.06332292407751083
0.3440106213092804,0.762113094329834,8.12184453025111e-07,0.31889116764068604,0.7118367552757263,-0.06619254499673843,0.32857125997543335,0.6317031383514404,-0.09360400587320328,0.3851225972175598,0.5640364289283752,-0.11432981491088867,0.4274592399597168,0.5044636130332947,-0.13097728788852692,0.30368509888648987,0.4738345146179199,-0.049052607268095016,0.310696005821228,0.35381004214286804,-0.08420374244451523,0.3154400587081909,0.2742706835269928,-0.10789158195257187,0.318575382232666,0.20682606101036072,-0.12180400639772415,0.34907251596450806,0.46902576088905334,-0.03652074187994003,0.35349732637405396,0.33908945322036743,-0.07062094658613205,0.35863804817199707,0.25790053606033325,-0.08987899869680405,0.3613879680633545,0.18491879105567932,-0.09752026200294495,0.38834348320961,0.497898668050766,-0.03197315335273743,0.4144730567932129,0.45539090037345886,-0.08011998236179352,0.4041837453842163,0.5272157788276672,-0.08772164583206177,0.38862940669059753,0.5726022124290466,-0.07726798206567764,0.4203786253929138,0.5422038435935974,-0.033093906939029694,0.44382449984550476,0.5061183571815491,-0.06819052249193192,0.429378867149353,0.5539715886116028,-0.06904040277004242,0.4109644889831543,0.5879356265068054,-0.05987963080406189
0.3406575620174408,0.7576650381088257,8.175620109796e-07,0.31566163897514343,0.7046887278556824,-0.06566246598958969,0.32461243867874146,0.6227974891662598,-0.09268710017204285,0.3784217834472656,0.553558349609375,-0.11321010440587997,0.41856712102890015,0.4943971633911133,-0.12956568598747253,0.29785120487213135,0.4683518409729004,-0.04753800109028816,0.3025399446487427,0.346721351146698,-0.08112337440252304,0.30635711550712585,0.2679150700569153,-0.10373036563396454,0.3094390034675598,0.20134824514389038,-0.11707830429077148,0.3430403470993042,0.4653450548648834,-0.03506770357489586,0.3464912474155426,0.3372581899166107,-0.0683312863111496,0.35126739740371704,0.25667715072631836,-0.08772044628858566,0.3543733060359955,0.18508270382881165,-0.09591726958751678,0.3821442425251007,0.4947657883167267,-0.030553631484508514,0.40789127349853516,0.4518987238407135,-0.07726462185382843,0.39680612087249756,0.5215834975242615,-0.08494473993778229,0.3809271454811096,0.5660389065742493,-0.07536983489990234,0.4139307141304016,0.5387022495269775,-0.03175113722681999,0.43609192967414856,0.5006740093231201,-0.06537599861621857,0.421517550945282,0.5475963950157166,-0.06599091738462448,0.4034401774406433,0.5816801190376282,-0.05733601748943329
0.3312438726425171,0.7520607709884644,7.637781322955561e-07,0.3059660792350769,0.6967592239379883,-0.05873490497469902,0.3146367371082306,0.614472508430481,-0.08341957628726959,0.36609774827957153,0.5453078746795654,-0.10283511877059937,0.40464308857917786,0.4895150065422058,-0.11853571981191635,0.2893613874912262,0.46884629130363464,-0.04281258583068848,0.29373329877853394,0.35058724880218506,-0.07478690892457962,0.29732125997543335,0.27474862337112427,-0.09610946476459503,0.30025503039360046,0.2099071443080902,-0.10863275080919266,0.3330085277557373,0.4635709822177887,-0.032878611236810684,0.33569756150245667,0.3387471139431,-0.06377626210451126,0.3417297601699829,0.26145848631858826,-0.08180084824562073,0.3462914824485779,0.19244447350502014,-0.08951012045145035,0.3712538480758667,0.4903687536716461,-0.03021378442645073,0.393842875957489,0.4495578408241272,-0.0740455836057663,0.38407987356185913,0.5162439346313477,-0.08232910186052322,0.36990272998809814,0.5605738162994385,-0.07403486222028732,0.4028656482696533,0.5320568084716797,-0.03269355744123459,0.4219895601272583,0.4974144697189331,-0.06375844031572342,0.4082106351852417,0.5415434241294861,-0.06486620754003525,0.39232319593429565,0.5753556489944458,-0.05725584924221039
0.3193661570549011,0.7398315668106079,7.915583069006971e-07,0.2930161952972412,0.6836100816726685,-0.061863403767347336,0.2974991798400879,0.6024571061134338,-0.08627154678106308,0.3476310968399048,0.5351905822753906,-0.10440585017204285,0.3896264433860779,0.4828645884990692,-0.11842235177755356,0.273305207490921,0.460904061794281,-0.041504841297864914,0.27521923184394836,0.34593039751052856,-0.07029721885919571,0.2779265344142914,0.27274322509765625,-0.08994109183549881,0.2808016836643219,0.21042105555534363,-0.1016443520784378,0.31718316674232483,0.4590327739715576,-0.029125066474080086,0.31776201725006104,0.33866262435913086,-0.05775943025946617,0.32131657004356384,0.2614205479621887,-0.07482174783945084,0.3256708085536957,0.19343045353889465,-0.08236879110336304,0.3547690212726593,0.4880695044994354,-0.024616651237010956,0.37643861770629883,0.44424697756767273,-0.06822702288627625,0.3646554946899414,0.510800838470459,-0.07704924046993256,0.35020214319229126,0.5554038882255554,-0.0689086765050888,0.38555070757865906,0.5299788117408752,-0.02532685361802578,0.4034126102924347,0.4837847352027893,-0.05700970068573952,0.3905133306980133,0.5254961252212524,-0.05840250477194786,0.3749692440032959,0.5600306391716003,-0.05091940611600876
0.3197323977947235,0.7397869229316711,7.481551733690139e-07,0.2946501076221466,0.6874496340751648,-0.06144797056913376,0.30236807465553284,0.607365071773529,-0.08576357364654541,0.3550783395767212,0.5400151610374451,-0.10370583832263947,0.39500588178634644,0.4833417534828186,-0.11798501759767532,0.27849748730659485,0.46883660554885864,-0.04529532045125961,0.2832462191581726,0.3519602119922638,-0.07597889006137848,0.28618699312210083,0.2780781388282776,-0.09650042653083801,0.28782427310943604,0.21409425139427185,-0.10827957838773727,0.3209261894226074,0.4626704156398773,-0.03351013734936714,0.3229551911354065,0.33806076645851135,-0.061509065330028534,0.32709354162216187,0.2621527910232544,-0.0775272473692894,0.33010926842689514,0.1947249472141266,-0.0838947743177414,0.35833925008773804,0.4880199432373047,-0.029278799891471863,0.3795524835586548,0.44586434960365295,-0.07173336297273636,0.37139177322387695,0.5130774974822998,-0.08017543703317642,0.35913440585136414,0.5558199286460876,-0.07195968180894852,0.3896947503089905,0.527568519115448,-0.030290130525827408,0.40763750672340393,0.48770958185195923,-0.06115143373608589,0.39558571577072144,0.5325358510017395,-0.06198615953326225,0.38144823908805847,0.5669460892677307,-0.0541340596973896
0.3225807249546051,0.7410315871238708,7.583874435113103e-07,0.2999790906906128,0.6886970400810242,-0.059973832219839096,0.3108748197555542,0.6083735227584839,-0.08471677452325821,0.3636896312236786,0.5412093997001648,-0.10369537025690079,0.40323272347450256,0.48530253767967224,-0.1189008504152298,0.28521981835365295,0.46297121047973633,-0.043556299060583115,0.29171931743621826,0.3459852635860443,-0.07548855245113373,0.2963104546070099,0.27111148834228516,-0.09720312058925629,0.299664705991745,0.20728376507759094,-0.11010420322418213,0.3282560706138611,0.4581606984138489,-0.032547563314437866,0.33286088705062866,0.33510535955429077,-0.0631878450512886,0.3391300439834595,0.2592492997646332,-0.0813065692782402,0.34360623359680176,0.19102743268013,-0.08902803063392639,0.3657069504261017,0.48521655797958374,-0.028826264664530754,0.3897623121738434,0.44527193903923035,-0.07183551043272018,0.37977105379104614,0.5109996795654297,-0.07950738817453384,0.365300714969635,0.5539824962615967,-0.07096457481384277,0.396496057510376,0.5267606377601624,-0.030420690774917603,0.41801324486732483,0.49261486530303955,-0.061765894293785095,0.40541011095046997,0.5351894497871399,-0.06301296502351761,0.39021265506744385,0.5670548677444458,-0.055299170315265656
0.3225276470184326,0.743053674697876,7.397782155749155e-07,0.2976842522621155,0.6906036138534546,-0.060116179287433624,0.30845415592193604,0.6098120808601379,-0.08418727666139603,0.3615248501300812,0.5420137047767639,-0.10229635238647461,0.40059491991996765,0.4870316684246063,-0.11651638150215149,0.2846224308013916,0.463085800409317,-0.04306710138916969,0.2902168035507202,0.3470965623855591,-0.07447551935911179,0.29405835270881653,0.27246397733688354,-0.0957731083035469,0.2966558337211609,0.20849370956420898,-0.10839226841926575,0.32760003209114075,0.45805788040161133,-0.03192082419991493,0.3303598463535309,0.33479243516921997,-0.061611607670784,0.33516669273376465,0.25911277532577515,-0.07874657213687897,0.3384166359901428,0.1913640797138214,-0.08575036376714706,0.3649338483810425,0.48523691296577454,-0.02823452092707157,0.3874501585960388,0.4446338415145874,-0.07126957178115845,0.3773376941680908,0.5118785500526428,-0.0790056586265564,0.36305031180381775,0.555663526058197,-0.07020602375268936,0.3960173428058624,0.5269674062728882,-0.029858574271202087,0.41627994179725647,0.4922012984752655,-0.06146009638905525,0.4029656648635864,0.5359744429588318,-0.06294518709182739,0.3871293067932129,0.5690010786056519,-0.05524417757987976
0.321409672498703,0.7448323965072632,7.452995873791224e-07,0.29686805605888367,0.6919893622398376,-0.059706829488277435,0.30663204193115234,0.612389862537384,-0.08471064269542694,0.35981157422065735,0.545294463634491,-0.10410545766353607,0.3992149531841278,0.489525705575943,-0.11968016624450684,0.2832908630371094,0.4653908610343933,-0.044237058609724045,0.28857994079589844,0.3479204773902893,-0.07658137381076813,0.29255253076553345,0.2729532718658447,-0.09823548048734665,0.29539570212364197,0.20875829458236694,-0.11105205118656158,0.32687267661094666,0.4601077735424042,-0.03396347537636757,0.33005422353744507,0.33568310737609863,-0.06494821608066559,0.33470338582992554,0.25968605279922485,-0.08280573785305023,0.33788639307022095,0.19144701957702637,-0.0902358740568161,0.3648533523082733,0.48737579584121704,-0.0309721939265728,0.38712090253829956,0.4468773305416107,-0.07452196627855301,0.3763017952442169,0.5145711898803711,-0.08153371512889862,0.3618159890174866,0.5584515333175659,-0.07232663780450821,0.39601805806159973,0.529545247554779,-0.03330701217055321,0.4152791202068329,0.4944012761116028,-0.06472589820623398,0.4014551341533661,0.5386257171630859,-0.06521851569414139,0.385598361492157,0.5718450546264648,-0.05689945071935654
0.3207784593105316,0.7452629208564758,7.472907554983976e-07,0.2948412299156189,0.6914970278739929,-0.06044089421629906,0.30327320098876953,0.6098708510398865,-0.08452320843935013,0.35310524702072144,0.5397172570228577,-0.10289265960454941,0.3923432528972626,0.4832116663455963,-0.1174578070640564,0.27762138843536377,0.4649980366230011,-0.041456662118434906,0.2820439636707306,0.3494808077812195,-0.07361838221549988,0.2850840091705322,0.2745662331581116,-0.09533197432756424,0.2870522439479828,0.21053045988082886,-0.1081058606505394,0.32091909646987915,0.4590894281864166,-0.030160686001181602,0.32255807518959045,0.33537745475769043,-0.061730243265628815,0.32536667585372925,0.25867873430252075,-0.08017653226852417,0.3264966607093811,0.19052523374557495,-0.08754202723503113,0.35883453488349915,0.48514479398727417,-0.02645702101290226,0.3811824917793274,0.44413211941719055,-0.07126264274120331,0.37124374508857727,0.511471152305603,-0.07943315804004669,0.35686054825782776,0.5552167892456055,-0.07031698524951935,0.39023444056510925,0.5252775549888611,-0.028045691549777985,0.4089311957359314,0.4935814440250397,-0.06043243408203125,0.3952184319496155,0.5393982529640198,-0.06206924468278885,0.3794073760509491,0.5729476809501648,-0.0541340708732605
0.3154069781303406,0.7445143461227417,7.64641924888565e-07,0.28600016236305237,0.6888790130615234,-0.0549202524125576,0.2910196781158447,0.6057910323143005,-0.07834308594465256,0.3423604369163513,0.5354216694831848,-0.09771126508712769,0.3826235234737396,0.48061925172805786,-0.11356893181800842,0.2655602693557739,0.46310731768608093,-0.037725578993558884,0.26966387033462524,0.3459402024745941,-0.0688961073756218,0.27321934700012207,0.2709077000617981,-0.08969224244356155,0.27552270889282227,0.20698389410972595,-0.10197336971759796,0.3102109730243683,0.45926710963249207,-0.030699266120791435,0.3113076984882355,0.3354698419570923,-0.06320463120937347,0.3126150369644165,0.25583964586257935,-0.08261173963546753,0.31328505277633667,0.1841227114200592,-0.09090864658355713,0.34945857524871826,0.487611323595047,-0.030557358637452126,0.3722449541091919,0.44007357954978943,-0.0758228451013565,0.3614950478076935,0.5085421800613403,-0.08218995481729507,0.3473030924797058,0.5536048412322998,-0.0720268040895462,0.38182613253593445,0.5313081741333008,-0.03523286432027817,0.39881646633148193,0.49206259846687317,-0.06715067476034164,0.38457953929901123,0.5366910696029663,-0.06609934568405151,0.3686499297618866,0.5711328983306885,-0.05636819079518318
0.3124265968799591,0.7427090406417847,7.485660944439587e-07,0.28122371435165405,0.6867660880088806,-0.05354147404432297,0.2849043905735016,0.6027603149414062,-0.0764721930027008,0.334721177816391,0.5317652225494385,-0.09556949138641357,0.3763059973716736,0.4797269105911255,-0.11125721037387848,0.2597150504589081,0.46283966302871704,-0.03629115968942642,0.26196208596229553,0.34621021151542664,-0.06766634434461594,0.2639429271221161,0.27070528268814087,-0.08883823454380035,0.26451513171195984,0.20657101273536682,-0.10141505300998688,0.3038986921310425,0.45756101608276367,-0.029615208506584167,0.302284300327301,0.3330076336860657,-0.061343949288129807,0.30249419808387756,0.2549096941947937,-0.08004181832075119,0.30207616090774536,0.1846173107624054,-0.08770573884248734,0.34373876452445984,0.48448169231414795,-0.029806548729538918,0.36292746663093567,0.43823882937431335,-0.0741659477353096,0.35298430919647217,0.505633533000946,-0.08092817664146423,0.3398516774177551,0.5502529740333557,-0.07100581377744675,0.3773425221443176,0.5265360474586487,-0.03473176807165146,0.3924383819103241,0.4880792498588562,-0.06550538539886475,0.37843242287635803,0.5313265323638916,-0.06468649208545685,0.36339113116264343,0.5644291043281555,-0.05528795346617699
0.3080243170261383,0.7458800673484802,7.525488854298601e-07,0.2761676013469696,0.6897700428962708,-0.0548563078045845,0.27993395924568176,0.6036763787269592,-0.07695256173610687,0.32905593514442444,0.530238926410675,-0.09494703263044357,0.36887773871421814,0.4758617877960205,-0.1094394251704216,0.25328943133354187,0.46205902099609375,-0.03412263095378876,0.2539730668067932,0.3454410433769226,-0.06438007950782776,0.255057156085968,0.27026864886283875,-0.08546634018421173,0.25502780079841614,0.20607441663742065,-0.09821227192878723,0.29774776101112366,0.45678064227104187,-0.026783518493175507,0.2945757210254669,0.332275390625,-0.057510990649461746,0.2941412329673767,0.2532813847064972,-0.07667943835258484,0.29355448484420776,0.18224817514419556,-0.0848524421453476,0.3377421796321869,0.48428934812545776,-0.026652470231056213,0.35668495297431946,0.436603307723999,-0.07108986377716064,0.3478285074234009,0.5051862597465515,-0.07890138775110245,0.3355035185813904,0.5505654811859131,-0.06958699226379395,0.37144777178764343,0.526878297328949,-0.03132827952504158,0.3868388533592224,0.4861183762550354,-0.06298353523015976,0.3732795715332031,0.5306447148323059,-0.06301114708185196,0.35842207074165344,0.5649349093437195,-0.0541062168776989
0.3026413321495056,0.7493761777877808,7.987432582012843e-07,0.266483873128891,0.6969465017318726,-0.05640597268939018,0.26591232419013977,0.612741231918335,-0.08171652257442474,0.3148307800292969,0.5380330681800842,-0.1027720496058464,0.3560190796852112,0.4799322485923767,-0.12020418047904968,0.23849931359291077,0.46467748284339905,-0.041489023715257645,0.23914170265197754,0.34497523307800293,-0.0755152553319931,0.24098853766918182,0.2674303948879242,-0.09844236820936203,0.2423710823059082,0.2007596492767334,-0.1122729480266571,0.2857791483402252,0.45715075731277466,-0.034925803542137146,0.28239449858665466,0.3304447531700134,-0.06950803846120834,0.2809138298034668,0.24891851842403412,-0.08959256112575531,0.2792964577674866,0.17409846186637878,-0.098265640437603,0.328657329082489,0.48345670104026794,-0.03532474860548973,0.3480915427207947,0.4349655508995056,-0.08237840980291367,0.33765119314193726,0.5068238973617554,-0.08815951645374298,0.32398343086242676,0.554168164730072,-0.07729146629571915,0.36484336853027344,0.526713490486145,-0.040747031569480896,0.37878718972206116,0.4871288239955902,-0.07455438375473022,0.36421558260917664,0.533122181892395,-0.07362417131662369,0.34780192375183105,0.5677208304405212,-0.06361401081085205
0.29489588737487793,0.7555485963821411,7.642356649739668e-07,0.2612416744232178,0.7019822001457214,-0.05998457968235016,0.26183730363845825,0.6173813939094543,-0.08462611585855484,0.312197744846344,0.5417439937591553,-0.10386690497398376,0.35456517338752747,0.4832550287246704,-0.1197672039270401,0.23581761121749878,0.46888452768325806,-0.04334644228219986,0.23414699733257294,0.3454301953315735,-0.07543417811393738,0.23459923267364502,0.2688932418823242,-0.09692192077636719,0.23496364057064056,0.2030072808265686,-0.10926198214292526,0.2824283242225647,0.46047523617744446,-0.0338556207716465,0.27828580141067505,0.329961359500885,-0.06334161758422852,0.27826789021492004,0.2502018213272095,-0.08079648017883301,0.27835550904273987,0.17913419008255005,-0.08795034885406494,0.3237752616405487,0.4864625930786133,-0.03185911104083061,0.33897915482521057,0.43905192613601685,-0.07689911127090454,0.33259353041648865,0.5093265771865845,-0.08635135740041733,0.32342737913131714,0.5562843680381775,-0.07820567488670349,0.3581693470478058,0.5296214818954468,-0.03485538810491562,0.3692518472671509,0.4878333508968353,-0.06777281314134598,0.35709255933761597,0.5376372933387756,-0.06849019229412079,0.34493112564086914,0.5772290825843811,-0.06005895137786865
0.2996569275856018,0.7562699317932129,7.76743092956167e-07,0.26688769459724426,0.7027008533477783,-0.06164908409118652,0.26851341128349304,0.6139742136001587,-0.08616435527801514,0.31939467787742615,0.5404651165008545,-0.1045798808336258,0.36028823256492615,0.4830818772315979,-0.11957986652851105,0.24440643191337585,0.4685852825641632,-0.04609309509396553,0.24520032107830048,0.34694617986679077,-0.07793725281953812,0.246042862534523,0.2696181833744049,-0.09920462220907211,0.24692657589912415,0.2021419107913971,-0.11163628101348877,0.2886390686035156,0.4612793028354645,-0.03555019199848175,0.2841830551624298,0.33006906509399414,-0.06572967022657394,0.2856449782848358,0.25164198875427246,-0.08341186493635178,0.2876276969909668,0.18213725090026855,-0.09051013737916946,0.32851552963256836,0.4876381754875183,-0.03240874037146568,0.3464728593826294,0.43849480152130127,-0.07891379296779633,0.33918267488479614,0.5117060542106628,-0.08886769413948059,0.3277794420719147,0.5577118396759033,-0.08055954426527023,0.3620861768722534,0.5303931832313538,-0.03425726294517517,0.3748130202293396,0.4875817596912384,-0.06894451379776001,0.36206623911857605,0.5372103452682495,-0.07077532261610031,0.3475935459136963,0.5742951035499573,-0.06287602335214615
0.30292853713035583,0.748484194278717,7.406159170386672e-07,0.27237340807914734,0.6953288912773132,-0.05707868933677673,0.274162620306015,0.6126158833503723,-0.08170513063669205,0.32330965995788574,0.5406332015991211,-0.10141737759113312,0.3664969205856323,0.48341435194015503,-0.11793142557144165,0.24875107407569885,0.4678424894809723,-0.043490324169397354,0.2500532865524292,0.3462493419647217,-0.0762927308678627,0.2524709403514862,0.27068477869033813,-0.09760671854019165,0.2551445960998535,0.2058652937412262,-0.10952269285917282,0.2944193184375763,0.45966896414756775,-0.034591201692819595,0.29251256585121155,0.3317786753177643,-0.06506539136171341,0.29530808329582214,0.25393182039260864,-0.08249726891517639,0.2978592813014984,0.18456938862800598,-0.08935822546482086,0.3352205455303192,0.4842710793018341,-0.032702572643756866,0.3512018918991089,0.4443153738975525,-0.07727611064910889,0.3438672721385956,0.5117073059082031,-0.08699694275856018,0.33341535925865173,0.5565555095672607,-0.07918623089790344,0.36877885460853577,0.524421751499176,-0.035556990653276443,0.3808215856552124,0.4921985864639282,-0.06733439862728119,0.3678440451622009,0.5387622117996216,-0.06879755854606628,0.35445651412010193,0.5740053057670593,-0.06111111491918564
0.30556100606918335,0.7495234608650208,7.705764346610522e-07,0.27569299936294556,0.6984375715255737,-0.05865602195262909,0.2799568772315979,0.6162371039390564,-0.08412758260965347,0.3326868414878845,0.5457090139389038,-0.1043950766324997,0.3754938542842865,0.4896165132522583,-0.1213793233036995,0.2562048137187958,0.47165194153785706,-0.04688214883208275,0.25955355167388916,0.3501374125480652,-0.08093995600938797,0.2627589702606201,0.27377623319625854,-0.10346733033657074,0.2655077576637268,0.20775291323661804,-0.11652741581201553,0.3011745512485504,0.46445149183273315,-0.038093023002147675,0.30141136050224304,0.33518990874290466,-0.06959179788827896,0.30477213859558105,0.2564411163330078,-0.08741804212331772,0.3076073229312897,0.18555232882499695,-0.09462162107229233,0.34112870693206787,0.4907633066177368,-0.036271873861551285,0.3596091866493225,0.4485805332660675,-0.08069753646850586,0.35041680932044983,0.5187321901321411,-0.08771906048059464,0.3381597399711609,0.5636039972305298,-0.07823556661605835,0.3736087381839752,0.5331193804740906,-0.03954266011714935,0.3880672752857208,0.49851903319358826,-0.07153451442718506,0.37351155281066895,0.545794665813446,-0.07117532938718796,0.3580469787120819,0.5802346467971802,-0.062111034989356995
0.3062598705291748,0.7466925382614136,7.617228447998059e-07,0.27463406324386597,0.6970923542976379,-0.05867598578333855,0.27665942907333374,0.6160516142845154,-0.08438368886709213,0.3273294270038605,0.544323742389679,-0.10463683307170868,0.37042856216430664,0.486698180437088,-0.12145306169986725,0.2544136643409729,0.4671536982059479,-0.04683307185769081,0.25697702169418335,0.3465842604637146,-0.08072785288095474,0.2601478695869446,0.2705264687538147,-0.10301612317562103,0.26317670941352844,0.2048644721508026,-0.11575538665056229,0.2993660867214203,0.4589892625808716,-0.037632834166288376,0.2989262044429779,0.33136463165283203,-0.06888512521982193,0.3026280105113983,0.25362539291381836,-0.08609399199485779,0.3061341941356659,0.18376711010932922,-0.09278903156518936,0.3392985165119171,0.48407450318336487,-0.03546303138136864,0.35747188329696655,0.44394615292549133,-0.0800701379776001,0.34917977452278137,0.5139795541763306,-0.08740679919719696,0.3377699851989746,0.5594217777252197,-0.0780172199010849,0.37261465191841125,0.52540522813797,-0.03831910714507103,0.38635730743408203,0.4926818311214447,-0.07041627913713455,0.3724899888038635,0.5405348539352417,-0.07042326778173447,0.357547789812088,0.5760059952735901,-0.061506956815719604
0.30797314643859863,0.7440428137779236,7.773945753797307e-07,0.27904629707336426,0.6923028230667114,-0.0583152249455452,0.28401419520378113,0.6094530820846558,-0.08389899879693985,0.3330220878124237,0.5393153429031372,-0.10418540239334106,0.37347495555877686,0.4829482436180115,-0.12109129130840302,0.2596431374549866,0.4640716314315796,-0.04611344635486603,0.2638838291168213,0.3429787755012512,-0.07970219105482101,0.2679583728313446,0.2656787633895874,-0.10198933631181717,0.2721027135848999,0.19979560375213623,-0.11492693424224854,0.3035033643245697,0.4568767249584198,-0.037222281098365784,0.30398914217948914,0.3283011317253113,-0.06991861015558243,0.3091728091239929,0.24995271861553192,-0.08916284888982773,0.31436771154403687,0.1802198588848114,-0.09720711410045624,0.34267014265060425,0.48172610998153687,-0.035148736089468,0.36402997374534607,0.4416460394859314,-0.08052024245262146,0.35504817962646484,0.5095487236976624,-0.08922044187784195,0.3420996069908142,0.5534399151802063,-0.08084350824356079,0.3750670254230499,0.521883487701416,-0.03802690654993057,0.3901001811027527,0.48685866594314575,-0.0701131746172905,0.3780549168586731,0.533103346824646,-0.0706348568201065,0.36463940143585205,0.5676473379135132,-0.06233632564544678
0.30935797095298767,0.7439190149307251,7.586240826640278e-07,0.2809678316116333,0.6907438039779663,-0.060312721878290176,0.2868326008319855,0.6084703803062439,-0.08512195944786072,0.3363022804260254,0.5374809503555298,-0.10402020066976547,0.37665683031082153,0.48104992508888245,-0.11931372433900833,0.2620185613632202,0.4629744589328766,-0.045560505241155624,0.2660888135433197,0.3436126708984375,-0.07845301926136017,0.2693880796432495,0.26854610443115234,-0.1005542203783989,0.2723388075828552,0.2033892571926117,-0.11337661743164062,0.30615028738975525,0.4562687873840332,-0.03511592745780945,0.30624327063560486,0.3294582962989807,-0.06553439795970917,0.31056150794029236,0.2519467771053314,-0.0832548663020134,0.31436601281166077,0.18200358748435974,-0.09059443324804306,0.3452799916267395,0.48240435123443604,-0.03200236335396767,0.36491286754608154,0.44181394577026367,-0.07632546126842499,0.3568713665008545,0.510161817073822,-0.08504868298768997,0.34493234753608704,0.5547585487365723,-0.07677523791790009,0.37732937932014465,0.5241755843162537,-0.034074582159519196,0.3929142653942108,0.4905183017253876,-0.06633339077234268,0.3800395727157593,0.5370838046073914,-0.06752511113882065,0.36567172408103943,0.572617769241333,-0.059627715498209
0.31245291233062744,0.7349571585655212,7.776961865602061e-07,0.2837161421775818,0.6819353699684143,-0.057552091777324677,0.2860424518585205,0.6008297801017761,-0.08275264501571655,0.33445611596107483,0.5296189188957214,-0.10281944274902344,0.377782940864563,0.4739067852497101,-0.11951279640197754,0.2624376118183136,0.4568270146846771,-0.044523388147354126,0.2663629949092865,0.336073100566864,-0.07739230990409851,0.2707517147064209,0.2609313130378723,-0.09866683930158615,0.2748938798904419,0.19645866751670837,-0.11052437871694565,0.30644288659095764,0.44985705614089966,-0.03537504002451897,0.30706313252449036,0.3229549527168274,-0.06637629121541977,0.3120867908000946,0.24527768790721893,-0.08346271514892578,0.3166577219963074,0.1765890121459961,-0.08979276567697525,0.34593909978866577,0.47495052218437195,-0.03319765254855156,0.3645859956741333,0.43477869033813477,-0.0776638388633728,0.35646769404411316,0.5022729635238647,-0.08561581373214722,0.3452136814594269,0.5470552444458008,-0.07647998631000519,0.37860068678855896,0.5155012607574463,-0.03586173430085182,0.39266058802604675,0.482286661863327,-0.06749573349952698,0.37959185242652893,0.5287930965423584,-0.067603699862957,0.36566802859306335,0.5637614130973816,-0.05872468650341034
0.3974522054195404,0.7620863914489746,5.301234864418802e-07,0.4388774335384369,0.7297414541244507,-0.0533057264983654,0.4586086869239807,0.6529343724250793,-0.07304391264915466,0.4307909309864044,0.5772047638893127,-0.08785932511091232,0.3998294174671173,0.5089894533157349,-0.09933152049779892,0.48241743445396423,0.5265088081359863,-0.03143417090177536,0.49065715074539185,0.42656993865966797,-0.05487004667520523,0.48939937353134155,0.36067521572113037,-0.07202515751123428,0.48774945735931396,0.3023017644882202,-0.08293826133012772,0.4449530243873596,0.5126405954360962,-0.024325033649802208,0.4553433060646057,0.3953138589859009,-0.05150775983929634,0.45900124311447144,0.3232380449771881,-0.07069040834903717,0.4624556005001068,0.26186662912368774,-0.07988137006759644,0.40599524974823,0.5236256718635559,-0.023546844720840454,0.40509048104286194,0.4529073238372803,-0.07130203396081924,0.4053742289543152,0.5241526365280151,-0.08195499330759048,0.4044716954231262,0.5757442712783813,-0.07442160695791245,0.3689543306827545,0.5484431385993958,-0.026439243927598,0.3732417821884155,0.4813343286514282,-0.06496128439903259,0.37746503949165344,0.5322511792182922,-0.06581149250268936,0.37835973501205444,0.5784643292427063,-0.05710555240511894
0.41529083251953125,0.7675576210021973,5.177032562642125e-07,0.4614499509334564,0.7275283932685852,-0.04809686541557312,0.4867798089981079,0.6430753469467163,-0.0646079033613205,0.45982494950294495,0.5635667443275452,-0.07761115580797195,0.42498281598091125,0.4989413619041443,-0.08777076750993729,0.5069853067398071,0.525738537311554,-0.025127744302153587,0.5171928405761719,0.41982629895210266,-0.04834231734275818,0.5166983604431152,0.35080811381340027,-0.06507785618305206,0.515493631362915,0.2890471816062927,-0.07561029493808746,0.4678928852081299,0.5112883448600769,-0.02101893723011017,0.4795573353767395,0.3867833614349365,-0.04906850680708885,0.4833431541919708,0.3106790781021118,-0.06874971836805344,0.48645520210266113,0.24540579319000244,-0.07794365286827087,0.4276246428489685,0.521744966506958,-0.02287270873785019,0.4263249933719635,0.44714048504829407,-0.0723826065659523,0.428321897983551,0.5226901769638062,-0.08288054168224335,0.4284140169620514,0.5785373449325562,-0.07435641437768936,0.3883758783340454,0.5465123653411865,-0.027921263128519058,0.3942387104034424,0.4769118130207062,-0.06702166050672531,0.3994586765766144,0.5294042229652405,-0.06672198325395584,0.3999481201171875,0.5778074264526367,-0.05690664425492287
0.418111652135849,0.7671067714691162,5.278711796563584e-07,0.46435490250587463,0.7277892827987671,-0.04888080805540085,0.4901646673679352,0.6435540914535522,-0.06608321517705917,0.4627273380756378,0.5634729266166687,-0.07974427193403244,0.42760539054870605,0.4979548752307892,-0.0905105322599411,0.5097286105155945,0.5235919952392578,-0.026091119274497032,0.5196049213409424,0.4185795783996582,-0.0498710535466671,0.5188906192779541,0.34990397095680237,-0.06693784147500992,0.5178542137145996,0.28818821907043457,-0.07760857045650482,0.470279335975647,0.5089941024780273,-0.022010790184140205,0.4815463721752167,0.38363438844680786,-0.050590936094522476,0.4854670464992523,0.30712127685546875,-0.07036275416612625,0.48911482095718384,0.24096161127090454,-0.07953532040119171,0.42951667308807373,0.5195518732070923,-0.023987382650375366,0.42990776896476746,0.444976806640625,-0.07385473698377609,0.4312319755554199,0.5216478705406189,-0.08401604741811752,0.4305824041366577,0.5777432322502136,-0.0751851424574852,0.389504998922348,0.5442387461662292,-0.02927287667989731,0.3968856632709503,0.4741763174533844,-0.06773404777050018,0.4016863703727722,0.525543212890625,-0.06681948900222778,0.40163424611091614,0.5726867914199829,-0.05672071874141693
0.4288395047187805,0.7736151218414307,5.546614829654573e-07,0.478384405374527,0.7314193248748779,-0.047404274344444275,0.5038244724273682,0.6462039947509766,-0.06464169919490814,0.4764014184474945,0.5635138154029846,-0.07899800688028336,0.4426767826080322,0.49876904487609863,-0.09064432233572006,0.52142733335495,0.5256947875022888,-0.024701271206140518,0.5321441888809204,0.41737842559814453,-0.049097996205091476,0.533004105091095,0.34716254472732544,-0.06695786118507385,0.5327757596969604,0.2850843667984009,-0.07797793298959732,0.480650931596756,0.5117101073265076,-0.021678680554032326,0.49279046058654785,0.38236886262893677,-0.050680533051490784,0.49719083309173584,0.30391937494277954,-0.07133553177118301,0.5008820295333862,0.23634818196296692,-0.08104021102190018,0.43854379653930664,0.5228761434555054,-0.024513356387615204,0.4443749785423279,0.4478740990161896,-0.07415974885225296,0.44579529762268066,0.5242418646812439,-0.08423206210136414,0.4441286325454712,0.5814251899719238,-0.0752335637807846,0.39702749252319336,0.5491911768913269,-0.030568983405828476,0.4075101613998413,0.47801992297172546,-0.06829150021076202,0.413213849067688,0.5296370983123779,-0.06644823402166367,0.41292232275009155,0.5783906579017639,-0.05553475767374039
0.4312853515148163,0.774620771408081,5.702488010683737e-07,0.479472815990448,0.735281765460968,-0.04985480755567551,0.5064610838890076,0.6507482528686523,-0.06813771277666092,0.4795703887939453,0.570801317691803,-0.08319791406393051,0.44330137968063354,0.5041577219963074,-0.09529654681682587,0.5234904885292053,0.5250344276428223,-0.027187349274754524,0.5350209474563599,0.41778889298439026,-0.051273345947265625,0.535348117351532,0.3480663299560547,-0.0687502920627594,0.5351341366767883,0.28549227118492126,-0.07994761317968369,0.48288866877555847,0.5110622048377991,-0.023470422253012657,0.49491584300994873,0.3842395544052124,-0.05279651656746864,0.5005509853363037,0.3052283525466919,-0.07361011207103729,0.5052116513252258,0.2377142310142517,-0.08384333550930023,0.44069650769233704,0.5228002071380615,-0.025860516354441643,0.44582855701446533,0.44741660356521606,-0.07598550617694855,0.44822850823402405,0.5255293846130371,-0.08614537864923477,0.44634440541267395,0.5822529792785645,-0.07758723199367523,0.40022382140159607,0.5491403937339783,-0.03176434338092804,0.4111076295375824,0.4794292151927948,-0.07065855711698532,0.41733336448669434,0.5317017436027527,-0.0699891671538353,0.4166565239429474,0.5793216824531555,-0.06023559719324112
0.43242502212524414,0.7769830226898193,5.599965788860573e-07,0.48155683279037476,0.7376925945281982,-0.04770625755190849,0.5081372261047363,0.6529394388198853,-0.06528610736131668,0.480084627866745,0.5729492902755737,-0.07992950826883316,0.4439280927181244,0.5066704750061035,-0.091715008020401,0.5263032913208008,0.5281724333763123,-0.02595042623579502,0.53755784034729,0.420917809009552,-0.05018084868788719,0.5375479459762573,0.3514774441719055,-0.0675693154335022,0.5371522307395935,0.2890571653842926,-0.07883994281291962,0.4852074384689331,0.5133277177810669,-0.023297732695937157,0.4978453814983368,0.38587093353271484,-0.052877023816108704,0.5029187798500061,0.3072124719619751,-0.07341279089450836,0.5076970458030701,0.23913681507110596,-0.08337672054767609,0.4424571394920349,0.5249714851379395,-0.026518894359469414,0.44804105162620544,0.44630885124206543,-0.07720238715410233,0.4497120678424835,0.5259818434715271,-0.08634910732507706,0.44776374101638794,0.58281010389328,-0.0769515410065651,0.40152573585510254,0.5527521371841431,-0.03299660235643387,0.4125569462776184,0.483855277299881,-0.07323561608791351,0.41897767782211304,0.5393058657646179,-0.07229966670274734,0.4186231791973114,0.5876477956771851,-0.06192372366786003
0.4335761070251465,0.7838770747184753,5.646535896630667e-07,0.48332297801971436,0.7429454326629639,-0.04671570286154747,0.5097177624702454,0.6558908224105835,-0.06380666047334671,0.4814249873161316,0.5749096870422363,-0.07828432321548462,0.4438684284687042,0.5087655782699585,-0.09004012495279312,0.5256491899490356,0.5307276844978333,-0.02429964207112789,0.5376348495483398,0.42343074083328247,-0.04708711430430412,0.5384194254875183,0.3545098900794983,-0.06376508623361588,0.5385076999664307,0.2918034493923187,-0.07496915757656097,0.4848596453666687,0.5159233212471008,-0.02236144244670868,0.49802687764167786,0.388342022895813,-0.0505429282784462,0.5042112469673157,0.30972200632095337,-0.07081003487110138,0.5087881684303284,0.24240857362747192,-0.08100230991840363,0.44240814447402954,0.5283789038658142,-0.02617788128554821,0.4482291042804718,0.4479319453239441,-0.07588858902454376,0.4504542648792267,0.5273281335830688,-0.08501017838716507,0.4473738968372345,0.5846413969993591,-0.07585324347019196,0.40160900354385376,0.5576002597808838,-0.033191245049238205,0.41112834215164185,0.48534464836120605,-0.07338573783636093,0.41896572709083557,0.5413409471511841,-0.07257697731256485,0.4190915822982788,0.5924544930458069,-0.062287528067827225
0.4343055486679077,0.7876141667366028,5.604702550954244e-07,0.4835553467273712,0.7495253086090088,-0.04769374057650566,0.5096521377563477,0.6628351211547852,-0.06569545716047287,0.478992760181427,0.5811898708343506,-0.08105862885713577,0.44170376658439636,0.5141445398330688,-0.09368599206209183,0.5239124894142151,0.533610463142395,-0.02711276151239872,0.535544216632843,0.42682623863220215,-0.05078209564089775,0.5362265706062317,0.3578152656555176,-0.06791644543409348,0.5366366505622864,0.2951914072036743,-0.07931981235742569,0.4824405312538147,0.5191049575805664,-0.02508712187409401,0.4946609437465668,0.39155006408691406,-0.053915053606033325,0.5002042651176453,0.3127257525920868,-0.07449096441268921,0.5049735307693481,0.24533814191818237,-0.08508474379777908,0.43943431973457336,0.5322826504707336,-0.02871932089328766,0.446271151304245,0.4521430730819702,-0.0786852240562439,0.449023574590683,0.5325931310653687,-0.08762183040380478,0.44611606001853943,0.5918565988540649,-0.07858655601739883,0.39819851517677307,0.562520444393158,-0.03568978235125542,0.40890321135520935,0.4896834194660187,-0.07577963918447495,0.4176463782787323,0.545527994632721,-0.07480759918689728,0.4181910455226898,0.5974491238594055,-0.06461041420698166
0.43250522017478943,0.788957417011261,5.851321702721179e-07,0.48226451873779297,0.7475980520248413,-0.04785418137907982,0.5081214904785156,0.6593244075775146,-0.06538987904787064,0.47895967960357666,0.5788508057594299,-0.07995018362998962,0.4406763017177582,0.512881338596344,-0.0917985588312149,0.5221670866012573,0.533097505569458,-0.026474589481949806,0.5337547063827515,0.4268488883972168,-0.05059288814663887,0.5344661474227905,0.35800451040267944,-0.0680188313126564,0.5343608260154724,0.29566389322280884,-0.07929743826389313,0.48093724250793457,0.5187351107597351,-0.023894960060715675,0.4935060441493988,0.3898059129714966,-0.05250585451722145,0.4997573792934418,0.31101542711257935,-0.0725364163517952,0.5047847628593445,0.2428359091281891,-0.0823974460363388,0.43817198276519775,0.531852126121521,-0.027153586968779564,0.44457483291625977,0.4518422484397888,-0.07670067250728607,0.44817328453063965,0.5302863121032715,-0.08578166365623474,0.44610795378685,0.5866393446922302,-0.07670833170413971,0.3968367576599121,0.5616387128829956,-0.033692389726638794,0.40749096870422363,0.4895918071269989,-0.07288502901792526,0.41631096601486206,0.5444141030311584,-0.0714588388800621,0.4169692397117615,0.5940899848937988,-0.06094219535589218
0.43257394433021545,0.7902165651321411,5.839767140969343e-07,0.4817626476287842,0.7506753206253052,-0.049750104546546936,0.5071603655815125,0.6624220609664917,-0.0681879073381424,0.4765312671661377,0.5817210078239441,-0.08339271694421768,0.43764883279800415,0.5150994062423706,-0.09577387571334839,0.5212768912315369,0.5340799689292908,-0.028372835367918015,0.5333760380744934,0.428045392036438,-0.052829671651124954,0.5343661904335022,0.3592538833618164,-0.07055796682834625,0.5346961617469788,0.2966088354587555,-0.08227047324180603,0.4797394275665283,0.5199689865112305,-0.025402069091796875,0.49212414026260376,0.3918583393096924,-0.05461990460753441,0.4983898997306824,0.31325939297676086,-0.07526141405105591,0.5036325454711914,0.24435874819755554,-0.0858362540602684,0.4363974630832672,0.5331826210021973,-0.02843574248254299,0.4430014491081238,0.4544500708580017,-0.0789034515619278,0.4477963447570801,0.5342966318130493,-0.08829756826162338,0.4463267922401428,0.5906176567077637,-0.07955015450716019,0.39483511447906494,0.5627788305282593,-0.03494131937623024,0.40585070848464966,0.4904491901397705,-0.07487323880195618,0.4151083528995514,0.5464597344398499,-0.07383903115987778,0.41564568877220154,0.5965344309806824,-0.06381472200155258
0.43146616220474243,0.7890093326568604,5.842676955580828e-07,0.4806048274040222,0.7472559809684753,-0.04800499975681305,0.5046630501747131,0.6573513150215149,-0.06580290198326111,0.47479432821273804,0.576434850692749,-0.0806359127163887,0.4352622926235199,0.5114791393280029,-0.09286587685346603,0.5194036960601807,0.5337918996810913,-0.027723662555217743,0.5310133695602417,0.4260954260826111,-0.05236102268099785,0.531874418258667,0.35682231187820435,-0.07008909434080124,0.5321019887924194,0.29373031854629517,-0.0815231055021286,0.47812536358833313,0.5194183588027954,-0.02516033686697483,0.49024349451065063,0.3905443847179413,-0.05432683229446411,0.49644169211387634,0.31187981367111206,-0.07476434856653214,0.5016890168190002,0.2429526150226593,-0.08503684401512146,0.4352302849292755,0.531795084476471,-0.02833946794271469,0.4411230683326721,0.4516443908214569,-0.07813730835914612,0.44498592615127563,0.5305308699607849,-0.08728628605604172,0.4430824816226959,0.5876679420471191,-0.07836633920669556,0.3937229812145233,0.560746967792511,-0.03482476621866226,0.40392017364501953,0.4863649010658264,-0.0735955610871315,0.4124542474746704,0.5407583713531494,-0.07174785435199738,0.4129164516925812,0.591535210609436,-0.061165522783994675
0.42956405878067017,0.7862145900726318,5.865726961928885e-07,0.4792158603668213,0.7452749013900757,-0.049374841153621674,0.5037164688110352,0.6575554013252258,-0.06743810325860977,0.47381478548049927,0.5766227841377258,-0.0823756530880928,0.4344692826271057,0.5110335946083069,-0.0946497693657875,0.5184760093688965,0.5309920907020569,-0.027367154136300087,0.5302256345748901,0.42305299639701843,-0.051760703325271606,0.5307262539863586,0.3531414866447449,-0.0694647952914238,0.5307126641273499,0.2901734411716461,-0.08081396669149399,0.47703689336776733,0.5163793563842773,-0.023858580738306046,0.48940783739089966,0.38834095001220703,-0.05277611315250397,0.49502936005592346,0.30979299545288086,-0.0734025239944458,0.5000362992286682,0.24181190133094788,-0.08367078751325607,0.43417954444885254,0.5287917852401733,-0.026312869042158127,0.43879085779190063,0.4495914876461029,-0.07655242085456848,0.4418621063232422,0.5278658270835876,-0.08684927225112915,0.4402909278869629,0.5858438611030579,-0.07836489379405975,0.39310675859451294,0.5580891370773315,-0.03211125731468201,0.40264296531677246,0.483828067779541,-0.07171855121850967,0.4110557436943054,0.538266658782959,-0.07088413089513779,0.4121687412261963,0.5898549556732178,-0.06071348860859871
0.4285246431827545,0.7854070067405701,5.835290721734054e-07,0.47780340909957886,0.7452263236045837,-0.04937713220715523,0.5027531385421753,0.656944215297699,-0.06760548800230026,0.4726217985153198,0.5748729705810547,-0.08276616036891937,0.43343043327331543,0.5086142420768738,-0.09532582014799118,0.5174540877342224,0.5308246612548828,-0.027986641973257065,0.5292606353759766,0.4226561188697815,-0.052522748708724976,0.5301410555839539,0.3523503541946411,-0.07036083191633224,0.530438244342804,0.28842753171920776,-0.08193384110927582,0.47617295384407043,0.5160240530967712,-0.02461485005915165,0.48865950107574463,0.38833844661712646,-0.05385125055909157,0.49412697553634644,0.30949050188064575,-0.07473931461572647,0.4989396035671234,0.2410123348236084,-0.08535858988761902,0.43345603346824646,0.5277130007743835,-0.02712058834731579,0.4386913776397705,0.4474217891693115,-0.07754070311784744,0.4416751265525818,0.5260342359542847,-0.08773786574602127,0.4399600923061371,0.5844284892082214,-0.07931230217218399,0.39232462644577026,0.5560721158981323,-0.03299645707011223,0.40218499302864075,0.48144400119781494,-0.07299685478210449,0.4106784462928772,0.5365464091300964,-0.0723424032330513,0.4120655059814453,0.5891615748405457,-0.062306273728609085
0.4273375868797302,0.7838426828384399,5.84095289468678e-07,0.4764207899570465,0.7426271438598633,-0.04891316592693329,0.5008732676506042,0.653764545917511,-0.06701555103063583,0.47171157598495483,0.5728693008422852,-0.08215303719043732,0.4322461485862732,0.5069218277931213,-0.09481669217348099,0.5154036283493042,0.5285792946815491,-0.028071243315935135,0.5275231003761292,0.4211878180503845,-0.052819497883319855,0.5280285477638245,0.3510565757751465,-0.07082350552082062,0.5277138352394104,0.28726062178611755,-0.08250637352466583,0.47444191575050354,0.5142030119895935,-0.02520950324833393,0.4875985085964203,0.3858434557914734,-0.0545772910118103,0.4930811822414398,0.30669212341308594,-0.07558701932430267,0.49761736392974854,0.2374323010444641,-0.08630158007144928,0.43182700872421265,0.5264464616775513,-0.02817848138511181,0.43757858872413635,0.445831835269928,-0.07887321710586548,0.4404112994670868,0.5249317288398743,-0.08903087675571442,0.4381648898124695,0.5830504894256592,-0.080526202917099,0.3906714618206024,0.5556178092956543,-0.034453872591257095,0.4006207287311554,0.47952884435653687,-0.07438462972640991,0.40899428725242615,0.5345061421394348,-0.0733705386519432,0.40983349084854126,0.5871219635009766,-0.06315410882234573
0.4267105162143707,0.7822867631912231,5.844397605869744e-07,0.47538962960243225,0.742068886756897,-0.049764491617679596,0.5004183650016785,0.652838945388794,-0.06789162755012512,0.4696239233016968,0.5721721649169922,-0.08271657675504684,0.4297580122947693,0.5072112083435059,-0.09485580772161484,0.5150766968727112,0.5264336466789246,-0.028668170794844627,0.5261733531951904,0.41788801550865173,-0.0535326711833477,0.5262010097503662,0.34703460335731506,-0.07140028476715088,0.5257625579833984,0.28288158774375916,-0.08294989168643951,0.47398629784584045,0.5123710036277771,-0.02527666464447975,0.48626765608787537,0.38375166058540344,-0.054848603904247284,0.4916679561138153,0.304573655128479,-0.07578226923942566,0.4967167377471924,0.2354874312877655,-0.0863417387008667,0.43130120635032654,0.5249576568603516,-0.027824852615594864,0.4368972182273865,0.4445840120315552,-0.07906917482614517,0.43976691365242004,0.5238687992095947,-0.08951780945062637,0.43784099817276,0.5823411345481873,-0.08100948482751846,0.39025282859802246,0.5537928342819214,-0.03371116518974304,0.3997734785079956,0.48030078411102295,-0.07424809038639069,0.4083985686302185,0.5352693796157837,-0.07381570339202881,0.4095541536808014,0.5866824984550476,-0.0638590008020401
0.423026978969574,0.7803353667259216,6.155235610094678e-07,0.4708428680896759,0.7364296913146973,-0.04831227660179138,0.4938228130340576,0.6458421349525452,-0.06538425385951996,0.46680980920791626,0.5630552172660828,-0.07948318123817444,0.42766073346138,0.49568724632263184,-0.09087496250867844,0.5109493732452393,0.5203074216842651,-0.024887356907129288,0.5215041637420654,0.40853291749954224,-0.048541560769081116,0.5214377045631409,0.3368479609489441,-0.06574349850416183,0.5204269886016846,0.27194544672966003,-0.07699426263570786,0.4707356095314026,0.5057611465454102,-0.02133316360414028,0.48470863699913025,0.3772273361682892,-0.04974216967821121,0.4896024167537689,0.2964094579219818,-0.07049326598644257,0.4936143755912781,0.22603988647460938,-0.08105530589818954,0.4281979203224182,0.5185361504554749,-0.023693615570664406,0.43168315291404724,0.431987464427948,-0.07307252287864685,0.43230152130126953,0.5109610557556152,-0.08254992961883545,0.4297516942024231,0.569438636302948,-0.07360237836837769,0.3869374096393585,0.5486449599266052,-0.029320567846298218,0.39248764514923096,0.4729824364185333,-0.06884659826755524,0.4004155695438385,0.5278343558311462,-0.068039670586586,0.40274786949157715,0.579452633857727,-0.0577026791870594
0.4215647876262665,0.7749635577201843,5.927852839704428e-07,0.4701078236103058,0.7346501350402832,-0.05281207710504532,0.49449416995048523,0.6444569826126099,-0.07110802084207535,0.464962899684906,0.5609604716300964,-0.08539655059576035,0.4277391731739044,0.49146127700805664,-0.09650964289903641,0.5124996304512024,0.5184277892112732,-0.02806827798485756,0.5235666632652283,0.4074031710624695,-0.05252300202846527,0.524145781993866,0.3365938365459442,-0.06995127350091934,0.523693859577179,0.27301838994026184,-0.08090906590223312,0.4711477756500244,0.5035533308982849,-0.022679360583424568,0.482785701751709,0.3731135129928589,-0.05204854533076286,0.4877072870731354,0.2951112985610962,-0.07250937074422836,0.4914688169956207,0.2286907434463501,-0.08218001574277878,0.42834094166755676,0.5150482654571533,-0.023811636492609978,0.430155485868454,0.4374556839466095,-0.07540707290172577,0.43339091539382935,0.5171630382537842,-0.08643356710672379,0.432799369096756,0.5748550891876221,-0.07780709117650986,0.38705694675445557,0.5416291356086731,-0.028525056317448616,0.3960360288619995,0.4685039222240448,-0.0691608265042305,0.4028192162513733,0.5249728560447693,-0.06898896396160126,0.40305864810943604,0.5758810639381409,-0.05906306952238083
0.42157429456710815,0.7718427181243896,5.657777819578769e-07,0.4710742235183716,0.7302786111831665,-0.049255628138780594,0.4949738681316376,0.6403522491455078,-0.06699163466691971,0.4643009901046753,0.5588345527648926,-0.08166123926639557,0.42574310302734375,0.4920068085193634,-0.09376008063554764,0.5113890767097473,0.5163540244102478,-0.027801502496004105,0.5227488279342651,0.4076186716556549,-0.05261505767703056,0.5226066708564758,0.33676594495773315,-0.07052244246006012,0.5219635963439941,0.2728191018104553,-0.08212360739707947,0.4700218737125397,0.5013056993484497,-0.024769576266407967,0.4828924834728241,0.37225624918937683,-0.054188769310712814,0.4873425364494324,0.29295942187309265,-0.07544627785682678,0.4912990629673004,0.2238459289073944,-0.0863792672753334,0.4271145761013031,0.5130283236503601,-0.027694610878825188,0.4305577874183655,0.4323720335960388,-0.0787978395819664,0.4336686432361603,0.5115002393722534,-0.08997359871864319,0.43272751569747925,0.5702797770500183,-0.0821375623345375,0.38567689061164856,0.5413835048675537,-0.03393425792455673,0.3937285542488098,0.4661707580089569,-0.07455096393823624,0.4024631977081299,0.5212361216545105,-0.07456264644861221,0.4047010540962219,0.5736851096153259,-0.06508530676364899
0.42124444246292114,0.7705448865890503,5.907093623136461e-07,0.46943187713623047,0.7303309440612793,-0.05072062835097313,0.4947049021720886,0.64083331823349,-0.0686941146850586,0.4645269215106964,0.5588670372962952,-0.08316091448068619,0.4258621335029602,0.49113890528678894,-0.09482671320438385,0.5103751420974731,0.5140940546989441,-0.02750401757657528,0.5220218300819397,0.4047856032848358,-0.05167897790670395,0.5224703550338745,0.3338186740875244,-0.06914001703262329,0.5223203897476196,0.2696402072906494,-0.08042306452989578,0.469504177570343,0.4995381236076355,-0.023499593138694763,0.4825344383716583,0.37035223841667175,-0.05239533632993698,0.48727309703826904,0.2912393808364868,-0.07300925999879837,0.4912901818752289,0.2229575514793396,-0.08324456214904785,0.42691242694854736,0.5115588903427124,-0.025684554129838943,0.4318229854106903,0.43099141120910645,-0.07673943042755127,0.43419021368026733,0.5100593566894531,-0.08728186041116714,0.43240490555763245,0.5678752660751343,-0.07879061996936798,0.3856053352355957,0.5393552184104919,-0.031304989010095596,0.39443260431289673,0.4652765989303589,-0.07211966067552567,0.4020220935344696,0.5212953090667725,-0.07183534651994705,0.40313392877578735,0.5731233954429626,-0.06191044673323631
0.4215259552001953,0.7696865797042847,5.828965754517412e-07,0.4699455201625824,0.7288364171981812,-0.05078490823507309,0.4938991367816925,0.6392186284065247,-0.06885822862386703,0.4635492265224457,0.5582841634750366,-0.08335375040769577,0.42562827467918396,0.4906395673751831,-0.09499764442443848,0.5109004378318787,0.5128350257873535,-0.028166668489575386,0.5221866369247437,0.40448254346847534,-0.05279043689370155,0.5226361155509949,0.3342114984989166,-0.07056611031293869,0.5227338671684265,0.2706413269042969,-0.08202406018972397,0.46955904364585876,0.4981836676597595,-0.02412431500852108,0.4819618761539459,0.36877554655075073,-0.053262315690517426,0.4864540696144104,0.2903934419155121,-0.07382863014936447,0.490433007478714,0.22273015975952148,-0.08396798372268677,0.4267509877681732,0.5105912089347839,-0.02629910595715046,0.43019482493400574,0.4299269914627075,-0.0776967704296112,0.4327223300933838,0.5091707110404968,-0.08861664682626724,0.4314896762371063,0.5673986673355103,-0.08028008043766022,0.3857409358024597,0.5392056107521057,-0.03189580887556076,0.3938249349594116,0.46637895703315735,-0.07315566390752792,0.4017273783683777,0.5221338272094727,-0.07342085987329483,0.4031970500946045,0.573477029800415,-0.06381653994321823
0.4222567081451416,0.7712140679359436,5.903210649194079e-07,0.4704494774341583,0.729395866394043,-0.05113160237669945,0.49480146169662476,0.639409601688385,-0.06928080320358276,0.46442440152168274,0.559148907661438,-0.08391962200403214,0.42634648084640503,0.49123939871788025,-0.09567339718341827,0.510084331035614,0.5115708112716675,-0.027944747358560562,0.5222919583320618,0.4037392735481262,-0.05210678651928902,0.5231624841690063,0.33365264534950256,-0.06986172497272491,0.5235871076583862,0.2700788676738739,-0.081536203622818,0.46858781576156616,0.49778804183006287,-0.024030819535255432,0.4807477295398712,0.3696860074996948,-0.05286882817745209,0.48586928844451904,0.29172033071517944,-0.07382695376873016,0.49025657773017883,0.2240588665008545,-0.08460336178541183,0.4254906475543976,0.510837733745575,-0.026389209553599358,0.42979100346565247,0.43124106526374817,-0.07721156626939774,0.4331061542034149,0.5114813446998596,-0.08799301087856293,0.4316534698009491,0.5692663192749023,-0.07996626198291779,0.3845365047454834,0.5397733449935913,-0.03229981288313866,0.3931709825992584,0.46589696407318115,-0.07275688648223877,0.4015931487083435,0.5211121439933777,-0.07279790937900543,0.4029735028743744,0.5715432167053223,-0.06345237791538239
0.4218827486038208,0.7710339426994324,5.897477990401967e-07,0.46996814012527466,0.7291607856750488,-0.05048942193388939,0.49439936876296997,0.6397638916969299,-0.06835125386714935,0.4643525779247284,0.5585036873817444,-0.08286041766405106,0.42541179060935974,0.49111035466194153,-0.09449780732393265,0.5104414224624634,0.5121721029281616,-0.026427926495671272,0.5216134786605835,0.40319541096687317,-0.05014142394065857,0.5222856998443604,0.33287519216537476,-0.06757137924432755,0.5227857828140259,0.26963067054748535,-0.07887271791696548,0.46909213066101074,0.49833279848098755,-0.022442296147346497,0.4803231358528137,0.36996200680732727,-0.05067483335733414,0.48534470796585083,0.29206591844558716,-0.07113849371671677,0.49005135893821716,0.22560936212539673,-0.08147129416465759,0.42616137862205505,0.5112423300743103,-0.02472701296210289,0.4308416247367859,0.43206149339675903,-0.07475943863391876,0.4336702525615692,0.5102286338806152,-0.08545880764722824,0.43198704719543457,0.5676292777061462,-0.07744074612855911,0.3848435878753662,0.5395636558532715,-0.03050975129008293,0.39372503757476807,0.4655851125717163,-0.07033978402614594,0.4017029106616974,0.5202738642692566,-0.07011932879686356,0.4029829502105713,0.5712364912033081,-0.060546185821294785
0.4218079745769501,0.7723046541213989,5.8810599057324e-07,0.46982669830322266,0.7298387885093689,-0.05053691938519478,0.4931861460208893,0.6393242478370667,-0.0686146467924118,0.4623364806175232,0.5582030415534973,-0.08324182033538818,0.42474812269210815,0.4894813895225525,-0.09490851312875748,0.5103363990783691,0.5125064849853516,-0.026750026270747185,0.5217751264572144,0.40406450629234314,-0.05063093453645706,0.5226261615753174,0.3345218896865845,-0.06802909821271896,0.5231204032897949,0.27164939045906067,-0.07936513423919678,0.46864208579063416,0.49909690022468567,-0.022767426446080208,0.48042410612106323,0.37124162912368774,-0.051386985927820206,0.48546239733695984,0.29425546526908875,-0.07173698395490646,0.48988959193229675,0.2281256914138794,-0.08189641684293747,0.42530137300491333,0.5122072100639343,-0.02508547343313694,0.4300522208213806,0.4323643445968628,-0.0758083164691925,0.4330034554004669,0.5120218992233276,-0.08623028546571732,0.43123239278793335,0.5697430372238159,-0.07788249850273132,0.38402998447418213,0.5405681133270264,-0.030860574916005135,0.392545223236084,0.46779167652130127,-0.07151249051094055,0.4007655382156372,0.5232212543487549,-0.07149586081504822,0.40209490060806274,0.5733078122138977,-0.06193363666534424
0.4207135736942291,0.7736024260520935,5.86194744300883e-07,0.46950870752334595,0.7318937182426453,-0.051678068935871124,0.49369150400161743,0.642029881477356,-0.06957845389842987,0.46296969056129456,0.5609239339828491,-0.08356260508298874,0.4252786934375763,0.49297747015953064,-0.09445709735155106,0.51022869348526,0.514832615852356,-0.02784309722483158,0.520759105682373,0.40510156750679016,-0.05170836299657822,0.521192729473114,0.3345969021320343,-0.0689740851521492,0.5215415954589844,0.2712322175502777,-0.08009280264377594,0.46890729665756226,0.5007128715515137,-0.02305792085826397,0.4800678491592407,0.3716771602630615,-0.05145217105746269,0.48496198654174805,0.2940373122692108,-0.07149463146924973,0.48950523138046265,0.22796443104743958,-0.08126107603311539,0.4258252680301666,0.5134814381599426,-0.024662764742970467,0.4291386008262634,0.4332723915576935,-0.07541660964488983,0.4320921301841736,0.5132741928100586,-0.08598808199167252,0.4310262203216553,0.5711449980735779,-0.0775170847773552,0.3847276270389557,0.5418855547904968,-0.029809925705194473,0.39260873198509216,0.469302773475647,-0.07073911279439926,0.4003070294857025,0.525425136089325,-0.07097291201353073,0.4014379680156708,0.5758402347564697,-0.06139754876494408
0.420508474111557,0.7724779844284058,5.79267805278505e-07,0.4689643681049347,0.7322498559951782,-0.05109110847115517,0.49280452728271484,0.6439450979232788,-0.06975856423377991,0.46174851059913635,0.563662052154541,-0.08488423377275467,0.4240550100803375,0.4961009919643402,-0.09711925685405731,0.5091651082038879,0.5154078006744385,-0.02890930511057377,0.5205082893371582,0.40820667147636414,-0.053658634424209595,0.521013617515564,0.33860522508621216,-0.07152100652456284,0.5211762189865112,0.2759399712085724,-0.08319812268018723,0.4676189422607422,0.5006993412971497,-0.024875761941075325,0.4794584810733795,0.3733304738998413,-0.05429166555404663,0.4838431477546692,0.29575592279434204,-0.0751575231552124,0.48806509375572205,0.2290438413619995,-0.08572456240653992,0.42449668049812317,0.5133149027824402,-0.02704365737736225,0.4275209307670593,0.4338659644126892,-0.07820137590169907,0.43037861585617065,0.5128045082092285,-0.08913931995630264,0.4296489357948303,0.570840060710907,-0.08119429647922516,0.38358572125434875,0.5419864058494568,-0.03271294757723808,0.39046820998191833,0.47127580642700195,-0.07411675155162811,0.3987944722175598,0.5265788435935974,-0.07494965940713882,0.40109342336654663,0.5769075751304626,-0.06589920818805695
0.41664814949035645,0.7830606698989868,5.7122349517158e-07,0.4652792513370514,0.7399872541427612,-0.04761451855301857,0.48785001039505005,0.6503812074661255,-0.06472517549991608,0.45463788509368896,0.5707339644432068,-0.07921303063631058,0.4163121283054352,0.5058421492576599,-0.0909208282828331,0.5051447153091431,0.5219289064407349,-0.024963198229670525,0.5152735114097595,0.412036657333374,-0.04777645319700241,0.5151996612548828,0.3425421416759491,-0.0646086186170578,0.5152310729026794,0.27987679839134216,-0.07588082551956177,0.46261945366859436,0.5083381533622742,-0.02261093445122242,0.473518967628479,0.38002127408981323,-0.05059210956096649,0.4775561988353729,0.3012568950653076,-0.07098497450351715,0.4816336929798126,0.2344260811805725,-0.08129871636629105,0.41894179582595825,0.5227301120758057,-0.026104910299181938,0.4226178526878357,0.43912529945373535,-0.07537893950939178,0.4243990182876587,0.5197482705116272,-0.08407893031835556,0.4220190644264221,0.5784374475479126,-0.07477395236492157,0.37757691740989685,0.5541188716888428,-0.032975319772958755,0.38312214612960815,0.47906792163848877,-0.07294505089521408,0.3910612165927887,0.5356805920600891,-0.07172676175832748,0.392644464969635,0.587683916091919,-0.06111195310950279
0.41553381085395813,0.7812341451644897,5.71068710542022e-07,0.4636528193950653,0.7412456274032593,-0.0518428273499012,0.48842716217041016,0.6529388427734375,-0.07058625668287277,0.4566267728805542,0.5705761909484863,-0.08572808653116226,0.4191368520259857,0.5001220107078552,-0.09794314950704575,0.5050996541976929,0.523823618888855,-0.02785106934607029,0.5146530866622925,0.41425615549087524,-0.05246395617723465,0.5146049857139587,0.3437204360961914,-0.07045072317123413,0.5147559642791748,0.27970531582832336,-0.08215808123350143,0.463653564453125,0.5099679827690125,-0.02353239245712757,0.4743565618991852,0.38148701190948486,-0.0528804212808609,0.47808369994163513,0.3039470911026001,-0.07394737750291824,0.4816480875015259,0.2366689145565033,-0.08460118621587753,0.4207720160484314,0.5223867297172546,-0.025590382516384125,0.4235224723815918,0.44248923659324646,-0.07749210298061371,0.4260979890823364,0.5235491394996643,-0.08834341913461685,0.4249623417854309,0.5818740129470825,-0.08004827052354813,0.37941625714302063,0.5507726669311523,-0.031163128092885017,0.38773632049560547,0.4761978089809418,-0.07278379052877426,0.39473962783813477,0.5337712168693542,-0.07279409468173981,0.39556288719177246,0.5856969356536865,-0.06311317533254623
0.415670782327652,0.7822961211204529,5.719114710700524e-07,0.46595433354377747,0.7423245906829834,-0.049154043197631836,0.4896894693374634,0.655699610710144,-0.06767968833446503,0.4560374915599823,0.5753312706947327,-0.08329755812883377,0.41775915026664734,0.5079057216644287,-0.09609344601631165,0.5063835978507996,0.5271241068840027,-0.027798769995570183,0.5158078670501709,0.41669055819511414,-0.05340585857629776,0.5148126482963562,0.345018595457077,-0.07157398015260696,0.5135867595672607,0.2808959186077118,-0.08334407955408096,0.46442028880119324,0.513058066368103,-0.025315267965197563,0.4761051535606384,0.3836737275123596,-0.05617659538984299,0.47981950640678406,0.30454060435295105,-0.07763177156448364,0.48362404108047485,0.23559784889221191,-0.08820905536413193,0.4208963215351105,0.52599036693573,-0.028856955468654633,0.4239020049571991,0.44414010643959045,-0.0816798061132431,0.42655476927757263,0.5255658030509949,-0.09168075770139694,0.4259186387062073,0.5843386650085449,-0.08243708312511444,0.37910035252571106,0.556209146976471,-0.03570249304175377,0.3868776857852936,0.48385384678840637,-0.0782780572772026,0.39545848965644836,0.5414646863937378,-0.07811485230922699,0.39788082242012024,0.5931059122085571,-0.06781812757253647
0.41662561893463135,0.7852776050567627,5.919513910157548e-07,0.46646660566329956,0.7461528182029724,-0.05196884647011757,0.49039825797080994,0.6583476066589355,-0.07120689004659653,0.4571181833744049,0.5772505402565002,-0.08667069673538208,0.4190644919872284,0.5079963803291321,-0.09898557513952255,0.5068366527557373,0.5284613966941833,-0.02990615740418434,0.5169517993927002,0.4189130961894989,-0.05561456084251404,0.516264796257019,0.3478277921676636,-0.07364452630281448,0.5151246786117554,0.2843363583087921,-0.08514914661645889,0.4646114110946655,0.5142309069633484,-0.026016635820269585,0.47646281123161316,0.3842920958995819,-0.05663241073489189,0.4807126820087433,0.3052278161048889,-0.07753434777259827,0.48486006259918213,0.2366788387298584,-0.08750148117542267,0.4208841621875763,0.527240514755249,-0.028491675853729248,0.42499446868896484,0.4485774338245392,-0.081324502825737,0.4278686046600342,0.5300153493881226,-0.09138715267181396,0.42700502276420593,0.586859405040741,-0.08205503970384598,0.3791124224662781,0.5567923784255981,-0.03448943793773651,0.38750284910202026,0.48607927560806274,-0.07677901536226273,0.3958219289779663,0.5437923073768616,-0.07646304368972778,0.39775487780570984,0.5937340259552002,-0.06610111892223358
0.41724100708961487,0.7867347002029419,5.733205625801929e-07,0.46702224016189575,0.7470765709877014,-0.049625881016254425,0.4912187159061432,0.6604142189025879,-0.06828660517930984,0.45897597074508667,0.5796555876731873,-0.08396252989768982,0.42157626152038574,0.5106196999549866,-0.096732959151268,0.5072289705276489,0.529214084148407,-0.02788565121591091,0.5171785950660706,0.4200577735900879,-0.05366002768278122,0.5166467428207397,0.3492997884750366,-0.07194186002016068,0.5158909559249878,0.2857501208782196,-0.08373720198869705,0.4652276039123535,0.5156112313270569,-0.025476327165961266,0.476889967918396,0.3866505026817322,-0.05619262158870697,0.4813392162322998,0.30809080600738525,-0.07739745825529099,0.48578590154647827,0.23984619975090027,-0.08783912658691406,0.42145565152168274,0.5294053554534912,-0.029231395572423935,0.42575860023498535,0.44957032799720764,-0.08184462040662766,0.4292091131210327,0.5321674346923828,-0.09128569811582565,0.42867016792297363,0.590376615524292,-0.0818084105849266,0.37948113679885864,0.5605681538581848,-0.03639568015933037,0.38891878724098206,0.48874926567077637,-0.0783751979470253,0.3974156975746155,0.5471397638320923,-0.07750095427036285,0.39895740151405334,0.5979419946670532,-0.06692282855510712
0.4181196093559265,0.7883741855621338,5.868167818334769e-07,0.4674246907234192,0.7489334344863892,-0.05023898929357529,0.491670697927475,0.6621357798576355,-0.06922852247953415,0.4591257870197296,0.5816763043403625,-0.08496362715959549,0.42074182629585266,0.5140555500984192,-0.0978141725063324,0.5066108107566833,0.5297108292579651,-0.028948064893484116,0.5171758532524109,0.4209809899330139,-0.05400175228714943,0.5168324708938599,0.34984534978866577,-0.0719742476940155,0.5158699154853821,0.286171019077301,-0.08367321640253067,0.4646068811416626,0.5158355236053467,-0.025933608412742615,0.4766508936882019,0.3864872455596924,-0.05573730915784836,0.48160499334335327,0.30731117725372314,-0.07661879807710648,0.4860799312591553,0.23922938108444214,-0.08700571954250336,0.4212998151779175,0.5297979116439819,-0.028982730582356453,0.4260212779045105,0.44988754391670227,-0.08040269464254379,0.42879119515419006,0.5303407907485962,-0.0900401696562767,0.42715874314308167,0.5882354974746704,-0.08094332367181778,0.3800538182258606,0.5609613656997681,-0.03546713665127754,0.38854682445526123,0.4878048598766327,-0.07642298936843872,0.3968842029571533,0.5443563461303711,-0.0756048634648323,0.3983951807022095,0.5951851010322571,-0.06524818390607834
0.41938167810440063,0.7898295521736145,5.91192133470031e-07,0.4683643579483032,0.7496436834335327,-0.04997439309954643,0.49200889468193054,0.6621154546737671,-0.0689457431435585,0.45930078625679016,0.5834294557571411,-0.0847545638680458,0.42059963941574097,0.5165601372718811,-0.09771734476089478,0.5068577527999878,0.5313193798065186,-0.02927508018910885,0.5175514817237854,0.4225699007511139,-0.05462231859564781,0.5174493789672852,0.352178692817688,-0.0728784054517746,0.5172010660171509,0.28854888677597046,-0.0848175436258316,0.4648030996322632,0.5177940130233765,-0.026715252548456192,0.47631993889808655,0.38778233528137207,-0.05654479190707207,0.48109984397888184,0.30910801887512207,-0.07745636254549026,0.4856012761592865,0.24041008949279785,-0.08804522454738617,0.4212648868560791,0.5314036011695862,-0.03023216687142849,0.42650485038757324,0.4497606158256531,-0.08187343925237656,0.4301697015762329,0.5313637256622314,-0.09140302240848541,0.4289640784263611,0.5892412662506104,-0.08237757533788681,0.3797825276851654,0.5620102286338806,-0.037217289209365845,0.3890068829059601,0.4887390434741974,-0.07835433632135391,0.39802756905555725,0.5457159876823425,-0.07750308513641357,0.39955559372901917,0.5964171290397644,-0.06725731492042542
0.42068541049957275,0.7920569777488708,6.040096991455357e-07,0.46975186467170715,0.7515535354614258,-0.05207100138068199,0.4924682378768921,0.6631976366043091,-0.07161011546850204,0.45946815609931946,0.5841445922851562,-0.08754392713308334,0.4205584228038788,0.5165904760360718,-0.10052447021007538,0.5070953369140625,0.5308701992034912,-0.030496159568428993,0.5175074338912964,0.422220379114151,-0.055939264595508575,0.5176223516464233,0.35151904821395874,-0.07435131072998047,0.5175102949142456,0.2879629135131836,-0.08631694316864014,0.46468475461006165,0.5173169374465942,-0.02671099454164505,0.4753803312778473,0.3881513178348541,-0.05661368742585182,0.48021477460861206,0.3092961013317108,-0.07779867202043533,0.4848141074180603,0.24140387773513794,-0.0885223001241684,0.4210301339626312,0.5311443209648132,-0.029239412397146225,0.42583832144737244,0.4516235888004303,-0.0807526484131813,0.4292965233325958,0.5317035913467407,-0.09136854857206345,0.4279662072658539,0.5895324349403381,-0.0830676257610321,0.37973037362098694,0.5617170333862305,-0.03538975119590759,0.38815608620643616,0.48883745074272156,-0.07617473602294922,0.39730551838874817,0.5442935824394226,-0.07610070705413818,0.3993452787399292,0.5945910215377808,-0.06650374084711075
0.42117324471473694,0.7933490872383118,6.037570301486994e-07,0.47004249691963196,0.7514853477478027,-0.04937392473220825,0.4937736392021179,0.6629570126533508,-0.06785523146390915,0.46108537912368774,0.5834876298904419,-0.08336269110441208,0.4207901656627655,0.5179378986358643,-0.09599430114030838,0.5064041018486023,0.5313350558280945,-0.027827294543385506,0.5170523524284363,0.4221855700016022,-0.052901092916727066,0.5176720023155212,0.351195365190506,-0.0710240975022316,0.5176842212677002,0.28708821535110474,-0.08279278129339218,0.4643414616584778,0.5181252956390381,-0.025203948840498924,0.47499677538871765,0.38877665996551514,-0.05478248745203018,0.4801740050315857,0.31016337871551514,-0.07534448802471161,0.4847768247127533,0.24279409646987915,-0.0856194719672203,0.4208680987358093,0.5323855876922607,-0.028649944812059402,0.4265865683555603,0.4521302580833435,-0.07941105961799622,0.43065759539604187,0.5318147540092468,-0.08868780732154846,0.4293394386768341,0.5898582935333252,-0.07957999408245087,0.3793070912361145,0.5631877779960632,-0.03557443618774414,0.38959404826164246,0.4908405542373657,-0.07561957091093063,0.39854151010513306,0.5460778474807739,-0.0745171383023262,0.3996075689792633,0.5964491367340088,-0.06416863203048706
0.4216352701187134,0.7945289015769958,6.012213589201565e-07,0.47102493047714233,0.7528152465820312,-0.04958498850464821,0.49667707085609436,0.6635565757751465,-0.06813322752714157,0.463677316904068,0.5824178457260132,-0.08365407586097717,0.42248085141181946,0.5172917246818542,-0.0962662324309349,0.5098423957824707,0.5331305265426636,-0.027602778747677803,0.5200870633125305,0.4236382842063904,-0.05290547013282776,0.5199598670005798,0.352817177772522,-0.07119906693696976,0.5195692181587219,0.28864774107933044,-0.08303749561309814,0.46745672821998596,0.5198293924331665,-0.02494925819337368,0.47787731885910034,0.3896014094352722,-0.0550517700612545,0.48272258043289185,0.31055542826652527,-0.07600823789834976,0.4872645139694214,0.24158668518066406,-0.08640820533037186,0.42356327176094055,0.5334796905517578,-0.028341908007860184,0.42992690205574036,0.45329904556274414,-0.07976971566677094,0.43442898988723755,0.5347251296043396,-0.08874832838773727,0.4333879053592682,0.5927411317825317,-0.07917140424251556,0.3811908960342407,0.5634831190109253,-0.03521169349551201,0.3919573724269867,0.4907476305961609,-0.07562955468893051,0.40118297934532166,0.5471704602241516,-0.07398424297571182,0.4024689495563507,0.5976666808128357,-0.06307551264762878
0.42149966955184937,0.794330358505249,5.970870233795722e-07,0.47151169180870056,0.7534890174865723,-0.050165191292762756,0.4958227276802063,0.6648716926574707,-0.06906300038099289,0.464998722076416,0.5841014981269836,-0.08480042219161987,0.42527225613594055,0.5181971788406372,-0.09771829843521118,0.5092343091964722,0.5338237285614014,-0.02990497648715973,0.521064043045044,0.42462509870529175,-0.0556766502559185,0.5215593576431274,0.3538627028465271,-0.07408260554075241,0.5212289690971375,0.2896224558353424,-0.08601793646812439,0.4667312204837799,0.51970374584198,-0.027037139981985092,0.47867730259895325,0.39067935943603516,-0.057354625314474106,0.4838571548461914,0.31148427724838257,-0.0782884731888771,0.4880880117416382,0.24236828088760376,-0.08881459385156631,0.4227272570133209,0.5334057807922363,-0.030177533626556396,0.4280060827732086,0.45316898822784424,-0.08188589662313461,0.43241003155708313,0.5344564318656921,-0.09126514941453934,0.4313870966434479,0.5929662585258484,-0.082028828561306,0.38095414638519287,0.5646463632583618,-0.036795731633901596,0.39077046513557434,0.49106618762016296,-0.07784618437290192,0.4001217186450958,0.54764324426651,-0.07676059752702713,0.4014303684234619,0.5992507934570312,-0.066227026283741
0.42184194922447205,0.7957589626312256,6.130435394879896e-07,0.47204968333244324,0.7552074790000916,-0.0498758964240551,0.4962770342826843,0.6669142246246338,-0.06896163523197174,0.4641270041465759,0.5875601768493652,-0.08506941050291061,0.4246234595775604,0.5211145877838135,-0.09833142161369324,0.5092688202857971,0.5344998836517334,-0.02936064638197422,0.5206526517868042,0.4253248870372772,-0.05542191118001938,0.5212953090667725,0.3542097210884094,-0.07401617616415024,0.5212597250938416,0.29015815258026123,-0.08591774106025696,0.4663557708263397,0.5209739208221436,-0.02693265862762928,0.4780440330505371,0.3905741274356842,-0.057762376964092255,0.48331645131111145,0.3105089068412781,-0.07897704839706421,0.4877597391605377,0.24127286672592163,-0.08943783491849899,0.4222036898136139,0.5348125696182251,-0.030574599280953407,0.42806440591812134,0.45462656021118164,-0.08264371007680893,0.4324893057346344,0.5348690152168274,-0.09231582283973694,0.43140923976898193,0.5931796431541443,-0.08308777213096619,0.3801487982273102,0.5655190348625183,-0.037693221122026443,0.39011797308921814,0.4918116331100464,-0.07877153903245926,0.3995048701763153,0.5477793216705322,-0.07776356488466263,0.40099474787712097,0.5992670655250549,-0.0671880915760994
0.42188015580177307,0.795613169670105,6.056092729522788e-07,0.4707378149032593,0.7548460960388184,-0.051069702953100204,0.49531805515289307,0.665841817855835,-0.07008476555347443,0.4650874137878418,0.5857382416725159,-0.08566860854625702,0.42473140358924866,0.5199128985404968,-0.09841768443584442,0.508286714553833,0.5341439247131348,-0.030463479459285736,0.5195350050926208,0.4254551827907562,-0.05663367733359337,0.5198358297348022,0.3544117212295532,-0.07524176687002182,0.5197008848190308,0.29017648100852966,-0.08720004558563232,0.4659254550933838,0.5198315382003784,-0.027244558557868004,0.47723516821861267,0.38969701528549194,-0.057951170951128006,0.4825710654258728,0.310016930103302,-0.07903534173965454,0.48742446303367615,0.24074238538742065,-0.08944731950759888,0.4220641255378723,0.5335599780082703,-0.030158566311001778,0.4265211820602417,0.45363396406173706,-0.0821748897433281,0.43117672204971313,0.5350735783576965,-0.09180723875761032,0.4309100806713104,0.5934600234031677,-0.08258406817913055,0.38048726320266724,0.5644168853759766,-0.03663984686136246,0.38911181688308716,0.4919261634349823,-0.07751549035310745,0.3983731269836426,0.5478959083557129,-0.07659807056188583,0.40003639459609985,0.5981335639953613,-0.06622029095888138
0.42058080434799194,0.7969824075698853,6.116879376349971e-07,0.47065848112106323,0.7557716369628906,-0.05079227313399315,0.4952680766582489,0.6666396856307983,-0.06969981640577316,0.4631226360797882,0.5868188142776489,-0.08532772958278656,0.4233984649181366,0.5188001990318298,-0.09802927821874619,0.5077247023582458,0.5343007445335388,-0.028986994177103043,0.5191144943237305,0.42488914728164673,-0.05447471886873245,0.5194833278656006,0.3539265990257263,-0.07282711565494537,0.5196606516838074,0.2898220121860504,-0.08469752222299576,0.46485665440559387,0.52077716588974,-0.02582341432571411,0.4761654734611511,0.39040911197662354,-0.05586697533726692,0.48156630992889404,0.311442494392395,-0.07682094722986221,0.4865044057369232,0.24319276213645935,-0.08727230131626129,0.42074525356292725,0.5346757769584656,-0.02887740358710289,0.4265851676464081,0.4541631042957306,-0.0806322991847992,0.43108710646629333,0.5355569124221802,-0.09048397094011307,0.42999058961868286,0.5939182639122009,-0.08155836164951324,0.37910208106040955,0.5653647184371948,-0.03546736761927605,0.3891294002532959,0.492421418428421,-0.07661228626966476,0.39861351251602173,0.549211323261261,-0.07597799599170685,0.4000547528266907,0.6003186106681824,-0.06580252945423126
0.4196510314941406,0.7968236804008484,6.103866212470166e-07,0.4688709080219269,0.7579249739646912,-0.05075506865978241,0.49389782547950745,0.6705124974250793,-0.07026119530200958,0.4627654254436493,0.5917519330978394,-0.08646316081285477,0.42320752143859863,0.5262575745582581,-0.0998191386461258,0.5069628357887268,0.534751832485199,-0.03100769594311714,0.5181434154510498,0.426252543926239,-0.05725335702300072,0.5191445350646973,0.3555067181587219,-0.07595983147621155,0.5195302963256836,0.2914150059223175,-0.08795040845870972,0.4644126296043396,0.5203023552894592,-0.028093092143535614,0.47568079829216003,0.39015012979507446,-0.05857905372977257,0.4809499680995941,0.31081461906433105,-0.07929708063602448,0.4854741096496582,0.24220043420791626,-0.0894564837217331,0.4203154742717743,0.5341573357582092,-0.031243201345205307,0.426168292760849,0.4538481533527374,-0.08299359679222107,0.43054479360580444,0.5360684394836426,-0.09229250252246857,0.4295409321784973,0.5951430201530457,-0.08295124769210815,0.3782344460487366,0.5653037428855896,-0.037942517548799515,0.38838788866996765,0.4936816990375519,-0.07871261984109879,0.39729034900665283,0.5502078533172607,-0.07761774957180023,0.3982037305831909,0.6002184748649597,-0.06709146499633789
0.4191189706325531,0.7988523840904236,6.167007882140751e-07,0.46971002221107483,0.7588016986846924,-0.04991544038057327,0.49465009570121765,0.6720589399337769,-0.06904575228691101,0.46169090270996094,0.5947787761688232,-0.08526137471199036,0.42182499170303345,0.5296967029571533,-0.09860799461603165,0.5069975852966309,0.5356814861297607,-0.029307808727025986,0.5182915925979614,0.4266605079174042,-0.054764214903116226,0.5191691517829895,0.355690598487854,-0.07304944843053818,0.5196070671081543,0.29189532995224,-0.08491751551628113,0.46397265791893005,0.5218871831893921,-0.027113115414977074,0.4752337634563446,0.39223092794418335,-0.05716966837644577,0.4805290997028351,0.31268858909606934,-0.07798980176448822,0.4853033423423767,0.2448488473892212,-0.08833373337984085,0.41956204175949097,0.5363826751708984,-0.03101729042828083,0.4257727265357971,0.4562623202800751,-0.08257385343313217,0.4298708438873291,0.5389720797538757,-0.09171353280544281,0.4285999536514282,0.598381757736206,-0.08227001875638962,0.37745213508605957,0.5681616067886353,-0.03846356272697449,0.387033075094223,0.4956430196762085,-0.07915174961090088,0.39616674184799194,0.5521114468574524,-0.07794979959726334,0.39741453528404236,0.6024529933929443,-0.06736763566732407
0.419463574886322,0.8012968301773071,6.035441515450657e-07,0.4687770903110504,0.7618626356124878,-0.05016146972775459,0.49260085821151733,0.6735552549362183,-0.06936556845903397,0.4604809284210205,0.5936588644981384,-0.08546232432126999,0.4214797019958496,0.5264520049095154,-0.09859798848628998,0.5073237419128418,0.5382270216941833,-0.02978469431400299,0.5187957882881165,0.4295996427536011,-0.05615566670894623,0.5194999575614929,0.35887524485588074,-0.07489967346191406,0.5196291208267212,0.29472455382347107,-0.08703803271055222,0.4643944501876831,0.5238698124885559,-0.027469130232930183,0.47603151202201843,0.39424753189086914,-0.05875305458903313,0.48083117604255676,0.314712256193161,-0.07993999123573303,0.485287606716156,0.24489718675613403,-0.09035264700651169,0.4196034371852875,0.537876546382904,-0.031233280897140503,0.42641693353652954,0.45795759558677673,-0.08389537036418915,0.43066540360450745,0.5418672561645508,-0.09249214828014374,0.42957261204719543,0.6005631685256958,-0.08247077465057373,0.37710583209991455,0.5695690512657166,-0.038524080067873,0.38826876878738403,0.4976482093334198,-0.08006104081869125,0.39734935760498047,0.5559741854667664,-0.07842043042182922,0.3982754051685333,0.606358528137207,-0.06734390556812286
0.41972869634628296,0.8012853860855103,5.994452294544317e-07,0.46974894404411316,0.7603853344917297,-0.049216050654649734,0.4946400225162506,0.6725927591323853,-0.06800751388072968,0.4628286361694336,0.5928148031234741,-0.08403189480304718,0.4239746034145355,0.5255197286605835,-0.09710860252380371,0.5073508620262146,0.5391284823417664,-0.02800946682691574,0.518637478351593,0.4304376244544983,-0.05393398553133011,0.5193015336990356,0.3595031797885895,-0.07236383110284805,0.5194849371910095,0.2955734431743622,-0.08421850204467773,0.464388370513916,0.5254753232002258,-0.025823744013905525,0.4758247435092926,0.39610418677330017,-0.05674222111701965,0.4809326231479645,0.316955029964447,-0.07753127068281174,0.48553669452667236,0.24840113520622253,-0.08768882602453232,0.41965657472610474,0.5394393801689148,-0.029728440567851067,0.42636868357658386,0.459492951631546,-0.08202548325061798,0.43137693405151367,0.5432770252227783,-0.09039624035358429,0.43064361810684204,0.6031333208084106,-0.08025307953357697,0.3771192729473114,0.5704584717750549,-0.037116438150405884,0.38816285133361816,0.4992535412311554,-0.07832508534193039,0.3976401686668396,0.5563249588012695,-0.07680894434452057,0.39866533875465393,0.6063684821128845,-0.0658835843205452
0.4185357689857483,0.8019368052482605,6.070749805076048e-07,0.4689902365207672,0.7617276906967163,-0.051122747361660004,0.49478572607040405,0.6734941601753235,-0.07000194489955902,0.463617742061615,0.593233585357666,-0.08541814237833023,0.4231269061565399,0.526674211025238,-0.09806675463914871,0.5069265961647034,0.5398422479629517,-0.030567210167646408,0.5186932682991028,0.4313221275806427,-0.05657148361206055,0.5193923115730286,0.3601350784301758,-0.07507359236478806,0.5193440318107605,0.29569011926651,-0.0869000032544136,0.46410179138183594,0.5252075791358948,-0.02744501829147339,0.4765917658805847,0.3949476480484009,-0.05768759548664093,0.48144394159317017,0.31463682651519775,-0.07842592895030975,0.48529475927352905,0.24529767036437988,-0.088556669652462,0.4198026657104492,0.5389448404312134,-0.0304913017898798,0.4249471426010132,0.45949092507362366,-0.08272603899240494,0.42924222350120544,0.5411946177482605,-0.09259704500436783,0.4282815456390381,0.5998369455337524,-0.08335529267787933,0.3775394856929779,0.570451021194458,-0.03704850375652313,0.38750725984573364,0.49689143896102905,-0.07842954993247986,0.3967670798301697,0.5536648035049438,-0.0775245651602745,0.3978710472583771,0.6050465106964111,-0.0669681653380394
0.4187130630016327,0.7986583709716797,5.987699296383653e-07,0.4678632616996765,0.7566238641738892,-0.04969559237360954,0.4923419952392578,0.6659983992576599,-0.06784461438655853,0.4616699516773224,0.5852699875831604,-0.08273789286613464,0.4205082058906555,0.5202187895774841,-0.09480898827314377,0.505980908870697,0.5372599363327026,-0.028784306719899178,0.5167853236198425,0.42771756649017334,-0.053925588726997375,0.5170434713363647,0.3562498092651367,-0.07193292677402496,0.5171322226524353,0.2914697229862213,-0.0836968794465065,0.46332523226737976,0.5229917168617249,-0.026018040254712105,0.4738500118255615,0.3918393552303314,-0.05560852214694023,0.4789409041404724,0.3121492862701416,-0.07632823288440704,0.4837651252746582,0.24266883730888367,-0.08679791539907455,0.41913214325904846,0.5367251038551331,-0.029201015830039978,0.4236660897731781,0.45603859424591064,-0.08005575090646744,0.428295761346817,0.5373655557632446,-0.0893540307879448,0.42735961079597473,0.5953012108802795,-0.08029184490442276,0.3769570291042328,0.5676438808441162,-0.03583556041121483,0.386300653219223,0.49409106373786926,-0.07563338428735733,0.3953687250614166,0.5503977537155151,-0.07408290356397629,0.39615267515182495,0.6006903648376465,-0.06359925866127014
0.4175608456134796,0.7964050769805908,6.157659981909092e-07,0.46695372462272644,0.7562603950500488,-0.05100741609930992,0.49294376373291016,0.6676760911941528,-0.07031391561031342,0.46111810207366943,0.5858135223388672,-0.08632245659828186,0.41984060406684875,0.5200932025909424,-0.09932110458612442,0.5071583986282349,0.5364784598350525,-0.029886575415730476,0.5181208252906799,0.42537230253219604,-0.05617818608880043,0.5183824300765991,0.35256874561309814,-0.07477232813835144,0.5180930495262146,0.28735020756721497,-0.08660027384757996,0.4639193117618561,0.5221173167228699,-0.026801498606801033,0.4746161699295044,0.39014798402786255,-0.05805518850684166,0.479125440120697,0.30896323919296265,-0.07939708232879639,0.4832327365875244,0.23900866508483887,-0.08965546637773514,0.4193093776702881,0.5355151295661926,-0.029777826741337776,0.42303210496902466,0.45754289627075195,-0.08209984749555588,0.4278351366519928,0.5394301414489746,-0.0910189300775528,0.4276161789894104,0.5982719659805298,-0.08095210045576096,0.37694722414016724,0.5652740001678467,-0.0363566130399704,0.38659143447875977,0.49346840381622314,-0.07686536014080048,0.39534130692481995,0.5499167442321777,-0.07487822324037552,0.3963126242160797,0.5999957919120789,-0.06356926262378693
0.4191615581512451,0.7950555682182312,6.093088700254157e-07,0.46912330389022827,0.754703938961029,-0.05003013834357262,0.49456700682640076,0.6662100553512573,-0.06881455332040787,0.46318286657333374,0.5846384763717651,-0.08451735228300095,0.42320337891578674,0.5188713073730469,-0.09720170497894287,0.5083287954330444,0.5344265103340149,-0.028613029047846794,0.5191709399223328,0.4252700209617615,-0.054486557841300964,0.5201622247695923,0.35338258743286133,-0.07273806631565094,0.5205017328262329,0.2891762852668762,-0.08450386673212051,0.4652162790298462,0.5197231769561768,-0.026107201352715492,0.4758758246898651,0.3886027932167053,-0.05725618824362755,0.47952327132225037,0.3076031804084778,-0.07834763824939728,0.48288780450820923,0.23835846781730652,-0.0884803980588913,0.42045071721076965,0.533883810043335,-0.02966608852148056,0.4236631691455841,0.4551427960395813,-0.08210649341344833,0.42835769057273865,0.5375971794128418,-0.09091422706842422,0.4286423921585083,0.5965633988380432,-0.08077453821897507,0.37776848673820496,0.5651769638061523,-0.03675611689686775,0.38697588443756104,0.49418357014656067,-0.07777317613363266,0.3961961269378662,0.5509483814239502,-0.07627229392528534,0.39801084995269775,0.6006029844284058,-0.06527071446180344
0.4202277362346649,0.7940102219581604,6.080343268877186e-07,0.47058114409446716,0.7534261345863342,-0.04962344095110893,0.4961491823196411,0.6656011343002319,-0.06843447685241699,0.46477723121643066,0.5835285186767578,-0.08433566242456436,0.42427682876586914,0.5184440016746521,-0.0972808375954628,0.5107736587524414,0.534672200679779,-0.028880510479211807,0.5217399597167969,0.4240478277206421,-0.05499420315027237,0.5225331783294678,0.35160624980926514,-0.07347075641155243,0.523202657699585,0.286465585231781,-0.08526622503995895,0.4672917425632477,0.5202693939208984,-0.02667454443871975,0.47721782326698303,0.3889634907245636,-0.05784570425748825,0.4814203977584839,0.30787211656570435,-0.07912435382604599,0.48559170961380005,0.23836693167686462,-0.0894424244761467,0.4221417307853699,0.5339655876159668,-0.030427725985646248,0.42623835802078247,0.4566000998020172,-0.08266373723745346,0.43099817633628845,0.5395935773849487,-0.09127163141965866,0.43076732754707336,0.5992060303688049,-0.08103117346763611,0.3792110085487366,0.5644505620002747,-0.03770049661397934,0.38915055990219116,0.49213722348213196,-0.07772117108106613,0.39799878001213074,0.548561692237854,-0.0752139762043953,0.39913278818130493,0.5987809896469116,-0.06366865336894989
0.4215135872364044,0.7948541641235352,6.0741751894966e-07,0.47161248326301575,0.7546258568763733,-0.049528416246175766,0.4972437620162964,0.6667253971099854,-0.06825928390026093,0.4657421410083771,0.5858703851699829,-0.08402460813522339,0.42512011528015137,0.5230727791786194,-0.09674583375453949,0.5113485455513,0.5341201424598694,-0.028684763237833977,0.5227037072181702,0.4236748516559601,-0.05389305576682091,0.5237693786621094,0.35195812582969666,-0.071806900203228,0.523935854434967,0.2875184416770935,-0.0834399163722992,0.4681254029273987,0.5196361541748047,-0.026408372446894646,0.478752076625824,0.3886968493461609,-0.05685795843601227,0.4824066162109375,0.3079289197921753,-0.07782517373561859,0.48528164625167847,0.23874804377555847,-0.08805661648511887,0.42364153265953064,0.533785879611969,-0.030042525380849838,0.42651036381721497,0.4551575779914856,-0.08156493306159973,0.4314778745174408,0.5363590121269226,-0.09050405770540237,0.43170166015625,0.5955013036727905,-0.08064727485179901,0.3813765048980713,0.564872145652771,-0.03720922768115997,0.38968393206596375,0.4926762580871582,-0.07757893204689026,0.399130642414093,0.5487407445907593,-0.07601436972618103,0.40144598484039307,0.599723219871521,-0.06504165381193161
0.42158329486846924,0.7963835000991821,6.021031708769442e-07,0.47189319133758545,0.7545526623725891,-0.04854379594326019,0.49731191992759705,0.6657854914665222,-0.06675182282924652,0.4659194350242615,0.5852217674255371,-0.0822509378194809,0.4246729016304016,0.5236573219299316,-0.09478685259819031,0.5110240578651428,0.5343019366264343,-0.027419812977313995,0.5223128795623779,0.42371928691864014,-0.052047912031412125,0.5236262083053589,0.35211774706840515,-0.06988126784563065,0.5242499113082886,0.28746435046195984,-0.08169540762901306,0.46782270073890686,0.5198705196380615,-0.025602146983146667,0.4778749942779541,0.38939857482910156,-0.05536872148513794,0.48183873295783997,0.308523952960968,-0.07636751979589462,0.48528575897216797,0.23885202407836914,-0.08698184788227081,0.4232974648475647,0.5339686870574951,-0.029602522030472755,0.42721760272979736,0.4542011618614197,-0.08041124045848846,0.43241286277770996,0.5349090099334717,-0.0892624780535698,0.4321524500846863,0.5936577916145325,-0.07970066368579865,0.38100337982177734,0.5653551816940308,-0.037106726318597794,0.3900943994522095,0.49260303378105164,-0.07728265970945358,0.4000616669654846,0.5489393472671509,-0.07576220482587814,0.4020872116088867,0.6006714105606079,-0.0649518221616745
0.4232165813446045,0.7943195104598999,6.105427132752084e-07,0.47380468249320984,0.7543314099311829,-0.05045505240559578,0.5012281537055969,0.6672680974006653,-0.06935594230890274,0.47090548276901245,0.586638331413269,-0.08521223068237305,0.43010979890823364,0.5216346383094788,-0.09791941940784454,0.5132831335067749,0.5358991622924805,-0.028063660487532616,0.5241764783859253,0.42518436908721924,-0.05329255387187004,0.524465799331665,0.3535608649253845,-0.07114659249782562,0.5247057676315308,0.2890113890171051,-0.08278363943099976,0.47015517950057983,0.5219983458518982,-0.025352679193019867,0.47995319962501526,0.3912009298801422,-0.05612901970744133,0.4840964674949646,0.3107808828353882,-0.07732833176851273,0.4883466064929962,0.24173098802566528,-0.08780591934919357,0.4254022538661957,0.5356022715568542,-0.028788045048713684,0.4298900067806244,0.458038866519928,-0.08142337948083878,0.4349401891231537,0.5424753427505493,-0.09030552953481674,0.4352400600910187,0.6017594933509827,-0.08031393587589264,0.3831389248371124,0.56528240442276,-0.03580237552523613,0.39313071966171265,0.49620163440704346,-0.07701367884874344,0.4018494486808777,0.5544823408126831,-0.0756833627820015,0.4029356837272644,0.6042638421058655,-0.06499073654413223
0.42467960715293884,0.7984081506729126,5.961338729321142e-07,0.47490862011909485,0.7570595145225525,-0.04772172495722771,0.5007549524307251,0.6685385704040527,-0.06565441936254501,0.4705694019794464,0.5872239470481873,-0.0810486227273941,0.4289114475250244,0.5247565507888794,-0.09345842897891998,0.5137501955032349,0.5365584492683411,-0.027016622945666313,0.5232653021812439,0.42510491609573364,-0.05165312439203262,0.5228056311607361,0.35300272703170776,-0.06918739527463913,0.522010862827301,0.28822463750839233,-0.08067795634269714,0.47027719020843506,0.5223503708839417,-0.025519952178001404,0.47981196641921997,0.39219528436660767,-0.05573286488652229,0.48397567868232727,0.3101806044578552,-0.0767979770898819,0.48793813586235046,0.24064093828201294,-0.08728047460317612,0.4252752661705017,0.5367331504821777,-0.029698949307203293,0.4307393729686737,0.4573032259941101,-0.08048344403505325,0.43521255254745483,0.5400858521461487,-0.08835822343826294,0.434091717004776,0.5999029278755188,-0.07798152416944504,0.3828296959400177,0.5687685012817383,-0.03730546683073044,0.39234548807144165,0.4970686733722687,-0.07706727087497711,0.4017343521118164,0.5540110468864441,-0.07468286156654358,0.40293702483177185,0.6054077744483948,-0.0631709024310112
0.4251079559326172,0.7969174981117249,5.981702884128026e-07,0.47561168670654297,0.756446897983551,-0.048624005168676376,0.5017883777618408,0.667455792427063,-0.0670933648943901,0.4713505506515503,0.5860249996185303,-0.08272407948970795,0.42915022373199463,0.5235686898231506,-0.09536251425743103,0.5131590366363525,0.5374293923377991,-0.028738368302583694,0.5240586400032043,0.42804625630378723,-0.05439228191971779,0.5242250561714172,0.3573577105998993,-0.07233255356550217,0.5238509178161621,0.2931092083454132,-0.08396396040916443,0.46989598870277405,0.5225000381469727,-0.026996580883860588,0.48003652691841125,0.39227116107940674,-0.057887278497219086,0.4845008850097656,0.3115878701210022,-0.07867123931646347,0.4879533350467682,0.2414538860321045,-0.08889860659837723,0.4250977039337158,0.5360630750656128,-0.031044818460941315,0.43042585253715515,0.45868632197380066,-0.08292492479085922,0.43687161803245544,0.5417667031288147,-0.09087514132261276,0.4366878271102905,0.6006217002868652,-0.0804724395275116,0.3823093771934509,0.567181408405304,-0.038554634898900986,0.3940848708152771,0.49601638317108154,-0.07891845703125,0.4038117229938507,0.5530185699462891,-0.0764593780040741,0.40410876274108887,0.6036290526390076,-0.0650235265493393
0.4268992841243744,0.7958889007568359,6.017877467456856e-07,0.47634509205818176,0.7557412385940552,-0.04771577566862106,0.5025752782821655,0.6683058142662048,-0.06635447591543198,0.47269922494888306,0.587708055973053,-0.0824493020772934,0.43019169569015503,0.5267634391784668,-0.09576770663261414,0.5139095187187195,0.5367018580436707,-0.02840779349207878,0.524628758430481,0.4272816777229309,-0.053890861570835114,0.5248676538467407,0.3565659523010254,-0.07193433493375778,0.5245187878608704,0.2925083637237549,-0.08368898183107376,0.4708798825740814,0.5224467515945435,-0.02719147317111492,0.4806586503982544,0.39135515689849854,-0.057834334671497345,0.48520228266716003,0.31039920449256897,-0.07877131551504135,0.488824725151062,0.24084559082984924,-0.08917312324047089,0.4266362488269806,0.5367376208305359,-0.03160081431269646,0.4320872724056244,0.459073007106781,-0.08289415389299393,0.4380260407924652,0.5407670140266418,-0.09111952781677246,0.43746569752693176,0.599840521812439,-0.08104509860277176,0.3846032917499542,0.5685790181159973,-0.039370644837617874,0.3954163193702698,0.4977053701877594,-0.07908493280410767,0.40513181686401367,0.5541005730628967,-0.0766114741563797,0.40580084919929504,0.6049651503562927,-0.0652545690536499
0.4276036322116852,0.7962947487831116,6.128965424068156e-07,0.47791385650634766,0.7549818158149719,-0.048576731234788895,0.5036526918411255,0.666407585144043,-0.0667758509516716,0.4728461503982544,0.587365448474884,-0.08225440979003906,0.4316677451133728,0.5259267687797546,-0.09483888000249863,0.5142744183540344,0.5353096127510071,-0.027816472575068474,0.5255833864212036,0.4266623258590698,-0.05291219800710678,0.526389479637146,0.3560605049133301,-0.07080751657485962,0.5262622237205505,0.29206663370132446,-0.08242608606815338,0.4711644947528839,0.5214456915855408,-0.02605062909424305,0.4813232421875,0.3911278247833252,-0.05626673251390457,0.4858860969543457,0.3108600378036499,-0.07713188230991364,0.48937880992889404,0.24169746041297913,-0.08743029087781906,0.4268284738063812,0.5357908010482788,-0.030165765434503555,0.4323500394821167,0.4584086239337921,-0.08138187229633331,0.43845298886299133,0.5405768752098083,-0.09028110653162003,0.4383373260498047,0.5994860529899597,-0.08057522773742676,0.3845151662826538,0.5672757625579834,-0.037756867706775665,0.3945770859718323,0.4962908625602722,-0.07753846794366837,0.4047335386276245,0.5521218180656433,-0.07578711211681366,0.4063413441181183,0.6025447845458984,-0.0649428516626358
0.42914313077926636,0.7948266267776489,6.025723564562213e-07,0.4796425700187683,0.7525763511657715,-0.04854253679513931,0.5064952373504639,0.6645245552062988,-0.06686002761125565,0.4757955074310303,0.5839085578918457,-0.08250109106302261,0.4350374639034271,0.5196526050567627,-0.09513038396835327,0.518120527267456,0.5363143086433411,-0.026772290468215942,0.5288652181625366,0.42628204822540283,-0.05225800722837448,0.5291420817375183,0.35581904649734497,-0.07000412791967392,0.5290936827659607,0.2921290099620819,-0.08110106736421585,0.4750288724899292,0.5233809947967529,-0.024662313982844353,0.4845914840698242,0.39350229501724243,-0.05548274889588356,0.4886894226074219,0.3139346241950989,-0.07602773606777191,0.492226243019104,0.2456684410572052,-0.0856456533074379,0.4306206703186035,0.5370458960533142,-0.02856212854385376,0.43474921584129333,0.4624619781970978,-0.08070609718561172,0.44068872928619385,0.5463804006576538,-0.0886746197938919,0.44124212861061096,0.605233907699585,-0.07785994559526443,0.38826099038124084,0.5661435723304749,-0.035898443311452866,0.3986799120903015,0.49635469913482666,-0.0758289247751236,0.4075494110584259,0.5540370941162109,-0.07297924906015396,0.4085302948951721,0.6036427617073059,-0.061133868992328644
0.43017247319221497,0.7955597639083862,5.858747726961155e-07,0.4808080792427063,0.7541636228561401,-0.045802004635334015,0.5065661072731018,0.6674630641937256,-0.06369832903146744,0.47638168931007385,0.5870205163955688,-0.07943738996982574,0.4345581531524658,0.5282739400863647,-0.09236037731170654,0.517914891242981,0.5380387306213379,-0.027438176795840263,0.5285810232162476,0.42790842056274414,-0.052655041217803955,0.5284929871559143,0.3562133312225342,-0.0703318789601326,0.5278782844543457,0.2917044758796692,-0.08166949450969696,0.4749465882778168,0.5243086814880371,-0.02676001563668251,0.4844486713409424,0.39532509446144104,-0.05737457051873207,0.48901328444480896,0.31405580043792725,-0.07791794091463089,0.4931500256061554,0.24418145418167114,-0.08796186000108719,0.4305039644241333,0.5382384657859802,-0.031453944742679596,0.43649548292160034,0.4618208706378937,-0.08199315518140793,0.442330002784729,0.5435925722122192,-0.08908426016569138,0.44172653555870056,0.6031548976898193,-0.07828769087791443,0.3882545232772827,0.5695866346359253,-0.039444271475076675,0.40046215057373047,0.4978818893432617,-0.07811518758535385,0.4098304212093353,0.5541864633560181,-0.07452354580163956,0.4100235402584076,0.6057267189025879,-0.06238774582743645
0.4323551058769226,0.7965267300605774,5.847018655913416e-07,0.4822832942008972,0.7542291879653931,-0.04587891697883606,0.5079246759414673,0.66535484790802,-0.06326253712177277,0.47827398777008057,0.5839236974716187,-0.07835830748081207,0.4367006719112396,0.5247504115104675,-0.09066441655158997,0.5191412568092346,0.5383891463279724,-0.02698914334177971,0.5295641422271729,0.4287486970424652,-0.052337683737277985,0.5296956896781921,0.35740208625793457,-0.07006135582923889,0.5290548801422119,0.29306769371032715,-0.08140809088945389,0.47611746191978455,0.5247580409049988,-0.0263634342700243,0.4855365753173828,0.3946503698825836,-0.056849464774131775,0.4904257655143738,0.31452298164367676,-0.07709240168333054,0.4942386746406555,0.2452627420425415,-0.08682616800069809,0.43194276094436646,0.5390779376029968,-0.03120795078575611,0.4366673231124878,0.46256357431411743,-0.08187691122293472,0.443461537361145,0.5438529849052429,-0.08891770988702774,0.44323596358299255,0.6025004982948303,-0.07798413932323456,0.3896870017051697,0.5708443522453308,-0.03933756798505783,0.40094804763793945,0.4987204372882843,-0.07778500765562057,0.4105100631713867,0.5536707043647766,-0.07396247982978821,0.41019561886787415,0.6037730574607849,-0.06172202154994011
0.4335072338581085,0.7964791059494019,5.923310482103261e-07,0.48301389813423157,0.7542647123336792,-0.0464647077023983,0.5098678469657898,0.6643458604812622,-0.06384631991386414,0.4807235598564148,0.5826658010482788,-0.0787760391831398,0.43818721175193787,0.5228445529937744,-0.09088882058858871,0.5202807188034058,0.5375008583068848,-0.02606157399713993,0.5304408073425293,0.42852795124053955,-0.05089900270104408,0.5302818417549133,0.3583478629589081,-0.06818021833896637,0.5295534133911133,0.2948009967803955,-0.07913060486316681,0.47714555263519287,0.5240612030029297,-0.024888090789318085,0.48690664768218994,0.3936306834220886,-0.055062223225831985,0.49172040820121765,0.314245343208313,-0.0747663602232933,0.49530965089797974,0.2462608516216278,-0.08382943272590637,0.4329732060432434,0.5382785797119141,-0.029339971020817757,0.4384220242500305,0.461151123046875,-0.08059893548488617,0.444873571395874,0.5440745949745178,-0.08751864731311798,0.4443759322166443,0.6032840609550476,-0.0760846808552742,0.3906702995300293,0.569284975528717,-0.037038370966911316,0.4025437831878662,0.4972592890262604,-0.07627090066671371,0.4117722809314728,0.5537121295928955,-0.07246975600719452,0.41131722927093506,0.6041510701179504,-0.05993621423840523
0.43528512120246887,0.7973088622093201,5.619417606794741e-07,0.48430463671684265,0.7537452578544617,-0.04463648423552513,0.5105794072151184,0.6643710136413574,-0.06191477179527283,0.4821162521839142,0.5828376412391663,-0.07735271006822586,0.4393576979637146,0.5243317484855652,-0.09018173813819885,0.5211492776870728,0.5374860167503357,-0.025416472926735878,0.5307437181472778,0.42910993099212646,-0.0501754991710186,0.5301313996315002,0.35899561643600464,-0.06780815869569778,0.5296001434326172,0.2950519323348999,-0.07941035181283951,0.47829321026802063,0.5240580439567566,-0.02549562230706215,0.4864448606967926,0.3954954147338867,-0.055480532348155975,0.49113568663597107,0.31672510504722595,-0.07583460956811905,0.4953683912754059,0.24838829040527344,-0.08603855222463608,0.4343615472316742,0.5384977459907532,-0.030937254428863525,0.4395979344844818,0.4611748456954956,-0.08148828148841858,0.446403831243515,0.5438071489334106,-0.08857346326112747,0.4459746479988098,0.6039124727249146,-0.07793398201465607,0.3927861750125885,0.5705763101577759,-0.03957715630531311,0.4033641219139099,0.4982827603816986,-0.07852009683847427,0.41349703073501587,0.5541597008705139,-0.07513747364282608,0.41393959522247314,0.6057958602905273,-0.0632612332701683
0.43805593252182007,0.7951553463935852,5.477518243424129e-07,0.48930054903030396,0.7474028468132019,-0.045157257467508316,0.5160013437271118,0.6578254103660583,-0.06144645810127258,0.48497751355171204,0.5748727321624756,-0.07570108771324158,0.4435875415802002,0.5147250294685364,-0.08706555515527725,0.5251527428627014,0.5324087142944336,-0.020350690931081772,0.5308891534805298,0.4236229956150055,-0.043914441019296646,0.5277990698814392,0.3526119291782379,-0.06094224005937576,0.5246682167053223,0.2887021005153656,-0.07208235561847687,0.4825022220611572,0.5217747092247009,-0.019439533352851868,0.48835626244544983,0.3948531150817871,-0.04875238984823227,0.4908982813358307,0.317021906375885,-0.06883172690868378,0.4926668703556061,0.2492331862449646,-0.07858847826719284,0.4389703571796417,0.5370399355888367,-0.024482958018779755,0.4410216212272644,0.4591531753540039,-0.07581012696027756,0.4486883878707886,0.5410721898078918,-0.08370260149240494,0.44944578409194946,0.5996749401092529,-0.07312146574258804,0.3964693248271942,0.5684138536453247,-0.0326530821621418,0.4063481390476227,0.49482887983322144,-0.07249963283538818,0.41593775153160095,0.5509712100028992,-0.06979288905858994,0.4162323772907257,0.6019588112831116,-0.058125294744968414
0.43970850110054016,0.7930728793144226,5.472333555189834e-07,0.49010077118873596,0.7454348802566528,-0.045064039528369904,0.5141837000846863,0.6556993722915649,-0.062033846974372864,0.4837358891963959,0.5736820101737976,-0.07678299397230148,0.4428727328777313,0.5132424831390381,-0.08860383927822113,0.5242686867713928,0.5297518968582153,-0.023565325886011124,0.5282193422317505,0.4191294014453888,-0.04781424254179001,0.5237292051315308,0.3475463390350342,-0.06497962772846222,0.5193365812301636,0.2835673987865448,-0.07604026049375534,0.4813764691352844,0.5199116468429565,-0.022735510021448135,0.48583391308784485,0.39265042543411255,-0.05242897570133209,0.4886130690574646,0.3132690191268921,-0.07238706946372986,0.4906767010688782,0.244666188955307,-0.08202265948057175,0.4383121132850647,0.5358555912971497,-0.02757987007498741,0.43943771719932556,0.45818403363227844,-0.0781678780913353,0.448060005903244,0.539697527885437,-0.08550917357206345,0.4494006931781769,0.5980949997901917,-0.07472462207078934,0.39709579944610596,0.5688259601593018,-0.03558070585131645,0.40519872307777405,0.49633416533470154,-0.07489901036024094,0.4164692461490631,0.5522383451461792,-0.07194897532463074,0.4186270833015442,0.6031683683395386,-0.06002818048000336
0.43927571177482605,0.7910928726196289,5.457495717564598e-07,0.48980969190597534,0.7428978085517883,-0.044702690094709396,0.515679121017456,0.6531463265419006,-0.06131881847977638,0.4844103455543518,0.5719485878944397,-0.0757932960987091,0.44217050075531006,0.5123857855796814,-0.08739149570465088,0.5235682129859924,0.5272229313850403,-0.021977093070745468,0.5279524326324463,0.41777196526527405,-0.04564047232270241,0.52340167760849,0.34692180156707764,-0.06256239861249924,0.5188890695571899,0.2832992374897003,-0.07361823320388794,0.4805138409137726,0.5179494619369507,-0.021390186622738838,0.4854692220687866,0.3912481963634491,-0.05067804455757141,0.4878612756729126,0.31348133087158203,-0.07054296880960464,0.4892430007457733,0.245995432138443,-0.08015188574790955,0.43745869398117065,0.5341638326644897,-0.026545880362391472,0.4404686391353607,0.4564732313156128,-0.07729996740818024,0.44892215728759766,0.538336992263794,-0.08461616188287735,0.44960615038871765,0.5959903597831726,-0.07384493947029114,0.39627891778945923,0.5672014951705933,-0.034819237887859344,0.40592458844184875,0.4944950044155121,-0.07445000112056732,0.4167982339859009,0.5510696172714233,-0.07148177176713943,0.4180942475795746,0.6022692918777466,-0.05958084017038345
0.4395379424095154,0.7917454242706299,5.518907641999249e-07,0.48944365978240967,0.7435568571090698,-0.044853780418634415,0.5153393745422363,0.6529428362846375,-0.061783645302057266,0.484543114900589,0.5710046291351318,-0.07651261240243912,0.4416671693325043,0.5114153623580933,-0.08839728683233261,0.5231976509094238,0.5274593234062195,-0.02301378920674324,0.5276771783828735,0.4169253706932068,-0.046736251562833786,0.5231183171272278,0.3460661768913269,-0.06365430355072021,0.5185890197753906,0.28226178884506226,-0.07474178820848465,0.48002249002456665,0.5180388689041138,-0.022342754527926445,0.4853496849536896,0.3907323479652405,-0.051565684378147125,0.4879520535469055,0.31239816546440125,-0.07128303498029709,0.4892819821834564,0.24488133192062378,-0.08084145188331604,0.43718957901000977,0.5343893766403198,-0.02732217125594616,0.4396887421607971,0.4562823176383972,-0.07764336466789246,0.44839102029800415,0.5375481247901917,-0.08462465554475784,0.44927892088890076,0.5956289768218994,-0.0737520232796669,0.39643698930740356,0.5674490332603455,-0.035465117543935776,0.4046865701675415,0.4953834116458893,-0.07501755654811859,0.4161665737628937,0.5517980456352234,-0.072026826441288,0.41838738322257996,0.6034664511680603,-0.060074370354413986
0.4392363727092743,0.7895546555519104,5.497885808836145e-07,0.48814502358436584,0.7417480945587158,-0.04448505863547325,0.5133892297744751,0.6492671370506287,-0.06051389500498772,0.48348376154899597,0.568223237991333,-0.07434127479791641,0.4407256543636322,0.5068233609199524,-0.08535236865282059,0.5205177664756775,0.5233049988746643,-0.021083001047372818,0.5248887538909912,0.41354238986968994,-0.04362306371331215,0.5200285911560059,0.34270554780960083,-0.06000092625617981,0.5152474045753479,0.2792152464389801,-0.0707586407661438,0.4779357314109802,0.5147747993469238,-0.020224763080477715,0.4816151559352875,0.3873487710952759,-0.04849332198500633,0.48427894711494446,0.30898043513298035,-0.06833463907241821,0.48574739694595337,0.24148085713386536,-0.07805992662906647,0.43573734164237976,0.5322302579879761,-0.024983054026961327,0.43902692198753357,0.45582666993141174,-0.07429452985525131,0.4492628574371338,0.5364610552787781,-0.08157224953174591,0.4503689110279083,0.5936005711555481,-0.07117829471826553,0.39602088928222656,0.5660476088523865,-0.032863788306713104,0.40517377853393555,0.493057519197464,-0.0711883157491684,0.41656726598739624,0.5484201312065125,-0.06788996607065201,0.4180537462234497,0.5988295674324036,-0.05604550614953041
0.4383896291255951,0.787753164768219,5.435072125692386e-07,0.4878123998641968,0.7379196286201477,-0.04350064694881439,0.5130863785743713,0.6452897787094116,-0.05909891426563263,0.4812021851539612,0.5653356313705444,-0.07274163514375687,0.43858250975608826,0.5047460198402405,-0.08366439491510391,0.5210800766944885,0.5225567817687988,-0.020101604983210564,0.5251818895339966,0.4123115539550781,-0.042848922312259674,0.5200335383415222,0.34133175015449524,-0.05926981195807457,0.514875054359436,0.27789101004600525,-0.06996255367994308,0.47838833928108215,0.5148051381111145,-0.01942700706422329,0.4830692410469055,0.3876575827598572,-0.04792359843850136,0.48546159267425537,0.30952250957489014,-0.06793442368507385,0.4867459535598755,0.2421703040599823,-0.07777926325798035,0.4359424412250519,0.5323057770729065,-0.024346640333533287,0.43849077820777893,0.45463427901268005,-0.07383424788713455,0.44799351692199707,0.5347093939781189,-0.08167897909879684,0.4492618143558502,0.5919399261474609,-0.07173430174589157,0.395968496799469,0.565412163734436,-0.032243337482213974,0.4047802686691284,0.49371543526649475,-0.07102220505475998,0.4156779646873474,0.5489665269851685,-0.06838015466928482,0.4171292781829834,0.5990791916847229,-0.057003021240234375
0.43711167573928833,0.7872005701065063,5.385140298130864e-07,0.48626208305358887,0.7385464906692505,-0.043895427137613297,0.5121742486953735,0.6455026268959045,-0.05943513661623001,0.4806639850139618,0.5647602081298828,-0.07283797115087509,0.4383222758769989,0.5025551319122314,-0.08346500247716904,0.5197556018829346,0.5209848284721375,-0.019503669813275337,0.5240144729614258,0.4120914936065674,-0.04169441759586334,0.5186406970024109,0.34176328778266907,-0.05797348916530609,0.5134093761444092,0.2788040339946747,-0.06875453144311905,0.4773368239402771,0.5132714509963989,-0.01866993121802807,0.4815882742404938,0.3863684833049774,-0.046683166176080704,0.484037846326828,0.30820006132125854,-0.06665679067373276,0.48565375804901123,0.24106824398040771,-0.07650628685951233,0.4354342520236969,0.5311645269393921,-0.02353137545287609,0.4386308491230011,0.45456528663635254,-0.0732027143239975,0.4483646750450134,0.534011960029602,-0.08156654238700867,0.44956594705581665,0.5909610390663147,-0.07186514139175415,0.39603427052497864,0.5647482872009277,-0.03134491667151451,0.4039868414402008,0.49453213810920715,-0.07072623074054718,0.41546592116355896,0.5498443245887756,-0.06871476024389267,0.41746747493743896,0.5998983383178711,-0.05763619393110275
0.4347626566886902,0.788754940032959,5.483253175952996e-07,0.4830132722854614,0.740135669708252,-0.04255281761288643,0.5051815509796143,0.6436021327972412,-0.057581596076488495,0.4716164767742157,0.5623204708099365,-0.07010230422019958,0.43254104256629944,0.49715128540992737,-0.07964815944433212,0.5157390832901001,0.522827684879303,-0.018621372058987617,0.5208837389945984,0.4158628582954407,-0.04013172537088394,0.5165026187896729,0.3470180630683899,-0.055923622101545334,0.5120590925216675,0.28465571999549866,-0.06661484390497208,0.4744287431240082,0.5163213014602661,-0.01752379536628723,0.479809045791626,0.3879162073135376,-0.0440094918012619,0.48242437839508057,0.3101489245891571,-0.06271004676818848,0.48451685905456543,0.24233686923980713,-0.07218111306428909,0.43334484100341797,0.5354408621788025,-0.022035490721464157,0.4359027147293091,0.4555448889732361,-0.06974225491285324,0.4449358880519867,0.5297170877456665,-0.07798699289560318,0.4464353919029236,0.5830636620521545,-0.06920761615037918,0.39435940980911255,0.5690363645553589,-0.029386088252067566,0.4010637700557709,0.502404510974884,-0.06893018633127213,0.4121718108654022,0.5591367483139038,-0.06812344491481781,0.41556379199028015,0.6084344983100891,-0.05811949446797371
0.43323972821235657,0.7894719839096069,5.498654331859143e-07,0.47889477014541626,0.7434423565864563,-0.04718558490276337,0.5018385648727417,0.6478714346885681,-0.06325399875640869,0.46645137667655945,0.5664474964141846,-0.07556968182325363,0.42732810974121094,0.5013844966888428,-0.0845930427312851,0.5156810283660889,0.5249475836753845,-0.022896908223628998,0.521592378616333,0.4183918833732605,-0.04644528403878212,0.5182873606681824,0.3497191071510315,-0.06322484463453293,0.5148040056228638,0.28757330775260925,-0.07396405935287476,0.4752405881881714,0.5189551115036011,-0.019635802134871483,0.48239028453826904,0.3928182125091553,-0.048487529158592224,0.48359978199005127,0.31554895639419556,-0.06861886382102966,0.484308123588562,0.24824759364128113,-0.07806549966335297,0.4351322650909424,0.5384940505027771,-0.02244160883128643,0.4311556816101074,0.46976345777511597,-0.07372112572193146,0.4398527145385742,0.544585645198822,-0.08442343026399612,0.444269597530365,0.5958441495895386,-0.07588836550712585,0.3972768783569336,0.5722871422767639,-0.028269076719880104,0.4025647044181824,0.509350597858429,-0.0698918029665947,0.4127167761325836,0.5692227482795715,-0.07002374529838562,0.4173821210861206,0.6184865832328796,-0.06003834307193756
0.43290966749191284,0.7917359471321106,5.686036388397042e-07,0.47856807708740234,0.7477309703826904,-0.04756978899240494,0.5015949606895447,0.653896152973175,-0.06397128105163574,0.46529313921928406,0.5740206241607666,-0.07656856626272202,0.42660215497016907,0.5089261531829834,-0.08557455241680145,0.515896737575531,0.5278741717338562,-0.0224924199283123,0.5220887064933777,0.42171698808670044,-0.04605705663561821,0.518119215965271,0.35261446237564087,-0.0627935454249382,0.5139977335929871,0.29115936160087585,-0.0735025405883789,0.47459274530410767,0.5214186906814575,-0.01886921003460884,0.48119500279426575,0.397851824760437,-0.04810972884297371,0.4828527569770813,0.32035887241363525,-0.06847555190324783,0.48464274406433105,0.25337573885917664,-0.07789091020822525,0.4338685870170593,0.5407341122627258,-0.02145293727517128,0.431012898683548,0.47448450326919556,-0.07284708321094513,0.4401828348636627,0.5497928261756897,-0.08417720347642899,0.44480207562446594,0.602005660533905,-0.07603296637535095,0.396287739276886,0.5747063755989075,-0.0271193478256464,0.4032365083694458,0.5207250714302063,-0.06946717947721481,0.414074182510376,0.5805561542510986,-0.07121547311544418,0.4193277955055237,0.6276438236236572,-0.06220094859600067
0.4318063259124756,0.7946234345436096,6.044642191227467e-07,0.4775047302246094,0.749018132686615,-0.046738963574171066,0.49935075640678406,0.6550124287605286,-0.06247858703136444,0.46413561701774597,0.575283408164978,-0.07455135136842728,0.4246704578399658,0.5110220313072205,-0.08301819115877151,0.5139724016189575,0.530579686164856,-0.02009700983762741,0.5205027461051941,0.4236760139465332,-0.042827241122722626,0.5171679854393005,0.353390634059906,-0.059077031910419464,0.5132163763046265,0.2916821837425232,-0.06949254125356674,0.4728489816188812,0.5236014127731323,-0.016347425058484077,0.48033061623573303,0.3988657593727112,-0.04445110261440277,0.482634961605072,0.32122719287872314,-0.06396104395389557,0.4845684766769409,0.25449129939079285,-0.07266303151845932,0.4328194260597229,0.5431169867515564,-0.01886187493801117,0.42723149061203003,0.4745078682899475,-0.06922054290771484,0.43550431728363037,0.5469434857368469,-0.08046676218509674,0.4403020441532135,0.5989014506340027,-0.07218928635120392,0.39584630727767944,0.5777665376663208,-0.024445664137601852,0.4001516103744507,0.5229186415672302,-0.06626728922128677,0.4109795391559601,0.5809516906738281,-0.06833335012197495,0.41749298572540283,0.6279946565628052,-0.059380125254392624
0.4318172037601471,0.7971140146255493,5.976256147732784e-07,0.4765717387199402,0.7512980699539185,-0.04905901104211807,0.49773794412612915,0.6572956442832947,-0.06539198756217957,0.4625498652458191,0.577613115310669,-0.07758722454309464,0.4242212176322937,0.5119825601577759,-0.08614511787891388,0.5136141777038574,0.5296022295951843,-0.021166536957025528,0.5195484757423401,0.42346709966659546,-0.04478967562317848,0.5166223645210266,0.3538045287132263,-0.06196245923638344,0.5134596824645996,0.2921711206436157,-0.072873055934906,0.47290492057800293,0.5238450169563293,-0.01637393794953823,0.4802250862121582,0.40119239687919617,-0.04493992403149605,0.481995165348053,0.32556676864624023,-0.06496209651231766,0.4836058020591736,0.2598472237586975,-0.07389077544212341,0.43291592597961426,0.5444599390029907,-0.01821952871978283,0.4256448447704315,0.4786209166049957,-0.06976226717233658,0.43443524837493896,0.5522933602333069,-0.08192794770002365,0.44061920046806335,0.6036668419837952,-0.07402809709310532,0.3960016965866089,0.5802142024040222,-0.02329452522099018,0.39842066168785095,0.5264074206352234,-0.06624002009630203,0.4090878367424011,0.5856306552886963,-0.06889276206493378,0.4163779020309448,0.6324989795684814,-0.06021853908896446
0.43110594153404236,0.798004686832428,5.922872787778033e-07,0.4756685495376587,0.7540095448493958,-0.04991932958364487,0.49722158908843994,0.6597357988357544,-0.0669497698545456,0.46130722761154175,0.5789657831192017,-0.07960353046655655,0.4230629801750183,0.5132557153701782,-0.08843905478715897,0.5131504535675049,0.5331721901893616,-0.02393605001270771,0.5194162726402283,0.4261638820171356,-0.04863078147172928,0.5161144137382507,0.35627877712249756,-0.06586579233407974,0.5121915340423584,0.29435956478118896,-0.0766681656241417,0.4723357856273651,0.5259390473365784,-0.01885412633419037,0.4800766110420227,0.4014328122138977,-0.04844232648611069,0.48175233602523804,0.3256402015686035,-0.06807877123355865,0.4829234480857849,0.2601436972618103,-0.07646909356117249,0.43255773186683655,0.5458500385284424,-0.02038078010082245,0.424843966960907,0.4798014760017395,-0.07224684953689575,0.4343962073326111,0.5539265871047974,-0.08363868296146393,0.4413675367832184,0.6059465408325195,-0.07508400082588196,0.39593344926834106,0.5808802843093872,-0.025244928896427155,0.398571252822876,0.529097318649292,-0.068105049431324,0.40925246477127075,0.5876438021659851,-0.07051869481801987,0.41645100712776184,0.6332113146781921,-0.06165842339396477
0.4301535487174988,0.8005303144454956,5.875025976820325e-07,0.475371390581131,0.7557407021522522,-0.04984011501073837,0.4968334138393402,0.6609179377555847,-0.06695724278688431,0.4601536691188812,0.578900933265686,-0.07961525022983551,0.4219764471054077,0.5119608640670776,-0.08858367800712585,0.5125948786735535,0.5367037057876587,-0.02474568411707878,0.5183811783790588,0.42928048968315125,-0.04908182844519615,0.5144925117492676,0.35885220766067505,-0.06615601480007172,0.5108600854873657,0.29657208919525146,-0.07704274356365204,0.4714113771915436,0.5300931930541992,-0.019401496276259422,0.47820398211479187,0.40604227781295776,-0.048775725066661835,0.47959405183792114,0.32936224341392517,-0.06852540373802185,0.48135918378829956,0.263470858335495,-0.0773921012878418,0.4313976764678955,0.5496361255645752,-0.020510131493210793,0.42382627725601196,0.4823077917098999,-0.07210635393857956,0.4321218430995941,0.5553645491600037,-0.0838073194026947,0.43788081407546997,0.6074073314666748,-0.07585367560386658,0.3948681652545929,0.5838072896003723,-0.024899350479245186,0.39792948961257935,0.5321725606918335,-0.0681767389178276,0.40836551785469055,0.5905700922012329,-0.07130508124828339,0.41533488035202026,0.6365699172019958,-0.06309832632541656
0.4290769100189209,0.8009127378463745,5.908577804802917e-07,0.4752660095691681,0.7555012702941895,-0.04725734889507294,0.49739596247673035,0.6635719537734985,-0.06373602896928787,0.46062326431274414,0.5835715532302856,-0.07646746933460236,0.42136430740356445,0.5192853212356567,-0.08553116768598557,0.5113715529441833,0.5367859601974487,-0.021391700953245163,0.516692578792572,0.4312072694301605,-0.04534560814499855,0.5128345489501953,0.3612838089466095,-0.06237083300948143,0.5088158845901489,0.2999024987220764,-0.07319708168506622,0.4696543514728546,0.5300771594047546,-0.017607562243938446,0.47511202096939087,0.40638625621795654,-0.046684857457876205,0.4765947461128235,0.32925763726234436,-0.06655615568161011,0.478275328874588,0.26274552941322327,-0.07541908323764801,0.429423987865448,0.5506420731544495,-0.02012493833899498,0.42325422167778015,0.48490437865257263,-0.07112281769514084,0.43298184871673584,0.5576702356338501,-0.08240804821252823,0.43890294432640076,0.6095480918884277,-0.07417484372854233,0.3923185467720032,0.5865521430969238,-0.025776168331503868,0.3967781960964203,0.5357618927955627,-0.06819415092468262,0.4084053635597229,0.5931938886642456,-0.0705416202545166,0.4155188798904419,0.6385896801948547,-0.0617285780608654
0.42875024676322937,0.8021964430809021,5.95995913954539e-07,0.47502434253692627,0.7559214234352112,-0.045831575989723206,0.4975583255290985,0.6630073189735413,-0.061716753989458084,0.46019354462623596,0.5835632681846619,-0.0740695670247078,0.4200642704963684,0.5201258659362793,-0.08273515105247498,0.5099528431892395,0.535845935344696,-0.019573446363210678,0.5146870613098145,0.43078505992889404,-0.04274791106581688,0.5104062557220459,0.3610524535179138,-0.05903809890151024,0.505659282207489,0.29957374930381775,-0.06937232613563538,0.46801719069480896,0.5295203924179077,-0.016553057357668877,0.4735996127128601,0.4059637486934662,-0.04509986564517021,0.4756699204444885,0.3289743661880493,-0.0640961304306984,0.4770694375038147,0.26273977756500244,-0.07213117182254791,0.42774397134780884,0.55060875415802,-0.01977662928402424,0.4233042597770691,0.48635438084602356,-0.07083249092102051,0.4342023730278015,0.5605580806732178,-0.08150282502174377,0.43980148434638977,0.6121476292610168,-0.07261498272418976,0.390284925699234,0.5870577692985535,-0.025995707139372826,0.3966872990131378,0.5378758311271667,-0.06875360757112503,0.40919145941734314,0.5970963835716248,-0.07066351175308228,0.4159263074398041,0.6426877975463867,-0.06129465252161026
0.4288594126701355,0.8025818467140198,5.871405051038892e-07,0.4750872850418091,0.7547812461853027,-0.04370785132050514,0.49747684597969055,0.6609758734703064,-0.0592077411711216,0.4594723880290985,0.5828011631965637,-0.07179494202136993,0.41727903485298157,0.5211500525474548,-0.08104303479194641,0.5089133381843567,0.5357899069786072,-0.0183615293353796,0.5140877962112427,0.43125730752944946,-0.0415956936776638,0.5102828741073608,0.3616015315055847,-0.05804373323917389,0.5060434937477112,0.3001350164413452,-0.06858015060424805,0.46757522225379944,0.5307778120040894,-0.016788458451628685,0.47265419363975525,0.4059508442878723,-0.04525810852646828,0.47535455226898193,0.33006736636161804,-0.06413502246141434,0.4772394299507141,0.2649168074131012,-0.072322778403759,0.4277670383453369,0.5525968670845032,-0.02126861922442913,0.42352432012557983,0.4880564212799072,-0.07181364297866821,0.4351096749305725,0.5606218576431274,-0.08172513544559479,0.4408791661262512,0.6106747984886169,-0.07270049303770065,0.3904433846473694,0.589316189289093,-0.028636572882533073,0.3966202139854431,0.5364651679992676,-0.07049418985843658,0.40954625606536865,0.5954425930976868,-0.07132445275783539,0.41649696230888367,0.6417530179023743,-0.061531368643045425
0.42930319905281067,0.8026247024536133,5.849792046319635e-07,0.47581732273101807,0.7544518709182739,-0.04404854774475098,0.49785444140434265,0.6591832637786865,-0.05883251875638962,0.4582133889198303,0.5819048285484314,-0.07058484107255936,0.41527435183525085,0.5213165879249573,-0.07905144989490509,0.50862717628479,0.5338926315307617,-0.016939677298069,0.5130204558372498,0.429681658744812,-0.03941353037953377,0.5091145038604736,0.3603951930999756,-0.05542604997754097,0.5046573877334595,0.29931455850601196,-0.06568063050508499,0.4674648940563202,0.5302212238311768,-0.015261249616742134,0.47235122323036194,0.4055398106575012,-0.04299188405275345,0.47486597299575806,0.33058130741119385,-0.0615459568798542,0.4762646555900574,0.266092449426651,-0.0694190040230751,0.427982896566391,0.5532535910606384,-0.019854769110679626,0.4227619171142578,0.48905909061431885,-0.0709727555513382,0.43450888991355896,0.5628487467765808,-0.08149076998233795,0.44056886434555054,0.6124488115310669,-0.07252698391675949,0.3908214569091797,0.5910412073135376,-0.027298452332615852,0.3957664966583252,0.5370931029319763,-0.07006607204675674,0.40877360105514526,0.5973303318023682,-0.07130901515483856,0.4158270061016083,0.6439651250839233,-0.06161164864897728
0.4292803704738617,0.8024357557296753,5.741714517171204e-07,0.4758088290691376,0.7552300095558167,-0.04323181137442589,0.49799439311027527,0.6583166122436523,-0.058019284158945084,0.45699694752693176,0.5807760953903198,-0.06989599764347076,0.41334375739097595,0.5209819674491882,-0.07876761257648468,0.5073246359825134,0.5351595878601074,-0.018307633697986603,0.5128225684165955,0.4308122992515564,-0.04079769179224968,0.509185791015625,0.361721932888031,-0.056616928428411484,0.5050525665283203,0.30049169063568115,-0.06675940752029419,0.4660194516181946,0.5321308374404907,-0.016828104853630066,0.4719468653202057,0.4076537489891052,-0.04465934634208679,0.47427719831466675,0.33236992359161377,-0.06327785551548004,0.47543206810951233,0.2672010064125061,-0.07139629870653152,0.42697957158088684,0.5545632243156433,-0.02131233923137188,0.42289048433303833,0.49152639508247375,-0.0720251277089119,0.43473905324935913,0.5630096793174744,-0.08270280063152313,0.4404956102371216,0.6119074821472168,-0.0742003470659256,0.39025363326072693,0.5912497639656067,-0.028533292934298515,0.395984947681427,0.5364693403244019,-0.0706733837723732,0.4091593325138092,0.5959107279777527,-0.07174109667539597,0.41633936762809753,0.6434980034828186,-0.06220439448952675
0.42856141924858093,0.8029571771621704,6.055761900825019e-07,0.4744870364665985,0.7549712061882019,-0.04385201632976532,0.4968470335006714,0.6584721803665161,-0.0588163286447525,0.45825958251953125,0.5804842710494995,-0.07071065902709961,0.4150182008743286,0.5196408629417419,-0.07941456884145737,0.505983293056488,0.5346486568450928,-0.0174176637083292,0.5110909342765808,0.42936259508132935,-0.03964827209711075,0.5073954463005066,0.3597797155380249,-0.05532516539096832,0.503389298915863,0.29839685559272766,-0.06522238999605179,0.46494409441947937,0.5315658450126648,-0.015425311401486397,0.470176637172699,0.406166672706604,-0.04328888654708862,0.4734289050102234,0.3300166726112366,-0.06195106357336044,0.47540339827537537,0.2643859088420868,-0.0697954073548317,0.4253728687763214,0.5541902184486389,-0.01949952356517315,0.4238269031047821,0.4909819960594177,-0.07023738324642181,0.43562325835227966,0.564232349395752,-0.08024906367063522,0.44030627608299255,0.6133700013160706,-0.07094605267047882,0.3882322907447815,0.5904951095581055,-0.026329893618822098,0.39578860998153687,0.53678297996521,-0.06811759620904922,0.40831395983695984,0.5967994332313538,-0.06842084974050522,0.4135943353176117,0.6433603167533875,-0.05813151225447655
0.4274449944496155,0.801497220993042,5.924005677115929e-07,0.4742632806301117,0.7512684464454651,-0.04193737730383873,0.49604329466819763,0.6552025079727173,-0.056186243891716,0.45700716972351074,0.5787285566329956,-0.06779513508081436,0.4129650890827179,0.521422266960144,-0.0763094574213028,0.504929780960083,0.5325984954833984,-0.01604463905096054,0.5101721882820129,0.4285973906517029,-0.038155198097229004,0.5065246224403381,0.3598923981189728,-0.05397213250398636,0.5023873448371887,0.2989143133163452,-0.06409940868616104,0.464011549949646,0.5291813611984253,-0.01500637736171484,0.46916794776916504,0.4046253561973572,-0.04247813671827316,0.47222691774368286,0.3289698660373688,-0.061045046895742416,0.4737667739391327,0.2635151445865631,-0.0690835565328598,0.4246281683444977,0.5519469380378723,-0.019884485751390457,0.42207106947898865,0.48816341161727905,-0.06954875588417053,0.4349572956562042,0.5604754090309143,-0.07922640442848206,0.44073066115379333,0.6095123887062073,-0.07009026408195496,0.38776493072509766,0.5891254544258118,-0.027475249022245407,0.39466890692710876,0.5342884659767151,-0.06801492720842361,0.4078733026981354,0.5926199555397034,-0.0679088905453682,0.41376495361328125,0.6386690735816956,-0.05765906348824501
0.42699435353279114,0.8013742566108704,5.881811944163928e-07,0.47413235902786255,0.7513786554336548,-0.04277916997671127,0.4953201413154602,0.6544854640960693,-0.05661793798208237,0.4558127224445343,0.5771049857139587,-0.06754154711961746,0.4117623567581177,0.5187904834747314,-0.0752931609749794,0.5043309926986694,0.532378613948822,-0.015097599476575851,0.5093464851379395,0.4272046685218811,-0.03609301149845123,0.5056799650192261,0.3584863543510437,-0.05121788755059242,0.5014113187789917,0.29763856530189514,-0.06090971454977989,0.463638037443161,0.5290145874023438,-0.01315720472484827,0.4685218632221222,0.40410128235816956,-0.039235636591911316,0.47138500213623047,0.32853320240974426,-0.05718981474637985,0.47260892391204834,0.2635456323623657,-0.06491867452859879,0.42455288767814636,0.5520931482315063,-0.0173026155680418,0.4209846258163452,0.48817896842956543,-0.0659509003162384,0.43399494886398315,0.5591261386871338,-0.07599877566099167,0.4399305582046509,0.6074670553207397,-0.06730423122644424,0.38780492544174194,0.5890353322029114,-0.02425537444651127,0.3934459984302521,0.5344808101654053,-0.06449603289365768,0.4063587188720703,0.5920186042785645,-0.06493627279996872,0.41227707266807556,0.6376346945762634,-0.05516096204519272
0.4241790771484375,0.7975077033042908,5.833020395584754e-07,0.4719502925872803,0.7473124861717224,-0.04053053259849548,0.49498575925827026,0.6515143513679504,-0.05440611392259598,0.45597079396247864,0.5740680694580078,-0.06586291640996933,0.4121147394180298,0.5161833167076111,-0.07419884204864502,0.5031073093414307,0.530214786529541,-0.01534365676343441,0.5077152848243713,0.4251551032066345,-0.03713776171207428,0.5033907890319824,0.35649311542510986,-0.05239773541688919,0.49849075078964233,0.29554903507232666,-0.06203345209360123,0.4622274935245514,0.5269036889076233,-0.014620260335505009,0.46713733673095703,0.40268176794052124,-0.04163964092731476,0.4703134298324585,0.3274786174297333,-0.059455037117004395,0.4719606637954712,0.26216909289360046,-0.06698590517044067,0.4226539433002472,0.548876166343689,-0.01965574361383915,0.4215027093887329,0.48632439970970154,-0.06839022040367126,0.4339712858200073,0.5575835704803467,-0.07740655541419983,0.4388353228569031,0.6051849126815796,-0.06812261790037155,0.3849685788154602,0.5844430327415466,-0.02731272764503956,0.39372533559799194,0.5339784622192383,-0.06723471730947495,0.4061964154243469,0.5920121669769287,-0.06696216762065887,0.4107309579849243,0.6365664601325989,-0.05668158456683159
0.42252591252326965,0.7952867150306702,5.697318101738347e-07,0.47037261724472046,0.7449344992637634,-0.03807944059371948,0.49466779828071594,0.650038480758667,-0.051139947026968,0.454562246799469,0.5731096863746643,-0.06232757493853569,0.4112046957015991,0.5146974921226501,-0.07060939073562622,0.50126713514328,0.5303640961647034,-0.013409294188022614,0.5068427920341492,0.42632943391799927,-0.03513748198747635,0.5032433271408081,0.35809770226478577,-0.05025072023272514,0.49920594692230225,0.29705989360809326,-0.05982713773846626,0.4604105055332184,0.5261862277984619,-0.013792597688734531,0.466084361076355,0.40267810225486755,-0.040982943028211594,0.46940767765045166,0.3273453116416931,-0.05894864723086357,0.4718523323535919,0.26154693961143494,-0.06656984984874725,0.42096641659736633,0.5473593473434448,-0.019710315391421318,0.42104700207710266,0.485126793384552,-0.06839427351951599,0.433080792427063,0.556728720664978,-0.07746556401252747,0.4377526640892029,0.6047266125679016,-0.06824956089258194,0.3837135434150696,0.5827550888061523,-0.028013018891215324,0.3923075795173645,0.5352237224578857,-0.06804295629262924,0.40570953488349915,0.5933075547218323,-0.06812015920877457,0.4116007089614868,0.6375680565834045,-0.058021459728479385
0.42243459820747375,0.7959455847740173,5.67386734928732e-07,0.46964001655578613,0.7451450228691101,-0.037826620042324066,0.4930049777030945,0.6483699083328247,-0.05072987824678421,0.45414769649505615,0.570744514465332,-0.06182091683149338,0.4106203317642212,0.5125958919525146,-0.07007063925266266,0.5000692009925842,0.5301250219345093,-0.012954408302903175,0.5049927234649658,0.42488038539886475,-0.03423263132572174,0.500948429107666,0.3561224937438965,-0.04919895529747009,0.4966720640659332,0.29496440291404724,-0.05872233957052231,0.45992258191108704,0.5269270539283752,-0.013469476252794266,0.46443551778793335,0.40251976251602173,-0.04054553061723709,0.46723946928977966,0.3259090483188629,-0.058735933154821396,0.46905583143234253,0.25933223962783813,-0.06657041609287262,0.4212222993373871,0.548464834690094,-0.019441088661551476,0.41988077759742737,0.4836304485797882,-0.06813355535268784,0.4316460192203522,0.5545023679733276,-0.07686201483011246,0.43627044558525085,0.6028030514717102,-0.06733249127864838,0.3844584822654724,0.5840474963188171,-0.027750588953495026,0.39149147272109985,0.5306867361068726,-0.06754489243030548,0.4042982757091522,0.5889092087745667,-0.06678308546543121,0.41021203994750977,0.6352361440658569,-0.0560537688434124
0.4207465648651123,0.794150173664093,5.72927262965095e-07,0.4690501093864441,0.7429484128952026,-0.037433575838804245,0.4936492145061493,0.6459905505180359,-0.049549587070941925,0.45251086354255676,0.5698580145835876,-0.0599195770919323,0.40822216868400574,0.5135589838027954,-0.0672987550497055,0.49940359592437744,0.528632640838623,-0.010743054561316967,0.5037793517112732,0.4236500561237335,-0.031216105446219444,0.499177485704422,0.35523808002471924,-0.0456441305577755,0.4945564568042755,0.29451629519462585,-0.05490501597523689,0.45858362317085266,0.5259408950805664,-0.011377274058759212,0.4630291759967804,0.4020801782608032,-0.038066402077674866,0.46565818786621094,0.3259732723236084,-0.05624707415699959,0.46741586923599243,0.25971558690071106,-0.06402077525854111,0.4198053777217865,0.5476053357124329,-0.01761871576309204,0.41804972290992737,0.4834878742694855,-0.06652028113603592,0.4304324984550476,0.5550422668457031,-0.0759175717830658,0.4355000853538513,0.6034429669380188,-0.06673549115657806,0.3828611969947815,0.5829607248306274,-0.026163583621382713,0.39041653275489807,0.5324422717094421,-0.06622371077537537,0.4033673405647278,0.5902890563011169,-0.06629345566034317,0.40914618968963623,0.6346750259399414,-0.056233000010252
0.42033079266548157,0.7940731048583984,5.67006964047323e-07,0.46954911947250366,0.7437407970428467,-0.037918880581855774,0.4958105683326721,0.6468408703804016,-0.05027097836136818,0.45235440135002136,0.5713772177696228,-0.06082732230424881,0.4071255624294281,0.5173455476760864,-0.06862755119800568,0.4986381232738495,0.5287154316902161,-0.012409301474690437,0.502440333366394,0.4236803650856018,-0.0340520404279232,0.4974536597728729,0.35513684153556824,-0.04909903556108475,0.4929397404193878,0.29409271478652954,-0.058732591569423676,0.4572587013244629,0.5262633562088013,-0.01336157787591219,0.46202608942985535,0.4024967551231384,-0.041075870394706726,0.4640592932701111,0.32725417613983154,-0.059714317321777344,0.46546682715415955,0.26035213470458984,-0.06757041066884995,0.41910749673843384,0.547903835773468,-0.01992081105709076,0.4149470031261444,0.48463836312294006,-0.0703827515244484,0.42770659923553467,0.557932436466217,-0.08019895851612091,0.4342127740383148,0.6071245670318604,-0.07086502760648727,0.3825981020927429,0.584098756313324,-0.028791045770049095,0.38752397894859314,0.534848690032959,-0.07023460417985916,0.40117159485816956,0.5936868190765381,-0.07071226090192795,0.40876853466033936,0.6380771994590759,-0.0606406107544899
0.41950559616088867,0.7930436730384827,5.649963554787973e-07,0.4696519374847412,0.7417519092559814,-0.0367448553442955,0.49584442377090454,0.6442325115203857,-0.04848605394363403,0.4518163502216339,0.5692172646522522,-0.058628909289836884,0.406332790851593,0.5160759091377258,-0.06605680286884308,0.4975881576538086,0.5279664397239685,-0.01010079588741064,0.5020784735679626,0.42363929748535156,-0.030377212911844254,0.4971744418144226,0.35564011335372925,-0.04479265958070755,0.4927271008491516,0.29524895548820496,-0.054160166531801224,0.4563159942626953,0.526588499546051,-0.011256875470280647,0.4606280028820038,0.4034290313720703,-0.03768240660429001,0.4627029001712799,0.3279877007007599,-0.05598233640193939,0.4638350307941437,0.2614639103412628,-0.06397383660078049,0.4184536933898926,0.5487215518951416,-0.017945922911167145,0.415143758058548,0.4841001331806183,-0.0672197937965393,0.428153395652771,0.5559966564178467,-0.07677923887968063,0.4338856637477875,0.6047988533973694,-0.0676427111029625,0.3821728825569153,0.5849447846412659,-0.026859011501073837,0.3873511254787445,0.5326372385025024,-0.06737706065177917,0.4010321795940399,0.5906835794448853,-0.06743748486042023,0.4079403281211853,0.6359279155731201,-0.05733121931552887
0.41870230436325073,0.7935366630554199,5.681747552443994e-07,0.4693344831466675,0.7431318759918213,-0.037351734936237335,0.49612587690353394,0.6453772783279419,-0.0492391511797905,0.4523719251155853,0.5690240263938904,-0.05942144989967346,0.4065690040588379,0.5166523456573486,-0.06692735850811005,0.4967491030693054,0.5294948816299438,-0.010747394524514675,0.5013956427574158,0.424532026052475,-0.03112681768834591,0.49668747186660767,0.35599207878112793,-0.045527178794145584,0.4926171600818634,0.2953917384147644,-0.054930005222558975,0.45539456605911255,0.5278638601303101,-0.011780527420341969,0.4598883092403412,0.4039405286312103,-0.03846268355846405,0.4622834324836731,0.3279624581336975,-0.05701254680752754,0.4635527729988098,0.26142749190330505,-0.06512685865163803,0.4179765284061432,0.5499741435050964,-0.018392113968729973,0.41308531165122986,0.48542770743370056,-0.0682438462972641,0.42688336968421936,0.5566715002059937,-0.07823783159255981,0.4336371421813965,0.6058480143547058,-0.06916709989309311,0.38217297196388245,0.5862718224525452,-0.027226654812693596,0.385470449924469,0.5319809317588806,-0.06795481592416763,0.399794340133667,0.5888882279396057,-0.06812182068824768,0.4079417288303375,0.6345328092575073,-0.05807342752814293
0.4181523323059082,0.7922350168228149,5.70040810998762e-07,0.4704245924949646,0.7412400245666504,-0.03596301004290581,0.4987970292568207,0.6438124179840088,-0.048018813133239746,0.452674001455307,0.5682336091995239,-0.0586249940097332,0.4069828987121582,0.5166047811508179,-0.06651653349399567,0.49703249335289,0.5313197374343872,-0.01084836758673191,0.5029187202453613,0.4263390898704529,-0.031459275633096695,0.4988824427127838,0.3581122159957886,-0.0455760695040226,0.49505484104156494,0.29785847663879395,-0.05447564274072647,0.45521867275238037,0.5303928852081299,-0.012534676119685173,0.4606141448020935,0.40622884035110474,-0.03935227170586586,0.46322160959243774,0.32993245124816895,-0.05767758935689926,0.4643712639808655,0.2627185881137848,-0.06560549139976501,0.4176776111125946,0.5514777898788452,-0.019573992118239403,0.4138050675392151,0.4901328682899475,-0.06895140558481216,0.42717403173446655,0.5606530904769897,-0.0785573348402977,0.4331165552139282,0.6095948815345764,-0.06943609565496445,0.3813191056251526,0.5852866768836975,-0.028761718422174454,0.38621461391448975,0.5339455604553223,-0.06835705041885376,0.3999645411968231,0.5902679562568665,-0.06779421120882034,0.4066159427165985,0.6353444457054138,-0.05747470259666443
0.4172144830226898,0.791896641254425,5.89928163208242e-07,0.46898892521858215,0.7424734830856323,-0.036043357104063034,0.49826622009277344,0.646183967590332,-0.04837799072265625,0.45372888445854187,0.5716449022293091,-0.05935072898864746,0.4074171781539917,0.5229859352111816,-0.06769458204507828,0.4957139790058136,0.5318422317504883,-0.012227701023221016,0.5027536749839783,0.42734435200691223,-0.033579569309949875,0.4997369349002838,0.35911670327186584,-0.04814881086349487,0.49701836705207825,0.29905667901039124,-0.0572320893406868,0.4544314742088318,0.5301098227500916,-0.014034373685717583,0.4616748094558716,0.4084612727165222,-0.04141678661108017,0.46547192335128784,0.3326171636581421,-0.060007400810718536,0.4681636393070221,0.266253799200058,-0.06804618239402771,0.417092502117157,0.5507035851478577,-0.021120062097907066,0.4148077666759491,0.49084019660949707,-0.07023049145936966,0.4272688329219818,0.5610417723655701,-0.0796407163143158,0.4330170154571533,0.6104137897491455,-0.07031355053186417,0.38068413734436035,0.5842055082321167,-0.030393924564123154,0.3854333460330963,0.5330355763435364,-0.06919758021831512,0.398838073015213,0.5883990526199341,-0.06825879961252213,0.4057741165161133,0.6333943009376526,-0.057653460651636124
0.4174126088619232,0.7919248342514038,6.017913847244927e-07,0.46899840235710144,0.7432072162628174,-0.036568041890859604,0.4987778067588806,0.6470092535018921,-0.04935154691338539,0.45434385538101196,0.5723778009414673,-0.06067906692624092,0.4078773856163025,0.5231561660766602,-0.06933066248893738,0.49534907937049866,0.5337445735931396,-0.012720456346869469,0.5030345916748047,0.42802536487579346,-0.03437970206141472,0.5002021193504333,0.35928988456726074,-0.049030911177396774,0.4981835186481476,0.2985146939754486,-0.05813588201999664,0.4541090726852417,0.5318478941917419,-0.014303400181233883,0.46094658970832825,0.40978848934173584,-0.042019303888082504,0.4651678502559662,0.33408835530281067,-0.06057032570242882,0.46838411688804626,0.26752743124961853,-0.06848855316638947,0.4171079099178314,0.5516194105148315,-0.021222000941634178,0.41432398557662964,0.4919142723083496,-0.07096952944993973,0.4264581501483917,0.5630874037742615,-0.08006484061479568,0.4321037232875824,0.6128345131874084,-0.07035838067531586,0.3812117576599121,0.5842794179916382,-0.030365915969014168,0.38569676876068115,0.5341967940330505,-0.06955362856388092,0.39874541759490967,0.5901205539703369,-0.06843820959329605,0.4052668511867523,0.6346127986907959,-0.05763060599565506
0.41640105843544006,0.7906675934791565,5.952761057415046e-07,0.4682955741882324,0.7413010597229004,-0.03693641349673271,0.4985235333442688,0.6453390717506409,-0.04931966960430145,0.45446503162384033,0.5696876049041748,-0.06018901616334915,0.40867218375205994,0.5193485021591187,-0.06844715029001236,0.49537450075149536,0.5335626006126404,-0.011806846596300602,0.5027830004692078,0.4276522099971771,-0.0328475646674633,0.49958235025405884,0.3586001992225647,-0.04722769185900688,0.4969693124294281,0.29782792925834656,-0.05609850212931633,0.45396560430526733,0.5322404503822327,-0.013032317161560059,0.46113309264183044,0.4101763963699341,-0.040367599576711655,0.4649811387062073,0.33397167921066284,-0.05900266021490097,0.46755507588386536,0.2673228681087494,-0.06685928255319595,0.4168150722980499,0.5524618029594421,-0.01965218037366867,0.41404521465301514,0.49156373739242554,-0.0695345401763916,0.4266867935657501,0.5634598135948181,-0.07878027111291885,0.43266674876213074,0.613646924495697,-0.06891622394323349,0.3805846571922302,0.5853129625320435,-0.028452826663851738,0.3846947252750397,0.5320993661880493,-0.067585788667202,0.3978176712989807,0.5870737433433533,-0.06615675240755081,0.40427300333976746,0.6313999891281128,-0.055034223943948746
0.41637328267097473,0.7897428274154663,6.023942660249304e-07,0.4693831205368042,0.7408648729324341,-0.03639419376850128,0.4988430440425873,0.64346843957901,-0.04781079292297363,0.45186948776245117,0.569104790687561,-0.05778568983078003,0.4053399860858917,0.5210188627243042,-0.06504767388105392,0.49561506509780884,0.5320687890052795,-0.009469731710851192,0.5018160939216614,0.4260709285736084,-0.029684830456972122,0.4984988272190094,0.35704505443573,-0.043626945465803146,0.4955102801322937,0.29687896370887756,-0.05237998068332672,0.45308125019073486,0.531152606010437,-0.01101811695843935,0.4590463936328888,0.40864887833595276,-0.03810837119817734,0.46272367238998413,0.3324335813522339,-0.0567486472427845,0.464925616979599,0.2658553421497345,-0.06449521332979202,0.41515472531318665,0.5515977740287781,-0.018132079392671585,0.4136676490306854,0.48992034792900085,-0.06885364651679993,0.42704343795776367,0.5628530979156494,-0.07903643697500229,0.43286842107772827,0.6130618453025818,-0.06944956630468369,0.37821683287620544,0.5846768617630005,-0.027313904836773872,0.3847525715827942,0.5345423221588135,-0.06808637827634811,0.39891454577445984,0.5915718078613281,-0.06808757036924362,0.4054686427116394,0.6359295845031738,-0.05765601620078087
0.4153158962726593,0.7887028455734253,6.178959779390425e-07,0.46758484840393066,0.7393315434455872,-0.03601718693971634,0.49668174982070923,0.6426465511322021,-0.047820840030908585,0.45030540227890015,0.568411111831665,-0.058252930641174316,0.40347570180892944,0.5235612988471985,-0.06601477414369583,0.49358975887298584,0.5293043255805969,-0.010984688997268677,0.5002042055130005,0.4235861599445343,-0.03180639445781708,0.4971756339073181,0.35450953245162964,-0.04590107128024101,0.49435657262802124,0.29456108808517456,-0.054546043276786804,0.4512622058391571,0.5281950831413269,-0.012753298506140709,0.4581824243068695,0.40641531348228455,-0.04048210009932518,0.46188414096832275,0.3295871913433075,-0.05938679724931717,0.46412837505340576,0.262591153383255,-0.0670500323176384,0.4136567711830139,0.5490465760231018,-0.019849693402647972,0.41156402230262756,0.4903700351715088,-0.07008693367242813,0.4251451790332794,0.5611569285392761,-0.08016745001077652,0.4316818118095398,0.610404908657074,-0.07041408121585846,0.377113401889801,0.5827996730804443,-0.02898293174803257,0.3831367790699005,0.531517744064331,-0.06807198375463486,0.39746761322021484,0.5864889025688171,-0.06701591610908508,0.4048313498497009,0.6302266120910645,-0.05592518672347069
0.41563940048217773,0.7892910242080688,6.060695341147948e-07,0.4669138789176941,0.7384165525436401,-0.03590294346213341,0.4959767162799835,0.6420364379882812,-0.04797443002462387,0.45095905661582947,0.5678348541259766,-0.05869261920452118,0.4049018621444702,0.5187750458717346,-0.06671231985092163,0.49334949254989624,0.5303321480751038,-0.010734845884144306,0.5001243352890015,0.4239121675491333,-0.031473319977521896,0.4963676333427429,0.3544277548789978,-0.04552728682756424,0.49300774931907654,0.29388874769210815,-0.054101284593343735,0.45180612802505493,0.5295510292053223,-0.012390230782330036,0.45841532945632935,0.40633922815322876,-0.03969194367527962,0.4618772864341736,0.3295131325721741,-0.058268867433071136,0.4636650085449219,0.26305750012397766,-0.0658455416560173,0.41478392481803894,0.550183892250061,-0.019388021901249886,0.41143399477005005,0.4904913902282715,-0.06906850636005402,0.4244196116924286,0.5609163641929626,-0.07863157242536545,0.4304438829421997,0.6100584864616394,-0.06882133334875107,0.37896567583084106,0.5833382606506348,-0.028462013229727745,0.3836033046245575,0.5310558676719666,-0.06705048680305481,0.3973514437675476,0.5857285261154175,-0.06556514650583267,0.404311865568161,0.629684329032898,-0.05436541885137558
0.41613349318504333,0.7908029556274414,6.01298722813226e-07,0.46675223112106323,0.7402777075767517,-0.03593766316771507,0.49368712306022644,0.642075777053833,-0.0480305440723896,0.4480471611022949,0.5679520964622498,-0.058721281588077545,0.40166640281677246,0.5196862816810608,-0.06676343083381653,0.4918845593929291,0.529403030872345,-0.012041189707815647,0.4981749653816223,0.4227637052536011,-0.03279458358883858,0.4944566488265991,0.3535449206829071,-0.04710127040743828,0.4910795986652374,0.29269519448280334,-0.05612090975046158,0.4501635730266571,0.5281672477722168,-0.01368235144764185,0.45614245533943176,0.406663179397583,-0.04109860956668854,0.4592997431755066,0.3299069106578827,-0.060046255588531494,0.46095752716064453,0.2623211741447449,-0.06828118115663528,0.41262397170066833,0.5488541126251221,-0.02048804797232151,0.40960219502449036,0.48659971356391907,-0.06957989186048508,0.4231840670108795,0.5578616261482239,-0.07868344336748123,0.42930763959884644,0.6080599427223206,-0.0690167099237442,0.37643900513648987,0.5824412107467651,-0.029456183314323425,0.38115227222442627,0.5291417837142944,-0.06804223358631134,0.39508405327796936,0.5832754969596863,-0.06668511033058167,0.4018391966819763,0.6273335218429565,-0.055725857615470886
0.41498103737831116,0.789259135723114,5.908007665311743e-07,0.4664038419723511,0.7397093772888184,-0.03651038184762001,0.4949563145637512,0.641577422618866,-0.047821465879678726,0.44877874851226807,0.566921591758728,-0.05744270980358124,0.40260645747184753,0.5153165459632874,-0.06429401785135269,0.49292677640914917,0.5289595723152161,-0.009145913645625114,0.4989449679851532,0.42312169075012207,-0.028641747310757637,0.4955480098724365,0.35441386699676514,-0.041890740394592285,0.49191606044769287,0.29426854848861694,-0.050049446523189545,0.4511457085609436,0.5277379155158997,-0.010202883742749691,0.45671796798706055,0.40414154529571533,-0.03600911423563957,0.45994070172309875,0.32960760593414307,-0.05347016453742981,0.4607662260532379,0.2648935616016388,-0.060350608080625534,0.41395410895347595,0.5487015843391418,-0.016840456053614616,0.4096854627132416,0.48874714970588684,-0.06610850989818573,0.42341071367263794,0.5607752799987793,-0.07561086863279343,0.42928382754325867,0.6097277998924255,-0.06590358167886734,0.3776930570602417,0.5823037624359131,-0.025618040934205055,0.3816860616207123,0.5314116477966309,-0.06502961367368698,0.3956606090068817,0.5872522592544556,-0.06429560482501984,0.40207889676094055,0.6306546330451965,-0.05360659584403038
0.41606858372688293,0.7908656597137451,5.815716690449335e-07,0.4673250913619995,0.7408991456031799,-0.03460752218961716,0.4957745373249054,0.6420338749885559,-0.04607035219669342,0.44929835200309753,0.5670983791351318,-0.0563640221953392,0.4030013084411621,0.5160449743270874,-0.06413247436285019,0.492302268743515,0.5314998626708984,-0.009846347384154797,0.49906712770462036,0.42556512355804443,-0.030043313279747963,0.49546316266059875,0.35683220624923706,-0.043741874396800995,0.4924526810646057,0.29626989364624023,-0.052384041249752045,0.4510463774204254,0.5309709310531616,-0.012436472810804844,0.4575856328010559,0.4060884118080139,-0.03896339237689972,0.46087852120399475,0.3301292061805725,-0.05702852085232735,0.46239998936653137,0.2634509801864624,-0.06477037072181702,0.4141539931297302,0.5519190430641174,-0.020251337438821793,0.4109525680541992,0.4884154796600342,-0.06969235837459564,0.42355865240097046,0.5597609281539917,-0.07842173427343369,0.42863959074020386,0.6086679697036743,-0.06857270002365112,0.37823230028152466,0.5857822895050049,-0.030034920200705528,0.3824317455291748,0.5298163294792175,-0.06924126297235489,0.3959110677242279,0.5869874954223633,-0.06735916435718536,0.402386337518692,0.6330569982528687,-0.05611701309680939
0.4150509834289551,0.7905322909355164,5.743817155234865e-07,0.4666404128074646,0.7409057021141052,-0.03616475313901901,0.49518775939941406,0.6426105499267578,-0.04790773615241051,0.4495866596698761,0.5667260885238647,-0.058052241802215576,0.4033886194229126,0.5143545866012573,-0.06554604321718216,0.49273404479026794,0.5325502753257751,-0.010864338837563992,0.49929097294807434,0.42589056491851807,-0.03053056076169014,0.495663583278656,0.3570832312107086,-0.04393964633345604,0.49255022406578064,0.29678264260292053,-0.05233944579958916,0.4513428509235382,0.5312037467956543,-0.012171996757388115,0.4570135474205017,0.4068753719329834,-0.037987470626831055,0.46061867475509644,0.33113089203834534,-0.05575549229979515,0.4624362885951996,0.265049546957016,-0.06333872675895691,0.4144057333469391,0.5515637993812561,-0.018789077177643776,0.41102108359336853,0.48943114280700684,-0.06755544990301132,0.42443785071372986,0.5602837204933167,-0.07691408693790436,0.42983949184417725,0.6098527312278748,-0.0675903707742691,0.37886518239974976,0.5847803354263306,-0.027488401159644127,0.38267427682876587,0.5300151109695435,-0.0663849264383316,0.3966585099697113,0.584938108921051,-0.06520495563745499,0.4033166468143463,0.630267322063446,-0.05449339747428894
0.4160213768482208,0.7902977466583252,5.752336846853723e-07,0.46790066361427307,0.7415746450424194,-0.035818371921777725,0.4970836341381073,0.6454243659973145,-0.04797886684536934,0.44991034269332886,0.5705194473266602,-0.05871626362204552,0.40328654646873474,0.5197696685791016,-0.06688134372234344,0.49295565485954285,0.5331549048423767,-0.011766974814236164,0.49972233176231384,0.42717450857162476,-0.0320708230137825,0.4961628317832947,0.3582191467285156,-0.045860279351472855,0.4929558336734772,0.29784688353538513,-0.054600562900304794,0.4510674476623535,0.5321863889694214,-0.0138950664550066,0.4568846523761749,0.40748509764671326,-0.040108997374773026,0.460409939289093,0.33166778087615967,-0.05806484445929527,0.46201571822166443,0.26523271203041077,-0.0658707395195961,0.4138040542602539,0.5533924698829651,-0.021283160895109177,0.41208192706108093,0.4909869432449341,-0.07032256573438644,0.4257586598396301,0.561208963394165,-0.0795191079378128,0.43051961064338684,0.6095361709594727,-0.0701638013124466,0.37783104181289673,0.5879798531532288,-0.030718838796019554,0.38325878977775574,0.5324838161468506,-0.06968290358781815,0.3981432616710663,0.5872676372528076,-0.06821927428245544,0.40468019247055054,0.6323564052581787,-0.05737316608428955
0.416126549243927,0.7919845581054688,5.959278723821626e-07,0.4681372344493866,0.7420466542243958,-0.03619169816374779,0.495506227016449,0.6443350315093994,-0.048428963869810104,0.4489203989505768,0.5704918503761292,-0.05904217064380646,0.4027751684188843,0.5206702351570129,-0.0670207291841507,0.4925134778022766,0.5323898792266846,-0.01276906207203865,0.4989204704761505,0.42627233266830444,-0.03320958837866783,0.4955640137195587,0.35760074853897095,-0.04716887325048447,0.4923188388347626,0.2971673011779785,-0.05593976750969887,0.45060160756111145,0.5313779711723328,-0.014247969724237919,0.4570883512496948,0.4087309241294861,-0.040830906480550766,0.46081408858299255,0.33272475004196167,-0.05920805782079697,0.4626155197620392,0.26546335220336914,-0.0671607255935669,0.4130983054637909,0.5522038340568542,-0.020910043269395828,0.41076573729515076,0.4923977553844452,-0.06972360610961914,0.42493462562561035,0.56217360496521,-0.07951980829238892,0.43060302734375,0.6104089021682739,-0.07045580446720123,0.37714874744415283,0.5862383842468262,-0.029644671827554703,0.38260161876678467,0.5328575372695923,-0.06845447421073914,0.39778757095336914,0.5879377126693726,-0.06752008944749832,0.4052595794200897,0.633307933807373,-0.05689423531293869
0.41723549365997314,0.7934879064559937,5.832138185724034e-07,0.46807190775871277,0.7456297874450684,-0.036392033100128174,0.49546676874160767,0.6465020179748535,-0.04843998700380325,0.44876629114151,0.5721755027770996,-0.058690957725048065,0.40263602137565613,0.5204801559448242,-0.06628625094890594,0.49320119619369507,0.5332320928573608,-0.012530224397778511,0.49986469745635986,0.4267059564590454,-0.032678570598363876,0.4965227544307709,0.35757991671562195,-0.046286869794130325,0.4932044744491577,0.29669368267059326,-0.05485019087791443,0.4517485797405243,0.532092809677124,-0.013809865340590477,0.4581744968891144,0.40854623913764954,-0.03965606912970543,0.46151313185691833,0.33354389667510986,-0.05719760060310364,0.46284955739974976,0.267027348279953,-0.06469102203845978,0.4148317277431488,0.5528866648674011,-0.020374074578285217,0.4129974842071533,0.491293728351593,-0.06882800906896591,0.4261487126350403,0.5610951781272888,-0.07818833738565445,0.43104392290115356,0.6092308759689331,-0.06911205500364304,0.3791844844818115,0.5869069695472717,-0.0290549136698246,0.38478174805641174,0.5342838168144226,-0.06802228093147278,0.3990655541419983,0.5899164080619812,-0.06722477823495865,0.4057469964027405,0.6345369219779968,-0.05685007572174072
0.4182604253292084,0.7957428693771362,6.218714929673297e-07,0.4667513966560364,0.7464817762374878,-0.03779538720846176,0.4891529083251953,0.6501166224479675,-0.050674568861722946,0.4445246756076813,0.5780271291732788,-0.06189525127410889,0.39789530634880066,0.5282608866691589,-0.07044412195682526,0.4933083951473236,0.5318620204925537,-0.013572126626968384,0.5004703402519226,0.4266391694545746,-0.034904543310403824,0.49790117144584656,0.3574663996696472,-0.04965494945645332,0.4948311448097229,0.29664483666419983,-0.058623239398002625,0.45271819829940796,0.5291262269020081,-0.014003993943333626,0.46058040857315063,0.4077373743057251,-0.04075682908296585,0.46418237686157227,0.3313758969306946,-0.05890592187643051,0.4657829701900482,0.26487645506858826,-0.06633476912975311,0.4152109622955322,0.5507386922836304,-0.019892185926437378,0.4109690487384796,0.49260804057121277,-0.0679306834936142,0.42335930466651917,0.561615526676178,-0.07778904587030411,0.4292825162410736,0.6106546521186829,-0.06856263428926468,0.37919366359710693,0.5859150886535645,-0.028113605454564095,0.38329780101776123,0.5333824753761292,-0.06536154448986053,0.396706223487854,0.587040901184082,-0.06414740532636642,0.4041414260864258,0.6316481828689575,-0.053339891135692596
0.4179333746433258,0.795558750629425,6.207091587384639e-07,0.46562424302101135,0.7481228709220886,-0.04165082052350044,0.48691171407699585,0.6531867980957031,-0.05632321164011955,0.44364646077156067,0.5800837874412537,-0.06859873235225677,0.3987574875354767,0.5276427268981934,-0.07807394117116928,0.49421483278274536,0.5331908464431763,-0.01876881532371044,0.50191330909729,0.4283750653266907,-0.042395513504743576,0.5001943111419678,0.35897573828697205,-0.05868891254067421,0.49806681275367737,0.29765161871910095,-0.06854108721017838,0.45387327671051025,0.5288347601890564,-0.017817920073866844,0.4626202881336212,0.4072525203227997,-0.04656069353222847,0.46615859866142273,0.33183854818344116,-0.06563602387905121,0.46820011734962463,0.266263484954834,-0.07361045479774475,0.41589826345443726,0.5495624542236328,-0.02259465865790844,0.40938520431518555,0.4902194142341614,-0.0725354552268982,0.4212040305137634,0.5623752474784851,-0.08269254863262177,0.4285147488117218,0.614052951335907,-0.07346247881650925,0.37945815920829773,0.5841564536094666,-0.0300513356924057,0.38255763053894043,0.5306019186973572,-0.06866396218538284,0.39531126618385315,0.5853322148323059,-0.06787075102329254,0.4030492901802063,0.6304591298103333,-0.05731955170631409
0.41987407207489014,0.7966079711914062,6.376341161740129e-07,0.46636906266212463,0.74994957447052,-0.044148486107587814,0.4861564040184021,0.6538994312286377,-0.059460751712322235,0.44112125039100647,0.5810462832450867,-0.07174698263406754,0.3962611258029938,0.5291164517402649,-0.08098535984754562,0.4944676160812378,0.5336933135986328,-0.021378016099333763,0.5034175515174866,0.42820489406585693,-0.04534941166639328,0.5023298859596252,0.35830754041671753,-0.06182640790939331,0.5001556873321533,0.29619425535202026,-0.07189645618200302,0.4537515342235565,0.5285025238990784,-0.019290193915367126,0.4641439616680145,0.40724557638168335,-0.04826712608337402,0.46821367740631104,0.33262899518013,-0.06726729869842529,0.47036755084991455,0.267232745885849,-0.07511485368013382,0.4155372977256775,0.5486308336257935,-0.023168008774518967,0.40974390506744385,0.4892817735671997,-0.07375846803188324,0.4217556416988373,0.5627501606941223,-0.08453764021396637,0.4292767345905304,0.6153481006622314,-0.07550551742315292,0.37969711422920227,0.5831828117370605,-0.029936067759990692,0.3841475546360016,0.5312595963478088,-0.06913831830024719,0.39748263359069824,0.5863548517227173,-0.06922359764575958,0.4058259129524231,0.6314833164215088,-0.059254225343465805
0.4241756498813629,0.7963794469833374,6.250182309486263e-07,0.4714793264865875,0.7484051585197449,-0.042683739215135574,0.49184995889663696,0.6535621881484985,-0.05752119794487953,0.44668710231781006,0.5812414884567261,-0.06982431560754776,0.4015704393386841,0.5296404361724854,-0.07921987026929855,0.49895724654197693,0.5332577228546143,-0.019636331126093864,0.5077450275421143,0.42893677949905396,-0.04333413019776344,0.5064034461975098,0.35924655199050903,-0.059549227356910706,0.5035310387611389,0.298039048910141,-0.06932156533002853,0.4573662579059601,0.5281076431274414,-0.018474005162715912,0.46614402532577515,0.40488412976264954,-0.047149550169706345,0.4702458679676056,0.33068719506263733,-0.06569046527147293,0.47215884923934937,0.26673489809036255,-0.07305333763360977,0.4186824560165405,0.5490578413009644,-0.02320963889360428,0.41257497668266296,0.4904670715332031,-0.07322797924280167,0.42665573954582214,0.561484158039093,-0.0839838758111,0.4352170526981354,0.6136294007301331,-0.07500670850276947,0.38224753737449646,0.584126889705658,-0.030755668878555298,0.3865068256855011,0.5304903984069824,-0.06898006051778793,0.40153276920318604,0.5829302668571472,-0.06865362823009491,0.41112643480300903,0.6272727847099304,-0.05853486806154251
0.4254510700702667,0.8000421524047852,6.41147380520124e-07,0.4713190197944641,0.7529091238975525,-0.04410657286643982,0.4910163879394531,0.6553086042404175,-0.059983089566230774,0.4480750560760498,0.5826475024223328,-0.07293727248907089,0.4018881022930145,0.5323596596717834,-0.08306238800287247,0.4983659088611603,0.5344529151916504,-0.02371007762849331,0.5069853663444519,0.42739084362983704,-0.04869169369339943,0.5059619545936584,0.35760629177093506,-0.06546611338853836,0.5041822195053101,0.29528290033340454,-0.07549057900905609,0.45750531554222107,0.5295948386192322,-0.02204228565096855,0.46760469675064087,0.4064509868621826,-0.05205974727869034,0.47234800457954407,0.3314629793167114,-0.07121136039495468,0.4754951000213623,0.2665596008300781,-0.07887300848960876,0.4192119836807251,0.5497596263885498,-0.02618580311536789,0.41361212730407715,0.49295058846473694,-0.07728199660778046,0.42619234323501587,0.5664123892784119,-0.08821175247430801,0.4342697262763977,0.6193528175354004,-0.07909175008535385,0.3837363123893738,0.5837386846542358,-0.03321642428636551,0.3879108428955078,0.5328217148780823,-0.07237567007541656,0.40195706486701965,0.5881340503692627,-0.0723172053694725,0.41119903326034546,0.633632481098175,-0.06219000741839409
0.42482104897499084,0.8000009655952454,6.399409926416411e-07,0.4713912904262543,0.752264142036438,-0.04416947811841965,0.49111345410346985,0.6554751396179199,-0.05963510274887085,0.4476366639137268,0.5819070339202881,-0.07207206636667252,0.401447594165802,0.5311278104782104,-0.08157242834568024,0.4986712634563446,0.5344690680503845,-0.022246960550546646,0.506631076335907,0.42732301354408264,-0.04645123332738876,0.5054494142532349,0.35763251781463623,-0.06278560310602188,0.5033054351806641,0.2955826222896576,-0.07244383543729782,0.4577685594558716,0.5294768214225769,-0.019941221922636032,0.46724697947502136,0.4058045446872711,-0.04883744567632675,0.47165367007255554,0.3307693600654602,-0.06721290946006775,0.47422054409980774,0.26651233434677124,-0.07438264787197113,0.4196265637874603,0.5499972701072693,-0.023555610328912735,0.4134492576122284,0.4927173852920532,-0.07343234121799469,0.42622673511505127,0.5645972490310669,-0.08417438715696335,0.4345925748348236,0.617067277431488,-0.07513143122196198,0.3840896487236023,0.5838455557823181,-0.030112365260720253,0.3878876864910126,0.5329049825668335,-0.06831510365009308,0.40165969729423523,0.5867831110954285,-0.06823324412107468,0.4108878970146179,0.6313290596008301,-0.0582408532500267
0.4247572720050812,0.801257312297821,6.396639378181135e-07,0.47265321016311646,0.7539401650428772,-0.043824728578329086,0.49203699827194214,0.6562257409095764,-0.059296898543834686,0.44832706451416016,0.5832427740097046,-0.07190564274787903,0.40170055627822876,0.5330179333686829,-0.0815696269273758,0.4986126124858856,0.5353651642799377,-0.022701606154441833,0.5077044367790222,0.42909446358680725,-0.047044575214385986,0.5066233277320862,0.3597872257232666,-0.06356725841760635,0.5045458674430847,0.29783952236175537,-0.07363130152225494,0.4575958251953125,0.5295044779777527,-0.0211249440908432,0.46751731634140015,0.40656763315200806,-0.05026811361312866,0.47226086258888245,0.33152487874031067,-0.06906367838382721,0.4752013683319092,0.26706773042678833,-0.07685314863920212,0.41928398609161377,0.5497127771377563,-0.025422092527151108,0.414564311504364,0.49285995960235596,-0.0751877874135971,0.42685332894325256,0.5640830397605896,-0.0860176533460617,0.43430063128471375,0.6165879368782043,-0.07740507274866104,0.38376912474632263,0.5839164853096008,-0.03273491933941841,0.38810813426971436,0.5332318544387817,-0.07079986482858658,0.40253737568855286,0.5855644941329956,-0.07096730917692184,0.41196009516716003,0.6299488544464111,-0.0614357553422451
0.4254164695739746,0.801839292049408,6.208742320268357e-07,0.4733847975730896,0.7541038990020752,-0.042605530470609665,0.4940541088581085,0.6562698483467102,-0.058113764971494675,0.44984930753707886,0.5826603770256042,-0.07100702077150345,0.40270334482192993,0.5337326526641846,-0.08119159191846848,0.4987809360027313,0.5355137586593628,-0.022398503497242928,0.507542610168457,0.43022072315216064,-0.04683986306190491,0.5065247416496277,0.3616751432418823,-0.06356091797351837,0.504494845867157,0.2999066412448883,-0.07387485355138779,0.4576171338558197,0.5301174521446228,-0.021392304450273514,0.4675709307193756,0.40769803524017334,-0.05097232013940811,0.4719393253326416,0.33261826634407043,-0.07050491124391556,0.47424739599227905,0.26680848002433777,-0.07896976917982101,0.41925671696662903,0.5506911873817444,-0.025951581075787544,0.41473451256752014,0.4938817024230957,-0.07608827203512192,0.4286215603351593,0.5661407113075256,-0.08718015253543854,0.436784952878952,0.6195970177650452,-0.07886172086000443,0.3837849795818329,0.5860401391983032,-0.03329998627305031,0.38898590207099915,0.53497713804245,-0.07165783643722534,0.40420296788215637,0.5888190269470215,-0.07167697697877884,0.4138692021369934,0.6346067786216736,-0.062096841633319855
0.42641812562942505,0.8083372116088867,5.87083377467934e-07,0.4770256280899048,0.7583015561103821,-0.035941578447818756,0.5010613799095154,0.6594285368919373,-0.04875478520989418,0.45396095514297485,0.5881455540657043,-0.06042981147766113,0.4055425226688385,0.5406911373138428,-0.06982827931642532,0.4971327483654022,0.5394816398620605,-0.014701438136398792,0.5047133564949036,0.43568095564842224,-0.03682214766740799,0.5021818280220032,0.367045521736145,-0.05205106735229492,0.4991658926010132,0.3059443533420563,-0.06162761151790619,0.45532944798469543,0.5366435050964355,-0.016794882714748383,0.4633728563785553,0.41474103927612305,-0.044244877994060516,0.4675467312335968,0.3402034044265747,-0.06240708753466606,0.4700393080711365,0.27586090564727783,-0.07040975987911224,0.4171100854873657,0.5582433342933655,-0.024020260199904442,0.4190160632133484,0.4968583583831787,-0.07240807265043259,0.4333435297012329,0.5688092112541199,-0.0812872052192688,0.43909919261932373,0.6217203736305237,-0.07205486297607422,0.3812214434146881,0.5951095819473267,-0.03346453607082367,0.38891687989234924,0.5403230786323547,-0.0714271292090416,0.40484827756881714,0.5956701040267944,-0.06979764252901077,0.4129379689693451,0.6436519622802734,-0.059007931500673294
0.4353295564651489,0.819488525390625,6.018301519361557e-07,0.4858059585094452,0.7668279409408569,-0.03512217104434967,0.5079824924468994,0.6694861650466919,-0.04889489337801933,0.4608238935470581,0.6016384363174438,-0.06205443665385246,0.41105565428733826,0.556420624256134,-0.07312726974487305,0.5024316310882568,0.546414315700531,-0.017455248162150383,0.5090268850326538,0.44093847274780273,-0.040834940969944,0.5060129165649414,0.37192827463150024,-0.056584734469652176,0.5022168159484863,0.3106439709663391,-0.06654465198516846,0.4603082835674286,0.5435665249824524,-0.020977597683668137,0.4663952589035034,0.4176347255706787,-0.04961678013205528,0.4682290852069855,0.3402951955795288,-0.06836888939142227,0.4695037007331848,0.27385544776916504,-0.07691936939954758,0.42140695452690125,0.5660118460655212,-0.029347991570830345,0.42613938450813293,0.5004311203956604,-0.07764028757810593,0.4384225010871887,0.5721982717514038,-0.08621565252542496,0.4428218603134155,0.6256682276725769,-0.0770806223154068,0.3852494955062866,0.6038668751716614,-0.03997452184557915,0.3920902907848358,0.5507837533950806,-0.07780667394399643,0.4087602198123932,0.6043704748153687,-0.07636881619691849,0.4183084964752197,0.6516239047050476,-0.065780408680439
0.4358219504356384,0.8208448886871338,5.893415391255985e-07,0.48599547147750854,0.767742395401001,-0.03521712124347687,0.5090562105178833,0.669530987739563,-0.048936761915683746,0.462666392326355,0.6013208627700806,-0.06200437620282173,0.41237637400627136,0.555987536907196,-0.07308513671159744,0.5024921298027039,0.5465210676193237,-0.017398687079548836,0.5087221264839172,0.44186830520629883,-0.0413631796836853,0.5053181648254395,0.372329443693161,-0.05757403001189232,0.5015134811401367,0.30994194746017456,-0.06781226396560669,0.4605747163295746,0.5439846515655518,-0.021060552448034286,0.4659022092819214,0.41894254088401794,-0.05034399777650833,0.4679344892501831,0.34274402260780334,-0.069003164768219,0.46920713782310486,0.27684736251831055,-0.07731166481971741,0.42157191038131714,0.5664740204811096,-0.029594751074910164,0.4269370436668396,0.49981406331062317,-0.07933123409748077,0.4403439462184906,0.574360728263855,-0.08703690022230148,0.4447978734970093,0.6288019418716431,-0.07687120884656906,0.3850579261779785,0.6048587560653687,-0.04031012952327728,0.3932493329048157,0.5490784645080566,-0.07926587760448456,0.41016849875450134,0.6055254340171814,-0.07682590186595917,0.4186188280582428,0.6546104550361633,-0.0651923343539238
0.4349578320980072,0.8211350440979004,5.9861650925086e-07,0.48618999123573303,0.7682957053184509,-0.03599519655108452,0.5094557404518127,0.6701334118843079,-0.04986163601279259,0.46221572160720825,0.6009374260902405,-0.06292072683572769,0.4115821421146393,0.554698646068573,-0.07396220415830612,0.503402054309845,0.5478802919387817,-0.017106084153056145,0.5096286535263062,0.4428264796733856,-0.04090602323412895,0.5062541365623474,0.3730592727661133,-0.057146377861499786,0.5024290680885315,0.31014737486839294,-0.0675458237528801,0.46126043796539307,0.5457419157028198,-0.020210929214954376,0.46691468358039856,0.42109227180480957,-0.04933193698525429,0.46856364607810974,0.3447921872138977,-0.06817245483398438,0.46935543417930603,0.2781071364879608,-0.0767810121178627,0.42218416929244995,0.5680803656578064,-0.0283249132335186,0.42572927474975586,0.5003668069839478,-0.07817474752664566,0.4391660690307617,0.5742942094802856,-0.086367666721344,0.4441813826560974,0.6284710764884949,-0.07661954313516617,0.3853037357330322,0.6057992577552795,-0.03868728503584862,0.3916897773742676,0.5499337911605835,-0.07805195450782776,0.4086851477622986,0.6055716872215271,-0.07630038261413574,0.4179370403289795,0.6539817452430725,-0.06522494554519653
0.4355839490890503,0.8202171325683594,5.98275107677182e-07,0.4856894016265869,0.7691040635108948,-0.035960230976343155,0.509024441242218,0.6712284088134766,-0.049714408814907074,0.4613221287727356,0.6013656258583069,-0.06256534904241562,0.4118461310863495,0.5547798275947571,-0.07318776100873947,0.5039604902267456,0.5485361814498901,-0.016975166276097298,0.5099522471427917,0.4436134099960327,-0.040715064853429794,0.5065129399299622,0.37407195568084717,-0.056601062417030334,0.5020738840103149,0.31187376379966736,-0.06658460199832916,0.4617668092250824,0.5457525849342346,-0.019975541159510612,0.46776407957077026,0.41977205872535706,-0.049608875066041946,0.4701979160308838,0.34255796670913696,-0.06849657744169235,0.4712667465209961,0.2754570543766022,-0.07671619206666946,0.4228706657886505,0.5677772164344788,-0.02797013521194458,0.4263346493244171,0.5013061165809631,-0.07821787148714066,0.44037190079689026,0.5753002166748047,-0.08662611991167068,0.44576194882392883,0.6296203136444092,-0.0766119584441185,0.3860780596733093,0.6052067279815674,-0.03813041374087334,0.3936709761619568,0.5509430766105652,-0.0774228423833847,0.4104152023792267,0.6067404747009277,-0.07567543536424637,0.418973445892334,0.6546323895454407,-0.06442701071500778
0.43580660223960876,0.8217687010765076,5.942105758549587e-07,0.48626863956451416,0.7691903114318848,-0.035361092537641525,0.5097840428352356,0.6719306707382202,-0.049301475286483765,0.46256938576698303,0.6035012602806091,-0.06261890381574631,0.41313016414642334,0.5581579208374023,-0.07387639582157135,0.5037627816200256,0.5492050647735596,-0.01793386973440647,0.5100975632667542,0.4438103437423706,-0.042212869971990585,0.5068638920783997,0.3739461302757263,-0.05840020254254341,0.5029295682907104,0.3117179870605469,-0.06852557510137558,0.4618058502674103,0.5467280745506287,-0.0216270312666893,0.46798911690711975,0.42096784710884094,-0.05152389034628868,0.4700968861579895,0.3435145318508148,-0.07055346667766571,0.47126609086990356,0.2765151560306549,-0.07891068607568741,0.4231642186641693,0.5690841674804688,-0.030177701264619827,0.42667290568351746,0.5028209686279297,-0.08014362305402756,0.44077393412590027,0.5769355893135071,-0.08802872896194458,0.44650208950042725,0.6310131549835205,-0.07776866853237152,0.38683658838272095,0.607205867767334,-0.040924835950136185,0.3935677707195282,0.5519218444824219,-0.07978112250566483,0.41080352663993835,0.6075507998466492,-0.07748153060674667,0.4199955463409424,0.6556286811828613,-0.0658712163567543
0.4376845359802246,0.8233103156089783,6.115858468547231e-07,0.4882652759552002,0.7715944051742554,-0.036213409155607224,0.5129833221435547,0.6731793880462646,-0.04977875202894211,0.465772807598114,0.6040182709693909,-0.06234677508473396,0.41533800959587097,0.5579635500907898,-0.07265909761190414,0.5063382387161255,0.5495882630348206,-0.016367625445127487,0.5129784941673279,0.4449041485786438,-0.04022696241736412,0.5099355578422546,0.37520474195480347,-0.056201595813035965,0.5059430599212646,0.3128153681755066,-0.06617262214422226,0.46390044689178467,0.5465630292892456,-0.019431188702583313,0.4694373905658722,0.4195866286754608,-0.049070075154304504,0.47198736667633057,0.3423052430152893,-0.0677761510014534,0.473413348197937,0.2751527726650238,-0.07564108073711395,0.4249430000782013,0.5684624314308167,-0.02764047682285309,0.43006253242492676,0.5027241110801697,-0.07837652415037155,0.44357970356941223,0.576946496963501,-0.08713484555482864,0.4485313296318054,0.6306101083755493,-0.07708723843097687,0.3881506323814392,0.6054086089134216,-0.038036055862903595,0.3965718448162079,0.5537376403808594,-0.07774803787469864,0.4129529595375061,0.6097285747528076,-0.07642895728349686,0.42131802439689636,0.6562848091125488,-0.06534258276224136
0.436515748500824,0.8222076296806335,6.007600177326822e-07,0.48737093806266785,0.7701408863067627,-0.03518081083893776,0.5123727321624756,0.6740214228630066,-0.048686131834983826,0.46584007143974304,0.6061810255050659,-0.06165718287229538,0.4161919355392456,0.5616630911827087,-0.0725778117775917,0.5057083368301392,0.5479246973991394,-0.01654229126870632,0.5125727653503418,0.44401249289512634,-0.04060173034667969,0.5095112323760986,0.37455475330352783,-0.05690564960241318,0.5055735111236572,0.31280797719955444,-0.06714832037687302,0.4630235433578491,0.5452069640159607,-0.020227443426847458,0.4691007137298584,0.4194762110710144,-0.04986396059393883,0.47121912240982056,0.3421245813369751,-0.0690978467464447,0.47305989265441895,0.27515944838523865,-0.07763203233480453,0.4237804114818573,0.5679364800453186,-0.02883671037852764,0.4301140606403351,0.5025513768196106,-0.07853806763887405,0.44258081912994385,0.5757880210876465,-0.08713427931070328,0.4471183717250824,0.6294440031051636,-0.07744874060153961,0.38698554039001465,0.6063281297683716,-0.03961966931819916,0.3950841426849365,0.5539696216583252,-0.0783190131187439,0.41162237524986267,0.6087921261787415,-0.07663381844758987,0.42061659693717957,0.6558407545089722,-0.06551896780729294
0.4374382793903351,0.8211338520050049,5.992595788484323e-07,0.4878183901309967,0.7689604163169861,-0.03595404326915741,0.5119140148162842,0.671652615070343,-0.049983490258455276,0.46459516882896423,0.6026578545570374,-0.06317804753780365,0.41431254148483276,0.5573906898498535,-0.0741390511393547,0.5064414739608765,0.5477617979049683,-0.017517395317554474,0.512742817401886,0.443010151386261,-0.04174942523241043,0.5094162225723267,0.37360838055610657,-0.057976607233285904,0.5050235986709595,0.31156855821609497,-0.06818331778049469,0.4641322195529938,0.5450796484947205,-0.020851073786616325,0.46974724531173706,0.4188017249107361,-0.05076920986175537,0.4715774953365326,0.34174594283103943,-0.06967217475175858,0.4724186658859253,0.27474310994148254,-0.07788249105215073,0.42512306571006775,0.5671344995498657,-0.029214417561888695,0.43046101927757263,0.501767635345459,-0.07939442992210388,0.443544864654541,0.5748052000999451,-0.0878741592168808,0.4483141303062439,0.6275861263275146,-0.07802727073431015,0.38836655020713806,0.6041386723518372,-0.03982638195157051,0.3964197635650635,0.5524309873580933,-0.0790581926703453,0.4130186140537262,0.6075093150138855,-0.0776495710015297,0.4218848943710327,0.6539900898933411,-0.06670062988996506
0.43773871660232544,0.8209847807884216,6.009424282638065e-07,0.48785579204559326,0.7688829898834229,-0.03551063314080238,0.5115635991096497,0.6717977523803711,-0.04947175085544586,0.465939462184906,0.6038263440132141,-0.06276810169219971,0.41594940423965454,0.558761477470398,-0.07392759621143341,0.5058528184890747,0.5473676919937134,-0.017778370529413223,0.5120944976806641,0.44325706362724304,-0.04211954027414322,0.5089086890220642,0.37420713901519775,-0.058605071157217026,0.5052305459976196,0.3122457265853882,-0.06912772357463837,0.4637688994407654,0.5444408059120178,-0.021368946880102158,0.4688986837863922,0.41847723722457886,-0.0512714684009552,0.47115105390548706,0.3414069712162018,-0.07046663016080856,0.47293490171432495,0.2740734815597534,-0.07916520535945892,0.4246801733970642,0.5664510726928711,-0.029891451820731163,0.4309915006160736,0.4996829628944397,-0.07959845662117004,0.44404587149620056,0.5726744532585144,-0.08804956078529358,0.4486342966556549,0.6258177757263184,-0.07854045182466507,0.3881121873855591,0.6036226749420166,-0.04068366810679436,0.3972162902355194,0.5519105792045593,-0.07964018732309341,0.41379645466804504,0.6066195964813232,-0.07842947542667389,0.4222957193851471,0.6527257561683655,-0.06784243881702423
0.4374341368675232,0.8205047845840454,6.037612365616951e-07,0.48745399713516235,0.7689207196235657,-0.03704091161489487,0.5115215182304382,0.6711552143096924,-0.05155831575393677,0.46521541476249695,0.6014671325683594,-0.06499623507261276,0.41463685035705566,0.5546888113021851,-0.07618100941181183,0.5067946314811707,0.5471990704536438,-0.0189077015966177,0.5129135847091675,0.44175976514816284,-0.04367920011281967,0.5096691846847534,0.3719886243343353,-0.0603296272456646,0.505590558052063,0.3095090985298157,-0.07079817354679108,0.464404433965683,0.5442662239074707,-0.021654924377799034,0.46952390670776367,0.41821497678756714,-0.05186547338962555,0.47191935777664185,0.3417302966117859,-0.07099295407533646,0.47352334856987,0.27499911189079285,-0.07941249012947083,0.42502859234809875,0.5660804510116577,-0.029481027275323868,0.4306962788105011,0.501091718673706,-0.07969663292169571,0.4442920684814453,0.5742151737213135,-0.088111512362957,0.44927215576171875,0.626798689365387,-0.07835566252470016,0.38816532492637634,0.6025932431221008,-0.039669692516326904,0.3967236876487732,0.5516360402107239,-0.07900502532720566,0.4134337604045868,0.607160210609436,-0.07765926420688629,0.4220544695854187,0.6534700989723206,-0.06680622696876526
0.4370238184928894,0.8184406161308289,5.93224626754818e-07,0.4872840940952301,0.7677971124649048,-0.037019096314907074,0.511922299861908,0.6706395745277405,-0.05120678246021271,0.4654925763607025,0.6011715531349182,-0.06433916091918945,0.416314035654068,0.5548271536827087,-0.07535871118307114,0.5074017643928528,0.5464689135551453,-0.018201794475317,0.514356791973114,0.4425031542778015,-0.042821239680051804,0.5113924741744995,0.372689425945282,-0.05958531051874161,0.507803738117218,0.3101862072944641,-0.0701412633061409,0.4654781222343445,0.5437778234481812,-0.020998787134885788,0.4712488055229187,0.41853392124176025,-0.05130518227815628,0.47347456216812134,0.34179866313934326,-0.07094503939151764,0.47502776980400085,0.2744128108024597,-0.07976853847503662,0.4267323911190033,0.5657915472984314,-0.02886791341006756,0.42999735474586487,0.5005156993865967,-0.07940191775560379,0.44307562708854675,0.5740066170692444,-0.08814982324838638,0.4485537111759186,0.6270039081573486,-0.07852906733751297,0.3902464210987091,0.6024701595306396,-0.039045654237270355,0.3973325788974762,0.5484035611152649,-0.07808622717857361,0.4126277565956116,0.6042084693908691,-0.07633569836616516,0.4205241799354553,0.6509877443313599,-0.06534801423549652
0.4378308057785034,0.817017674446106,6.036427748767892e-07,0.4877827763557434,0.7659991979598999,-0.03680092468857765,0.5125424265861511,0.668906569480896,-0.05077597498893738,0.46576279401779175,0.5984494686126709,-0.06351104378700256,0.41536492109298706,0.5528635382652283,-0.07401089370250702,0.5085599422454834,0.545630693435669,-0.017347760498523712,0.5152946710586548,0.4417659044265747,-0.04120450094342232,0.5121636986732483,0.3725314140319824,-0.057497166097164154,0.5086185932159424,0.30993202328681946,-0.06780703365802765,0.4663797914981842,0.5417411923408508,-0.01969762146472931,0.4724137485027313,0.41719961166381836,-0.049038320779800415,0.47480690479278564,0.33991745114326477,-0.06781143695116043,0.4768173396587372,0.2723275423049927,-0.07602105289697647,0.4277084171772003,0.5628215670585632,-0.02715332806110382,0.43184733390808105,0.4993649423122406,-0.07679668813943863,0.44387656450271606,0.5710559487342834,-0.08571764826774597,0.4487763047218323,0.6234299540519714,-0.07633361220359802,0.39114823937416077,0.5984281301498413,-0.036922503262758255,0.39828842878341675,0.5492310523986816,-0.07603108882904053,0.41335809230804443,0.6046306490898132,-0.07510998845100403,0.42205843329429626,0.6507803201675415,-0.06456132233142853
0.438567191362381,0.8152950406074524,5.958225415270135e-07,0.4893512427806854,0.7642642855644226,-0.035914190113544464,0.5146324038505554,0.6678433418273926,-0.04923879727721214,0.46779587864875793,0.5991380214691162,-0.06161166727542877,0.41808852553367615,0.5553523302078247,-0.07174085825681686,0.5091837644577026,0.5438704490661621,-0.01622183434665203,0.5162650346755981,0.44048744440078735,-0.039595283567905426,0.5133873224258423,0.3706653118133545,-0.0556262731552124,0.5095534324645996,0.30820542573928833,-0.06585148721933365,0.46709758043289185,0.5396889448165894,-0.0190567709505558,0.47305458784103394,0.4156225323677063,-0.047944165766239166,0.47539275884628296,0.33858662843704224,-0.06678827106952667,0.4769533574581146,0.27107641100883484,-0.07523904740810394,0.4283573031425476,0.5607383847236633,-0.026919599622488022,0.4346461296081543,0.4952109456062317,-0.07604534924030304,0.44691333174705505,0.5672019124031067,-0.0849970132112503,0.451023131608963,0.6203164458274841,-0.07576582580804825,0.3918681740760803,0.5968591570854187,-0.03706645965576172,0.40042227506637573,0.5454468727111816,-0.07556867599487305,0.4163585603237152,0.5993176698684692,-0.0746275931596756,0.42510151863098145,0.6456960439682007,-0.06421257555484772
0.44088172912597656,0.8102532625198364,5.975753651910054e-07,0.4945054352283478,0.7607731223106384,-0.037072282284498215,0.5214806795120239,0.6643502116203308,-0.050211161375045776,0.4747684895992279,0.5938602089881897,-0.06244635209441185,0.4252442717552185,0.5484402179718018,-0.07251890003681183,0.5152634382247925,0.542292058467865,-0.01405267883092165,0.5231503248214722,0.44001320004463196,-0.0373816192150116,0.5206658840179443,0.3712351322174072,-0.0534917451441288,0.5173113942146301,0.3094475269317627,-0.06384208053350449,0.4727916121482849,0.5384640693664551,-0.017081843689084053,0.4792160093784332,0.4138636291027069,-0.04698043689131737,0.4822021424770355,0.33816832304000854,-0.06646935641765594,0.4833504855632782,0.2712334394454956,-0.07493508607149124,0.4336071312427521,0.5599867701530457,-0.02552580088376999,0.43428826332092285,0.4951271116733551,-0.07819200307130814,0.44900140166282654,0.5715722441673279,-0.08745189756155014,0.4550500512123108,0.6258093118667603,-0.07728617638349533,0.3958165943622589,0.5971850156784058,-0.03614484518766403,0.40268197655677795,0.5409789085388184,-0.07728125900030136,0.4188041388988495,0.5982080698013306,-0.07563416659832001,0.4260910451412201,0.6460436582565308,-0.0642666444182396
0.44435325264930725,0.8102368116378784,6.143802693259204e-07,0.4960908591747284,0.7595734596252441,-0.03385363891720772,0.5216995477676392,0.6629729270935059,-0.04673600569367409,0.4745945930480957,0.5940842628479004,-0.05938851088285446,0.42546921968460083,0.5492734313011169,-0.06960518658161163,0.515509843826294,0.5417894721031189,-0.013556058518588543,0.522720992565155,0.4358436167240143,-0.036823272705078125,0.5203198194503784,0.3663467764854431,-0.052138395607471466,0.5161941647529602,0.30517691373825073,-0.06163659319281578,0.47332432866096497,0.538935124874115,-0.017758024856448174,0.4814244210720062,0.41364315152168274,-0.047622621059417725,0.48527780175209045,0.3356805443763733,-0.06677109748125076,0.486637145280838,0.26819947361946106,-0.07488454133272171,0.43411916494369507,0.5599834322929382,-0.026982491835951805,0.4392853379249573,0.495169460773468,-0.07704231142997742,0.45426368713378906,0.5693982243537903,-0.0850955918431282,0.45981577038764954,0.6226144433021545,-0.07461720705032349,0.3970188796520233,0.5961916446685791,-0.03830487281084061,0.4076709449291229,0.5451743602752686,-0.07667706161737442,0.42464637756347656,0.6003566384315491,-0.07460582256317139,0.4323652684688568,0.6464246511459351,-0.06318487972021103
0.44383397698402405,0.8089418411254883,6.178597118378093e-07,0.4957656264305115,0.7579658627510071,-0.03510091081261635,0.5221635103225708,0.6615522503852844,-0.04813772067427635,0.47710928320884705,0.592738687992096,-0.0606338307261467,0.4272182583808899,0.5502470135688782,-0.0709151178598404,0.5154799818992615,0.5395370125770569,-0.01458365935832262,0.5233167409896851,0.43467140197753906,-0.037674471735954285,0.5212950706481934,0.36544501781463623,-0.05329391360282898,0.5179319977760315,0.3037189245223999,-0.06314451992511749,0.47388678789138794,0.5360670685768127,-0.01791391894221306,0.48152655363082886,0.4122161865234375,-0.04743226617574692,0.48493069410324097,0.3352346420288086,-0.06679222732782364,0.4864294230937958,0.2680845260620117,-0.07522468268871307,0.4351568818092346,0.5570666193962097,-0.026263495907187462,0.4397770166397095,0.492948055267334,-0.07629720121622086,0.453702837228775,0.5680471658706665,-0.08492031693458557,0.4591465890407562,0.6223074197769165,-0.0748881846666336,0.3984954357147217,0.5930048823356628,-0.036779336631298065,0.4071979522705078,0.5419193506240845,-0.07553992420434952,0.42352283000946045,0.5973402857780457,-0.0739276111125946,0.43179431557655334,0.6440600156784058,-0.0627959668636322
0.4445347189903259,0.8067297339439392,6.186344307934633e-07,0.49628472328186035,0.755035400390625,-0.0331585630774498,0.5231795907020569,0.6592156887054443,-0.045590367168188095,0.4767921566963196,0.5922411680221558,-0.057907186448574066,0.42668890953063965,0.5522935390472412,-0.06810904294252396,0.5147254467010498,0.5385075807571411,-0.013013972900807858,0.5228469967842102,0.43518221378326416,-0.03568292781710625,0.5207873582839966,0.36706945300102234,-0.05086600035429001,0.5181723833084106,0.3060610592365265,-0.06058332324028015,0.47293487191200256,0.5355821251869202,-0.01737796701490879,0.4807467460632324,0.41262733936309814,-0.04656324163079262,0.48424452543258667,0.3357016444206238,-0.06549104303121567,0.4864693284034729,0.26913779973983765,-0.07386083155870438,0.43439286947250366,0.5569810271263123,-0.026636850088834763,0.4402236342430115,0.49224331974983215,-0.0762118399143219,0.453402578830719,0.5674234628677368,-0.08404459059238434,0.4583126902580261,0.6216962337493896,-0.07373827695846558,0.39829862117767334,0.5934398770332336,-0.037950653582811356,0.40709683299064636,0.543110191822052,-0.07632551342248917,0.422696053981781,0.5991102457046509,-0.07427693158388138,0.43016213178634644,0.6454637050628662,-0.06301692873239517
0.4435993731021881,0.8048510551452637,6.404887926692027e-07,0.49657002091407776,0.7537803649902344,-0.03413641080260277,0.5239961743354797,0.6570057272911072,-0.04641863703727722,0.4757368862628937,0.5902562141418457,-0.058392755687236786,0.425211638212204,0.5538456439971924,-0.06814718246459961,0.513224184513092,0.5383303165435791,-0.01275150291621685,0.5209323167800903,0.433998703956604,-0.03544539213180542,0.518925666809082,0.3656840920448303,-0.05045221745967865,0.5162379145622253,0.305148720741272,-0.059842515736818314,0.4712851345539093,0.5356117486953735,-0.016464274376630783,0.4795459508895874,0.4130812883377075,-0.046149902045726776,0.48333314061164856,0.3355962932109833,-0.06526712328195572,0.4856790602207184,0.26851704716682434,-0.07332231104373932,0.4331806004047394,0.5565876364707947,-0.025257645174860954,0.43703439831733704,0.4943513870239258,-0.07570912688970566,0.4506552815437317,0.571112871170044,-0.0838785469532013,0.45655640959739685,0.6261683702468872,-0.07317962497472763,0.39720654487609863,0.5923016667366028,-0.03615938127040863,0.4049614667892456,0.5433534383773804,-0.0749417245388031,0.4208087623119354,0.5997498035430908,-0.07303468883037567,0.42880529165267944,0.6457280516624451,-0.06158089637756348
0.44256091117858887,0.8014935851097107,6.661409202024515e-07,0.49622881412506104,0.7487316131591797,-0.034247931092977524,0.5257338881492615,0.6527260541915894,-0.046619925647974014,0.47811684012413025,0.587372362613678,-0.058739230036735535,0.4270562529563904,0.5534671545028687,-0.06862485408782959,0.5125401616096497,0.5360152721405029,-0.012101135216653347,0.5212247967720032,0.43214911222457886,-0.035010986030101776,0.5194922089576721,0.3638378977775574,-0.050287067890167236,0.5172610282897949,0.3032510280609131,-0.059817634522914886,0.4705358147621155,0.5338793396949768,-0.016060877591371536,0.47911694645881653,0.4118000864982605,-0.0458746999502182,0.4832758903503418,0.33386123180389404,-0.0652540773153305,0.4858591854572296,0.2661575675010681,-0.07341382652521133,0.43264561891555786,0.555095911026001,-0.02520480565726757,0.43659764528274536,0.4942165017127991,-0.07600338011980057,0.44986432790756226,0.5695601105690002,-0.08461835980415344,0.45545852184295654,0.6227400302886963,-0.07407243549823761,0.3968234658241272,0.5909188389778137,-0.036474958062171936,0.40535977482795715,0.5424282550811768,-0.07500302791595459,0.4206569790840149,0.597903311252594,-0.07306748628616333,0.42786529660224915,0.64214026927948,-0.061670247465372086
0.4432954490184784,0.8000789880752563,6.663210569968214e-07,0.49672040343284607,0.747020423412323,-0.03338271751999855,0.5259889364242554,0.6503611207008362,-0.04499245807528496,0.4774928092956543,0.5857521891593933,-0.05650230124592781,0.4262014329433441,0.5528447031974792,-0.06569347530603409,0.5130733847618103,0.5360086560249329,-0.01056512538343668,0.5214725136756897,0.43183234333992004,-0.032518401741981506,0.5196080207824707,0.3640492558479309,-0.047030746936798096,0.5169447660446167,0.3042070269584656,-0.05616569146513939,0.4708661437034607,0.5334169268608093,-0.014725636690855026,0.4796096086502075,0.4112470746040344,-0.04378489404916763,0.4843081533908844,0.3333964943885803,-0.06272619962692261,0.4870671331882477,0.26599764823913574,-0.07068859040737152,0.4323205351829529,0.5541204810142517,-0.024053525179624557,0.43681198358535767,0.49071019887924194,-0.07422319799661636,0.4502803087234497,0.5675681233406067,-0.08267739415168762,0.45548826456069946,0.6218088865280151,-0.07212691754102707,0.39595192670822144,0.5892609357833862,-0.03547866269946098,0.40557512640953064,0.5427533984184265,-0.07409552484750748,0.4215236306190491,0.5979830622673035,-0.07283399999141693,0.42865225672721863,0.641616940498352,-0.06191667914390564
0.4441579282283783,0.8011561036109924,6.654544222328695e-07,0.4972859025001526,0.7482169270515442,-0.03460858762264252,0.5260470509529114,0.6503995656967163,-0.046914566308259964,0.47748905420303345,0.584738552570343,-0.058719322085380554,0.4261621832847595,0.5516651272773743,-0.06832071393728256,0.513359010219574,0.5351353287696838,-0.013021530583500862,0.521404504776001,0.4299631714820862,-0.035790666937828064,0.5196512937545776,0.3609524071216583,-0.051097504794597626,0.5174225568771362,0.2996794879436493,-0.06068292260169983,0.47142770886421204,0.5328128337860107,-0.016443323343992233,0.4804193079471588,0.412051796913147,-0.045816820114851,0.4849190413951874,0.3347164988517761,-0.06518066674470901,0.4878447949886322,0.26666510105133057,-0.07349799573421478,0.4330041706562042,0.5537837147712708,-0.024964692071080208,0.43762001395225525,0.49195337295532227,-0.07514148950576782,0.451101690530777,0.5687350630760193,-0.08361537754535675,0.45657315850257874,0.6230614185333252,-0.07318083196878433,0.39653894305229187,0.5892512798309326,-0.035648904740810394,0.40542951226234436,0.5416684150695801,-0.07414303719997406,0.4212072789669037,0.597295343875885,-0.07241275161504745,0.4288352131843567,0.6416119933128357,-0.06114351004362106
0.44292593002319336,0.7988178730010986,6.586145104847674e-07,0.4971502125263214,0.7465348839759827,-0.03427927568554878,0.5261978507041931,0.6504179835319519,-0.046645306050777435,0.47835609316825867,0.5841571688652039,-0.05861383303999901,0.4269057512283325,0.5508121252059937,-0.0685557872056961,0.5141538977622986,0.5348498821258545,-0.013315897434949875,0.522621750831604,0.4308462142944336,-0.036237601190805435,0.5211099982261658,0.3621038794517517,-0.05159732699394226,0.5187937021255493,0.30096831917762756,-0.06115276366472244,0.4721967577934265,0.5318492650985718,-0.016871538013219833,0.4810866117477417,0.41069677472114563,-0.046341847628355026,0.4856293797492981,0.3332828879356384,-0.06538446247577667,0.4884195327758789,0.2658771574497223,-0.073428213596344,0.4336773157119751,0.5526140332221985,-0.025449763983488083,0.4384070932865143,0.4912404716014862,-0.07564220577478409,0.45149871706962585,0.5669195055961609,-0.08409776538610458,0.4567646384239197,0.6215780377388,-0.07364081591367722,0.39668264985084534,0.5879166722297668,-0.036131832748651505,0.4056917428970337,0.5403986573219299,-0.07459121197462082,0.42101287841796875,0.5950784683227539,-0.07277326285839081,0.42816051840782166,0.6399009227752686,-0.061431851238012314
0.44313329458236694,0.7994127869606018,6.826400067438954e-07,0.4975453317165375,0.7477849721908569,-0.035025451332330704,0.5277678370475769,0.6496515870094299,-0.04749709367752075,0.48077091574668884,0.5835476517677307,-0.059434134513139725,0.42933356761932373,0.5521361827850342,-0.06907781213521957,0.5143726468086243,0.5335760116577148,-0.013580083847045898,0.5237777233123779,0.4290304481983185,-0.03704209253191948,0.5227205753326416,0.35982546210289,-0.05271105468273163,0.520903468132019,0.29862380027770996,-0.062453024089336395,0.4718701243400574,0.5304780602455139,-0.017103184014558792,0.481987863779068,0.4107760190963745,-0.047354333102703094,0.4874309003353119,0.3326624631881714,-0.06695151329040527,0.49084869027137756,0.26372966170310974,-0.07518728077411652,0.43268081545829773,0.5510578751564026,-0.025782765820622444,0.4386459290981293,0.49116671085357666,-0.07662590593099594,0.45182347297668457,0.5678905844688416,-0.08500926941633224,0.4566676914691925,0.6222120523452759,-0.07424149662256241,0.3955416679382324,0.5863814353942871,-0.03671161085367203,0.4061637818813324,0.5415860414505005,-0.07544681429862976,0.4218039810657501,0.5968273282051086,-0.07369765639305115,0.4286136329174042,0.6407256722450256,-0.062266819179058075
0.4427596628665924,0.7999560236930847,6.604608415727853e-07,0.4979475736618042,0.7481327056884766,-0.034248899668455124,0.5288382768630981,0.6497064828872681,-0.04595451429486275,0.48095038533210754,0.583284854888916,-0.05723133683204651,0.4291350245475769,0.5529663562774658,-0.06647840142250061,0.514695942401886,0.5341136455535889,-0.012169552966952324,0.524319589138031,0.4305439591407776,-0.03479354456067085,0.5234332084655762,0.361768513917923,-0.05019848421216011,0.5218084454536438,0.3003486692905426,-0.06004275381565094,0.4725213050842285,0.5310107469558716,-0.01592549867928028,0.4819817841053009,0.4113505482673645,-0.04515949636697769,0.4870312213897705,0.33398836851119995,-0.06441067159175873,0.49017333984375,0.26557135581970215,-0.07275748997926712,0.43415507674217224,0.5517177581787109,-0.024784091860055923,0.4389035105705261,0.4908904731273651,-0.07512754201889038,0.45168495178222656,0.5664607286453247,-0.08378040790557861,0.4565770626068115,0.6204290390014648,-0.07350150495767593,0.3974796235561371,0.5873263478279114,-0.035784512758255005,0.405752956867218,0.5406965017318726,-0.0746641680598259,0.42151129245758057,0.5959436297416687,-0.07312463968992233,0.4292032718658447,0.6409603953361511,-0.0619937963783741
0.44356223940849304,0.7982692718505859,6.634461442445172e-07,0.4985743463039398,0.746778130531311,-0.033618178218603134,0.5300871729850769,0.6498143076896667,-0.04534448683261871,0.4820714592933655,0.583549439907074,-0.0569409504532814,0.4303833842277527,0.5520756244659424,-0.06641603261232376,0.5150600671768188,0.5331970453262329,-0.011318394914269447,0.5246198773384094,0.42942214012145996,-0.0337555967271328,0.5237727761268616,0.3603580594062805,-0.04876823350787163,0.5221498608589172,0.29951632022857666,-0.05826043337583542,0.4726444482803345,0.5307468771934509,-0.015688179060816765,0.4822542369365692,0.4102511405944824,-0.04502921923995018,0.48753035068511963,0.33255040645599365,-0.06416453421115875,0.49083074927330017,0.26461848616600037,-0.07232251763343811,0.4341328740119934,0.5522378087043762,-0.025183958932757378,0.4399547278881073,0.4892734885215759,-0.07613705098628998,0.4532497525215149,0.566129207611084,-0.08460637927055359,0.45805737376213074,0.6206483840942383,-0.07387443631887436,0.3972806930541992,0.5888223052024841,-0.0367160327732563,0.40703240036964417,0.5399478673934937,-0.07615075260400772,0.4234620928764343,0.5958802103996277,-0.07459530979394913,0.43081772327423096,0.641369640827179,-0.06323056668043137
0.443143367767334,0.798130989074707,6.777251542189333e-07,0.4993935525417328,0.7459604740142822,-0.03458032011985779,0.5304111242294312,0.648894190788269,-0.04669259116053581,0.4817539155483246,0.582794189453125,-0.05844424292445183,0.4297947585582733,0.5507856607437134,-0.06787083297967911,0.5160679817199707,0.5332465171813965,-0.01202358864247799,0.5257755517959595,0.4289783537387848,-0.0347442664206028,0.5251692533493042,0.3597804605960846,-0.04983062669634819,0.5233466029167175,0.2989598512649536,-0.05929046869277954,0.4729289412498474,0.530677318572998,-0.015848292037844658,0.4826478660106659,0.41058996319770813,-0.04557138681411743,0.48844602704048157,0.33342719078063965,-0.06477876752614975,0.4921000301837921,0.26561084389686584,-0.07278479635715485,0.4335351288318634,0.5520466566085815,-0.024910062551498413,0.44060400128364563,0.49110299348831177,-0.07614785432815552,0.45443978905677795,0.5678360462188721,-0.08495841175317764,0.4590512216091156,0.6215738654136658,-0.07437489181756973,0.3961387276649475,0.5883048176765442,-0.03608741983771324,0.4082297086715698,0.5428133010864258,-0.07576840370893478,0.4248599112033844,0.5985453724861145,-0.07469065487384796,0.4317231774330139,0.6429160833358765,-0.06358765810728073
0.4438408613204956,0.796658992767334,6.820962425990729e-07,0.4996474087238312,0.7441660165786743,-0.03436646983027458,0.5324614644050598,0.6476714611053467,-0.04683978855609894,0.48507410287857056,0.5812186598777771,-0.05889089033007622,0.4332483410835266,0.5510928630828857,-0.06866881996393204,0.5156480669975281,0.5332377552986145,-0.013797465711832047,0.5263214707374573,0.4289470314979553,-0.03747130185365677,0.5259155035018921,0.3599417805671692,-0.0529605895280838,0.5244547128677368,0.2993358075618744,-0.062374912202358246,0.4725188612937927,0.5310441255569458,-0.017804116010665894,0.4827673137187958,0.4103827476501465,-0.048046309500932693,0.4890732169151306,0.3332667946815491,-0.06733811646699905,0.49288418889045715,0.2654988169670105,-0.07521263509988785,0.43347278237342834,0.5523123145103455,-0.026849934831261635,0.4394391179084778,0.4954836070537567,-0.07777608186006546,0.45414626598358154,0.5709812641143799,-0.08616627752780914,0.4598117470741272,0.6240212321281433,-0.0753127783536911,0.3964391052722931,0.5882748961448669,-0.038012027740478516,0.40781494975090027,0.5435258150100708,-0.07601466774940491,0.42412057518959045,0.5979857444763184,-0.07350058853626251,0.43092015385627747,0.6416659951210022,-0.061636388301849365
0.44214344024658203,0.7927764654159546,6.996950219217979e-07,0.5021519660949707,0.7408439517021179,-0.03558037057518959,0.5377954840660095,0.6451913714408875,-0.04781315103173256,0.4897565543651581,0.577465295791626,-0.059530109167099,0.43640968203544617,0.5527656674385071,-0.06897121667861938,0.5159603357315063,0.5364450216293335,-0.014377936720848083,0.5282282829284668,0.4307630658149719,-0.03766598179936409,0.5288064479827881,0.361998975276947,-0.05242564156651497,0.5281041860580444,0.3020164668560028,-0.06107804924249649,0.47244057059288025,0.5346555709838867,-0.017696881666779518,0.48414114117622375,0.41363513469696045,-0.048355236649513245,0.49177491664886475,0.33663007616996765,-0.06778991967439651,0.4959510862827301,0.2697364389896393,-0.07539594918489456,0.43374103307724,0.5542510151863098,-0.026141537353396416,0.4400806427001953,0.5032333135604858,-0.07848053425550461,0.45647522807121277,0.5795516967773438,-0.08809148520231247,0.4630297124385834,0.6330733299255371,-0.07724355906248093,0.39626169204711914,0.586650013923645,-0.03669448569417,0.40940070152282715,0.5435461401939392,-0.07470819354057312,0.4267781674861908,0.5970256924629211,-0.07242069393396378,0.43357446789741516,0.6404585242271423,-0.060658685863018036
0.4449484348297119,0.7883887887001038,7.095827641023789e-07,0.5031697750091553,0.7374962568283081,-0.03566912189126015,0.5386701226234436,0.644314169883728,-0.04866855591535568,0.49247244000434875,0.5769389867782593,-0.060869570821523666,0.44042009115219116,0.5511166453361511,-0.07077544927597046,0.5170812606811523,0.5340327620506287,-0.016757972538471222,0.5275425910949707,0.42822355031967163,-0.04029785096645355,0.5275487303733826,0.3597901165485382,-0.05488132685422897,0.5268126726150513,0.3001566231250763,-0.06325895339250565,0.47334548830986023,0.5329220294952393,-0.019887877628207207,0.484300822019577,0.4117027819156647,-0.05033081769943237,0.4917413890361786,0.33452948927879333,-0.06903176009654999,0.4968116581439972,0.26784369349479675,-0.0760800912976265,0.4344445466995239,0.5535078048706055,-0.0279505904763937,0.44117864966392517,0.5000849962234497,-0.08002900332212448,0.4565005302429199,0.5766975283622742,-0.08874866366386414,0.4628254473209381,0.6310877203941345,-0.0772276297211647,0.39685994386672974,0.587296724319458,-0.03802042454481125,0.40856945514678955,0.5424224138259888,-0.07632418721914291,0.4249202609062195,0.5974701642990112,-0.07354366779327393,0.4314609467983246,0.6420648694038391,-0.06111910939216614
0.445940226316452,0.7837074995040894,7.095108003341011e-07,0.5054645538330078,0.7341681718826294,-0.03439754247665405,0.5397724509239197,0.6371994018554688,-0.04596095159649849,0.49176445603370667,0.5693508982658386,-0.056879185140132904,0.43851524591445923,0.5478870868682861,-0.06555916368961334,0.5160067677497864,0.529994547367096,-0.014695136807858944,0.5272518992424011,0.42410480976104736,-0.03671000525355339,0.5283288955688477,0.3559114933013916,-0.050502631813287735,0.5287436842918396,0.29684269428253174,-0.05852458253502846,0.4712458848953247,0.5291340947151184,-0.01786733791232109,0.48335200548171997,0.4109986424446106,-0.04714177921414375,0.49268338084220886,0.3350605070590973,-0.06543195992708206,0.4990488290786743,0.26918482780456543,-0.07264953851699829,0.43135279417037964,0.5488191246986389,-0.025850210338830948,0.4410373866558075,0.492978572845459,-0.07653175294399261,0.4573720693588257,0.5695009827613831,-0.08454307168722153,0.46275001764297485,0.6247908473014832,-0.07300695031881332,0.39346379041671753,0.581587553024292,-0.03577619418501854,0.4079219102859497,0.5318727493286133,-0.07258014380931854,0.42512574791908264,0.5856361985206604,-0.06889829784631729,0.4303746521472931,0.6311625242233276,-0.0562795028090477
0.44433578848838806,0.7844130992889404,7.039893716864754e-07,0.5036897659301758,0.7353955507278442,-0.03496679291129112,0.53872150182724,0.6379636526107788,-0.046700891107320786,0.49161410331726074,0.5697242617607117,-0.05783592909574509,0.43833106756210327,0.5511584877967834,-0.06712499260902405,0.5142274498939514,0.5329869389533997,-0.01580578275024891,0.5265346765518188,0.4288085103034973,-0.038714099675416946,0.527727484703064,0.3602389991283417,-0.053362973034381866,0.5289776921272278,0.29982250928878784,-0.06207778677344322,0.4698670506477356,0.5309721827507019,-0.018741155043244362,0.4826303720474243,0.414821594953537,-0.049059800803661346,0.4921756684780121,0.3398215174674988,-0.06780663877725601,0.49953922629356384,0.27486762404441833,-0.07530613988637924,0.43059489130973816,0.5499024391174316,-0.02636311948299408,0.43823274970054626,0.493546724319458,-0.07768428325653076,0.45289337635040283,0.5712235569953918,-0.0847192108631134,0.45825356245040894,0.628935694694519,-0.07241001725196838,0.39331650733947754,0.5827796459197998,-0.036020997911691666,0.40473103523254395,0.5308651924133301,-0.07295447587966919,0.4209572672843933,0.5854482054710388,-0.06813839823007584,0.4263809323310852,0.633394718170166,-0.05463627353310585
0.4451127350330353,0.7844693660736084,7.140066600186401e-07,0.5053694844245911,0.7361510992050171,-0.034468285739421844,0.5397610068321228,0.6389418840408325,-0.046299632638692856,0.4913347065448761,0.5706923604011536,-0.05745542794466019,0.43785935640335083,0.5494840145111084,-0.06662677228450775,0.5136739611625671,0.5347445011138916,-0.016000233590602875,0.5255215167999268,0.42889726161956787,-0.03831685706973076,0.5266141891479492,0.359785795211792,-0.052345775067806244,0.5272608995437622,0.2990877330303192,-0.060707803815603256,0.46883484721183777,0.5330817699432373,-0.018982285633683205,0.48216548562049866,0.41595929861068726,-0.048627398908138275,0.4917675852775574,0.3418194055557251,-0.06660822778940201,0.4981882870197296,0.2778930962085724,-0.07369239628314972,0.4289635717868805,0.5517336130142212,-0.0265792403370142,0.4385615289211273,0.4928596615791321,-0.0773317888379097,0.45410364866256714,0.5705135464668274,-0.0837753489613533,0.45889586210250854,0.6283502578735352,-0.07129007577896118,0.3914634585380554,0.5837419629096985,-0.036125823855400085,0.40486860275268555,0.5313583612442017,-0.07286553084850311,0.42192602157592773,0.5855887532234192,-0.06795689463615417,0.4270889163017273,0.6333029270172119,-0.05447249114513397
0.4442061483860016,0.784319281578064,7.178351211223344e-07,0.5043485760688782,0.7360877990722656,-0.035335324704647064,0.5392352938652039,0.6397132873535156,-0.047382306307554245,0.49153995513916016,0.5714637637138367,-0.05862470716238022,0.4377261996269226,0.5508757829666138,-0.0679645761847496,0.5133759379386902,0.5351916551589966,-0.01685749739408493,0.5250685214996338,0.4292786121368408,-0.0393238328397274,0.525825023651123,0.36005136370658875,-0.0534726157784462,0.5265020728111267,0.29923611879348755,-0.061874665319919586,0.46860021352767944,0.5334946513175964,-0.019259421154856682,0.4813383221626282,0.41664648056030273,-0.04898931086063385,0.490329384803772,0.34216293692588806,-0.06708908826112747,0.49688345193862915,0.27811986207962036,-0.07425523549318314,0.42870259284973145,0.5521566867828369,-0.026301655918359756,0.4383102357387543,0.49279582500457764,-0.07714254409074783,0.45327335596084595,0.5707067847251892,-0.08370348066091537,0.4581049978733063,0.6288955211639404,-0.07126831263303757,0.39096584916114807,0.5842089056968689,-0.03534810617566109,0.4042510688304901,0.532384991645813,-0.07234348356723785,0.4210110306739807,0.586685299873352,-0.06771548092365265,0.4261772036552429,0.6344738602638245,-0.05435846000909805
0.4452868402004242,0.7855227589607239,7.179131102930114e-07,0.5053627490997314,0.7372101545333862,-0.034777168184518814,0.5391517281532288,0.6403592824935913,-0.04658295586705208,0.4909762740135193,0.5729100108146667,-0.057621534913778305,0.4371478259563446,0.5530110597610474,-0.06679125875234604,0.5130085945129395,0.5349318981170654,-0.016666099429130554,0.5233438014984131,0.42778533697128296,-0.03896893188357353,0.5235901474952698,0.35852962732315063,-0.05304745212197304,0.5235882997512817,0.2980094254016876,-0.06138123944401741,0.4680410623550415,0.5336767435073853,-0.019566921517252922,0.4799444079399109,0.41521936655044556,-0.04891625791788101,0.4883868098258972,0.34023013710975647,-0.06686137616634369,0.4938879907131195,0.27557966113090515,-0.07387867569923401,0.42824500799179077,0.5536216497421265,-0.02707478031516075,0.43630334734916687,0.4944817125797272,-0.07770504802465439,0.4518711268901825,0.5716922879219055,-0.08434468507766724,0.4568341076374054,0.629172682762146,-0.07189077883958817,0.3905709683895111,0.5874930024147034,-0.03651045262813568,0.4016987085342407,0.5331770777702332,-0.0731980949640274,0.41903120279312134,0.5871492624282837,-0.0680738165974617,0.42493298649787903,0.6351852416992188,-0.0543304979801178
0.4441773295402527,0.7874583005905151,7.097134471223399e-07,0.5045307874679565,0.739193856716156,-0.03448592498898506,0.5388531684875488,0.6404344439506531,-0.04579192027449608,0.49108514189720154,0.5727859139442444,-0.05651388317346573,0.4369274079799652,0.5553831458091736,-0.06543365120887756,0.5119538307189941,0.5338054299354553,-0.015843626111745834,0.5214054584503174,0.4275389313697815,-0.03860115259885788,0.520880937576294,0.3582572937011719,-0.052882272750139236,0.5202977657318115,0.2982650697231293,-0.06121314316987991,0.46694645285606384,0.5328003764152527,-0.019148927181959152,0.4775087535381317,0.4135124087333679,-0.04903152585029602,0.48519718647003174,0.33657917380332947,-0.06744446605443954,0.4905964434146881,0.26994064450263977,-0.07450602948665619,0.42733702063560486,0.5537108778953552,-0.02710515633225441,0.4351770281791687,0.4958571791648865,-0.07859137654304504,0.4510710537433624,0.5726507306098938,-0.08614546805620193,0.4568024277687073,0.6297323107719421,-0.07394636422395706,0.38988742232322693,0.5889732241630554,-0.03693852946162224,0.4011208117008209,0.5379137992858887,-0.07443308085203171,0.4184457063674927,0.5916764140129089,-0.07011409848928452,0.42456769943237305,0.6385941505432129,-0.05671969801187515
0.44337695837020874,0.7873790860176086,7.136126782825158e-07,0.5037567019462585,0.7388874292373657,-0.03382345661520958,0.5383228063583374,0.6401053667068481,-0.044749561697244644,0.4901466965675354,0.5736680626869202,-0.055231764912605286,0.4355354309082031,0.5553152561187744,-0.06366073340177536,0.510718584060669,0.5293198227882385,-0.013482602313160896,0.5196462869644165,0.42415982484817505,-0.035479702055454254,0.5184253454208374,0.35582035779953003,-0.04920279607176781,0.5165160298347473,0.29721498489379883,-0.05715372413396835,0.4656760096549988,0.5296673774719238,-0.017414741218090057,0.4749660789966583,0.4082624316215515,-0.046883322298526764,0.48161646723747253,0.3307180404663086,-0.06537550687789917,0.48516160249710083,0.26342523097991943,-0.07227038592100143,0.42671725153923035,0.5520777106285095,-0.02610260806977749,0.4338391125202179,0.4968622922897339,-0.07800983637571335,0.4514288604259491,0.5737734436988831,-0.0863608568906784,0.4579542279243469,0.6293690204620361,-0.07438607513904572,0.3896459937095642,0.5888085961341858,-0.03659885376691818,0.4010489583015442,0.5402718782424927,-0.0744464248418808,0.4190172553062439,0.5941092371940613,-0.07068435102701187,0.4254169166088104,0.6395286321640015,-0.05758504942059517
0.44405895471572876,0.7910044193267822,7.192680868683965e-07,0.5040367245674133,0.7397909164428711,-0.03464620187878609,0.5375897884368896,0.6409857869148254,-0.0466008298099041,0.4877419173717499,0.5754361152648926,-0.05813579261302948,0.43285706639289856,0.5590255856513977,-0.06765502691268921,0.5085926055908203,0.5294963121414185,-0.014939157292246819,0.5165219902992249,0.4235028028488159,-0.03779275342822075,0.5141524076461792,0.3544573187828064,-0.052254363894462585,0.5114119052886963,0.2946608364582062,-0.060769110918045044,0.4642406105995178,0.5307679772377014,-0.019254177808761597,0.4728411138057709,0.4083288908004761,-0.04906954988837242,0.47848132252693176,0.3282265067100525,-0.06799336522817612,0.4813457727432251,0.2591867744922638,-0.07539480179548264,0.42642590403556824,0.554473340511322,-0.028402486816048622,0.43295902013778687,0.5000724196434021,-0.08039996027946472,0.45019808411598206,0.5763332843780518,-0.08887071907520294,0.4569680392742157,0.6321212649345398,-0.07707277685403824,0.3901320695877075,0.5931636691093445,-0.03952913358807564,0.4010493755340576,0.5431268811225891,-0.07716470211744308,0.4195747971534729,0.5975161194801331,-0.0730295330286026,0.42709624767303467,0.6445035338401794,-0.05977122113108635
0.4439290165901184,0.7938863039016724,7.293133421626408e-07,0.5035842061042786,0.741303563117981,-0.03451918065547943,0.5370401740074158,0.6407895088195801,-0.045989472419023514,0.48768848180770874,0.576115071773529,-0.057243093848228455,0.43225595355033875,0.5604417324066162,-0.06635510921478271,0.507858395576477,0.5302543640136719,-0.013270764611661434,0.5149497389793396,0.4241250455379486,-0.03639041259884834,0.5120136737823486,0.355011522769928,-0.051077187061309814,0.5086562037467957,0.2951604425907135,-0.05970326066017151,0.463133841753006,0.53106689453125,-0.017649028450250626,0.47098204493522644,0.4081175923347473,-0.04813924804329872,0.4761444330215454,0.3267095983028412,-0.06758102774620056,0.4782770872116089,0.2565968632698059,-0.07508262246847153,0.4250403940677643,0.5541535019874573,-0.027038808912038803,0.4311214089393616,0.5012508630752563,-0.07962298393249512,0.4494953751564026,0.5775915384292603,-0.08872630447149277,0.45717987418174744,0.6331100463867188,-0.07705888897180557,0.38875049352645874,0.591942548751831,-0.03848835453391075,0.4002777338027954,0.5463937520980835,-0.07651989907026291,0.4194733500480652,0.6000674366950989,-0.07328680157661438,0.42760348320007324,0.6454764604568481,-0.06054242327809334
0.44389772415161133,0.7975521087646484,7.113254127943947e-07,0.5031396746635437,0.7462666034698486,-0.03453689441084862,0.5352621078491211,0.6432703733444214,-0.04572531208395958,0.4853588044643402,0.5787447094917297,-0.05650462955236435,0.42935681343078613,0.5642542243003845,-0.06508716195821762,0.5071227550506592,0.5287336707115173,-0.012614353559911251,0.5123100280761719,0.4222865104675293,-0.034724246710538864,0.5077798366546631,0.3536052107810974,-0.04879731312394142,0.5026811361312866,0.2944503426551819,-0.05718355253338814,0.46222537755966187,0.5306541919708252,-0.01735207810997963,0.46725761890411377,0.40546292066574097,-0.04674345254898071,0.46950429677963257,0.3240291476249695,-0.06560467183589935,0.4687395989894867,0.25502175092697144,-0.0727030485868454,0.4244919419288635,0.5557205677032471,-0.027162251994013786,0.4286591708660126,0.5020427703857422,-0.07965466380119324,0.44771143794059753,0.5784929990768433,-0.08912619948387146,0.4558384120464325,0.634213924407959,-0.07765025645494461,0.3888190984725952,0.5960229635238647,-0.03899899125099182,0.3990389406681061,0.5489568114280701,-0.07771431654691696,0.41875746846199036,0.603941798210144,-0.07482009381055832,0.4277709424495697,0.6501270532608032,-0.06217576190829277
0.4430900812149048,0.8001143932342529,6.949264275135647e-07,0.5027022361755371,0.7482433319091797,-0.03457024320960045,0.5348936915397644,0.6452494859695435,-0.04567394033074379,0.4859352111816406,0.5801981687545776,-0.05655298009514809,0.4305434823036194,0.5660601258277893,-0.06536464393138885,0.5065104961395264,0.529015302658081,-0.01249756757169962,0.5115784406661987,0.4238409101963043,-0.035099975764751434,0.5068092942237854,0.35522669553756714,-0.0497085265815258,0.5021542906761169,0.29563796520233154,-0.05863197147846222,0.46191495656967163,0.5314908623695374,-0.017479730769991875,0.466776043176651,0.406583309173584,-0.04750436544418335,0.46874624490737915,0.3253912925720215,-0.06687812507152557,0.4683837294578552,0.2561214566230774,-0.07456055283546448,0.42466068267822266,0.5573578476905823,-0.027561001479625702,0.4265691041946411,0.5023858547210693,-0.08048824965953827,0.4450237452983856,0.5786328911781311,-0.08980099856853485,0.45343127846717834,0.6347237825393677,-0.07836392521858215,0.38920095562934875,0.598620593547821,-0.03974844887852669,0.3967549204826355,0.548743724822998,-0.07834843546152115,0.41643622517585754,0.603074312210083,-0.07515929639339447,0.4259096086025238,0.6495547294616699,-0.06254909932613373
0.44360387325286865,0.8008010387420654,7.042932566037052e-07,0.5022050738334656,0.7489495277404785,-0.03512817621231079,0.5341888070106506,0.6465154886245728,-0.04670735076069832,0.48534029722213745,0.5817247033119202,-0.05793518200516701,0.4302792549133301,0.5661966800689697,-0.06691557168960571,0.5057322978973389,0.530249297618866,-0.013353669084608555,0.5102023482322693,0.4240591526031494,-0.03575645759701729,0.5054306983947754,0.35561230778694153,-0.05013525113463402,0.5009148716926575,0.2960520386695862,-0.05892639234662056,0.4609352946281433,0.5325263142585754,-0.01798144541680813,0.4648837745189667,0.4071606993675232,-0.047672074288129807,0.4670208990573883,0.32560425996780396,-0.0669257715344429,0.4670215845108032,0.2564307451248169,-0.07468239217996597,0.4233802258968353,0.5581610202789307,-0.02770405448973179,0.426320344209671,0.5031470656394958,-0.08014529198408127,0.44533905386924744,0.57944655418396,-0.08952195197343826,0.4538399577140808,0.6359665393829346,-0.0783485546708107,0.38795965909957886,0.5988943576812744,-0.03960027918219566,0.39646172523498535,0.5508818030357361,-0.07798083871603012,0.41638678312301636,0.6044734716415405,-0.07514643669128418,0.42584896087646484,0.6504257917404175,-0.06291776150465012
0.44203639030456543,0.8022797703742981,6.928736979716632e-07,0.5011917948722839,0.7485002279281616,-0.03505001962184906,0.5334213972091675,0.6464446187019348,-0.04666944965720177,0.48410776257514954,0.5823100209236145,-0.05798277258872986,0.4291025698184967,0.5661922097206116,-0.06719404458999634,0.5057594776153564,0.5309965014457703,-0.012930463999509811,0.5101760029792786,0.4256397485733032,-0.03588469326496124,0.505077600479126,0.3574725389480591,-0.050798699259757996,0.5001828074455261,0.2978290915489197,-0.05985218286514282,0.46113160252571106,0.5328018665313721,-0.017455916851758957,0.46514442563056946,0.4084092676639557,-0.04763302206993103,0.4664742052555084,0.32731837034225464,-0.06705720722675323,0.46606767177581787,0.257738322019577,-0.0747486874461174,0.4235679805278778,0.5583382248878479,-0.02712809108197689,0.4253448247909546,0.503453254699707,-0.07982563972473145,0.4436163306236267,0.5799521803855896,-0.0890679806470871,0.4524133801460266,0.6361467242240906,-0.07767125964164734,0.3879507780075073,0.5990628004074097,-0.03894553706049919,0.3947184383869171,0.5512998104095459,-0.07769983261823654,0.41388043761253357,0.6060091257095337,-0.07480502873659134,0.42353618144989014,0.6521100997924805,-0.06230292096734047
0.44154104590415955,0.8008010387420654,7.031003974589112e-07,0.5009570121765137,0.7483330965042114,-0.03569463640451431,0.5327543616294861,0.646906852722168,-0.04773147776722908,0.48276984691619873,0.5837405323982239,-0.0593591071665287,0.4273468255996704,0.5686285495758057,-0.06876133382320404,0.5036220550537109,0.5303415060043335,-0.014361468143761158,0.5065485239028931,0.42390596866607666,-0.037424519658088684,0.5010827779769897,0.3552578091621399,-0.052275028079748154,0.49582985043525696,0.2951318919658661,-0.06140162795782089,0.4587686359882355,0.5322985649108887,-0.01904885843396187,0.4623320996761322,0.40775659680366516,-0.048921339213848114,0.46368464827537537,0.32629910111427307,-0.06808621436357498,0.4630777835845947,0.2570004463195801,-0.07578397542238235,0.4210720360279083,0.5580322742462158,-0.02896646410226822,0.42363518476486206,0.5042818784713745,-0.08176938444375992,0.44273605942726135,0.5810837149620056,-0.09128400683403015,0.4516514837741852,0.6375548243522644,-0.0801239013671875,0.38539090752601624,0.5995182991027832,-0.04114901274442673,0.393238365650177,0.5530459880828857,-0.08026566356420517,0.41357913613319397,0.607109785079956,-0.07788675278425217,0.4238044321537018,0.6531132459640503,-0.06582869589328766
0.440169095993042,0.8040851354598999,6.812455808358209e-07,0.49945423007011414,0.7514968514442444,-0.035823531448841095,0.5306620597839355,0.6487331390380859,-0.04759737849235535,0.48113778233528137,0.582980751991272,-0.058909863233566284,0.4258744418621063,0.5675802230834961,-0.06809771060943604,0.5033358931541443,0.5320192575454712,-0.014177905395627022,0.5062153935432434,0.4259706139564514,-0.036977510899305344,0.5003125667572021,0.35736751556396484,-0.051921647042036057,0.49467605352401733,0.2971866726875305,-0.06127406284213066,0.45847487449645996,0.5338687300682068,-0.018810801208019257,0.4613366425037384,0.40879249572753906,-0.04867824912071228,0.46209272742271423,0.3271435499191284,-0.06817330420017242,0.4609788954257965,0.257160484790802,-0.07617857307195663,0.4210657477378845,0.5600917935371399,-0.028579652309417725,0.4222885072231293,0.5052329897880554,-0.08127307891845703,0.4412972033023834,0.5817748308181763,-0.09048455953598022,0.4501914083957672,0.6374257802963257,-0.0792163833975792,0.38555315136909485,0.6023485064506531,-0.04062085598707199,0.39222463965415955,0.5529057383537292,-0.07972977310419083,0.41262635588645935,0.6072888970375061,-0.07690560072660446,0.4229361116886139,0.6533936858177185,-0.064565010368824
0.44028785824775696,0.8042400479316711,6.972518917791604e-07,0.4998644292354584,0.7504685521125793,-0.03587827458977699,0.5306678414344788,0.6494595408439636,-0.04811478033661842,0.47925740480422974,0.586531937122345,-0.05993769317865372,0.4238629639148712,0.5676530003547668,-0.06953323632478714,0.5018634796142578,0.5324458479881287,-0.01407722756266594,0.5030721426010132,0.42577624320983887,-0.03722381219267845,0.49644389748573303,0.35683301091194153,-0.052289534360170364,0.4902942180633545,0.29628369212150574,-0.061638202518224716,0.4572027921676636,0.5351058840751648,-0.01889144629240036,0.45998111367225647,0.4087231755256653,-0.049026403576135635,0.46054741740226746,0.32699087262153625,-0.06867878139019012,0.4590490162372589,0.25700613856315613,-0.07671252638101578,0.41957888007164,0.5614489316940308,-0.02898961305618286,0.4208008646965027,0.5045401453971863,-0.08255258202552795,0.44093838334083557,0.5818106532096863,-0.09231670945882797,0.45028814673423767,0.6379523277282715,-0.08119871467351913,0.38368433713912964,0.6036168336868286,-0.041290659457445145,0.3906293213367462,0.5535581707954407,-0.08124750852584839,0.41184699535369873,0.6082031726837158,-0.07893191277980804,0.4224999248981476,0.6543329954147339,-0.06681136041879654
0.441285640001297,0.8055339455604553,6.894047146488447e-07,0.49973154067993164,0.7518472075462341,-0.035324808210134506,0.5285155773162842,0.6490731835365295,-0.04717036709189415,0.47722363471984863,0.5858551859855652,-0.058653004467487335,0.42171457409858704,0.5683151483535767,-0.06792198866605759,0.49996545910835266,0.5326392650604248,-0.014428021386265755,0.5010637044906616,0.42603597044944763,-0.03789409622550011,0.49456271529197693,0.3572813868522644,-0.05299897864460945,0.4884754717350006,0.2966471314430237,-0.062364447861909866,0.45583754777908325,0.5356559753417969,-0.019676843658089638,0.4580363631248474,0.40873992443084717,-0.050120968371629715,0.45821988582611084,0.32693156599998474,-0.06963692605495453,0.4561651647090912,0.2566644847393036,-0.07757028937339783,0.41876766085624695,0.5624427795410156,-0.030130287632346153,0.4189894199371338,0.5051426887512207,-0.08377442508935928,0.43951141834259033,0.5824221968650818,-0.09290549904108047,0.4490441381931305,0.6382666826248169,-0.08137727528810501,0.3835175633430481,0.6053314208984375,-0.04278828576207161,0.38978856801986694,0.55375075340271,-0.08230244368314743,0.4112142026424408,0.6079858541488647,-0.0792393609881401,0.4217190742492676,0.653862476348877,-0.06672405451536179
0.4407048523426056,0.807981014251709,6.828150276305678e-07,0.4962843060493469,0.7524853348731995,-0.035423558205366135,0.5219793319702148,0.6502540707588196,-0.047465987503528595,0.47027117013931274,0.5870891809463501,-0.059127338230609894,0.41523081064224243,0.5699300169944763,-0.06864240765571594,0.49850279092788696,0.533769428730011,-0.01415595505386591,0.5000149607658386,0.4259902834892273,-0.03707665950059891,0.49345964193344116,0.35760509967803955,-0.052129555493593216,0.4872632622718811,0.29693520069122314,-0.06158382445573807,0.4551452696323395,0.5364927053451538,-0.01914052478969097,0.45622241497039795,0.4090069830417633,-0.04859921336174011,0.4556666910648346,0.32661426067352295,-0.0680122897028923,0.45322442054748535,0.25600317120552063,-0.07627464830875397,0.4187135100364685,0.563586950302124,-0.029294608160853386,0.4145841598510742,0.505903422832489,-0.08155015856027603,0.43471580743789673,0.5820672512054443,-0.09049545973539352,0.44515353441238403,0.6379817724227905,-0.07932468503713608,0.38420188426971436,0.6069639325141907,-0.04174025356769562,0.38540273904800415,0.5536245703697205,-0.08045107871294022,0.4062257409095764,0.6076580882072449,-0.07712962478399277,0.4176633358001709,0.6545876860618591,-0.06464137136936188
0.4406106770038605,0.8087550401687622,6.784512720514613e-07,0.4963579773902893,0.7513666152954102,-0.03579014539718628,0.522419273853302,0.6492816209793091,-0.0477532334625721,0.4701292812824249,0.588250994682312,-0.0591573566198349,0.41469860076904297,0.5697464346885681,-0.06830696761608124,0.49991536140441895,0.5337710380554199,-0.013553356751799583,0.5019779801368713,0.42803287506103516,-0.03636835888028145,0.4949798285961151,0.360040545463562,-0.05141652375459671,0.48810094594955444,0.30000928044319153,-0.06078747659921646,0.4551723599433899,0.535649299621582,-0.01792064867913723,0.4559416174888611,0.4097122550010681,-0.047102756798267365,0.45514538884162903,0.3287240266799927,-0.06618072837591171,0.45331111550331116,0.2594383955001831,-0.07403088361024857,0.4175272583961487,0.5618082880973816,-0.02763451263308525,0.4143756031990051,0.5069366693496704,-0.0793549045920372,0.43394705653190613,0.5825548768043518,-0.08916763216257095,0.4446865916252136,0.6374762654304504,-0.07872211933135986,0.38243329524993896,0.6034309267997742,-0.03967370465397835,0.3850991725921631,0.5565353035926819,-0.07832561433315277,0.40564262866973877,0.6105300188064575,-0.07627038657665253,0.4175666272640228,0.6553055047988892,-0.06469915807247162
0.4413783550262451,0.8087307214736938,6.752022727596341e-07,0.4969218671321869,0.7519586682319641,-0.03651982918381691,0.5228068828582764,0.6495369076728821,-0.048568591475486755,0.46947523951530457,0.5880039930343628,-0.05979909002780914,0.4139288365840912,0.5696001648902893,-0.06875099241733551,0.49992868304252625,0.534347414970398,-0.014379709959030151,0.5014694333076477,0.4275493025779724,-0.036902450025081635,0.4941781461238861,0.3593873679637909,-0.05175876244902611,0.48717400431632996,0.2992439270019531,-0.0610705129802227,0.4554332494735718,0.5371479988098145,-0.018312741070985794,0.45584848523139954,0.41041630506515503,-0.04689248278737068,0.4550592303276062,0.32928550243377686,-0.06572388112545013,0.4532209038734436,0.2599417269229889,-0.07367097586393356,0.418219655752182,0.563788890838623,-0.027628645300865173,0.4141952395439148,0.5065776705741882,-0.07894003391265869,0.43364810943603516,0.581572413444519,-0.0886608436703682,0.444161057472229,0.6361979246139526,-0.07839641720056534,0.3832075595855713,0.6056784987449646,-0.03932427987456322,0.3845352530479431,0.5559566617012024,-0.07791833579540253,0.4050597846508026,0.6100435853004456,-0.0757785513997078,0.4168263375759125,0.6553643345832825,-0.06430044025182724
0.4409652352333069,0.807537317276001,6.931172151780629e-07,0.4972008168697357,0.7518810033798218,-0.03641398623585701,0.5238266587257385,0.6493715643882751,-0.04860799014568329,0.4704417586326599,0.5881669521331787,-0.05997765064239502,0.4142431914806366,0.5693787932395935,-0.06906652450561523,0.5001986622810364,0.5351568460464478,-0.015242316760122776,0.5029640197753906,0.4285264015197754,-0.038557019084692,0.4969116449356079,0.36038917303085327,-0.05360419303178787,0.4912682771682739,0.3003874719142914,-0.06282371282577515,0.45532384514808655,0.5375032424926758,-0.019346920773386955,0.454950213432312,0.4092831313610077,-0.049035441130399704,0.4545975923538208,0.3278898596763611,-0.0681598037481308,0.4536215662956238,0.2586333453655243,-0.07593729346990585,0.4179303050041199,0.5636118650436401,-0.02876998670399189,0.41477176547050476,0.5080410838127136,-0.0810999721288681,0.4341183006763458,0.5831905007362366,-0.0910499319434166,0.4444839656352997,0.6371942162513733,-0.0806112214922905,0.3832138478755951,0.6045734882354736,-0.04049326106905937,0.38591301441192627,0.5578007698059082,-0.07968231290578842,0.40624383091926575,0.6121964454650879,-0.07770651578903198,0.4176039695739746,0.6564366221427917,-0.0661567747592926
0.4409460723400116,0.8070748448371887,7.145830522858887e-07,0.4972270727157593,0.7506852746009827,-0.0362970270216465,0.5232402086257935,0.650556206703186,-0.04853714630007744,0.4701199531555176,0.5895867347717285,-0.06014109030365944,0.4149317443370819,0.5677041411399841,-0.06950046122074127,0.5011863708496094,0.5355597138404846,-0.014139276929199696,0.5063071250915527,0.42793476581573486,-0.03712933138012886,0.5025033950805664,0.359172523021698,-0.05192657932639122,0.4986855387687683,0.29958435893058777,-0.060641247779130936,0.4562685191631317,0.5376327037811279,-0.01814994588494301,0.4571841359138489,0.4083520770072937,-0.04735027626156807,0.45757389068603516,0.32684212923049927,-0.0663699060678482,0.4570216238498688,0.2590428590774536,-0.07384800165891647,0.41820237040519714,0.5639881491661072,-0.027502605691552162,0.4135116934776306,0.5101331472396851,-0.07966061681509018,0.43372657895088196,0.584891676902771,-0.08979878574609756,0.4450044333934784,0.6391885876655579,-0.07918845862150192,0.3824748992919922,0.6053758263587952,-0.0390840619802475,0.3836239278316498,0.5569499135017395,-0.07833575457334518,0.405108779668808,0.6114792823791504,-0.07607194036245346,0.41739392280578613,0.6573359966278076,-0.06395656615495682
0.44060975313186646,0.8072540760040283,7.20524042208126e-07,0.498014360666275,0.7514660358428955,-0.035637129098176956,0.5238111019134521,0.6510457992553711,-0.048356156796216965,0.47009941935539246,0.5890878438949585,-0.06062522158026695,0.4148946702480316,0.5682729482650757,-0.07083019614219666,0.502726674079895,0.5370307564735413,-0.015876980498433113,0.5106031894683838,0.43092480301856995,-0.040202248841524124,0.508829653263092,0.3628684878349304,-0.05590321868658066,0.5069654583930969,0.30296212434768677,-0.06531130522489548,0.45764046907424927,0.5381041169166565,-0.020412761718034744,0.4624149203300476,0.4111108183860779,-0.051048774272203445,0.465332567691803,0.33136796951293945,-0.07060661911964417,0.4671177566051483,0.26294010877609253,-0.07846595346927643,0.4186740517616272,0.563610851764679,-0.030027754604816437,0.41506415605545044,0.5106219053268433,-0.0826953575015068,0.43429890275001526,0.586418092250824,-0.09228294342756271,0.4450387954711914,0.6414026021957397,-0.08151392638683319,0.38188064098358154,0.6049472689628601,-0.041835810989141464,0.3845580816268921,0.5592585206031799,-0.0813107043504715,0.4061566889286041,0.6146196722984314,-0.07871978729963303,0.41815415024757385,0.6603140830993652,-0.0664694756269455
0.44096165895462036,0.8056885004043579,7.474654353245569e-07,0.49783623218536377,0.7511278390884399,-0.03614534065127373,0.5239549875259399,0.6521620750427246,-0.049578145146369934,0.469587504863739,0.5897181630134583,-0.06253910809755325,0.41479381918907166,0.5674253106117249,-0.07336446642875671,0.5024354457855225,0.5399224162101746,-0.017740605399012566,0.5118576884269714,0.43183448910713196,-0.04266641288995743,0.5113226175308228,0.3625046908855438,-0.05848013609647751,0.5105462074279785,0.30211666226387024,-0.06774523854255676,0.4576011002063751,0.5417147874832153,-0.022060327231884003,0.4647376835346222,0.4142831265926361,-0.053200867027044296,0.46947115659713745,0.3332991600036621,-0.07287731021642685,0.4727911949157715,0.26450732350349426,-0.08092367649078369,0.41854071617126465,0.5666793584823608,-0.03143420070409775,0.41538140177726746,0.5125113725662231,-0.08406747877597809,0.4349328875541687,0.5875006318092346,-0.0933048352599144,0.4458331763744354,0.6425992250442505,-0.08237192034721375,0.38133081793785095,0.6067412495613098,-0.04304323345422745,0.3844508230686188,0.5586458444595337,-0.0819135308265686,0.40648630261421204,0.6130871176719666,-0.07877182960510254,0.4182817339897156,0.6594002842903137,-0.06627228111028671
0.44081589579582214,0.8052523732185364,7.677311941733933e-07,0.49766311049461365,0.750832736492157,-0.03626471012830734,0.5233451128005981,0.6514437198638916,-0.049767762422561646,0.470325767993927,0.5890665054321289,-0.06270847469568253,0.41568732261657715,0.5695071816444397,-0.07359353452920914,0.500763475894928,0.5403895974159241,-0.0184350423514843,0.5107472538948059,0.4322800636291504,-0.04400409385561943,0.5106739401817322,0.36247098445892334,-0.06035445258021355,0.5104665160179138,0.30134692788124084,-0.0698864758014679,0.456855446100235,0.5422998666763306,-0.022849397733807564,0.4650619328022003,0.41561174392700195,-0.0541805699467659,0.47104015946388245,0.3343508243560791,-0.07393957674503326,0.47537702322006226,0.2643751800060272,-0.08196282386779785,0.4184862971305847,0.5673419237136841,-0.032314229756593704,0.4146302342414856,0.5126877427101135,-0.08526450395584106,0.4336056709289551,0.588017463684082,-0.0941406711935997,0.4442313015460968,0.643405556678772,-0.08268285542726517,0.3819815218448639,0.608309268951416,-0.044024065136909485,0.3833691477775574,0.5581953525543213,-0.08254367113113403,0.4051339030265808,0.6125050783157349,-0.07844623923301697,0.41670411825180054,0.659685492515564,-0.065167635679245
0.44170868396759033,0.80372154712677,7.775600465720345e-07,0.4972335398197174,0.7479111552238464,-0.035764388740062714,0.5219550132751465,0.6495814919471741,-0.04937576875090599,0.46948644518852234,0.5889471173286438,-0.06264720112085342,0.4158138632774353,0.5707597136497498,-0.07391531020402908,0.500159502029419,0.5390774011611938,-0.018090302124619484,0.5093752145767212,0.43077218532562256,-0.043499529361724854,0.5087345242500305,0.36101964116096497,-0.059684447944164276,0.5078462362289429,0.30033135414123535,-0.069151870906353,0.45610499382019043,0.5422936677932739,-0.022804806008934975,0.4641149342060089,0.4160867929458618,-0.05428832769393921,0.46928828954696655,0.3341243267059326,-0.07444176077842712,0.47279664874076843,0.26348790526390076,-0.08278429508209229,0.41760024428367615,0.5686507821083069,-0.03251199051737785,0.4124942123889923,0.5137776136398315,-0.0855482667684555,0.43222928047180176,0.5876274704933167,-0.09527000784873962,0.44385525584220886,0.642200767993927,-0.08442626148462296,0.38146325945854187,0.610332190990448,-0.04437730833888054,0.3827906548976898,0.5617396235466003,-0.08322098851203918,0.40503668785095215,0.6147806644439697,-0.08006548881530762,0.41735395789146423,0.66047602891922,-0.06748956441879272
0.44306260347366333,0.8026859760284424,7.730311608611373e-07,0.4976475238800049,0.7478337287902832,-0.036385323852300644,0.5212886333465576,0.6491175293922424,-0.05016061291098595,0.467771977186203,0.5884633660316467,-0.06324764341115952,0.41386595368385315,0.5722268223762512,-0.0743124708533287,0.5001207590103149,0.5380060076713562,-0.018869848921895027,0.5084739327430725,0.42882102727890015,-0.04355780407786369,0.507422685623169,0.3591347336769104,-0.05925207585096359,0.5057556629180908,0.2988537847995758,-0.06843815743923187,0.45589354634284973,0.5419836044311523,-0.023012833669781685,0.4627995491027832,0.4149705767631531,-0.053474243730306625,0.4679488241672516,0.33447498083114624,-0.07283125072717667,0.47098585963249207,0.2649666666984558,-0.08069998025894165,0.41729578375816345,0.5691653490066528,-0.0321115218102932,0.4121009111404419,0.5135856866836548,-0.08433517813682556,0.43258965015411377,0.5878921747207642,-0.09352623671293259,0.4440159201622009,0.642288327217102,-0.0824769139289856,0.3808858394622803,0.6116594672203064,-0.04335580766201019,0.38200610876083374,0.5614684224128723,-0.08165383338928223,0.40455323457717896,0.6150187849998474,-0.07786087691783905,0.41644054651260376,0.6609055995941162,-0.06492079794406891
0.4435238540172577,0.8067355155944824,7.685175091864949e-07,0.4979434609413147,0.7502365112304688,-0.03650306537747383,0.5203051567077637,0.6492852568626404,-0.05002924054861069,0.4671599864959717,0.5880907773971558,-0.06278029829263687,0.41302546858787537,0.5727006793022156,-0.07352575659751892,0.500061571598053,0.5383440256118774,-0.019321421161293983,0.5087199211120605,0.4297877550125122,-0.044428471475839615,0.5079019069671631,0.3598438501358032,-0.060738302767276764,0.5062536597251892,0.298939973115921,-0.0704440027475357,0.45574089884757996,0.5418626666069031,-0.023509202525019646,0.4626202881336212,0.41595497727394104,-0.05401809141039848,0.4670749306678772,0.3350569009780884,-0.07356292754411697,0.4692668616771698,0.2643139362335205,-0.08170928061008453,0.4169963598251343,0.5689377784729004,-0.03266989812254906,0.41159942746162415,0.5130367279052734,-0.08469540625810623,0.4323873221874237,0.587633490562439,-0.09378234297037125,0.4440559148788452,0.6429053544998169,-0.08279883861541748,0.3806208372116089,0.6120654344558716,-0.04411463811993599,0.38177490234375,0.5619999766349792,-0.08228979259729385,0.4046928882598877,0.614423394203186,-0.07857634872198105,0.4168969690799713,0.6604804992675781,-0.06574847549200058
0.4438093900680542,0.806256890296936,7.628688081240398e-07,0.49832773208618164,0.7489508986473083,-0.036245040595531464,0.521659255027771,0.6498154997825623,-0.049687061458826065,0.4671434164047241,0.5886996388435364,-0.06243792921304703,0.4133402705192566,0.5695926547050476,-0.07308191061019897,0.5008252263069153,0.5395641922950745,-0.01811281405389309,0.5099160075187683,0.4306197166442871,-0.043199293315410614,0.5101519823074341,0.3611193299293518,-0.05927315726876259,0.5097621083259583,0.30097198486328125,-0.0685645043849945,0.45624056458473206,0.5432498455047607,-0.022131744772195816,0.46161407232284546,0.41619423031806946,-0.05296178162097931,0.46483170986175537,0.3350675106048584,-0.0727834478020668,0.4667744040489197,0.26508545875549316,-0.08086496591567993,0.4175499975681305,0.5702947378158569,-0.031150365248322487,0.41063204407691956,0.5167251825332642,-0.08353480696678162,0.4316653311252594,0.590283215045929,-0.0932336375117302,0.4445206820964813,0.6446482539176941,-0.08250035345554352,0.3810080885887146,0.6128662824630737,-0.0423424169421196,0.3807133436203003,0.5653643608093262,-0.08112642914056778,0.40399160981178284,0.6185843348503113,-0.07804419845342636,0.4174858033657074,0.6642091274261475,-0.06543339788913727
0.44544216990470886,0.8070313334465027,7.52316964280908e-07,0.49999821186065674,0.7490907311439514,-0.03686206415295601,0.5228120684623718,0.6516005992889404,-0.05084456503391266,0.4677530825138092,0.5908985137939453,-0.06382989883422852,0.4139060974121094,0.5704904198646545,-0.0745944157242775,0.5021710395812988,0.5413177609443665,-0.020463617518544197,0.5113106369972229,0.4319169521331787,-0.04596274346113205,0.511676549911499,0.36270564794540405,-0.0622529573738575,0.511166512966156,0.3025573492050171,-0.07171241194009781,0.4573197662830353,0.5452295541763306,-0.024304375052452087,0.46195724606513977,0.41818463802337646,-0.05517344921827316,0.46543729305267334,0.33782893419265747,-0.0750468522310257,0.46772000193595886,0.26761287450790405,-0.08347909897565842,0.4180815815925598,0.5726641416549683,-0.033070243895053864,0.4116118252277374,0.518785297870636,-0.08503278344869614,0.43337365984916687,0.5928316116333008,-0.09460984170436859,0.44610872864723206,0.6470227241516113,-0.0842415913939476,0.3813492953777313,0.6161845922470093,-0.04407045617699623,0.3815210461616516,0.5686039924621582,-0.08237771689891815,0.4055287837982178,0.621015191078186,-0.07912406325340271,0.4186011850833893,0.666174054145813,-0.06671561300754547
0.4457051753997803,0.8081358075141907,7.57160364628362e-07,0.5000624060630798,0.7517869472503662,-0.03799986094236374,0.5226520895957947,0.6525596976280212,-0.05174283683300018,0.46807661652565,0.5908884406089783,-0.06414242088794708,0.41412675380706787,0.57077556848526,-0.07425693422555923,0.5027572512626648,0.5414247512817383,-0.0199748408049345,0.5116642713546753,0.43224048614501953,-0.045317504554986954,0.5120633244514465,0.36330586671829224,-0.06160420551896095,0.5119648575782776,0.30320924520492554,-0.07102296501398087,0.45793575048446655,0.545490026473999,-0.02289339154958725,0.46189263463020325,0.41891634464263916,-0.053416907787323,0.46573761105537415,0.3392738997936249,-0.07292620092630386,0.4684036374092102,0.2705749273300171,-0.08087815344333649,0.419376015663147,0.5728422403335571,-0.030975913628935814,0.41198861598968506,0.5209962725639343,-0.08291464298963547,0.4339282512664795,0.5934534668922424,-0.09266401827335358,0.4471433758735657,0.646437406539917,-0.08218685537576675,0.38364657759666443,0.6156520843505859,-0.04141661897301674,0.3826589286327362,0.5687754154205322,-0.07993312925100327,0.40608328580856323,0.621523380279541,-0.07694344222545624,0.4192989468574524,0.6665345430374146,-0.0645553395152092
0.4467918574810028,0.8084707856178284,7.527684715569194e-07,0.5008681416511536,0.7516831755638123,-0.03706622123718262,0.524288535118103,0.653177797794342,-0.05119239538908005,0.4686387777328491,0.5921904444694519,-0.06428457051515579,0.4142700135707855,0.5693021416664124,-0.07517090439796448,0.503694474697113,0.5442841649055481,-0.020289665088057518,0.5132826566696167,0.4349817633628845,-0.046502742916345596,0.5136367678642273,0.3652659058570862,-0.06304343789815903,0.513499915599823,0.3048012852668762,-0.072511225938797,0.4589550197124481,0.5484232902526855,-0.02397354692220688,0.46310335397720337,0.4206129312515259,-0.05598015710711479,0.46739134192466736,0.3413679003715515,-0.07594741135835648,0.4707431197166443,0.2735736072063446,-0.08396231383085251,0.42005911469459534,0.5754913687705994,-0.032637257128953934,0.41489970684051514,0.5218446254730225,-0.08587852865457535,0.4365057051181793,0.5951735377311707,-0.0950346365571022,0.44875574111938477,0.648418128490448,-0.0839480459690094,0.38375169038772583,0.6176621913909912,-0.043470948934555054,0.3852616250514984,0.5705527663230896,-0.08301176875829697,0.4085529148578644,0.6239888668060303,-0.07963819801807404,0.42073288559913635,0.6686919331550598,-0.06675247102975845
0.4466296136379242,0.808501124382019,7.610793204548827e-07,0.5013629198074341,0.7525151371955872,-0.03709229826927185,0.5235041379928589,0.652523398399353,-0.050996288657188416,0.46671611070632935,0.5913548469543457,-0.06400760263204575,0.4125448763370514,0.5661041140556335,-0.07476580888032913,0.5045198202133179,0.5432295799255371,-0.01908252201974392,0.513435423374176,0.4342925548553467,-0.04534164443612099,0.5139439105987549,0.3638569116592407,-0.061877574771642685,0.5134367346763611,0.3033023178577423,-0.07138579338788986,0.46009230613708496,0.5478622913360596,-0.022825749590992928,0.46501195430755615,0.42095160484313965,-0.055085550993680954,0.46931564807891846,0.34187817573547363,-0.07509738206863403,0.4716525673866272,0.27325135469436646,-0.08298343420028687,0.42102861404418945,0.5757755637168884,-0.031741488724946976,0.4153118133544922,0.5209751129150391,-0.08601495623588562,0.43759241700172424,0.5951212644577026,-0.09556274116039276,0.4500701129436493,0.648006021976471,-0.0844019204378128,0.3839961290359497,0.6187735795974731,-0.042780954390764236,0.386686772108078,0.5723901987075806,-0.0838029757142067,0.41015321016311646,0.6259020566940308,-0.08151017874479294,0.42190736532211304,0.6694875359535217,-0.06911318749189377
0.44865214824676514,0.809665322303772,7.544042546214769e-07,0.5028804540634155,0.7528165578842163,-0.03658771514892578,0.5248464941978455,0.6534735560417175,-0.050714801996946335,0.46702268719673157,0.5933094620704651,-0.0640370100736618,0.41261813044548035,0.5660564303398132,-0.07520908862352371,0.5049310326576233,0.5441139340400696,-0.019022155553102493,0.5116254091262817,0.4357902407646179,-0.04515494778752327,0.510725736618042,0.3654015064239502,-0.061670877039432526,0.5093981027603149,0.30483880639076233,-0.07117458432912827,0.4611774682998657,0.5484880805015564,-0.02299441769719124,0.46544164419174194,0.42150115966796875,-0.054787054657936096,0.46960175037384033,0.3426317870616913,-0.07452443987131119,0.4719562232494354,0.2746591866016388,-0.08226080983877182,0.4228103756904602,0.5762665271759033,-0.032110050320625305,0.41637060046195984,0.5213939547538757,-0.0857217013835907,0.4383035898208618,0.5956332087516785,-0.09509773552417755,0.4506593942642212,0.6486847400665283,-0.08401636779308319,0.3863550126552582,0.6192821264266968,-0.043326158076524734,0.3886518180370331,0.5739316940307617,-0.0838400200009346,0.4119391441345215,0.6276073455810547,-0.08149105310440063,0.423907607793808,0.6708418130874634,-0.06913793087005615
0.4515032172203064,0.810088038444519,7.135973305594234e-07,0.5044264793395996,0.7531912326812744,-0.03623493015766144,0.527244508266449,0.6529346704483032,-0.049918875098228455,0.4694853723049164,0.5911941528320312,-0.06268587708473206,0.41532793641090393,0.5596160292625427,-0.07329631596803665,0.5056149363517761,0.544439971446991,-0.018229782581329346,0.5112115740776062,0.43610644340515137,-0.04324793443083763,0.5092253684997559,0.3664860725402832,-0.058841340243816376,0.5067580342292786,0.3063923120498657,-0.06774900108575821,0.4620775580406189,0.5487310290336609,-0.02167331613600254,0.464417040348053,0.4203603267669678,-0.05249233543872833,0.46863800287246704,0.34253549575805664,-0.07112642377614975,0.4706200957298279,0.2756386995315552,-0.07814133912324905,0.42406031489372253,0.5758585929870605,-0.030199358239769936,0.42170456051826477,0.5182673931121826,-0.08304856717586517,0.44380494952201843,0.5930020213127136,-0.09121328592300415,0.45440614223480225,0.6451515555381775,-0.07953760027885437,0.3877095580101013,0.6174386739730835,-0.040728386491537094,0.39338770508766174,0.5680089592933655,-0.08098255842924118,0.4162673056125641,0.6231463551521301,-0.07788094878196716,0.4267290532588959,0.6674027442932129,-0.06507258117198944
0.4503248929977417,0.8097496628761292,7.238282364596671e-07,0.5049229860305786,0.7516191005706787,-0.03710908815264702,0.5296664834022522,0.6512210965156555,-0.05032800883054733,0.4736534059047699,0.5887615084648132,-0.0625157505273819,0.4192642569541931,0.5602045655250549,-0.07238967716693878,0.5065945386886597,0.5445393919944763,-0.017154276371002197,0.5114910006523132,0.43553078174591064,-0.04201086238026619,0.508879542350769,0.3660193979740143,-0.057566579431295395,0.5058113932609558,0.30570724606513977,-0.06640219688415527,0.46270492672920227,0.5489821434020996,-0.020222021266818047,0.46543946862220764,0.42096084356307983,-0.051404692232608795,0.4689132273197174,0.34222567081451416,-0.07073217630386353,0.47028833627700806,0.2737761437892914,-0.07796822488307953,0.4241824448108673,0.5758967995643616,-0.028537152335047722,0.4204448461532593,0.519708514213562,-0.08257430791854858,0.4428839385509491,0.596287727355957,-0.09165035933256149,0.4544575810432434,0.6491907238960266,-0.07990752160549164,0.3872135281562805,0.6174018383026123,-0.03887244313955307,0.39146751165390015,0.5692042112350464,-0.07986781001091003,0.41482678055763245,0.6248651742935181,-0.07709480822086334,0.42584237456321716,0.6693904399871826,-0.06417558342218399
0.45133280754089355,0.8076092004776001,7.271606250469631e-07,0.5066931247711182,0.7485972046852112,-0.036276184022426605,0.5333714485168457,0.650932788848877,-0.04944908991456032,0.47913068532943726,0.5891363024711609,-0.061789073050022125,0.4252304434776306,0.5605465173721313,-0.07178805768489838,0.5073883533477783,0.5445554852485657,-0.016769398003816605,0.5121694803237915,0.4353049695491791,-0.041752684861421585,0.5087448358535767,0.3655506670475006,-0.0569620355963707,0.5048613548278809,0.3055552840232849,-0.06530822813510895,0.4634566903114319,0.5491344928741455,-0.020351707935333252,0.46661141514778137,0.4207034111022949,-0.051878660917282104,0.4693187475204468,0.3416125774383545,-0.07111884653568268,0.47024786472320557,0.27342697978019714,-0.07802917063236237,0.42497992515563965,0.5761412978172302,-0.02907273732125759,0.421563982963562,0.5196834802627563,-0.08349616080522537,0.44335249066352844,0.5963039994239807,-0.09238869696855545,0.45493102073669434,0.6494890451431274,-0.0801868736743927,0.38787370920181274,0.617707371711731,-0.03970320522785187,0.3909650146961212,0.5699736475944519,-0.08051332086324692,0.41436585783958435,0.6250722408294678,-0.07735863327980042,0.426018089056015,0.6693617105484009,-0.06395430117845535
0.452635794878006,0.8080337047576904,7.197137392722652e-07,0.5080574154853821,0.7490888237953186,-0.036461878567934036,0.5353749394416809,0.6498256921768188,-0.04961879923939705,0.48112717270851135,0.5882165431976318,-0.0618462972342968,0.42658260464668274,0.5666300654411316,-0.0718579813838005,0.5081802010536194,0.5427661538124084,-0.017361527308821678,0.5120631456375122,0.43399760127067566,-0.04160844534635544,0.5077308416366577,0.36528241634368896,-0.05686067417263985,0.5032029151916504,0.30528023838996887,-0.06556782126426697,0.46440061926841736,0.547243595123291,-0.020828483626246452,0.4670582115650177,0.4208718240261078,-0.05114515870809555,0.4693877100944519,0.3411405384540558,-0.07013503462076187,0.4698241353034973,0.2717997133731842,-0.07744316011667252,0.42658916115760803,0.5741419792175293,-0.029368724673986435,0.42185357213020325,0.5167266130447388,-0.08244413137435913,0.44336020946502686,0.5927876234054565,-0.0916120857000351,0.4549902379512787,0.6473221778869629,-0.08007136732339859,0.3905906677246094,0.6158527731895447,-0.039896249771118164,0.39170676469802856,0.5664896965026855,-0.07971532642841339,0.4141252934932709,0.6213747262954712,-0.07661540806293488,0.4258022606372833,0.6673216223716736,-0.06359140574932098
0.45304903388023376,0.806247889995575,7.111033255569055e-07,0.5094918012619019,0.7465590238571167,-0.03579823300242424,0.5378438830375671,0.6488040685653687,-0.0484747551381588,0.4850795269012451,0.5885443687438965,-0.060409050434827805,0.43098869919776917,0.5702651739120483,-0.07026948034763336,0.5083015561103821,0.541218638420105,-0.01675945147871971,0.5112271308898926,0.43212056159973145,-0.04068535566329956,0.5065107941627502,0.3637494146823883,-0.05587584152817726,0.5019609332084656,0.30365926027297974,-0.06468186527490616,0.46466773748397827,0.5465421676635742,-0.020591894164681435,0.467689573764801,0.4209609031677246,-0.05098129063844681,0.46940651535987854,0.3413164019584656,-0.07069423049688339,0.4698099195957184,0.2717173397541046,-0.07879599183797836,0.42714405059814453,0.5740365982055664,-0.02935856766998768,0.42225202918052673,0.5143793225288391,-0.08254785090684891,0.44343531131744385,0.5910479426383972,-0.09222185611724854,0.455473929643631,0.6462551951408386,-0.08109810203313828,0.39158397912979126,0.6168625354766846,-0.040010128170251846,0.3910656273365021,0.5644381642341614,-0.0798347070813179,0.4136182367801666,0.619624674320221,-0.0767989233136177,0.42598119378089905,0.6665547490119934,-0.06391477584838867
0.4532124996185303,0.8049472570419312,7.262436270139006e-07,0.5097071528434753,0.7477123737335205,-0.035376518964767456,0.5381951928138733,0.6488304734230042,-0.04772825166583061,0.4864172339439392,0.5891849994659424,-0.059548232704401016,0.4324372410774231,0.5736744999885559,-0.06936430186033249,0.5082795023918152,0.5403845906257629,-0.015661245211958885,0.5117881298065186,0.43226873874664307,-0.039019059389829636,0.507376492023468,0.36387237906455994,-0.05386292561888695,0.5035151839256287,0.30402839183807373,-0.06254292279481888,0.4643890857696533,0.5451512336730957,-0.01967131346464157,0.4678592085838318,0.421284019947052,-0.04974495619535446,0.4697461724281311,0.34040671586990356,-0.06931805610656738,0.47038498520851135,0.27012741565704346,-0.07731818407773972,0.4265337884426117,0.5719102621078491,-0.02865501306951046,0.42256873846054077,0.5125150084495544,-0.08212409168481827,0.44380903244018555,0.590400218963623,-0.09197108447551727,0.4556393027305603,0.6475406885147095,-0.08070607483386993,0.39118728041648865,0.6141358613967896,-0.03949877247214317,0.3920729458332062,0.5629488825798035,-0.07960636168718338,0.4144788980484009,0.6183909773826599,-0.07695310562849045,0.4266599118709564,0.6666615009307861,-0.06421443819999695
0.4546622633934021,0.8051042556762695,7.288588790288486e-07,0.511654257774353,0.7470043301582336,-0.035251639783382416,0.5396613478660583,0.6489248871803284,-0.04741974547505379,0.48791563510894775,0.5911443829536438,-0.05904503911733627,0.4341309368610382,0.5793202519416809,-0.06878941506147385,0.5088463425636292,0.5408545136451721,-0.01616395264863968,0.5116491317749023,0.43236392736434937,-0.03913060948252678,0.5072338581085205,0.36355677247047424,-0.05382942035794258,0.5034862756729126,0.30345234274864197,-0.06248117983341217,0.46466368436813354,0.5452911257743835,-0.020115895196795464,0.4678681194782257,0.42232078313827515,-0.04956774041056633,0.4694850444793701,0.34119799733161926,-0.06913928687572479,0.4701285660266876,0.2710977792739868,-0.07744044065475464,0.4265119135379791,0.5717129111289978,-0.028931647539138794,0.42311328649520874,0.511567234992981,-0.08159341663122177,0.4446221888065338,0.5881955623626709,-0.09198766946792603,0.456688791513443,0.6455477476119995,-0.08137384057044983,0.3912336528301239,0.6139931082725525,-0.039606112986803055,0.39215555787086487,0.5615299344062805,-0.07933759689331055,0.4154455065727234,0.6160021424293518,-0.07705431431531906,0.4285394549369812,0.6650747656822205,-0.06470569968223572
0.4546468257904053,0.8050084114074707,7.303457323359908e-07,0.5125253200531006,0.7454543113708496,-0.03493894636631012,0.5420153141021729,0.6475725769996643,-0.04625014588236809,0.4911726117134094,0.5882135629653931,-0.05692201107740402,0.4376031458377838,0.5818873643875122,-0.06578502804040909,0.509152889251709,0.5410629510879517,-0.01539259497076273,0.5124568343162537,0.43117889761924744,-0.03693532571196556,0.5083015561103821,0.3627258837223053,-0.050636306405067444,0.504497230052948,0.30270442366600037,-0.058588795363903046,0.464706689119339,0.5450485944747925,-0.018666211515665054,0.467801958322525,0.4217866063117981,-0.04684999957680702,0.46853649616241455,0.339805543422699,-0.06578380614519119,0.4682326912879944,0.2696051299571991,-0.07368875294923782,0.4266389012336731,0.571627676486969,-0.02660859376192093,0.42161089181900024,0.512872040271759,-0.07773243635892868,0.4433854818344116,0.588968813419342,-0.08800399303436279,0.4561680555343628,0.6469163298606873,-0.07741677016019821,0.3913840353488922,0.6144787669181824,-0.03635541722178459,0.39030832052230835,0.5604207515716553,-0.07428964972496033,0.4135356545448303,0.6147046685218811,-0.07120320945978165,0.42725902795791626,0.6647617220878601,-0.0585012286901474
0.45597580075263977,0.8069107532501221,7.397893568850122e-07,0.5136946439743042,0.748615026473999,-0.035346709191799164,0.5418667793273926,0.6479145884513855,-0.04638666659593582,0.48907941579818726,0.5889319181442261,-0.05666592717170715,0.4347546696662903,0.5823163390159607,-0.0648559108376503,0.5089335441589355,0.5415776968002319,-0.014338500797748566,0.5118983387947083,0.4320368766784668,-0.03596850484609604,0.5079593658447266,0.363391637802124,-0.04962557181715965,0.5046104788780212,0.3032999038696289,-0.057526350021362305,0.46435311436653137,0.5458139181137085,-0.01788378693163395,0.4663113057613373,0.42149871587753296,-0.04577622190117836,0.4669238328933716,0.33934736251831055,-0.06402952969074249,0.4663885533809662,0.26917070150375366,-0.07129984349012375,0.4263414740562439,0.5722442269325256,-0.02648264355957508,0.42125022411346436,0.5126970410346985,-0.07857578247785568,0.4433304965496063,0.589848518371582,-0.08890771865844727,0.4558091163635254,0.6475321650505066,-0.0779624730348587,0.39119845628738403,0.6148471236228943,-0.03695226460695267,0.3907637596130371,0.5614718198776245,-0.07587531954050064,0.4140220284461975,0.6163114309310913,-0.07319960743188858,0.4273446202278137,0.6656111478805542,-0.06061898544430733
0.45684194564819336,0.8070890307426453,7.551042813247477e-07,0.5146952271461487,0.7477633953094482,-0.03441901132464409,0.5416032075881958,0.6471725106239319,-0.04592113569378853,0.4875524640083313,0.5906514525413513,-0.0571318082511425,0.43328696489334106,0.5807676315307617,-0.06645350158214569,0.5092682838439941,0.5406509041786194,-0.013656355440616608,0.5128295421600342,0.43206512928009033,-0.03596112132072449,0.5094384551048279,0.3627414405345917,-0.050119224935770035,0.5063260197639465,0.3033387064933777,-0.058247122913599014,0.4646305441856384,0.545763373374939,-0.017763856798410416,0.46613410115242004,0.420579731464386,-0.046163108199834824,0.4675084352493286,0.33875638246536255,-0.06461060047149658,0.4675860106945038,0.2696076035499573,-0.07185207307338715,0.42664843797683716,0.5729806423187256,-0.02694699540734291,0.4230930805206299,0.5147907733917236,-0.07904519140720367,0.44467490911483765,0.5889567136764526,-0.08953581005334854,0.4564184248447418,0.6450346112251282,-0.07885144650936127,0.3912009000778198,0.6151338815689087,-0.037954483181238174,0.39270463585853577,0.5642028450965881,-0.07709793746471405,0.41533902287483215,0.6171082258224487,-0.07492222636938095,0.4281136095523834,0.664434552192688,-0.06269821524620056
0.4569254517555237,0.8086999654769897,7.511266062465438e-07,0.5155248045921326,0.7505987286567688,-0.035214558243751526,0.5412260890007019,0.6472602486610413,-0.045822951942682266,0.48491042852401733,0.5891748666763306,-0.05567186325788498,0.42929622530937195,0.5853515863418579,-0.06344733387231827,0.508788526058197,0.5409044027328491,-0.013179931789636612,0.5122929215431213,0.4318065345287323,-0.03461383283138275,0.5090852975845337,0.362832248210907,-0.04813235253095627,0.5062951445579529,0.3039012551307678,-0.05587542802095413,0.46454575657844543,0.5468297004699707,-0.016942577436566353,0.46538692712783813,0.42095762491226196,-0.04433288425207138,0.4672403037548065,0.3389773368835449,-0.0622263103723526,0.4676072597503662,0.26957350969314575,-0.06921010464429855,0.4268938899040222,0.5741193890571594,-0.025988897308707237,0.423448383808136,0.5172930359840393,-0.07764128595590591,0.4457854926586151,0.5907576084136963,-0.08862995356321335,0.4574830234050751,0.6454347968101501,-0.07831178605556488,0.3916676938533783,0.6159858703613281,-0.036980971693992615,0.3932667374610901,0.5644829273223877,-0.07531719654798508,0.4163960814476013,0.6172280311584473,-0.07319973409175873,0.42875516414642334,0.6643398404121399,-0.06133472919464111
0.45832088589668274,0.8114150166511536,7.56709937377309e-07,0.5161163210868835,0.7506651282310486,-0.03440890833735466,0.5415894985198975,0.6470123529434204,-0.045145854353904724,0.48490816354751587,0.5893328189849854,-0.055487602949142456,0.4285987317562103,0.5879562497138977,-0.06389429420232773,0.5081045627593994,0.5427268147468567,-0.012030692771077156,0.5131191611289978,0.43511414527893066,-0.03291140869259834,0.5102754831314087,0.36661624908447266,-0.046229247003793716,0.5082966089248657,0.30785050988197327,-0.05409342050552368,0.46399813890457153,0.548214852809906,-0.016309695318341255,0.4660140573978424,0.4231950044631958,-0.04306245595216751,0.46872779726982117,0.34181496500968933,-0.06051447242498398,0.47011828422546387,0.2729349136352539,-0.06747535616159439,0.42655014991760254,0.5752782821655273,-0.025795018300414085,0.4251892566680908,0.5170823931694031,-0.07661019265651703,0.4471694529056549,0.590919554233551,-0.08656210452318192,0.45826825499534607,0.6465504169464111,-0.07590337842702866,0.3913037180900574,0.6175452470779419,-0.03723163902759552,0.39374101161956787,0.5638622641563416,-0.07478808611631393,0.4173818826675415,0.6163328289985657,-0.07169932126998901,0.4300124943256378,0.6645784974098206,-0.05936353653669357
0.4615738093852997,0.81397944688797,7.338060186157236e-07,0.5186280012130737,0.7524096369743347,-0.034394074231386185,0.5436044335365295,0.6494115591049194,-0.04629389941692352,0.48467639088630676,0.59161776304245,-0.05772777646780014,0.42806750535964966,0.5873754620552063,-0.06722478568553925,0.5092325210571289,0.5472633838653564,-0.015470651909708977,0.5130457282066345,0.4396357834339142,-0.038692623376846313,0.5094887614250183,0.37183451652526855,-0.05346575379371643,0.5065992474555969,0.31243935227394104,-0.062012240290641785,0.465410053730011,0.5532707571983337,-0.019882190972566605,0.46704453229904175,0.4279307425022125,-0.04824623465538025,0.47005704045295715,0.34762412309646606,-0.06591717898845673,0.47121742367744446,0.2790970206260681,-0.07283084839582443,0.42873629927635193,0.5802990198135376,-0.029278986155986786,0.4255812168121338,0.5233176946640015,-0.08007434010505676,0.4485762119293213,0.5957937240600586,-0.08859102427959442,0.46054333448410034,0.6503087282180786,-0.07716045528650284,0.39444699883461,0.6227266192436218,-0.040699634701013565,0.3977213203907013,0.5686789751052856,-0.07714700698852539,0.42148110270500183,0.6204172372817993,-0.07231985777616501,0.43353280425071716,0.6679564118385315,-0.058900993317365646
0.4626275599002838,0.8152869343757629,7.478832912966027e-07,0.5205473303794861,0.7548415660858154,-0.03464074432849884,0.5447468757629395,0.6506177186965942,-0.04576997458934784,0.4858368933200836,0.5938847661018372,-0.05639272555708885,0.4291321039199829,0.5886461734771729,-0.06508032977581024,0.5094668865203857,0.5475407242774963,-0.014087598770856857,0.5132105946540833,0.44039028882980347,-0.03648629039525986,0.5090578198432922,0.37150847911834717,-0.05067266523838043,0.5052309036254883,0.3118559420108795,-0.05897217616438866,0.465299516916275,0.5531846284866333,-0.01801864430308342,0.4670334756374359,0.42948389053344727,-0.04633704200387001,0.46930164098739624,0.34878748655319214,-0.064313605427742,0.4698939621448517,0.2796841561794281,-0.07147982716560364,0.427784264087677,0.5802055597305298,-0.02706627920269966,0.4270153045654297,0.522330641746521,-0.07860137522220612,0.4492553472518921,0.5964245200157166,-0.08803801238536835,0.4604438543319702,0.652454137802124,-0.07699508965015411,0.3926863670349121,0.6218162775039673,-0.03807581216096878,0.3955456018447876,0.5704402923583984,-0.0760021060705185,0.4187372326850891,0.6219773292541504,-0.07294068485498428,0.43075332045555115,0.6690917611122131,-0.06052779778838158
0.4636898934841156,0.8161141276359558,7.532566996815149e-07,0.5203767418861389,0.755366861820221,-0.03546040877699852,0.5442426204681396,0.6507498621940613,-0.04691864177584648,0.48604774475097656,0.593796968460083,-0.05769062414765358,0.42926734685897827,0.5890198349952698,-0.06638438999652863,0.5089790225028992,0.5482982993125916,-0.015039338730275631,0.5124993324279785,0.4403733015060425,-0.03787719085812569,0.5081772208213806,0.37113654613494873,-0.052356161177158356,0.5040286779403687,0.31089094281196594,-0.06084567680954933,0.4644598960876465,0.5538640022277832,-0.01865578442811966,0.4658786654472351,0.4303993284702301,-0.0475173145532608,0.46812230348587036,0.3501169681549072,-0.06569191813468933,0.46829283237457275,0.2807433009147644,-0.0729157030582428,0.4265021085739136,0.5806542634963989,-0.027412334457039833,0.427051842212677,0.5218483805656433,-0.07946808636188507,0.45007777214050293,0.5975185632705688,-0.08859073370695114,0.4609309136867523,0.6539197564125061,-0.07714744657278061,0.3912447392940521,0.622287929058075,-0.03821421414613724,0.39654541015625,0.5706411004066467,-0.07650656998157501,0.42016056180000305,0.6226786971092224,-0.0733092874288559,0.4312509000301361,0.6699103116989136,-0.060657866299152374
0.4633442759513855,0.8160375356674194,7.600347089464776e-07,0.5196762681007385,0.7550140619277954,-0.03628379851579666,0.5437171459197998,0.6507736444473267,-0.048118989914655685,0.4857196509838104,0.594245433807373,-0.05914292484521866,0.4290348291397095,0.5893425345420837,-0.0680493712425232,0.5094009041786194,0.5492976903915405,-0.015784766525030136,0.5126582384109497,0.4402502775192261,-0.039160847663879395,0.5085647106170654,0.3710784912109375,-0.05389108136296272,0.5045419335365295,0.3107547461986542,-0.062319908291101456,0.46482980251312256,0.5548820495605469,-0.018777383491396904,0.4661008417606354,0.43137481808662415,-0.04818124324083328,0.4681842625141144,0.35111773014068604,-0.06648485362529755,0.4683566391468048,0.2814314365386963,-0.07351701706647873,0.42680177092552185,0.5810637474060059,-0.026987502351403236,0.426273375749588,0.5231972336769104,-0.0793570950627327,0.44933924078941345,0.5982201099395752,-0.08874836564064026,0.4607497751712799,0.6542806625366211,-0.07726762443780899,0.3915424942970276,0.6216378211975098,-0.037304461002349854,0.39687007665634155,0.5713965892791748,-0.07565028220415115,0.4202548563480377,0.6232330799102783,-0.07267030328512192,0.4315609931945801,0.6700231432914734,-0.06004258245229721
0.4639433026313782,0.8135995268821716,7.536312978118076e-07,0.5199151635169983,0.7529643774032593,-0.03518194705247879,0.5427113175392151,0.6489734649658203,-0.046601153910160065,0.4840554893016815,0.5950919389724731,-0.05723606050014496,0.4278205931186676,0.5902507305145264,-0.06568688899278641,0.5063108205795288,0.5453196167945862,-0.015463610179722309,0.5083637833595276,0.437275230884552,-0.038778528571128845,0.5031465888023376,0.368445485830307,-0.05349750444293022,0.4978548586368561,0.3083762526512146,-0.06202319264411926,0.462152898311615,0.5517867803573608,-0.019303511828184128,0.46282389760017395,0.4286195635795593,-0.048230547457933426,0.4638911485671997,0.3483369052410126,-0.0662914291024208,0.46263110637664795,0.2782268524169922,-0.07338397204875946,0.4246733784675598,0.5790001749992371,-0.028333760797977448,0.4251362383365631,0.520226001739502,-0.08027642220258713,0.4492190480232239,0.5949729084968567,-0.08941250294446945,0.46071818470954895,0.6497536897659302,-0.07800255715847015,0.3904475271701813,0.6212434768676758,-0.03940816596150398,0.3961409330368042,0.5699562430381775,-0.07743694633245468,0.4199175536632538,0.6216107606887817,-0.07416287064552307,0.43072783946990967,0.6674858927726746,-0.06147653982043266
0.4629972577095032,0.8135063648223877,7.375256245722994e-07,0.519104540348053,0.7529056072235107,-0.03586716577410698,0.5406522750854492,0.6478147506713867,-0.047191981226205826,0.4815919101238251,0.592864453792572,-0.05760911479592323,0.42555126547813416,0.5898383259773254,-0.06612609326839447,0.5068999528884888,0.5449596047401428,-0.01623605191707611,0.50786292552948,0.43725740909576416,-0.03886960446834564,0.501799464225769,0.3684234023094177,-0.05319185554981232,0.495796799659729,0.30821627378463745,-0.061671119183301926,0.4624502956867218,0.5511636734008789,-0.019569527357816696,0.4622136950492859,0.4277777671813965,-0.048080313950777054,0.46217402815818787,0.34775102138519287,-0.06593813747167587,0.46059367060661316,0.2786351442337036,-0.07295036315917969,0.4245777726173401,0.5790291428565979,-0.02797134965658188,0.42326220870018005,0.5192400217056274,-0.07977097481489182,0.4472331702709198,0.5936427116394043,-0.08899584412574768,0.45956310629844666,0.6494344472885132,-0.07771262526512146,0.3897117078304291,0.6220049858093262,-0.03840239346027374,0.39327892661094666,0.5698553919792175,-0.07720088958740234,0.4177599549293518,0.6218759417533875,-0.07433617115020752,0.4303624927997589,0.6688888072967529,-0.06180018186569214
0.46206608414649963,0.8119081854820251,7.309748184525233e-07,0.5178872346878052,0.7518833875656128,-0.036344386637210846,0.5398482084274292,0.647206723690033,-0.04772309958934784,0.4803996682167053,0.5931705832481384,-0.058072175830602646,0.4240640699863434,0.5901415348052979,-0.06635811179876328,0.5057283639907837,0.5437910556793213,-0.01615310087800026,0.5051395297050476,0.4359860420227051,-0.03863924741744995,0.4982643127441406,0.36743056774139404,-0.05299372971057892,0.49157270789146423,0.3074529767036438,-0.06156817451119423,0.4614400565624237,0.5501490831375122,-0.019229423254728317,0.4602135121822357,0.42715227603912354,-0.047254811972379684,0.45961570739746094,0.34688764810562134,-0.06500564515590668,0.4574619233608246,0.2776404917240143,-0.07220523059368134,0.4236948788166046,0.5777111649513245,-0.02753983810544014,0.42141711711883545,0.518033504486084,-0.0789872333407402,0.4457482099533081,0.5919029116630554,-0.08852723240852356,0.4583166241645813,0.6470760703086853,-0.07767252624034882,0.3889697194099426,0.620181679725647,-0.03796880319714546,0.3920491337776184,0.5681954026222229,-0.07667062431573868,0.41656187176704407,0.6198505759239197,-0.0742170512676239,0.42918986082077026,0.66644686460495,-0.062166571617126465
0.45921990275382996,0.8086539506912231,7.503973620259785e-07,0.5145861506462097,0.7485156655311584,-0.03585665300488472,0.5346472859382629,0.6447544097900391,-0.04711486026644707,0.4755285680294037,0.5913363695144653,-0.05746705085039139,0.4193344712257385,0.5899049043655396,-0.06571931391954422,0.5009797215461731,0.5397241115570068,-0.015338733792304993,0.5003944039344788,0.4316747486591339,-0.037068720906972885,0.4939079284667969,0.3639522194862366,-0.0510944202542305,0.4871361255645752,0.3042912185192108,-0.05959293991327286,0.4577573239803314,0.5472075939178467,-0.01884283870458603,0.4565390944480896,0.42363208532333374,-0.04591771215200424,0.4560949206352234,0.3428366482257843,-0.06326191127300262,0.45315754413604736,0.2728275954723358,-0.07041022181510925,0.42089542746543884,0.5755882859230042,-0.027640115469694138,0.4182109236717224,0.5163708925247192,-0.0784677043557167,0.44326144456863403,0.5899109244346619,-0.08803674578666687,0.45558956265449524,0.6445748805999756,-0.07731432467699051,0.386409193277359,0.6190444231033325,-0.03858036920428276,0.38884446024894714,0.5660831928253174,-0.07659665495157242,0.4141833186149597,0.6168245077133179,-0.07401995360851288,0.42692601680755615,0.6629099249839783,-0.06208760663866997
0.45777541399002075,0.8098227381706238,7.292451869034267e-07,0.5136191248893738,0.7499814033508301,-0.03628776594996452,0.535919189453125,0.645632266998291,-0.04758705943822861,0.47759607434272766,0.5913566946983337,-0.05794968456029892,0.42139294743537903,0.5948203802108765,-0.0664152130484581,0.5029387474060059,0.5428419709205627,-0.01625135913491249,0.5031620860099792,0.4344244599342346,-0.03894843906164169,0.49654579162597656,0.3647693991661072,-0.05345902591943741,0.49018990993499756,0.30429548025131226,-0.06197841838002205,0.45901259779930115,0.5489358305931091,-0.019589798524975777,0.4577968716621399,0.4251405894756317,-0.04795518517494202,0.4571477770805359,0.3441108465194702,-0.06595482677221298,0.4551299214363098,0.27477505803108215,-0.07308392226696014,0.4215817153453827,0.5756561756134033,-0.02806214801967144,0.4196653366088867,0.5176152586936951,-0.07924966514110565,0.4422574043273926,0.5913029909133911,-0.08857240527868271,0.45345425605773926,0.6464765071868896,-0.07744007557630539,0.38671231269836426,0.6172341108322144,-0.03872022405266762,0.38974741101264954,0.5641475915908813,-0.07582508772611618,0.4130776524543762,0.6158273816108704,-0.07207895815372467,0.42469415068626404,0.6630016565322876,-0.059323474764823914
0.4557153284549713,0.8100126385688782,7.278598559423699e-07,0.5126914978027344,0.751052737236023,-0.03617842495441437,0.5358349084854126,0.6465333104133606,-0.04740065708756447,0.47781798243522644,0.5913889408111572,-0.057850971817970276,0.421700119972229,0.5932866334915161,-0.06642340123653412,0.5022807121276855,0.5414538383483887,-0.01485324464738369,0.5027348399162292,0.43426793813705444,-0.03713362663984299,0.49647948145866394,0.36576133966445923,-0.05161534622311592,0.49075284600257874,0.3063250780105591,-0.06023135036230087,0.45853063464164734,0.5476676225662231,-0.018345164135098457,0.45755645632743835,0.4248726963996887,-0.04647764936089516,0.45753684639930725,0.34355586767196655,-0.0647922232747078,0.4560152292251587,0.2733699679374695,-0.07227592915296555,0.42164185643196106,0.574911892414093,-0.027092797681689262,0.4193762540817261,0.5166791081428528,-0.0786694884300232,0.4424077570438385,0.5904184579849243,-0.08878911286592484,0.4539503753185272,0.6455304622650146,-0.07812803983688354,0.38756150007247925,0.6174260377883911,-0.03796074539422989,0.3903946876525879,0.5634146332740784,-0.07580283284187317,0.41386231780052185,0.6152464151382446,-0.07278773188591003,0.42568835616111755,0.6625252962112427,-0.060474202036857605
0.4557415544986725,0.8071610927581787,7.296360422515136e-07,0.5121849179267883,0.7485068440437317,-0.03624600172042847,0.5352711081504822,0.6465626358985901,-0.04782439395785332,0.47754862904548645,0.5923839807510376,-0.05849407613277435,0.42189130187034607,0.5916708707809448,-0.06717728078365326,0.5023125410079956,0.5406045317649841,-0.015779932960867882,0.5023838877677917,0.43249696493148804,-0.03816550597548485,0.4963025152683258,0.36421123147010803,-0.052572429180145264,0.4903501570224762,0.30462926626205444,-0.061050787568092346,0.4589400291442871,0.5472836494445801,-0.019190188497304916,0.4580819010734558,0.423553466796875,-0.04684077575802803,0.4579225778579712,0.34254157543182373,-0.06469102203845978,0.45611125230789185,0.2728056013584137,-0.07196683436632156,0.4221869111061096,0.5746871829032898,-0.027885565534234047,0.41980284452438354,0.5168808698654175,-0.07906923443078995,0.44247356057167053,0.590435266494751,-0.0892338901758194,0.4537662863731384,0.6450613141059875,-0.07873174548149109,0.38806217908859253,0.6172234416007996,-0.03869697451591492,0.39029622077941895,0.5634359121322632,-0.07629857212305069,0.4133766293525696,0.6152196526527405,-0.0733574703335762,0.42515718936920166,0.6622816920280457,-0.06118404492735863
0.45636123418807983,0.8086525797843933,7.332264999604376e-07,0.512748658657074,0.7496973872184753,-0.036076463758945465,0.5357435941696167,0.6460518836975098,-0.04746368154883385,0.47722163796424866,0.5907521843910217,-0.05792936682701111,0.42061272263526917,0.5945719480514526,-0.06653058528900146,0.5020198225975037,0.5408369898796082,-0.01575375720858574,0.5020133256912231,0.4329131543636322,-0.037565648555755615,0.4958239197731018,0.3645417094230652,-0.05176055058836937,0.48967331647872925,0.3048252761363983,-0.0603000745177269,0.4585566520690918,0.5472813844680786,-0.019238246604800224,0.4583302140235901,0.4239916205406189,-0.046159155666828156,0.4586617052555084,0.34230494499206543,-0.06375547498464584,0.45695459842681885,0.2723964750766754,-0.07109145075082779,0.42189639806747437,0.5749536752700806,-0.02789924480021,0.419863224029541,0.516189455986023,-0.0781852975487709,0.44261738657951355,0.5892454981803894,-0.08811475336551666,0.4537804126739502,0.6449501514434814,-0.07770316302776337,0.38805270195007324,0.618044376373291,-0.03871963173151016,0.39044493436813354,0.5632847547531128,-0.07563501596450806,0.4140162765979767,0.6141341924667358,-0.0724748820066452,0.42620745301246643,0.6620224714279175,-0.060313630849123
0.4546254277229309,0.8088521957397461,7.363389613601612e-07,0.5117428302764893,0.7500040531158447,-0.036172185093164444,0.5352261066436768,0.6457977890968323,-0.04741068556904793,0.4764288067817688,0.5896492004394531,-0.057759933173656464,0.4200601577758789,0.5934078097343445,-0.06623902171850204,0.5017437934875488,0.5410760045051575,-0.015228907577693462,0.5024137496948242,0.43408071994781494,-0.036983054131269455,0.4965619444847107,0.3657571077346802,-0.05113053694367409,0.49071013927459717,0.30628669261932373,-0.05961127579212189,0.45805999636650085,0.5473556518554688,-0.018558109179139137,0.45848411321640015,0.42431873083114624,-0.04572604224085808,0.4583532214164734,0.3423305153846741,-0.06343654543161392,0.456328809261322,0.27255186438560486,-0.07072480022907257,0.4212821424007416,0.5747000575065613,-0.027087382972240448,0.4190337359905243,0.5170404314994812,-0.07773996889591217,0.44190695881843567,0.5895956754684448,-0.08788606524467468,0.45371678471565247,0.6451025605201721,-0.07746561616659164,0.3872899115085602,0.617101788520813,-0.03775814548134804,0.38961338996887207,0.5632627010345459,-0.07513637840747833,0.4133788049221039,0.6148331165313721,-0.07219773530960083,0.4260552227497101,0.6633439064025879,-0.06004362180829048
0.45497554540634155,0.8078317642211914,7.297252295757062e-07,0.5118046998977661,0.749337911605835,-0.03559562936425209,0.5359735488891602,0.646215558052063,-0.04706224054098129,0.47807586193084717,0.591228723526001,-0.057767659425735474,0.42175328731536865,0.591101348400116,-0.06658219546079636,0.501518964767456,0.5411837100982666,-0.015535926446318626,0.5020136833190918,0.4341140389442444,-0.037874866276979446,0.4960674047470093,0.3659268021583557,-0.052340731024742126,0.4904685616493225,0.3062646687030792,-0.06098027154803276,0.4581170678138733,0.5478348731994629,-0.019397102296352386,0.45814672112464905,0.42440178990364075,-0.047239601612091064,0.4582403302192688,0.3428688943386078,-0.06529074162244797,0.45668357610702515,0.27268874645233154,-0.07275141030550003,0.4216904640197754,0.5751882195472717,-0.028394591063261032,0.41979944705963135,0.5168737769126892,-0.07991459965705872,0.4422706365585327,0.5907495021820068,-0.08985462784767151,0.4536728262901306,0.6460461616516113,-0.07920017838478088,0.3880869448184967,0.6177510023117065,-0.039433542639017105,0.3908099830150604,0.5639424920082092,-0.07750668376684189,0.414004921913147,0.6166256666183472,-0.07437710464000702,0.4259999096393585,0.6647807359695435,-0.06199969723820686
0.45598259568214417,0.8076696991920471,7.373668040600023e-07,0.5122492909431458,0.7487726807594299,-0.03534262254834175,0.5355491042137146,0.6450580954551697,-0.046427756547927856,0.4775133430957794,0.590299665927887,-0.0567614883184433,0.4213997423648834,0.5908348560333252,-0.06511667370796204,0.5015830993652344,0.539914608001709,-0.01416472066193819,0.5017661452293396,0.43308794498443604,-0.03580186516046524,0.49564307928085327,0.365242600440979,-0.04982433468103409,0.4895627796649933,0.3058204650878906,-0.05824243649840355,0.45827820897102356,0.5468822717666626,-0.017990896478295326,0.45798563957214355,0.4238501787185669,-0.045269910246133804,0.4582756757736206,0.3426271080970764,-0.062801793217659,0.456484854221344,0.2727941572666168,-0.069886215031147,0.42167410254478455,0.574488639831543,-0.027062805369496346,0.42024484276771545,0.5163577795028687,-0.07824624329805374,0.44300708174705505,0.5908336043357849,-0.08792143315076828,0.45414918661117554,0.6461193561553955,-0.0770438015460968,0.3874835669994354,0.6169670820236206,-0.03819641098380089,0.39071205258369446,0.5643031597137451,-0.07610955089330673,0.4139086604118347,0.6168875098228455,-0.073150634765625,0.42548584938049316,0.6641542315483093,-0.06090705096721649
0.4560225307941437,0.8086686134338379,7.438522970915074e-07,0.5126465559005737,0.7491377592086792,-0.03622845560312271,0.5359845161437988,0.6451355814933777,-0.04767153412103653,0.47741952538490295,0.5904473662376404,-0.058177024126052856,0.4203844368457794,0.5953894853591919,-0.0668274387717247,0.5012201070785522,0.5412782430648804,-0.01607395149767399,0.5018404722213745,0.4337892234325409,-0.03831002116203308,0.4961400628089905,0.36542680859565735,-0.052654165774583817,0.49042418599128723,0.3057818114757538,-0.06116561219096184,0.4576282501220703,0.5476812124252319,-0.01953282207250595,0.4574306905269623,0.4243805408477783,-0.04712091386318207,0.45756995677948,0.3423427641391754,-0.06487658619880676,0.45557424426078796,0.2723402678966522,-0.07207750529050827,0.4211371839046478,0.5748018622398376,-0.0281875878572464,0.4187975525856018,0.5180780291557312,-0.07912623137235641,0.44200825691223145,0.5908993482589722,-0.08913735300302505,0.4538120925426483,0.6460813879966736,-0.07850160449743271,0.38741448521614075,0.6169428825378418,-0.03901440277695656,0.38992664217948914,0.5636637806892395,-0.0762205719947815,0.4135650098323822,0.6148905754089355,-0.07303610444068909,0.42584124207496643,0.6627053022384644,-0.060711078345775604
0.45768749713897705,0.8071810007095337,7.440615945597528e-07,0.513857364654541,0.7478902339935303,-0.03655891492962837,0.5379533171653748,0.6460866332054138,-0.048787061125040054,0.48059314489364624,0.5926122665405273,-0.060171835124492645,0.42466098070144653,0.592415988445282,-0.06957247108221054,0.504299521446228,0.5425639748573303,-0.01690814644098282,0.5059447884559631,0.43519288301467896,-0.04098223149776459,0.5000479221343994,0.365885853767395,-0.056336142122745514,0.4943009614944458,0.3055708110332489,-0.06521667540073395,0.46054065227508545,0.5485941767692566,-0.020721282809972763,0.4601280987262726,0.4239513576030731,-0.050507962703704834,0.46004945039749146,0.3430965840816498,-0.06932749599218369,0.4582808315753937,0.2728157341480255,-0.07668645679950714,0.42377758026123047,0.5751106142997742,-0.029741590842604637,0.42131656408309937,0.5198073983192444,-0.08244740962982178,0.44340741634368896,0.5937216281890869,-0.09205244481563568,0.4547083079814911,0.6473645567893982,-0.08066374063491821,0.3895412087440491,0.616575300693512,-0.04094730690121651,0.39182889461517334,0.564613401889801,-0.07852916419506073,0.4146313965320587,0.6163545250892639,-0.07441499084234238,0.426222026348114,0.6623955965042114,-0.06123656779527664
0.45845669507980347,0.8084026575088501,7.335736995628395e-07,0.514655351638794,0.7493523359298706,-0.03588126227259636,0.537991464138031,0.6457698345184326,-0.047842398285865784,0.4805469512939453,0.589895486831665,-0.058991625905036926,0.424331396818161,0.589781641960144,-0.06830449402332306,0.5049502849578857,0.5411500930786133,-0.016744468361139297,0.5050405859947205,0.4335261583328247,-0.03966515138745308,0.4986101984977722,0.36490577459335327,-0.054461363703012466,0.49272122979164124,0.30492791533470154,-0.0632554292678833,0.4612274467945099,0.5480653643608093,-0.020695732906460762,0.4604248106479645,0.42350879311561584,-0.049202028661966324,0.46004894375801086,0.34177082777023315,-0.06735596805810928,0.4579140841960907,0.271564781665802,-0.07471662014722824,0.42457523941993713,0.5757582783699036,-0.029712874442338943,0.4226897358894348,0.5165462493896484,-0.08152648061513901,0.44498541951179504,0.59038907289505,-0.09086411446332932,0.45590636134147644,0.6453549861907959,-0.07967645674943924,0.39039862155914307,0.618554949760437,-0.04081553593277931,0.39318951964378357,0.563365638256073,-0.07875943183898926,0.41638943552970886,0.6155486702919006,-0.07502898573875427,0.4281472861766815,0.6631501913070679,-0.0621628612279892
0.45880407094955444,0.8069889545440674,7.265657018251659e-07,0.5150706171989441,0.7486680746078491,-0.035134244710206985,0.5387763977050781,0.6451796293258667,-0.04632755368947983,0.48150163888931274,0.5899888277053833,-0.05686550587415695,0.42532700300216675,0.5866179466247559,-0.06544643640518188,0.5052302479743958,0.5393012166023254,-0.01461898721754551,0.5048871636390686,0.4322609305381775,-0.03708842024207115,0.49840670824050903,0.36382120847702026,-0.05155332759022713,0.4921100437641144,0.3046758472919464,-0.060014478862285614,0.46130111813545227,0.5461969375610352,-0.018490321934223175,0.45997175574302673,0.4214887320995331,-0.04675155505537987,0.45916715264320374,0.3399167060852051,-0.06475585699081421,0.456581175327301,0.270571231842041,-0.07178687304258347,0.4247140884399414,0.5740981101989746,-0.02751363068819046,0.4230802357196808,0.5165714621543884,-0.07907424122095108,0.4454972445964813,0.5892252922058105,-0.08883824199438095,0.4565907418727875,0.643246591091156,-0.07791952788829803,0.3906136751174927,0.6165686845779419,-0.03856198862195015,0.39479008316993713,0.5649632215499878,-0.07665075361728668,0.41793665289878845,0.6166638731956482,-0.07370352745056152,0.4297904074192047,0.6626781225204468,-0.06131292134523392
0.459794282913208,0.8074648380279541,7.440710305672837e-07,0.5149003267288208,0.7473700642585754,-0.03478845953941345,0.5374578237533569,0.6426120400428772,-0.046177707612514496,0.4788833558559418,0.5880643129348755,-0.05702834203839302,0.42206740379333496,0.5894164443016052,-0.06589515507221222,0.5033251047134399,0.53583163022995,-0.013205829076468945,0.5028325319290161,0.42964550852775574,-0.03451815992593765,0.4966091811656952,0.36258649826049805,-0.048649441450834274,0.4904186427593231,0.3036166727542877,-0.05737975612282753,0.46019446849823,0.543621838092804,-0.017733566462993622,0.45869192481040955,0.41980868577957153,-0.04468788579106331,0.45842263102531433,0.3383389413356781,-0.06252835690975189,0.45547014474868774,0.2679544985294342,-0.07001446187496185,0.4245559275150299,0.5723085403442383,-0.027482684701681137,0.4218847155570984,0.5150234699249268,-0.07801233977079391,0.44555726647377014,0.5874627232551575,-0.087722547352314,0.45703092217445374,0.640884280204773,-0.07721855491399765,0.39139556884765625,0.6157717704772949,-0.03934013098478317,0.3938792943954468,0.5626353621482849,-0.07640077918767929,0.4173815846443176,0.614064633846283,-0.07312546670436859,0.4293777346611023,0.6601940393447876,-0.06097952276468277
