0.4513850510120392,0.916165292263031,1.0796590004247264e-06,0.4158807396888733,0.8321875929832458,-0.05269911512732506,0.4302690029144287,0.7233816385269165,-0.07338159531354904,0.5048098564147949,0.648621141910553,-0.09171418100595474,0.5570371150970459,0.5939457416534424,-0.10700956732034683,0.4159218668937683,0.5544381141662598,-0.028439635410904884,0.3984625041484833,0.41110360622406006,-0.0582803376019001,0.3878841996192932,0.318137526512146,-0.07825592160224915,0.37950262427330017,0.23933154344558716,-0.0901293084025383,0.47839075326919556,0.5643678903579712,-0.026433292776346207,0.5126698613166809,0.41136327385902405,-0.05758548527956009,0.5404919385910034,0.3166114091873169,-0.07976901531219482,0.5660603642463684,0.23904985189437866,-0.08870949596166611,0.5243074297904968,0.6167455911636353,-0.03176147863268852,0.5521963834762573,0.5830456018447876,-0.08426101505756378,0.5224597454071045,0.6615738272666931,-0.09863189607858658,0.5031430125236511,0.7144859433174133,-0.09084391593933105,0.5537078380584717,0.6861681938171387,-0.04103069007396698,0.570952832698822,0.6596380472183228,-0.08272365480661392,0.5402620434761047,0.7216655015945435,-0.08369850367307663,0.5187634825706482,0.7668321132659912,-0.07292796671390533
0.39433473348617554,0.9024732708930969,9.944351404556073e-07,0.35004937648773193,0.8178001642227173,-0.04595780000090599,0.3516761064529419,0.707030177116394,-0.06657443940639496,0.4208129942417145,0.6312322020530701,-0.08704522997140884,0.4766474664211273,0.5770972967147827,-0.1052277535200119,0.34495991468429565,0.5416281819343567,-0.026546165347099304,0.3229811191558838,0.4010605216026306,-0.05703844875097275,0.3110855221748352,0.311062216758728,-0.07675622403621674,0.30190160870552063,0.23535725474357605,-0.08861371129751205,0.4080636203289032,0.5522864460945129,-0.029291324317455292,0.4377968907356262,0.39700034260749817,-0.060793787240982056,0.4615127444267273,0.30269506573677063,-0.08236341923475266,0.4845227599143982,0.22367581725120544,-0.09142906963825226,0.4557175040245056,0.6063359379768372,-0.038611818104982376,0.47406449913978577,0.5579944252967834,-0.09050794690847397,0.44408246874809265,0.6359063386917114,-0.10282476246356964,0.42734819650650024,0.6883161664009094,-0.09453006088733673,0.4878646731376648,0.6811537742614746,-0.051230475306510925,0.49664604663848877,0.6401675343513489,-0.09132567048072815,0.46321672201156616,0.699463963508606,-0.09007419645786285,0.4412219822406769,0.7445962429046631,-0.07849445194005966
0.3925720155239105,0.895656406879425,9.79635501607845e-07,0.34686076641082764,0.8128912448883057,-0.04624626785516739,0.3470236659049988,0.7031566500663757,-0.06769637763500214,0.4164915680885315,0.6296719312667847,-0.0887465551495552,0.473481684923172,0.5770758986473083,-0.1075020506978035,0.3427034020423889,0.5400699973106384,-0.029494596645236015,0.3206424415111542,0.40111398696899414,-0.06012587621808052,0.3084127902984619,0.31295642256736755,-0.07945213466882706,0.299318790435791,0.23870742321014404,-0.09115880727767944,0.4057238698005676,0.5504398941993713,-0.03229556977748871,0.43425440788269043,0.39729055762290955,-0.06408912688493729,0.4567321538925171,0.3047502040863037,-0.08550889045000076,0.4794173538684845,0.22672462463378906,-0.09473975747823715,0.4529390037059784,0.6033440232276917,-0.041459206491708755,0.4723673462867737,0.556033194065094,-0.09358683228492737,0.4411693811416626,0.6336148381233215,-0.10587912797927856,0.42404958605766296,0.68599933385849,-0.09787076711654663,0.484569251537323,0.6770209074020386,-0.05390806868672371,0.4934447705745697,0.6383622884750366,-0.09463942795991898,0.4601823687553406,0.6974762678146362,-0.09387119114398956,0.43848520517349243,0.7430572509765625,-0.08276424556970596
0.39300933480262756,0.8940880298614502,9.79695187197649e-07,0.34744906425476074,0.8131276965141296,-0.04577595368027687,0.3482746481895447,0.7020198702812195,-0.06678751111030579,0.4169311225414276,0.6266051530838013,-0.08735258877277374,0.4734160900115967,0.5730589032173157,-0.10553394258022308,0.3428291082382202,0.5413017272949219,-0.029613282531499863,0.32144203782081604,0.4029616415500641,-0.060989320278167725,0.3089461922645569,0.3146027624607086,-0.0806630328297615,0.29933780431747437,0.24030479788780212,-0.0924500823020935,0.4059118926525116,0.5510845184326172,-0.03246006369590759,0.43478235602378845,0.3981773555278778,-0.06494870036840439,0.45733508467674255,0.3048568069934845,-0.08631176501512527,0.48008519411087036,0.2256898283958435,-0.09517738223075867,0.4534345269203186,0.6034429669380188,-0.04159324988722801,0.47292977571487427,0.5574213266372681,-0.09371709078550339,0.4415575861930847,0.6354235410690308,-0.10503248125314713,0.4243381917476654,0.68777996301651,-0.09616915136575699,0.4848281741142273,0.6760355830192566,-0.0540698803961277,0.49256762862205505,0.6406286954879761,-0.09525417536497116,0.4588322341442108,0.6991907954216003,-0.09440024197101593,0.43677714467048645,0.7432430982589722,-0.08288481831550598
0.39239582419395447,0.8884975910186768,9.752624237080454e-07,0.34728899598121643,0.808096170425415,-0.04549599066376686,0.34770843386650085,0.6998762488365173,-0.06636713445186615,0.4153950810432434,0.6256830096244812,-0.08664032071828842,0.4709934890270233,0.5717188715934753,-0.10432149469852448,0.3420751094818115,0.5383905172348022,-0.028543096035718918,0.3195165693759918,0.4017438292503357,-0.05874510109424591,0.3067135214805603,0.3144996464252472,-0.07789511233568192,0.29681968688964844,0.24119976162910461,-0.08942317962646484,0.4046628773212433,0.5482318997383118,-0.030922839418053627,0.43210676312446594,0.39658796787261963,-0.06208328530192375,0.4537237584590912,0.3042066991329193,-0.08310409635305405,0.475493460893631,0.2259889543056488,-0.09206794947385788,0.4516013562679291,0.6003932356834412,-0.039555903524160385,0.470558226108551,0.5556053519248962,-0.09035646915435791,0.44004929065704346,0.6311867833137512,-0.10200746357440948,0.4231182932853699,0.682803750038147,-0.09377624839544296,0.48257821798324585,0.672039806842804,-0.051498617976903915,0.4907238781452179,0.6378255486488342,-0.09152894467115402,0.4577406644821167,0.6944607496261597,-0.0909234806895256,0.43577924370765686,0.7384032607078552,-0.07989709079265594
0.3911186456680298,0.8874486088752747,9.584470035406412e-07,0.3468346893787384,0.8057777285575867,-0.04479553550481796,0.3473535478115082,0.696678876876831,-0.0647888332605362,0.41449591517448425,0.6219715476036072,-0.0843803659081459,0.47018349170684814,0.5685100555419922,-0.10134395211935043,0.34222355484962463,0.5394341945648193,-0.026400350034236908,0.3195934593677521,0.4038105607032776,-0.055657755583524704,0.3063138425350189,0.3174586296081543,-0.0739801898598671,0.2960468530654907,0.2445574402809143,-0.08493958413600922,0.4044242203235626,0.5486390590667725,-0.028826016932725906,0.43132635951042175,0.39706602692604065,-0.05936463922262192,0.4518667459487915,0.30519744753837585,-0.08007700741291046,0.4730111360549927,0.22808685898780823,-0.08874049782752991,0.451131671667099,0.6003710031509399,-0.037513792514801025,0.46922188997268677,0.5546366572380066,-0.08787161856889725,0.43793630599975586,0.6298703551292419,-0.0996144711971283,0.4209640622138977,0.6813740730285645,-0.09134194999933243,0.4821145832538605,0.6712361574172974,-0.04947854205965996,0.48935389518737793,0.6374049782752991,-0.08919034898281097,0.4561340808868408,0.6930092573165894,-0.08882668614387512,0.43475401401519775,0.7364015579223633,-0.07793201506137848
0.392880380153656,0.8815284967422485,9.261048035114072e-07,0.34713006019592285,0.8025234937667847,-0.04511990398168564,0.34759166836738586,0.6929476857185364,-0.06510111689567566,0.41481760144233704,0.6191260814666748,-0.0844012200832367,0.47034770250320435,0.566636860370636,-0.10125154256820679,0.34270408749580383,0.5390859246253967,-0.029132232069969177,0.3197573721408844,0.40409839153289795,-0.05844732001423836,0.3066365122795105,0.3180895745754242,-0.07668356597423553,0.2966204285621643,0.24585330486297607,-0.08771472424268723,0.40427955985069275,0.5486509799957275,-0.03100031614303589,0.4299682676792145,0.3985099494457245,-0.061395738273859024,0.45033037662506104,0.3079288899898529,-0.08193426579236984,0.4716574251651764,0.2320251166820526,-0.09086671471595764,0.45049038529396057,0.5991122722625732,-0.03899723291397095,0.4685114026069641,0.5548387765884399,-0.08878717571496964,0.43746238946914673,0.6280907988548279,-0.10124795883893967,0.42025962471961975,0.6782101392745972,-0.09408479183912277,0.4815124273300171,0.6681100726127625,-0.05024363100528717,0.4885505735874176,0.6346800327301025,-0.08956058323383331,0.45544758439064026,0.6898773908615112,-0.09015075117349625,0.4335967004299164,0.7327613830566406,-0.08049522340297699
0.3938903212547302,0.8791555166244507,9.290445746046316e-07,0.349191278219223,0.7992388606071472,-0.04419383034110069,0.3495699465274811,0.6906879544258118,-0.06343228369951248,0.41553616523742676,0.6161918640136719,-0.08210121095180511,0.4699287414550781,0.562695324420929,-0.09823761135339737,0.3442847728729248,0.538970410823822,-0.02606724202632904,0.3219236135482788,0.405930757522583,-0.05398238077759743,0.30874329805374146,0.32117846608161926,-0.0717860534787178,0.298977255821228,0.24980634450912476,-0.08266105502843857,0.40557506680488586,0.5484306812286377,-0.028012095019221306,0.43085670471191406,0.400199294090271,-0.0572168193757534,0.4508228003978729,0.3102551996707916,-0.07735393196344376,0.47183966636657715,0.23535215854644775,-0.08606252074241638,0.4517291486263275,0.5991759896278381,-0.03606323525309563,0.46952685713768005,0.552099347114563,-0.08526352792978287,0.43940144777297974,0.6262263059616089,-0.09676956385374069,0.4229870140552521,0.6775708794593811,-0.08892989903688431,0.48253127932548523,0.6688029170036316,-0.047294579446315765,0.49013516306877136,0.6307815909385681,-0.08694928884506226,0.45767056941986084,0.6868349313735962,-0.08676585555076599,0.436092734336853,0.7315202951431274,-0.07626698166131973
0.3991658091545105,0.8718572854995728,8.523157362105849e-07,0.35585954785346985,0.7915191054344177,-0.03934770077466965,0.35849401354789734,0.6837190985679626,-0.05585708096623421,0.4225073456764221,0.6102631092071533,-0.07283671945333481,0.4747653901576996,0.5585651397705078,-0.08742199838161469,0.35260146856307983,0.540097713470459,-0.02043638564646244,0.33151209354400635,0.410860538482666,-0.04564550146460533,0.3184337913990021,0.3294534981250763,-0.06150837242603302,0.309097021818161,0.2610933482646942,-0.07122631371021271,0.4112417697906494,0.5489703416824341,-0.023750778287649155,0.4350540041923523,0.40674734115600586,-0.05061832815408707,0.4544638395309448,0.3202528953552246,-0.06989860534667969,0.4755404591560364,0.2503276467323303,-0.07863796502351761,0.45562416315078735,0.5977265238761902,-0.032936617732048035,0.4734266698360443,0.5549675822257996,-0.07977890223264694,0.44430622458457947,0.627787172794342,-0.09143092483282089,0.4289376437664032,0.6784762144088745,-0.08449559658765793,0.4856843650341034,0.6642526388168335,-0.04495844617486,0.49507936835289,0.6279469728469849,-0.08196219801902771,0.46420007944107056,0.6813830137252808,-0.08187931776046753,0.4440102279186249,0.7244276404380798,-0.07237705588340759
0.4010649025440216,0.8683158159255981,8.918827347770275e-07,0.3578927516937256,0.7897475361824036,-0.04323301091790199,0.35873398184776306,0.6860729455947876,-0.06173430755734444,0.42295750975608826,0.6142446398735046,-0.0795489028096199,0.4753947854042053,0.5636529922485352,-0.09498534351587296,0.3525625467300415,0.541483461856842,-0.02436579018831253,0.33037126064300537,0.4147297441959381,-0.05162522941827774,0.3179404139518738,0.3331538140773773,-0.06903048604726791,0.3090243339538574,0.26494017243385315,-0.07950122654438019,0.4109237790107727,0.5501512289047241,-0.025860456749796867,0.4342079162597656,0.4079686403274536,-0.05448110029101372,0.4531872868537903,0.322282999753952,-0.07416660338640213,0.47348278760910034,0.25153839588165283,-0.08244499564170837,0.4555869698524475,0.5984942317008972,-0.033461421728134155,0.47382548451423645,0.5553868412971497,-0.08137015998363495,0.4448308050632477,0.6259225606918335,-0.09289979934692383,0.42891761660575867,0.673425555229187,-0.08539588749408722,0.48581087589263916,0.6653388738632202,-0.044117528945207596,0.49442756175994873,0.6291458606719971,-0.08172434568405151,0.4638105034828186,0.6824693083763123,-0.08129016309976578,0.4436935484409332,0.7233373522758484,-0.0710451677441597
0.401712030172348,0.8672455549240112,8.899592671696155e-07,0.35880446434020996,0.7883435487747192,-0.042501602321863174,0.35962221026420593,0.6855364441871643,-0.06051800400018692,0.4228471517562866,0.6133489608764648,-0.07803701609373093,0.47448813915252686,0.5617637038230896,-0.09306363761425018,0.3526277244091034,0.5426312685012817,-0.022428765892982483,0.33067524433135986,0.4172205924987793,-0.04909674450755119,0.3182228207588196,0.33661648631095886,-0.06627274304628372,0.3090794086456299,0.26935461163520813,-0.07668867707252502,0.41039660573005676,0.5506991744041443,-0.024205924943089485,0.43423035740852356,0.40961354970932007,-0.052772924304008484,0.4526810348033905,0.32463884353637695,-0.07257919013500214,0.47225284576416016,0.25527265667915344,-0.08096690475940704,0.45454585552215576,0.598801851272583,-0.03211897984147072,0.47374120354652405,0.5546067953109741,-0.08013143390417099,0.4447494149208069,0.6252244710922241,-0.09163323044776917,0.4288073778152466,0.6730780005455017,-0.08412615954875946,0.48441243171691895,0.6655558347702026,-0.04302534461021423,0.4945409893989563,0.6276693344116211,-0.08102553337812424,0.4642285406589508,0.6808255910873413,-0.08075053244829178,0.4439506530761719,0.7219635248184204,-0.07056406885385513
0.3985186517238617,0.8601782917976379,8.343096737917222e-07,0.3609640598297119,0.7830822467803955,-0.04084506258368492,0.36129090189933777,0.6875768899917603,-0.05846523493528366,0.42011070251464844,0.6179481148719788,-0.07514704018831253,0.4700898826122284,0.5712154507637024,-0.08941932022571564,0.35389503836631775,0.5536845922470093,-0.022976556792855263,0.3327544331550598,0.43586641550064087,-0.048781465739011765,0.32110774517059326,0.36009925603866577,-0.06506054103374481,0.31269359588623047,0.29702332615852356,-0.07451456040143967,0.4084520637989044,0.5610852837562561,-0.023804938420653343,0.42945343255996704,0.42788928747177124,-0.05073368549346924,0.4462187886238098,0.3506065309047699,-0.06830230355262756,0.4637974798679352,0.28735578060150146,-0.07496573776006699,0.4509114921092987,0.6050084233283997,-0.03033943846821785,0.47010475397109985,0.5668531060218811,-0.07531435042619705,0.4458328187465668,0.6340824365615845,-0.08495742827653885,0.43246710300445557,0.678581953048706,-0.07674579322338104,0.4806016981601715,0.6670700907707214,-0.039763305336236954,0.49104249477386475,0.6339417695999146,-0.07411663234233856,0.4651508331298828,0.6854051351547241,-0.07215069979429245,0.4481241703033447,0.72393798828125,-0.061239201575517654
0.3943193554878235,0.8746777176856995,8.756549050303875e-07,0.35717374086380005,0.7978034019470215,-0.04437926039099693,0.36479708552360535,0.6999431848526001,-0.06229874864220619,0.4281504452228546,0.6351293921470642,-0.07870205491781235,0.4783824682235718,0.5911418795585632,-0.09246131032705307,0.36168593168258667,0.5583820343017578,-0.02514314465224743,0.34599775075912476,0.4335249662399292,-0.05108155310153961,0.33724111318588257,0.3538069427013397,-0.06746720522642136,0.33069443702697754,0.28638461232185364,-0.07723794132471085,0.41707900166511536,0.5684818029403687,-0.024411657825112343,0.4455207884311676,0.4325701892375946,-0.05130039155483246,0.4681444764137268,0.3516336977481842,-0.06986460089683533,0.48980891704559326,0.28433388471603394,-0.07754697650671005,0.4574216306209564,0.615288257598877,-0.029785050079226494,0.4766397476196289,0.5775220394134521,-0.07502605020999908,0.4491003751754761,0.6420270204544067,-0.0872860848903656,0.43240106105804443,0.6855489015579224,-0.08099684864282608,0.4842243790626526,0.6776466369628906,-0.03841645270586014,0.49403810501098633,0.6506838202476501,-0.07406112551689148,0.46429240703582764,0.6998991966247559,-0.0752432644367218,0.4440707862377167,0.7363103628158569,-0.06671082228422165
0.4025750756263733,0.8793497085571289,8.912473390410014e-07,0.36417338252067566,0.8033270835876465,-0.04466058686375618,0.37197354435920715,0.704562246799469,-0.06316903233528137,0.43804842233657837,0.6397966146469116,-0.08013811707496643,0.4903087615966797,0.5951505899429321,-0.09448152780532837,0.37308910489082336,0.5596966743469238,-0.026261234655976295,0.3587539494037628,0.4331875443458557,-0.05379047617316246,0.3507828414440155,0.35205161571502686,-0.07111350446939468,0.3445998430252075,0.28335899114608765,-0.08142093569040298,0.428745836019516,0.5698471069335938,-0.026047352701425552,0.4588833153247833,0.43353360891342163,-0.05476895719766617,0.4829193651676178,0.35165831446647644,-0.07365239411592484,0.5056266784667969,0.28419235348701477,-0.08102308213710785,0.4690118134021759,0.6174192428588867,-0.03206219524145126,0.4882558584213257,0.5825951099395752,-0.07882918417453766,0.4589299261569977,0.6491379737854004,-0.09026200324296951,0.4415486454963684,0.693310558795929,-0.08282537758350372,0.49530333280563354,0.680124044418335,-0.041431013494729996,0.5042318105697632,0.6560264229774475,-0.07862108200788498,0.47344422340393066,0.7067405581474304,-0.07963493466377258,0.45309025049209595,0.7423855066299438,-0.07042867690324783
0.4000653326511383,0.8809105753898621,9.068947406376537e-07,0.3617624044418335,0.8036507964134216,-0.04555697739124298,0.3686712086200714,0.7060400247573853,-0.06484760344028473,0.435034841299057,0.6417954564094543,-0.08249527961015701,0.4876968264579773,0.5963603258132935,-0.09755787253379822,0.3701312243938446,0.5585559606552124,-0.027029456570744514,0.35474956035614014,0.430808961391449,-0.05466800183057785,0.3465081453323364,0.348678320646286,-0.07234644889831543,0.34027159214019775,0.27955523133277893,-0.0829024612903595,0.426171213388443,0.5691249370574951,-0.026551952585577965,0.45617690682411194,0.4311078190803528,-0.054842036217451096,0.48007237911224365,0.34885111451148987,-0.07421532273292542,0.5025334358215332,0.28083497285842896,-0.08221226185560226,0.46664512157440186,0.6176201701164246,-0.032322537153959274,0.4856565594673157,0.5801051259040833,-0.07871334999799728,0.4578322172164917,0.6445896625518799,-0.09127818793058395,0.44142618775367737,0.6881504058837891,-0.08496500551700592,0.49322545528411865,0.6820101141929626,-0.041428279131650925,0.502238392829895,0.6553774476051331,-0.07796123623847961,0.4716547727584839,0.7051801085472107,-0.07919815182685852,0.4511187672615051,0.7412700653076172,-0.07045797258615494
0.39910823106765747,0.882668137550354,8.987545356831106e-07,0.3604186177253723,0.8043791055679321,-0.044904354959726334,0.36805546283721924,0.7058640122413635,-0.06367228925228119,0.4343856871128082,0.6410594582557678,-0.08104531466960907,0.4867669939994812,0.5957700610160828,-0.0958031639456749,0.36997291445732117,0.5594522356987,-0.025901013985276222,0.35425060987472534,0.4311842918395996,-0.053084976971149445,0.3456130027770996,0.34950146079063416,-0.0703703761100769,0.33911025524139404,0.2802932858467102,-0.080658920109272,0.4261730909347534,0.5699106454849243,-0.025655360892415047,0.45603781938552856,0.43181562423706055,-0.05376667529344559,0.4795292615890503,0.34843963384628296,-0.0731661468744278,0.5019317865371704,0.2794492542743683,-0.08115321397781372,0.46656933426856995,0.6183258295059204,-0.03162884712219238,0.48475003242492676,0.5815417766571045,-0.07813194394111633,0.4562624394893646,0.6476762890815735,-0.09067079424858093,0.43987834453582764,0.6925534605979919,-0.08411510288715363,0.49285975098609924,0.682125449180603,-0.04092704877257347,0.5010573267936707,0.6559224128723145,-0.07782089710235596,0.4703627824783325,0.7064526081085205,-0.07922475039958954,0.4503803551197052,0.7434139251708984,-0.0704239010810852
0.3991391062736511,0.8803138732910156,8.901325827537221e-07,0.35993704199790955,0.8027965426445007,-0.04465419054031372,0.3676869571208954,0.7037272453308105,-0.06347261369228363,0.4339025616645813,0.6397218704223633,-0.08101574331521988,0.48557305335998535,0.5935605764389038,-0.09596434235572815,0.36878830194473267,0.5584755539894104,-0.026228124275803566,0.35302984714508057,0.4302753210067749,-0.053887736052274704,0.3444810211658478,0.3487222492694855,-0.07114360481500626,0.33822309970855713,0.2796378433704376,-0.08141835033893585,0.42464667558670044,0.5687389969825745,-0.02636902406811714,0.4541611075401306,0.4312576949596405,-0.05529334396123886,0.47787055373191833,0.3484920263290405,-0.07493840903043747,0.5007709860801697,0.2794446647167206,-0.08302995562553406,0.46486619114875793,0.6164015531539917,-0.03273515775799751,0.482857882976532,0.5806133151054382,-0.07971346378326416,0.45423322916030884,0.6477066874504089,-0.091971755027771,0.43785765767097473,0.6917154788970947,-0.08528075367212296,0.49139973521232605,0.6797603368759155,-0.04243497550487518,0.4990607500076294,0.6546533107757568,-0.07932771742343903,0.468268483877182,0.705856442451477,-0.0805714800953865,0.4483146369457245,0.7416843175888062,-0.0718250498175621
0.3990662395954132,0.8798683881759644,8.95787877652765e-07,0.359916090965271,0.8028346300125122,-0.044450793415308,0.36628827452659607,0.7048634886741638,-0.0635438859462738,0.43141260743141174,0.640238881111145,-0.08138676732778549,0.4836651682853699,0.5946552753448486,-0.09660346806049347,0.36783742904663086,0.5584233403205872,-0.026462653651833534,0.3518640100955963,0.4305729866027832,-0.054104361683130264,0.34315475821495056,0.3490704298019409,-0.07130628079175949,0.3368217349052429,0.2801106870174408,-0.08138935267925262,0.42413073778152466,0.5684630274772644,-0.026477504521608353,0.4535660445690155,0.4313267469406128,-0.05517954379320145,0.4772090017795563,0.3476496636867523,-0.07432250678539276,0.4998023808002472,0.27877354621887207,-0.08198528736829758,0.4648677408695221,0.6161522269248962,-0.03265380859375,0.48279497027397156,0.5799444913864136,-0.07957209646701813,0.45447197556495667,0.6465134024620056,-0.09157813340425491,0.4383736848831177,0.6923320293426514,-0.08451025933027267,0.4914977550506592,0.6792719960212708,-0.04211513325572014,0.4983732998371124,0.6549223065376282,-0.07928726822137833,0.4677065908908844,0.7060227394104004,-0.08053848892450333,0.4479534924030304,0.7436262965202332,-0.07146391272544861
0.3986051082611084,0.8794674873352051,9.023844995681429e-07,0.3587377369403839,0.8019459843635559,-0.04472646489739418,0.3651076555252075,0.7035535573959351,-0.06356783211231232,0.43119555711746216,0.6383681893348694,-0.08108130097389221,0.4840007424354553,0.5927224159240723,-0.09602412581443787,0.36712026596069336,0.5583552122116089,-0.02620754949748516,0.35112881660461426,0.42976832389831543,-0.05376370623707771,0.3426288962364197,0.3483208417892456,-0.07091352343559265,0.33618736267089844,0.27931010723114014,-0.08088837563991547,0.4236021637916565,0.5685844421386719,-0.026087380945682526,0.45260506868362427,0.4304370880126953,-0.05463658645749092,0.4758719801902771,0.346622496843338,-0.0736294835805893,0.4982404112815857,0.2779618501663208,-0.08100219070911407,0.46455904841423035,0.6171091198921204,-0.03220441937446594,0.480873167514801,0.5810746550559998,-0.07937238365411758,0.45202699303627014,0.6479337215423584,-0.09142884612083435,0.4361506700515747,0.6929620504379272,-0.08412212878465652,0.49117064476013184,0.6810616850852966,-0.04158559441566467,0.4974401593208313,0.6549682021141052,-0.07897314429283142,0.46637314558029175,0.7059571743011475,-0.07998906821012497,0.44667282700538635,0.7430797815322876,-0.07057934999465942
0.39817407727241516,0.8803738355636597,9.028191243487527e-07,0.35785895586013794,0.8016270399093628,-0.04375148564577103,0.364563524723053,0.7029232978820801,-0.06252104043960571,0.4300686717033386,0.6384782791137695,-0.080290786921978,0.48232004046440125,0.5937688946723938,-0.09553350508213043,0.3665997087955475,0.5583217740058899,-0.02574513666331768,0.3506951928138733,0.43046092987060547,-0.05347204580903053,0.34180358052253723,0.34890568256378174,-0.07093411684036255,0.3351818919181824,0.2796647250652313,-0.08122006803750992,0.4228203296661377,0.5682633519172668,-0.026413409039378166,0.45225468277931213,0.4302652180194855,-0.05537446588277817,0.47558343410491943,0.3461247682571411,-0.07496007531881332,0.498238205909729,0.27685976028442383,-0.08281658589839935,0.4637264311313629,0.6163297891616821,-0.033192913979291916,0.4802888035774231,0.5798320174217224,-0.08042607456445694,0.45132723450660706,0.646959662437439,-0.09234686940908432,0.4353097677230835,0.6926009058952332,-0.0849919393658638,0.4905053377151489,0.6800804734230042,-0.043189264833927155,0.49749743938446045,0.6527022123336792,-0.07998815178871155,0.46660199761390686,0.7033764719963074,-0.08043559640645981,0.4469519257545471,0.7407721281051636,-0.07077085971832275
0.3977706730365753,0.8802748918533325,9.104529681280837e-07,0.35849782824516296,0.8028787970542908,-0.045595020055770874,0.36601337790489197,0.7037625908851624,-0.06415913999080658,0.43168479204177856,0.6382834315299988,-0.08118048310279846,0.4833909869194031,0.5927192568778992,-0.09558319300413132,0.36642491817474365,0.5586852431297302,-0.025972044095396996,0.3500489592552185,0.43075841665267944,-0.05286649987101555,0.34105029702186584,0.3494245111942291,-0.06985249370336533,0.3343660235404968,0.28023597598075867,-0.07993653416633606,0.422391802072525,0.568579912185669,-0.025287650525569916,0.451344758272171,0.4306343197822571,-0.053408004343509674,0.4748866558074951,0.346899151802063,-0.0728028267621994,0.4976021647453308,0.27770259976387024,-0.08068087697029114,0.46264585852622986,0.6163297295570374,-0.030924983322620392,0.48041826486587524,0.5808886289596558,-0.07790224254131317,0.45200756192207336,0.6483310461044312,-0.09074310958385468,0.4357113838195801,0.6938201189041138,-0.08413171023130417,0.4890134334564209,0.679161787033081,-0.03991987556219101,0.49709948897361755,0.6539798974990845,-0.0773531049489975,0.466682493686676,0.7056647539138794,-0.07908442616462708,0.44688862562179565,0.7430530786514282,-0.07038913667201996
0.39992597699165344,0.8812887668609619,8.990143669507233e-07,0.35926616191864014,0.803286075592041,-0.0436253696680069,0.36753425002098083,0.7029383778572083,-0.061352211982011795,0.4340139329433441,0.6384149193763733,-0.07809056341648102,0.4853023886680603,0.5938174724578857,-0.0922330990433693,0.36894088983535767,0.559532880783081,-0.02469303272664547,0.3530290424823761,0.43079936504364014,-0.05131310969591141,0.3438735902309418,0.3492729365825653,-0.06801729649305344,0.3369976878166199,0.27969416975975037,-0.07786810398101807,0.4248170256614685,0.5700296759605408,-0.02510635182261467,0.45446649193763733,0.43287983536720276,-0.05305970832705498,0.47718796133995056,0.34825408458709717,-0.0721617192029953,0.49910295009613037,0.2784797251224518,-0.07984588295221329,0.46478015184402466,0.6177189946174622,-0.03174543008208275,0.48195844888687134,0.5814998149871826,-0.07847198843955994,0.4531535506248474,0.6479978561401367,-0.09097042679786682,0.4369789659976959,0.6927383542060852,-0.08415535092353821,0.4908314347267151,0.6803814768791199,-0.04166075214743614,0.4996905028820038,0.653977632522583,-0.07844308763742447,0.4684854745864868,0.7048645615577698,-0.07973334938287735,0.44779565930366516,0.7419900894165039,-0.07085409760475159
0.40025562047958374,0.8806303143501282,9.071320619113976e-07,0.3606564998626709,0.8026166558265686,-0.04423992708325386,0.3679768145084381,0.7035694122314453,-0.06273313611745834,0.4343811869621277,0.6387218832969666,-0.08003726601600647,0.48665305972099304,0.5932422876358032,-0.09480880945920944,0.3690294325351715,0.5595634579658508,-0.0251462422311306,0.35337018966674805,0.4314132630825043,-0.05247229337692261,0.34455135464668274,0.3499002158641815,-0.06975604593753815,0.33775314688682556,0.2810329496860504,-0.07998472452163696,0.4248713254928589,0.5700327754020691,-0.025349179282784462,0.4547717869281769,0.4321884512901306,-0.053675513714551926,0.4779173731803894,0.3486737608909607,-0.07316617667675018,0.5002657175064087,0.2794467508792877,-0.08108899742364883,0.46521079540252686,0.6185417175292969,-0.03179272264242172,0.48227983713150024,0.5824670791625977,-0.07840665429830551,0.4533674418926239,0.6488813757896423,-0.09083337336778641,0.43746674060821533,0.6929866075515747,-0.08409389853477478,0.49149090051651,0.6824986934661865,-0.04150037840008736,0.49843886494636536,0.6562994718551636,-0.07800833880901337,0.467601478099823,0.706299364566803,-0.07904987782239914,0.44815680384635925,0.7419321537017822,-0.07004909962415695
0.3996477723121643,0.881152331829071,9.090555295188096e-07,0.35930025577545166,0.802261471748352,-0.0443439818918705,0.36691251397132874,0.7027492523193359,-0.0625976175069809,0.4341915249824524,0.6396138072013855,-0.0797119289636612,0.48671606183052063,0.595668613910675,-0.09424885362386703,0.3701997399330139,0.5596429705619812,-0.025164254009723663,0.35383814573287964,0.4309425354003906,-0.052207641303539276,0.34479230642318726,0.3492699861526489,-0.06918544322252274,0.3381544053554535,0.2799568176269531,-0.07921190559864044,0.4260355234146118,0.5703341960906982,-0.025305243209004402,0.4556339979171753,0.43285414576530457,-0.053373053669929504,0.47844427824020386,0.3486989140510559,-0.07247155159711838,0.500885546207428,0.27903062105178833,-0.08009327948093414,0.46600142121315,0.6186211705207825,-0.03178860619664192,0.48311275243759155,0.5835254192352295,-0.07827650755643845,0.4536741375923157,0.6499795913696289,-0.09071066975593567,0.43770095705986023,0.6938412189483643,-0.08389429748058319,0.4921204447746277,0.6821441650390625,-0.04163108393549919,0.500203013420105,0.657111644744873,-0.07808633893728256,0.4686581492424011,0.70694500207901,-0.07939238101243973,0.4483781158924103,0.7420317530632019,-0.07059606909751892
0.3980037271976471,0.8810938596725464,8.900340731088363e-07,0.35965695977211,0.8037980198860168,-0.04343895986676216,0.3658527731895447,0.7065263986587524,-0.06276702135801315,0.430293470621109,0.6426084041595459,-0.08116216957569122,0.48176655173301697,0.5967171788215637,-0.09703698754310608,0.36744225025177,0.5592799186706543,-0.026601893827319145,0.35115763545036316,0.43086808919906616,-0.05474258214235306,0.34244921803474426,0.34927406907081604,-0.07220125198364258,0.33594954013824463,0.2804486155509949,-0.08235516399145126,0.42362529039382935,0.5700393915176392,-0.027620835229754448,0.4530200958251953,0.4312625229358673,-0.056703291833400726,0.47626692056655884,0.34787845611572266,-0.07614065706729889,0.4984535276889801,0.27900996804237366,-0.08392295241355896,0.46448057889938354,0.6187005043029785,-0.034645453095436096,0.480850487947464,0.5806617140769958,-0.08153334259986877,0.45214590430259705,0.6461902260780334,-0.0933568924665451,0.436123251914978,0.690587043762207,-0.0862518846988678,0.49112462997436523,0.6833694577217102,-0.04483203589916229,0.4975278377532959,0.656333863735199,-0.08096180856227875,0.4663255214691162,0.7058752179145813,-0.08114105463027954,0.44632628560066223,0.7423991560935974,-0.07151508331298828
0.40040454268455505,0.8827468156814575,9.023030429489154e-07,0.3612954914569855,0.8061081767082214,-0.044314950704574585,0.36833372712135315,0.7077915668487549,-0.06322716921567917,0.43323031067848206,0.6435481309890747,-0.08107297122478485,0.4846178889274597,0.5987960696220398,-0.09636139869689941,0.3698462247848511,0.5604590177536011,-0.025921102613210678,0.3532249331474304,0.43251103162765503,-0.053719744086265564,0.3440210819244385,0.3509446084499359,-0.0710390955209732,0.3373028337955475,0.28167471289634705,-0.08115887641906738,0.4255949556827545,0.5710144639015198,-0.0263451486825943,0.45473700761795044,0.4329324960708618,-0.05531603470444679,0.4779786467552185,0.34950897097587585,-0.07472342997789383,0.5004407167434692,0.28030073642730713,-0.08235657215118408,0.4658052325248718,0.6191669702529907,-0.03301272168755531,0.4821772575378418,0.5838419198989868,-0.08052600920200348,0.45313355326652527,0.650762140750885,-0.09315808862447739,0.43689119815826416,0.6955088376998901,-0.0862162858247757,0.4919559955596924,0.682852566242218,-0.04290584847331047,0.4988967180252075,0.6579896807670593,-0.0797969251871109,0.4674454927444458,0.7088320255279541,-0.08088896423578262,0.44722259044647217,0.7454554438591003,-0.07176131755113602
0.38089537620544434,0.8678724765777588,8.550279062546906e-07,0.34174615144729614,0.7939482927322388,-0.04301935434341431,0.34369686245918274,0.7006287574768066,-0.06164310500025749,0.40416666865348816,0.6367376446723938,-0.07889790087938309,0.4536612033843994,0.5921216607093811,-0.09369583427906036,0.34163808822631836,0.5667077302932739,-0.02784642204642296,0.3222866654396057,0.44517263770103455,-0.054923951625823975,0.3116326332092285,0.3687545657157898,-0.07141418755054474,0.30338215827941895,0.3043467104434967,-0.08066599816083908,0.3956183195114136,0.5745353698730469,-0.027369951829314232,0.4189158082008362,0.4407735764980316,-0.054535433650016785,0.43669334053993225,0.36193934082984924,-0.07203588634729385,0.4549662470817566,0.29603222012519836,-0.07847757637500763,0.4358869194984436,0.6186063885688782,-0.03274473175406456,0.4508340656757355,0.5837986469268799,-0.07720325887203217,0.42592698335647583,0.6469747424125671,-0.08852612972259521,0.4134976267814636,0.6885390877723694,-0.08131100237369537,0.4627910256385803,0.678680419921875,-0.041191715747117996,0.47015872597694397,0.6517418622970581,-0.07457610219717026,0.44233113527297974,0.6985113024711609,-0.07433898746967316,0.425087034702301,0.7334121465682983,-0.06481286138296127
0.38089263439178467,0.8681966066360474,8.326564966409933e-07,0.34127962589263916,0.7941508293151855,-0.042096804827451706,0.3431326746940613,0.7002217769622803,-0.060406170785427094,0.40298664569854736,0.6366961002349854,-0.07753988355398178,0.45212453603744507,0.5929968357086182,-0.09223019331693649,0.34072816371917725,0.56691575050354,-0.02714063785970211,0.3214053511619568,0.4460430145263672,-0.053835250437259674,0.3104209899902344,0.3692146837711334,-0.07019232213497162,0.3022913336753845,0.30450403690338135,-0.07963818311691284,0.394839346408844,0.5755975246429443,-0.027386916801333427,0.41770851612091064,0.4432714581489563,-0.05500159040093422,0.4356444776058197,0.3640022873878479,-0.07302158325910568,0.4543340802192688,0.2971706688404083,-0.08013182878494263,0.4356553554534912,0.6198563575744629,-0.03332754224538803,0.4508844017982483,0.5818971991539001,-0.07848070561885834,0.42561691999435425,0.6447967290878296,-0.08991123735904694,0.4124642014503479,0.6870721578598022,-0.08296525478363037,0.46352362632751465,0.6802935600280762,-0.04224446788430214,0.4715638756752014,0.6503517627716064,-0.076812244951725,0.4433366060256958,0.6971403360366821,-0.07699205726385117,0.4253332316875458,0.7334758639335632,-0.06777206808328629
0.37955978512763977,0.8676553964614868,8.476341690766276e-07,0.3396444022655487,0.793917179107666,-0.0415501594543457,0.34193772077560425,0.6987563371658325,-0.059743888676166534,0.40272462368011475,0.6346935629844666,-0.07669880986213684,0.45217275619506836,0.5921913981437683,-0.09123219549655914,0.33946678042411804,0.5683308243751526,-0.02773575484752655,0.32005131244659424,0.4471990466117859,-0.055143631994724274,0.3090801239013672,0.3706066608428955,-0.07166990637779236,0.30010420083999634,0.3062817454338074,-0.08100350946187973,0.39358434081077576,0.5761997699737549,-0.028247924521565437,0.4174991846084595,0.44293412566185,-0.056665852665901184,0.4356567859649658,0.36310750246047974,-0.07473000884056091,0.4536612033843994,0.2970536947250366,-0.08145563304424286,0.43480196595191956,0.6200448274612427,-0.03429221361875534,0.4487129747867584,0.5837854743003845,-0.07881450653076172,0.42436182498931885,0.6455535888671875,-0.089230015873909,0.4120994210243225,0.6861224174499512,-0.0816134661436081,0.46349579095840454,0.6801249384880066,-0.04335709288716316,0.4698137044906616,0.6527479290962219,-0.07620904594659805,0.44307202100753784,0.6990233063697815,-0.07494303584098816,0.4270659387111664,0.7330503463745117,-0.06484362483024597
0.3770490288734436,0.8682376146316528,8.498168995174638e-07,0.33625495433807373,0.793912947177887,-0.04141713306307793,0.33925047516822815,0.6985283493995667,-0.059388596564531326,0.40000197291374207,0.6347219347953796,-0.07623609155416489,0.44921496510505676,0.5921967029571533,-0.09061788767576218,0.33702266216278076,0.5697664618492126,-0.026851486414670944,0.31729772686958313,0.4480675756931305,-0.05378510057926178,0.3060997724533081,0.37178313732147217,-0.06997504085302353,0.29696565866470337,0.307566374540329,-0.07911110669374466,0.3910216689109802,0.5775654911994934,-0.027199074625968933,0.41512084007263184,0.44435593485832214,-0.05501871928572655,0.4331795573234558,0.36422955989837646,-0.07313010096549988,0.4506705105304718,0.2981124520301819,-0.08008105307817459,0.43181008100509644,0.6207564473152161,-0.033149249851703644,0.44570040702819824,0.5830073356628418,-0.0768781304359436,0.42184287309646606,0.64296555519104,-0.08786050975322723,0.4095239043235779,0.6825639009475708,-0.08095364272594452,0.46033695340156555,0.6797434687614441,-0.042157188057899475,0.4669758379459381,0.6529008150100708,-0.07422976195812225,0.4402804374694824,0.6984496116638184,-0.07347724586725235,0.42422938346862793,0.7320358753204346,-0.06404642015695572
0.3764645457267761,0.8678030967712402,8.560519404454681e-07,0.3360159993171692,0.7928662300109863,-0.04277655482292175,0.3373035490512848,0.699195146560669,-0.06176271289587021,0.39727625250816345,0.6347602605819702,-0.07926101982593536,0.4458215534687042,0.5909355878829956,-0.0942000225186348,0.3348778784275055,0.5696066617965698,-0.029067346826195717,0.3151402473449707,0.44892340898513794,-0.05686931684613228,0.3038182854652405,0.3728954792022705,-0.07375936955213547,0.29497966170310974,0.3087732195854187,-0.08340217918157578,0.3889416456222534,0.577690601348877,-0.029035646468400955,0.41208338737487793,0.44525450468063354,-0.05818881094455719,0.4300629794597626,0.366107702255249,-0.07706954330205917,0.4479641914367676,0.30082637071609497,-0.08447617292404175,0.43025949597358704,0.6213587522506714,-0.03456892445683479,0.44433051347732544,0.5857443809509277,-0.07926305383443832,0.4207896590232849,0.6458483934402466,-0.09010865539312363,0.4084111452102661,0.6849313378334045,-0.08302000164985657,0.45942023396492004,0.6812820434570312,-0.043223779648542404,0.46769431233406067,0.6531632542610168,-0.07559624314308167,0.4415716826915741,0.6990218162536621,-0.07428248226642609,0.4248684048652649,0.7324074506759644,-0.06441860646009445
0.3740452826023102,0.8668187856674194,8.323404472321272e-07,0.3330260217189789,0.7929137945175171,-0.04012561962008476,0.33335253596305847,0.6990585327148438,-0.058709386736154556,0.39245012402534485,0.6361519694328308,-0.07653644680976868,0.4408567249774933,0.5926058292388916,-0.09202688187360764,0.33286920189857483,0.5700751543045044,-0.0278478991240263,0.31346410512924194,0.45026957988739014,-0.05479779839515686,0.3016870617866516,0.3747490644454956,-0.07138857990503311,0.29251131415367126,0.31112968921661377,-0.0812373012304306,0.38643741607666016,0.5777478814125061,-0.029401296749711037,0.4100675880908966,0.44616711139678955,-0.05741441249847412,0.42740583419799805,0.3665892779827118,-0.0760967805981636,0.44503822922706604,0.3004441559314728,-0.08410055190324783,0.4274439215660095,0.6210768818855286,-0.03624982014298439,0.44134804606437683,0.5813723206520081,-0.07949633151292801,0.4169560372829437,0.6409329771995544,-0.0903237909078598,0.40418195724487305,0.6811187267303467,-0.08409272134304047,0.45678025484085083,0.6811027526855469,-0.046079982072114944,0.46501290798187256,0.6506025791168213,-0.07816056907176971,0.4377540946006775,0.6949861645698547,-0.07748762518167496,0.420019268989563,0.7293612957000732,-0.06856513023376465
0.372545063495636,0.8650664687156677,8.312390491482802e-07,0.33198216557502747,0.7912449836730957,-0.040374524891376495,0.3323162794113159,0.6982651948928833,-0.058497510850429535,0.3923981785774231,0.6353992223739624,-0.07561015337705612,0.44183844327926636,0.5934550166130066,-0.09038249403238297,0.33227062225341797,0.5701805353164673,-0.02744106762111187,0.31225088238716125,0.44967329502105713,-0.05395566672086716,0.3007015287876129,0.37434279918670654,-0.06998219341039658,0.2916666865348816,0.3108832538127899,-0.07917557656764984,0.3856793940067291,0.5774384140968323,-0.02824808657169342,0.4084506630897522,0.4462968111038208,-0.055703528225421906,0.42573386430740356,0.3673599362373352,-0.0734705701470375,0.44286617636680603,0.30244237184524536,-0.08041445910930634,0.4263867437839508,0.6199358105659485,-0.03443555906414986,0.4403504431247711,0.5835068225860596,-0.07757844775915146,0.4170739948749542,0.6429325342178345,-0.08821127563714981,0.40480539202690125,0.6828639507293701,-0.08139361441135406,0.45537853240966797,0.6788639426231384,-0.043586328625679016,0.4642012119293213,0.6508188843727112,-0.07521705329418182,0.4385537803173065,0.6959666013717651,-0.07410789281129837,0.4224894940853119,0.7303770780563354,-0.06461965292692184
0.36956530809402466,0.8639447689056396,8.031553306864225e-07,0.32928675413131714,0.7913913130760193,-0.03848474472761154,0.32896557450294495,0.6965384483337402,-0.0556691437959671,0.38807862997055054,0.6342595219612122,-0.07249084115028381,0.437942773103714,0.5943911075592041,-0.08725971728563309,0.3302231431007385,0.5711554884910583,-0.025285307317972183,0.31043505668640137,0.45240044593811035,-0.051116324961185455,0.29862695932388306,0.37780800461769104,-0.06700976938009262,0.28935709595680237,0.3151339292526245,-0.07633035629987717,0.38258257508277893,0.5791296362876892,-0.027247246354818344,0.4055992662906647,0.44892746210098267,-0.05427752807736397,0.4222087562084198,0.3699491024017334,-0.07232429832220078,0.439222127199173,0.3046555817127228,-0.0797957330942154,0.4225878119468689,0.6219038963317871,-0.03444228321313858,0.4361687898635864,0.5815070867538452,-0.07740439474582672,0.4121667742729187,0.6410437822341919,-0.08783699572086334,0.3997177481651306,0.6815561056137085,-0.08106609433889389,0.45109838247299194,0.6807618737220764,-0.044461749494075775,0.4601905643939972,0.6474408507347107,-0.07645620405673981,0.4332019090652466,0.6926559805870056,-0.07518438249826431,0.41606125235557556,0.7288998961448669,-0.06566749513149261
0.36965522170066833,0.8640652298927307,8.34736511023948e-07,0.3294048011302948,0.7906727194786072,-0.04067426547408104,0.33047112822532654,0.6974174380302429,-0.057775285094976425,0.38993650674819946,0.6351183652877808,-0.07378042489290237,0.4385615587234497,0.5932344198226929,-0.08744620531797409,0.3296343982219696,0.5707489848136902,-0.024039385840296745,0.3097703754901886,0.4521596431732178,-0.048977453261613846,0.2981671690940857,0.37717902660369873,-0.06454666703939438,0.289276123046875,0.31453415751457214,-0.07341086119413376,0.3816617727279663,0.5780947208404541,-0.024114854633808136,0.4043574333190918,0.44792640209198,-0.04980657622218132,0.4215089678764343,0.3692702651023865,-0.0670040175318718,0.4388270676136017,0.30500349402427673,-0.07355615496635437,0.421053022146225,0.6205059289932251,-0.029884982854127884,0.4362489879131317,0.5822744369506836,-0.07273504137992859,0.41351181268692017,0.6421419382095337,-0.0839444175362587,0.4018037021160126,0.6826878190040588,-0.07719449698925018,0.44871240854263306,0.6789090037345886,-0.03855285048484802,0.45991259813308716,0.6456270813941956,-0.07058542966842651,0.4348981976509094,0.6916723847389221,-0.06970451772212982,0.41922134160995483,0.7279347777366638,-0.06011785939335823
0.36933162808418274,0.8641245365142822,8.26244615836913e-07,0.32958194613456726,0.7908226847648621,-0.039998553693294525,0.3310967981815338,0.6969797611236572,-0.05668729543685913,0.39056769013404846,0.6337401866912842,-0.07242998480796814,0.43939462304115295,0.5918388962745667,-0.08598130941390991,0.3290685713291168,0.5710639953613281,-0.02393261529505253,0.3097747564315796,0.45264485478401184,-0.04874926060438156,0.29845914244651794,0.3774845004081726,-0.06423255056142807,0.2896677851676941,0.31475409865379333,-0.07314319163560867,0.3815518319606781,0.5784474611282349,-0.024418020620942116,0.40398529171943665,0.4482095241546631,-0.05004819482564926,0.42124807834625244,0.36984336376190186,-0.06724066287279129,0.4387292265892029,0.3056753873825073,-0.07388868182897568,0.42142048478126526,0.6212347745895386,-0.03045300953090191,0.43620142340660095,0.5823397636413574,-0.07334800809621811,0.4133886396884918,0.6425440311431885,-0.08434922248125076,0.4017084836959839,0.6837096214294434,-0.07754398882389069,0.4492500424385071,0.6804870963096619,-0.03930775821208954,0.4594564437866211,0.6462303996086121,-0.07170155644416809,0.43434396386146545,0.6924611926078796,-0.07069748640060425,0.4185812473297119,0.7293648719787598,-0.06100946664810181
0.3700832426548004,0.8639440536499023,8.316033586197591e-07,0.3303375244140625,0.7902239561080933,-0.04070905223488808,0.331379234790802,0.6963146924972534,-0.057749249041080475,0.3903622031211853,0.6330525279045105,-0.07370530068874359,0.4401114284992218,0.5920537710189819,-0.08733395487070084,0.3295269012451172,0.5712794661521912,-0.024218589067459106,0.30979102849960327,0.4525917172431946,-0.04952263459563255,0.2985447645187378,0.377241313457489,-0.06525063514709473,0.29006367921829224,0.314284086227417,-0.0741918534040451,0.38184988498687744,0.5785024762153625,-0.024037189781665802,0.40394413471221924,0.44923585653305054,-0.049774419516325,0.4211490750312805,0.3706994652748108,-0.06678128987550735,0.4387570321559906,0.3060915172100067,-0.07326323539018631,0.4216402471065521,0.6205891966819763,-0.029558608308434486,0.43654587864875793,0.5838349461555481,-0.0724739134311676,0.41320469975471497,0.6445205807685852,-0.08343402296304703,0.4013408422470093,0.6864423751831055,-0.07645843178033829,0.4494306147098541,0.6784631609916687,-0.03802507743239403,0.4587484300136566,0.6485438346862793,-0.07062589377164841,0.4331003427505493,0.6949458718299866,-0.07011780887842178,0.4172530770301819,0.7317198514938354,-0.060625191777944565
0.3707342743873596,0.8642255067825317,8.319358926200948e-07,0.33194500207901,0.7895423769950867,-0.040820591151714325,0.33299916982650757,0.6962687969207764,-0.058374375104904175,0.3919019401073456,0.6328529119491577,-0.07479454576969147,0.4417558014392853,0.591286301612854,-0.08880925923585892,0.32993122935295105,0.5715636610984802,-0.02528468519449234,0.3107438087463379,0.4532155394554138,-0.05133317783474922,0.2996261417865753,0.37801694869995117,-0.0675385594367981,0.29104360938072205,0.3151702880859375,-0.07677119970321655,0.38236871361732483,0.5788139700889587,-0.025265486910939217,0.40451085567474365,0.44938144087791443,-0.05180360749363899,0.4216212034225464,0.3710619807243347,-0.06924818456172943,0.43943771719932556,0.30604493618011475,-0.0759621411561966,0.42262041568756104,0.6210011839866638,-0.030847469344735146,0.43799859285354614,0.5858284831047058,-0.07413798570632935,0.41446802020072937,0.6465771198272705,-0.0846024677157402,0.4026217460632324,0.688383936882019,-0.07721584290266037,0.4506308138370514,0.67948317527771,-0.03940354660153389,0.46050840616226196,0.6485260128974915,-0.07178416103124619,0.4353192448616028,0.6939818263053894,-0.07061196118593216,0.4195958971977234,0.7301337718963623,-0.060636818408966064
0.3727916181087494,0.86663818359375,8.314962656186253e-07,0.3333427309989929,0.7912649512290955,-0.03951677307486534,0.33529162406921387,0.6968575716018677,-0.056178104132413864,0.3949316442012787,0.6336872577667236,-0.07187337428331375,0.44393327832221985,0.5924238562583923,-0.08505605161190033,0.3326345682144165,0.5728585720062256,-0.02363077737390995,0.31262511014938354,0.4542904794216156,-0.049075908958911896,0.3011968731880188,0.3791348338127136,-0.06465128064155579,0.2923930287361145,0.3162028193473816,-0.07330654561519623,0.3854040205478668,0.5809705257415771,-0.024355314671993256,0.4072677195072174,0.4510015845298767,-0.05139230936765671,0.4244144558906555,0.37170740962028503,-0.06929966807365417,0.4422837197780609,0.3063793480396271,-0.07595385611057281,0.426095575094223,0.6238643527030945,-0.030503390356898308,0.4409891664981842,0.5903874039649963,-0.07445874810218811,0.4179268777370453,0.6510298848152161,-0.08491362631320953,0.4062063694000244,0.6927092671394348,-0.07701941579580307,0.45498591661453247,0.6823687553405762,-0.039455413818359375,0.4661821126937866,0.6513593792915344,-0.07148322463035583,0.4418317377567291,0.6972852945327759,-0.06936383992433548,0.4266470670700073,0.733869194984436,-0.05851667746901512
0.3740772604942322,0.8633893728256226,8.167578471329762e-07,0.3356928527355194,0.7899008393287659,-0.039667047560214996,0.33722925186157227,0.6973364353179932,-0.05708491429686546,0.3965230882167816,0.6350481510162354,-0.07358141988515854,0.44511014223098755,0.5920916199684143,-0.0877307802438736,0.33493122458457947,0.5721800923347473,-0.025238437578082085,0.315295934677124,0.4543413519859314,-0.05114152655005455,0.3041316270828247,0.3796662986278534,-0.06704169511795044,0.29578566551208496,0.3169810473918915,-0.07618803530931473,0.38711363077163696,0.5800954103469849,-0.026103008538484573,0.40928584337234497,0.4509374499320984,-0.052970364689826965,0.42662957310676575,0.3730936646461487,-0.0707288309931755,0.4444534480571747,0.3083510994911194,-0.07779359072446823,0.4270775020122528,0.6226545572280884,-0.032368674874305725,0.4425506889820099,0.5864771604537964,-0.07570649683475494,0.4194861054420471,0.6466488838195801,-0.08610758185386658,0.4073684513568878,0.6870308518409729,-0.07903978228569031,0.45527857542037964,0.681603193283081,-0.04148655757308006,0.4661042392253876,0.6507495045661926,-0.07368690520524979,0.44087040424346924,0.6960806250572205,-0.07239073514938354,0.4244695007801056,0.7311269640922546,-0.06264438480138779
0.37356671690940857,0.862421989440918,8.233118364842085e-07,0.33397334814071655,0.789617121219635,-0.04021051898598671,0.3344346880912781,0.6972876191139221,-0.05822506919503212,0.39453521370887756,0.635276198387146,-0.07517413049936295,0.4438190460205078,0.5931159853935242,-0.08983943611383438,0.33441829681396484,0.5717185735702515,-0.026937808841466904,0.3152754306793213,0.45352625846862793,-0.05300774425268173,0.3039361536502838,0.379189133644104,-0.06935252249240875,0.2951623499393463,0.31680965423583984,-0.07908651232719421,0.38727474212646484,0.5793781876564026,-0.027796443551778793,0.4102548658847809,0.4499109387397766,-0.05473022162914276,0.4274609386920929,0.37203139066696167,-0.07308100163936615,0.4451698958873749,0.3065757155418396,-0.08094349503517151,0.4272957146167755,0.6224244832992554,-0.03397345915436745,0.44225040078163147,0.5844823122024536,-0.0767793208360672,0.4188380837440491,0.6435074210166931,-0.08774353563785553,0.4067821502685547,0.6837731599807739,-0.08155127614736557,0.4554753601551056,0.6822364330291748,-0.043054986745119095,0.4658675491809845,0.6498740911483765,-0.07513982057571411,0.4400799572467804,0.6938979029655457,-0.07439789921045303,0.4234350323677063,0.7289486527442932,-0.06533642113208771
0.3731067478656769,0.8647445440292358,8.167140777004533e-07,0.33279338479042053,0.7906977534294128,-0.03842587769031525,0.333879292011261,0.6961437463760376,-0.05485295504331589,0.39364534616470337,0.6331562399864197,-0.07064231485128403,0.44267144799232483,0.5920910835266113,-0.0841105505824089,0.33393803238868713,0.5725901126861572,-0.02340097911655903,0.31451576948165894,0.4540702998638153,-0.048531610518693924,0.3027492165565491,0.37947261333465576,-0.0639336034655571,0.2935456931591034,0.3166779577732086,-0.07281344383955002,0.3865864872932434,0.5801673531532288,-0.02491934224963188,0.4094179570674896,0.4501897692680359,-0.051968060433864594,0.42638692259788513,0.37101149559020996,-0.07007582485675812,0.44411659240722656,0.30562588572502136,-0.0771821066737175,0.427005410194397,0.6231393814086914,-0.03167228028178215,0.44094857573509216,0.5851574540138245,-0.07537270337343216,0.41678670048713684,0.6452850103378296,-0.08595076203346252,0.40490463376045227,0.6863479614257812,-0.0786336362361908,0.4556203782558441,0.6821693778038025,-0.04113129526376724,0.4648706912994385,0.6497336626052856,-0.0740264281630516,0.4384162425994873,0.6953786015510559,-0.07269938290119171,0.42216822504997253,0.7317877411842346,-0.06257104128599167
0.37228405475616455,0.8656274080276489,8.42587610350165e-07,0.3331528604030609,0.7905074954032898,-0.04064638540148735,0.3359242081642151,0.697039008140564,-0.057460445910692215,0.3966609835624695,0.633121907711029,-0.07315971702337265,0.4452877640724182,0.5910148024559021,-0.08634831756353378,0.3332167863845825,0.5717563629150391,-0.02338648959994316,0.3139773905277252,0.453570693731308,-0.04834623262286186,0.3023097515106201,0.37841564416885376,-0.06397603452205658,0.293393611907959,0.315182626247406,-0.07307446748018265,0.3860968351364136,0.5795427560806274,-0.023785309866070747,0.4083321988582611,0.4495496153831482,-0.050635840743780136,0.42570048570632935,0.3696591556072235,-0.06905496120452881,0.4437083899974823,0.3038269281387329,-0.07640209794044495,0.42664122581481934,0.6231429576873779,-0.029759857803583145,0.4415449798107147,0.587588369846344,-0.07400185614824295,0.418334424495697,0.6483750343322754,-0.08539890497922897,0.406569242477417,0.6897302865982056,-0.07842925190925598,0.45530965924263,0.68279629945755,-0.03861124441027641,0.46638280153274536,0.6502980589866638,-0.07205283641815186,0.4412810206413269,0.6967217326164246,-0.0713125467300415,0.4255254566669464,0.7333400845527649,-0.061521533876657486
0.3726870119571686,0.8653597235679626,8.335502457157418e-07,0.33306801319122314,0.7916963696479797,-0.04094669967889786,0.3354608118534088,0.6983211636543274,-0.057981640100479126,0.39512941241264343,0.6347483992576599,-0.07379589974880219,0.44332706928253174,0.5918007493019104,-0.08717990666627884,0.33292150497436523,0.5713382959365845,-0.02411065436899662,0.31367170810699463,0.452803373336792,-0.04898344352841377,0.3019537031650543,0.3780386447906494,-0.06468861550092697,0.29304176568984985,0.3148691654205322,-0.074037566781044,0.3857837915420532,0.5788122415542603,-0.02424101158976555,0.4083799123764038,0.4490965008735657,-0.050560541450977325,0.42585277557373047,0.3701578974723816,-0.06893021613359451,0.44356217980384827,0.3045421242713928,-0.07661272585391998,0.4258556067943573,0.6216250061988831,-0.029967324808239937,0.4407183825969696,0.5843751430511475,-0.07320748269557953,0.41763126850128174,0.6444089412689209,-0.08502063900232315,0.40543287992477417,0.6849331259727478,-0.07902788370847702,0.45428794622421265,0.6803067922592163,-0.038644030690193176,0.464455783367157,0.6495991945266724,-0.07159283012151718,0.43913060426712036,0.6957444548606873,-0.0716811940073967,0.4231772720813751,0.7313143014907837,-0.06294678151607513
0.37353718280792236,0.8647357225418091,8.294446161016822e-07,0.3329737186431885,0.7920089960098267,-0.0394919328391552,0.3331270217895508,0.6982519626617432,-0.056898895651102066,0.3931780755519867,0.6346294283866882,-0.07348961383104324,0.4426363706588745,0.5935987830162048,-0.08778657019138336,0.3328944444656372,0.571992039680481,-0.025733333081007004,0.3136811852455139,0.4532063901424408,-0.051872994750738144,0.3022044003009796,0.37804991006851196,-0.06777804344892502,0.2933533191680908,0.3149457573890686,-0.07699739933013916,0.38595691323280334,0.5792078375816345,-0.02723810262978077,0.40859001874923706,0.44816702604293823,-0.05513552203774452,0.4261789321899414,0.3683622479438782,-0.07326573878526688,0.4442724883556366,0.3024173080921173,-0.08030726760625839,0.42683321237564087,0.6222516894340515,-0.034030888229608536,0.4408377707004547,0.5846894383430481,-0.0785842090845108,0.417108952999115,0.6457575559616089,-0.08899766951799393,0.40508413314819336,0.6873700618743896,-0.08147304505109787,0.45583492517471313,0.6822676658630371,-0.043611861765384674,0.46488654613494873,0.6500092148780823,-0.07718531042337418,0.4385097920894623,0.6962515711784363,-0.07585495710372925,0.42171990871429443,0.7328084111213684,-0.06566110998392105
0.37399137020111084,0.8664785623550415,8.432890012954886e-07,0.333132266998291,0.7935697436332703,-0.0408845990896225,0.3348434269428253,0.6993825435638428,-0.058304816484451294,0.3949967324733734,0.6353602409362793,-0.07455869019031525,0.44344305992126465,0.5925905704498291,-0.08833871781826019,0.3333030045032501,0.5723782181739807,-0.025769907981157303,0.31350454688072205,0.4526481628417969,-0.0514405332505703,0.3017372488975525,0.3767647445201874,-0.06725482642650604,0.292757123708725,0.31300368905067444,-0.0764823630452156,0.386780321598053,0.579761266708374,-0.026291972026228905,0.4091845154762268,0.44805872440338135,-0.053322721272706985,0.42628541588783264,0.36812180280685425,-0.07146765291690826,0.4440128207206726,0.3016090989112854,-0.07879509031772614,0.42741844058036804,0.6228006482124329,-0.032347094267606735,0.44185999035835266,0.584457278251648,-0.07611413300037384,0.4178967773914337,0.6440678238868713,-0.08761724084615707,0.40562543272972107,0.6851787567138672,-0.08117792755365372,0.4560389220714569,0.6820260882377625,-0.04134734719991684,0.46577638387680054,0.651012122631073,-0.07434942573308945,0.4393506348133087,0.6958139538764954,-0.07417389750480652,0.4225766956806183,0.7314800024032593,-0.06513576954603195
0.3742075562477112,0.8658373355865479,8.404036861975328e-07,0.33367225527763367,0.7938767671585083,-0.04074035957455635,0.33458563685417175,0.6997925043106079,-0.05865785479545593,0.394155889749527,0.6367876529693604,-0.07555951923131943,0.443450927734375,0.5955771207809448,-0.09008335322141647,0.3343302011489868,0.5709638595581055,-0.02687840349972248,0.31456655263900757,0.4511657953262329,-0.053414225578308105,0.3029836416244507,0.37535443902015686,-0.06949692964553833,0.29416364431381226,0.3117922842502594,-0.0787634551525116,0.3874899744987488,0.5788370966911316,-0.027812806889414787,0.4101317822933197,0.4471481144428253,-0.05561656877398491,0.4278288185596466,0.36748167872428894,-0.0734362006187439,0.4462335705757141,0.30093565583229065,-0.08026965707540512,0.42793312668800354,0.62220698595047,-0.0342482253909111,0.4427525997161865,0.5837185978889465,-0.07893986999988556,0.41800016164779663,0.6452975869178772,-0.0895979255437851,0.40515586733818054,0.6869633793830872,-0.08220860362052917,0.4560554325580597,0.6823058128356934,-0.04358789697289467,0.46517470479011536,0.6516573429107666,-0.07752442359924316,0.43788009881973267,0.6976636648178101,-0.07682827860116959,0.4204721748828888,0.7337472438812256,-0.06705810129642487
0.37543535232543945,0.8671722412109375,8.242600983976445e-07,0.33471113443374634,0.793803870677948,-0.038779374212026596,0.33553290367126465,0.6984093189239502,-0.056249987334012985,0.39580389857292175,0.6351481080055237,-0.07313872128725052,0.44626331329345703,0.5935189723968506,-0.08782900124788284,0.3351730406284332,0.5715630650520325,-0.026384565979242325,0.3155599534511566,0.45101258158683777,-0.053473375737667084,0.3042110204696655,0.3750188946723938,-0.06959866732358932,0.295337438583374,0.3112486004829407,-0.07873024046421051,0.38914093375205994,0.5797917246818542,-0.028359754011034966,0.41180551052093506,0.4471396803855896,-0.05663511902093887,0.42938461899757385,0.3668508231639862,-0.07458911836147308,0.44759559631347656,0.29992422461509705,-0.08135078102350235,0.43040746450424194,0.6238437294960022,-0.035539086908102036,0.44384071230888367,0.5856454968452454,-0.08062473684549332,0.41816285252571106,0.6469526290893555,-0.09103956818580627,0.4052303731441498,0.6892694234848022,-0.08330100774765015,0.4588295817375183,0.6845609545707703,-0.045399732887744904,0.4651016294956207,0.6558369398117065,-0.07979515194892883,0.4364815950393677,0.7012984156608582,-0.078903429210186,0.41853782534599304,0.737358570098877,-0.06871282309293747
0.37601128220558167,0.8698442578315735,8.436678626821958e-07,0.3364640772342682,0.7950575947761536,-0.04107707366347313,0.33731192350387573,0.7006521224975586,-0.059082746505737305,0.39753448963165283,0.6364482641220093,-0.07602252811193466,0.44831809401512146,0.5936307907104492,-0.0906524658203125,0.33599168062210083,0.570966899394989,-0.026541341096162796,0.3165024518966675,0.4497624635696411,-0.05361221730709076,0.30545729398727417,0.3731140196323395,-0.07023487240076065,0.2967848777770996,0.3089551329612732,-0.07964429259300232,0.38984736800193787,0.5799946784973145,-0.027181677520275116,0.4127601087093353,0.44733262062072754,-0.05477400869131088,0.4307052195072174,0.3670380115509033,-0.07265614718198776,0.4492689073085785,0.29995664954185486,-0.079366534948349,0.43087369203567505,0.6251035928726196,-0.033382635563611984,0.4446433186531067,0.5881051421165466,-0.07836134731769562,0.41898417472839355,0.649411141872406,-0.08932330459356308,0.4060017466545105,0.6916088461875916,-0.08185670524835587,0.45866119861602783,0.6867530941963196,-0.04246516153216362,0.4659055471420288,0.6567555665969849,-0.07712063938379288,0.43742507696151733,0.7025206089019775,-0.07656409591436386,0.41919994354248047,0.7388145923614502,-0.06648961454629898
0.38103172183036804,0.8727429509162903,9.019247499963967e-07,0.3411869406700134,0.798768162727356,-0.045338861644268036,0.34309178590774536,0.7057924270629883,-0.0652601569890976,0.40357160568237305,0.6418593525886536,-0.08326387405395508,0.45252254605293274,0.5968036651611328,-0.09857127070426941,0.34012463688850403,0.570570170879364,-0.03023756667971611,0.3203575611114502,0.447557270526886,-0.05910768732428551,0.3092900514602661,0.36955708265304565,-0.07672949880361557,0.3006432354450226,0.3037625551223755,-0.08650036156177521,0.39461129903793335,0.5790033340454102,-0.029090486466884613,0.41862648725509644,0.44467464089393616,-0.05856473743915558,0.43725112080574036,0.36426103115081787,-0.07726964354515076,0.4560467004776001,0.2968614101409912,-0.08397409319877625,0.4357980489730835,0.6237389445304871,-0.03394849970936775,0.45048636198043823,0.5897766351699829,-0.08046167343854904,0.4254043698310852,0.6536011695861816,-0.09176380932331085,0.41273263096809387,0.6950843930244446,-0.08387091010808945,0.46365758776664734,0.6843798756599426,-0.042036425322294235,0.47117185592651367,0.660081148147583,-0.07635384052991867,0.4441288709640503,0.7073040008544922,-0.07563412189483643,0.4277218282222748,0.7409508228302002,-0.0653107687830925
0.37305039167404175,0.8884261846542358,8.924553753786313e-07,0.3323841691017151,0.8127338886260986,-0.0448538213968277,0.3353528678417206,0.7156059145927429,-0.064911849796772,0.3976965844631195,0.650858461856842,-0.08366280794143677,0.44885149598121643,0.6034631133079529,-0.09961125254631042,0.335205078125,0.5693674683570862,-0.029694916680455208,0.31482288241386414,0.44154244661331177,-0.058749500662088394,0.3031846880912781,0.3601960241794586,-0.07593099772930145,0.2944910228252411,0.29127323627471924,-0.08551639318466187,0.39211949706077576,0.5782042145729065,-0.03004397451877594,0.41721513867378235,0.4380985498428345,-0.06023094058036804,0.43733254075050354,0.35319992899894714,-0.07904620468616486,0.4574143886566162,0.28241559863090515,-0.08580093830823898,0.43434011936187744,0.6244010329246521,-0.03653132915496826,0.44743606448173523,0.5916554927825928,-0.08505690097808838,0.4193594753742218,0.660044252872467,-0.09698465466499329,0.404438316822052,0.7035893201828003,-0.08907611668109894,0.4630865454673767,0.68656986951828,-0.046265970915555954,0.4691160321235657,0.6630938053131104,-0.08287100493907928,0.43855220079421997,0.7149995565414429,-0.08310632407665253,0.4192846715450287,0.7511798143386841,-0.07326957583427429
0.3723302185535431,0.8877187371253967,9.088588512895512e-07,0.3329179883003235,0.8109551668167114,-0.04489562287926674,0.3361107110977173,0.7143890857696533,-0.06512703746557236,0.39879676699638367,0.6496680378913879,-0.08416454493999481,0.4507492780685425,0.6040670275688171,-0.10045372694730759,0.33513709902763367,0.5693073868751526,-0.02910958044230938,0.3146871328353882,0.4416505694389343,-0.058114178478717804,0.30346065759658813,0.3604268431663513,-0.07561823725700378,0.29503148794174194,0.29179468750953674,-0.08542905747890472,0.39188262820243835,0.5788874626159668,-0.029525181278586388,0.4170509874820709,0.4389263987541199,-0.05935604125261307,0.4374037981033325,0.3539665937423706,-0.07854288071393967,0.45796138048171997,0.2831389307975769,-0.08562655746936798,0.43407824635505676,0.6261743903160095,-0.036073777824640274,0.4470891058444977,0.5937440395355225,-0.0839759111404419,0.419085294008255,0.6612516641616821,-0.09596969932317734,0.4045734107494354,0.7053663730621338,-0.08813410997390747,0.4622574746608734,0.6894755959510803,-0.04590096324682236,0.4682236909866333,0.6652088761329651,-0.08171671628952026,0.4377690255641937,0.7157697677612305,-0.0814901813864708,0.418925017118454,0.7523771524429321,-0.07132884860038757
0.36981871724128723,0.8850791454315186,8.833480364955903e-07,0.3310720920562744,0.8093072175979614,-0.04387747123837471,0.33346331119537354,0.7142744064331055,-0.06365946680307388,0.39462029933929443,0.6497143507003784,-0.08243982493877411,0.44383224844932556,0.6023296117782593,-0.09851281344890594,0.3307216763496399,0.5703937411308289,-0.028546718880534172,0.3092013895511627,0.44438761472702026,-0.05753053352236748,0.2970427870750427,0.3645208179950714,-0.07469972223043442,0.2879972457885742,0.29670098423957825,-0.08432209491729736,0.387669175863266,0.5791329741477966,-0.029298774898052216,0.41246771812438965,0.44106242060661316,-0.059855472296476364,0.43213146924972534,0.3577558100223541,-0.07932993769645691,0.45133858919143677,0.2883526384830475,-0.08660515397787094,0.4301043748855591,0.6249244213104248,-0.03600490838289261,0.44365185499191284,0.5919756293296814,-0.08343081921339035,0.41694098711013794,0.6587038636207581,-0.09481231123209,0.4022616744041443,0.7016034126281738,-0.08703077584505081,0.45960715413093567,0.686572790145874,-0.04598904028534889,0.4658040404319763,0.6667941212654114,-0.08074482530355453,0.43624651432037354,0.71800696849823,-0.08017893880605698,0.41753098368644714,0.753375768661499,-0.0701628029346466
0.3700176477432251,0.8845446109771729,8.893832159628801e-07,0.3302476704120636,0.8081048727035522,-0.044572435319423676,0.3311929702758789,0.7141821384429932,-0.06491155177354813,0.3920365273952484,0.6503589153289795,-0.08407091349363327,0.442534863948822,0.6045039892196655,-0.10043808072805405,0.33032503724098206,0.5704593658447266,-0.02939283289015293,0.30872833728790283,0.44553902745246887,-0.058356717228889465,0.29701411724090576,0.3655676543712616,-0.07556778192520142,0.2884199023246765,0.29812708497047424,-0.08513946831226349,0.3870662450790405,0.5802329182624817,-0.03013630397617817,0.4103614389896393,0.44212013483047485,-0.0607377290725708,0.4295375645160675,0.3584939241409302,-0.07991855591535568,0.4493727385997772,0.28891754150390625,-0.08683605492115021,0.42970097064971924,0.6270744204521179,-0.0369638092815876,0.4426588714122772,0.5936508178710938,-0.08560967445373535,0.41563111543655396,0.6605700850486755,-0.0973920226097107,0.4016794264316559,0.7039029598236084,-0.0893007144331932,0.4591292142868042,0.6898658275604248,-0.04696708545088768,0.46589499711990356,0.6642423868179321,-0.08273693174123764,0.43566304445266724,0.7144432067871094,-0.08214018493890762,0.4161956012248993,0.7505811452865601,-0.07178763300180435
0.37101688981056213,0.8818356990814209,8.757532441450167e-07,0.3309231102466583,0.8074150085449219,-0.04441097006201744,0.33109134435653687,0.7143003344535828,-0.06502514332532883,0.39110276103019714,0.6500888466835022,-0.08429376780986786,0.44093337655067444,0.6035274267196655,-0.1007579118013382,0.3303653299808502,0.5709303021430969,-0.030993161723017693,0.3086862564086914,0.4462377429008484,-0.060162972658872604,0.2967192232608795,0.3667491674423218,-0.0771898627281189,0.2882242202758789,0.2997641861438751,-0.086609847843647,0.3868846595287323,0.5798877477645874,-0.031586650758981705,0.4097649157047272,0.44262081384658813,-0.062032803893089294,0.4284209609031677,0.3600265383720398,-0.08071693032979965,0.4477039575576782,0.29085642099380493,-0.0874338448047638,0.429342120885849,0.6256381273269653,-0.03811028599739075,0.4426549971103668,0.5921882390975952,-0.08628270030021667,0.4160362482070923,0.6579592227935791,-0.09781525284051895,0.4020063579082489,0.7010008096694946,-0.08992549031972885,0.458721786737442,0.6876010894775391,-0.04779209569096565,0.46572059392929077,0.6642321348190308,-0.08353597670793533,0.43615996837615967,0.7138934135437012,-0.08321650326251984,0.4171101748943329,0.7500917911529541,-0.07317135483026505
0.3715102970600128,0.8812670707702637,8.780787084106123e-07,0.33176812529563904,0.8065678477287292,-0.0445433184504509,0.33284199237823486,0.713425874710083,-0.06486430019140244,0.39279958605766296,0.6486959457397461,-0.0837390348315239,0.4418608248233795,0.6018038988113403,-0.09982620924711227,0.3307284116744995,0.572213888168335,-0.030916044488549232,0.3089748024940491,0.4472803473472595,-0.06026677042245865,0.29700931906700134,0.36754584312438965,-0.07766243815422058,0.2884747385978699,0.300383597612381,-0.08735152333974838,0.3868978023529053,0.5805953741073608,-0.031159793958067894,0.4095698297023773,0.44339263439178467,-0.061799198389053345,0.4282902181148529,0.36093205213546753,-0.08077409118413925,0.44765013456344604,0.29253003001213074,-0.08763919770717621,0.42928826808929443,0.6257464289665222,-0.03732878714799881,0.44344791769981384,0.5929756760597229,-0.085118867456913,0.4173678159713745,0.6578044295310974,-0.09671396762132645,0.4034462869167328,0.7001196146011353,-0.08899745345115662,0.45877185463905334,0.687320351600647,-0.0467139296233654,0.4666675627231598,0.6644493341445923,-0.082103431224823,0.4375297427177429,0.7135612368583679,-0.08190292865037918,0.4184293746948242,0.7486186027526855,-0.07201509922742844
0.37026989459991455,0.8794487714767456,8.776535764809523e-07,0.3306927978992462,0.805060863494873,-0.04454956576228142,0.33171576261520386,0.7122583389282227,-0.0649966150522232,0.39173078536987305,0.6492781639099121,-0.08396412432193756,0.4406052529811859,0.6045862436294556,-0.10008138418197632,0.33097895979881287,0.5721814632415771,-0.031206106767058372,0.3092806339263916,0.44840896129608154,-0.060547858476638794,0.2971864342689514,0.3695433437824249,-0.07762116193771362,0.2888346314430237,0.30284422636032104,-0.08704385906457901,0.3866168260574341,0.5802855491638184,-0.03130574896931648,0.40924766659736633,0.44439032673835754,-0.06229983642697334,0.42776918411254883,0.3630785048007965,-0.0811062827706337,0.44705331325531006,0.29523611068725586,-0.087713822722435,0.42883214354515076,0.6245191693305969,-0.037286337465047836,0.4433392882347107,0.5933581590652466,-0.08489809185266495,0.4170357584953308,0.6582141518592834,-0.09605520963668823,0.4026668667793274,0.6992300748825073,-0.08804652094841003,0.45878517627716064,0.6850399971008301,-0.04655180871486664,0.4676262140274048,0.6645313501358032,-0.08146996796131134,0.43870463967323303,0.7137243151664734,-0.08109389990568161,0.4192827343940735,0.7474947571754456,-0.07117921113967896
0.36900046467781067,0.878279447555542,8.765263714849425e-07,0.3289323151111603,0.8037606477737427,-0.04308462142944336,0.3299224078655243,0.7103443145751953,-0.06269219517707825,0.3911735415458679,0.6477524042129517,-0.08100297302007675,0.4409946799278259,0.6042481064796448,-0.09651395678520203,0.3298584520816803,0.5721285343170166,-0.02973262593150139,0.3092850148677826,0.44862955808639526,-0.05816701054573059,0.2975650429725647,0.3707389831542969,-0.07484587281942368,0.28898900747299194,0.3047040104866028,-0.08415279537439346,0.3854086399078369,0.5802810192108154,-0.030221590772271156,0.4091458320617676,0.4451947808265686,-0.06031641736626625,0.4278132915496826,0.36414092779159546,-0.07882385700941086,0.446872353553772,0.296382874250412,-0.08545738458633423,0.4274275004863739,0.6246576905250549,-0.03638482466340065,0.441880464553833,0.5926366448402405,-0.08247207850217819,0.4153948724269867,0.6564056277275085,-0.09280387312173843,0.40119239687919617,0.6974450945854187,-0.08460436761379242,0.4569459855556488,0.6852336525917053,-0.045784689486026764,0.46588945388793945,0.6630107164382935,-0.07942894846200943,0.43738263845443726,0.7113062143325806,-0.07815183699131012,0.41902291774749756,0.7454609274864197,-0.0677727609872818
0.36734703183174133,0.8754687309265137,8.436822440671676e-07,0.3274462819099426,0.8021453619003296,-0.04136864095926285,0.3282596170902252,0.7084363698959351,-0.060441527515649796,0.38915228843688965,0.646602213382721,-0.0785801112651825,0.4391680955886841,0.6033132672309875,-0.09422246366739273,0.32896536588668823,0.5720301270484924,-0.02909098006784916,0.3084966242313385,0.449554443359375,-0.05692706257104874,0.2965594530105591,0.3721173405647278,-0.07343513518571854,0.2878263592720032,0.30636686086654663,-0.08296480774879456,0.3843039274215698,0.5801056027412415,-0.030451636761426926,0.40794694423675537,0.44600754976272583,-0.05980638787150383,0.4266318678855896,0.36493223905563354,-0.07841066271066666,0.44576895236968994,0.2968139052391052,-0.08565540611743927,0.42589518427848816,0.624178946018219,-0.03725743666291237,0.4406680464744568,0.5886093378067017,-0.08298840373754501,0.41454821825027466,0.6516669988632202,-0.09380177408456802,0.4003142714500427,0.6936383843421936,-0.08643389493227005,0.4552442729473114,0.6846038699150085,-0.04707784205675125,0.46353283524513245,0.6602206826210022,-0.08146210014820099,0.43501368165016174,0.7077932357788086,-0.08104447275400162,0.41664084792137146,0.7433151006698608,-0.07145464420318604
0.3694837689399719,0.8767587542533875,8.703244134267152e-07,0.33018919825553894,0.8035573959350586,-0.04566355049610138,0.33060121536254883,0.7114852666854858,-0.06598474085330963,0.3907158374786377,0.6479285955429077,-0.08446191996335983,0.4403170645236969,0.6025450825691223,-0.09997332096099854,0.3293418288230896,0.5721800923347473,-0.030249154195189476,0.30851447582244873,0.4503186345100403,-0.05890192836523056,0.29637283086776733,0.37238192558288574,-0.07624075561761856,0.2877979278564453,0.3062930703163147,-0.08612141013145447,0.38467371463775635,0.5799722075462341,-0.029334712773561478,0.40705224871635437,0.4472794532775879,-0.05932198092341423,0.4252617359161377,0.3663930892944336,-0.07806240767240524,0.4442874789237976,0.2981060743331909,-0.08501129597425461,0.4262288212776184,0.6241145730018616,-0.03453897684812546,0.4410347640514374,0.5914703011512756,-0.0817805603146553,0.4152458608150482,0.6565220952033997,-0.09286921471357346,0.40137532353401184,0.698596179485321,-0.08491799980401993,0.45506665110588074,0.6844146847724915,-0.043103888630867004,0.46434128284454346,0.6596774458885193,-0.07856132835149765,0.43599486351013184,0.7083685398101807,-0.07842551916837692,0.4175478518009186,0.7433949708938599,-0.06856364756822586
0.3683009445667267,0.8764599561691284,8.635273047730152e-07,0.32804936170578003,0.8035678863525391,-0.043562885373830795,0.3292618989944458,0.7100131511688232,-0.062484461814165115,0.3902073800563812,0.6474013328552246,-0.07989950478076935,0.43955251574516296,0.6044531464576721,-0.09467299282550812,0.32937535643577576,0.573415219783783,-0.028761323541402817,0.30880147218704224,0.45071983337402344,-0.05594474822282791,0.2970285415649414,0.37301886081695557,-0.07221034914255142,0.2883262038230896,0.3074302077293396,-0.08138997852802277,0.3841486871242523,0.5811845660209656,-0.02850947715342045,0.40688300132751465,0.4478275775909424,-0.056840233504772186,0.425005167722702,0.3666834235191345,-0.0747411921620369,0.4436732232570648,0.2989010214805603,-0.08125786483287811,0.42528748512268066,0.6248524785041809,-0.03412025421857834,0.43974730372428894,0.5903588533401489,-0.07962273806333542,0.4142543077468872,0.6534764170646667,-0.09114154428243637,0.4005427360534668,0.6950973272323608,-0.08389246463775635,0.4541838765144348,0.6843779683113098,-0.04291674867272377,0.4632880687713623,0.6592576503753662,-0.07741240411996841,0.4353479743003845,0.7075963020324707,-0.07760588824748993,0.4173951745033264,0.7432672381401062,-0.06822846084833145
0.36947280168533325,0.8767223358154297,8.603058176959166e-07,0.32927748560905457,0.8027106523513794,-0.043706901371479034,0.3300809860229492,0.7094852924346924,-0.0626983642578125,0.39081382751464844,0.6467405557632446,-0.08017027378082275,0.4408039450645447,0.6038013696670532,-0.09487392008304596,0.3302345275878906,0.5736814737319946,-0.0284452922642231,0.30905354022979736,0.45131915807724,-0.05595066025853157,0.2972022593021393,0.37353694438934326,-0.0724257379770279,0.2888033390045166,0.30792927742004395,-0.08165740966796875,0.38508614897727966,0.5815543532371521,-0.028243688866496086,0.40681079030036926,0.4479706585407257,-0.05712393671274185,0.4247952699661255,0.3668554425239563,-0.07541932910680771,0.44391492009162903,0.29911720752716064,-0.08204855024814606,0.42632001638412476,0.6256727576255798,-0.03397170826792717,0.44085970520973206,0.5931366086006165,-0.08061281591653824,0.4156671464443207,0.6568037271499634,-0.09241724759340286,0.40241539478302,0.6994087100028992,-0.08485673367977142,0.4549795091152191,0.685806155204773,-0.04283136874437332,0.46467599272727966,0.659657895565033,-0.07801799476146698,0.4370570778846741,0.7071622610092163,-0.07815339416265488,0.4190466105937958,0.7432636022567749,-0.0684390589594841
0.3703886568546295,0.876916766166687,8.610514328211138e-07,0.3312879204750061,0.8040910959243774,-0.04427749663591385,0.33198443055152893,0.7117302417755127,-0.06410252302885056,0.39167168736457825,0.6482657790184021,-0.0823243260383606,0.4412608742713928,0.6040104627609253,-0.09773112088441849,0.3309415280818939,0.574013888835907,-0.030082162469625473,0.3106639087200165,0.4515931308269501,-0.05844299495220184,0.29925528168678284,0.3739106059074402,-0.07536347210407257,0.29111307859420776,0.3083641529083252,-0.0848231390118599,0.385963499546051,0.5820242762565613,-0.029692232608795166,0.40837112069129944,0.44905686378479004,-0.059062883257865906,0.42677274346351624,0.3684060573577881,-0.07718396186828613,0.44599291682243347,0.300638347864151,-0.08370911329984665,0.42751044034957886,0.625950276851654,-0.03522802144289017,0.4423959255218506,0.5927407741546631,-0.08164554834365845,0.4168509244918823,0.6567266583442688,-0.09252561628818512,0.4031077027320862,0.6990634202957153,-0.08456257730722427,0.456407368183136,0.686060905456543,-0.044005002826452255,0.4656635522842407,0.661278486251831,-0.07880140095949173,0.4377173185348511,0.7088786959648132,-0.07845810800790787,0.4193415343761444,0.7441592812538147,-0.0684933289885521
0.37297356128692627,0.8810213208198547,8.743577382119838e-07,0.33392709493637085,0.8055776953697205,-0.04359018802642822,0.3352172076702118,0.7137572765350342,-0.06336496770381927,0.39509445428848267,0.6511551141738892,-0.08191490918397903,0.44380471110343933,0.6059285402297974,-0.09771385788917542,0.3348351716995239,0.5757633447647095,-0.028698543086647987,0.31558433175086975,0.4534716010093689,-0.05720360577106476,0.3046252429485321,0.3752736449241638,-0.07474156469106674,0.2967004179954529,0.3088931441307068,-0.08479608595371246,0.39021146297454834,0.5852758884429932,-0.02918292209506035,0.41297656297683716,0.4521070122718811,-0.058985285460948944,0.4317077398300171,0.371099591255188,-0.07810521870851517,0.45166051387786865,0.30252209305763245,-0.0854632705450058,0.4318612813949585,0.6310281157493591,-0.035626597702503204,0.445434033870697,0.5993913412094116,-0.08253645151853561,0.41804349422454834,0.6637356281280518,-0.09395962953567505,0.4035312533378601,0.7058947086334229,-0.08637727051973343,0.46013736724853516,0.6928166151046753,-0.04525928571820259,0.4687049984931946,0.6673763394355774,-0.07988650351762772,0.43892690539360046,0.7140191793441772,-0.07944893836975098,0.4189450442790985,0.7484188079833984,-0.06960979104042053
0.3724276125431061,0.8786361217498779,8.536003974768391e-07,0.3325180113315582,0.8040165901184082,-0.04189135506749153,0.3341905474662781,0.7110167741775513,-0.06062934920191765,0.395477294921875,0.6498926281929016,-0.07822609692811966,0.44498077034950256,0.6078757047653198,-0.09324280917644501,0.3352862000465393,0.5758822560310364,-0.028695767745375633,0.3150196969509125,0.45347386598587036,-0.05671175196766853,0.30382487177848816,0.375957190990448,-0.07296039909124374,0.29585644602775574,0.310323029756546,-0.08185775578022003,0.390425443649292,0.5848888158798218,-0.029634060338139534,0.41376322507858276,0.45161205530166626,-0.05986744165420532,0.4323129951953888,0.3712019622325897,-0.0783674418926239,0.45168039202690125,0.3038618266582489,-0.08475823700428009,0.43213900923728943,0.6295619606971741,-0.03610369190573692,0.44615817070007324,0.5972884297370911,-0.08333324640989304,0.41973677277565,0.6617143750190735,-0.09407166391611099,0.40595200657844543,0.7034655809402466,-0.08562520146369934,0.46136894822120667,0.6905907392501831,-0.045525822788476944,0.4697950482368469,0.6656293272972107,-0.0802881121635437,0.44122129678726196,0.7141458988189697,-0.07906308025121689,0.42281368374824524,0.7493700981140137,-0.06834490597248077
0.37338873744010925,0.8782122135162354,8.664555934956297e-07,0.3342360258102417,0.8046830892562866,-0.04321944713592529,0.33544275164604187,0.7132871747016907,-0.06253725290298462,0.3952586352825165,0.6512084603309631,-0.0805399939417839,0.4435712695121765,0.6078237891197205,-0.09571953117847443,0.3355593979358673,0.5751436352729797,-0.028535200282931328,0.31543898582458496,0.4536777138710022,-0.056391533464193344,0.30409717559814453,0.37630152702331543,-0.07295774668455124,0.2961086928844452,0.3106284439563751,-0.08224460482597351,0.39023900032043457,0.5840874314308167,-0.02884168177843094,0.41370150446891785,0.45183470845222473,-0.05868583545088768,0.4326545000076294,0.3714302182197571,-0.07724539190530777,0.4520479142665863,0.3034968078136444,-0.08394759893417358,0.43129807710647583,0.6288854479789734,-0.034926433116197586,0.4455936849117279,0.5956833958625793,-0.08165934681892395,0.41958996653556824,0.6601948738098145,-0.09229616075754166,0.405623197555542,0.7021316885948181,-0.08403132110834122,0.45960569381713867,0.689873218536377,-0.04415258392691612,0.4686664044857025,0.6647000312805176,-0.07865983992815018,0.44009315967559814,0.7126173973083496,-0.07769939303398132,0.4212549030780792,0.7476458549499512,-0.06730946153402328
0.3708343207836151,0.8778733015060425,8.588813784626836e-07,0.3317103087902069,0.8040771484375,-0.042618997395038605,0.33395856618881226,0.7106686234474182,-0.061602767556905746,0.39546066522598267,0.6488321423530579,-0.07929030805826187,0.4459182918071747,0.6078374981880188,-0.09446775913238525,0.3357524573802948,0.5763486623764038,-0.029398275539278984,0.31612420082092285,0.4542182683944702,-0.057495612651109695,0.3051934838294983,0.3769177198410034,-0.07400206476449966,0.2973538637161255,0.31152281165122986,-0.08318964391946793,0.39038148522377014,0.5854415893554688,-0.029883069917559624,0.4139496982097626,0.45201796293258667,-0.06000686436891556,0.43267232179641724,0.372175008058548,-0.07851190119981766,0.452321320772171,0.30517327785491943,-0.08501504361629486,0.4316941797733307,0.6304589509963989,-0.03588388115167618,0.4454042613506317,0.597449004650116,-0.08280143141746521,0.4183644652366638,0.6626428961753845,-0.09311952441930771,0.40459874272346497,0.705079197883606,-0.08448107540607452,0.4601772129535675,0.6918056011199951,-0.044930558651685715,0.46765267848968506,0.665440559387207,-0.07995246350765228,0.438362717628479,0.7144181728363037,-0.07869994640350342,0.4197656214237213,0.7501015663146973,-0.06790133565664291
0.3729214668273926,0.8787255883216858,8.455434681309271e-07,0.3335948586463928,0.8049593567848206,-0.04248614236712456,0.33535242080688477,0.712080180644989,-0.06133435294032097,0.3951868712902069,0.6495423913002014,-0.07892803102731705,0.44422492384910583,0.6075096726417542,-0.09376052021980286,0.335340678691864,0.5764110684394836,-0.02862328104674816,0.3153022527694702,0.4544103741645813,-0.05660899728536606,0.3037613034248352,0.37689465284347534,-0.07311461120843887,0.2955108880996704,0.3114382028579712,-0.08229395002126694,0.3898881673812866,0.5854911804199219,-0.02914656326174736,0.4128403663635254,0.45290178060531616,-0.05932354927062988,0.43161851167678833,0.3724764585494995,-0.07761604338884354,0.45094192028045654,0.30527135729789734,-0.08394428342580795,0.4309306740760803,0.6300556659698486,-0.03528831899166107,0.44572246074676514,0.5956483483314514,-0.08261561393737793,0.41965293884277344,0.6610155701637268,-0.09247356653213501,0.4052415192127228,0.7042369246482849,-0.08336314558982849,0.4594287574291229,0.6906503438949585,-0.04447196424007416,0.4690552055835724,0.6635345220565796,-0.07980385422706604,0.44064801931381226,0.7125258445739746,-0.078272245824337,0.4216368496417999,0.7491302490234375,-0.06711035966873169
0.37084275484085083,0.8767887353897095,8.59419060361688e-07,0.3312586843967438,0.8032236099243164,-0.04248543083667755,0.33386507630348206,0.7102265357971191,-0.061095282435417175,0.39514848589897156,0.6490644812583923,-0.07836813479661942,0.44462084770202637,0.6082356572151184,-0.09309671074151993,0.3344913721084595,0.576266884803772,-0.02831406705081463,0.31498754024505615,0.45467838644981384,-0.055425819009542465,0.30386245250701904,0.37807247042655945,-0.07151875644922256,0.29570508003234863,0.3129619359970093,-0.0805787518620491,0.3887595236301422,0.584641695022583,-0.02842066064476967,0.41248244047164917,0.4524843692779541,-0.057165492326021194,0.43141770362854004,0.3724158704280853,-0.07524572312831879,0.45070505142211914,0.3054293096065521,-0.08180062472820282,0.42951855063438416,0.6285120248794556,-0.03416210412979126,0.4437088370323181,0.595626711845398,-0.07938998192548752,0.4175269901752472,0.6583418250083923,-0.09031830728054047,0.4033956229686737,0.6991573572158813,-0.08271186053752899,0.45778700709342957,0.6879620552062988,-0.04302508383989334,0.465518593788147,0.6645365953445435,-0.0767742246389389,0.43689799308776855,0.7116698622703552,-0.0763685330748558,0.41861164569854736,0.7458450198173523,-0.06663785874843597
0.3706985116004944,0.877116322517395,8.590882316639181e-07,0.3327378034591675,0.8030430674552917,-0.04201970621943474,0.33454060554504395,0.711905837059021,-0.060773611068725586,0.3937586843967438,0.6500629782676697,-0.07831151783466339,0.4426215589046478,0.6064677834510803,-0.09309647977352142,0.3334348797798157,0.5761831402778625,-0.027584634721279144,0.3145730197429657,0.4548042416572571,-0.05478197708725929,0.3039640188217163,0.3775920271873474,-0.07089494168758392,0.2964009940624237,0.31238773465156555,-0.07990485429763794,0.388244092464447,0.5852131247520447,-0.028122076764702797,0.4115114212036133,0.4528517723083496,-0.05715522542595863,0.4306320548057556,0.3723008930683136,-0.07523245364427567,0.4500974416732788,0.30498823523521423,-0.08170729130506516,0.4295732080936432,0.6301569938659668,-0.03431125357747078,0.44331055879592896,0.5971266031265259,-0.08068861812353134,0.41772139072418213,0.6604568958282471,-0.09154538810253143,0.4042171835899353,0.7030943036079407,-0.08347553759813309,0.45747068524360657,0.6907879710197449,-0.04348205402493477,0.46533164381980896,0.6653581857681274,-0.07842834293842316,0.43708810210227966,0.7126857042312622,-0.07792508602142334,0.419050931930542,0.7486755847930908,-0.06775200366973877
0.3716638684272766,0.8768543004989624,8.5169125441098e-07,0.33346328139305115,0.8029690980911255,-0.04308788478374481,0.33428651094436646,0.7118537425994873,-0.06261192262172699,0.3932822346687317,0.6495364308357239,-0.0807776153087616,0.44321325421333313,0.6060406565666199,-0.09625764191150665,0.3346826732158661,0.5765726566314697,-0.029241014271974564,0.31546592712402344,0.4552663266658783,-0.05734149366617203,0.30490928888320923,0.37795937061309814,-0.07395770400762558,0.29750552773475647,0.3128513991832733,-0.08316262811422348,0.3890685439109802,0.5857540369033813,-0.029519671574234962,0.4120141565799713,0.4534541070461273,-0.05906834453344345,0.4304952621459961,0.3734731376171112,-0.07725062221288681,0.449843168258667,0.3063202500343323,-0.08372718840837479,0.4301460385322571,0.6309484243392944,-0.03554494306445122,0.44349175691604614,0.5979207158088684,-0.08272197097539902,0.4171711802482605,0.6614708304405212,-0.09376533329486847,0.4039049446582794,0.7035834193229675,-0.08564679324626923,0.4578492045402527,0.6921161413192749,-0.04458199813961983,0.4652189016342163,0.6654846668243408,-0.08020520210266113,0.4360831379890442,0.712314784526825,-0.07984966039657593,0.41747617721557617,0.7479535341262817,-0.06964442878961563
0.3716355562210083,0.8772614598274231,8.581768042859039e-07,0.33304664492607117,0.8039261102676392,-0.042611345648765564,0.33425456285476685,0.7133647203445435,-0.06252404302358627,0.3935409188270569,0.6522102952003479,-0.08128834515810013,0.442792147397995,0.6097027659416199,-0.09731027483940125,0.3359239995479584,0.576962411403656,-0.029720798134803772,0.31725287437438965,0.4554673433303833,-0.05827643349766731,0.30688002705574036,0.3782969117164612,-0.0752643421292305,0.2995207905769348,0.3131762444972992,-0.08471103757619858,0.3904668092727661,0.5861303806304932,-0.030422376468777657,0.4144112169742584,0.45467931032180786,-0.06034180521965027,0.4331058859825134,0.37495195865631104,-0.07877153158187866,0.4526097774505615,0.3076801002025604,-0.08542701601982117,0.4313420057296753,0.630768895149231,-0.0367954857647419,0.4451746344566345,0.5986459255218506,-0.08329124003648758,0.4181715250015259,0.6625871658325195,-0.09359098225831985,0.4040614366531372,0.7049219012260437,-0.08513617515563965,0.4590150713920593,0.6915416717529297,-0.04625612869858742,0.46672672033309937,0.6664155125617981,-0.08026278764009476,0.4375014305114746,0.7126761674880981,-0.07890789210796356,0.41867315769195557,0.7477024793624878,-0.06823983788490295
0.37341073155403137,0.8778448700904846,8.402848266086949e-07,0.3339989185333252,0.8036525249481201,-0.04218824580311775,0.3356418013572693,0.7116010189056396,-0.061587221920490265,0.3960505723953247,0.6506207585334778,-0.0797668918967247,0.4461328089237213,0.6071082353591919,-0.09531621634960175,0.3380151391029358,0.5771096348762512,-0.0290137380361557,0.3195897936820984,0.4552249610424042,-0.05713463947176933,0.309417188167572,0.3782372772693634,-0.0737694576382637,0.3022579252719879,0.31300419569015503,-0.0830719992518425,0.39241907000541687,0.5864184498786926,-0.029671555384993553,0.41632699966430664,0.45514559745788574,-0.05920229107141495,0.435167133808136,0.37556350231170654,-0.07761554419994354,0.45487022399902344,0.3085465729236603,-0.08438674360513687,0.43335258960723877,0.6311415433883667,-0.03595024347305298,0.44710904359817505,0.5979655981063843,-0.08236362785100937,0.4191977083683014,0.6608456373214722,-0.09310565888881683,0.4044191539287567,0.7019994258880615,-0.0852116048336029,0.46141621470451355,0.6916837692260742,-0.04522746801376343,0.468552827835083,0.6667740941047668,-0.07991766184568405,0.43874847888946533,0.712912380695343,-0.07929445058107376,0.41951417922973633,0.7467440366744995,-0.0692281499505043
0.37390199303627014,0.8788785934448242,8.467447969451314e-07,0.3350663185119629,0.8054227828979492,-0.043261345475912094,0.33623868227005005,0.7140305638313293,-0.06295042484998703,0.39660322666168213,0.6529524326324463,-0.08132283389568329,0.44709697365760803,0.6102667450904846,-0.09707734733819962,0.33961057662963867,0.5774033069610596,-0.029135804623365402,0.32134172320365906,0.4559478163719177,-0.05709727108478546,0.31112274527549744,0.37881898880004883,-0.07373005151748657,0.30407798290252686,0.3137521743774414,-0.08299698680639267,0.394088476896286,0.5869620442390442,-0.029414627701044083,0.4181256890296936,0.45557737350463867,-0.05889856442809105,0.4367017149925232,0.37566280364990234,-0.07715543359518051,0.456279993057251,0.30845221877098083,-0.08369528502225876,0.43506038188934326,0.6323238015174866,-0.035445667803287506,0.44958633184432983,0.5968675017356873,-0.08257042616605759,0.42165225744247437,0.6619113683700562,-0.09296447783708572,0.4069938361644745,0.7047269344329834,-0.0843886211514473,0.4632790684700012,0.6940617561340332,-0.04449601098895073,0.4719623029232025,0.6649432182312012,-0.07986783236265182,0.4423770010471344,0.7126283049583435,-0.07870294153690338,0.4231704771518707,0.7484437823295593,-0.067903533577919
0.3739472031593323,0.8782658576965332,8.64965727487288e-07,0.3351609706878662,0.8048049807548523,-0.043663110584020615,0.33699914813041687,0.7124925851821899,-0.06289752572774887,0.3983173370361328,0.6512582898139954,-0.08056691288948059,0.4488016664981842,0.6095688343048096,-0.09580930322408676,0.3381413519382477,0.5778303742408752,-0.02985827811062336,0.31947973370552063,0.45569369196891785,-0.05804859474301338,0.30941182374954224,0.3783191442489624,-0.0745888277888298,0.3019919693470001,0.3128335773944855,-0.08364512026309967,0.3924914300441742,0.586887776851654,-0.029614482074975967,0.41655078530311584,0.454387903213501,-0.05918343365192413,0.43611446022987366,0.3744356036186218,-0.0771753191947937,0.45565909147262573,0.3078983724117279,-0.08327735215425491,0.4333372712135315,0.6315961480140686,-0.035123858600854874,0.4468778073787689,0.6000176668167114,-0.08216078579425812,0.42116057872772217,0.6647093892097473,-0.09299013018608093,0.4076915979385376,0.7063848972320557,-0.0846126452088356,0.4613051414489746,0.6919956803321838,-0.04368998855352402,0.4688347280025482,0.6669837832450867,-0.07886872440576553,0.44094377756118774,0.7168217897415161,-0.07794981449842453,0.4233367443084717,0.7522716522216797,-0.06736747920513153
0.3613315224647522,0.8863901495933533,8.639636348561908e-07,0.3193482756614685,0.8090493083000183,-0.041060708463191986,0.3202964663505554,0.7125754952430725,-0.06195720657706261,0.3837601840496063,0.6524081230163574,-0.08267626166343689,0.43860647082328796,0.6098531484603882,-0.10107464343309402,0.3265616297721863,0.5717592835426331,-0.03125671297311783,0.30662351846694946,0.44359108805656433,-0.06223861873149872,0.29462000727653503,0.36244162917137146,-0.08028186112642288,0.2855551838874817,0.2936198115348816,-0.09045686572790146,0.3834024667739868,0.581918478012085,-0.03467691317200661,0.4086412787437439,0.44267213344573975,-0.066592738032341,0.4282635450363159,0.35712021589279175,-0.08648156374692917,0.448587030172348,0.2854160964488983,-0.09422288089990616,0.42610493302345276,0.6292363405227661,-0.043573133647441864,0.4380802512168884,0.5935242176055908,-0.09168284386396408,0.4083492159843445,0.6587470173835754,-0.1024424135684967,0.39323750138282776,0.701923131942749,-0.09438547492027283,0.45555630326271057,0.6932960748672485,-0.055497486144304276,0.4589265286922455,0.67023766040802,-0.0906713679432869,0.4266287088394165,0.7175949215888977,-0.08952673524618149,0.40670764446258545,0.7517721652984619,-0.07914610207080841
0.37031129002571106,0.8871548175811768,8.674718401380233e-07,0.32878464460372925,0.8092610239982605,-0.04293583706021309,0.3325774073600769,0.7136514186859131,-0.0632762536406517,0.3967154920101166,0.653916597366333,-0.0828569307923317,0.44833090901374817,0.6111310124397278,-0.09966284781694412,0.3377895951271057,0.5712907314300537,-0.03039047122001648,0.31963926553726196,0.44453173875808716,-0.06074374169111252,0.30852147936820984,0.3631945252418518,-0.07876276224851608,0.3000313341617584,0.29367488622665405,-0.08901110291481018,0.39429476857185364,0.5818736553192139,-0.032395586371421814,0.420119971036911,0.445418119430542,-0.06375671923160553,0.4407622814178467,0.36132797598838806,-0.0830574557185173,0.4616318941116333,0.29172882437705994,-0.09033138304948807,0.43606042861938477,0.6288347244262695,-0.04036380350589752,0.45113658905029297,0.5979363918304443,-0.0879259705543518,0.4225074350833893,0.6630133390426636,-0.09865301847457886,0.40651699900627136,0.7047857642173767,-0.09058251976966858,0.4644703269004822,0.6913732290267944,-0.05167504772543907,0.47133368253707886,0.6715947389602661,-0.08587344735860825,0.43956834077835083,0.7184901833534241,-0.08504386991262436,0.41854894161224365,0.7499169111251831,-0.07515076547861099
0.37339797616004944,0.889611005783081,8.871726322468021e-07,0.33310338854789734,0.8103818893432617,-0.043344538658857346,0.3381601572036743,0.7140889763832092,-0.06369209289550781,0.4029345214366913,0.6537163853645325,-0.08332551270723343,0.4553210139274597,0.6111322045326233,-0.1002548560500145,0.3421730697154999,0.5717509984970093,-0.028932364657521248,0.32457131147384644,0.44482195377349854,-0.059236083179712296,0.3138814866542816,0.3633078634738922,-0.0779256820678711,0.30553439259529114,0.29423120617866516,-0.08870495110750198,0.39845114946365356,0.5828761458396912,-0.030585359781980515,0.4255945086479187,0.44611555337905884,-0.06157126650214195,0.4462589621543884,0.36194148659706116,-0.08154617995023727,0.46735680103302,0.29168063402175903,-0.08943457901477814,0.4400053918361664,0.6312273740768433,-0.0382876843214035,0.4546569585800171,0.5974345803260803,-0.0852619931101799,0.425059974193573,0.6622274518013,-0.09603305160999298,0.40928053855895996,0.7041711807250977,-0.08806297183036804,0.4675323963165283,0.6956263184547424,-0.04936223849654198,0.4735984802246094,0.6709938049316406,-0.08296683430671692,0.4413631558418274,0.7161269187927246,-0.08170831203460693,0.42091992497444153,0.747093915939331,-0.0715094581246376
0.3767595887184143,0.8888275027275085,8.841623184707714e-07,0.33786338567733765,0.8114240765571594,-0.04332538694143295,0.343941330909729,0.71494060754776,-0.06289930641651154,0.4082299768924713,0.6542710661888123,-0.0815526470541954,0.4601818919181824,0.6129306554794312,-0.09743530303239822,0.3465425670146942,0.57237309217453,-0.028756974264979362,0.3295556306838989,0.4447137713432312,-0.058177363127470016,0.3193867802619934,0.36323660612106323,-0.07588814944028854,0.311139851808548,0.2936958074569702,-0.08590847253799438,0.40204566717147827,0.582704484462738,-0.03003140725195408,0.4297165274620056,0.4457817077636719,-0.06029496714472771,0.4514797329902649,0.361985445022583,-0.0793609470129013,0.4728831946849823,0.29190900921821594,-0.08644389361143112,0.44251707196235657,0.6294187307357788,-0.03733750432729721,0.4600622355937958,0.5978949069976807,-0.0843823254108429,0.43192070722579956,0.6647301316261292,-0.09512752294540405,0.41579610109329224,0.7075662016868591,-0.08681411296129227,0.46961867809295654,0.6918855309486389,-0.04801587387919426,0.47945505380630493,0.6709877252578735,-0.08225231617689133,0.44880881905555725,0.7192842960357666,-0.08145259320735931,0.4282745122909546,0.7518686056137085,-0.0713186115026474
0.37759655714035034,0.8906329870223999,8.958611488196766e-07,0.33924734592437744,0.812652587890625,-0.04440495744347572,0.3448787033557892,0.7174469828605652,-0.06538122892379761,0.40956318378448486,0.6574567556381226,-0.08537907153367996,0.46192339062690735,0.6152481436729431,-0.10258296877145767,0.34854593873023987,0.5731906890869141,-0.031064694747328758,0.3322891592979431,0.44599002599716187,-0.061647843569517136,0.32284122705459595,0.36403486132621765,-0.08004549890756607,0.3155035376548767,0.2943628132343292,-0.09047780185937881,0.4050750732421875,0.5841519832611084,-0.032247841358184814,0.4342387318611145,0.4468701183795929,-0.06379271298646927,0.45636558532714844,0.3626771569252014,-0.08342995494604111,0.4781380295753479,0.2924938201904297,-0.09082264453172684,0.44679349660873413,0.6321337819099426,-0.03945578634738922,0.4638473093509674,0.6008611917495728,-0.08760185539722443,0.43371137976646423,0.6669724583625793,-0.09856124222278595,0.41642969846725464,0.7097185850143433,-0.09025967121124268,0.47486984729766846,0.696351945400238,-0.05005166679620743,0.4841499924659729,0.6744226217269897,-0.0851159319281578,0.45159515738487244,0.7212855815887451,-0.08439194411039352,0.4293232560157776,0.7536771893501282,-0.07416893541812897
0.37927335500717163,0.8873758316040039,8.823644748190418e-07,0.3421229124069214,0.8108717203140259,-0.04470386728644371,0.3462373614311218,0.7167887091636658,-0.06576669961214066,0.409617155790329,0.6570266485214233,-0.08555978536605835,0.46317601203918457,0.6156944632530212,-0.10263371467590332,0.34909284114837646,0.5711164474487305,-0.031505685299634933,0.33253762125968933,0.444983571767807,-0.06179697439074516,0.32336854934692383,0.36417335271835327,-0.07998163253068924,0.31679242849349976,0.2958396375179291,-0.09029371291399002,0.4052543640136719,0.5827070474624634,-0.03209483250975609,0.4341435730457306,0.4463540315628052,-0.06307866424322128,0.45720502734184265,0.36345618963241577,-0.08239425718784332,0.47928303480148315,0.29387208819389343,-0.08975058794021606,0.4465506970882416,0.6308161020278931,-0.038655124604701996,0.46292057633399963,0.5991421341896057,-0.08678653091192245,0.4340161979198456,0.663474440574646,-0.09859245270490646,0.4170771539211273,0.7053378820419312,-0.0910881757736206,0.47393009066581726,0.6948085427284241,-0.04850712791085243,0.48187190294265747,0.6745284795761108,-0.08471354097127914,0.4494265019893646,0.7220637798309326,-0.0852033868432045,0.4270634949207306,0.7553468942642212,-0.07577071338891983
0.3781217038631439,0.8875410556793213,8.843712748785038e-07,0.34060782194137573,0.8108913898468018,-0.043927159160375595,0.3451201915740967,0.7170592546463013,-0.06515149027109146,0.40850695967674255,0.6568686962127686,-0.08544029295444489,0.4622853398323059,0.6148900389671326,-0.10318490862846375,0.3495243787765503,0.571749746799469,-0.03166337311267853,0.3337167203426361,0.4448128342628479,-0.06263299286365509,0.324945867061615,0.363706111907959,-0.08135710656642914,0.3185731768608093,0.2949092388153076,-0.09206730872392654,0.40607950091362,0.5826416611671448,-0.03276284039020538,0.43551692366600037,0.4461982548236847,-0.06407735496759415,0.4585401117801666,0.36318227648735046,-0.08355662226676941,0.48104172945022583,0.2935809791088104,-0.09109921753406525,0.44769230484962463,0.6307182908058167,-0.03971068933606148,0.4629060924053192,0.5973519682884216,-0.0874946266412735,0.4328762888908386,0.6623122096061707,-0.09854671359062195,0.41623321175575256,0.7057292461395264,-0.0906979963183403,0.4750668406486511,0.6950392127037048,-0.04997176676988602,0.4801548421382904,0.6755942106246948,-0.08625688403844833,0.44672802090644836,0.7224427461624146,-0.08668290078639984,0.42450132966041565,0.7557731866836548,-0.0771189033985138
0.37868747115135193,0.8892736434936523,8.917459126678295e-07,0.34103187918663025,0.8112725615501404,-0.04440110921859741,0.346566766500473,0.7154896259307861,-0.06451614201068878,0.4098959267139435,0.6546112895011902,-0.08357489854097366,0.4624994397163391,0.613172709941864,-0.09993075579404831,0.3491535484790802,0.5712704658508301,-0.028689756989479065,0.33318623900413513,0.44460630416870117,-0.05816752091050148,0.32463061809539795,0.3635312616825104,-0.07628917694091797,0.3184618353843689,0.2949235141277313,-0.08667916804552078,0.40555110573768616,0.5827891826629639,-0.02916616015136242,0.4347870945930481,0.4466262757778168,-0.059573426842689514,0.4582001566886902,0.3635942041873932,-0.07910371571779251,0.48099958896636963,0.29425325989723206,-0.08663786947727203,0.4468228220939636,0.6310600638389587,-0.03572801873087883,0.4631710350513458,0.5977678894996643,-0.08344137668609619,0.43331560492515564,0.6634489893913269,-0.09509549289941788,0.4161807596683502,0.7077526450157166,-0.08735677599906921,0.4739832878112793,0.6948162913322449,-0.0456194207072258,0.4812522530555725,0.6728771924972534,-0.0818326473236084,0.4488801658153534,0.7204074263572693,-0.08229423314332962,0.42724430561065674,0.7547778487205505,-0.07267823070287704
0.37775447964668274,0.8860762119293213,8.926139685172529e-07,0.34117141366004944,0.8074221611022949,-0.04328033700585365,0.3457965850830078,0.7128680348396301,-0.06345798820257187,0.40912145376205444,0.6535422801971436,-0.08273642510175705,0.4617950916290283,0.6135463714599609,-0.0995577871799469,0.34792640805244446,0.5709735751152039,-0.02954002469778061,0.3316802978515625,0.44367921352386475,-0.05913858115673065,0.32332149147987366,0.3632890582084656,-0.07705750316381454,0.3171535134315491,0.29533079266548157,-0.08709830790758133,0.40353256464004517,0.582832932472229,-0.03038235753774643,0.4332415759563446,0.44591450691223145,-0.060222264379262924,0.4566064476966858,0.36352914571762085,-0.0791902169585228,0.47885164618492126,0.29477787017822266,-0.08632761240005493,0.44433239102363586,0.6309495568275452,-0.037092071026563644,0.4598741829395294,0.5985401272773743,-0.08369021117687225,0.43202564120292664,0.6622866988182068,-0.09527839720249176,0.4164826273918152,0.7045985460281372,-0.08778847754001617,0.47119051218032837,0.6950124502182007,-0.047002896666526794,0.47835537791252136,0.6732479929924011,-0.08141219615936279,0.44720712304115295,0.7202483415603638,-0.0810176283121109,0.4267081916332245,0.753994882106781,-0.07114196568727493
0.3751053810119629,0.8865119218826294,9.037769927999761e-07,0.33835697174072266,0.8097645044326782,-0.04494108632206917,0.34413450956344604,0.7151660919189453,-0.06552424281835556,0.40679121017456055,0.6537416577339172,-0.0848405584692955,0.45914554595947266,0.6126463413238525,-0.10142362862825394,0.3453565239906311,0.5728229284286499,-0.030763907358050346,0.32893723249435425,0.4452286660671234,-0.060758743435144424,0.31990087032318115,0.3643743097782135,-0.07847088575363159,0.31315168738365173,0.2958904504776001,-0.08817275613546371,0.4010537564754486,0.5835310220718384,-0.030776504427194595,0.4302677810192108,0.4466663897037506,-0.061603792011737823,0.4538082480430603,0.36384356021881104,-0.08079778403043747,0.47627606987953186,0.29497915506362915,-0.08764613419771194,0.4422209858894348,0.6304730176925659,-0.03678850829601288,0.45732516050338745,0.6013526916503906,-0.08449063450098038,0.4295913279056549,0.6664972305297852,-0.09620501101016998,0.4140781760215759,0.709385871887207,-0.08824317157268524,0.46958088874816895,0.6927241683006287,-0.046147625893354416,0.4764827489852905,0.6750797033309937,-0.08124901354312897,0.44560277462005615,0.7231607437133789,-0.08119143545627594,0.42562100291252136,0.7570328712463379,-0.07119836658239365
0.3681551516056061,0.8837978839874268,8.864095093485957e-07,0.33005228638648987,0.8100321292877197,-0.04332205280661583,0.33353865146636963,0.7140772938728333,-0.06398940086364746,0.39673033356666565,0.6541968584060669,-0.08377435058355331,0.44979631900787354,0.613860011100769,-0.10144957900047302,0.336588978767395,0.5741429328918457,-0.032830338925123215,0.3192254602909088,0.44670069217681885,-0.06415949016809464,0.3092373013496399,0.3655655086040497,-0.08270928263664246,0.3015904128551483,0.29632803797721863,-0.09336138516664505,0.3920000195503235,0.5835707187652588,-0.03411952778697014,0.4223070442676544,0.44724881649017334,-0.06605303287506104,0.4449649751186371,0.364016056060791,-0.08539152145385742,0.46604883670806885,0.2940564453601837,-0.09273544698953629,0.4328211843967438,0.6289368271827698,-0.041054464876651764,0.44837018847465515,0.5945523977279663,-0.08926670998334885,0.4203832745552063,0.6608341336250305,-0.09982358664274216,0.4046154320240021,0.7052350640296936,-0.09160709381103516,0.46096986532211304,0.6906449198722839,-0.05122195556759834,0.4648652672767639,0.6732264757156372,-0.08808232843875885,0.43402227759361267,0.7246338129043579,-0.08800481259822845,0.41442936658859253,0.7610098123550415,-0.07803845405578613
0.3694803714752197,0.8860200643539429,8.863405014380987e-07,0.3283878564834595,0.8096060752868652,-0.043810680508613586,0.3320762515068054,0.7141697406768799,-0.06381145864725113,0.3960058093070984,0.6545166969299316,-0.08282642066478729,0.4480683505535126,0.6133561730384827,-0.0993390902876854,0.33785533905029297,0.5733071565628052,-0.02946403995156288,0.3207091689109802,0.4471781551837921,-0.05864223837852478,0.31086987257003784,0.3667570650577545,-0.07632303237915039,0.3033880889415741,0.2985472083091736,-0.0864454135298729,0.39429762959480286,0.5843604207038879,-0.030594853684306145,0.4209207594394684,0.44879332184791565,-0.06070851907134056,0.4418222904205322,0.3651273250579834,-0.08006415516138077,0.46280932426452637,0.29571154713630676,-0.08762028813362122,0.435435026884079,0.6319315433502197,-0.0377512127161026,0.4492931067943573,0.597365140914917,-0.08540293574333191,0.41988644003868103,0.6630324125289917,-0.09736885875463486,0.4038727283477783,0.7073591947555542,-0.09001509100198746,0.46289950609207153,0.694703996181488,-0.04814942181110382,0.4691055417060852,0.67149817943573,-0.08427973836660385,0.43765249848365784,0.7201125621795654,-0.08471188694238663,0.4171852767467499,0.7556883096694946,-0.07524479180574417
0.3712906837463379,0.8861218094825745,8.979271797215915e-07,0.33206212520599365,0.8098313808441162,-0.04460027441382408,0.3347682058811188,0.7152547836303711,-0.06502602994441986,0.39655670523643494,0.6540356278419495,-0.08425229787826538,0.4492151439189911,0.6126081943511963,-0.10097437351942062,0.3378070592880249,0.573968231678009,-0.029885217547416687,0.32011932134628296,0.44718438386917114,-0.059460319578647614,0.3104596734046936,0.3669617474079132,-0.07701613008975983,0.30310940742492676,0.2991667687892914,-0.08665549755096436,0.39345496892929077,0.5852565765380859,-0.030170783400535583,0.42068785429000854,0.4488237500190735,-0.0609176866710186,0.4415607750415802,0.365966796875,-0.08020276576280594,0.46168479323387146,0.2968057692050934,-0.0870591253042221,0.43426936864852905,0.6321312189102173,-0.03647587448358536,0.44701826572418213,0.599291980266571,-0.0849081501364708,0.4191140830516815,0.664679229259491,-0.09695525467395782,0.40425971150398254,0.7075541019439697,-0.08903086930513382,0.46143245697021484,0.6941235065460205,-0.04594101011753082,0.4667804539203644,0.6711074113845825,-0.08162020146846771,0.43657127022743225,0.7208818793296814,-0.08127017319202423,0.417825311422348,0.7563794851303101,-0.07099239528179169
0.37115925550460815,0.8844395875930786,8.918173080019187e-07,0.33162930607795715,0.8093683123588562,-0.04338226467370987,0.33360224962234497,0.7155201435089111,-0.06431614607572556,0.3948260247707367,0.6541798114776611,-0.08441061526536942,0.44760197401046753,0.6118488311767578,-0.10203137993812561,0.337756484746933,0.5739001631736755,-0.03153815120458603,0.3212951421737671,0.44767847657203674,-0.06185358017683029,0.31197887659072876,0.3678584098815918,-0.07966181635856628,0.3045732378959656,0.30014052987098694,-0.08956196904182434,0.3935026526451111,0.5848069787025452,-0.033064305782318115,0.4213932752609253,0.44894546270370483,-0.06446784734725952,0.44245630502700806,0.3659473955631256,-0.08368169516324997,0.46319580078125,0.29639899730682373,-0.0907476469874382,0.43468722701072693,0.6318617463111877,-0.04036053642630577,0.4475976824760437,0.5985484719276428,-0.08876770734786987,0.4184943735599518,0.6648330688476562,-0.09977949410676956,0.4035756289958954,0.7084221839904785,-0.09146858006715775,0.46201539039611816,0.6947105526924133,-0.05078526586294174,0.4665115177631378,0.6718488931655884,-0.08655878156423569,0.4352198839187622,0.7208268642425537,-0.0858064740896225,0.4158538579940796,0.7563132047653198,-0.07535748183727264
0.37182173132896423,0.885725736618042,8.868264558259398e-07,0.33168449997901917,0.8102184534072876,-0.04308202862739563,0.3341505527496338,0.7155452966690063,-0.06354250758886337,0.39614152908325195,0.6545336842536926,-0.08329407125711441,0.44892874360084534,0.6120297908782959,-0.10056962072849274,0.33938321471214294,0.5748830437660217,-0.0304039865732193,0.32270142436027527,0.44878774881362915,-0.060514673590660095,0.3133104741573334,0.36872193217277527,-0.07831373810768127,0.30597761273384094,0.30070316791534424,-0.08824322372674942,0.39517420530319214,0.5858758687973022,-0.03203467279672623,0.42271924018859863,0.450383722782135,-0.06340813636779785,0.4434044063091278,0.3674275875091553,-0.08268418163061142,0.46423450112342834,0.29776185750961304,-0.0897413119673729,0.4362775683403015,0.6332555413246155,-0.039483074098825455,0.44875285029411316,0.5989083051681519,-0.08785594254732132,0.4191356301307678,0.665547788143158,-0.09851345419883728,0.4044301509857178,0.709200918674469,-0.08985745906829834,0.463363379240036,0.6964202523231506,-0.05006139352917671,0.46781060099601746,0.6715129017829895,-0.08579535782337189,0.43601131439208984,0.7200089693069458,-0.08473289012908936,0.41664472222328186,0.7550723552703857,-0.07397940754890442
0.37160277366638184,0.8846889734268188,8.739577310734603e-07,0.3321942389011383,0.8087093830108643,-0.04166342318058014,0.33509561419487,0.7140013575553894,-0.06162620708346367,0.39630672335624695,0.653020977973938,-0.08102700859308243,0.44853314757347107,0.6098984479904175,-0.09798973798751831,0.3403922915458679,0.5747163891792297,-0.029405802488327026,0.32324880361557007,0.44913244247436523,-0.05902964994311333,0.3135647773742676,0.3695308566093445,-0.07628133893013,0.3061462938785553,0.3019329905509949,-0.0857708752155304,0.3956933915615082,0.5854869484901428,-0.031411223113536835,0.4235534965991974,0.44989240169525146,-0.06261568516492844,0.44412562251091003,0.367156058549881,-0.0817686915397644,0.4647626280784607,0.29815760254859924,-0.0886785164475441,0.43643972277641296,0.6322275996208191,-0.03901972994208336,0.44873547554016113,0.5975058078765869,-0.08754552155733109,0.4190365672111511,0.6633476614952087,-0.09848775714635849,0.404224693775177,0.7074671983718872,-0.08998008817434311,0.4634089469909668,0.694530189037323,-0.049537450075149536,0.46730661392211914,0.6699948310852051,-0.08563888818025589,0.4354858696460724,0.7188618183135986,-0.0847896859049797,0.41629064083099365,0.7550355195999146,-0.07407891750335693
0.37270161509513855,0.8853011727333069,8.590608331360272e-07,0.3334653377532959,0.80878084897995,-0.04066789895296097,0.33609768748283386,0.7138491272926331,-0.05992509052157402,0.39829349517822266,0.6531774401664734,-0.07880468666553497,0.45147714018821716,0.611112654209137,-0.09528326243162155,0.34210720658302307,0.5734586119651794,-0.028149187564849854,0.32568100094795227,0.4481380581855774,-0.05687272921204567,0.3164881467819214,0.3689884543418884,-0.0738164559006691,0.3096509277820587,0.3016042113304138,-0.08323114365339279,0.39770108461380005,0.5846293568611145,-0.030492544174194336,0.425236314535141,0.45055222511291504,-0.060366690158843994,0.4459933936595917,0.36726081371307373,-0.07876235246658325,0.467154324054718,0.29811710119247437,-0.08537367731332779,0.43876343965530396,0.6322595477104187,-0.038394998759031296,0.4509292244911194,0.5990926623344421,-0.08576381206512451,0.42018038034439087,0.6646002531051636,-0.09620735794305801,0.40472668409347534,0.7092166543006897,-0.08754759281873703,0.4655210077762604,0.69570392370224,-0.04922758787870407,0.46939322352409363,0.6714521050453186,-0.08516614884138107,0.4363146722316742,0.7198264598846436,-0.08427514135837555,0.4158881902694702,0.7568651437759399,-0.07348939031362534
0.3747880756855011,0.8858822584152222,8.60464922425308e-07,0.3343805968761444,0.8098310828208923,-0.042014431208372116,0.33793580532073975,0.7144380211830139,-0.06116148456931114,0.4003927707672119,0.6531373262405396,-0.07966658473014832,0.45320072770118713,0.6110274195671082,-0.09563446789979935,0.3443482518196106,0.5739070773124695,-0.02765420824289322,0.3284624218940735,0.44903093576431274,-0.05596446618437767,0.3191324472427368,0.3696248233318329,-0.07289671152830124,0.31224551796913147,0.3017147481441498,-0.08248205482959747,0.39993298053741455,0.5838069319725037,-0.028962960466742516,0.42725205421447754,0.4510844051837921,-0.05826271325349808,0.44805586338043213,0.3682095408439636,-0.0766097903251648,0.4690200090408325,0.29983705282211304,-0.08342813700437546,0.44062092900276184,0.6302184462547302,-0.036095619201660156,0.45331206917762756,0.5965142846107483,-0.08317253738641739,0.4233781397342682,0.6619148254394531,-0.09418089687824249,0.40795645117759705,0.7071293592453003,-0.08608018606901169,0.46709394454956055,0.692297101020813,-0.04631864279508591,0.4708345830440521,0.6690542697906494,-0.08259810507297516,0.43814617395401,0.7173724174499512,-0.08285413682460785,0.41781046986579895,0.7544196844100952,-0.07295514643192291
0.37562981247901917,0.8862127661705017,8.680737551003403e-07,0.33654963970184326,0.8084638118743896,-0.04263962060213089,0.3405104875564575,0.7138862013816833,-0.062321774661540985,0.40262266993522644,0.6529459953308105,-0.08140766620635986,0.45564234256744385,0.6110436916351318,-0.09797990322113037,0.3467710614204407,0.5744178295135498,-0.027007069438695908,0.3306885063648224,0.449273943901062,-0.055720843374729156,0.32139500975608826,0.36971887946128845,-0.07343495637178421,0.31459710001945496,0.3017973005771637,-0.08362437784671783,0.4021855592727661,0.5854312777519226,-0.028109580278396606,0.4294942021369934,0.4520063102245331,-0.05765707790851593,0.4500417709350586,0.36891645193099976,-0.07694011926651001,0.4708143472671509,0.2998160421848297,-0.08457997441291809,0.4428001344203949,0.6325991153717041,-0.03516168147325516,0.45567506551742554,0.5956597328186035,-0.08248339593410492,0.42614609003067017,0.6609995365142822,-0.09384916722774506,0.41097989678382874,0.7064530253410339,-0.08601630479097366,0.4695591926574707,0.6952531337738037,-0.04532111808657646,0.473807692527771,0.6686139106750488,-0.08140385150909424,0.4413972496986389,0.7161227464675903,-0.0814901813864708,0.42110535502433777,0.7526513338088989,-0.07157903909683228
0.37812650203704834,0.8853731751441956,8.366745873900072e-07,0.33908605575561523,0.8098653554916382,-0.03997441381216049,0.34239980578422546,0.7151855826377869,-0.059101685881614685,0.40439674258232117,0.6564050912857056,-0.07802875339984894,0.45763105154037476,0.6175578236579895,-0.09454800933599472,0.34977760910987854,0.5749467611312866,-0.028378767892718315,0.3345293700695038,0.4507758617401123,-0.057145968079566956,0.32554441690444946,0.3722408413887024,-0.07424625754356384,0.3191255033016205,0.3047187328338623,-0.08409042656421661,0.4054551422595978,0.5854604244232178,-0.030931059271097183,0.43362051248550415,0.45376166701316833,-0.06063526123762131,0.4550528824329376,0.37138915061950684,-0.07905000448226929,0.4766089618206024,0.30241134762763977,-0.08626331388950348,0.4458988308906555,0.6315974593162537,-0.038962461054325104,0.4610263705253601,0.5975610017776489,-0.08526849001646042,0.4304759204387665,0.6615929007530212,-0.0954473614692688,0.4137420654296875,0.7060063481330872,-0.08736270666122437,0.47195911407470703,0.6933830976486206,-0.05003398656845093,0.47720760107040405,0.6718754768371582,-0.08547179400920868,0.44392287731170654,0.7182400822639465,-0.0853736624121666,0.42204150557518005,0.7537634968757629,-0.0756501704454422
0.3792176842689514,0.8871036171913147,8.603869900980499e-07,0.34067338705062866,0.8101834654808044,-0.04304571822285652,0.3452547788619995,0.7164537906646729,-0.06365281343460083,0.4069696366786957,0.6570310592651367,-0.08348582684993744,0.45901405811309814,0.6159731149673462,-0.10053196549415588,0.3520464599132538,0.5761370658874512,-0.02983139455318451,0.336090087890625,0.451616108417511,-0.059931445866823196,0.3270496129989624,0.3723152279853821,-0.0779852643609047,0.32073062658309937,0.30474427342414856,-0.0882478728890419,0.4075324535369873,0.587681233882904,-0.031282439827919006,0.43547314405441284,0.45456135272979736,-0.06310377269983292,0.4568130075931549,0.37261125445365906,-0.08301441371440887,0.4787006378173828,0.3036993443965912,-0.09067953377962112,0.4485325217247009,0.6349470019340515,-0.03855264186859131,0.46248069405555725,0.6021487712860107,-0.08716833591461182,0.4318387806415558,0.6670416593551636,-0.09811538457870483,0.41542789340019226,0.7108485102653503,-0.08977871388196945,0.4762914180755615,0.6978273391723633,-0.04900886490941048,0.4831356108188629,0.6741790175437927,-0.0850919783115387,0.4499827027320862,0.7198450565338135,-0.08469667285680771,0.4280286431312561,0.7540439963340759,-0.07445843517780304
0.3812926113605499,0.8883712291717529,8.401441959904332e-07,0.3436049818992615,0.8104463219642639,-0.04104014113545418,0.3480800986289978,0.7151173949241638,-0.05999172106385231,0.41099628806114197,0.6561769247055054,-0.07851935178041458,0.46380603313446045,0.615595281124115,-0.09466825425624847,0.35345277190208435,0.576788604259491,-0.025920847430825233,0.3378937244415283,0.45308929681777954,-0.05426296964287758,0.329149454832077,0.3739142119884491,-0.0716584324836731,0.3229355216026306,0.30709022283554077,-0.08170714974403381,0.4083046019077301,0.5893814563751221,-0.027964897453784943,0.43616169691085815,0.4551618695259094,-0.057440243661403656,0.4577038288116455,0.37313151359558105,-0.07656238228082657,0.479253888130188,0.3050007224082947,-0.08406255394220352,0.4489116072654724,0.6383733153343201,-0.035684067755937576,0.46336960792541504,0.5991047024726868,-0.08272752910852432,0.4327469766139984,0.6632421612739563,-0.09350621700286865,0.4158443212509155,0.7069470882415771,-0.08556168526411057,0.47595471143722534,0.7032874226570129,-0.046338990330696106,0.481423944234848,0.6746843457221985,-0.08259334415197372,0.448228120803833,0.7216393947601318,-0.08209379017353058,0.4266680181026459,0.756914496421814,-0.07184659689664841
0.3825567662715912,0.8866163492202759,8.338228667525982e-07,0.3453194499015808,0.8098656535148621,-0.04027499258518219,0.3492905795574188,0.7161598205566406,-0.06020282581448555,0.4111422598361969,0.65848708152771,-0.07992705702781677,0.4640807807445526,0.6176127791404724,-0.09727416187524796,0.3562280535697937,0.5769798159599304,-0.028563618659973145,0.3412071764469147,0.4534893035888672,-0.057961370795965195,0.3327348232269287,0.37445712089538574,-0.07568694651126862,0.3267914056777954,0.30692747235298157,-0.08595453947782516,0.4107578694820404,0.5884317755699158,-0.031292010098695755,0.4393242597579956,0.45629507303237915,-0.06151210889220238,0.4611760377883911,0.3747505247592926,-0.0806134045124054,0.48283761739730835,0.30636993050575256,-0.08834979683160782,0.45092353224754333,0.6355209946632385,-0.03953162953257561,0.4655386805534363,0.6007865071296692,-0.08599426597356796,0.4348171055316925,0.6639426350593567,-0.0964350774884224,0.4178440570831299,0.7065175175666809,-0.08878245949745178,0.4777938425540924,0.6984889507293701,-0.0507778562605381,0.48296788334846497,0.6749211549758911,-0.08564182370901108,0.4497946500778198,0.7207947373390198,-0.08510982245206833,0.4280836880207062,0.7545046210289001,-0.07540407031774521
0.38371971249580383,0.8883402347564697,8.477406368001539e-07,0.34562793374061584,0.8110072612762451,-0.0406823493540287,0.3509007394313812,0.716497004032135,-0.0600842721760273,0.41435152292251587,0.6584724187850952,-0.07918964326381683,0.4666377305984497,0.6179949641227722,-0.09606016427278519,0.3578803837299347,0.5780707597732544,-0.027664443477988243,0.34390559792518616,0.4542895555496216,-0.056616876274347305,0.3357961177825928,0.3750532865524292,-0.07448858767747879,0.32972851395606995,0.3075910806655884,-0.08490197360515594,0.4124526083469391,0.5903745889663696,-0.030009932816028595,0.4419878423213959,0.4576267898082733,-0.05966890975832939,0.4641876816749573,0.37550657987594604,-0.07886834442615509,0.48582664132118225,0.3073950707912445,-0.08667445927858353,0.4523283541202545,0.6386858224868774,-0.03793833777308464,0.46680182218551636,0.6010553240776062,-0.08416511863470078,0.43633249402046204,0.6640071868896484,-0.09486928582191467,0.4197074770927429,0.7071722745895386,-0.08732368797063828,0.478564977645874,0.7026249170303345,-0.04886157065629959,0.4837646186351776,0.6753785610198975,-0.08405580371618271,0.45095738768577576,0.7216854691505432,-0.0835951715707779,0.4298422336578369,0.7564293146133423,-0.07375521212816238
0.3845518231391907,0.8874462246894836,8.364667110072332e-07,0.3464815616607666,0.8111493587493896,-0.041846584528684616,0.3520900309085846,0.716331422328949,-0.061393436044454575,0.41611066460609436,0.6583618521690369,-0.0802544355392456,0.4689512848854065,0.6181523203849792,-0.09676133096218109,0.35933732986450195,0.5788516998291016,-0.0282765980809927,0.34564924240112305,0.4556388854980469,-0.05730954930186272,0.33767983317375183,0.37661781907081604,-0.07503499835729599,0.3319205939769745,0.3093252182006836,-0.08537904918193817,0.41359126567840576,0.5904765725135803,-0.030018743127584457,0.442384272813797,0.4583868384361267,-0.06018071249127388,0.46454691886901855,0.37743768095970154,-0.0792829617857933,0.486372172832489,0.30954813957214355,-0.08684058487415314,0.4532189965248108,0.6376768946647644,-0.03749699145555496,0.4685545563697815,0.6014533042907715,-0.0848449096083641,0.4391617178916931,0.6664264798164368,-0.0954785868525505,0.42303144931793213,0.7097464203834534,-0.08754274249076843,0.4795803725719452,0.7008068561553955,-0.04803202673792839,0.48568499088287354,0.6744027137756348,-0.08422105014324188,0.4540237486362457,0.722783625125885,-0.0838942676782608,0.4335991144180298,0.7577298283576965,-0.07398853451013565
0.38527294993400574,0.8872473239898682,8.550094321435608e-07,0.3486504554748535,0.811898946762085,-0.0437704399228096,0.3538225293159485,0.7186897397041321,-0.06413685530424118,0.41681864857673645,0.6603885889053345,-0.08343032747507095,0.46934008598327637,0.6189269423484802,-0.10025276243686676,0.35945191979408264,0.578624963760376,-0.029163027182221413,0.34546852111816406,0.455764502286911,-0.05829603597521782,0.3375006914138794,0.376716673374176,-0.07646051794290543,0.3318694233894348,0.30968061089515686,-0.08719803392887115,0.4133741855621338,0.590562641620636,-0.029841646552085876,0.4422938823699951,0.4585590958595276,-0.059715818613767624,0.46490129828453064,0.37817540764808655,-0.07907458394765854,0.48684123158454895,0.310566246509552,-0.08705119043588638,0.4525357484817505,0.6381195783615112,-0.036469537764787674,0.468462735414505,0.6012805104255676,-0.08339918404817581,0.4393092393875122,0.6653832793235779,-0.0945739895105362,0.4228470027446747,0.7083075046539307,-0.08731992542743683,0.4782446026802063,0.7012466192245483,-0.046337999403476715,0.48533010482788086,0.6751900315284729,-0.08233404159545898,0.45390111207962036,0.7225694060325623,-0.08263754844665527,0.43326354026794434,0.7567469477653503,-0.07340306043624878
0.3832917809486389,0.8847029209136963,8.504586048729834e-07,0.3470221161842346,0.8091478943824768,-0.042491164058446884,0.3510715663433075,0.7165850400924683,-0.06276920437812805,0.4134577214717865,0.6591783165931702,-0.08225274085998535,0.46570873260498047,0.6190317869186401,-0.09937826544046402,0.3566645383834839,0.577415943145752,-0.029462935402989388,0.341503769159317,0.45487189292907715,-0.058779869228601456,0.33286863565444946,0.37634727358818054,-0.07667636126279831,0.32681208848953247,0.309798926115036,-0.08708154410123825,0.41074836254119873,0.589046061038971,-0.03083062916994095,0.43966320157051086,0.4577811360359192,-0.06143562123179436,0.4619935154914856,0.37700358033180237,-0.08079377561807632,0.48336780071258545,0.30930212140083313,-0.08843708038330078,0.4505172073841095,0.6363451480865479,-0.0379120334982872,0.4653085470199585,0.6008319854736328,-0.08546487987041473,0.4360528886318207,0.665321409702301,-0.09641198068857193,0.41947242617607117,0.7080856561660767,-0.08864912390708923,0.47728389501571655,0.6998404264450073,-0.04805399477481842,0.4840345084667206,0.6736617088317871,-0.08430485427379608,0.4519128203392029,0.7214581966400146,-0.08413667231798172,0.4304061532020569,0.756412148475647,-0.07428974658250809
0.38350188732147217,0.887317419052124,8.619788331998279e-07,0.34645551443099976,0.8111940622329712,-0.043267618864774704,0.3499264121055603,0.7179482579231262,-0.06339327245950699,0.4119822382926941,0.6588047742843628,-0.08249012380838394,0.4646722674369812,0.6181992292404175,-0.09909579902887344,0.3556568920612335,0.5785002112388611,-0.028566693887114525,0.3403816521167755,0.45550286769866943,-0.05745925381779671,0.3319908678531647,0.37646839022636414,-0.07527481764554977,0.3258174657821655,0.30970287322998047,-0.08556170761585236,0.41014716029167175,0.5908734202384949,-0.02944152243435383,0.43878263235092163,0.4576717019081116,-0.05925194174051285,0.4608769416809082,0.37600013613700867,-0.07823789864778519,0.4822877049446106,0.308203786611557,-0.08561064302921295,0.450288325548172,0.6394116878509521,-0.03619519993662834,0.4650450646877289,0.6008113026618958,-0.08351079374551773,0.43566426634788513,0.6645572185516357,-0.09455306082963943,0.41945257782936096,0.7082968354225159,-0.08673834800720215,0.4770275354385376,0.7035104036331177,-0.04605561122298241,0.48280707001686096,0.6756376624107361,-0.08261710405349731,0.45034873485565186,0.7228975892066956,-0.08257897198200226,0.429158478975296,0.7585570812225342,-0.07261181622743607
0.38276219367980957,0.8868566155433655,8.515501122019487e-07,0.34561169147491455,0.8103047013282776,-0.04147305712103844,0.3492308259010315,0.7165906429290771,-0.0611821785569191,0.41119784116744995,0.6582214832305908,-0.0803617462515831,0.4634503722190857,0.6180269718170166,-0.09721776843070984,0.3539108633995056,0.5782382488250732,-0.02805417589843273,0.33774256706237793,0.4545946717262268,-0.05694277212023735,0.3286662697792053,0.37554052472114563,-0.07459112256765366,0.3220407962799072,0.3085482120513916,-0.08477634191513062,0.40846431255340576,0.5901439785957336,-0.02991662546992302,0.4368704855442047,0.45694196224212646,-0.06003778800368309,0.4586411118507385,0.37517932057380676,-0.07934816181659698,0.4798769950866699,0.3069133460521698,-0.08694539219141006,0.4487955868244171,0.6379492878913879,-0.037377383559942245,0.46323877573013306,0.5991865396499634,-0.08459578454494476,0.433840274810791,0.6634870171546936,-0.09536170214414597,0.41767799854278564,0.7070154547691345,-0.08738573640584946,0.47595325112342834,0.7019770741462708,-0.04777374118566513,0.48206067085266113,0.6732212901115417,-0.08347661048173904,0.4496602416038513,0.7202707529067993,-0.08271245658397675,0.42847588658332825,0.7556410431861877,-0.0723934918642044
0.38261011242866516,0.8873505592346191,8.593452776040067e-07,0.3456578552722931,0.8108239769935608,-0.042495183646678925,0.3486202657222748,0.7182378768920898,-0.0629337951540947,0.4103430211544037,0.6596147418022156,-0.0826161652803421,0.46248406171798706,0.6175107359886169,-0.09981130808591843,0.35274994373321533,0.5782928466796875,-0.02907661348581314,0.33771100640296936,0.45437222719192505,-0.05850248783826828,0.3292670249938965,0.3752504289150238,-0.07645682990550995,0.3230419158935547,0.308174729347229,-0.08671604096889496,0.40770676732063293,0.5901517271995544,-0.03044051118195057,0.43610450625419617,0.45724284648895264,-0.060667265206575394,0.45792505145072937,0.37556731700897217,-0.07973664253950119,0.4794006645679474,0.30718597769737244,-0.08715444803237915,0.4485369920730591,0.6378685235977173,-0.037564657628536224,0.46294814348220825,0.6005556583404541,-0.08503957837820053,0.4332294762134552,0.6650399565696716,-0.09570832550525665,0.4169158339500427,0.708720862865448,-0.08761470764875412,0.4760701656341553,0.7017134428024292,-0.04772398620843887,0.4819643795490265,0.6745954155921936,-0.08377021551132202,0.44929784536361694,0.721549928188324,-0.08313077688217163,0.42776086926460266,0.7567851543426514,-0.07280124723911285
0.3806055784225464,0.885087251663208,8.601737135904841e-07,0.3440551459789276,0.81010502576828,-0.04153215512633324,0.34670495986938477,0.7161222100257874,-0.06154930964112282,0.40849214792251587,0.6578485369682312,-0.08097492903470993,0.4612751603126526,0.6180005669593811,-0.09811199456453323,0.35155361890792847,0.5775436162948608,-0.029045406728982925,0.33602648973464966,0.45355552434921265,-0.058234747499227524,0.32744741439819336,0.3747684061527252,-0.0758202075958252,0.3211679756641388,0.3081386983394623,-0.08595553785562515,0.40585389733314514,0.5885831713676453,-0.030881820246577263,0.4353013038635254,0.4557843506336212,-0.061117369681596756,0.4573667645454407,0.3738536536693573,-0.0802546888589859,0.4786277115345001,0.30507102608680725,-0.08778317272663116,0.4458351135253906,0.6356043815612793,-0.038285452872514725,0.460762619972229,0.5981959700584412,-0.085429348051548,0.431045264005661,0.6622439026832581,-0.09656869620084763,0.4146633446216583,0.7058101892471313,-0.08903495967388153,0.4727083444595337,0.6989257335662842,-0.04865236207842827,0.4781058728694916,0.6745901107788086,-0.08513575792312622,0.44575607776641846,0.721660315990448,-0.08551083505153656,0.42486825585365295,0.7565503716468811,-0.07598003000020981
0.3812607228755951,0.8868623971939087,8.650118843434029e-07,0.3428677022457123,0.8106386661529541,-0.042607203125953674,0.3456995189189911,0.7173649668693542,-0.06257876753807068,0.40816637873649597,0.6583985090255737,-0.08162079006433487,0.4603714346885681,0.6172702312469482,-0.09808392077684402,0.3498479127883911,0.5781115293502808,-0.028937920928001404,0.3335927128791809,0.4532378315925598,-0.057852089405059814,0.3245076537132263,0.3741019368171692,-0.07531581073999405,0.3178551197052002,0.30692338943481445,-0.0852537676692009,0.40497300028800964,0.5888832807540894,-0.02987702190876007,0.4329017996788025,0.4553692936897278,-0.05964899808168411,0.4547203481197357,0.3734409213066101,-0.07850895822048187,0.4759988486766815,0.3051108717918396,-0.08571933209896088,0.44571560621261597,0.635521650314331,-0.03659684211015701,0.4598296880722046,0.6004262566566467,-0.08301934599876404,0.4316443204879761,0.6631934642791748,-0.0942150428891182,0.41618502140045166,0.7059105634689331,-0.08669190108776093,0.4733383059501648,0.6978135108947754,-0.046460025012493134,0.47907984256744385,0.6743636727333069,-0.08138561248779297,0.4476679563522339,0.7200202941894531,-0.08141680061817169,0.42720937728881836,0.7537031769752502,-0.07181354612112045
0.353446364402771,0.8805540800094604,8.810949339022045e-07,0.3113694190979004,0.8087233304977417,-0.04275646060705185,0.3113202154636383,0.7141071557998657,-0.06307246536016464,0.3730669617652893,0.655207097530365,-0.08259040862321854,0.4252811074256897,0.6143114566802979,-0.09959076344966888,0.31685373187065125,0.5726732015609741,-0.030374404042959213,0.29568231105804443,0.44767552614212036,-0.059094008058309555,0.2827351689338684,0.36815449595451355,-0.07652264833450317,0.27257010340690613,0.300200492143631,-0.08676443248987198,0.37141647934913635,0.5802695155143738,-0.03168622776865959,0.3966503441333771,0.44503164291381836,-0.06082916259765625,0.4156343936920166,0.36054307222366333,-0.07938134670257568,0.43434447050094604,0.2891339063644409,-0.08690722286701202,0.41120022535324097,0.6239988207817078,-0.03885473683476448,0.423880398273468,0.5888150334358215,-0.0840362086892128,0.39685896039009094,0.6533260941505432,-0.09508538991212845,0.38227027654647827,0.696241021156311,-0.08810506016016006,0.438429057598114,0.6833800077438354,-0.04940825328230858,0.4444843828678131,0.6606737375259399,-0.08311040699481964,0.4141465127468109,0.709062397480011,-0.08327402174472809,0.3944140374660492,0.7439022064208984,-0.07451914250850677
0.3635524809360504,0.8804721832275391,8.641528097541595e-07,0.3231945037841797,0.8075233101844788,-0.04375353828072548,0.32525908946990967,0.7163308262825012,-0.06461454927921295,0.3862072229385376,0.6578863263130188,-0.08425700664520264,0.4362208843231201,0.6159229874610901,-0.10093816369771957,0.33028480410575867,0.5768737196922302,-0.03207968547940254,0.31149739027023315,0.45396876335144043,-0.06187418848276138,0.2995852828025818,0.3756679594516754,-0.07990934699773788,0.2908046543598175,0.3082374036312103,-0.09037148207426071,0.38484901189804077,0.584895133972168,-0.03282320871949196,0.4092901349067688,0.4537348449230194,-0.06279927492141724,0.42898595333099365,0.37200838327407837,-0.0812375545501709,0.44885796308517456,0.302543580532074,-0.08843770623207092,0.4250330924987793,0.628143310546875,-0.03955937549471855,0.4404158294200897,0.5990511775016785,-0.08481382578611374,0.4139772057533264,0.6629005074501038,-0.09466009587049484,0.39863044023513794,0.704079806804657,-0.08671264350414276,0.4527047872543335,0.6873531341552734,-0.049921922385692596,0.4642334580421448,0.668894350528717,-0.08251408487558365,0.435364693403244,0.7148821353912354,-0.08173496276140213,0.41526657342910767,0.7468057870864868,-0.07233256101608276
0.36545974016189575,0.8780536651611328,8.503881758770149e-07,0.3270769715309143,0.806448757648468,-0.04343089461326599,0.3298783302307129,0.7148892879486084,-0.06256787478923798,0.3907618820667267,0.6559067964553833,-0.08018017560243607,0.44006767868995667,0.6156682372093201,-0.095241978764534,0.3329373598098755,0.5784814357757568,-0.02947220578789711,0.31392702460289,0.4576595425605774,-0.056470926851034164,0.30280420184135437,0.3813209533691406,-0.07255291193723679,0.29447484016418457,0.3163321912288666,-0.08168669790029526,0.3861951231956482,0.5869976878166199,-0.028938163071870804,0.4110397696495056,0.45686590671539307,-0.056934766471385956,0.43051016330718994,0.3770248591899872,-0.07458889484405518,0.44970276951789856,0.3100261986255646,-0.0811421126127243,0.4252030849456787,0.6302741765975952,-0.034204546362161636,0.44005313515663147,0.5982785820960999,-0.07899022847414017,0.41392773389816284,0.6605560183525085,-0.0906200110912323,0.399021178483963,0.7012003064155579,-0.08380310982465744,0.45204055309295654,0.6886132955551147,-0.04270729795098305,0.4609980881214142,0.6676629185676575,-0.07699403166770935,0.43172943592071533,0.714981198310852,-0.07805647701025009,0.4118787944316864,0.7489998936653137,-0.06951890885829926
0.38031500577926636,0.8811047673225403,8.540769727005681e-07,0.34509938955307007,0.8089933395385742,-0.04364825412631035,0.3500165641307831,0.7194919586181641,-0.06296392530202866,0.40922731161117554,0.6603578925132751,-0.08054628223180771,0.4574306011199951,0.618003785610199,-0.0953991562128067,0.350149542093277,0.581580400466919,-0.029024062678217888,0.33354872465133667,0.4605943560600281,-0.05640088766813278,0.32411468029022217,0.3837810754776001,-0.07286779582500458,0.3172190189361572,0.31854352355003357,-0.08219430595636368,0.40306225419044495,0.5901626348495483,-0.02787819132208824,0.43028929829597473,0.4617300033569336,-0.05647645518183708,0.4521668553352356,0.3827190399169922,-0.07451294362545013,0.47231775522232056,0.3169926106929779,-0.08119545131921768,0.44125819206237793,0.6331133246421814,-0.032556962221860886,0.4558487832546234,0.6020451188087463,-0.07785750925540924,0.43089160323143005,0.6640258431434631,-0.08945610374212265,0.4162736237049103,0.7051900029182434,-0.08253137022256851,0.4668780565261841,0.6899805665016174,-0.0404382199048996,0.4734998047351837,0.6714065074920654,-0.075351282954216,0.44531238079071045,0.7187647819519043,-0.07672899961471558,0.42671990394592285,0.7526430487632751,-0.06819313764572144
0.37879127264022827,0.8825883269309998,8.743113539821934e-07,0.34339118003845215,0.8097200393676758,-0.045236360281705856,0.3482123911380768,0.7199916243553162,-0.06495431810617447,0.4081445634365082,0.6608121395111084,-0.08280771970748901,0.4571402668952942,0.6199773550033569,-0.0978734940290451,0.34861883521080017,0.5817368030548096,-0.028800416737794876,0.3322394788265228,0.4607885479927063,-0.05616204813122749,0.32324182987213135,0.38342708349227905,-0.07303283363580704,0.31641364097595215,0.31804367899894714,-0.08261854946613312,0.4017637372016907,0.5908074378967285,-0.02714223973453045,0.42841294407844543,0.4614664912223816,-0.055181704461574554,0.4500684142112732,0.38200947642326355,-0.0731758400797844,0.470520555973053,0.31607481837272644,-0.07991084456443787,0.4402453899383545,0.634635865688324,-0.03163192793726921,0.4564492702484131,0.6019018292427063,-0.07662372291088104,0.4315435588359833,0.6647688150405884,-0.08811986446380615,0.417033851146698,0.7064039707183838,-0.08101890236139297,0.46591275930404663,0.6928828954696655,-0.039505429565906525,0.47432050108909607,0.6711689233779907,-0.07360464334487915,0.44609424471855164,0.718286395072937,-0.07440666109323502,0.42703142762184143,0.7518635988235474,-0.06556300073862076
0.3768061101436615,0.884055495262146,8.790444780970574e-07,0.34037962555885315,0.8104861974716187,-0.044531695544719696,0.3457913398742676,0.7189610600471497,-0.06383941322565079,0.4071521759033203,0.6593307852745056,-0.08148729056119919,0.45625215768814087,0.6186839938163757,-0.09647136181592941,0.3464668095111847,0.5830384492874146,-0.02871381863951683,0.32967275381088257,0.4612216055393219,-0.056610025465488434,0.32018759846687317,0.3837372660636902,-0.07332740724086761,0.31276342272758484,0.31821539998054504,-0.08259594440460205,0.3996335566043854,0.5918214917182922,-0.027563543990254402,0.42642855644226074,0.4613944888114929,-0.05646573007106781,0.4482968747615814,0.3812294602394104,-0.0744650661945343,0.4689050316810608,0.3147519826889038,-0.0807415097951889,0.4384921193122864,0.6358379125595093,-0.03248774632811546,0.4530569911003113,0.6048434972763062,-0.0780593603849411,0.42770519852638245,0.6688840985298157,-0.08910471200942993,0.4134565591812134,0.7102011442184448,-0.0812855139374733,0.46426838636398315,0.6943610906600952,-0.0407642126083374,0.47079139947891235,0.6739962697029114,-0.07489673048257828,0.4423505663871765,0.7219842076301575,-0.07507462054491043,0.4240998923778534,0.7550138235092163,-0.06556009501218796
0.3767167925834656,0.8853356838226318,8.850551580508181e-07,0.33906498551368713,0.8093818426132202,-0.04569734260439873,0.3434549570083618,0.7176581025123596,-0.06518083810806274,0.4049157202243805,0.6585322022438049,-0.08282183855772018,0.4546651840209961,0.6193863749504089,-0.09779403358697891,0.34448790550231934,0.5815224647521973,-0.028021996840834618,0.32710134983062744,0.4599623680114746,-0.055794794112443924,0.3176190257072449,0.38247573375701904,-0.0728771984577179,0.31005045771598816,0.3170129954814911,-0.08232813328504562,0.39743196964263916,0.591746985912323,-0.026505151763558388,0.4230291247367859,0.4606979489326477,-0.055151574313640594,0.4441038966178894,0.3809965252876282,-0.07340764254331589,0.46421125531196594,0.31496161222457886,-0.07977690547704697,0.43637406826019287,0.6370260715484619,-0.031305283308029175,0.45056530833244324,0.6056193113327026,-0.0771554708480835,0.4257993996143341,0.669363260269165,-0.0886543020606041,0.4121987223625183,0.7096797227859497,-0.08087300509214401,0.46245142817497253,0.6967933177947998,-0.03949063643813133,0.4696495532989502,0.6718159914016724,-0.07277722656726837,0.44221770763397217,0.7190532684326172,-0.07203473150730133,0.42483940720558167,0.7514885663986206,-0.06195567548274994
0.3736836016178131,0.8841075897216797,8.799535180514795e-07,0.33669570088386536,0.8106799125671387,-0.04462674260139465,0.341397225856781,0.7191969156265259,-0.0641874149441719,0.40250733494758606,0.6604313254356384,-0.08208467811346054,0.4514651596546173,0.6195064187049866,-0.09728553891181946,0.34197208285331726,0.5817679762840271,-0.02904520370066166,0.32454296946525574,0.45934879779815674,-0.056983400136232376,0.31484708189964294,0.38186872005462646,-0.07382351905107498,0.30737507343292236,0.3161391615867615,-0.08329824358224869,0.3950574994087219,0.590550422668457,-0.028039749711751938,0.4213864803314209,0.46010899543762207,-0.056517064571380615,0.4428209066390991,0.38013553619384766,-0.07445730268955231,0.4630793333053589,0.3126924932003021,-0.08098457753658295,0.43400996923446655,0.6342415809631348,-0.03317951411008835,0.44905686378479004,0.6045382618904114,-0.07771513611078262,0.42409759759902954,0.667860209941864,-0.08885721862316132,0.4098576605319977,0.7072001099586487,-0.08168433606624603,0.46066826581954956,0.6926095485687256,-0.04179965332150459,0.4681464433670044,0.6749731302261353,-0.07471246272325516,0.44018086791038513,0.722476065158844,-0.07500448077917099,0.4219955801963806,0.7535598874092102,-0.06613403558731079
0.37514421343803406,0.8838362693786621,8.854992756823776e-07,0.33651190996170044,0.8110454082489014,-0.045584216713905334,0.3399543762207031,0.720150351524353,-0.0655902549624443,0.4011361598968506,0.6606309413909912,-0.08365408331155777,0.45050308108329773,0.6189103722572327,-0.0989484190940857,0.3412703573703766,0.5811108350753784,-0.030573418363928795,0.32312530279159546,0.4583839178085327,-0.05878860875964165,0.31322407722473145,0.3804924786090851,-0.07553576678037643,0.30565345287323,0.31469491124153137,-0.08475042134523392,0.39508339762687683,0.5905143022537231,-0.029453495517373085,0.420448899269104,0.4588838815689087,-0.058576080948114395,0.44135403633117676,0.37838199734687805,-0.07635930925607681,0.4614673852920532,0.3112424910068512,-0.08240886777639389,0.434765487909317,0.6352815628051758,-0.03453235328197479,0.4484598934650421,0.605880618095398,-0.08084790408611298,0.4228163957595825,0.6702285408973694,-0.09211701154708862,0.4086180329322815,0.7100197076797485,-0.08428900688886642,0.4617798924446106,0.6946531534194946,-0.04297228157520294,0.46889162063598633,0.6730268597602844,-0.07706195116043091,0.440812349319458,0.7209517955780029,-0.07679584622383118,0.42241743206977844,0.7529119253158569,-0.06708735972642899
0.36819303035736084,0.8814737796783447,8.798637054496794e-07,0.3297097682952881,0.8112350106239319,-0.044212456792593,0.3328598439693451,0.719448447227478,-0.06451177597045898,0.39506566524505615,0.6615311503410339,-0.08337917178869247,0.4454590678215027,0.6207969784736633,-0.0999191626906395,0.3380851149559021,0.5802158117294312,-0.03187045082449913,0.32002201676368713,0.4571673274040222,-0.06093226373195648,0.3094788193702698,0.37931400537490845,-0.07820548117160797,0.30120521783828735,0.3128485679626465,-0.08811523020267487,0.3920695185661316,0.5886657238006592,-0.03199678659439087,0.41901418566703796,0.4570828974246979,-0.06216499209403992,0.43955597281455994,0.37543728947639465,-0.08122275769710541,0.45937108993530273,0.30634284019470215,-0.08858028799295425,0.4313673973083496,0.632654070854187,-0.03794713690876961,0.4441329538822174,0.6030992269515991,-0.08449094742536545,0.41676077246665955,0.6671572923660278,-0.09670807421207428,0.4020357131958008,0.7083302736282349,-0.09010526537895203,0.45823052525520325,0.6917416453361511,-0.047205545008182526,0.4629504680633545,0.6754237413406372,-0.08298579603433609,0.43270549178123474,0.7245509624481201,-0.08457844704389572,0.41326233744621277,0.758369505405426,-0.0762711688876152
0.36940374970436096,0.883922815322876,8.573905461162212e-07,0.3301393687725067,0.8110487461090088,-0.04380875080823898,0.33391305804252625,0.7183750867843628,-0.0636603832244873,0.39548128843307495,0.6601563692092896,-0.08202028274536133,0.4453834593296051,0.6201381087303162,-0.09778116643428802,0.3373822867870331,0.5796461701393127,-0.03078307956457138,0.31925371289253235,0.4566958248615265,-0.05938325449824333,0.30828991532325745,0.3784674406051636,-0.07667481154203415,0.30001622438430786,0.311730295419693,-0.08662156760692596,0.39147719740867615,0.5889248251914978,-0.030787214636802673,0.4170122444629669,0.4568750560283661,-0.05998599901795387,0.4378319978713989,0.37523481249809265,-0.07869413495063782,0.4578954577445984,0.30632421374320984,-0.086016945540905,0.43066975474357605,0.6334826946258545,-0.03659144416451454,0.44396042823791504,0.6011329889297485,-0.0819002091884613,0.4180871248245239,0.6631566286087036,-0.09347628057003021,0.403146356344223,0.7038906812667847,-0.0867319256067276,0.456890732049942,0.6926498413085938,-0.04575755074620247,0.46294817328453064,0.6730915904045105,-0.08002924174070358,0.4337421655654907,0.7196287512779236,-0.08080801367759705,0.4142146110534668,0.7525275945663452,-0.07216493040323257
0.3666638731956482,0.8844025135040283,8.780868370195094e-07,0.3287185728549957,0.8110352754592896,-0.04429915174841881,0.33241090178489685,0.7191992998123169,-0.064866803586483,0.3930046260356903,0.6601473689079285,-0.08409243077039719,0.44349753856658936,0.6202042102813721,-0.10063409060239792,0.33525052666664124,0.5801430940628052,-0.031074125319719315,0.3160163164138794,0.4557715654373169,-0.060528937727212906,0.30461353063583374,0.37669432163238525,-0.07823266834020615,0.29607293009757996,0.3095793128013611,-0.08822289109230042,0.3889578580856323,0.5893176794052124,-0.031057393178343773,0.4144013822078705,0.455957293510437,-0.06111504137516022,0.43463099002838135,0.37407854199409485,-0.08003783971071243,0.4544249475002289,0.3049744665622711,-0.08710996061563492,0.4283669590950012,0.6335465312004089,-0.03691856563091278,0.4409458339214325,0.6021535992622375,-0.08274263143539429,0.4148648977279663,0.6653730869293213,-0.09377390891313553,0.4008800685405731,0.7065399885177612,-0.08620774745941162,0.455244779586792,0.6928410530090332,-0.04622229188680649,0.46062320470809937,0.6740583181381226,-0.07981182634830475,0.4311177134513855,0.7214581966400146,-0.07957469671964645,0.41240546107292175,0.7546019554138184,-0.07005968689918518
0.3660483658313751,0.8863559365272522,8.625967211628449e-07,0.32669228315353394,0.8121405243873596,-0.04328931123018265,0.330142080783844,0.7191410064697266,-0.06289990991353989,0.3922369182109833,0.660938024520874,-0.08132018148899078,0.443175733089447,0.6212766170501709,-0.09714041650295258,0.3336164951324463,0.5803775787353516,-0.029036644846200943,0.3141844868659973,0.4558021128177643,-0.057568278163671494,0.3026759922504425,0.377013623714447,-0.07489375025033951,0.29424089193344116,0.30996954441070557,-0.08477088063955307,0.38813045620918274,0.5898354649543762,-0.029375016689300537,0.4130820035934448,0.45628851652145386,-0.05878659337759018,0.4333830177783966,0.37374043464660645,-0.07795970886945724,0.45357632637023926,0.30416950583457947,-0.08542626351118088,0.42802953720092773,0.6343868970870972,-0.035555943846702576,0.4409172534942627,0.60206538438797,-0.08114869892597198,0.41445204615592957,0.6645503640174866,-0.09291370213031769,0.399831086397171,0.7059392929077148,-0.08600697666406631,0.4553022086620331,0.693640410900116,-0.04507763311266899,0.46110284328460693,0.6744320392608643,-0.07920445501804352,0.4315347373485565,0.721653163433075,-0.07968219369649887,0.4123847186565399,0.7553638815879822,-0.07068108022212982
0.36572539806365967,0.885360836982727,8.56090366596618e-07,0.32665616273880005,0.8108705878257751,-0.042155854403972626,0.32865476608276367,0.7184162735939026,-0.062148306518793106,0.3898555338382721,0.6603814959526062,-0.08124566823244095,0.44167837500572205,0.6210624575614929,-0.09785951673984528,0.3325001001358032,0.5793939828872681,-0.03004157729446888,0.3136366009712219,0.4549519717693329,-0.0587664358317852,0.3025788366794586,0.37645402550697327,-0.075857013463974,0.2944343686103821,0.30976036190986633,-0.08551202714443207,0.3870586156845093,0.589352548122406,-0.03126557916402817,0.412167489528656,0.45533478260040283,-0.06068843603134155,0.4318549633026123,0.37314993143081665,-0.07938307523727417,0.45155808329582214,0.3036140501499176,-0.08656208217144012,0.42734864354133606,0.6345040202140808,-0.03812028840184212,0.4396701753139496,0.6021566987037659,-0.08364994823932648,0.4121584892272949,0.6640586256980896,-0.09519360214471817,0.39726880192756653,0.7048594951629639,-0.0881938710808754,0.4545968174934387,0.6949452757835388,-0.04815690219402313,0.4598340690135956,0.673998236656189,-0.08185014128684998,0.42947641015052795,0.7199854850769043,-0.08186665922403336,0.409804105758667,0.7535632848739624,-0.07266014069318771
0.3658144772052765,0.8851051330566406,8.53421568081103e-07,0.3266170024871826,0.8125523924827576,-0.04142134636640549,0.3286452889442444,0.7199828624725342,-0.061077214777469635,0.3890015184879303,0.6616167426109314,-0.07995355874300003,0.43966153264045715,0.6211049556732178,-0.09633798897266388,0.3327740728855133,0.5793866515159607,-0.030175697058439255,0.31386399269104004,0.4547385573387146,-0.05867401137948036,0.30273330211639404,0.37649720907211304,-0.07535476982593536,0.2942536473274231,0.30967018008232117,-0.08473271131515503,0.38732007145881653,0.5891222953796387,-0.03179657831788063,0.41279131174087524,0.45521122217178345,-0.06112419068813324,0.4328550100326538,0.3725721538066864,-0.07969964295625687,0.45288366079330444,0.30251315236091614,-0.08687184005975723,0.4274658262729645,0.6342170238494873,-0.03890247270464897,0.4397018253803253,0.6025088429450989,-0.08413249254226685,0.41159504652023315,0.664673924446106,-0.09540829062461853,0.39631888270378113,0.7059595584869385,-0.08837590366601944,0.45472264289855957,0.6943259835243225,-0.04915444180369377,0.45960623025894165,0.6758913993835449,-0.08273205161094666,0.42906227707862854,0.721847414970398,-0.08278470486402512,0.40941253304481506,0.7552698850631714,-0.07365388423204422
0.3657485246658325,0.8844271302223206,8.545682703697821e-07,0.326240599155426,0.8127678632736206,-0.042255476117134094,0.32807227969169617,0.7202515602111816,-0.0623636431992054,0.3887944221496582,0.6619085669517517,-0.08143871277570724,0.4394018352031708,0.6206441521644592,-0.09798247367143631,0.33287566900253296,0.5792858600616455,-0.03146950528025627,0.3143318295478821,0.45503395795822144,-0.060357384383678436,0.3032844364643097,0.3764999508857727,-0.07732351869344711,0.29515525698661804,0.30948737263679504,-0.08702690154314041,0.3874126374721527,0.588505208492279,-0.03287900611758232,0.4129474461078644,0.4547482430934906,-0.06298978626728058,0.43327704071998596,0.37208905816078186,-0.08184675127267838,0.4534166753292084,0.30180028080940247,-0.08920852839946747,0.42741748690605164,0.6331111788749695,-0.039810970425605774,0.4404456913471222,0.6002923250198364,-0.08597701787948608,0.41262516379356384,0.6634112000465393,-0.09720105677843094,0.39703765511512756,0.7049268484115601,-0.09007304161787033,0.45462754368782043,0.6930614709854126,-0.049911078065633774,0.4600515365600586,0.6729993224143982,-0.08460155874490738,0.42969751358032227,0.7201712131500244,-0.08485095202922821,0.40972885489463806,0.7541186809539795,-0.07577651739120483
0.3668585419654846,0.8853334188461304,8.544967045054364e-07,0.32653969526290894,0.8124618530273438,-0.042027901858091354,0.32911980152130127,0.7190021276473999,-0.061613257974386215,0.3908107876777649,0.6617608070373535,-0.08020282536745071,0.4418484568595886,0.6222506165504456,-0.09627441316843033,0.33440810441970825,0.5796283483505249,-0.03038058802485466,0.3156163692474365,0.4550010859966278,-0.05890875682234764,0.30429649353027344,0.37644869089126587,-0.07572891563177109,0.29582616686820984,0.30927571654319763,-0.0853576809167862,0.38910943269729614,0.5885804891586304,-0.03167823329567909,0.4143342673778534,0.45508167147636414,-0.0610416978597641,0.43428272008895874,0.37250852584838867,-0.07975843548774719,0.4543452262878418,0.30253586173057556,-0.08709757030010223,0.4291151165962219,0.6329163312911987,-0.03857365623116493,0.44151559472084045,0.6022937297821045,-0.0837322250008583,0.4134654998779297,0.6644939184188843,-0.09511788189411163,0.39793282747268677,0.7054513692855835,-0.08829628676176071,0.4563657343387604,0.6923700571060181,-0.048746608197689056,0.46159011125564575,0.6750853061676025,-0.08258593082427979,0.43169453740119934,0.7219665050506592,-0.08306105434894562,0.41250401735305786,0.7553942203521729,-0.07431022077798843
0.36761006712913513,0.8850033283233643,8.625770533399191e-07,0.3280932307243347,0.8112738132476807,-0.042707838118076324,0.33055514097213745,0.7182936668395996,-0.06247914582490921,0.3925198018550873,0.6605462431907654,-0.08109331130981445,0.4436675012111664,0.6208975911140442,-0.09717833250761032,0.334800660610199,0.5794789791107178,-0.03040413372218609,0.3167312741279602,0.4550394117832184,-0.05881807580590248,0.30614885687828064,0.3765449523925781,-0.07584918290376663,0.2979978322982788,0.3096731901168823,-0.0856180414557457,0.38908475637435913,0.5890135765075684,-0.031160378828644753,0.41489094495773315,0.45547449588775635,-0.05997505411505699,0.43530842661857605,0.3733467757701874,-0.07850825041532516,0.45527851581573486,0.3040081262588501,-0.0858241468667984,0.42857563495635986,0.6340597867965698,-0.037624552845954895,0.44125092029571533,0.603225827217102,-0.08254837244749069,0.4142007529735565,0.6647701859474182,-0.09436599910259247,0.3992132842540741,0.7053250670433044,-0.08788272738456726,0.4551779627799988,0.6939776539802551,-0.04736227169632912,0.46035048365592957,0.6751851439476013,-0.08115126937627792,0.4306972622871399,0.72121262550354,-0.08186132460832596,0.41140371561050415,0.7540508508682251,-0.07332703471183777
0.3686201274394989,0.8845530152320862,8.659908417030238e-07,0.32896503806114197,0.8117853403091431,-0.042733918875455856,0.33148929476737976,0.7197585701942444,-0.06264310330152512,0.3931381404399872,0.6614598631858826,-0.08146175742149353,0.44387224316596985,0.6209314465522766,-0.09766194969415665,0.33714908361434937,0.5802836418151855,-0.030664358288049698,0.31891724467277527,0.45625054836273193,-0.05898149684071541,0.307654470205307,0.377922385931015,-0.07597367465496063,0.2988875210285187,0.31081879138946533,-0.08569332212209702,0.3911623954772949,0.5891066789627075,-0.031412865966558456,0.4166988432407379,0.4555896818637848,-0.05982373282313347,0.4371379613876343,0.3727215826511383,-0.07778174430131912,0.457422137260437,0.30328503251075745,-0.08474865555763245,0.43046876788139343,0.6337369084358215,-0.037895288318395615,0.4428595304489136,0.6023586392402649,-0.08240992575883865,0.4152982532978058,0.6647143363952637,-0.09347203373908997,0.40033483505249023,0.7066389918327332,-0.08643177151679993,0.45682403445243835,0.6933795809745789,-0.04774390906095505,0.46223002672195435,0.6734841465950012,-0.081405870616436,0.43198198080062866,0.7197355628013611,-0.08177679777145386,0.41209807991981506,0.7538889646530151,-0.07288162410259247
0.36866524815559387,0.8841493129730225,8.566103133489378e-07,0.3298979103565216,0.811764121055603,-0.04240305721759796,0.33340296149253845,0.718864381313324,-0.061734482645988464,0.3948866128921509,0.6608359217643738,-0.0799386128783226,0.44500142335891724,0.6213077902793884,-0.09560535848140717,0.33739811182022095,0.5794917345046997,-0.02958669513463974,0.3188602030277252,0.4561067521572113,-0.05730033665895462,0.30810999870300293,0.37831568717956543,-0.07369349896907806,0.29981058835983276,0.3117491900920868,-0.08298610150814056,0.3913743197917938,0.5889164805412292,-0.030253997072577477,0.4173566401004791,0.45609772205352783,-0.05866885930299759,0.4381027817726135,0.3741590976715088,-0.07672528922557831,0.4581834673881531,0.30531445145606995,-0.0836494043469429,0.4304214417934418,0.6335248947143555,-0.03658735379576683,0.443691611289978,0.6013289093971252,-0.08117493987083435,0.41644102334976196,0.6639145016670227,-0.09247931838035583,0.4010244905948639,0.7055829763412476,-0.08563002198934555,0.4567621648311615,0.6924839019775391,-0.046193353831768036,0.46222054958343506,0.6741644740104675,-0.07990168780088425,0.4324559271335602,0.7213428020477295,-0.08048995584249496,0.4129467010498047,0.7550582885742188,-0.07179730385541916
0.36995071172714233,0.8857328295707703,8.419112305091403e-07,0.3309970200061798,0.812100887298584,-0.04187146946787834,0.3336024582386017,0.720208466053009,-0.06175101548433304,0.3947327733039856,0.6626606583595276,-0.08083666861057281,0.4457809031009674,0.6233780384063721,-0.0973784402012825,0.33909523487091064,0.581699550151825,-0.030106645077466965,0.32056039571762085,0.458731085062027,-0.0586986243724823,0.30964744091033936,0.380775511264801,-0.07584483176469803,0.30153852701187134,0.3140026926994324,-0.08571144938468933,0.39294880628585815,0.5909754633903503,-0.031506430357694626,0.4181252121925354,0.4589167833328247,-0.06078758090734482,0.43872490525245667,0.37723594903945923,-0.07924884557723999,0.45909377932548523,0.30851733684539795,-0.08650068938732147,0.4323037564754486,0.6354518532752991,-0.03855999931693077,0.44511422514915466,0.604049801826477,-0.08365117013454437,0.4174867272377014,0.6658717393875122,-0.09467609226703644,0.40198925137519836,0.7068760991096497,-0.08762440085411072,0.4589862823486328,0.6951900124549866,-0.04889513552188873,0.46507173776626587,0.674587070941925,-0.0824257880449295,0.43450072407722473,0.7201134562492371,-0.08254284411668777,0.41399693489074707,0.7532413005828857,-0.0736168846487999
0.37152838706970215,0.8871200680732727,8.265745350399811e-07,0.3322748839855194,0.8133149147033691,-0.040372468531131744,0.3350158929824829,0.7201273441314697,-0.05979791656136513,0.39577531814575195,0.6630787253379822,-0.07866871356964111,0.4465924799442291,0.6234066486358643,-0.09510588645935059,0.34121501445770264,0.5835689306259155,-0.029263444244861603,0.3229982256889343,0.4604847729206085,-0.05750533193349838,0.31209930777549744,0.3827168345451355,-0.07441525161266327,0.30388450622558594,0.3162630498409271,-0.08416414260864258,0.3950166404247284,0.5931501388549805,-0.031190158799290657,0.4206145405769348,0.46077829599380493,-0.05997036024928093,0.440540075302124,0.37871578335762024,-0.07856599986553192,0.46048471331596375,0.30987975001335144,-0.08613869547843933,0.4344910979270935,0.6378694176673889,-0.03850144147872925,0.44593197107315063,0.6037321090698242,-0.0825454518198967,0.4178246855735779,0.6646963357925415,-0.0933859571814537,0.4026264548301697,0.7059261202812195,-0.08667255938053131,0.4614641070365906,0.6974843740463257,-0.048962030559778214,0.4650264084339142,0.6760814189910889,-0.08184975385665894,0.43387651443481445,0.7208318114280701,-0.08183034509420395,0.4138830900192261,0.7538953423500061,-0.07299397140741348
0.3735433518886566,0.8878874778747559,8.373249897886126e-07,0.33411768078804016,0.8134118318557739,-0.042055778205394745,0.3370133638381958,0.7217178344726562,-0.062044959515333176,0.39755573868751526,0.6641989350318909,-0.08127172291278839,0.44783055782318115,0.6245137453079224,-0.0977918952703476,0.3437032103538513,0.5840158462524414,-0.029324153438210487,0.32594263553619385,0.46145206689834595,-0.05816805735230446,0.3149353563785553,0.3836008906364441,-0.07550688087940216,0.30679336190223694,0.3165043592453003,-0.08548659086227417,0.3972879946231842,0.5930439233779907,-0.03058861382305622,0.42221134901046753,0.4631568491458893,-0.06027042493224144,0.44247445464134216,0.38116252422332764,-0.07895737141370773,0.4629392623901367,0.31184378266334534,-0.08630929887294769,0.4366570711135864,0.6368408203125,-0.03765194118022919,0.44933685660362244,0.6068500280380249,-0.08303137868642807,0.42153918743133545,0.6702678203582764,-0.09367383271455765,0.40629488229751587,0.7119446992874146,-0.08624149113893509,0.4637829661369324,0.69553142786026,-0.04809853807091713,0.4693094491958618,0.6775864362716675,-0.0817982479929924,0.4382711350917816,0.7235939502716064,-0.0819438099861145,0.4176889955997467,0.7561106085777283,-0.07292565703392029
0.37467464804649353,0.8850909471511841,8.507923894285341e-07,0.3365626931190491,0.8125171661376953,-0.04297073185443878,0.3388320207595825,0.7219482660293579,-0.06314854323863983,0.39962831139564514,0.6646944284439087,-0.08217187970876694,0.44993698596954346,0.624759316444397,-0.09873715788125992,0.3429531753063202,0.5833529829978943,-0.030301179736852646,0.3250568211078644,0.46127259731292725,-0.05885535106062889,0.3143731355667114,0.38361209630966187,-0.07627053558826447,0.3062954843044281,0.3172372281551361,-0.08644431084394455,0.39615920186042786,0.5924397110939026,-0.030837053433060646,0.4216580390930176,0.4620962142944336,-0.06006460636854172,0.44233906269073486,0.38071897625923157,-0.07892218977212906,0.46235600113868713,0.3115077018737793,-0.08656886219978333,0.4348779618740082,0.636505126953125,-0.03710143268108368,0.44741711020469666,0.6038715243339539,-0.08201715350151062,0.4211733043193817,0.6660682559013367,-0.09331423789262772,0.4065443277359009,0.7063886523246765,-0.08670945465564728,0.4611831605434418,0.6955687999725342,-0.046673763543367386,0.46567294001579285,0.6750285625457764,-0.08045689016580582,0.4361429512500763,0.7217589020729065,-0.08092141896486282,0.4168003499507904,0.7544882893562317,-0.0723000317811966
0.37814268469810486,0.8873856067657471,8.553745942663227e-07,0.3390401303768158,0.8127580285072327,-0.042698174715042114,0.34303969144821167,0.7208214998245239,-0.06202297285199165,0.4039674997329712,0.663265585899353,-0.080179862678051,0.4536956250667572,0.6243782043457031,-0.09575748443603516,0.347575306892395,0.5844959020614624,-0.02815110981464386,0.33063334226608276,0.46204179525375366,-0.05568190664052963,0.3205656409263611,0.3845129609107971,-0.07267521321773529,0.3127068877220154,0.3184148371219635,-0.08252418041229248,0.4003748297691345,0.5942419171333313,-0.028238357976078987,0.4259723722934723,0.46412450075149536,-0.05626992508769035,0.44684267044067383,0.3835083246231079,-0.07458358258008957,0.46703267097473145,0.31596991419792175,-0.08188953250646591,0.43853631615638733,0.6387096047401428,-0.03418437018990517,0.4518622159957886,0.606628954410553,-0.07797589898109436,0.42599761486053467,0.6685357689857483,-0.08894333988428116,0.4115370810031891,0.7088780403137207,-0.08208822458982468,0.4641653895378113,0.6973831653594971,-0.04347759857773781,0.4695005416870117,0.6754398941993713,-0.07587255537509918,0.44096556305885315,0.7207597494125366,-0.07583165168762207,0.42253488302230835,0.7524513602256775,-0.06697031855583191
0.37886548042297363,0.8862895965576172,8.599292300459638e-07,0.34141215682029724,0.812819242477417,-0.0433492586016655,0.34479033946990967,0.7231429815292358,-0.06330055743455887,0.40471798181533813,0.6650318503379822,-0.08200928568840027,0.4543176293373108,0.6246540546417236,-0.09805622696876526,0.34953930974006653,0.5846808552742004,-0.029322300106287003,0.3328613042831421,0.4635457396507263,-0.05711505189538002,0.32291656732559204,0.38614803552627563,-0.07452477514743805,0.3154965043067932,0.3199545443058014,-0.08480336517095566,0.40251079201698303,0.5930904150009155,-0.029005927965044975,0.4286538362503052,0.4646599292755127,-0.05700734257698059,0.44952234625816345,0.38442355394363403,-0.07523217797279358,0.46966320276260376,0.3178305923938751,-0.08266790956258774,0.4408019483089447,0.6366081833839417,-0.03458709269762039,0.45474299788475037,0.6057482957839966,-0.07839789241552353,0.4276769161224365,0.6674429774284363,-0.0895146057009697,0.4124022424221039,0.7088775634765625,-0.08286651223897934,0.46615687012672424,0.6950355172157288,-0.043594181537628174,0.47214800119400024,0.674757719039917,-0.07690567523241043,0.44188380241394043,0.7198662757873535,-0.07785628736019135,0.42146167159080505,0.7526392936706543,-0.06957980245351791
0.37972626090049744,0.8851597309112549,8.384762963942194e-07,0.3417315185070038,0.8127315044403076,-0.041570257395505905,0.34507322311401367,0.7230752110481262,-0.06128055229783058,0.4051669239997864,0.6661187410354614,-0.08015826344490051,0.45522379875183105,0.6260254979133606,-0.09645096957683563,0.35159385204315186,0.5848872065544128,-0.028918465599417686,0.3353707194328308,0.4643386900424957,-0.056962523609399796,0.32556822896003723,0.3874090909957886,-0.0740877017378807,0.3183879256248474,0.32157671451568604,-0.08409386873245239,0.4047197699546814,0.5937440395355225,-0.029812822118401527,0.4310307204723358,0.46577638387680054,-0.058198586106300354,0.4515721797943115,0.3855302631855011,-0.07646913081407547,0.4719048738479614,0.3182978630065918,-0.08396252989768982,0.44318729639053345,0.6376909017562866,-0.03640129789710045,0.4565277695655823,0.6066668629646301,-0.08013173937797546,0.42888739705085754,0.6678493618965149,-0.09094077348709106,0.4137051999568939,0.7089077234268188,-0.08427289128303528,0.4687412679195404,0.6963549256324768,-0.046289488673210144,0.4733408987522125,0.6783862113952637,-0.0792287215590477,0.4426370859146118,0.722545862197876,-0.0800098180770874,0.4224770665168762,0.7542595267295837,-0.07175713777542114
0.3808865249156952,0.8867501020431519,8.515448826074135e-07,0.34353917837142944,0.8124088048934937,-0.043661825358867645,0.3471819758415222,0.7218930125236511,-0.06313218176364899,0.40759357810020447,0.6645528674125671,-0.0811639055609703,0.4577113389968872,0.625625729560852,-0.09641954302787781,0.35227710008621216,0.5855811834335327,-0.027844734489917755,0.33565109968185425,0.46505671739578247,-0.054849665611982346,0.3262612521648407,0.3885921239852905,-0.07160014659166336,0.31959542632102966,0.3235034942626953,-0.08128637075424194,0.4050467610359192,0.5957645177841187,-0.02717236801981926,0.431157648563385,0.46774470806121826,-0.055012211203575134,0.4521837532520294,0.3884909152984619,-0.07309743016958237,0.4730776250362396,0.3219590485095978,-0.08020209521055222,0.44307741522789,0.640150249004364,-0.03250008821487427,0.45854881405830383,0.6078273057937622,-0.07691650092601776,0.43173956871032715,0.6702159643173218,-0.0878896415233612,0.4166868031024933,0.7115932106971741,-0.08068791031837463,0.4684053957462311,0.6988627314567566,-0.04117888957262039,0.4767109751701355,0.6754514575004578,-0.07456856220960617,0.44770348072052,0.7208656668663025,-0.0748218297958374,0.42845264077186584,0.7538275718688965,-0.06583727151155472
0.37903639674186707,0.8821819424629211,8.193227358788135e-07,0.34450143575668335,0.8115715980529785,-0.04245419055223465,0.3470045030117035,0.7232523560523987,-0.06236213073134422,0.40525713562965393,0.666248619556427,-0.08107386529445648,0.45405852794647217,0.6247995495796204,-0.09730955958366394,0.3500998020172119,0.5864425897598267,-0.029545679688453674,0.333495169878006,0.46809297800064087,-0.05731254443526268,0.3240778148174286,0.39306527376174927,-0.07398293167352676,0.3173137307167053,0.329413503408432,-0.08362097293138504,0.40210890769958496,0.5951709151268005,-0.029500290751457214,0.42871615290641785,0.4687153697013855,-0.05799198895692825,0.4496152997016907,0.39164432883262634,-0.07602819055318832,0.46940183639526367,0.3265230059623718,-0.0832095742225647,0.4396025538444519,0.6380051374435425,-0.035121798515319824,0.4541584849357605,0.6058294177055359,-0.07920580357313156,0.42912405729293823,0.6679275035858154,-0.08997933566570282,0.4148605465888977,0.7076536417007446,-0.08332891017198563,0.46499770879745483,0.6958749294281006,-0.043948542326688766,0.47100532054901123,0.676340639591217,-0.07731013745069504,0.4426307678222656,0.7227917313575745,-0.07798349857330322,0.42399710416793823,0.7546831965446472,-0.06966063380241394
0.37964197993278503,0.88203364610672,8.321447921844083e-07,0.3429795503616333,0.8111255168914795,-0.043243590742349625,0.3459521532058716,0.722740888595581,-0.0632103830575943,0.4050777852535248,0.6659800410270691,-0.08157233893871307,0.45476090908050537,0.6266023516654968,-0.09734045714139938,0.3496835231781006,0.5880752205848694,-0.031503308564424515,0.33355391025543213,0.4685394763946533,-0.05934605747461319,0.3243297338485718,0.39249956607818604,-0.07608412206172943,0.3174685835838318,0.32793742418289185,-0.0857134535908699,0.4020708203315735,0.5969762802124023,-0.03082977421581745,0.4275647699832916,0.47049516439437866,-0.05861523374915123,0.44847023487091064,0.39364445209503174,-0.07579905539751053,0.4686778783798218,0.32984068989753723,-0.08242305368185043,0.4400498867034912,0.6402596235275269,-0.03584248200058937,0.4538957476615906,0.6105387210845947,-0.07888586074113846,0.4283786118030548,0.6704642176628113,-0.08925853669643402,0.414130300283432,0.7099065184593201,-0.08238789439201355,0.46526485681533813,0.6979235410690308,-0.04422127828001976,0.4706500768661499,0.6800398826599121,-0.07660114765167236,0.44225794076919556,0.7238991856575012,-0.07711759954690933,0.42379796504974365,0.7550268173217773,-0.06872957944869995
0.378738135099411,0.8821765184402466,8.548041705580545e-07,0.3428930938243866,0.8108272552490234,-0.044591136276721954,0.34695079922676086,0.7229630351066589,-0.06471633166074753,0.4064725339412689,0.6665457487106323,-0.08296727389097214,0.4552994966506958,0.6276906728744507,-0.0984816625714302,0.3504545986652374,0.5884740352630615,-0.031056061387062073,0.33397340774536133,0.4700883626937866,-0.05880528315901756,0.32480940222740173,0.3944462835788727,-0.07559925317764282,0.31794601678848267,0.3301429748535156,-0.08515850454568863,0.40217167139053345,0.5979165434837341,-0.029719211161136627,0.42821118235588074,0.4716647267341614,-0.057976238429546356,0.4493085741996765,0.39451438188552856,-0.07540207356214523,0.469807505607605,0.32986703515052795,-0.08185838162899017,0.439584344625473,0.6413342952728271,-0.03430742397904396,0.45521867275238037,0.6122742295265198,-0.07813453674316406,0.4294023811817169,0.6738802194595337,-0.08823088556528091,0.41470959782600403,0.7130424976348877,-0.08065305650234222,0.4644010066986084,0.6989306807518005,-0.04236350208520889,0.4727253019809723,0.6787099242210388,-0.07468757033348083,0.4445187449455261,0.7234975695610046,-0.07439657300710678,0.4254630208015442,0.7543923258781433,-0.06523601710796356
0.37907442450523376,0.8808144330978394,8.391766073145845e-07,0.3435724675655365,0.8095788955688477,-0.04372956603765488,0.34686294198036194,0.7217779159545898,-0.06381768733263016,0.4055615961551666,0.664734423160553,-0.08221682161092758,0.45515936613082886,0.6261374354362488,-0.09804622828960419,0.34920069575309753,0.5887057781219482,-0.030849484726786613,0.3331529498100281,0.47069472074508667,-0.05897539108991623,0.3242858350276947,0.39542192220687866,-0.07617568224668503,0.3177529275417328,0.3317805230617523,-0.08609389513731003,0.4010075628757477,0.5979300737380981,-0.029836425557732582,0.4271266460418701,0.47213953733444214,-0.05811058357357979,0.44859519600868225,0.3960355520248413,-0.0758715495467186,0.46899905800819397,0.3320241868495941,-0.08276458084583282,0.43867185711860657,0.6409187912940979,-0.034583911299705505,0.4535912871360779,0.611189067363739,-0.07787476480007172,0.4295044541358948,0.6710118651390076,-0.08812055736780167,0.41595759987831116,0.7098150849342346,-0.08102434873580933,0.463529109954834,0.6986339092254639,-0.04271775484085083,0.4703824520111084,0.6782963275909424,-0.07455308735370636,0.4431552290916443,0.7220640778541565,-0.07427840679883957,0.42533403635025024,0.7529255747795105,-0.06534787267446518
0.37989214062690735,0.880890429019928,8.49477430620027e-07,0.34353557229042053,0.8102171421051025,-0.04439506307244301,0.3461662232875824,0.722404420375824,-0.06433074921369553,0.4046826958656311,0.6650587916374207,-0.08229395747184753,0.4539327621459961,0.6254785060882568,-0.09750282019376755,0.34921327233314514,0.5892364382743835,-0.03136066719889641,0.3329436779022217,0.47098761796951294,-0.059130895882844925,0.3242143988609314,0.39584094285964966,-0.07566124200820923,0.3177450895309448,0.3319970965385437,-0.08488201349973679,0.4012775123119354,0.5985842943191528,-0.02984027937054634,0.42698535323143005,0.4730037450790405,-0.057875871658325195,0.44793590903282166,0.39629065990448,-0.07472607493400574,0.46825408935546875,0.3319876790046692,-0.08065549284219742,0.4393894672393799,0.6417037844657898,-0.0342145711183548,0.4538276791572571,0.6154959797859192,-0.07823160290718079,0.4282536208629608,0.6768961548805237,-0.08830783516168594,0.41421955823898315,0.7161421775817871,-0.08050267398357391,0.46467649936676025,0.6988347172737122,-0.041977714747190475,0.47205474972724915,0.6802493929862976,-0.07465584576129913,0.44428274035453796,0.7253046631813049,-0.07435959577560425,0.4261065423488617,0.7568573951721191,-0.06499052047729492
0.3794538974761963,0.8807460069656372,8.662869390718697e-07,0.3437478244304657,0.8096683621406555,-0.0454624705016613,0.3468264937400818,0.7219873666763306,-0.06603165715932846,0.4051295816898346,0.6648874282836914,-0.08447771519422531,0.45402559638023376,0.6269916296005249,-0.10016477108001709,0.3498568534851074,0.5884857177734375,-0.03197569027543068,0.3325852155685425,0.47033289074897766,-0.06054969131946564,0.32364052534103394,0.3949752748012543,-0.07781987637281418,0.31684279441833496,0.33140701055526733,-0.08746020495891571,0.4015090763568878,0.5984362363815308,-0.030188968405127525,0.4273360073566437,0.472107857465744,-0.05908273160457611,0.44804948568344116,0.3963204324245453,-0.07656940817832947,0.4682309031486511,0.3323580324649811,-0.08269476890563965,0.4393158555030823,0.6420953869819641,-0.034423328936100006,0.4536767303943634,0.6143758893013,-0.07893576472997665,0.42858943343162537,0.6759307980537415,-0.08900345116853714,0.4153105318546295,0.7137316465377808,-0.08097078651189804,0.4647228717803955,0.70037442445755,-0.04209301620721817,0.472847044467926,0.6784641146659851,-0.07397253066301346,0.44545280933380127,0.7228947877883911,-0.07282084226608276,0.4278336763381958,0.7527217864990234,-0.06295483559370041
0.3787750005722046,0.8821842670440674,8.674834930388897e-07,0.3434232175350189,0.8102471828460693,-0.04654373228549957,0.3479839563369751,0.7218847274780273,-0.06635358184576035,0.4063791334629059,0.6636624336242676,-0.08374224603176117,0.4547466039657593,0.6245296001434326,-0.09823404252529144,0.3490031957626343,0.5880486369132996,-0.03026716411113739,0.33211368322372437,0.4702918231487274,-0.05770915746688843,0.32314446568489075,0.39486175775527954,-0.07445714622735977,0.3165215849876404,0.33122381567955017,-0.08385881781578064,0.40102967619895935,0.5981186628341675,-0.027485480532050133,0.4264025092124939,0.4722810983657837,-0.05569320544600487,0.4471459984779358,0.39576417207717896,-0.07341910898685455,0.4674093723297119,0.33165547251701355,-0.0797647163271904,0.43905842304229736,0.6419448256492615,-0.030939122661948204,0.4537898898124695,0.6148729920387268,-0.0755600705742836,0.4291781783103943,0.6762150526046753,-0.08680740743875504,0.41566845774650574,0.7145570516586304,-0.0794772356748581,0.4645247459411621,0.6994819641113281,-0.03788948059082031,0.472836434841156,0.6792975664138794,-0.07056566327810287,0.44529950618743896,0.7241278886795044,-0.07079596817493439,0.42731600999832153,0.7544822692871094,-0.06180422753095627
0.3776339292526245,0.8810164332389832,8.50708715915971e-07,0.34322383999824524,0.8094838857650757,-0.044380784034729004,0.34774109721183777,0.7213767766952515,-0.06380345672369003,0.40591195225715637,0.6635689735412598,-0.08127450942993164,0.453955739736557,0.6236159205436707,-0.09611159563064575,0.3484732508659363,0.587826669216156,-0.029375558719038963,0.33186691999435425,0.46952158212661743,-0.0565633587539196,0.3229242265224457,0.3942946791648865,-0.07307714223861694,0.31618285179138184,0.33068645000457764,-0.08235962688922882,0.3999779224395752,0.5977227091789246,-0.02758953347802162,0.42582088708877563,0.47112396359443665,-0.05517638102173805,0.4466691017150879,0.39495140314102173,-0.07248982787132263,0.466554194688797,0.3309183418750763,-0.07879605144262314,0.43748587369918823,0.6412425637245178,-0.031748950481414795,0.4527692198753357,0.6118631362915039,-0.07553759217262268,0.42792463302612305,0.6725196838378906,-0.08646053820848465,0.4138655662536621,0.7109653353691101,-0.07939428091049194,0.46242812275886536,0.6989002227783203,-0.039221663028001785,0.47063490748405457,0.6781018376350403,-0.07180645316839218,0.442935049533844,0.7232311964035034,-0.0719723105430603,0.42453673481941223,0.7541952729225159,-0.063087098300457
0.37827426195144653,0.8818429708480835,8.578581969231891e-07,0.34283173084259033,0.8106674551963806,-0.04617656394839287,0.34634941816329956,0.7235009670257568,-0.06702250987291336,0.40458494424819946,0.6646986603736877,-0.08555741608142853,0.4536314308643341,0.6240500211715698,-0.1011948436498642,0.3479432165622711,0.5882789492607117,-0.03261084109544754,0.33078068494796753,0.46949779987335205,-0.06117879971861839,0.321503221988678,0.39335423707962036,-0.07845089584589005,0.31477266550064087,0.3290780782699585,-0.08815409988164902,0.4002843499183655,0.5977333188056946,-0.030471893027424812,0.4254021644592285,0.47099414467811584,-0.05920005962252617,0.4462395906448364,0.3939746618270874,-0.07680568844079971,0.4664551615715027,0.32981544733047485,-0.08322460204362869,0.4387909471988678,0.6414691209793091,-0.0343904048204422,0.4530947208404541,0.6142142415046692,-0.07900619506835938,0.42849913239479065,0.6743553876876831,-0.08977688103914261,0.4147948920726776,0.7130931615829468,-0.08243653178215027,0.46451765298843384,0.6996798515319824,-0.04180973023176193,0.4721719026565552,0.6798960566520691,-0.0746048092842102,0.44461581110954285,0.7239134311676025,-0.07463116943836212,0.42624735832214355,0.7548856735229492,-0.06554941087961197
0.37651264667510986,0.8832598924636841,8.617112143838312e-07,0.3406491279602051,0.8120251893997192,-0.04609616473317146,0.3449099659919739,0.7230007648468018,-0.06590964645147324,0.40423381328582764,0.6641435027122498,-0.0833936408162117,0.4531784951686859,0.6234277486801147,-0.09801153093576431,0.34765326976776123,0.5880089998245239,-0.030744334682822227,0.3307788372039795,0.468719482421875,-0.05857419595122337,0.32158344984054565,0.3926364779472351,-0.07518133521080017,0.3146739602088928,0.3283105194568634,-0.08439042419195175,0.39981967210769653,0.5973622798919678,-0.028579993173480034,0.4249371886253357,0.4697301387786865,-0.05709515139460564,0.4452955424785614,0.39251255989074707,-0.074495829641819,0.46516576409339905,0.32774484157562256,-0.08045288920402527,0.43807685375213623,0.6412176489830017,-0.032592933624982834,0.45224153995513916,0.6146219968795776,-0.07772617042064667,0.4264015555381775,0.6765734553337097,-0.08872855454683304,0.4123704135417938,0.7148828506469727,-0.0811343640089035,0.46347981691360474,0.6994741559028625,-0.04008881747722626,0.47125494480133057,0.6804706454277039,-0.07390236854553223,0.44285842776298523,0.7266575694084167,-0.07436080276966095,0.4244604706764221,0.7575646042823792,-0.06528697907924652
0.37635746598243713,0.8829637169837952,8.506225981363968e-07,0.33967989683151245,0.8105530738830566,-0.04406602308154106,0.3436448872089386,0.721640944480896,-0.0637359768152237,0.4033774137496948,0.6639904975891113,-0.08172095566987991,0.45284757018089294,0.6249736547470093,-0.09715276956558228,0.3466744124889374,0.5871909856796265,-0.02956235036253929,0.329853355884552,0.4670414924621582,-0.05718589201569557,0.32073941826820374,0.3909444510936737,-0.07407061755657196,0.31363892555236816,0.3266560733318329,-0.0835985615849495,0.3988529443740845,0.5966418385505676,-0.028506102040410042,0.42425426840782166,0.4684251844882965,-0.05640789493918419,0.44486191868782043,0.3906025290489197,-0.0742059051990509,0.4644334316253662,0.3260541260242462,-0.08086540549993515,0.43683475255966187,0.6403786540031433,-0.03338518366217613,0.4498841464519501,0.609846830368042,-0.07729651033878326,0.4253908395767212,0.6703261137008667,-0.0885067954659462,0.4121505320072174,0.7094292044639587,-0.08159736543893814,0.4619518220424652,0.6984937191009521,-0.04158061370253563,0.46748554706573486,0.6761111617088318,-0.0738794356584549,0.4398576617240906,0.7211031317710876,-0.07382798194885254,0.4223628044128418,0.7528508305549622,-0.06481124460697174
0.37204137444496155,0.8840028047561646,8.956183705777221e-07,0.33430302143096924,0.8124563694000244,-0.04391084238886833,0.33781102299690247,0.7223382592201233,-0.06425108015537262,0.39847564697265625,0.6650927066802979,-0.08295650780200958,0.44854894280433655,0.6261898279190063,-0.0991106703877449,0.3426569998264313,0.5866014361381531,-0.03229353576898575,0.32410430908203125,0.4649514853954315,-0.06136782094836235,0.31404590606689453,0.3875190019607544,-0.07874036580324173,0.3067789077758789,0.3217689096927643,-0.0885239839553833,0.3959991931915283,0.5959519147872925,-0.0317930169403553,0.42489808797836304,0.46824896335601807,-0.06154164299368858,0.4487287104129791,0.3896367847919464,-0.07965774834156036,0.4716787040233612,0.3242618441581726,-0.0861792042851448,0.4345577359199524,0.6402664184570312,-0.03704942762851715,0.44695156812667847,0.6141571998596191,-0.08190800994634628,0.4198220670223236,0.6754733324050903,-0.09232477098703384,0.40582275390625,0.7143355011940002,-0.08458896726369858,0.459958016872406,0.6993191242218018,-0.04568875953555107,0.46478530764579773,0.6810608506202698,-0.07870829850435257,0.4357968866825104,0.7266321778297424,-0.07824032753705978,0.417930006980896,0.7580575942993164,-0.06862081587314606
0.3709084093570709,0.8846845626831055,8.740616408431379e-07,0.33294594287872314,0.8118482828140259,-0.04123988375067711,0.33645498752593994,0.7206942439079285,-0.06078848987817764,0.39657968282699585,0.6651202440261841,-0.07920439541339874,0.44699394702911377,0.626437246799469,-0.09505736082792282,0.3414100408554077,0.5853610038757324,-0.030937837436795235,0.32391390204429626,0.46451228857040405,-0.05935756117105484,0.3138890862464905,0.3877105116844177,-0.07607795298099518,0.30650511384010315,0.3216244578361511,-0.08551299571990967,0.39484381675720215,0.5955165028572083,-0.03179541602730751,0.42603832483291626,0.46808916330337524,-0.06090588867664337,0.4500632584095001,0.3888733983039856,-0.07855098694562912,0.472773015499115,0.32256555557250977,-0.08500773459672928,0.43348199129104614,0.640230655670166,-0.038109779357910156,0.448013037443161,0.6142810583114624,-0.08248031884431839,0.4201616942882538,0.6758432984352112,-0.09223400056362152,0.4048137366771698,0.7155527472496033,-0.0843074768781662,0.4592394232749939,0.6989521384239197,-0.047655995935201645,0.46676361560821533,0.6818723678588867,-0.08087939023971558,0.4366884231567383,0.7269487977027893,-0.08037831634283066,0.41659310460090637,0.7587330937385559,-0.07080861926078796
0.3708898723125458,0.8850128054618835,8.973407830126234e-07,0.3327579200267792,0.8126504421234131,-0.04161706939339638,0.3350624740123749,0.7221001982688904,-0.06127852573990822,0.39490339159965515,0.6653266549110413,-0.07982876896858215,0.44575464725494385,0.6263856291770935,-0.09587372094392776,0.3408086597919464,0.5852307081222534,-0.030756289139389992,0.3222568929195404,0.46272730827331543,-0.05891948193311691,0.31228548288345337,0.38553380966186523,-0.07538783550262451,0.30503857135772705,0.31917276978492737,-0.08459088206291199,0.39448195695877075,0.5954797267913818,-0.03146153315901756,0.4258342683315277,0.46652770042419434,-0.06037852168083191,0.45037540793418884,0.3867858648300171,-0.07766369730234146,0.4734741747379303,0.32062938809394836,-0.08367785066366196,0.43308165669441223,0.6405290961265564,-0.037689946591854095,0.4458277225494385,0.6115309000015259,-0.08266550302505493,0.41760629415512085,0.6735000014305115,-0.09258787333965302,0.402776300907135,0.7141239643096924,-0.0844249501824379,0.45905783772468567,0.6999831199645996,-0.047066617757081985,0.4651027023792267,0.6800975799560547,-0.0810651034116745,0.4346940815448761,0.7266007661819458,-0.08042813837528229,0.41512054204940796,0.7603744864463806,-0.07043222337961197
0.3706966042518616,0.8854321241378784,8.821319283924822e-07,0.3323114216327667,0.8132594227790833,-0.04204121232032776,0.3346007168292999,0.7230513691902161,-0.062190886586904526,0.39435720443725586,0.6672441363334656,-0.0812191590666771,0.44533571600914,0.6293148994445801,-0.09770054370164871,0.34050989151000977,0.585239827632904,-0.03200482949614525,0.3222905993461609,0.46290838718414307,-0.060472521930933,0.3123055696487427,0.3857794404029846,-0.07699662446975708,0.30506807565689087,0.31934165954589844,-0.08619050681591034,0.3938720226287842,0.5952554941177368,-0.032631345093250275,0.4247225224971771,0.46753597259521484,-0.06183753162622452,0.44901224970817566,0.3879888355731964,-0.07919970154762268,0.4716252088546753,0.32148444652557373,-0.08532372862100601,0.432402104139328,0.639536440372467,-0.03878845274448395,0.4467698633670807,0.613204836845398,-0.08349867910146713,0.419226735830307,0.675822377204895,-0.0932791605591774,0.40390920639038086,0.7158257961273193,-0.08515443652868271,0.4586499035358429,0.6981992721557617,-0.048219554126262665,0.4661603569984436,0.6801682114601135,-0.08128444850444794,0.4362331032752991,0.7266697287559509,-0.08047544211149216,0.4161926209926605,0.7594756484031677,-0.07064136862754822
0.36797860264778137,0.8850274682044983,8.933881758821371e-07,0.32859694957733154,0.8129130601882935,-0.042765192687511444,0.33049824833869934,0.7209787964820862,-0.06303109973669052,0.39141473174095154,0.6639265418052673,-0.08203206211328506,0.4418339431285858,0.6242753863334656,-0.09847741574048996,0.33714592456817627,0.5832732915878296,-0.03218662366271019,0.31816813349723816,0.4600486159324646,-0.06088845431804657,0.3073105812072754,0.3825756907463074,-0.07759274542331696,0.2996542453765869,0.3161413371562958,-0.08714327216148376,0.3906610906124115,0.5929162502288818,-0.032732587307691574,0.4205310344696045,0.4636494517326355,-0.06272132694721222,0.44483885169029236,0.3835577368736267,-0.08072149008512497,0.4684184193611145,0.3167926073074341,-0.08733154088258743,0.42943844199180603,0.637462317943573,-0.03889097273349762,0.4427218437194824,0.6090105772018433,-0.08397266268730164,0.4143950343132019,0.6718828678131104,-0.09392309933900833,0.3992041349411011,0.7112641930580139,-0.08614031225442886,0.4562179446220398,0.6973863244056702,-0.048391856253147125,0.46211352944374084,0.678032636642456,-0.08202412724494934,0.4317096173763275,0.7247370481491089,-0.08159995824098587,0.4122076630592346,0.756244957447052,-0.07218791544437408
0.368038147687912,0.8841698169708252,9.061154742084909e-07,0.32965993881225586,0.8111225366592407,-0.04399248957633972,0.3315623104572296,0.7209539413452148,-0.06484489887952805,0.3925808370113373,0.6645932197570801,-0.08401387929916382,0.4441456198692322,0.6242372989654541,-0.10044071823358536,0.33778491616249084,0.5822240710258484,-0.03366107866168022,0.31896036863327026,0.45945480465888977,-0.062448035925626755,0.30842623114585876,0.3820422887802124,-0.07898827642202377,0.3013102412223816,0.3153989315032959,-0.08818558603525162,0.3920668363571167,0.5924813151359558,-0.03329020366072655,0.42358407378196716,0.46347498893737793,-0.06306822597980499,0.4490058124065399,0.3839133679866791,-0.08045341819524765,0.472969651222229,0.31780970096588135,-0.08638350665569305,0.43117204308509827,0.637534499168396,-0.0386255718767643,0.4448818266391754,0.6125544905662537,-0.08421191573143005,0.4173012673854828,0.6757308840751648,-0.09422183781862259,0.40243059396743774,0.7153109908103943,-0.0860181376338005,0.45796456933021545,0.6969141364097595,-0.04736020788550377,0.46581166982650757,0.6796526312828064,-0.08134591579437256,0.4363114833831787,0.7269622087478638,-0.08089103549718857,0.4169762432575226,0.7595493793487549,-0.07114440947771072
0.37081676721572876,0.878164529800415,9.928431836669915e-07,0.3310813307762146,0.8054380416870117,-0.040007222443819046,0.33302026987075806,0.7140146493911743,-0.05891897529363632,0.39132001996040344,0.6578114628791809,-0.076564259827137,0.4403122067451477,0.6190862059593201,-0.09141477197408676,0.3395615220069885,0.5775722861289978,-0.029784031212329865,0.3192688524723053,0.4604603946208954,-0.05366947874426842,0.3091477155685425,0.3864366412162781,-0.06770804524421692,0.30296432971954346,0.3220866322517395,-0.07631317526102066,0.3935113549232483,0.5892198085784912,-0.029757224023342133,0.43933892250061035,0.4733583927154541,-0.055562786757946014,0.47485965490341187,0.40349745750427246,-0.07128232717514038,0.5069614052772522,0.34847813844680786,-0.07717591524124146,0.43037208914756775,0.6355594992637634,-0.03470737487077713,0.44948723912239075,0.6124797463417053,-0.07447085529565811,0.41639822721481323,0.6753239035606384,-0.08076794445514679,0.3976634442806244,0.7127652764320374,-0.07202857732772827,0.4557076096534729,0.6948332190513611,-0.04291251674294472,0.4676496386528015,0.6758261322975159,-0.07314065098762512,0.4376075565814972,0.7212766408920288,-0.07037169486284256,0.41703271865844727,0.7531175017356873,-0.059885136783123016
0.37036120891571045,0.8779191374778748,9.631586408431758e-07,0.3304205536842346,0.804784893989563,-0.03847012296319008,0.33258479833602905,0.7146763205528259,-0.05725550279021263,0.39177948236465454,0.6600396633148193,-0.07520541548728943,0.4419724941253662,0.6205393671989441,-0.09074489027261734,0.34045395255088806,0.5766373872756958,-0.028957564383745193,0.31947171688079834,0.45911043882369995,-0.053904563188552856,0.3083197772502899,0.38494768738746643,-0.06914989650249481,0.3014146089553833,0.3206843435764313,-0.07852483540773392,0.3949633836746216,0.5885211229324341,-0.030196934938430786,0.43775999546051025,0.4712875187397003,-0.05627913028001785,0.47202855348587036,0.40028947591781616,-0.07300473749637604,0.5038678646087646,0.3426364064216614,-0.07965758442878723,0.4320577085018158,0.6361780166625977,-0.03626525402069092,0.4468761682510376,0.6128398180007935,-0.07609332352876663,0.41322264075279236,0.6740968823432922,-0.08317365497350693,0.39523154497146606,0.7108952403068542,-0.07511051744222641,0.4562481939792633,0.6976096630096436,-0.04545282572507858,0.46375560760498047,0.6785222887992859,-0.07613744586706161,0.4319010376930237,0.7225722074508667,-0.07368452847003937,0.4108615815639496,0.7540320158004761,-0.0633101537823677
0.36959308385849,0.8786104917526245,9.94628862827085e-07,0.32961228489875793,0.8059883713722229,-0.03958960622549057,0.3315630853176117,0.7166263461112976,-0.059831030666828156,0.39063698053359985,0.6621593236923218,-0.07902144640684128,0.4416085183620453,0.623485803604126,-0.0957360565662384,0.3409213721752167,0.577767550945282,-0.03172244876623154,0.3208810091018677,0.46084731817245483,-0.056546762585639954,0.31138503551483154,0.3867213726043701,-0.07153872400522232,0.3059908151626587,0.32205891609191895,-0.08096449077129364,0.3958016335964203,0.5902919173240662,-0.03255365416407585,0.4436960220336914,0.4748653769493103,-0.05890999361872673,0.4808972179889679,0.4057569205760956,-0.07541415095329285,0.514475405216217,0.3511234521865845,-0.08194523304700851,0.43326646089553833,0.6384243369102478,-0.038099031895399094,0.4492586851119995,0.6147171258926392,-0.07781115174293518,0.415482759475708,0.6754301190376282,-0.08434561640024185,0.397528737783432,0.7118800282478333,-0.07607381045818329,0.4580191969871521,0.7000385522842407,-0.04679958522319794,0.46635279059410095,0.6783526539802551,-0.07674334943294525,0.43443921208381653,0.7217715978622437,-0.07355184108018875,0.41337624192237854,0.7526894807815552,-0.06288118660449982
0.37002474069595337,0.8777575492858887,9.968389349523932e-07,0.3282831907272339,0.8056759834289551,-0.03971022367477417,0.33006751537323,0.7151088714599609,-0.058995310217142105,0.3897569477558136,0.661018967628479,-0.07707010209560394,0.4404687285423279,0.6235346794128418,-0.09269923716783524,0.33966758847236633,0.576892614364624,-0.030317919328808784,0.3202053904533386,0.45982426404953003,-0.053848832845687866,0.31081992387771606,0.3854803442955017,-0.06809759140014648,0.30559852719306946,0.3209369480609894,-0.07717837393283844,0.3944312036037445,0.5889577865600586,-0.03062758967280388,0.4416651427745819,0.47518062591552734,-0.05539228767156601,0.47893813252449036,0.4052048921585083,-0.07100509852170944,0.5128028392791748,0.3503279983997345,-0.0773034393787384,0.43115541338920593,0.6364316344261169,-0.035827383399009705,0.4480922520160675,0.6109737157821655,-0.07454779744148254,0.41329899430274963,0.671989917755127,-0.08103767037391663,0.39396360516548157,0.7092065215110779,-0.07312135398387909,0.4557596445083618,0.6971060633659363,-0.044272877275943756,0.4649996757507324,0.6758249998092651,-0.07495123147964478,0.4327278733253479,0.7201940417289734,-0.07267393171787262,0.410817414522171,0.7525370121002197,-0.06267131119966507
0.3695943355560303,0.8770262598991394,1.0129502925337874e-06,0.3281606137752533,0.8041896820068359,-0.038898956030607224,0.330186665058136,0.713394820690155,-0.058340366929769516,0.38974425196647644,0.6585839986801147,-0.07686787843704224,0.44048821926116943,0.6214709281921387,-0.09296125918626785,0.3392466604709625,0.577578604221344,-0.03053922764956951,0.32003816962242126,0.46044668555259705,-0.055172573775053024,0.3107684254646301,0.38593408465385437,-0.0699676126241684,0.3058394491672516,0.3215203881263733,-0.07925344258546829,0.3941671550273895,0.589550256729126,-0.031514234840869904,0.441692978143692,0.47517162561416626,-0.058122534304857254,0.4791715443134308,0.40446794033050537,-0.07469505071640015,0.5134719014167786,0.34942877292633057,-0.08125024288892746,0.43155112862586975,0.6370846629142761,-0.037168681621551514,0.44899502396583557,0.6115579009056091,-0.0770638957619667,0.4138897955417633,0.6733260154724121,-0.08313874900341034,0.39438918232917786,0.711557149887085,-0.07448719441890717,0.4568263292312622,0.6979095935821533,-0.04596242308616638,0.46629852056503296,0.6761829257011414,-0.07696369290351868,0.4338482618331909,0.7209060788154602,-0.07402874529361725,0.4115046560764313,0.7535520792007446,-0.06326000392436981
0.36765018105506897,0.8752028346061707,9.946451200448791e-07,0.3265600800514221,0.8022904396057129,-0.03778713569045067,0.3287065029144287,0.7114633321762085,-0.057206448167562485,0.3884902894496918,0.6581659913063049,-0.07592162489891052,0.43963274359703064,0.6215149164199829,-0.09232021868228912,0.3393637537956238,0.5774846076965332,-0.03154662624001503,0.3196988105773926,0.46019574999809265,-0.05597713962197304,0.30997616052627563,0.38576382398605347,-0.07058156281709671,0.30443239212036133,0.3210757076740265,-0.07989035546779633,0.3937772810459137,0.5903821587562561,-0.03325800597667694,0.44069063663482666,0.47622033953666687,-0.05924183875322342,0.4780491590499878,0.4060400724411011,-0.07559017837047577,0.512488067150116,0.3509111702442169,-0.08241800963878632,0.43060725927352905,0.6384280920028687,-0.03939919173717499,0.446193128824234,0.6139388680458069,-0.0784633681178093,0.41061240434646606,0.6737949848175049,-0.08456525951623917,0.3910774886608124,0.7115409970283508,-0.07640635967254639,0.4552539587020874,0.699660062789917,-0.048622433096170425,0.4640354812145233,0.6775872111320496,-0.07891270518302917,0.4309299886226654,0.7205948233604431,-0.07582194358110428,0.40790238976478577,0.754019021987915,-0.06529051810503006
0.3682821989059448,0.8750948309898376,9.959925364455557e-07,0.3264787793159485,0.8034254312515259,-0.039457667618989944,0.32777151465415955,0.7144516706466675,-0.05971105769276619,0.38683274388313293,0.6610502004623413,-0.0786604955792427,0.4370113015174866,0.6232789158821106,-0.09498220682144165,0.33814162015914917,0.5778424739837646,-0.03321017697453499,0.3185463547706604,0.4609202444553375,-0.0581250861287117,0.30845123529434204,0.3868907690048218,-0.07313603907823563,0.3029731512069702,0.32237228751182556,-0.08284187316894531,0.39346206188201904,0.5894603729248047,-0.03400453180074692,0.4405144155025482,0.47660985589027405,-0.0602453276515007,0.4779469966888428,0.40705788135528564,-0.07651953399181366,0.5120468139648438,0.35200080275535583,-0.0833512470126152,0.43078023195266724,0.6366429328918457,-0.039431311190128326,0.4467136263847351,0.613666832447052,-0.07809606194496155,0.41185346245765686,0.6718233823776245,-0.08418703079223633,0.39221474528312683,0.7072501182556152,-0.07647597044706345,0.45573848485946655,0.6973273158073425,-0.04816720634698868,0.4642055332660675,0.6802752614021301,-0.07824458181858063,0.43184977769851685,0.7217039465904236,-0.07587786763906479,0.40961670875549316,0.7511944770812988,-0.06615293771028519
0.36763542890548706,0.8742291927337646,1.0046836678156978e-06,0.32683658599853516,0.8025614023208618,-0.0396505668759346,0.32738780975341797,0.7138606905937195,-0.06007260084152222,0.3855488896369934,0.6605451703071594,-0.07928940653800964,0.43631452322006226,0.6236855387687683,-0.09588320553302765,0.33674532175064087,0.5773622393608093,-0.033032774925231934,0.3170822262763977,0.46058189868927,-0.058198679238557816,0.3069078028202057,0.3867124319076538,-0.07317794859409332,0.30143943428993225,0.3223492205142975,-0.08271705359220505,0.3920076787471771,0.5893352031707764,-0.03358511999249458,0.4385167062282562,0.4771846532821655,-0.06040665879845619,0.47554969787597656,0.407764196395874,-0.07678969949483871,0.5095279216766357,0.35258305072784424,-0.08349556475877762,0.42961448431015015,0.63634192943573,-0.03882121667265892,0.4459003508090973,0.6149124503135681,-0.07802581787109375,0.41080641746520996,0.6748526096343994,-0.08408187329769135,0.3910936713218689,0.7107550501823425,-0.07600818574428558,0.45535802841186523,0.6964690685272217,-0.04736783728003502,0.46461793780326843,0.6805630326271057,-0.07761576771736145,0.431853324174881,0.7229627966880798,-0.07531499862670898,0.40896686911582947,0.752535879611969,-0.06547688692808151
0.3666679859161377,0.8741960525512695,1.0090235491588828e-06,0.3257324993610382,0.8016128540039062,-0.040461648255586624,0.3271561563014984,0.7131648063659668,-0.06077630817890167,0.38651666045188904,0.6598377227783203,-0.07972649484872818,0.43719008564949036,0.623623788356781,-0.09601039439439774,0.3363826870918274,0.5785790085792542,-0.03237223997712135,0.3164445757865906,0.4612809419631958,-0.05726232752203941,0.3064330518245697,0.38695770502090454,-0.0725274533033371,0.3010108470916748,0.32197898626327515,-0.08250892907381058,0.3915121853351593,0.5900289416313171,-0.03226591646671295,0.4387155771255493,0.478681743144989,-0.05855356901884079,0.476057231426239,0.4093521237373352,-0.07503964751958847,0.5101110935211182,0.35387641191482544,-0.08207114785909653,0.42880532145500183,0.6362566947937012,-0.037059541791677475,0.4460332691669464,0.6137679815292358,-0.07551687955856323,0.4109196662902832,0.6732254028320312,-0.08165248483419418,0.3908909857273102,0.7088738679885864,-0.07397635281085968,0.4545544683933258,0.6953449249267578,-0.04534405097365379,0.46462759375572205,0.6797800064086914,-0.07524669170379639,0.43204063177108765,0.7216875553131104,-0.07334344834089279,0.40932849049568176,0.7502129077911377,-0.06403982639312744
0.367456316947937,0.8745541572570801,1.0064843536383705e-06,0.32576942443847656,0.8023221492767334,-0.038674820214509964,0.32738736271858215,0.7132155895233154,-0.05880270153284073,0.38639435172080994,0.6603791117668152,-0.07781009376049042,0.4374229907989502,0.6253281831741333,-0.09413634240627289,0.33856645226478577,0.5767794847488403,-0.03255929797887802,0.31872430443763733,0.46008628606796265,-0.05750635638833046,0.30888986587524414,0.38621532917022705,-0.07248083502054214,0.30376768112182617,0.3215833008289337,-0.0820898711681366,0.393572062253952,0.589755117893219,-0.0336291678249836,0.440527081489563,0.4786819517612457,-0.06026498228311539,0.478388249874115,0.40929436683654785,-0.07660865783691406,0.5135229229927063,0.3538382947444916,-0.08336339145898819,0.4309109151363373,0.6375821232795715,-0.03920738771557808,0.44765427708625793,0.6173977255821228,-0.07752738147974014,0.4120086133480072,0.6766120791435242,-0.08272022753953934,0.3920857310295105,0.712847113609314,-0.07428935170173645,0.45640212297439575,0.6978651285171509,-0.048142511397600174,0.46600663661956787,0.683269202709198,-0.07760991901159286,0.43329837918281555,0.7251022458076477,-0.074619360268116,0.41068705916404724,0.7545819282531738,-0.06436488032341003
0.36783429980278015,0.8759080171585083,1.0087801456393208e-06,0.32737085223197937,0.8037283420562744,-0.03952294960618019,0.32861828804016113,0.7148830890655518,-0.059699878096580505,0.38730013370513916,0.6611133813858032,-0.07860567420721054,0.43811243772506714,0.6239229440689087,-0.09486380219459534,0.3386981785297394,0.5779039859771729,-0.03233354538679123,0.31946462392807007,0.4605904221534729,-0.05696532130241394,0.30986571311950684,0.38609620928764343,-0.0718977153301239,0.3050004541873932,0.32127970457077026,-0.08152524381875992,0.3940105438232422,0.5899799466133118,-0.03282719850540161,0.4414703845977783,0.4781869351863861,-0.058945514261722565,0.47931140661239624,0.4087320864200592,-0.07535716146230698,0.5138818621635437,0.35388123989105225,-0.0822342112660408,0.4316146969795227,0.6375932693481445,-0.03797835111618042,0.4477272629737854,0.6149854063987732,-0.07655396312475204,0.4121167063713074,0.6738020181655884,-0.08279670774936676,0.3920997381210327,0.7100722193717957,-0.07504993677139282,0.45703089237213135,0.6982433795928955,-0.046432461589574814,0.46608078479766846,0.6804062724113464,-0.07647185027599335,0.43330085277557373,0.7223091125488281,-0.07417614758014679,0.4108276665210724,0.7524411082267761,-0.06438904255628586
0.36825743317604065,0.8753091096878052,9.89335035228578e-07,0.3271852433681488,0.8037890195846558,-0.037912655621767044,0.3290724456310272,0.714252233505249,-0.057471442967653275,0.38822194933891296,0.6615777611732483,-0.07615398615598679,0.439465194940567,0.625133216381073,-0.09237224608659744,0.33967500925064087,0.576824426651001,-0.03127572312951088,0.3205670118331909,0.4601594805717468,-0.05526373162865639,0.31117600202560425,0.3862643837928772,-0.06964097172021866,0.3062855005264282,0.3217129409313202,-0.07897427678108215,0.39479508996009827,0.5893651843070984,-0.032682791352272034,0.44266486167907715,0.4780634343624115,-0.058024294674396515,0.4803770184516907,0.4087851941585541,-0.07413889467716217,0.5149849653244019,0.35350456833839417,-0.08105645328760147,0.43192800879478455,0.6370415091514587,-0.03858062997460365,0.4481580853462219,0.6144586801528931,-0.07640165090560913,0.4129345417022705,0.6734503507614136,-0.08245135843753815,0.39362645149230957,0.7098195552825928,-0.07486425340175629,0.45689210295677185,0.6976699233055115,-0.047666702419519424,0.4651678502559662,0.680470883846283,-0.07735762745141983,0.4321700632572174,0.7225044965744019,-0.07504915446043015,0.4099472165107727,0.7531393766403198,-0.06540539115667343
0.37029945850372314,0.8799548745155334,1.026818722493772e-06,0.32897311449050903,0.8077296018600464,-0.04148762300610542,0.3316214084625244,0.7187836766242981,-0.06253645569086075,0.3908044993877411,0.6649839878082275,-0.0818190798163414,0.44129741191864014,0.6273645162582397,-0.0978826954960823,0.3422926068305969,0.5783146023750305,-0.03385563939809799,0.3221558928489685,0.46040284633636475,-0.05885307118296623,0.3120499551296234,0.38594377040863037,-0.07398613542318344,0.3069157898426056,0.32053935527801514,-0.0839812234044075,0.39742687344551086,0.5906396508216858,-0.0333569273352623,0.44556763768196106,0.4797585606575012,-0.06065180525183678,0.48398762941360474,0.41184598207473755,-0.07740676403045654,0.5193147659301758,0.35706886649131775,-0.0843183696269989,0.43445172905921936,0.6380534172058105,-0.03770497068762779,0.45296990871429443,0.6192262172698975,-0.07600469887256622,0.4183390140533447,0.6793964505195618,-0.08087311685085297,0.39876294136047363,0.7130104303359985,-0.07228509336709976,0.4603375196456909,0.6984007358551025,-0.04575337842106819,0.4733804762363434,0.6838528513908386,-0.0744677409529686,0.4420835077762604,0.7253484725952148,-0.071604885160923,0.4204021692276001,0.7507942914962769,-0.06169482693076134
0.3680979013442993,0.8772079348564148,1.0028553560914588e-06,0.3291437029838562,0.8062423467636108,-0.04029986262321472,0.33169984817504883,0.7163138389587402,-0.06096100062131882,0.38951557874679565,0.6635088324546814,-0.08046949654817581,0.4403007924556732,0.6266179084777832,-0.0974128320813179,0.3408033847808838,0.5779543519020081,-0.03312239423394203,0.3212314546108246,0.4605526924133301,-0.05848269537091255,0.31170180439949036,0.385592520236969,-0.07376006990671158,0.3066151738166809,0.3207826614379883,-0.08355630934238434,0.39520761370658875,0.5902476906776428,-0.033559609204530716,0.4425758421421051,0.4783453345298767,-0.060671284794807434,0.4801870584487915,0.4090644121170044,-0.0775865688920021,0.5146017670631409,0.35416609048843384,-0.08476893603801727,0.4318753182888031,0.637190043926239,-0.03879493474960327,0.4486560821533203,0.6147809028625488,-0.07817797362804413,0.41264212131500244,0.6753989458084106,-0.08461630344390869,0.3925867974758148,0.7119132876396179,-0.07684484869241714,0.45689600706100464,0.6970632076263428,-0.047438845038414,0.4656601846218109,0.6795615553855896,-0.0778987929224968,0.4320601224899292,0.7228375673294067,-0.0759115144610405,0.4090234041213989,0.7532950043678284,-0.06637155264616013
0.36887240409851074,0.878966748714447,1.002650265036209e-06,0.3281909227371216,0.807058572769165,-0.04018517583608627,0.33056530356407166,0.7186146974563599,-0.06060175597667694,0.390140175819397,0.6663618087768555,-0.07966428995132446,0.44042542576789856,0.6281841397285461,-0.09600364416837692,0.34089553356170654,0.5784578919410706,-0.032852936536073685,0.32127922773361206,0.46089667081832886,-0.057705946266651154,0.3115386962890625,0.38620999455451965,-0.07273067533969879,0.306449294090271,0.3211025893688202,-0.08249861001968384,0.39630699157714844,0.5905813574790955,-0.03327595442533493,0.44330352544784546,0.47851985692977905,-0.05986591428518295,0.48118823766708374,0.4095233082771301,-0.07643643766641617,0.5153794288635254,0.35488471388816833,-0.08331285417079926,0.43384718894958496,0.6381598114967346,-0.038459088653326035,0.4507231116294861,0.6162572503089905,-0.076910600066185,0.4163621962070465,0.676927387714386,-0.08241485804319382,0.3968614935874939,0.712226927280426,-0.07424048334360123,0.4601125717163086,0.699020266532898,-0.04710080847144127,0.47023242712020874,0.6825488805770874,-0.07657620310783386,0.43837666511535645,0.7256805300712585,-0.07383843511343002,0.4165249168872833,0.7538599967956543,-0.06387095153331757
0.368606299161911,0.8758760690689087,9.962693638954079e-07,0.32774680852890015,0.8070665597915649,-0.04158356040716171,0.3298684060573578,0.7192311882972717,-0.06260726600885391,0.38909581303596497,0.6677860617637634,-0.0819270983338356,0.44010037183761597,0.6305786967277527,-0.0985988900065422,0.34123289585113525,0.5782533884048462,-0.034984443336725235,0.3211041986942291,0.4607570171356201,-0.0602375790476799,0.31115591526031494,0.38608086109161377,-0.07546485215425491,0.30584412813186646,0.3210812509059906,-0.08544005453586578,0.3958807587623596,0.5893200039863586,-0.034506358206272125,0.44261398911476135,0.47911280393600464,-0.06100469082593918,0.48096489906311035,0.4103724956512451,-0.07731013000011444,0.5155661702156067,0.3549934923648834,-0.08428984880447388,0.4319901764392853,0.6351575255393982,-0.03892086073756218,0.4488394856452942,0.6161028742790222,-0.07707979530096054,0.414064884185791,0.6765432357788086,-0.08297945559024811,0.3941219747066498,0.711703896522522,-0.07544730603694916,0.456587016582489,0.6939988732337952,-0.04699736088514328,0.4646497368812561,0.6825377345085144,-0.07706774771213531,0.4322965741157532,0.7262241840362549,-0.07559134066104889,0.4100741147994995,0.7547146081924438,-0.06670483201742172
0.3680306673049927,0.8800228834152222,1.011946665130381e-06,0.32713037729263306,0.8089196681976318,-0.040362317115068436,0.3298552930355072,0.7200009822845459,-0.06164213642477989,0.38934406638145447,0.6677667498588562,-0.08151932805776596,0.4407007396221161,0.6310258507728577,-0.09855395555496216,0.3415133059024811,0.5789401531219482,-0.03494521602988243,0.32174980640411377,0.4608951210975647,-0.06069730967283249,0.3119373619556427,0.3862640857696533,-0.07616019248962402,0.30678147077560425,0.32068172097206116,-0.08627374470233917,0.39698976278305054,0.591408371925354,-0.03554148226976395,0.4449317455291748,0.47929203510284424,-0.06297251582145691,0.48317950963974,0.4103211760520935,-0.07955297082662582,0.5181994438171387,0.35420745611190796,-0.0864267349243164,0.43453657627105713,0.6391765475273132,-0.040788888931274414,0.4514003396034241,0.6176650524139404,-0.07928022742271423,0.4161132276058197,0.6778774261474609,-0.08395083248615265,0.3964824974536896,0.7127366065979004,-0.07532473653554916,0.4605943560600281,0.7001965045928955,-0.04960734024643898,0.4716317653656006,0.6845731735229492,-0.07878429442644119,0.4390581548213959,0.7262622714042664,-0.0756162479519844,0.4166317284107208,0.75319504737854,-0.06544061750173569
0.36820611357688904,0.8785176277160645,1.0194713695454993e-06,0.32885903120040894,0.8088390827178955,-0.04373491555452347,0.3311721980571747,0.7209413647651672,-0.06554976105690002,0.39028364419937134,0.6680433750152588,-0.0852278620004654,0.44086194038391113,0.6297484040260315,-0.1020144671201706,0.3405471444129944,0.5794910192489624,-0.03574204444885254,0.32102417945861816,0.46154865622520447,-0.06158606708049774,0.31122124195098877,0.38648343086242676,-0.077543705701828,0.30616894364356995,0.32118168473243713,-0.0879826694726944,0.3954554796218872,0.591143012046814,-0.03421032056212425,0.44196146726608276,0.4799397587776184,-0.06142859533429146,0.48104068636894226,0.411181777715683,-0.0784156396985054,0.5164425373077393,0.3562302887439728,-0.08577683568000793,0.4318646788597107,0.6372142434120178,-0.037812866270542145,0.4501538574695587,0.6172267198562622,-0.07687775045633316,0.4154272973537445,0.6782338619232178,-0.08315306156873703,0.39488545060157776,0.7141575813293457,-0.07557090371847153,0.45673662424087524,0.6959207057952881,-0.0452347993850708,0.4663156569004059,0.6839799284934998,-0.07586665451526642,0.4342610239982605,0.7279188632965088,-0.07452116161584854,0.4117414653301239,0.7566819190979004,-0.06553508341312408
0.367501825094223,0.8784034252166748,9.992355671784026e-07,0.32694026827812195,0.8078069686889648,-0.04022124782204628,0.3292948007583618,0.7194270491600037,-0.06167829409241676,0.3887876570224762,0.6683436632156372,-0.0818575993180275,0.440476655960083,0.632228672504425,-0.09932982921600342,0.3417678773403168,0.5775603652000427,-0.035400453954935074,0.32127195596694946,0.46053123474121094,-0.06074213236570358,0.31133022904396057,0.38598793745040894,-0.0760476365685463,0.30618876218795776,0.32103076577186584,-0.0861395075917244,0.3972422182559967,0.590245246887207,-0.036139752715826035,0.4443238079547882,0.4790216386318207,-0.06276091188192368,0.4826800525188446,0.4096972644329071,-0.07911907136440277,0.5178887248039246,0.3545302152633667,-0.08613861352205276,0.4348297119140625,0.6382136344909668,-0.041483134031295776,0.45034387707710266,0.6158092021942139,-0.07928819954395294,0.41420307755470276,0.6750254034996033,-0.08448092639446259,0.39395150542259216,0.7104440927505493,-0.07654109597206116,0.46092134714126587,0.6993701457977295,-0.05038067698478699,0.4698101282119751,0.682999312877655,-0.07959271967411041,0.43586742877960205,0.723991870880127,-0.07706491649150848,0.41229966282844543,0.7521793246269226,-0.06745930761098862
0.367570698261261,0.8782496452331543,9.692945468486869e-07,0.32724782824516296,0.8085554242134094,-0.03972694277763367,0.3286554515361786,0.7194812893867493,-0.06062895432114601,0.38676032423973083,0.6668567061424255,-0.08032675832509995,0.43801385164260864,0.6282823085784912,-0.0973362848162651,0.3407287001609802,0.5790333151817322,-0.034360092133283615,0.320200115442276,0.4618419408798218,-0.06028752774000168,0.30958279967308044,0.3869277834892273,-0.07570644468069077,0.30361208319664,0.32177114486694336,-0.08557916432619095,0.39582955837249756,0.5900446176528931,-0.03510679677128792,0.44176995754241943,0.4792596995830536,-0.062146227806806564,0.48003000020980835,0.4101392328739166,-0.07837562263011932,0.514907956123352,0.35533109307289124,-0.0850631520152092,0.43320465087890625,0.6360371708869934,-0.04055413976311684,0.44869253039360046,0.6169187426567078,-0.07924821227788925,0.41358593106269836,0.6779188513755798,-0.08455250412225723,0.3938812017440796,0.7148950099945068,-0.07628726959228516,0.45893341302871704,0.6954371929168701,-0.04951178655028343,0.46650123596191406,0.6835799813270569,-0.07976459711790085,0.4331721067428589,0.7268808484077454,-0.07761994749307632,0.41047197580337524,0.7565498352050781,-0.06794334203004837
0.3674798309803009,0.8784844875335693,9.792619266590918e-07,0.3269047737121582,0.8069620132446289,-0.03884415328502655,0.3279317021369934,0.7165347933769226,-0.058659981936216354,0.386822372674942,0.6635238528251648,-0.07755058258771896,0.4383482038974762,0.6269670128822327,-0.0937906950712204,0.33863386511802673,0.5795648097991943,-0.031077168881893158,0.31751587986946106,0.4625459313392639,-0.05552607774734497,0.3068010210990906,0.38851064443588257,-0.07057364284992218,0.3005613684654236,0.3245183229446411,-0.08041480928659439,0.39342501759529114,0.5909450650215149,-0.03207359090447426,0.43878549337387085,0.4787617325782776,-0.05789532884955406,0.47723034024238586,0.40844470262527466,-0.07450152188539505,0.512451708316803,0.3527904748916626,-0.08173079788684845,0.4304847717285156,0.6376955509185791,-0.0377877876162529,0.44728296995162964,0.6133802533149719,-0.07582849264144897,0.4136125445365906,0.6736239194869995,-0.08191946148872375,0.39447322487831116,0.7117494940757751,-0.07422798871994019,0.4562499225139618,0.6982695460319519,-0.04689705744385719,0.4671344757080078,0.6810958385467529,-0.07687892019748688,0.4352189004421234,0.7227764129638672,-0.07498540729284286,0.41282734274864197,0.7534128427505493,-0.06554587185382843
0.36705800890922546,0.8762301206588745,9.500701594333805e-07,0.3240618109703064,0.8040075302124023,-0.035918157547712326,0.3251124620437622,0.7136967182159424,-0.05302690714597702,0.3839613199234009,0.6573604941368103,-0.06967760622501373,0.4337526261806488,0.6198393106460571,-0.08352594822645187,0.3344520628452301,0.5801255702972412,-0.023967426270246506,0.3141646981239319,0.4687095284461975,-0.04547996446490288,0.30403053760528564,0.4007161855697632,-0.05835527181625366,0.2979825735092163,0.34108778834342957,-0.06639780849218369,0.38883307576179504,0.5888890027999878,-0.025125345215201378,0.43320417404174805,0.4764818549156189,-0.04901375249028206,0.46955010294914246,0.40649133920669556,-0.06469834595918655,0.5024824738502502,0.35233286023139954,-0.07068949192762375,0.4267331063747406,0.633746862411499,-0.030927687883377075,0.44267934560775757,0.6114811301231384,-0.06830757856369019,0.4108882248401642,0.6733324527740479,-0.07519370317459106,0.3924121558666229,0.7129205465316772,-0.06735247373580933,0.4537090063095093,0.6924307346343994,-0.03971255198121071,0.46293407678604126,0.6765310764312744,-0.0690416470170021,0.4315093457698822,0.7194004654884338,-0.06748580932617188,0.4090462923049927,0.7514228820800781,-0.057886138558387756
0.3674110770225525,0.8812745809555054,9.834137699726853e-07,0.32816824316978455,0.8096343278884888,-0.04234900698065758,0.3332206606864929,0.7209945917129517,-0.062295980751514435,0.3943563401699066,0.6674584150314331,-0.08071134239435196,0.44430553913116455,0.6284903883934021,-0.09613064676523209,0.3409408926963806,0.5793333053588867,-0.028920689597725868,0.3210023045539856,0.4647698402404785,-0.05310078337788582,0.3109884560108185,0.39247632026672363,-0.06839286535978317,0.3054824471473694,0.3301088213920593,-0.07815052568912506,0.3957659602165222,0.5903611779212952,-0.027981601655483246,0.43864384293556213,0.4758143723011017,-0.05374497175216675,0.4748046398162842,0.4055188298225403,-0.07074560225009918,0.5078794360160828,0.3488718867301941,-0.07784643769264221,0.4326521158218384,0.6365309357643127,-0.03257741406559944,0.45184314250946045,0.6121532917022705,-0.07156986743211746,0.4197993874549866,0.6745691895484924,-0.07893405854701996,0.4005832374095917,0.710837185382843,-0.07147037237882614,0.45774132013320923,0.6961959600448608,-0.04083549603819847,0.4707673192024231,0.6797858476638794,-0.07060199230909348,0.43954432010650635,0.7228508591651917,-0.06948535889387131,0.41707107424736023,0.7505582571029663,-0.060610029846429825
0.3683319687843323,0.8812052011489868,9.566456355969422e-07,0.3291243314743042,0.809757649898529,-0.04185949265956879,0.33491915464401245,0.7207951545715332,-0.06137997657060623,0.39581426978111267,0.6678991317749023,-0.07934721559286118,0.44573599100112915,0.6292852163314819,-0.09442383050918579,0.34152767062187195,0.5799892544746399,-0.029741568490862846,0.32184791564941406,0.46273940801620483,-0.053465213626623154,0.3116498291492462,0.3895430564880371,-0.06810840964317322,0.3059585690498352,0.3267728388309479,-0.07753331959247589,0.3959537148475647,0.5901414752006531,-0.028617778792977333,0.4381241798400879,0.4758002758026123,-0.054122935980558395,0.4741404354572296,0.40531229972839355,-0.07090463489294052,0.5070735812187195,0.3485831916332245,-0.07810662686824799,0.4320223033428192,0.6350215077400208,-0.03285316377878189,0.4511275887489319,0.6099094748497009,-0.07094868272542953,0.41949376463890076,0.6711658239364624,-0.07876356691122055,0.40047144889831543,0.7068085670471191,-0.07217850536108017,0.4565141201019287,0.6929616332054138,-0.040734633803367615,0.46721264719963074,0.6785931587219238,-0.07047130912542343,0.4357086718082428,0.7205370664596558,-0.07062072306871414,0.41333675384521484,0.7469932436943054,-0.06296057999134064
0.3690428137779236,0.8835533261299133,1.0025131587099168e-06,0.33085665106773376,0.8128089308738708,-0.04618089273571968,0.3382537364959717,0.7251068353652954,-0.06688946485519409,0.4002496898174286,0.6717780232429504,-0.0850302055478096,0.4490315616130829,0.6329753994941711,-0.09964127838611603,0.34339264035224915,0.5800842046737671,-0.03096369467675686,0.32373130321502686,0.46434539556503296,-0.055218908935785294,0.31355443596839905,0.3909582495689392,-0.07076418399810791,0.30783775448799133,0.3277283012866974,-0.08086446672677994,0.39811742305755615,0.5910372734069824,-0.0275828018784523,0.4411306083202362,0.4779342710971832,-0.05361274629831314,0.4777480959892273,0.40778759121894836,-0.07088443636894226,0.5110764503479004,0.3506534695625305,-0.07828957587480545,0.4341944754123688,0.6363441348075867,-0.03018091432750225,0.4550054669380188,0.6152889132499695,-0.06883097440004349,0.42404767870903015,0.677881121635437,-0.07636082172393799,0.404796838760376,0.7126573324203491,-0.06919274479150772,0.45881858468055725,0.6941058039665222,-0.03691082447767258,0.47274720668792725,0.6821626424789429,-0.06603079289197922,0.44274836778640747,0.7251367568969727,-0.06568872183561325,0.4210142493247986,0.7503687739372253,-0.057687945663928986
0.3702086806297302,0.8843104839324951,9.896725714497734e-07,0.33463254570961,0.8136265277862549,-0.047209255397319794,0.3440108895301819,0.7254716157913208,-0.06849522888660431,0.4068363904953003,0.6723080277442932,-0.08676741272211075,0.45618948340415955,0.6320629119873047,-0.1013699397444725,0.34760189056396484,0.580608606338501,-0.033834587782621384,0.3284893035888672,0.46478235721588135,-0.05946679040789604,0.3185957968235016,0.3900064527988434,-0.07534818351268768,0.31303051114082336,0.32596442103385925,-0.0854237824678421,0.4020768105983734,0.5915101170539856,-0.030087638646364212,0.44509634375572205,0.47710663080215454,-0.05759070813655853,0.48131996393203735,0.4076935648918152,-0.07495591789484024,0.5146567821502686,0.35109344124794006,-0.08199787884950638,0.4383290410041809,0.6364522576332092,-0.032232750207185745,0.4614744186401367,0.6183091998100281,-0.0719011202454567,0.4292075037956238,0.6810514330863953,-0.07865393161773682,0.4088793992996216,0.7148324847221375,-0.07050936669111252,0.46281176805496216,0.6940101385116577,-0.03855332359671593,0.4787698984146118,0.6830545663833618,-0.06803836673498154,0.4487914741039276,0.7253961563110352,-0.06706968694925308,0.4266494810581207,0.7492524981498718,-0.05830851197242737
0.37037473917007446,0.8854697346687317,1.0109291679327725e-06,0.33433273434638977,0.8133820295333862,-0.0512896291911602,0.34397584199905396,0.7265186905860901,-0.07355337589979172,0.40810415148735046,0.6745728850364685,-0.09185799956321716,0.45707470178604126,0.635675847530365,-0.10633184760808945,0.34764495491981506,0.5813924670219421,-0.036556098610162735,0.3282058835029602,0.4642443060874939,-0.06273660808801651,0.31797751784324646,0.38936305046081543,-0.07918265461921692,0.3123553693294525,0.324558824300766,-0.08964446187019348,0.4028303623199463,0.5929926633834839,-0.030832841992378235,0.44483107328414917,0.4786168038845062,-0.05906658619642258,0.4810563623905182,0.4087158739566803,-0.07700124382972717,0.5147657990455627,0.35123544931411743,-0.08438731729984283,0.4389868974685669,0.6386457681655884,-0.03148164227604866,0.46138060092926025,0.6234146356582642,-0.07253119349479675,0.428963303565979,0.6832128167152405,-0.08111432194709778,0.4085609018802643,0.7142553925514221,-0.07397370040416718,0.4627112150192261,0.6965997219085693,-0.036588821560144424,0.47815167903900146,0.6861808896064758,-0.0669146403670311,0.448153018951416,0.7269771099090576,-0.06703314930200577,0.4258583188056946,0.7492856979370117,-0.059084873646497726
0.371195912361145,0.8875201940536499,1.005054400593508e-06,0.3363521099090576,0.8160358667373657,-0.04892000928521156,0.348274827003479,0.727611243724823,-0.06993349641561508,0.4117431044578552,0.6736116409301758,-0.08728401362895966,0.4606579840183258,0.6339412331581116,-0.10074260085821152,0.34899118542671204,0.5826135873794556,-0.03499573469161987,0.33031439781188965,0.4630464017391205,-0.06008993834257126,0.3204273283481598,0.3879236578941345,-0.07543197274208069,0.3150315284729004,0.323640912771225,-0.08488059043884277,0.40408390760421753,0.5938233733177185,-0.0298101045191288,0.4472801387310028,0.47756892442703247,-0.05738044157624245,0.48425519466400146,0.4075852632522583,-0.07469884306192398,0.5188988447189331,0.35058972239494324,-0.08149364590644836,0.4403754770755768,0.6385681629180908,-0.030559297651052475,0.46414852142333984,0.6205098032951355,-0.07101049274206161,0.4314563572406769,0.6831278204917908,-0.07830923050642014,0.41109636425971985,0.7176399827003479,-0.07001042366027832,0.46447500586509705,0.6947976350784302,-0.0355055034160614,0.4823461174964905,0.680738627910614,-0.06522926688194275,0.4535563588142395,0.7231180667877197,-0.06408856809139252,0.43267735838890076,0.748591423034668,-0.05494893714785576
0.37058892846107483,0.8871795535087585,1.004261775960913e-06,0.33595791459083557,0.8149368762969971,-0.05033392459154129,0.34822025895118713,0.7279284000396729,-0.0715930238366127,0.4123290181159973,0.6753227114677429,-0.0888010635972023,0.4608803689479828,0.6350917816162109,-0.10194222629070282,0.34891366958618164,0.5826112031936646,-0.03589514642953873,0.33028122782707214,0.4638511538505554,-0.061419565230607986,0.32052332162857056,0.38838741183280945,-0.07711894810199738,0.315451979637146,0.32338234782218933,-0.08695220202207565,0.4044714868068695,0.5939552783966064,-0.030101168900728226,0.44682577252388,0.47770175337791443,-0.05816211178898811,0.48324164748191833,0.4081365168094635,-0.07573743164539337,0.517392098903656,0.3508424758911133,-0.08271963894367218,0.44087907671928406,0.6389161944389343,-0.030491890385746956,0.4627951979637146,0.6221425533294678,-0.07182887196540833,0.4302957355976105,0.6840035319328308,-0.07996704429388046,0.4103797376155853,0.7171088457107544,-0.0721253976225853,0.4648127555847168,0.6956874132156372,-0.035180769860744476,0.4805052876472473,0.6830850839614868,-0.06578373163938522,0.4514329135417938,0.7246802449226379,-0.06563602387905121,0.43044567108154297,0.7490191459655762,-0.05722375214099884
0.37173473834991455,0.8874655961990356,9.955302857633797e-07,0.3361666202545166,0.8158758878707886,-0.04992642253637314,0.3459726572036743,0.729128897190094,-0.071919284760952,0.41034969687461853,0.6774634122848511,-0.0901673212647438,0.4597504734992981,0.6387836337089539,-0.10463487356901169,0.3487437963485718,0.5844263434410095,-0.03744800016283989,0.33033454418182373,0.46503353118896484,-0.06317179650068283,0.3205180764198303,0.38928908109664917,-0.07903841882944107,0.3152545690536499,0.32396307587623596,-0.08909846842288971,0.4040662348270416,0.5947344303131104,-0.03211347758769989,0.44626861810684204,0.4790283441543579,-0.0598021075129509,0.482668399810791,0.40856802463531494,-0.0770839974284172,0.5164487361907959,0.35128065943717957,-0.08420220762491226,0.4402465522289276,0.6389526128768921,-0.03283117711544037,0.4623670279979706,0.6203604936599731,-0.07334841042757034,0.4307935833930969,0.6822030544281006,-0.08122396469116211,0.4109553396701813,0.7166765928268433,-0.07365326583385468,0.46458759903907776,0.6956391334533691,-0.037881337106227875,0.4811607897281647,0.6806951761245728,-0.06787893921136856,0.4525005519390106,0.7225244641304016,-0.06749804317951202,0.43138861656188965,0.7482241988182068,-0.05919693782925606
0.37116581201553345,0.8853175044059753,9.958614555216627e-07,0.3360787630081177,0.814449667930603,-0.047697413712739944,0.3461235761642456,0.728191614151001,-0.06904521584510803,0.40900853276252747,0.6747536659240723,-0.08726399391889572,0.4586270749568939,0.6345210075378418,-0.10193822532892227,0.3479093611240387,0.5824220776557922,-0.03462155908346176,0.32996997237205505,0.4633951783180237,-0.059474147856235504,0.32031962275505066,0.38883668184280396,-0.07437732815742493,0.31507551670074463,0.3243977427482605,-0.08356668800115585,0.4032561779022217,0.5920271277427673,-0.030265120789408684,0.4454369843006134,0.47623544931411743,-0.05717530846595764,0.48128843307495117,0.4061864912509918,-0.07376859337091446,0.514042854309082,0.3487856388092041,-0.08015426993370056,0.43984320759773254,0.635999321937561,-0.03177696838974953,0.46091657876968384,0.6177142262458801,-0.07216624915599823,0.43006792664527893,0.6802563667297363,-0.07996704429388046,0.4113966226577759,0.7153797745704651,-0.07212721556425095,0.46356457471847534,0.692611038684845,-0.03730496019124985,0.4775519073009491,0.6796703934669495,-0.0671362429857254,0.4486818015575409,0.7230520844459534,-0.06642487645149231,0.42860478162765503,0.7495446801185608,-0.05768134444952011
0.3715621531009674,0.8865307569503784,1.0009418929257663e-06,0.3365304172039032,0.8157313466072083,-0.04968816414475441,0.3472294211387634,0.7278661727905273,-0.07076294720172882,0.4113922417163849,0.6751891374588013,-0.08796672523021698,0.459934264421463,0.6355116367340088,-0.10141684114933014,0.3481930196285248,0.5819746255874634,-0.03528984263539314,0.3300422728061676,0.4634586572647095,-0.059568360447883606,0.32054704427719116,0.3883076310157776,-0.07451964914798737,0.3154142498970032,0.323866069316864,-0.08378742635250092,0.4030652642250061,0.5928474068641663,-0.029335059225559235,0.44515395164489746,0.4765940308570862,-0.055266812443733215,0.48061656951904297,0.405880868434906,-0.07182343304157257,0.5132765769958496,0.34828469157218933,-0.07840399444103241,0.4389053285121918,0.6375434994697571,-0.029469920322299004,0.4605741500854492,0.6182271838188171,-0.06882251799106598,0.429095596075058,0.6799331307411194,-0.07724419236183167,0.4096435010433197,0.7139539122581482,-0.07003334164619446,0.4624072015285492,0.693569004535675,-0.033831384032964706,0.4777986407279968,0.6788907647132874,-0.06342572718858719,0.44923725724220276,0.7212690114974976,-0.06359856575727463,0.42913618683815,0.7468017339706421,-0.055610448122024536
0.3706004321575165,0.8854445219039917,9.95100549516792e-07,0.3363291919231415,0.8155474662780762,-0.050160907208919525,0.34787461161613464,0.7289980053901672,-0.07192711532115936,0.41270124912261963,0.6771788597106934,-0.08976608514785767,0.4610077738761902,0.6370677351951599,-0.10372007638216019,0.34906938672065735,0.5826689600944519,-0.037035033106803894,0.3315163850784302,0.46443772315979004,-0.06219155341386795,0.3222542405128479,0.38926273584365845,-0.07768994569778442,0.3171747028827667,0.32516464591026306,-0.08733858168125153,0.40369221568107605,0.59369957447052,-0.03109675459563732,0.4457327723503113,0.4770926237106323,-0.05775224417448044,0.4808008372783661,0.4067443609237671,-0.0745401680469513,0.5133415460586548,0.3490522503852844,-0.08140359818935394,0.4395752549171448,0.6384425759315491,-0.03121883235871792,0.4631634056568146,0.6194530129432678,-0.07050848007202148,0.43144136667251587,0.6810148358345032,-0.07812915742397308,0.41135600209236145,0.7144830226898193,-0.07056540995836258,0.4629865884780884,0.6949805617332458,-0.03567817434668541,0.4808095395565033,0.6800187230110168,-0.0648222267627716,0.4528442323207855,0.7208825945854187,-0.06442143768072128,0.4322774410247803,0.7451604008674622,-0.05619721859693527
0.3699617385864258,0.8831580877304077,9.95699224404234e-07,0.3361809253692627,0.8126901984214783,-0.05018140375614166,0.3470183312892914,0.728351891040802,-0.07228144258260727,0.41172027587890625,0.6775880455970764,-0.09057773649692535,0.4599693715572357,0.6367723345756531,-0.10498363524675369,0.34943217039108276,0.5818325877189636,-0.036549679934978485,0.33229804039001465,0.4633764326572418,-0.06200570985674858,0.32289278507232666,0.3888184428215027,-0.07762954384088516,0.3177262842655182,0.324868768453598,-0.08727893233299255,0.4044819474220276,0.5920706987380981,-0.03092736005783081,0.44619399309158325,0.47608253359794617,-0.058061983436346054,0.4808744192123413,0.40556973218917847,-0.07503942400217056,0.5125743746757507,0.34751713275909424,-0.08187559247016907,0.44049981236457825,0.6363539695739746,-0.03147853910923004,0.4622524082660675,0.6174690127372742,-0.07176464051008224,0.4309239387512207,0.6789928674697876,-0.07990078628063202,0.41100552678108215,0.7128227949142456,-0.07244549691677094,0.4640361964702606,0.6932415962219238,-0.03631751239299774,0.4794837236404419,0.6795436143875122,-0.06591159850358963,0.451252281665802,0.7211738228797913,-0.06555061787366867,0.43073707818984985,0.7459766864776611,-0.057248733937740326
0.37295830249786377,0.8851513862609863,9.56996473178151e-07,0.33937883377075195,0.8150510191917419,-0.051659222692251205,0.35178518295288086,0.7281005382537842,-0.07167727500200272,0.4172498881816864,0.6755571365356445,-0.08685141801834106,0.4637826681137085,0.6337252855300903,-0.09763064235448837,0.35057634115219116,0.5847089290618896,-0.0368436723947525,0.33403435349464417,0.46484375,-0.0617813766002655,0.3247123956680298,0.3889472484588623,-0.07632558047771454,0.31922706961631775,0.3239894509315491,-0.08476810902357101,0.4043595492839813,0.5955859422683716,-0.029882432892918587,0.44286611676216125,0.47581344842910767,-0.056547924876213074,0.4750205874443054,0.4030730128288269,-0.07253085821866989,0.5050519704818726,0.343086838722229,-0.0780969113111496,0.4401511251926422,0.6399180889129639,-0.029372746124863625,0.46317601203918457,0.6240159273147583,-0.0708409920334816,0.4337520897388458,0.686248779296875,-0.0798364132642746,0.4148956835269928,0.7196675539016724,-0.07191935926675797,0.46358469128608704,0.6961085200309753,-0.033159926533699036,0.48235031962394714,0.6825152635574341,-0.0641200914978981,0.455976665019989,0.7239956259727478,-0.06461795419454575,0.4358718991279602,0.748226523399353,-0.056313950568437576
0.3710003197193146,0.8845083117485046,9.454349196857947e-07,0.33735784888267517,0.8154290318489075,-0.049281369894742966,0.34914088249206543,0.7304345369338989,-0.07048582285642624,0.41423162817955017,0.6794968843460083,-0.08792507648468018,0.461820125579834,0.638921320438385,-0.10149218887090683,0.35173431038856506,0.5837750434875488,-0.03606449440121651,0.33498403429985046,0.4662257134914398,-0.062244001775979996,0.3256935179233551,0.3903975486755371,-0.07801277190446854,0.31999021768569946,0.3257380723953247,-0.08741940557956696,0.4047282040119171,0.5928175449371338,-0.03123953752219677,0.4423418343067169,0.473655641078949,-0.0592108815908432,0.4731231927871704,0.40045642852783203,-0.07588807493448257,0.5016880631446838,0.340185284614563,-0.08196809142827988,0.440311998128891,0.6361369490623474,-0.03262225165963173,0.4609919786453247,0.6165533661842346,-0.07412959635257721,0.4318186342716217,0.6785539984703064,-0.08237616717815399,0.4139644205570221,0.7127379179000854,-0.07431328296661377,0.4633296728134155,0.6926713585853577,-0.03815735876560211,0.4770795702934265,0.676989734172821,-0.0684075802564621,0.44897210597991943,0.719235360622406,-0.0679268091917038,0.42913931608200073,0.7445249557495117,-0.05917036905884743
0.3734794557094574,0.8859008550643921,9.372351428282855e-07,0.33924955129623413,0.8154598474502563,-0.05134311690926552,0.350046306848526,0.7288824319839478,-0.07143181562423706,0.4163321852684021,0.6773480176925659,-0.0870961919426918,0.4636755585670471,0.6358321309089661,-0.09862070530653,0.3509800136089325,0.5840110182762146,-0.034969720989465714,0.33485978841781616,0.4651915431022644,-0.06023167446255684,0.3260957598686218,0.38890784978866577,-0.07523873448371887,0.32045939564704895,0.3240228295326233,-0.08384193480014801,0.404116690158844,0.5941389203071594,-0.028708036988973618,0.44034892320632935,0.4727310240268707,-0.05533982813358307,0.46941933035850525,0.3983554542064667,-0.07103752344846725,0.49631690979003906,0.33746033906936646,-0.0761384516954422,0.44000348448753357,0.6385629773139954,-0.029158027842640877,0.46172526478767395,0.6197364926338196,-0.07188355922698975,0.433385968208313,0.6829230189323425,-0.08139195293188095,0.41563859581947327,0.7174734473228455,-0.07324647903442383,0.4634111225605011,0.6958237886428833,-0.03378492593765259,0.48101159930229187,0.678808331489563,-0.06571384519338608,0.4539535939693451,0.7216809391975403,-0.06623752415180206,0.4336574077606201,0.7470259666442871,-0.057666175067424774
0.3730022609233856,0.8852688074111938,9.370792781737691e-07,0.3383827805519104,0.8146983981132507,-0.05188482999801636,0.34913063049316406,0.7290764451026917,-0.07305144518613815,0.41592317819595337,0.6776124835014343,-0.08982661366462708,0.4634132385253906,0.6358381509780884,-0.1025039479136467,0.35101816058158875,0.583888828754425,-0.03680986911058426,0.3346288800239563,0.4652721881866455,-0.0635635033249855,0.3254607915878296,0.3887907862663269,-0.07955091446638107,0.3194485008716583,0.3240428864955902,-0.08876527100801468,0.4043835699558258,0.5929397940635681,-0.030795805156230927,0.43904203176498413,0.4714054465293884,-0.05877946317195892,0.467099130153656,0.3962748944759369,-0.07496467977762222,0.4932716190814972,0.3350619375705719,-0.08039238303899765,0.44078487157821655,0.6365710496902466,-0.03152557834982872,0.4613859951496124,0.6172271370887756,-0.07455670833587646,0.43303582072257996,0.6811832785606384,-0.0834043025970459,0.41537851095199585,0.7162396311759949,-0.0749356597661972,0.4646678864955902,0.6938971877098083,-0.0365702360868454,0.47939956188201904,0.676264226436615,-0.06815952807664871,0.45228877663612366,0.7197921872138977,-0.06801818311214447,0.4323267638683319,0.7455263733863831,-0.059084709733724594
0.3726544976234436,0.8849284648895264,9.137781944446033e-07,0.3386341333389282,0.8155062198638916,-0.04983191937208176,0.34958454966545105,0.7292719483375549,-0.07105369865894318,0.41512319445610046,0.6775352954864502,-0.08860621601343155,0.46198803186416626,0.6358239054679871,-0.10219523310661316,0.3512854278087616,0.5840175151824951,-0.036307208240032196,0.3353089988231659,0.4655938148498535,-0.06374707072973251,0.3260529339313507,0.38889455795288086,-0.07996752858161926,0.3197798728942871,0.3240017592906952,-0.08932847529649734,0.4042409360408783,0.5928999185562134,-0.031656235456466675,0.4381104111671448,0.4715888500213623,-0.061105743050575256,0.4658472537994385,0.39581000804901123,-0.07787025719881058,0.4919690787792206,0.3332970440387726,-0.0835639238357544,0.44061821699142456,0.6362015604972839,-0.033405959606170654,0.4622005820274353,0.6154803037643433,-0.0768439769744873,0.4345985949039459,0.6798820495605469,-0.08466486632823944,0.4173654019832611,0.7160483002662659,-0.0754697322845459,0.46461349725723267,0.6933839917182922,-0.039378486573696136,0.4806073009967804,0.6765549182891846,-0.07056643068790436,0.45380455255508423,0.7195332646369934,-0.06969147175550461,0.4343017637729645,0.7449817657470703,-0.06027541309595108
0.3716811239719391,0.8849847912788391,9.142613066615013e-07,0.33790990710258484,0.8146879076957703,-0.05106345936655998,0.3476758599281311,0.7292386293411255,-0.0733199268579483,0.4124160408973694,0.6771348118782043,-0.09175697714090347,0.4600208103656769,0.6344470977783203,-0.10611948370933533,0.35060226917266846,0.5837569236755371,-0.0368700847029686,0.33291035890579224,0.4661484956741333,-0.0651778057217598,0.32277265191078186,0.3897962272167206,-0.08231069892644882,0.31661489605903625,0.32473158836364746,-0.09237546473741531,0.4037802815437317,0.592339038848877,-0.031803641468286514,0.4359185993671417,0.47154393792152405,-0.06208491325378418,0.4632764160633087,0.3963107466697693,-0.07962009310722351,0.4895325303077698,0.33357736468315125,-0.08590056747198105,0.44073760509490967,0.6352139711380005,-0.03331909701228142,0.4618878960609436,0.6167068481445312,-0.07778275012969971,0.4345055818557739,0.6809892058372498,-0.0863407701253891,0.4170473515987396,0.7172317504882812,-0.07761752605438232,0.46586310863494873,0.6921136379241943,-0.03915397450327873,0.48221251368522644,0.6784299612045288,-0.07118584215641022,0.45466160774230957,0.7218753099441528,-0.07100775837898254,0.43408870697021484,0.7471597790718079,-0.06208466738462448
0.37252238392829895,0.8834368586540222,8.99184783520468e-07,0.3385127782821655,0.8124521970748901,-0.05005095899105072,0.3478114902973175,0.727316677570343,-0.07145199179649353,0.41206538677215576,0.6746267080307007,-0.08919549733400345,0.45898449420928955,0.6326862573623657,-0.1029437854886055,0.34872299432754517,0.5827797055244446,-0.03478454053401947,0.3304477632045746,0.46614396572113037,-0.06309361010789871,0.3195512890815735,0.3906046450138092,-0.08016806840896606,0.3124980926513672,0.3265420198440552,-0.08989883959293365,0.4014853537082672,0.5898025035858154,-0.030001278966665268,0.43237897753715515,0.4683184027671814,-0.05982603877782822,0.45867282152175903,0.3931325078010559,-0.07704707235097885,0.48413392901420593,0.3308156430721283,-0.08286149054765701,0.43879926204681396,0.631483256816864,-0.03185819089412689,0.4584847092628479,0.6150654554367065,-0.07612527161836624,0.4319975674152374,0.6783115863800049,-0.08493868261575699,0.4154275059700012,0.7138368487358093,-0.07612655311822891,0.46440741419792175,0.6874068975448608,-0.03794556111097336,0.47959011793136597,0.6739104390144348,-0.06908567249774933,0.4535507559776306,0.717018723487854,-0.06838590651750565,0.4347159266471863,0.7423157691955566,-0.05903966724872589
0.37262335419654846,0.8824120759963989,8.872145826899214e-07,0.3363446891307831,0.8126291632652283,-0.05004674568772316,0.3425102233886719,0.7265298366546631,-0.07214933633804321,0.4043072462081909,0.6707643866539001,-0.09070871025323868,0.4512774348258972,0.6289136409759521,-0.10528042167425156,0.34459587931632996,0.5837429761886597,-0.036765437573194504,0.32400986552238464,0.4663580656051636,-0.06531098484992981,0.31162554025650024,0.3913556635379791,-0.08211386203765869,0.30355313420295715,0.328026682138443,-0.09171117842197418,0.3978669345378876,0.5900363922119141,-0.032193873077631,0.42496544122695923,0.4670138955116272,-0.06227285787463188,0.4490810036659241,0.39045608043670654,-0.07914356887340546,0.4727998971939087,0.3266025483608246,-0.0848388820886612,0.43650490045547485,0.6312278509140015,-0.034084759652614594,0.4552546441555023,0.6117483377456665,-0.07838674634695053,0.42964473366737366,0.6762938499450684,-0.08682223409414291,0.4136424660682678,0.7143265604972839,-0.07794522494077682,0.46403899788856506,0.6870926022529602,-0.04025300219655037,0.47948986291885376,0.6753801107406616,-0.07242599874734879,0.45304006338119507,0.7196905016899109,-0.07257501035928726,0.4335086941719055,0.746633768081665,-0.06376074254512787
0.3715071976184845,0.882854163646698,8.76702983987343e-07,0.33483025431632996,0.8127108812332153,-0.050328146666288376,0.3393874168395996,0.726183295249939,-0.07207338511943817,0.40154170989990234,0.6688015460968018,-0.09024803340435028,0.45044460892677307,0.6247202157974243,-0.10468089580535889,0.3418766260147095,0.5844926834106445,-0.03544501215219498,0.3209087550640106,0.46726563572883606,-0.06338012963533401,0.30793437361717224,0.3925573229789734,-0.0804610401391983,0.29943931102752686,0.3297595977783203,-0.090537890791893,0.3958299160003662,0.5903046131134033,-0.03090384230017662,0.42131751775741577,0.4668508768081665,-0.059732839465141296,0.4436676800251007,0.38925379514694214,-0.07720848172903061,0.4657021760940552,0.32462117075920105,-0.08388007432222366,0.43470460176467896,0.6323342323303223,-0.032940641045570374,0.45198750495910645,0.6094485521316528,-0.0768674910068512,0.4274663031101227,0.6730180978775024,-0.08633220195770264,0.41205745935440063,0.710694432258606,-0.07855264842510223,0.4620347023010254,0.6895076632499695,-0.039154212921857834,0.47567445039749146,0.6711964011192322,-0.07175996154546738,0.4501306116580963,0.7161113619804382,-0.07210913300514221,0.4311872720718384,0.7447890043258667,-0.06359175592660904
0.37260013818740845,0.8819618821144104,8.772960313763178e-07,0.33568474650382996,0.8119632601737976,-0.048495374619960785,0.34021076560020447,0.726123571395874,-0.06978902220726013,0.4003787338733673,0.6691507697105408,-0.08781073987483978,0.44690006971359253,0.6263929009437561,-0.1018364429473877,0.3416540324687958,0.583003580570221,-0.03499121963977814,0.3198983073234558,0.4661351144313812,-0.06290824711322784,0.30646130442619324,0.39181947708129883,-0.07922159135341644,0.2977922856807709,0.3286955654621124,-0.08858685940504074,0.39542609453201294,0.5891062617301941,-0.031212368980050087,0.4211735427379608,0.4655967354774475,-0.06077415123581886,0.4434034526348114,0.3890765309333801,-0.0773698017001152,0.46583420038223267,0.3249489963054657,-0.08297260850667953,0.43447503447532654,0.630429208278656,-0.03380982205271721,0.45134639739990234,0.6104907393455505,-0.07756148278713226,0.42548465728759766,0.6741024851799011,-0.08596958965063095,0.409903347492218,0.7110536694526672,-0.07725372165441513,0.462509423494339,0.6865488886833191,-0.04057210683822632,0.47661107778549194,0.6740481853485107,-0.07200286537408829,0.45012420415878296,0.7179772257804871,-0.07194559276103973,0.43116962909698486,0.74460768699646,-0.06320077925920486
0.3708330988883972,0.8817429542541504,8.775730861998454e-07,0.33530738949775696,0.8127610683441162,-0.04879355430603027,0.3396032452583313,0.7267559766769409,-0.07090398669242859,0.399273544549942,0.6689702272415161,-0.0899696797132492,0.4464314877986908,0.6239166855812073,-0.10514383763074875,0.34080129861831665,0.5833948850631714,-0.03571955859661102,0.31891167163848877,0.46661996841430664,-0.0642000287771225,0.3054788112640381,0.3922450542449951,-0.08091352134943008,0.296728253364563,0.3292340934276581,-0.09058047086000443,0.3947422206401825,0.5898723602294922,-0.032476767897605896,0.4202779531478882,0.465408593416214,-0.06262628734111786,0.44239574670791626,0.38807058334350586,-0.07996769994497299,0.46419596672058105,0.3230604827404022,-0.08619213104248047,0.4341996908187866,0.6321219801902771,-0.0355910062789917,0.4520587921142578,0.6098986268043518,-0.08082617074251175,0.42711344361305237,0.6739688515663147,-0.09015041589736938,0.4113854765892029,0.7122620940208435,-0.08190935850143433,0.4624193608760834,0.6896229386329651,-0.042734306305646896,0.47823789715766907,0.6756861805915833,-0.07580685615539551,0.4513261616230011,0.7205188870429993,-0.07632477581501007,0.4308243989944458,0.7487162947654724,-0.06781844794750214
0.3701156973838806,0.8809720873832703,8.88695524281502e-07,0.33351847529411316,0.8103823661804199,-0.04998006299138069,0.338046133518219,0.7238951921463013,-0.07110054045915604,0.3989429473876953,0.6667405366897583,-0.08868437260389328,0.44611427187919617,0.6230531930923462,-0.10218639671802521,0.33887946605682373,0.5835110545158386,-0.03437541425228119,0.3168767988681793,0.46707141399383545,-0.06139661371707916,0.3029133379459381,0.39308324456214905,-0.07781736552715302,0.29373428225517273,0.3302079439163208,-0.08755571395158768,0.39323943853378296,0.5904936194419861,-0.030110199004411697,0.41792649030685425,0.4661221504211426,-0.05850459635257721,0.43912750482559204,0.3884204030036926,-0.07581713795661926,0.4604800045490265,0.32282477617263794,-0.08244767785072327,0.43268057703971863,0.6332929134368896,-0.032432474195957184,0.450255423784256,0.6097233295440674,-0.07685412466526031,0.4251372218132019,0.6744412183761597,-0.0867077112197876,0.4093782901763916,0.7136425375938416,-0.07881534099578857,0.4609745740890503,0.6909396052360535,-0.03887186199426651,0.47839653491973877,0.6723399758338928,-0.0716218501329422,0.4534023404121399,0.7164953947067261,-0.07217459380626678,0.43416017293930054,0.7458552122116089,-0.06378154456615448
0.3692028224468231,0.8813867568969727,8.97795075616159e-07,0.3327138125896454,0.8103618025779724,-0.05237627774477005,0.3368619680404663,0.7240849733352661,-0.07450633496046066,0.3983914852142334,0.6671894788742065,-0.0926889181137085,0.4466070234775543,0.6232579946517944,-0.1069229245185852,0.3379943072795868,0.5837607979774475,-0.03593683987855911,0.3156736195087433,0.46738219261169434,-0.06369572877883911,0.3014727532863617,0.3927050232887268,-0.08109880238771439,0.29206135869026184,0.32945114374160767,-0.09158460050821304,0.392161101102829,0.5909243226051331,-0.030430713668465614,0.4165263772010803,0.4665049612522125,-0.058985333889722824,0.4369402229785919,0.38897180557250977,-0.07691475003957748,0.4579402208328247,0.3232084810733795,-0.0841677188873291,0.43137800693511963,0.6340949535369873,-0.03179965540766716,0.44852152466773987,0.6096824407577515,-0.07619234174489975,0.4229167401790619,0.6729129552841187,-0.08692523092031479,0.4074196517467499,0.7100861072540283,-0.07986023277044296,0.4594728648662567,0.6919099688529968,-0.03745627403259277,0.4758346676826477,0.6707174777984619,-0.06995830684900284,0.44973617792129517,0.7142788171768188,-0.07094018906354904,0.43014127016067505,0.7424665093421936,-0.06312011182308197
0.36963966488838196,0.8800461888313293,8.699295221958891e-07,0.3327782452106476,0.811427116394043,-0.04779047146439552,0.33699285984039307,0.7249494791030884,-0.06852143257856369,0.39697277545928955,0.6681586503982544,-0.0862945169210434,0.4431470036506653,0.6244089007377625,-0.10042236745357513,0.33771103620529175,0.5840465426445007,-0.03348754346370697,0.3150363564491272,0.46780383586883545,-0.061033349484205246,0.3006375730037689,0.393282949924469,-0.07783841341733932,0.2911209464073181,0.3300309181213379,-0.0878491923213005,0.3914170265197754,0.5910090208053589,-0.030533703044056892,0.4160909056663513,0.46597325801849365,-0.059317249804735184,0.43664005398750305,0.3883483409881592,-0.07698916643857956,0.45721620321273804,0.32147765159606934,-0.08396844565868378,0.4300338923931122,0.6334210634231567,-0.03389270231127739,0.4471933841705322,0.6061199903488159,-0.07824283093214035,0.42222321033477783,0.669416606426239,-0.0880044475197792,0.4066612124443054,0.7076937556266785,-0.08042585849761963,0.45708906650543213,0.690748929977417,-0.04113829880952835,0.471211701631546,0.6718171834945679,-0.0738629549741745,0.4446408152580261,0.7164002060890198,-0.07423488795757294,0.42518073320388794,0.7458850741386414,-0.06589643657207489
0.3676324486732483,0.8784253597259521,8.888091542758048e-07,0.33210882544517517,0.8090778589248657,-0.04803188517689705,0.3363615572452545,0.7234154939651489,-0.06911507248878479,0.3963718116283417,0.6658952832221985,-0.0872570052742958,0.4437076449394226,0.6235961318016052,-0.10192245990037918,0.3363034129142761,0.5829384326934814,-0.033195555210113525,0.314410001039505,0.46734490990638733,-0.06046014279127121,0.3007090985774994,0.39335471391677856,-0.07723347842693329,0.2915772795677185,0.3302554190158844,-0.0871596410870552,0.3900963068008423,0.5901936888694763,-0.02996905706822872,0.41531646251678467,0.46542519330978394,-0.058064643293619156,0.43634703755378723,0.38783925771713257,-0.07533850520849228,0.45713478326797485,0.32154393196105957,-0.08202171325683594,0.4289579391479492,0.6327150464057922,-0.03308037295937538,0.4462658762931824,0.605603814125061,-0.07696888595819473,0.42126813530921936,0.6682900786399841,-0.08697877079248428,0.40604808926582336,0.7073039412498474,-0.07957316935062408,0.4559578597545624,0.6900508999824524,-0.040081653743982315,0.47035378217697144,0.6715359091758728,-0.07249337434768677,0.44364261627197266,0.7178130149841309,-0.07274585962295532,0.4248195290565491,0.749286413192749,-0.06427362561225891
0.36812931299209595,0.8791981935501099,9.026992415783752e-07,0.3326122760772705,0.8105220198631287,-0.04980967938899994,0.3386742174625397,0.7246638536453247,-0.06996482610702515,0.3990614414215088,0.6671006679534912,-0.08646009117364883,0.44508349895477295,0.6230945587158203,-0.0992225781083107,0.3358239233493805,0.583216667175293,-0.03234740346670151,0.31345120072364807,0.46736329793930054,-0.05869017541408539,0.29926466941833496,0.39299559593200684,-0.07508716732263565,0.28967753052711487,0.32952845096588135,-0.084709033370018,0.3896152377128601,0.5904021859169006,-0.027583077549934387,0.415032297372818,0.4653375744819641,-0.054675694555044174,0.43648189306259155,0.3872305154800415,-0.07174327969551086,0.457503080368042,0.32047873735427856,-0.07823595404624939,0.4279412627220154,0.6328715682029724,-0.029506772756576538,0.4459165930747986,0.6081493496894836,-0.07337485998868942,0.4215371012687683,0.6713714599609375,-0.08429857343435287,0.40631720423698425,0.7106170654296875,-0.07718505710363388,0.45416271686553955,0.6890097260475159,-0.035427603870630264,0.4692513346672058,0.672415554523468,-0.06814315915107727,0.4436059296131134,0.7190247178077698,-0.06915739178657532,0.42534181475639343,0.7505650520324707,-0.061079710721969604
0.3684747517108917,0.8796826004981995,9.094303550227778e-07,0.33270883560180664,0.8117396831512451,-0.05153615027666092,0.33753323554992676,0.7262531518936157,-0.0731438472867012,0.3973691761493683,0.6682969927787781,-0.0907219648361206,0.44382423162460327,0.6241936683654785,-0.10451041907072067,0.335385799407959,0.5831641554832458,-0.03545348718762398,0.3127322793006897,0.46730560064315796,-0.06294053047895432,0.298902690410614,0.39279764890670776,-0.07992898672819138,0.2899402976036072,0.3289586305618286,-0.08999758958816528,0.38913896679878235,0.5901591181755066,-0.02994605526328087,0.4141353368759155,0.4654792547225952,-0.05808528512716293,0.43578237295150757,0.3880096971988678,-0.07526031881570816,0.4574809968471527,0.321257084608078,-0.08171316981315613,0.4276769161224365,0.6324575543403625,-0.031179219484329224,0.4445788562297821,0.6095626950263977,-0.07491030544042587,0.420121967792511,0.67122483253479,-0.08537285774946213,0.4053132236003876,0.7079750299453735,-0.07821694016456604,0.4540671408176422,0.6883844137191772,-0.036652978509664536,0.46706557273864746,0.6743276715278625,-0.06902647763490677,0.4409065246582031,0.7191908955574036,-0.07020655274391174,0.42274999618530273,0.7474885582923889,-0.06241303309798241
0.36716315150260925,0.8801739811897278,9.052577070178813e-07,0.33081987500190735,0.8119587898254395,-0.0496709868311882,0.33610254526138306,0.7258187532424927,-0.0706164762377739,0.39586061239242554,0.6681016683578491,-0.0879494920372963,0.4412025511264801,0.6249812245368958,-0.101700060069561,0.33391907811164856,0.5845378637313843,-0.03488031402230263,0.31157007813453674,0.4674614369869232,-0.06231732666492462,0.2978239357471466,0.39219218492507935,-0.07899808883666992,0.2887982428073883,0.32799044251441956,-0.08874949812889099,0.38746094703674316,0.5916491746902466,-0.030368627980351448,0.41298776865005493,0.4660113751888275,-0.05877898633480072,0.4348277449607849,0.3882523477077484,-0.07608168572187424,0.4567486643791199,0.32161378860473633,-0.08252277225255966,0.4259192943572998,0.6336408257484436,-0.03233211115002632,0.44296199083328247,0.6106638312339783,-0.07615046948194504,0.41813382506370544,0.6721950173377991,-0.0867423489689827,0.40323328971862793,0.7087364792823792,-0.0796540305018425,0.45242613554000854,0.6895015239715576,-0.03831237927079201,0.4654277563095093,0.6739222407341003,-0.07033073157072067,0.43900856375694275,0.7191876173019409,-0.07106712460517883,0.42066729068756104,0.7479915618896484,-0.06303587555885315
0.36604830622673035,0.8771166801452637,8.959105457506666e-07,0.32990553975105286,0.8094750046730042,-0.04857683926820755,0.3334425091743469,0.7244240045547485,-0.0699327141046524,0.393020361661911,0.6669507622718811,-0.08804550766944885,0.4401829242706299,0.6231071949005127,-0.10280971229076385,0.3326113522052765,0.5831636786460876,-0.03428930044174194,0.31033051013946533,0.4670642018318176,-0.06157584488391876,0.29690369963645935,0.392696350812912,-0.07841956615447998,0.2880542278289795,0.3289393186569214,-0.08844491839408875,0.38581332564353943,0.5896053314208984,-0.030264874920248985,0.4112481474876404,0.4645652770996094,-0.057837214320898056,0.432748407125473,0.38716742396354675,-0.07484296709299088,0.45368266105651855,0.3208564221858978,-0.08145088702440262,0.42394599318504333,0.6311497092247009,-0.03255538269877434,0.43995800614356995,0.6056622862815857,-0.07516748458147049,0.41580864787101746,0.666509211063385,-0.08516311645507812,0.40139979124069214,0.7038701176643372,-0.07820966839790344,0.44979333877563477,0.6871032118797302,-0.038792598992586136,0.4603738486766815,0.671086311340332,-0.07011184841394424,0.4345858097076416,0.7165747284889221,-0.07042612135410309,0.4174045920372009,0.7462160587310791,-0.062295399606227875
0.3648480772972107,0.8790658116340637,8.891367997421185e-07,0.32859691977500916,0.8100051879882812,-0.04701121523976326,0.3338353931903839,0.7232332229614258,-0.0660640150308609,0.39379072189331055,0.665077805519104,-0.08202843368053436,0.4394019544124603,0.6226987838745117,-0.09464135766029358,0.33058610558509827,0.5836352705955505,-0.029977990314364433,0.3088231086730957,0.4663184583187103,-0.05475834384560585,0.2952701449394226,0.39149826765060425,-0.07040063291788101,0.28578442335128784,0.32756173610687256,-0.07967950403690338,0.38351717591285706,0.5905894637107849,-0.026218999177217484,0.40848714113235474,0.4646413326263428,-0.05138728395104408,0.4302229881286621,0.38594770431518555,-0.06797729432582855,0.4515696167945862,0.3195933401584625,-0.07447481155395508,0.42111748456954956,0.6326851844787598,-0.02874903567135334,0.43693724274635315,0.6030401587486267,-0.0701058879494667,0.41325271129608154,0.6636742949485779,-0.08089850097894669,0.39911288022994995,0.7020984292030334,-0.0744633600115776,0.4465779960155487,0.6884474754333496,-0.03503810241818428,0.4570860266685486,0.6667644381523132,-0.06620942801237106,0.4315720498561859,0.7118579149246216,-0.06686349213123322,0.41438376903533936,0.7430791854858398,-0.058861348778009415
0.36406922340393066,0.8781891465187073,9.028950103129318e-07,0.3277035355567932,0.809069037437439,-0.04764814302325249,0.33145302534103394,0.7239053845405579,-0.06798619031906128,0.39112722873687744,0.6662911176681519,-0.08528308570384979,0.4377560615539551,0.6235078573226929,-0.09922642260789871,0.3293556272983551,0.5843804478645325,-0.031846530735492706,0.30773255228996277,0.46685791015625,-0.05789121612906456,0.2947012782096863,0.3923451900482178,-0.07408235967159271,0.28528958559036255,0.32903313636779785,-0.08347634971141815,0.38220277428627014,0.5910866260528564,-0.028039950877428055,0.4074538052082062,0.46390122175216675,-0.05400240421295166,0.4287967383861542,0.3854811489582062,-0.0705757737159729,0.4494583010673523,0.3196653425693512,-0.07678721845149994,0.42018842697143555,0.6327715516090393,-0.030570359900593758,0.43601754307746887,0.6058928966522217,-0.07218150794506073,0.4122697710990906,0.666634202003479,-0.08281154185533524,0.3980821967124939,0.7042236924171448,-0.07612621784210205,0.44627630710601807,0.6886870861053467,-0.0369206964969635,0.45710131525993347,0.6696162819862366,-0.06732112169265747,0.43155646324157715,0.7144804000854492,-0.06738835573196411,0.414124071598053,0.7442899942398071,-0.059053849428892136
0.3630844056606293,0.8778078556060791,8.930618946578761e-07,0.3266741931438446,0.80948406457901,-0.046954233199357986,0.3308291435241699,0.724386990070343,-0.06740473210811615,0.3907977342605591,0.6670481562614441,-0.08514309674501419,0.4369463324546814,0.6241031289100647,-0.09967279434204102,0.32896414399147034,0.5839099884033203,-0.031846124678850174,0.3074987232685089,0.467184841632843,-0.05799742415547371,0.2942400574684143,0.392376184463501,-0.07450300455093384,0.2844078838825226,0.32852426171302795,-0.08440212160348892,0.38157403469085693,0.5904387831687927,-0.028758391737937927,0.4070810079574585,0.4644588828086853,-0.055208731442689896,0.4282844364643097,0.3862644135951996,-0.07212947309017181,0.44871965050697327,0.3203866183757782,-0.07887006551027298,0.4192787706851959,0.6322224140167236,-0.03191687539219856,0.43597692251205444,0.6020611524581909,-0.07374056428670883,0.41176480054855347,0.6640753746032715,-0.0836324393749237,0.397085964679718,0.7022801637649536,-0.07667627185583115,0.445032000541687,0.6886169910430908,-0.03886019438505173,0.4558264911174774,0.6657599806785583,-0.06953408569097519,0.42993515729904175,0.7111061811447144,-0.06922195106744766,0.4120972454547882,0.7413638830184937,-0.06074369698762894
0.36287721991539,0.877685010433197,8.993764595288667e-07,0.3257749378681183,0.8108581304550171,-0.04746890068054199,0.32985690236091614,0.7265071868896484,-0.06795073300600052,0.38930660486221313,0.6694337129592896,-0.08552812039852142,0.435143381357193,0.6259757280349731,-0.09979400038719177,0.32829558849334717,0.5837386250495911,-0.03228478506207466,0.30718183517456055,0.46694129705429077,-0.0578475296497345,0.2944772243499756,0.39219194650650024,-0.07355675101280212,0.28522998094558716,0.3284164369106293,-0.08274447172880173,0.3808622658252716,0.5901124477386475,-0.028525255620479584,0.4072030484676361,0.46524733304977417,-0.05488630384206772,0.42865028977394104,0.38732343912124634,-0.07155182212591171,0.4487415552139282,0.32193562388420105,-0.07788427174091339,0.4181923270225525,0.6310433745384216,-0.03099626861512661,0.4333725869655609,0.6035906076431274,-0.07284184545278549,0.4091900587081909,0.6641680002212524,-0.08355479687452316,0.39461490511894226,0.7014091610908508,-0.07699528336524963,0.4433209002017975,0.6857545375823975,-0.03720877692103386,0.45233362913131714,0.6651178598403931,-0.06741399317979813,0.4264129102230072,0.7101918458938599,-0.0675734132528305,0.4091527462005615,0.7404462695121765,-0.05942165479063988
0.3616824150085449,0.8784995079040527,8.917452873902221e-07,0.3242313265800476,0.8107685446739197,-0.045778047293424606,0.3280471861362457,0.7250322699546814,-0.06574852764606476,0.3888387084007263,0.6688196063041687,-0.08334068953990936,0.43602022528648376,0.627439022064209,-0.09790501743555069,0.3288182020187378,0.5857682228088379,-0.031053874641656876,0.30741003155708313,0.46840614080429077,-0.056652531027793884,0.29479533433914185,0.3935868740081787,-0.07270161807537079,0.2856631577014923,0.3297731876373291,-0.0821901485323906,0.3809961676597595,0.5926570296287537,-0.028550613671541214,0.40723007917404175,0.46631884574890137,-0.054485470056533813,0.4284663200378418,0.3880174160003662,-0.07146093994379044,0.4491194188594818,0.3223273754119873,-0.07815948128700256,0.4182320535182953,0.6345308423042297,-0.03214622661471367,0.43398746848106384,0.6051656603813171,-0.07367122918367386,0.4087332785129547,0.6660730838775635,-0.0844227522611618,0.3940563499927521,0.7041590213775635,-0.07792741060256958,0.4433577358722687,0.6906032562255859,-0.03936106339097023,0.453445702791214,0.6667288541793823,-0.06970319896936417,0.42673689126968384,0.7109024524688721,-0.06960619986057281,0.4087478816509247,0.7415637373924255,-0.06125257909297943
0.36136260628700256,0.8783009052276611,9.003136369756248e-07,0.3242109715938568,0.8108826875686646,-0.04698943719267845,0.32872527837753296,0.7257161140441895,-0.06737148016691208,0.3893226981163025,0.6695601344108582,-0.08492749184370041,0.4357733130455017,0.6283921599388123,-0.09928540140390396,0.32878509163856506,0.585898756980896,-0.032485559582710266,0.3079201579093933,0.4688255786895752,-0.05849824845790863,0.2949182093143463,0.39378622174263,-0.07484599947929382,0.2852832078933716,0.32966139912605286,-0.08448978513479233,0.38095492124557495,0.5925073027610779,-0.029144860804080963,0.4074508845806122,0.46657559275627136,-0.05498490482568741,0.428870290517807,0.38817358016967773,-0.0715019553899765,0.4495532810688019,0.32242318987846375,-0.0779183954000473,0.4179912805557251,0.6341345310211182,-0.03199576959013939,0.4344385266304016,0.6054202914237976,-0.07294470071792603,0.4096510410308838,0.6658204793930054,-0.08292282372713089,0.3948141038417816,0.7035889625549316,-0.07607538253068924,0.44280704855918884,0.6899255514144897,-0.03866776451468468,0.4537924528121948,0.6670796871185303,-0.06837423145771027,0.4280414283275604,0.7107409238815308,-0.06787102669477463,0.41052350401878357,0.7407159805297852,-0.05932580307126045
0.3626072108745575,0.8776562213897705,9.027149303619808e-07,0.32544592022895813,0.8117927312850952,-0.04882761463522911,0.3291243016719818,0.728550374507904,-0.07035484910011292,0.38875535130500793,0.6723385453224182,-0.0887630507349968,0.4354795813560486,0.6293459534645081,-0.10386613756418228,0.32881811261177063,0.5859566330909729,-0.03457365557551384,0.3076198697090149,0.46873709559440613,-0.06134554743766785,0.2947443127632141,0.3932467997074127,-0.07795145362615585,0.2855015993118286,0.3287622034549713,-0.08769840002059937,0.3812529146671295,0.592783510684967,-0.030423026531934738,0.40743058919906616,0.4673714339733124,-0.057511020451784134,0.42874109745025635,0.38945096731185913,-0.07444630563259125,0.4491884410381317,0.32381510734558105,-0.08099667727947235,0.418576717376709,0.6340792775154114,-0.03260982409119606,0.4344089925289154,0.6063398718833923,-0.07519526779651642,0.4095907509326935,0.6675912737846375,-0.0856868177652359,0.39482393860816956,0.7052428722381592,-0.07882174104452133,0.4437299966812134,0.6892244815826416,-0.03864828124642372,0.45388591289520264,0.666618287563324,-0.06947583705186844,0.4278128147125244,0.7113550901412964,-0.06945204734802246,0.4102228283882141,0.7417600154876709,-0.06105596199631691
0.35484373569488525,0.8775733113288879,8.781312885730586e-07,0.3191925585269928,0.8101489543914795,-0.04714541137218475,0.3240947723388672,0.7251441478729248,-0.06812067329883575,0.38399606943130493,0.667590856552124,-0.0862845703959465,0.43044161796569824,0.6242913007736206,-0.10151516646146774,0.323601633310318,0.5864431858062744,-0.03344428911805153,0.30069994926452637,0.47067782282829285,-0.06048709526658058,0.2867625653743744,0.3957529664039612,-0.0776626318693161,0.2769809067249298,0.3319619596004486,-0.08797767013311386,0.3756570518016815,0.5923977494239807,-0.030044738203287125,0.40033817291259766,0.4680018723011017,-0.05722286179661751,0.4221164882183075,0.39090168476104736,-0.07483252882957458,0.4431145489215851,0.3261975646018982,-0.08211834728717804,0.4130499064922333,0.6333478689193726,-0.03268398717045784,0.4281941056251526,0.6044074892997742,-0.07414651662111282,0.4046567380428314,0.6630577445030212,-0.08455583453178406,0.39054006338119507,0.6999903321266174,-0.07846113294363022,0.4384784996509552,0.688504159450531,-0.03913149610161781,0.4464397430419922,0.667840838432312,-0.06967359781265259,0.4200482964515686,0.7129755616188049,-0.0698762908577919,0.40232935547828674,0.7436124682426453,-0.061914779245853424
0.35398027300834656,0.8749912977218628,8.647878075862536e-07,0.3176240921020508,0.8076083064079285,-0.044836707413196564,0.32034367322921753,0.7250226140022278,-0.0659346953034401,0.37944385409355164,0.6695523858070374,-0.08487306535243988,0.42658090591430664,0.628307580947876,-0.10078492760658264,0.3210967779159546,0.5869730710983276,-0.03347434848546982,0.2986346483230591,0.4706228971481323,-0.060767803341150284,0.2853337526321411,0.3958357572555542,-0.07764755189418793,0.27598345279693604,0.3322192430496216,-0.0875900387763977,0.3729279935359955,0.5942617654800415,-0.031865108758211136,0.39779406785964966,0.468222975730896,-0.05944152548909187,0.4192919433116913,0.3912242650985718,-0.07672062516212463,0.4404778480529785,0.32664254307746887,-0.08367357403039932,0.4101133942604065,0.6359732151031494,-0.03603147715330124,0.42637336254119873,0.6078702807426453,-0.07760626822710037,0.40127599239349365,0.6664505004882812,-0.08728642761707306,0.3861309885978699,0.703230619430542,-0.0804644376039505,0.4354313611984253,0.6924399733543396,-0.043792977929115295,0.44596803188323975,0.669189453125,-0.07287640869617462,0.4194106459617615,0.7117069363594055,-0.07156834006309509,0.40096017718315125,0.7414709329605103,-0.06274465471506119
0.3525543510913849,0.8720952272415161,8.758855187807058e-07,0.3165474534034729,0.80814528465271,-0.047759126871824265,0.3194884955883026,0.7271443009376526,-0.06964312493801117,0.3781513571739197,0.6719263195991516,-0.08844279497861862,0.42457062005996704,0.6300379037857056,-0.10399824380874634,0.31977060437202454,0.5868801474571228,-0.036323241889476776,0.29707422852516174,0.4710225760936737,-0.06324306130409241,0.2836538553237915,0.3968380093574524,-0.07973551005125046,0.2739984393119812,0.3334338963031769,-0.08955934643745422,0.3709818124771118,0.5930122137069702,-0.03246624022722244,0.39540979266166687,0.46874475479125977,-0.05943787097930908,0.416952520608902,0.3926492929458618,-0.07564952969551086,0.4375409185886383,0.3289766311645508,-0.08200836926698685,0.4071939289569855,0.6332218050956726,-0.034620292484760284,0.42285966873168945,0.6055201292037964,-0.07557343691587448,0.3991398513317108,0.6648065447807312,-0.08470176160335541,0.3847352862358093,0.7016584277153015,-0.07777430862188339,0.43175044655799866,0.687515139579773,-0.040679894387722015,0.4411613345146179,0.667023777961731,-0.07049858570098877,0.4152078926563263,0.7110596895217896,-0.07022307068109512,0.3971557021141052,0.7408672571182251,-0.06209149211645126
0.478634238243103,0.8003163933753967,7.873472327446507e-07,0.5067574381828308,0.7576054334640503,-0.0568973533809185,0.5000487565994263,0.6873513460159302,-0.08377301692962646,0.444641649723053,0.6366338729858398,-0.10506416857242584,0.39314746856689453,0.5963160395622253,-0.12299706786870956,0.5039401650428772,0.5434308648109436,-0.043374061584472656,0.5235905647277832,0.4438402056694031,-0.07532918453216553,0.5362978577613831,0.376442015171051,-0.09834568202495575,0.5461025834083557,0.3176116645336151,-0.11300855129957199,0.4580848217010498,0.5437002182006836,-0.03520162031054497,0.4286283850669861,0.432026743888855,-0.07091855257749557,0.4069823622703552,0.36368781328201294,-0.09557915478944778,0.3889886140823364,0.3024030327796936,-0.10772886127233505,0.4232228398323059,0.5761529803276062,-0.03254184499382973,0.40212810039520264,0.5366123914718628,-0.08395958691835403,0.4238797128200531,0.5949058532714844,-0.09690102934837341,0.43890365958213806,0.6354488730430603,-0.09056147187948227,0.4001157879829407,0.621882975101471,-0.033816494047641754,0.38430774211883545,0.5893096327781677,-0.07494182139635086,0.40385231375694275,0.6301707029342651,-0.07852689176797867,0.42196428775787354,0.661429226398468,-0.0706944614648819
0.48759496212005615,0.7871670722961426,7.808420718902198e-07,0.5185860991477966,0.7455822229385376,-0.05552487447857857,0.5142939686775208,0.6749638319015503,-0.08212147653102875,0.45856279134750366,0.6233727335929871,-0.10350131243467331,0.40751758217811584,0.5827955007553101,-0.12139299511909485,0.517213761806488,0.5311522483825684,-0.04345284029841423,0.5391833186149597,0.42898130416870117,-0.07446090877056122,0.5522146224975586,0.36099007725715637,-0.09621533006429672,0.5616148710250854,0.3023681342601776,-0.11012301594018936,0.47099408507347107,0.5305508375167847,-0.036225538700819016,0.44435128569602966,0.416607141494751,-0.07116304337978363,0.42422395944595337,0.3472532033920288,-0.09513329714536667,0.4075302481651306,0.2857939302921295,-0.10713084787130356,0.43584197759628296,0.5624473094940186,-0.03429178521037102,0.41766175627708435,0.5205758213996887,-0.08445506542921066,0.43767037987709045,0.5781535506248474,-0.09681585431098938,0.451072096824646,0.618897020816803,-0.09061238914728165,0.41187387704849243,0.6078875064849854,-0.036245252937078476,0.3976503312587738,0.5719849467277527,-0.07614107429981232,0.4163419008255005,0.6118111610412598,-0.07917989045381546,0.4336596727371216,0.6438998579978943,-0.07132883369922638
0.48688462376594543,0.7861945033073425,7.816540232852276e-07,0.517756462097168,0.7449954748153687,-0.05561060458421707,0.5142525434494019,0.6751628518104553,-0.08248284459114075,0.4590967297554016,0.6231551766395569,-0.10413118451833725,0.40826576948165894,0.5823982357978821,-0.12232381850481033,0.5178182125091553,0.5310279130935669,-0.04406251013278961,0.53957200050354,0.4284090995788574,-0.0755964145064354,0.552208423614502,0.3602055311203003,-0.0976671651005745,0.5615960359573364,0.30098605155944824,-0.11180675774812698,0.47141343355178833,0.5300678610801697,-0.036700211465358734,0.4443128705024719,0.4163900911808014,-0.07235311716794968,0.42371851205825806,0.34702831506729126,-0.09651773422956467,0.4069408178329468,0.2855008542537689,-0.10859140753746033,0.4358764886856079,0.5613212585449219,-0.034577056765556335,0.41814783215522766,0.5183828473091125,-0.08515823632478714,0.43836739659309387,0.5766146779060364,-0.09706641733646393,0.4519725441932678,0.6179232597351074,-0.09049832820892334,0.41180914640426636,0.6059722304344177,-0.03638237342238426,0.3985615074634552,0.5717087984085083,-0.07678317278623581,0.41711127758026123,0.6117845177650452,-0.07991795986890793,0.4340707063674927,0.6435799598693848,-0.07199355214834213
0.48730677366256714,0.7864992618560791,7.874053267187264e-07,0.5182269811630249,0.7451010346412659,-0.055113133043050766,0.5145134329795837,0.6754155158996582,-0.08213209360837936,0.45947545766830444,0.6235676407814026,-0.1041211485862732,0.4086619019508362,0.5819016098976135,-0.12259530276060104,0.5177252292633057,0.530455470085144,-0.04369905963540077,0.5391008257865906,0.428009033203125,-0.07533363997936249,0.5519445538520813,0.3596121668815613,-0.09743264317512512,0.5614410638809204,0.3004957437515259,-0.11149435490369797,0.4715511202812195,0.5300034284591675,-0.03676719218492508,0.4446585178375244,0.415939062833786,-0.07230273634195328,0.42426127195358276,0.3458341658115387,-0.09617185592651367,0.40711888670921326,0.2844189703464508,-0.10796812176704407,0.436054527759552,0.5620073080062866,-0.03509149327874184,0.4176648259162903,0.5193238854408264,-0.0856972187757492,0.4385164976119995,0.5774620771408081,-0.09720887988805771,0.4522084593772888,0.6187596321105957,-0.09023784846067429,0.41166070103645325,0.6075036525726318,-0.03732952103018761,0.39797428250312805,0.5729562640190125,-0.07770974189043045,0.4172680675983429,0.6130535006523132,-0.080540232360363,0.4346127212047577,0.6450775265693665,-0.07232051342725754
0.4876779615879059,0.7869237065315247,7.921654514575494e-07,0.5177379250526428,0.745510458946228,-0.05742395296692848,0.5129441618919373,0.6749889850616455,-0.0850573256611824,0.4573703110218048,0.6217336654663086,-0.10703951865434647,0.40560218691825867,0.5795292854309082,-0.1254853755235672,0.5176709890365601,0.5304100513458252,-0.045372653752565384,0.5390447974205017,0.42782479524612427,-0.07698538154363632,0.5516416430473328,0.3593124449253082,-0.09927161037921906,0.5610440373420715,0.299976110458374,-0.11360453069210052,0.4713408052921295,0.5296503901481628,-0.037044040858745575,0.44414645433425903,0.4156399965286255,-0.0726841539144516,0.4236077070236206,0.3456358313560486,-0.09694823622703552,0.4065547585487366,0.28399553894996643,-0.10910850763320923,0.43571868538856506,0.5615921020507812,-0.03411131352186203,0.4170156419277191,0.5185399055480957,-0.0849635899066925,0.4374105632305145,0.5770286321640015,-0.09709971398115158,0.45095309615135193,0.6184687614440918,-0.0905674621462822,0.4114934802055359,0.6067106127738953,-0.03521240875124931,0.39702630043029785,0.5716372132301331,-0.0758385956287384,0.4157222509384155,0.6118749380111694,-0.0791998952627182,0.43293607234954834,0.643833339214325,-0.07144186645746231
0.48735639452934265,0.7888579964637756,7.95949233634019e-07,0.517509400844574,0.7461309432983398,-0.0556480772793293,0.5129088759422302,0.6758095622062683,-0.08225009590387344,0.4575100243091583,0.6235345602035522,-0.1034894585609436,0.4066033363342285,0.5825012922286987,-0.12107177823781967,0.5168465375900269,0.5312022566795349,-0.04322509467601776,0.5383335947990417,0.42733344435691833,-0.07446116954088211,0.5512905120849609,0.35857582092285156,-0.09616547077894211,0.5609384775161743,0.29939815402030945,-0.10986034572124481,0.4706098735332489,0.5304262042045593,-0.035577815026044846,0.4435233473777771,0.41611313819885254,-0.07076528668403625,0.4231274127960205,0.3463478684425354,-0.09423743933439255,0.40632131695747375,0.2852061688899994,-0.10552063584327698,0.4350838363170624,0.5620538592338562,-0.03331093490123749,0.4169207215309143,0.5201945900917053,-0.083567775785923,0.43788793683052063,0.5788890719413757,-0.09511881321668625,0.45182090997695923,0.6197681427001953,-0.0880371555685997,0.41108018159866333,0.606859564781189,-0.03499290347099304,0.3977621793746948,0.5742712020874023,-0.07505026459693909,0.41679781675338745,0.6147175431251526,-0.07796254754066467,0.4340277910232544,0.6455879807472229,-0.06969670951366425
0.4870641827583313,0.7871637940406799,7.776090455990925e-07,0.5176030397415161,0.7470845580101013,-0.05685839056968689,0.5135002732276917,0.6779072880744934,-0.08473176509141922,0.45878174901008606,0.6261546611785889,-0.10722332447767258,0.4069598317146301,0.585105836391449,-0.1263475865125656,0.5171777606010437,0.5329056978225708,-0.04615902528166771,0.5378118753433228,0.43112894892692566,-0.07883843779563904,0.5503775477409363,0.36303359270095825,-0.10171949118375778,0.5600738525390625,0.3031737506389618,-0.11639415472745895,0.4710022807121277,0.5317175984382629,-0.03877491503953934,0.4431443214416504,0.4175795912742615,-0.07532773911952972,0.4226294457912445,0.3483639359474182,-0.09982180595397949,0.405918687582016,0.2863099277019501,-0.11211782693862915,0.4354216754436493,0.5630953311920166,-0.036711301654577255,0.4169667363166809,0.5212193727493286,-0.0884956493973732,0.43789178133010864,0.5814651846885681,-0.1001535952091217,0.4520488679409027,0.6231474280357361,-0.09323903918266296,0.41126832365989685,0.6083979606628418,-0.03868034482002258,0.3965640068054199,0.5738112330436707,-0.07986833900213242,0.41601791977882385,0.6151317954063416,-0.08265171200037003,0.43396222591400146,0.6474511027336121,-0.07444281131029129
0.4870734214782715,0.7890937328338623,7.669114552300016e-07,0.5184366703033447,0.7483583688735962,-0.054311081767082214,0.5155133008956909,0.6802861094474792,-0.0810161679983139,0.4609520733356476,0.6312282085418701,-0.10298559069633484,0.4097277820110321,0.5919860005378723,-0.12166086584329605,0.517525315284729,0.5345829725265503,-0.043099310249090195,0.5391979813575745,0.4333537817001343,-0.0749790295958519,0.5519298911094666,0.3656562566757202,-0.09733229875564575,0.5612742900848389,0.30652618408203125,-0.11164576560258865,0.47138240933418274,0.5336902141571045,-0.03677283599972725,0.4441845715045929,0.42029088735580444,-0.07307051867246628,0.4242016673088074,0.3511684238910675,-0.09758676588535309,0.40756547451019287,0.2888363301753998,-0.10981637984514236,0.4360983073711395,0.5649028420448303,-0.03560248389840126,0.41726550459861755,0.5233287811279297,-0.08693718165159225,0.4394966661930084,0.5836674571037292,-0.09878091514110565,0.4546072781085968,0.6253100037574768,-0.0919952467083931,0.41211605072021484,0.6108448505401611,-0.03823445737361908,0.3986681401729584,0.5765221118927002,-0.0785982757806778,0.4190658628940582,0.6168326139450073,-0.08114858716726303,0.43806588649749756,0.6485781073570251,-0.07283623516559601
0.48837268352508545,0.789578914642334,7.838406190785463e-07,0.5187943577766418,0.7489132285118103,-0.05552240088582039,0.514870822429657,0.6797400712966919,-0.08248128741979599,0.45848965644836426,0.6285770535469055,-0.10423878580331802,0.40720421075820923,0.5882709622383118,-0.12251204252243042,0.517814576625824,0.5364220142364502,-0.044398557394742966,0.5392067432403564,0.4345283508300781,-0.07660853862762451,0.5524797439575195,0.3664461374282837,-0.09884174168109894,0.5624149441719055,0.30737119913101196,-0.11283563822507858,0.47168534994125366,0.5355929732322693,-0.03727182745933533,0.44438058137893677,0.4210120737552643,-0.07354085147380829,0.4247061014175415,0.3513343334197998,-0.09755229204893112,0.40830180048942566,0.289346307516098,-0.10921134799718857,0.43618476390838623,0.5669587850570679,-0.0354316383600235,0.4179980158805847,0.5266157984733582,-0.0868610367178917,0.4405127465724945,0.5864318013191223,-0.09848954528570175,0.4553844928741455,0.6276028156280518,-0.09128451347351074,0.41180625557899475,0.6121522188186646,-0.03746037930250168,0.3989662230014801,0.5776665210723877,-0.07768096774816513,0.419139564037323,0.6181748509407043,-0.08002699911594391,0.43707454204559326,0.6495891809463501,-0.0714716762304306
0.48821717500686646,0.7884722948074341,7.812508329152479e-07,0.5183759331703186,0.7496625781059265,-0.05599253624677658,0.5158514380455017,0.6834773421287537,-0.08393988758325577,0.46142804622650146,0.6328954696655273,-0.10680663585662842,0.4102538824081421,0.592433750629425,-0.12639182806015015,0.5185640454292297,0.5369316935539246,-0.046113625168800354,0.5398176908493042,0.43618425726890564,-0.07929692417383194,0.5527635216712952,0.3685508966445923,-0.1025281772017479,0.5624655485153198,0.30907827615737915,-0.11730939894914627,0.4724484086036682,0.535601019859314,-0.03915482759475708,0.4453451335430145,0.42197978496551514,-0.07632999867200851,0.42546534538269043,0.3528051972389221,-0.10121850669384003,0.4088362753391266,0.29024484753608704,-0.11368484050035477,0.4368360936641693,0.5666024684906006,-0.037375520914793015,0.4187981188297272,0.5266736149787903,-0.08919407427310944,0.44110432267189026,0.5862160325050354,-0.10089928656816483,0.4560903012752533,0.6274926662445068,-0.09403317421674728,0.4123859405517578,0.6120632290840149,-0.03953719884157181,0.3995774984359741,0.5783253908157349,-0.08009757101535797,0.4198852777481079,0.6188815236091614,-0.08240737020969391,0.4382707476615906,0.6506872773170471,-0.0739133432507515
0.4885321259498596,0.7918202877044678,7.836056283849757e-07,0.5194240212440491,0.7511061429977417,-0.055157680064439774,0.5161226987838745,0.6828252673149109,-0.08200500160455704,0.461100310087204,0.6328424215316772,-0.10395680367946625,0.4099571406841278,0.593095600605011,-0.12258011102676392,0.518831193447113,0.5371926426887512,-0.04258916527032852,0.539886474609375,0.43646150827407837,-0.07468891143798828,0.5530472993850708,0.36877480149269104,-0.09746887534856796,0.5628601312637329,0.3099399507045746,-0.11197186261415482,0.4727034568786621,0.5372903347015381,-0.035896748304367065,0.4456770718097687,0.42345792055130005,-0.07216329872608185,0.4264585077762604,0.35371875762939453,-0.09713062644004822,0.4101903736591339,0.29093512892723083,-0.10960975289344788,0.43711423873901367,0.5694531798362732,-0.03456557169556618,0.418825626373291,0.5289319753646851,-0.08622469753026962,0.44183188676834106,0.5881940126419067,-0.0988989919424057,0.45705583691596985,0.6290525794029236,-0.09253641217947006,0.41247355937957764,0.6158133745193481,-0.03704780712723732,0.39976388216018677,0.5810083150863647,-0.07762214541435242,0.419868528842926,0.6216132044792175,-0.08040093630552292,0.43787243962287903,0.6532676815986633,-0.07225608080625534
0.48901066184043884,0.7936133742332458,7.750882673462911e-07,0.5199972987174988,0.7535979151725769,-0.055289942771196365,0.5168883800506592,0.6844359636306763,-0.08242932707071304,0.4624879062175751,0.6337090134620667,-0.1046534925699234,0.4109279215335846,0.5942420363426208,-0.12368381768465042,0.5191996693611145,0.5377633571624756,-0.04385737329721451,0.5406039953231812,0.4372752606868744,-0.0764707401394844,0.5536792278289795,0.36969664692878723,-0.09991663694381714,0.5633205771446228,0.31070560216903687,-0.11494993418455124,0.4730498492717743,0.5375983119010925,-0.03723965585231781,0.4465348720550537,0.42352885007858276,-0.07369367778301239,0.4270687401294708,0.35400062799453735,-0.09914609789848328,0.4104427099227905,0.2912524938583374,-0.11218415945768356,0.4375312626361847,0.5696569681167603,-0.03582891449332237,0.42011991143226624,0.526157557964325,-0.08730438351631165,0.4420256018638611,0.5846574306488037,-0.099937804043293,0.45633116364479065,0.6265158653259277,-0.09376101195812225,0.41325297951698303,0.6163824200630188,-0.03828029707074165,0.4004283547401428,0.5791542530059814,-0.07887795567512512,0.42029044032096863,0.6190168261528015,-0.08164457976818085,0.43814143538475037,0.6518062949180603,-0.07351609319448471
0.4900323748588562,0.7937926650047302,7.89649163834838e-07,0.521124005317688,0.752936840057373,-0.056531380861997604,0.5174012184143066,0.683134138584137,-0.08422520756721497,0.461076557636261,0.6312201023101807,-0.10664308816194534,0.4082931578159332,0.5915830135345459,-0.12570950388908386,0.5198906064033508,0.5386098027229309,-0.04478643462061882,0.5416290760040283,0.43773412704467773,-0.07736445963382721,0.5546436309814453,0.3697088360786438,-0.1003161147236824,0.5644572377204895,0.3108157217502594,-0.11494055390357971,0.4735036790370941,0.5384818315505981,-0.037504564970731735,0.44684478640556335,0.42457449436187744,-0.074335478246212,0.42768916487693787,0.3550448417663574,-0.09927698224782944,0.4117165207862854,0.2926863133907318,-0.11165865510702133,0.43778467178344727,0.5705794095993042,-0.035583384335041046,0.42075541615486145,0.5295239686965942,-0.08789152652025223,0.44277408719062805,0.5893186330795288,-0.10045433044433594,0.4571214020252228,0.6311981678009033,-0.09381692111492157,0.41340526938438416,0.6163896918296814,-0.03755435347557068,0.4011659026145935,0.5819715261459351,-0.07868432998657227,0.42090079188346863,0.6223140954971313,-0.08175154775381088,0.43841788172721863,0.6542707085609436,-0.0736619383096695
0.4890764057636261,0.8056483268737793,7.984316994225082e-07,0.5216909646987915,0.765514612197876,-0.05564163252711296,0.5185903310775757,0.6977990865707397,-0.08325858414173126,0.4634605050086975,0.650520920753479,-0.106175996363163,0.41168689727783203,0.6109098196029663,-0.12602584064006805,0.5183699131011963,0.5482797026634216,-0.0442526750266552,0.5400010347366333,0.44727182388305664,-0.07744073122739792,0.5535011291503906,0.37914663553237915,-0.10122471302747726,0.5634075403213501,0.32004374265670776,-0.11648645997047424,0.47238290309906006,0.5483413338661194,-0.03795408457517624,0.4468573331832886,0.43351274728775024,-0.0750097781419754,0.4282096326351166,0.3629917502403259,-0.10115794092416763,0.4119024872779846,0.29873597621917725,-0.11479452252388,0.43676331639289856,0.580722987651825,-0.0370287261903286,0.41842135787010193,0.5393418073654175,-0.0890774056315422,0.44143038988113403,0.5991990566253662,-0.10264723002910614,0.457080215215683,0.640823245048523,-0.0971980020403862,0.4120160937309265,0.6283987760543823,-0.03996819630265236,0.39832013845443726,0.5925456285476685,-0.08073621988296509,0.4190649092197418,0.632929265499115,-0.08402636647224426,0.438466876745224,0.6653225421905518,-0.0765303298830986
0.49404820799827576,0.7983222603797913,8.083706575234828e-07,0.5267849564552307,0.7577192783355713,-0.05494307354092598,0.5244095325469971,0.6890314817428589,-0.08244140446186066,0.47137418389320374,0.6382815837860107,-0.10529360175132751,0.4203931391239166,0.5974213480949402,-0.12481708079576492,0.5247482657432556,0.5412964820861816,-0.04444952681660652,0.5470132231712341,0.4378795623779297,-0.07735282182693481,0.5595239996910095,0.36936983466148376,-0.10022804886102676,0.5682557821273804,0.31061041355133057,-0.11454986780881882,0.4787721037864685,0.540991485118866,-0.03829111158847809,0.4539639353752136,0.42529866099357605,-0.07554232329130173,0.4362058639526367,0.3537331819534302,-0.10086839646100998,0.4211065173149109,0.2895912528038025,-0.11341729760169983,0.4429093599319458,0.572941780090332,-0.03731244429945946,0.4265162944793701,0.531501054763794,-0.08943243324756622,0.44837135076522827,0.5912501811981201,-0.10172245651483536,0.4627772867679596,0.6333646774291992,-0.09491196274757385,0.4178696870803833,0.6192536950111389,-0.04015617445111275,0.4055863320827484,0.5831039547920227,-0.08097343891859055,0.42595237493515015,0.6230930089950562,-0.0833812803030014,0.4446079134941101,0.6558483242988586,-0.07469750195741653
0.4940858483314514,0.7971858978271484,8.034296570258448e-07,0.5282195210456848,0.7562479376792908,-0.05282316356897354,0.527164876461029,0.6878877878189087,-0.07968389242887497,0.472921758890152,0.6393822431564331,-0.10240687429904938,0.4221237301826477,0.6002780795097351,-0.12188132852315903,0.52592933177948,0.54085773229599,-0.04349302500486374,0.5487346649169922,0.437216579914093,-0.07689070701599121,0.5618048906326294,0.3686326742172241,-0.09968014061450958,0.5715162754058838,0.3098950982093811,-0.11378762871026993,0.479763388633728,0.5407934188842773,-0.03885315731167793,0.45515182614326477,0.4248529076576233,-0.07626395672559738,0.4374751150608063,0.35322821140289307,-0.10106480866670609,0.42293480038642883,0.2895036041736603,-0.11323031038045883,0.44398581981658936,0.5728422403335571,-0.03933722898364067,0.427740216255188,0.5324389338493347,-0.09165029972791672,0.45031407475471497,0.5930958986282349,-0.1030971109867096,0.46544018387794495,0.6354712247848511,-0.09569545090198517,0.4188566207885742,0.6200512647628784,-0.04350975528359413,0.4071672856807709,0.5845211148262024,-0.08419741690158844,0.42854347825050354,0.62604159116745,-0.0856570452451706,0.44751274585723877,0.6596423387527466,-0.07627922296524048
0.4953291416168213,0.7980524897575378,7.953851195452444e-07,0.5296382904052734,0.7562772035598755,-0.0511314682662487,0.5293346643447876,0.688831090927124,-0.07777122408151627,0.4762413799762726,0.6411839723587036,-0.10070393979549408,0.42561373114585876,0.6022696495056152,-0.12054117769002914,0.5274423956871033,0.5419530272483826,-0.04268570616841316,0.5506625771522522,0.43850311636924744,-0.07580967247486115,0.5638235211372375,0.3700697422027588,-0.09830880910158157,0.5736672282218933,0.31130653619766235,-0.11227235198020935,0.4815085530281067,0.5416458249092102,-0.03901655599474907,0.45701736211776733,0.42574772238731384,-0.07653466612100601,0.4394102096557617,0.35453933477401733,-0.1014154776930809,0.4250968098640442,0.29113659262657166,-0.11360666900873184,0.44550520181655884,0.5735060572624207,-0.040217701345682144,0.4297333061695099,0.5325136780738831,-0.09257462620735168,0.4518069922924042,0.5946050882339478,-0.1035318672657013,0.46625855565071106,0.6372557282447815,-0.09579407423734665,0.42004838585853577,0.6207454204559326,-0.044922374188899994,0.40866145491600037,0.5845573544502258,-0.08524258434772491,0.42984724044799805,0.6265203952789307,-0.08603590726852417,0.4485326409339905,0.6598636507987976,-0.07621562480926514
0.4960326850414276,0.797629177570343,7.965318786773423e-07,0.5299397706985474,0.757127583026886,-0.05161622166633606,0.52961266040802,0.6900366544723511,-0.0783972293138504,0.4759124219417572,0.6409279108047485,-0.10132919251918793,0.4254690110683441,0.6019337177276611,-0.12100426852703094,0.5287349820137024,0.542500376701355,-0.042410481721162796,0.5521730780601501,0.4398432970046997,-0.07545436173677444,0.5654692053794861,0.3714022636413574,-0.09804949909448624,0.5751695036888123,0.31276392936706543,-0.11199545115232468,0.48266762495040894,0.5419056415557861,-0.038356997072696686,0.45887547731399536,0.4265628457069397,-0.07535643875598907,0.4415561854839325,0.35528209805488586,-0.09987098723649979,0.42692291736602783,0.2921508848667145,-0.11185400187969208,0.4465010166168213,0.573743999004364,-0.039268169552087784,0.43098682165145874,0.5339725613594055,-0.09077305346727371,0.4538732171058655,0.59432053565979,-0.1014639139175415,0.46860358119010925,0.6366345286369324,-0.09370498359203339,0.4203912615776062,0.620978057384491,-0.043809570372104645,0.40995484590530396,0.5851525664329529,-0.08314904570579529,0.4313530921936035,0.6258216500282288,-0.08362305164337158,0.44971275329589844,0.6588553786277771,-0.07373351603746414
0.49555519223213196,0.8000971078872681,8.082068916337448e-07,0.5303822159767151,0.7592525482177734,-0.05214282497763634,0.5306265354156494,0.6912729740142822,-0.0788283720612526,0.4768573045730591,0.6425095796585083,-0.10164039582014084,0.42631372809410095,0.6025352478027344,-0.12119840085506439,0.5293264985084534,0.5437614321708679,-0.04160631448030472,0.5525333285331726,0.44133687019348145,-0.07486800104379654,0.5662256479263306,0.3727692663669586,-0.0974617525935173,0.5763726830482483,0.3139156103134155,-0.11135538667440414,0.482939213514328,0.5434126853942871,-0.03748061880469322,0.4587821662425995,0.42729514837265015,-0.07508239895105362,0.44185808300971985,0.35603398084640503,-0.09979747980833054,0.42758357524871826,0.2926086485385895,-0.11151959002017975,0.44669950008392334,0.5754417777061462,-0.03853602334856987,0.4318072497844696,0.5357784032821655,-0.09166466444730759,0.45538389682769775,0.5985676050186157,-0.10327931493520737,0.47032827138900757,0.6411765217781067,-0.09550458937883377,0.4207930862903595,0.6227859258651733,-0.04313463345170021,0.41147691011428833,0.5896072387695312,-0.08408895879983902,0.43330293893814087,0.6320779323577881,-0.0856136754155159,0.45156922936439514,0.664501428604126,-0.07610110193490982
0.49791374802589417,0.8057281970977783,8.050849942264904e-07,0.5316009521484375,0.7650513052940369,-0.054199207574129105,0.5301764607429504,0.6952241659164429,-0.08148129284381866,0.4766937792301178,0.6447256207466125,-0.10448174178600311,0.4258461594581604,0.6042511463165283,-0.12423339486122131,0.5304796099662781,0.5463058948516846,-0.04269886389374733,0.5523177981376648,0.4437893033027649,-0.0758751630783081,0.5656476020812988,0.3752009868621826,-0.099336177110672,0.5757291913032532,0.3162134289741516,-0.11427545547485352,0.4845723807811737,0.5466592311859131,-0.03751456364989281,0.46024030447006226,0.43055227398872375,-0.07502792030572891,0.4430505633354187,0.3584252595901489,-0.10114074498414993,0.42833343148231506,0.29351821541786194,-0.11447083204984665,0.4481296241283417,0.5793361067771912,-0.0376083068549633,0.432285338640213,0.5361653566360474,-0.0904298946261406,0.45500442385673523,0.5972232818603516,-0.10327281802892685,0.46956029534339905,0.6402875185012817,-0.09694396704435349,0.4223615229129791,0.6273389458656311,-0.041476257145404816,0.4120561182498932,0.5919405817985535,-0.08309561014175415,0.43304815888404846,0.6336482763290405,-0.08592487871646881,0.45099037885665894,0.6675153970718384,-0.07764153182506561
0.4976552128791809,0.8067274689674377,8.124052897073852e-07,0.5327503085136414,0.7658078074455261,-0.05218629539012909,0.5328129529953003,0.6982527375221252,-0.07904369384050369,0.47871169447898865,0.6497101187705994,-0.1019589900970459,0.42853590846061707,0.6090715527534485,-0.12148600816726685,0.529837965965271,0.549191415309906,-0.04302811250090599,0.5522691011428833,0.44572731852531433,-0.076459601521492,0.5655999183654785,0.3767033517360687,-0.09902357310056686,0.575302243232727,0.31745174527168274,-0.11286908388137817,0.48345962166786194,0.5484679341316223,-0.03891068696975708,0.46014007925987244,0.43185001611709595,-0.0762646347284317,0.4430432617664337,0.35963714122772217,-0.10060476511716843,0.4285787343978882,0.29564523696899414,-0.11228294670581818,0.4471130073070526,0.5802943110466003,-0.039908863604068756,0.43216219544410706,0.5400702357292175,-0.09186846762895584,0.4553695023059845,0.6014164090156555,-0.10273586958646774,0.47045037150382996,0.6433619856834412,-0.09494727104902267,0.42102301120758057,0.6276674866676331,-0.04460480436682701,0.4118689298629761,0.5949047803878784,-0.08460832387208939,0.4339318573474884,0.63648521900177,-0.08579237014055252,0.45258644223213196,0.6684839725494385,-0.07628730684518814
0.49953800439834595,0.8084083795547485,8.160300808413012e-07,0.5329582691192627,0.7678544521331787,-0.0554923489689827,0.5300605297088623,0.6980803608894348,-0.08330203592777252,0.47650378942489624,0.646521270275116,-0.10647249966859818,0.42528271675109863,0.6048051118850708,-0.12626148760318756,0.5302343368530273,0.549576997756958,-0.04478226229548454,0.5520530939102173,0.44584929943084717,-0.0779188945889473,0.5650856494903564,0.376938134431839,-0.10084772855043411,0.5747686624526978,0.3175482749938965,-0.11527293920516968,0.4839000105857849,0.5490756034851074,-0.03888176754117012,0.45964813232421875,0.43240079283714294,-0.07635591179132462,0.4426468014717102,0.36073967814445496,-0.10147742182016373,0.42841652035713196,0.29617685079574585,-0.11388640850782394,0.4474445581436157,0.5811871886253357,-0.03832237422466278,0.4317248463630676,0.5389324426651001,-0.09100129455327988,0.45411989092826843,0.6016145348548889,-0.10289597511291504,0.4686204791069031,0.6446239948272705,-0.09573924541473389,0.4218924939632416,0.6284198760986328,-0.041652876883745193,0.4107806086540222,0.5923359394073486,-0.08254070580005646,0.43185895681381226,0.6341239809989929,-0.08456409722566605,0.4501832127571106,0.6671029925346375,-0.07572640478610992
0.4982120394706726,0.8086833357810974,8.181650059668755e-07,0.5319697260856628,0.7680765986442566,-0.054979655891656876,0.5301377177238464,0.6991629600524902,-0.08252612501382828,0.47655802965164185,0.6482799649238586,-0.10554535686969757,0.42611539363861084,0.60606449842453,-0.12517070770263672,0.5294249653816223,0.5495179295539856,-0.04469706863164902,0.5512797236442566,0.44590577483177185,-0.0782817155122757,0.5643504858016968,0.37703126668930054,-0.10125607252120972,0.5739190578460693,0.3174251317977905,-0.11549492180347443,0.48305627703666687,0.548816978931427,-0.03898213803768158,0.4595343768596649,0.4328228235244751,-0.07675167918205261,0.44234025478363037,0.3611593544483185,-0.10159622877836227,0.42806699872016907,0.29668131470680237,-0.1136232540011406,0.4467177987098694,0.5806715488433838,-0.03861982375383377,0.43100908398628235,0.5400951504707336,-0.09157963842153549,0.4534052908420563,0.6024982333183289,-0.10329622030258179,0.46837371587753296,0.6453056931495667,-0.0958322212100029,0.42109808325767517,0.6275535225868225,-0.042120255529880524,0.4102693200111389,0.593203604221344,-0.08343080431222916,0.43162330985069275,0.6357139945030212,-0.08549664914608002,0.4504641592502594,0.6688586473464966,-0.07642392814159393
0.4988638460636139,0.8072679042816162,8.030921776480682e-07,0.5338550209999084,0.7661128044128418,-0.053317222744226456,0.533101499080658,0.6974997520446777,-0.08059700578451157,0.4788301885128021,0.6491499543190002,-0.10365576297044754,0.4277971088886261,0.6097792983055115,-0.12351439893245697,0.5306069850921631,0.5497987270355225,-0.044622600078582764,0.5531286001205444,0.44573014974594116,-0.07829827070236206,0.5661300420761108,0.377108097076416,-0.10103882849216461,0.5756213665008545,0.3181655704975128,-0.11508237570524216,0.484688937664032,0.5492042303085327,-0.03982346132397652,0.46034175157546997,0.432525098323822,-0.07763645797967911,0.44287583231925964,0.3609628975391388,-0.10240338742733002,0.4284733831882477,0.2971636652946472,-0.11442181468009949,0.44914233684539795,0.5807851552963257,-0.040146972984075546,0.4326740503311157,0.5402799844741821,-0.09295833855867386,0.4546528160572052,0.6021894216537476,-0.10447809845209122,0.4695233404636383,0.6448617577552795,-0.0969664454460144,0.4240559935569763,0.6278485059738159,-0.04414483532309532,0.4120579659938812,0.5927748680114746,-0.08503014594316483,0.4331456124782562,0.6351282596588135,-0.08658403903245926,0.45220041275024414,0.6687324047088623,-0.07723124325275421
0.49995970726013184,0.8065449595451355,8.192067753043375e-07,0.5351102948188782,0.7656004428863525,-0.05330604314804077,0.5343916416168213,0.6980872750282288,-0.08082534372806549,0.4799503684043884,0.6513223052024841,-0.10418650507926941,0.4291125237941742,0.6114477515220642,-0.12428941577672958,0.5305560231208801,0.5489920973777771,-0.04480357840657234,0.553428053855896,0.44555360078811646,-0.07832778990268707,0.5666518211364746,0.37687402963638306,-0.10097865760326385,0.5761331915855408,0.31756532192230225,-0.11499170958995819,0.48444032669067383,0.5484514832496643,-0.04019501805305481,0.4605821371078491,0.43212807178497314,-0.07761252671480179,0.44325554370880127,0.36086875200271606,-0.1021547019481659,0.4285261332988739,0.29691052436828613,-0.1141563281416893,0.4484449028968811,0.5802273154258728,-0.040711693465709686,0.43269383907318115,0.540719747543335,-0.09290941059589386,0.455044686794281,0.6030926704406738,-0.10413267463445663,0.46966552734375,0.6454395651817322,-0.09667134284973145,0.4225919544696808,0.6272264719009399,-0.044995490461587906,0.4110431671142578,0.5939129590988159,-0.08535276353359222,0.4328303337097168,0.6360015869140625,-0.08687286078929901,0.45214027166366577,0.6686433553695679,-0.07768692076206207
0.49935322999954224,0.8090884685516357,8.178549819604086e-07,0.5336496829986572,0.7676314115524292,-0.05414145812392235,0.5318980813026428,0.6985459327697754,-0.08149404078722,0.47917309403419495,0.6484127640724182,-0.10436056554317474,0.4284273386001587,0.6076456904411316,-0.12383593618869781,0.5305857062339783,0.5493894219398499,-0.04483707621693611,0.5529854893684387,0.4452301561832428,-0.07785443961620331,0.5657840967178345,0.3764469623565674,-0.10033837705850601,0.5748124122619629,0.3170233368873596,-0.11431058496236801,0.4845268130302429,0.5484756827354431,-0.03935174271464348,0.4605831205844879,0.43223851919174194,-0.07678000628948212,0.44337743520736694,0.3604312837123871,-0.10140296816825867,0.4290156364440918,0.29591256380081177,-0.11334409564733505,0.4482267498970032,0.5800413489341736,-0.038991302251815796,0.4333159625530243,0.5386985540390015,-0.09105222672224045,0.4554632008075714,0.6005154252052307,-0.10226532816886902,0.4697822332382202,0.6431137919425964,-0.09469779580831528,0.42247405648231506,0.6264568567276001,-0.04246203601360321,0.41233521699905396,0.592143714427948,-0.08283834159374237,0.4332803189754486,0.6335268616676331,-0.08450908958911896,0.45154404640197754,0.6661001443862915,-0.07531706988811493
0.4993436634540558,0.8087398409843445,8.153030535140715e-07,0.5326771140098572,0.7666114568710327,-0.053703662008047104,0.5298235416412354,0.6959035396575928,-0.08027606457471848,0.4764074683189392,0.644228994846344,-0.10249137133359909,0.4259907305240631,0.6030895113945007,-0.12130597233772278,0.5294172167778015,0.5487852096557617,-0.042623426765203476,0.5515354871749878,0.4449130892753601,-0.07564069330692291,0.5644562244415283,0.37547481060028076,-0.09821340441703796,0.5734339356422424,0.3156774342060089,-0.11203757673501968,0.4833731949329376,0.5477892756462097,-0.037326324731111526,0.4598269462585449,0.43044108152389526,-0.07423462718725204,0.4422195851802826,0.35802406072616577,-0.09834585338830948,0.4270608723163605,0.2935880422592163,-0.10962773859500885,0.4474489092826843,0.5796366333961487,-0.037339579313993454,0.43165770173072815,0.5390191078186035,-0.08950528502464294,0.4539615213871002,0.600576639175415,-0.10071782022714615,0.4685778021812439,0.6431255340576172,-0.09267554432153702,0.42208951711654663,0.6265108585357666,-0.04114486649632454,0.410456120967865,0.5923572778701782,-0.08161136507987976,0.43153291940689087,0.6342424154281616,-0.08302048593759537,0.45006024837493896,0.6671967506408691,-0.07332402467727661
0.49837368726730347,0.8054167628288269,8.148198276103358e-07,0.531423032283783,0.7647005319595337,-0.055264223366975784,0.5287525653839111,0.6954675316810608,-0.08311063051223755,0.47531670331954956,0.6433795094490051,-0.1060866266489029,0.42424720525741577,0.6019003391265869,-0.12560823559761047,0.5280073285102844,0.546990156173706,-0.04674065485596657,0.5501759052276611,0.44311004877090454,-0.08040813356637955,0.5626906156539917,0.37398356199264526,-0.10313180834054947,0.571529746055603,0.3137863576412201,-0.11711516231298447,0.48232191801071167,0.5449571013450623,-0.04063309729099274,0.4592496454715729,0.4291965365409851,-0.07796217501163483,0.4414817988872528,0.3570578992366791,-0.10168157517910004,0.42668724060058594,0.2930588126182556,-0.1129239946603775,0.4467255771160126,0.5758655071258545,-0.039777521044015884,0.43081170320510864,0.5361659526824951,-0.09169947355985641,0.4520910382270813,0.5964695811271667,-0.1022910475730896,0.4666902422904968,0.6387424468994141,-0.09422964602708817,0.4215403199195862,0.6216899752616882,-0.04291873425245285,0.40970465540885925,0.5883239507675171,-0.08343855291604996,0.4303109645843506,0.6293483376502991,-0.08503441512584686,0.4490613341331482,0.6622647047042847,-0.07562810182571411
0.49793359637260437,0.8042250871658325,8.096697570181277e-07,0.5316699147224426,0.7622395753860474,-0.05402535945177078,0.5295498967170715,0.6926100850105286,-0.08106780052185059,0.47591546177864075,0.6420124173164368,-0.10360649973154068,0.4245660901069641,0.6024234294891357,-0.12284190952777863,0.5275373458862305,0.545252799987793,-0.044130839407444,0.5501969456672668,0.4406150281429291,-0.07711987942457199,0.5627049803733826,0.3711232542991638,-0.09951969981193542,0.5714915990829468,0.31158357858657837,-0.11324533075094223,0.4817591905593872,0.5447016358375549,-0.03851267322897911,0.4580020606517792,0.4281046390533447,-0.075363390147686,0.44055062532424927,0.3564196825027466,-0.09938029199838638,0.4260566234588623,0.2930815517902374,-0.11073954403400421,0.4464265704154968,0.576452374458313,-0.03811993449926376,0.4306924343109131,0.536063015460968,-0.09011927992105484,0.4523642063140869,0.5966452956199646,-0.10154129564762115,0.4668969511985779,0.6391580700874329,-0.09385142475366592,0.4218198359012604,0.6230320334434509,-0.041500259190797806,0.4095839858055115,0.58786940574646,-0.08194981515407562,0.43021145462989807,0.6290860176086426,-0.08359623700380325,0.4491759240627289,0.6626783609390259,-0.07415725290775299
0.4973188042640686,0.8046872019767761,8.011020327103324e-07,0.531985878944397,0.7616965770721436,-0.05263400822877884,0.5303879976272583,0.6905511021614075,-0.07894109934568405,0.4763093888759613,0.6392806172370911,-0.10093257576227188,0.42468971014022827,0.6002922058105469,-0.11959020048379898,0.5283210873603821,0.5442467331886292,-0.04296272248029709,0.550280749797821,0.4392184615135193,-0.07530631870031357,0.5625020265579224,0.3700149357318878,-0.09729526191949844,0.5707399845123291,0.31054621934890747,-0.11095649003982544,0.4822252094745636,0.5432875752449036,-0.03794535994529724,0.45792752504348755,0.4268510043621063,-0.07459434866905212,0.4403130114078522,0.3547515869140625,-0.09882906079292297,0.4254772961139679,0.2906610667705536,-0.1105179414153099,0.4466806948184967,0.5751314163208008,-0.037918057292699814,0.43147221207618713,0.5337243676185608,-0.08937159180641174,0.4535997211933136,0.5931782126426697,-0.10065160691738129,0.4679067134857178,0.6353964805603027,-0.09310611337423325,0.42147913575172424,0.6219949722290039,-0.04155504330992699,0.41057032346725464,0.5859410762786865,-0.08175419270992279,0.4315199851989746,0.62619549036026,-0.0833912193775177,0.4499691128730774,0.6594402194023132,-0.07404961436986923
0.49825242161750793,0.8020569682121277,8.017775030566554e-07,0.5326244831085205,0.7600006461143494,-0.054770853370428085,0.530295729637146,0.6893149614334106,-0.08245926350355148,0.47529080510139465,0.6372739672660828,-0.10543277859687805,0.4235210120677948,0.596566915512085,-0.12509749829769135,0.5289589166641235,0.5427121520042419,-0.045720912516117096,0.5509974956512451,0.43833011388778687,-0.07896535098552704,0.5630226135253906,0.36929935216903687,-0.10157949477434158,0.5712998509407043,0.3097050189971924,-0.11568212509155273,0.4829406440258026,0.5422420501708984,-0.040082234889268875,0.45884859561920166,0.42526477575302124,-0.07752395421266556,0.4411167800426483,0.3536483645439148,-0.10203569382429123,0.4260993003845215,0.28984686732292175,-0.11386881023645401,0.44732990860939026,0.5742778182029724,-0.039578069001436234,0.43172401189804077,0.53281170129776,-0.09206993132829666,0.45360636711120605,0.5934115052223206,-0.10333257913589478,0.46786174178123474,0.6358426213264465,-0.09561917185783386,0.421920508146286,0.6212189197540283,-0.042886558920145035,0.4098713994026184,0.5839682221412659,-0.08369366824626923,0.43047285079956055,0.6251797676086426,-0.08518339693546295,0.4488573372364044,0.6589384078979492,-0.07573138922452927
0.4972253143787384,0.8011307120323181,7.97373672867252e-07,0.5321044325828552,0.7584954500198364,-0.052741438150405884,0.5309680104255676,0.6879492998123169,-0.07951200008392334,0.4771721661090851,0.6371890902519226,-0.10197004675865173,0.4255952537059784,0.5979257225990295,-0.12108510732650757,0.5286958813667297,0.5414285659790039,-0.04383372515439987,0.5507632493972778,0.4370565414428711,-0.07652851939201355,0.563007116317749,0.36809152364730835,-0.09862791746854782,0.5714841485023499,0.3087312877178192,-0.11234953999519348,0.4827260673046112,0.5403098464012146,-0.03884437680244446,0.4590211808681488,0.4248812794685364,-0.07554507255554199,0.44147789478302,0.3534407615661621,-0.0994163230061531,0.4267280697822571,0.2900703549385071,-0.11088542640209198,0.44721895456314087,0.571645975112915,-0.038866110146045685,0.43252503871917725,0.5306769013404846,-0.09023955464363098,0.454519659280777,0.5906834006309509,-0.10107936710119247,0.4687247574329376,0.6331928968429565,-0.0933283194899559,0.4222041666507721,0.618038535118103,-0.042625196278095245,0.4122867286205292,0.5842886567115784,-0.08292612433433533,0.4334365129470825,0.6247346997261047,-0.08469104766845703,0.4518265128135681,0.6578564643859863,-0.07543012499809265
0.49820834398269653,0.8012501001358032,8.064297958298994e-07,0.5322650671005249,0.7597641348838806,-0.05456056073307991,0.5303983688354492,0.6900619864463806,-0.08211751282215118,0.47799256443977356,0.6389104127883911,-0.10502827167510986,0.4267544150352478,0.5988935232162476,-0.12460850179195404,0.5296778678894043,0.5425704717636108,-0.04597048461437225,0.5510669946670532,0.4376557171344757,-0.07905040681362152,0.5632811188697815,0.36852777004241943,-0.10138735175132751,0.5719260573387146,0.30866262316703796,-0.11527310311794281,0.4836556911468506,0.541143536567688,-0.040118925273418427,0.45923343300819397,0.4249204993247986,-0.07758166640996933,0.44122517108917236,0.3533734977245331,-0.10194581747055054,0.4261897802352905,0.28964293003082275,-0.11364223062992096,0.44765421748161316,0.5721163749694824,-0.03932772949337959,0.4322303533554077,0.53156977891922,-0.09149512648582458,0.45374795794487,0.5932750105857849,-0.10243188589811325,0.4679071009159088,0.6360582113265991,-0.09456086903810501,0.422284334897995,0.6177524328231812,-0.0424082949757576,0.4109756648540497,0.5835058093070984,-0.08319402486085892,0.4316251873970032,0.6249661445617676,-0.08495903015136719,0.4501694440841675,0.6581133604049683,-0.07566286623477936
0.4979155659675598,0.8009306192398071,8.078529845079174e-07,0.531319260597229,0.7593585848808289,-0.05540972203016281,0.5285901427268982,0.6884656548500061,-0.08241590857505798,0.47564077377319336,0.6355705261230469,-0.10456236451864243,0.4244231879711151,0.5949437022209167,-0.12322045862674713,0.5291004776954651,0.5413870811462402,-0.0441536083817482,0.5500909090042114,0.43719637393951416,-0.07660125195980072,0.5624001622200012,0.3682335615158081,-0.098731130361557,0.5708683729171753,0.30850544571876526,-0.11250678449869156,0.48306024074554443,0.5403032898902893,-0.03754895180463791,0.4585358500480652,0.42452356219291687,-0.0742824375629425,0.4402737617492676,0.3529888987541199,-0.09830604493618011,0.4249359965324402,0.28926926851272583,-0.10967209935188293,0.44734126329421997,0.5718961358070374,-0.03627762198448181,0.43073561787605286,0.5321256518363953,-0.08815822005271912,0.4522579610347748,0.5928571224212646,-0.09960897266864777,0.4668809175491333,0.6348637342453003,-0.09195414930582047,0.4223533272743225,0.6177768707275391,-0.03896397724747658,0.4103246331214905,0.5854455828666687,-0.07992447167634964,0.4308691918849945,0.6271120309829712,-0.0823187530040741,0.4495736062526703,0.6599011421203613,-0.07336623221635818
0.49650004506111145,0.7994379997253418,8.050490691857703e-07,0.5280542373657227,0.7560890913009644,-0.05464266240596771,0.5254139304161072,0.6821135878562927,-0.08036747574806213,0.46892470121383667,0.6283765435218811,-0.10118210315704346,0.41593489050865173,0.588857889175415,-0.11858100444078445,0.5255610346794128,0.5405274629592896,-0.04163640737533569,0.5465346574783325,0.4374929666519165,-0.07347070425748825,0.559402585029602,0.3688293993473053,-0.09501510113477707,0.5682283043861389,0.30950966477394104,-0.10816507041454315,0.4784877896308899,0.5397635102272034,-0.034851133823394775,0.4521730840206146,0.42394307255744934,-0.070895254611969,0.433056503534317,0.35289281606674194,-0.09415243566036224,0.41639450192451477,0.2901352345943451,-0.10461203753948212,0.44229215383529663,0.5722442865371704,-0.03347891941666603,0.42417240142822266,0.5344057083129883,-0.0855678841471672,0.44665905833244324,0.5948534607887268,-0.09727375954389572,0.461397647857666,0.6363357901573181,-0.08922207355499268,0.4169374108314514,0.6184463500976562,-0.03582559898495674,0.40410465002059937,0.5884589552879333,-0.076400525867939,0.4245801270008087,0.6303269267082214,-0.07855431735515594,0.4424377977848053,0.6618392467498779,-0.06924760341644287
0.49725794792175293,0.7960683107376099,8.12828488960804e-07,0.5285522937774658,0.7540937662124634,-0.05780727043747902,0.5238792300224304,0.6804390549659729,-0.08535302430391312,0.4678288698196411,0.6277974247932434,-0.10721337795257568,0.41425272822380066,0.5888530611991882,-0.1257343590259552,0.524217963218689,0.5396592617034912,-0.04629790782928467,0.5463482737541199,0.4376552104949951,-0.07917395979166031,0.5596993565559387,0.37020343542099,-0.10169602185487747,0.5701285004615784,0.31140509247779846,-0.11586659401655197,0.4778398275375366,0.5385853052139282,-0.038358576595783234,0.4507145285606384,0.42305272817611694,-0.07542505115270615,0.4311051070690155,0.3529065251350403,-0.0995587557554245,0.415131539106369,0.2904883325099945,-0.11107942461967468,0.4422222375869751,0.5698984861373901,-0.03594515845179558,0.4227406084537506,0.5301819443702698,-0.0888701006770134,0.4444068670272827,0.5919619798660278,-0.10071505606174469,0.45953550934791565,0.6343443393707275,-0.09327331930398941,0.4176994562149048,0.6153050661087036,-0.03757311776280403,0.40257686376571655,0.5851671099662781,-0.07978982478380203,0.42326807975769043,0.6281588673591614,-0.08287415653467178,0.4422505497932434,0.6603846549987793,-0.07444267719984055
0.4965808391571045,0.7989886999130249,8.039964995987248e-07,0.5272707939147949,0.7557125091552734,-0.05691257119178772,0.5223063230514526,0.6808229684829712,-0.0836418941617012,0.4669385254383087,0.625510036945343,-0.10492367297410965,0.4135802984237671,0.5850934982299805,-0.1228065937757492,0.5256337523460388,0.5401443243026733,-0.042907439172267914,0.5462175607681274,0.4388993978500366,-0.07592508941888809,0.5591744184494019,0.3712347745895386,-0.09873398393392563,0.5693306922912598,0.31228774785995483,-0.11291473358869553,0.47867587208747864,0.5389387011528015,-0.03530044108629227,0.45111238956451416,0.4241635203361511,-0.0725552961230278,0.4312872290611267,0.3542614281177521,-0.09667136520147324,0.41498705744743347,0.2918228507041931,-0.1077626571059227,0.4423265755176544,0.5703019499778748,-0.03342438489198685,0.421799898147583,0.531739354133606,-0.08701848238706589,0.4437650144100189,0.5939551591873169,-0.0991985872387886,0.4590964913368225,0.6366726756095886,-0.09144273400306702,0.4171399474143982,0.6158328056335449,-0.03548797219991684,0.4020986557006836,0.5884407162666321,-0.0782117247581482,0.42282480001449585,0.6313959360122681,-0.081655353307724,0.44150403141975403,0.662778377532959,-0.07310660928487778
0.496616929769516,0.7985340356826782,7.907653412075888e-07,0.5275124907493591,0.7554174065589905,-0.056396935135126114,0.5226486325263977,0.6799061298370361,-0.08248129487037659,0.4659811556339264,0.6258106231689453,-0.10316313803195953,0.4128870964050293,0.5864536762237549,-0.12058591097593307,0.5244705080986023,0.5405018329620361,-0.04264163225889206,0.5465764999389648,0.43822604417800903,-0.07479890435934067,0.5596585273742676,0.37004339694976807,-0.09717760980129242,0.5699362754821777,0.3112879991531372,-0.11118882894515991,0.4778243601322174,0.5402549505233765,-0.03533390536904335,0.45105820894241333,0.4239039719104767,-0.07173147052526474,0.43138784170150757,0.3534611463546753,-0.09606639295816422,0.4152040481567383,0.2910528779029846,-0.10754911601543427,0.4422849714756012,0.5724191069602966,-0.033587925136089325,0.4223206341266632,0.5314200520515442,-0.08685670793056488,0.4436919689178467,0.5934905409812927,-0.09939871728420258,0.4581548273563385,0.6362755298614502,-0.09197535365819931,0.41800937056541443,0.6193047761917114,-0.03562253713607788,0.40187299251556396,0.5839185118675232,-0.07814837247133255,0.4218742847442627,0.6274998188018799,-0.0808502733707428,0.4400686025619507,0.6611494421958923,-0.07182880491018295
0.4972184896469116,0.7944908142089844,8.059613492150675e-07,0.5276437401771545,0.751915693283081,-0.05775725096464157,0.5225078463554382,0.6777965426445007,-0.08482807129621506,0.46577733755111694,0.6238436102867126,-0.10624441504478455,0.41197723150253296,0.5847362279891968,-0.12437280267477036,0.5253828167915344,0.5390720367431641,-0.04435686022043228,0.546890914440155,0.4387936592102051,-0.07737922668457031,0.5597758889198303,0.37155860662460327,-0.10038604587316513,0.5700979828834534,0.31342223286628723,-0.11482734978199005,0.4787023961544037,0.5384267568588257,-0.036460667848587036,0.45215699076652527,0.42359593510627747,-0.07353779673576355,0.43337684869766235,0.35342371463775635,-0.09810820966959,0.418266236782074,0.2907995283603668,-0.10985848307609558,0.44250917434692383,0.5702341794967651,-0.03429592773318291,0.42232173681259155,0.5302422642707825,-0.08776798844337463,0.4434893727302551,0.5912959575653076,-0.10070706158876419,0.4583416283130646,0.633660078048706,-0.09378677606582642,0.41737985610961914,0.616141140460968,-0.0360800176858902,0.4018288254737854,0.5849924087524414,-0.07859622687101364,0.42168423533439636,0.627124011516571,-0.08222058415412903,0.439854234457016,0.6588372588157654,-0.07414411753416061
0.4963749647140503,0.794319212436676,8.125256272251136e-07,0.5280301570892334,0.7508882284164429,-0.056367937475442886,0.5233035087585449,0.6766177415847778,-0.08276477456092834,0.4662635922431946,0.6234989762306213,-0.10372275114059448,0.41288328170776367,0.584926426410675,-0.12130799144506454,0.5253918766975403,0.5381287336349487,-0.04298816993832588,0.5473272204399109,0.43764787912368774,-0.07563500106334686,0.560414731502533,0.37049955129623413,-0.09809216856956482,0.5705116391181946,0.31289660930633545,-0.11198140680789948,0.4784631133079529,0.5373015999794006,-0.03572596237063408,0.45221224427223206,0.4220821261405945,-0.0721980482339859,0.4336204528808594,0.35176193714141846,-0.09595124423503876,0.4182963967323303,0.2896854281425476,-0.1069210097193718,0.4423150420188904,0.5689876079559326,-0.034172173589468,0.42282915115356445,0.5301119685173035,-0.08713746070861816,0.4443589746952057,0.5904803276062012,-0.09958034753799438,0.4591604471206665,0.6322855353355408,-0.0921453908085823,0.4170207977294922,0.614822506904602,-0.036478642374277115,0.4024244248867035,0.5843963623046875,-0.07855060696601868,0.42241212725639343,0.6259450316429138,-0.08176584541797638,0.44028082489967346,0.657258927822113,-0.07322298735380173
0.4969522953033447,0.7930202484130859,8.04874844106962e-07,0.5280038714408875,0.7502094507217407,-0.05629623681306839,0.5240877866744995,0.676268458366394,-0.08274522423744202,0.46705105900764465,0.6222471594810486,-0.10390392690896988,0.4135197103023529,0.5827184915542603,-0.12179019302129745,0.525830090045929,0.5368652939796448,-0.04215807840228081,0.5475335717201233,0.4360401928424835,-0.07457495480775833,0.560578465461731,0.3688300848007202,-0.09721428900957108,0.5710226893424988,0.3109716773033142,-0.11136576533317566,0.4789236783981323,0.5363114476203918,-0.034961454570293427,0.45322510600090027,0.42089274525642395,-0.07134900987148285,0.4353078007698059,0.3502889573574066,-0.09557562321424484,0.4209052324295044,0.2872103452682495,-0.10702439397573471,0.4429343044757843,0.5686011910438538,-0.03343420848250389,0.4231839179992676,0.5269870162010193,-0.08666229248046875,0.4440946877002716,0.5883862376213074,-0.09922415018081665,0.4586067497730255,0.6307525634765625,-0.09190642833709717,0.4180073142051697,0.6156328320503235,-0.03568660467863083,0.4019638001918793,0.5815909504890442,-0.07816486805677414,0.42170247435569763,0.6239222884178162,-0.08115168660879135,0.43995413184165955,0.6560590267181396,-0.072407066822052
0.49618709087371826,0.7928385138511658,7.841845217626542e-07,0.5289087891578674,0.7500604391098022,-0.053741682320833206,0.5262145400047302,0.6759459972381592,-0.079689621925354,0.46910983324050903,0.6231595277786255,-0.10093922168016434,0.4159611463546753,0.5852643847465515,-0.11910632997751236,0.5257001519203186,0.5367470383644104,-0.041421547532081604,0.5477629899978638,0.4359397292137146,-0.07353004068136215,0.5605051517486572,0.3688802719116211,-0.09606229513883591,0.5704752802848816,0.31112727522850037,-0.1102847158908844,0.47894787788391113,0.5364803671836853,-0.03570497781038284,0.4539209008216858,0.42075973749160767,-0.07177239656448364,0.43631070852279663,0.34985747933387756,-0.09618297219276428,0.42158398032188416,0.2863016128540039,-0.1081627681851387,0.44320148229599,0.5689207315444946,-0.03523789346218109,0.42429107427597046,0.5249778032302856,-0.08758677542209625,0.44573503732681274,0.5853168964385986,-0.09963459521532059,0.45980334281921387,0.6283194422721863,-0.09245096147060394,0.4180324673652649,0.6170923113822937,-0.038339510560035706,0.4031696021556854,0.5793185234069824,-0.07978890836238861,0.42316314578056335,0.6208104491233826,-0.08184434473514557,0.44082775712013245,0.6543935537338257,-0.0727619081735611
0.4962202310562134,0.7888959646224976,8.089398306765361e-07,0.5312931537628174,0.7423382997512817,-0.04910476133227348,0.5317251086235046,0.6674086451530457,-0.07305502146482468,0.47480636835098267,0.6188703775405884,-0.09351477026939392,0.4244402050971985,0.5807170867919922,-0.11102687567472458,0.5280288457870483,0.5343806147575378,-0.03828795999288559,0.549627959728241,0.4316287040710449,-0.0722648948431015,0.5625051856040955,0.3634781241416931,-0.09412261843681335,0.5720898509025574,0.3059149384498596,-0.10648849606513977,0.4822625517845154,0.535399854183197,-0.034984905272722244,0.4604702889919281,0.4182167053222656,-0.073328897356987,0.444507360458374,0.3456580638885498,-0.09686378389596939,0.43116405606269836,0.2817349135875702,-0.10644399374723434,0.4469352960586548,0.5663984417915344,-0.036869242787361145,0.4296073317527771,0.534021258354187,-0.09149643033742905,0.45157819986343384,0.5978685617446899,-0.10284936428070068,0.4663078188896179,0.6396665573120117,-0.09336616098880768,0.4208124876022339,0.6119892597198486,-0.0418788343667984,0.40857183933258057,0.5849940180778503,-0.08356286585330963,0.43016111850738525,0.6306259036064148,-0.08428531885147095,0.4483514130115509,0.663030743598938,-0.07317867875099182
0.4956488609313965,0.7901030778884888,8.113466378745215e-07,0.5302348136901855,0.7433128952980042,-0.04967713728547096,0.5309432744979858,0.6690228581428528,-0.07310117036104202,0.4761168658733368,0.6210311055183411,-0.0926690399646759,0.42498546838760376,0.58644700050354,-0.1091311052441597,0.5279481410980225,0.5342015624046326,-0.03741079196333885,0.5493676662445068,0.4320307672023773,-0.06947484612464905,0.5626187324523926,0.3641716241836548,-0.09057728946208954,0.5721358060836792,0.3068447411060333,-0.10273720324039459,0.48254963755607605,0.5345711708068848,-0.03324408829212189,0.46080440282821655,0.4181663393974304,-0.06946645677089691,0.4463420808315277,0.3455638289451599,-0.09257879108190536,0.43408501148223877,0.2818491458892822,-0.10231444984674454,0.44714370369911194,0.5653409957885742,-0.03435507416725159,0.4332134425640106,0.5330193638801575,-0.08662192523479462,0.45614543557167053,0.5950285196304321,-0.09873539209365845,0.4704645276069641,0.6355910301208496,-0.09041929244995117,0.4216230809688568,0.6104295253753662,-0.03875641152262688,0.4129442274570465,0.5835685729980469,-0.07870674133300781,0.4351169466972351,0.6271393895149231,-0.08012562990188599,0.453146368265152,0.6588218808174133,-0.07002464681863785
0.49689120054244995,0.7890949845314026,8.200246952583257e-07,0.5323752164840698,0.7425808906555176,-0.04927239567041397,0.5336785316467285,0.6687837243080139,-0.0730113536119461,0.4775243103504181,0.6216651201248169,-0.09294168651103973,0.42618298530578613,0.5869844555854797,-0.10978841781616211,0.5290827751159668,0.5344326496124268,-0.039017077535390854,0.5499427914619446,0.43183594942092896,-0.07150384038686752,0.5627774596214294,0.3641040325164795,-0.09232744574546814,0.5720557570457458,0.306500643491745,-0.10427338629961014,0.48347753286361694,0.5344070792198181,-0.03521518409252167,0.46188023686408997,0.4176855683326721,-0.0717974528670311,0.44818806648254395,0.3446248173713684,-0.09441065788269043,0.4368365406990051,0.28097015619277954,-0.10376796126365662,0.4481145739555359,0.5641646981239319,-0.03659873828291893,0.4346877336502075,0.5340068936347961,-0.08887740224599838,0.4575061500072479,0.5964086055755615,-0.10094653815031052,0.4716576039791107,0.6376027464866638,-0.09272612631320953,0.42263492941856384,0.6079859733581543,-0.04128752276301384,0.4159489870071411,0.5873621702194214,-0.08169271051883698,0.4380892217159271,0.6320335268974304,-0.08402026444673538,0.45537877082824707,0.6634237170219421,-0.07457315176725388
0.497240275144577,0.7891614437103271,8.316768003169273e-07,0.531062126159668,0.7446245551109314,-0.051338452845811844,0.5320264101028442,0.6702058911323547,-0.0753193274140358,0.476483017206192,0.619279146194458,-0.09514835476875305,0.4251878559589386,0.5817325711250305,-0.11183833330869675,0.529695987701416,0.5335512757301331,-0.038697827607393265,0.5501429438591003,0.43199634552001953,-0.07175996899604797,0.5631718635559082,0.36397451162338257,-0.09296129643917084,0.5728085041046143,0.3061816692352295,-0.10493927448987961,0.48403066396713257,0.5338772535324097,-0.033953405916690826,0.46335938572883606,0.4171268045902252,-0.07135254889726639,0.45022255182266235,0.3443332314491272,-0.09395680576562881,0.43949979543685913,0.28113874793052673,-0.10269628465175629,0.44836434721946716,0.5646840333938599,-0.03475826233625412,0.4346277415752411,0.5348662734031677,-0.0889037698507309,0.45737314224243164,0.5992481708526611,-0.10091280192136765,0.47191116213798523,0.6410768628120422,-0.09173949062824249,0.422757625579834,0.6093310713768005,-0.038965146988630295,0.4154309332370758,0.5887371301651001,-0.08117745071649551,0.4373575747013092,0.6357342600822449,-0.08351217955350876,0.45440673828125,0.6678048372268677,-0.07338512688875198
0.498085081577301,0.7894737124443054,8.205706762964837e-07,0.5323246717453003,0.7430355548858643,-0.05046740174293518,0.532740592956543,0.6680518388748169,-0.07421977818012238,0.47702714800834656,0.6180726289749146,-0.09394452720880508,0.425504207611084,0.5818710327148438,-0.11059650033712387,0.5298663377761841,0.5333303213119507,-0.03862180560827255,0.5504400134086609,0.43198901414871216,-0.07117622345685959,0.5630196332931519,0.3642742335796356,-0.09219494462013245,0.5720705389976501,0.306604266166687,-0.10418128222227097,0.48424357175827026,0.5333457589149475,-0.03420517221093178,0.4639497995376587,0.41671517491340637,-0.07086478173732758,0.45094355940818787,0.3440430462360382,-0.0934407040476799,0.4399360716342926,0.2806721329689026,-0.10245446115732193,0.4486221969127655,0.5637247562408447,-0.035197190940380096,0.43542009592056274,0.534494936466217,-0.08810614049434662,0.4585863947868347,0.5972082018852234,-0.10049211978912354,0.47291886806488037,0.6383811235427856,-0.092034250497818,0.42291679978370667,0.6080852746963501,-0.03954770788550377,0.4167901575565338,0.5861879587173462,-0.08012989163398743,0.43888619542121887,0.6311028003692627,-0.08233372867107391,0.4558190107345581,0.6625678539276123,-0.0726218968629837
0.4976826608181,0.7885550856590271,8.34260333704151e-07,0.5317400693893433,0.7430485486984253,-0.05138128995895386,0.533393144607544,0.6692768335342407,-0.0755172073841095,0.47738802433013916,0.6179053783416748,-0.09533963352441788,0.4257975220680237,0.5809512138366699,-0.11189204454421997,0.5300119519233704,0.5322021245956421,-0.03943287208676338,0.5503122210502625,0.4305221438407898,-0.07202975451946259,0.5628184676170349,0.3627582788467407,-0.0928855687379837,0.5716742277145386,0.3051137328147888,-0.10468743741512299,0.484262079000473,0.5322133898735046,-0.03425981104373932,0.46399790048599243,0.41667038202285767,-0.0709635391831398,0.4511055648326874,0.34396860003471375,-0.09312248975038528,0.4401666224002838,0.28069859743118286,-0.10175640881061554,0.4486956000328064,0.5626002550125122,-0.034522052854299545,0.4360889494419098,0.5344494581222534,-0.0867985263466835,0.45854246616363525,0.5960986018180847,-0.09852267056703568,0.4723924398422241,0.6365875601768494,-0.0897584930062294,0.4228859543800354,0.6063833832740784,-0.03830168768763542,0.417671799659729,0.5896084904670715,-0.07881025969982147,0.4390456974506378,0.6344337463378906,-0.08130660653114319,0.45476266741752625,0.66471266746521,-0.07168637216091156
0.498209148645401,0.7911803722381592,8.314186175084615e-07,0.5324007272720337,0.7434561252593994,-0.048619870096445084,0.5339012145996094,0.6681444048881531,-0.07143008708953857,0.47829651832580566,0.6185358166694641,-0.09056515246629715,0.4264448285102844,0.5839654803276062,-0.10659142583608627,0.5292993783950806,0.5331557989120483,-0.036217015236616135,0.5495238304138184,0.4301052689552307,-0.06788495182991028,0.5617054104804993,0.36214548349380493,-0.08804212510585785,0.5701674222946167,0.30443695187568665,-0.0993528664112091,0.48348620533943176,0.5339664220809937,-0.03227570652961731,0.46292635798454285,0.41759997606277466,-0.06859245151281357,0.45058882236480713,0.34484773874282837,-0.09057046473026276,0.44043204188346863,0.2811577320098877,-0.09889134019613266,0.44811931252479553,0.5646337866783142,-0.03355823829770088,0.4360314607620239,0.5356685519218445,-0.0857563316822052,0.45869335532188416,0.5992118120193481,-0.09716223925352097,0.47254058718681335,0.6403017044067383,-0.08791286498308182,0.4227452278137207,0.6087087392807007,-0.03808552771806717,0.4172293543815613,0.5904709696769714,-0.07843410968780518,0.4391457438468933,0.6365551948547363,-0.08021318912506104,0.4556112587451935,0.6676173210144043,-0.06986624747514725
0.4976669251918793,0.7862950563430786,8.118104233290069e-07,0.5322795510292053,0.7374700307846069,-0.04892392456531525,0.5338947772979736,0.661932647228241,-0.07188186049461365,0.4777311384677887,0.6135892868041992,-0.09110859036445618,0.42608100175857544,0.5799967646598816,-0.10737861692905426,0.5304295420646667,0.5298657417297363,-0.03693660348653793,0.5494292974472046,0.42829984426498413,-0.06844998151063919,0.5608000755310059,0.3607729971408844,-0.08882211893796921,0.5689427852630615,0.3035595417022705,-0.10036607831716537,0.4848615825176239,0.5314900875091553,-0.0329449400305748,0.46354150772094727,0.41581404209136963,-0.06856367737054825,0.451093852519989,0.3436417579650879,-0.0908752977848053,0.44141674041748047,0.28121790289878845,-0.09996837377548218,0.44944995641708374,0.5626110434532166,-0.03415469825267792,0.43895551562309265,0.5345974564552307,-0.08543027192354202,0.46118733286857605,0.5947923064231873,-0.09771699458360672,0.4742969572544098,0.6355134844779968,-0.08967474102973938,0.42330992221832275,0.6067036986351013,-0.0386543944478035,0.4187426269054413,0.5858272314071655,-0.07791490107774734,0.44044068455696106,0.6295535564422607,-0.07988259941339493,0.4561638832092285,0.6614550948143005,-0.07026509195566177
0.49503055214881897,0.7869261503219604,8.230850312429538e-07,0.5305109620094299,0.7369385957717896,-0.04548697918653488,0.532861590385437,0.6603009700775146,-0.06660532206296921,0.47635701298713684,0.6129217743873596,-0.08458316326141357,0.42478469014167786,0.5814400315284729,-0.0996289998292923,0.5274230241775513,0.5306397676467896,-0.03363694250583649,0.5476634502410889,0.4277656078338623,-0.06407783180475235,0.5597413778305054,0.36033475399017334,-0.08303231745958328,0.5679674744606018,0.30338844656944275,-0.09334160387516022,0.48195549845695496,0.5317443609237671,-0.030693257227540016,0.4615526795387268,0.4156060516834259,-0.06561807543039322,0.4503633975982666,0.3425289988517761,-0.08661074191331863,0.4416635036468506,0.2800867557525635,-0.09424357116222382,0.4472042918205261,0.562224268913269,-0.0327339768409729,0.43807265162467957,0.5365527272224426,-0.083367258310318,0.46010568737983704,0.5973516702651978,-0.0951467752456665,0.472819060087204,0.6382931470870972,-0.08627131581306458,0.42202091217041016,0.6054500937461853,-0.03772546350955963,0.41948503255844116,0.5893033742904663,-0.07660131901502609,0.44135355949401855,0.6337186098098755,-0.07844415307044983,0.45687344670295715,0.6653332710266113,-0.06826044619083405
0.4946573078632355,0.7878898978233337,8.064923235906463e-07,0.5307473540306091,0.7366570234298706,-0.04464922100305557,0.5332643389701843,0.6600720882415771,-0.0656791552901268,0.4764622747898102,0.6121960282325745,-0.08371754735708237,0.4247208833694458,0.5812192559242249,-0.09878357499837875,0.5270709991455078,0.5307788848876953,-0.032956305891275406,0.5467381477355957,0.42779016494750977,-0.06297358870506287,0.5583497285842896,0.36059948801994324,-0.08199308067560196,0.5661993026733398,0.3038069009780884,-0.09260877966880798,0.48163536190986633,0.5321212410926819,-0.030365947633981705,0.46085289120674133,0.4166749119758606,-0.06476939469575882,0.44959935545921326,0.3436177968978882,-0.08596309274435043,0.44046157598495483,0.2806737720966339,-0.09416811913251877,0.44690585136413574,0.5631125569343567,-0.03258943557739258,0.43825042247772217,0.5351322889328003,-0.08193831145763397,0.4603049159049988,0.5938234329223633,-0.09324616938829422,0.4722379446029663,0.6341623663902283,-0.08469808101654053,0.4217003285884857,0.6070238947868347,-0.037795279175043106,0.41955387592315674,0.5890368819236755,-0.0754355862736702,0.4408095180988312,0.6312003135681152,-0.07685568183660507,0.45512235164642334,0.6622998714447021,-0.06681768596172333
0.4938919246196747,0.7902000546455383,8.092752636912337e-07,0.52926105260849,0.7389681339263916,-0.0453716404736042,0.5310488343238831,0.6615665555000305,-0.06604181975126266,0.47489044070243835,0.6133773326873779,-0.08367664366960526,0.42270925641059875,0.5828179121017456,-0.09835082292556763,0.5257107615470886,0.5304438471794128,-0.03164055943489075,0.5454865097999573,0.4277908205986023,-0.06107268109917641,0.5570376515388489,0.36020052433013916,-0.08011288940906525,0.5649698972702026,0.3035285174846649,-0.09087222814559937,0.4801490604877472,0.5325122475624084,-0.02887706272304058,0.4592132866382599,0.41735750436782837,-0.06275518238544464,0.44833260774612427,0.3443087339401245,-0.08408817648887634,0.43958425521850586,0.2818867862224579,-0.09243815392255783,0.44539308547973633,0.5649299025535583,-0.031149396672844887,0.43627575039863586,0.5352739691734314,-0.0810035765171051,0.4589296877384186,0.5948621034622192,-0.09271079301834106,0.471311092376709,0.6356983184814453,-0.08417604118585587,0.42040711641311646,0.6104230284690857,-0.03640405088663101,0.4170502722263336,0.588095486164093,-0.07476886361837387,0.438211053609848,0.6308073401451111,-0.07619578391313553,0.45227643847465515,0.663002073764801,-0.0660066157579422
0.49172136187553406,0.7873841524124146,8.076600579443038e-07,0.5276990532875061,0.7379282116889954,-0.04676711931824684,0.5297085046768188,0.6612003445625305,-0.06810124963521957,0.472635954618454,0.6128722429275513,-0.08592631667852402,0.4202732741832733,0.5813319683074951,-0.10071806609630585,0.5247197151184082,0.5300779342651367,-0.034240517765283585,0.5441433787345886,0.4269832670688629,-0.06355956941843033,0.5556504726409912,0.35961848497390747,-0.08239096403121948,0.5635660886764526,0.30312979221343994,-0.09320877492427826,0.4790962338447571,0.5314498543739319,-0.030672375112771988,0.45800334215164185,0.4159199595451355,-0.06397747248411179,0.4469579756259918,0.34358638525009155,-0.08498341590166092,0.4380401372909546,0.2818026840686798,-0.0936051458120346,0.44415542483329773,0.5631937384605408,-0.03212996572256088,0.4352148175239563,0.5319998860359192,-0.080873042345047,0.4575680196285248,0.5899437665939331,-0.0926097109913826,0.4696173071861267,0.6305477023124695,-0.0848982036113739,0.4187525510787964,0.6081613898277283,-0.036750469356775284,0.416845440864563,0.5863630175590515,-0.07476534694433212,0.43845808506011963,0.627936840057373,-0.07697764784097672,0.4525253176689148,0.6594929695129395,-0.06784490495920181
0.49016493558883667,0.7895399332046509,8.030733056330064e-07,0.524242639541626,0.7391438484191895,-0.046946458518505096,0.5242775678634644,0.6610868573188782,-0.06780879199504852,0.46650388836860657,0.6105794906616211,-0.08515391498804092,0.4143882691860199,0.5792742371559143,-0.09954740107059479,0.5205321311950684,0.5310093760490417,-0.03326590731739998,0.5386987328529358,0.4280340075492859,-0.06274586170911789,0.5509082078933716,0.36029890179634094,-0.08194407820701599,0.5602126121520996,0.3030240833759308,-0.09283585846424103,0.475940078496933,0.5332101583480835,-0.029051421210169792,0.45414504408836365,0.4194340109825134,-0.06231977418065071,0.44347620010375977,0.3467462956905365,-0.0832497775554657,0.43537041544914246,0.28488147258758545,-0.09168530255556107,0.44179069995880127,0.5654821991920471,-0.030029812827706337,0.42979899048805237,0.5369214415550232,-0.07900172472000122,0.45153146982192993,0.5947085618972778,-0.09114333242177963,0.4642397463321686,0.6355994343757629,-0.0833650454878807,0.41754016280174255,0.610399603843689,-0.03416801989078522,0.41239988803863525,0.5907837152481079,-0.07247523963451385,0.4336116313934326,0.6331491470336914,-0.07519517093896866,0.44810423254966736,0.665440559387207,-0.06618735939264297
0.4882924556732178,0.7864822149276733,7.902781362645328e-07,0.5228258967399597,0.7365307211875916,-0.04674379900097847,0.5238789916038513,0.6593933701515198,-0.06791055202484131,0.465702623128891,0.6094298958778381,-0.08559314906597137,0.4141656160354614,0.5774073600769043,-0.10031559318304062,0.5205856561660767,0.531553328037262,-0.03417443484067917,0.5390629768371582,0.42885202169418335,-0.06420782208442688,0.5496557950973511,0.3613913059234619,-0.08333343267440796,0.5568305850028992,0.3050996959209442,-0.0940566286444664,0.4757388234138489,0.5342819690704346,-0.03063763491809368,0.45487022399902344,0.4193940758705139,-0.06499328464269638,0.4427878260612488,0.3468697667121887,-0.08649581670761108,0.43297553062438965,0.28531286120414734,-0.09508399665355682,0.4411714971065521,0.5665453672409058,-0.0321507453918457,0.43031126260757446,0.5382503867149353,-0.08237538486719131,0.4529852271080017,0.5958690047264099,-0.09454744309186935,0.46613574028015137,0.6358433365821838,-0.0864851251244545,0.4156433045864105,0.6114852428436279,-0.03668605908751488,0.4113788306713104,0.5882200002670288,-0.07533463835716248,0.4327492415904999,0.630237340927124,-0.07712268829345703,0.4473656713962555,0.6624626517295837,-0.06737873703241348
0.48874756693840027,0.7861349582672119,7.929987759780488e-07,0.5224997997283936,0.7365788817405701,-0.046905554831027985,0.5219250917434692,0.6599751710891724,-0.0687359943985939,0.4651890993118286,0.6097511649131775,-0.08714747428894043,0.4138190746307373,0.5769484639167786,-0.1026676669716835,0.5196945071220398,0.5314386487007141,-0.03504366800189018,0.5385347008705139,0.43026137351989746,-0.06541743874549866,0.5493030548095703,0.3634425103664398,-0.08513844013214111,0.5569294095039368,0.30694594979286194,-0.09657351672649384,0.4750708043575287,0.534520149230957,-0.031910479068756104,0.45381611585617065,0.4202861785888672,-0.06749554723501205,0.44144606590270996,0.3478511571884155,-0.09010069817304611,0.43155303597450256,0.28562843799591064,-0.09955202043056488,0.44017812609672546,0.5671351552009583,-0.03365348279476166,0.4286864697933197,0.535508930683136,-0.08537251502275467,0.45161938667297363,0.5954656600952148,-0.09743355214595795,0.46495696902275085,0.6372770071029663,-0.0891629159450531,0.414629727602005,0.6126638650894165,-0.03837960585951805,0.4101853668689728,0.5871450901031494,-0.07859472185373306,0.43170008063316345,0.6309930086135864,-0.08043501526117325,0.4461982250213623,0.6645570993423462,-0.07055583596229553
0.48773589730262756,0.7880530953407288,7.93741151028371e-07,0.521027684211731,0.7384333610534668,-0.048846784979104996,0.520676851272583,0.661024272441864,-0.07056118547916412,0.46400579810142517,0.6094067096710205,-0.08818206191062927,0.41265472769737244,0.5759943723678589,-0.10276545584201813,0.519856333732605,0.532152533531189,-0.03499522805213928,0.5383558869361877,0.43105679750442505,-0.06469149142503738,0.5491648316383362,0.364022821187973,-0.08420046418905258,0.5566312074661255,0.307649165391922,-0.09554369747638702,0.47458356618881226,0.5351825952529907,-0.030234823003411293,0.4518457353115082,0.42125144600868225,-0.06522878259420395,0.43864256143569946,0.34906822443008423,-0.08775896579027176,0.42817115783691406,0.2875906825065613,-0.09709643572568893,0.4393792152404785,0.5679269433021545,-0.030567262321710587,0.4275285601615906,0.5360623598098755,-0.08205369859933853,0.4505354166030884,0.5954096913337708,-0.0948634073138237,0.4639222025871277,0.6369383931159973,-0.08700839430093765,0.41411203145980835,0.6127685904502869,-0.03397144004702568,0.4092656373977661,0.5886775851249695,-0.07452227920293808,0.4301685392856598,0.6327875852584839,-0.07729759812355042,0.4440076947212219,0.6661563515663147,-0.06798262894153595
0.48245468735694885,0.7825886011123657,7.677817279727606e-07,0.5148608684539795,0.735480546951294,-0.04964756593108177,0.5139949917793274,0.6583634614944458,-0.07134434580802917,0.45577800273895264,0.6071265339851379,-0.08864820003509521,0.40413177013397217,0.5748093724250793,-0.10302022844552994,0.5154938697814941,0.5317131280899048,-0.03584185242652893,0.5358286499977112,0.43418243527412415,-0.06609465181827545,0.5485297441482544,0.36806628108024597,-0.08629558980464935,0.5577408671379089,0.311720609664917,-0.09817495942115784,0.46999162435531616,0.5324112176895142,-0.030627960339188576,0.446317195892334,0.4192170202732086,-0.06554605066776276,0.43047982454299927,0.34886208176612854,-0.08828601241111755,0.41768720746040344,0.2882118225097656,-0.09792235493659973,0.43518856167793274,0.5634922981262207,-0.030547937378287315,0.42125314474105835,0.5331925749778748,-0.08193701505661011,0.4436962604522705,0.5923282504081726,-0.0949903205037117,0.4576961100101471,0.6330083012580872,-0.0874621644616127,0.4106374680995941,0.6075032353401184,-0.033610500395298004,0.40348297357559204,0.582636296749115,-0.07365354150533676,0.42428094148635864,0.6258594989776611,-0.07628479599952698,0.43953487277030945,0.658342182636261,-0.06711651384830475
0.4826078712940216,0.7847356200218201,7.854449677324737e-07,0.5169817209243774,0.7373395562171936,-0.04985543340444565,0.5167154669761658,0.6591548919677734,-0.07162792235612869,0.45846623182296753,0.6073354482650757,-0.08901946991682053,0.4077441096305847,0.5718871355056763,-0.10339213162660599,0.5184357166290283,0.5328943729400635,-0.036448992788791656,0.5406954884529114,0.43309521675109863,-0.06659583747386932,0.5533931851387024,0.36609697341918945,-0.08655548840761185,0.5618824362754822,0.3096559941768646,-0.09837270528078079,0.4729008376598358,0.5345761179924011,-0.031882476061582565,0.45059943199157715,0.41776418685913086,-0.0671386793255806,0.4363873302936554,0.3458061218261719,-0.09038510173559189,0.4242393374443054,0.28318339586257935,-0.1004493311047554,0.43723392486572266,0.5669265985488892,-0.0324157252907753,0.4245050251483917,0.5323162078857422,-0.08512981981039047,0.4475117623806,0.5931273102760315,-0.09825912117958069,0.46059590578079224,0.6336801648139954,-0.09053026884794235,0.41096973419189453,0.6122437119483948,-0.03597673028707504,0.4050620198249817,0.5810551643371582,-0.07706964015960693,0.4261232316493988,0.6249331831932068,-0.07918523252010345,0.4404814541339874,0.657921552658081,-0.06957979500293732
0.482869952917099,0.7875914573669434,7.951991847221507e-07,0.5173645615577698,0.7397841215133667,-0.04917456582188606,0.5174815654754639,0.6608874797821045,-0.0711916908621788,0.4602334797382355,0.6083077192306519,-0.08895936608314514,0.40829944610595703,0.5754337310791016,-0.10368368774652481,0.5197996497154236,0.5326886773109436,-0.03662464767694473,0.5405642986297607,0.4323291778564453,-0.06709554046392441,0.5528037548065186,0.36529219150543213,-0.08672091364860535,0.560735285282135,0.30836251378059387,-0.09810291230678558,0.47376105189323425,0.5328997373580933,-0.03195462003350258,0.45145729184150696,0.41753947734832764,-0.06812366098165512,0.436828076839447,0.3450348377227783,-0.09073711931705475,0.4241931438446045,0.28305113315582275,-0.09967806935310364,0.43770071864128113,0.5639178156852722,-0.032234080135822296,0.4246719479560852,0.5333037972450256,-0.08497273921966553,0.4477996826171875,0.5953540802001953,-0.0971674919128418,0.461332768201828,0.6374554634094238,-0.08832104504108429,0.41133686900138855,0.6075709462165833,-0.03559179604053497,0.40706127882003784,0.5850655436515808,-0.076902836561203,0.4282224476337433,0.6307625770568848,-0.07918968796730042,0.44270843267440796,0.6638528108596802,-0.06912343204021454
0.4840294122695923,0.7886248826980591,7.916746653791051e-07,0.518749475479126,0.7397541999816895,-0.04832771047949791,0.5192890763282776,0.660499095916748,-0.070013627409935,0.4610210061073303,0.6087629199028015,-0.08764354884624481,0.40868857502937317,0.5766676664352417,-0.10223613679409027,0.5193397998809814,0.5328725576400757,-0.03614291921257973,0.5415284037590027,0.43190163373947144,-0.06611485034227371,0.5539298057556152,0.36483389139175415,-0.08543696254491806,0.56192547082901,0.3079460561275482,-0.09669749438762665,0.47314080595970154,0.5329009294509888,-0.03190144523978233,0.4512976109981537,0.4171645939350128,-0.06715498864650726,0.436694473028183,0.3448690176010132,-0.08948715776205063,0.42387714982032776,0.28250858187675476,-0.09857551008462906,0.43726909160614014,0.5637942552566528,-0.03252257779240608,0.42493200302124023,0.5320367813110352,-0.08392690867185593,0.44852128624916077,0.5931583046913147,-0.09589076042175293,0.4619697630405426,0.6345515847206116,-0.08738597482442856,0.41092735528945923,0.6075729131698608,-0.0362192802131176,0.40672314167022705,0.5832797288894653,-0.07620943337678909,0.42849770188331604,0.6275044083595276,-0.07812963426113129,0.44345059990882874,0.65992671251297,-0.06817454844713211
0.48363828659057617,0.7874865531921387,7.902580136942561e-07,0.5184474587440491,0.739148736000061,-0.0492108128964901,0.5189406275749207,0.6610604524612427,-0.0712176039814949,0.4604974091053009,0.6080576777458191,-0.08907470852136612,0.4086271822452545,0.5732362270355225,-0.10384858399629593,0.5201754570007324,0.5322339534759521,-0.03640441596508026,0.5415760278701782,0.43154436349868774,-0.06690158694982529,0.5538690090179443,0.3641766607761383,-0.08672129362821579,0.5619626641273499,0.3071301579475403,-0.0982356071472168,0.47371092438697815,0.5325395464897156,-0.03188817948102951,0.4512709677219391,0.4164106249809265,-0.0672193393111229,0.436510294675827,0.34447169303894043,-0.08969324082136154,0.42381739616394043,0.2826344966888428,-0.09892609715461731,0.43770501017570496,0.5640753507614136,-0.032407987862825394,0.425037145614624,0.5335912108421326,-0.08410798758268356,0.44846004247665405,0.5940394997596741,-0.0964958518743515,0.4620310366153717,0.6352745294570923,-0.08830392360687256,0.41146114468574524,0.6088017225265503,-0.03605601564049721,0.40671923756599426,0.5847127437591553,-0.07608625292778015,0.4283597767353058,0.6283360123634338,-0.07820224016904831,0.4432733654975891,0.6604174375534058,-0.06851549446582794
0.4839007258415222,0.7882701754570007,7.8711025253142e-07,0.5187432765960693,0.739608645439148,-0.048882514238357544,0.5193427801132202,0.6610390543937683,-0.07077585905790329,0.4613698124885559,0.6090747117996216,-0.08853357285261154,0.4092129170894623,0.5757675170898438,-0.10330568999052048,0.5207617282867432,0.5329777002334595,-0.03682143613696098,0.5421769618988037,0.43184712529182434,-0.06726784259080887,0.5546443462371826,0.3644305467605591,-0.08703651279211044,0.5630182027816772,0.3071135878562927,-0.09853383153676987,0.4745761752128601,0.5333252549171448,-0.03246571496129036,0.45168158411979675,0.4167631268501282,-0.06799236685037613,0.4367158114910126,0.34414613246917725,-0.0907534584403038,0.42401307821273804,0.2817786931991577,-0.10017142444849014,0.4386293888092041,0.5647739768028259,-0.03299931436777115,0.42560216784477234,0.5343403816223145,-0.08486314862966537,0.44889339804649353,0.5950065851211548,-0.09747783094644547,0.46244537830352783,0.6361026167869568,-0.08937001973390579,0.41243183612823486,0.6093238592147827,-0.03659798577427864,0.4070407748222351,0.5852524042129517,-0.07674846053123474,0.4286153316497803,0.6293028593063354,-0.07882577180862427,0.4438992738723755,0.661774218082428,-0.06905080378055573
0.484566330909729,0.787141740322113,7.963110419950681e-07,0.5196359157562256,0.739284098148346,-0.049563758075237274,0.52048259973526,0.661427915096283,-0.0723295658826828,0.46177908778190613,0.6097354292869568,-0.09086758643388748,0.409015417098999,0.5769050717353821,-0.10644487291574478,0.5212478637695312,0.5321743488311768,-0.03817889466881752,0.5430089235305786,0.4319981634616852,-0.06942193955183029,0.5560946464538574,0.36470893025398254,-0.0899217501282692,0.56512451171875,0.30724143981933594,-0.10201781988143921,0.4747451841831207,0.5323883295059204,-0.0337957888841629,0.4517205059528351,0.4161669611930847,-0.06999777257442474,0.43671178817749023,0.34365135431289673,-0.09327375888824463,0.4236893653869629,0.28078705072402954,-0.10315132886171341,0.4387351870536804,0.5639979839324951,-0.034287989139556885,0.4252769351005554,0.5329875349998474,-0.08665931969881058,0.4488280713558197,0.5939027667045593,-0.0991622656583786,0.4625028073787689,0.6352805495262146,-0.09105401486158371,0.41244927048683167,0.6089117527008057,-0.03790465369820595,0.40696704387664795,0.585396409034729,-0.07855742424726486,0.4284078776836395,0.6297978758811951,-0.08067329972982407,0.443312406539917,0.6623979210853577,-0.07094532251358032
0.4864806532859802,0.789551317691803,8.019225106181693e-07,0.5208674073219299,0.7413452863693237,-0.049777254462242126,0.5216447710990906,0.6627932786941528,-0.07302248477935791,0.4647060036659241,0.6107919812202454,-0.09210817515850067,0.411881685256958,0.5768508315086365,-0.10826048254966736,0.5220404267311096,0.5322932004928589,-0.03869691118597984,0.5438466668128967,0.4321720004081726,-0.07047779113054276,0.5572776198387146,0.3649090528488159,-0.09134426712989807,0.5667116045951843,0.30730825662612915,-0.10351322591304779,0.4756861925125122,0.5325406193733215,-0.034338340163230896,0.4527791142463684,0.4152626693248749,-0.07123550772666931,0.4376315474510193,0.34291982650756836,-0.09487883746623993,0.42445334792137146,0.2804056704044342,-0.10472796112298965,0.4393507242202759,0.5636195540428162,-0.034854307770729065,0.42661619186401367,0.5333795547485352,-0.08801166713237762,0.4504069685935974,0.5954711437225342,-0.10071957856416702,0.46414023637771606,0.6374916434288025,-0.09240227937698364,0.4127741754055023,0.6080068349838257,-0.03848819062113762,0.4084295928478241,0.5833902359008789,-0.07925133407115936,0.4305034875869751,0.6287591457366943,-0.08106204867362976,0.44599056243896484,0.6621971130371094,-0.07095284014940262
0.48653990030288696,0.789962649345398,7.996644626473426e-07,0.5210762619972229,0.7416127920150757,-0.049802206456661224,0.521984875202179,0.6617347002029419,-0.07212638854980469,0.4632621705532074,0.6082074642181396,-0.09017124027013779,0.41055920720100403,0.5749156475067139,-0.10514291375875473,0.5234073400497437,0.532260537147522,-0.037051159888505936,0.5454419851303101,0.43142902851104736,-0.06863436102867126,0.5592670440673828,0.3638334572315216,-0.08900271356105804,0.5691120028495789,0.30625322461128235,-0.10066325962543488,0.47669872641563416,0.5324980616569519,-0.0324968621134758,0.4533800184726715,0.41526544094085693,-0.06916576623916626,0.4386484622955322,0.34293967485427856,-0.09181443601846695,0.426276296377182,0.2808394432067871,-0.10062842816114426,0.4403548240661621,0.5642935037612915,-0.033082228153944016,0.42707502841949463,0.5346304178237915,-0.08673691004514694,0.45091840624809265,0.5970372557640076,-0.0990588366985321,0.46494415402412415,0.6388782262802124,-0.0900285392999649,0.41373562812805176,0.6093076467514038,-0.03676444664597511,0.40871095657348633,0.5868146419525146,-0.07837200909852982,0.43030330538749695,0.6327318549156189,-0.08030904084444046,0.4450538754463196,0.665468692779541,-0.06992451846599579
0.4869116246700287,0.7890484929084778,7.983604177752568e-07,0.5206866264343262,0.7413634061813354,-0.0499032586812973,0.5214270353317261,0.662571132183075,-0.07305663824081421,0.46371427178382874,0.6085432171821594,-0.09197945892810822,0.4105146825313568,0.5744740962982178,-0.1078891009092331,0.5230849981307983,0.5330947637557983,-0.03872859850525856,0.5456111431121826,0.4326486885547638,-0.07083811610937119,0.5597463846206665,0.3648294508457184,-0.09180314838886261,0.5700242519378662,0.306630402803421,-0.10391681641340256,0.4765210747718811,0.5324741005897522,-0.03426105156540871,0.4537546932697296,0.4154421389102936,-0.07105326652526855,0.4387526512145996,0.3427572250366211,-0.09414683282375336,0.4258378744125366,0.2795397639274597,-0.1035819798707962,0.44020557403564453,0.5635170936584473,-0.034722741693258286,0.4275180399417877,0.534192681312561,-0.08758529275655746,0.451200008392334,0.5962659120559692,-0.09940242022275925,0.4647553861141205,0.6381866335868835,-0.09048205614089966,0.4137330651283264,0.6081704497337341,-0.03836960345506668,0.40841352939605713,0.5845049619674683,-0.07847492396831512,0.4299619197845459,0.6291199922561646,-0.07952665537595749,0.4448682963848114,0.6618221998214722,-0.06894373148679733
0.48761487007141113,0.7906667590141296,8.062553433774156e-07,0.5216706991195679,0.7424785494804382,-0.050612375140190125,0.5214676260948181,0.6622417569160461,-0.07336217164993286,0.4633365273475647,0.6089441180229187,-0.09172498434782028,0.4106817841529846,0.574579656124115,-0.10698703676462173,0.5237042903900146,0.5327634811401367,-0.03797059878706932,0.5462319254875183,0.4319983124732971,-0.07027335464954376,0.5605453252792358,0.36390042304992676,-0.0913361981511116,0.5706230998039246,0.3059687316417694,-0.10340096801519394,0.4769425392150879,0.5327554941177368,-0.03323761746287346,0.4533781111240387,0.41450774669647217,-0.07052954286336899,0.43815258145332336,0.3417610228061676,-0.09389369934797287,0.4250326156616211,0.2785799205303192,-0.10312569886445999,0.44051408767700195,0.5644019246101379,-0.0336824506521225,0.42751556634902954,0.5343003869056702,-0.08765130490064621,0.45142412185668945,0.5970872640609741,-0.09997301548719406,0.46530386805534363,0.6382622122764587,-0.09083344042301178,0.4140859544277191,0.6092166304588318,-0.03729816898703575,0.40883028507232666,0.5845085978507996,-0.07837740331888199,0.43047386407852173,0.6298007369041443,-0.07963486015796661,0.44543713331222534,0.6619918346405029,-0.06884180009365082
0.48712143301963806,0.7917547821998596,8.049771622609114e-07,0.5215809345245361,0.7428454160690308,-0.05050176382064819,0.5222958922386169,0.6616930961608887,-0.0728464424610138,0.46341902017593384,0.6078771352767944,-0.09077797830104828,0.4101710319519043,0.5744078755378723,-0.10559289157390594,0.5234299898147583,0.5328393578529358,-0.03698441758751869,0.5458900928497314,0.43241751194000244,-0.06848396360874176,0.5603536367416382,0.3647986054420471,-0.08904463052749634,0.5704553723335266,0.306784451007843,-0.10086818039417267,0.4763772189617157,0.5325425863265991,-0.03211459890007973,0.45280665159225464,0.41479241847991943,-0.06856042146682739,0.4379846751689911,0.3421454429626465,-0.0913809984922409,0.4250667691230774,0.279215008020401,-0.10035201162099838,0.43995246291160583,0.5642551779747009,-0.03244716674089432,0.42748749256134033,0.5352176427841187,-0.08614236116409302,0.4520576596260071,0.5985673069953918,-0.09865057468414307,0.4661242663860321,0.6407836079597473,-0.08964239060878754,0.4134807288646698,0.6091288924217224,-0.03592327609658241,0.40891164541244507,0.5861698985099792,-0.07727714627981186,0.43126940727233887,0.6319544315338135,-0.07905099540948868,0.44654640555381775,0.6648475527763367,-0.06858521699905396
0.4866451621055603,0.7904034852981567,7.98723363004683e-07,0.5211447477340698,0.7418853640556335,-0.05010822042822838,0.521843671798706,0.6615327000617981,-0.07245323061943054,0.4626106023788452,0.6078094244003296,-0.09044410288333893,0.40973877906799316,0.5748432278633118,-0.10540709644556046,0.5232743620872498,0.5328906178474426,-0.037432461977005005,0.546055793762207,0.43254637718200684,-0.06890861690044403,0.5604860782623291,0.36515122652053833,-0.08937401324510574,0.5704913139343262,0.3073670268058777,-0.10118458420038223,0.47647181153297424,0.5325856804847717,-0.03272465988993645,0.4525543749332428,0.4146921634674072,-0.06932108104228973,0.4375993609428406,0.34220072627067566,-0.09244582056999207,0.4247188866138458,0.27920371294021606,-0.10170993953943253,0.4402756989002228,0.5643806457519531,-0.033031824976205826,0.4274769425392151,0.5356667637825012,-0.08665075153112411,0.451520174741745,0.5983449220657349,-0.09947843104600906,0.4653887450695038,0.6403926014900208,-0.09079866856336594,0.4139561057090759,0.6092735528945923,-0.03640463575720787,0.4085943400859833,0.5872586369514465,-0.07777498662471771,0.4303727149963379,0.6329707503318787,-0.07978854328393936,0.44538307189941406,0.6659513711929321,-0.06954975426197052
0.4856916666030884,0.7921472787857056,8.003339644346852e-07,0.5208467841148376,0.742396354675293,-0.04994158074259758,0.5214980244636536,0.6620721817016602,-0.07226065546274185,0.4624176323413849,0.6082863211631775,-0.09019685536623001,0.4091215133666992,0.5756063461303711,-0.10501221567392349,0.5232422351837158,0.5331813097000122,-0.03676026687026024,0.5460151433944702,0.4316271245479584,-0.06735917180776596,0.5597667694091797,0.36388444900512695,-0.08728746324777603,0.5692234635353088,0.30650484561920166,-0.09874921292066574,0.4759712517261505,0.532972514629364,-0.031789615750312805,0.4521917402744293,0.41497665643692017,-0.06762588024139404,0.4373912215232849,0.3416241407394409,-0.09032556414604187,0.4245694577693939,0.27861133217811584,-0.09936574846506119,0.4394501745700836,0.5647674798965454,-0.03185205161571503,0.4267079830169678,0.534986674785614,-0.08461533486843109,0.4504871964454651,0.5968302488327026,-0.09731452167034149,0.46389833092689514,0.6387854814529419,-0.0886402577161789,0.4129934310913086,0.6095009446144104,-0.034979261457920074,0.4075216054916382,0.5846385955810547,-0.07534142583608627,0.4292268455028534,0.6287747025489807,-0.07705751806497574,0.44440943002700806,0.6616302728652954,-0.06672880053520203
0.48502686619758606,0.7936571836471558,8.065829888437293e-07,0.5197824239730835,0.7433090209960938,-0.04956810176372528,0.5196341276168823,0.6633208990097046,-0.07186931371688843,0.4612325131893158,0.6100949645042419,-0.08998072147369385,0.4078168570995331,0.5772516131401062,-0.1050383523106575,0.5215464234352112,0.5334092378616333,-0.03650142252445221,0.5450946092605591,0.4306548833847046,-0.06710223853588104,0.5585977435112,0.36278900504112244,-0.08700922876596451,0.5677679777145386,0.3050975799560547,-0.09857095032930374,0.4741247296333313,0.5339102745056152,-0.03207257762551308,0.45059430599212646,0.41572147607803345,-0.06816479563713074,0.4357427954673767,0.3425327241420746,-0.09113021939992905,0.42272698879241943,0.27927669882774353,-0.10037636011838913,0.4374501705169678,0.5662660002708435,-0.03265213593840599,0.4236144423484802,0.5355054140090942,-0.08623646199703217,0.4475177824497223,0.5991653203964233,-0.09912951290607452,0.46134868264198303,0.6420973539352417,-0.09044553339481354,0.4113570749759674,0.6117382049560547,-0.03625069931149483,0.40440064668655396,0.5881537199020386,-0.07784760743379593,0.425896018743515,0.6341484785079956,-0.0800543949007988,0.4411804676055908,0.6679694056510925,-0.06987224519252777
0.48507586121559143,0.7950193881988525,8.010675287550839e-07,0.5192512273788452,0.7443938851356506,-0.0508408285677433,0.5180760622024536,0.6639261245727539,-0.07314414530992508,0.45993712544441223,0.6102901697158813,-0.09093338996171951,0.4069657325744629,0.5767539739608765,-0.10565640032291412,0.5207355618476868,0.5333230495452881,-0.03681526705622673,0.5435963273048401,0.4326017498970032,-0.06768720597028732,0.5568654537200928,0.36476194858551025,-0.08821975439786911,0.5661175847053528,0.3066052794456482,-0.1002298966050148,0.4734243154525757,0.5335119962692261,-0.03174798935651779,0.44969573616981506,0.41607242822647095,-0.06776916980743408,0.4343631863594055,0.343212366104126,-0.0909680649638176,0.4213474690914154,0.2802152931690216,-0.10040886700153351,0.43689805269241333,0.5657842755317688,-0.031867265701293945,0.42293083667755127,0.536722719669342,-0.08541858941316605,0.446626216173172,0.6003702282905579,-0.09864039719104767,0.46056169271469116,0.6434053182601929,-0.09016845375299454,0.4109106659889221,0.6115577816963196,-0.03514932468533516,0.40364882349967957,0.5871041417121887,-0.07654472440481186,0.42522600293159485,0.6333275437355042,-0.07866483181715012,0.4406379163265228,0.6677759289741516,-0.06847221404314041
0.48444217443466187,0.7985167503356934,8.109544751278008e-07,0.5178931355476379,0.7489336133003235,-0.05063527449965477,0.5172897577285767,0.6686528921127319,-0.07331700623035431,0.4586210250854492,0.615190327167511,-0.09162740409374237,0.4045046865940094,0.5829193592071533,-0.10697638243436813,0.5194012522697449,0.5381190776824951,-0.0374041385948658,0.5410442352294922,0.4350779056549072,-0.0677027553319931,0.5540539622306824,0.36665773391723633,-0.08770454674959183,0.5626373887062073,0.3080712854862213,-0.09942011535167694,0.471903920173645,0.5388424396514893,-0.03199419751763344,0.44770050048828125,0.4200460910797119,-0.06771541386842728,0.4325953722000122,0.34632712602615356,-0.09068813920021057,0.41941654682159424,0.28277158737182617,-0.10011781752109528,0.4351499378681183,0.5709421634674072,-0.03158067539334297,0.4203004240989685,0.5415631532669067,-0.08415048569440842,0.4432063400745392,0.6028532981872559,-0.09737225621938705,0.4566273093223572,0.6451808214187622,-0.08920905739068985,0.40916216373443604,0.6153477430343628,-0.034315675497055054,0.4015560746192932,0.592254638671875,-0.07498357445001602,0.42330655455589294,0.6374569535255432,-0.07728394120931625,0.4394621253013611,0.6716591715812683,-0.06737210601568222
0.4854186177253723,0.8009001612663269,8.188749234250281e-07,0.5191124081611633,0.7508360147476196,-0.05139920487999916,0.5181434750556946,0.6703758239746094,-0.07430733740329742,0.45952939987182617,0.6189299821853638,-0.09272348135709763,0.4056805968284607,0.5875190496444702,-0.10809016227722168,0.5190304517745972,0.5388416051864624,-0.03797360509634018,0.5407869815826416,0.43774229288101196,-0.06979424506425858,0.5543296933174133,0.3691902160644531,-0.09087134152650833,0.5638944506645203,0.3107054829597473,-0.10316097736358643,0.47187885642051697,0.5394288301467896,-0.03266924247145653,0.44788938760757446,0.4222007691860199,-0.06943738460540771,0.431796669960022,0.3490918278694153,-0.09288224577903748,0.41805416345596313,0.286271870136261,-0.10245845466852188,0.43538379669189453,0.5715376138687134,-0.032651420682668686,0.42050257325172424,0.5432954430580139,-0.0860053226351738,0.4441489279270172,0.6050987243652344,-0.09920169413089752,0.4586567282676697,0.6467171907424927,-0.09090838581323624,0.4092842936515808,0.6165515780448914,-0.03595077246427536,0.4019792973995209,0.5951970815658569,-0.07702144980430603,0.4237807095050812,0.6403058171272278,-0.07952866703271866,0.4399063289165497,0.6727475523948669,-0.06978811323642731
0.4820983409881592,0.7921025156974792,8.117064567159105e-07,0.5178032517433167,0.7402336597442627,-0.047145526856184006,0.5182614326477051,0.6592995524406433,-0.06831125915050507,0.4588019549846649,0.6092348694801331,-0.08613870292901993,0.40654146671295166,0.5768800377845764,-0.1011035218834877,0.5164881944656372,0.5340400338172913,-0.03383161500096321,0.537034273147583,0.4317612648010254,-0.06556591391563416,0.5492079257965088,0.3635808229446411,-0.08616611361503601,0.5579216480255127,0.3062237799167633,-0.09790357202291489,0.4699000120162964,0.5371766686439514,-0.03146825730800629,0.4483793377876282,0.4174978733062744,-0.06865378469228745,0.4352788031101227,0.34294795989990234,-0.09233827888965607,0.4240429103374481,0.2786848247051239,-0.10196831822395325,0.4336128234863281,0.5706682205200195,-0.03424768149852753,0.4192533791065216,0.5389417409896851,-0.08943051844835281,0.44387856125831604,0.6020017266273499,-0.10265127569437027,0.4585937261581421,0.6440759897232056,-0.09383552521467209,0.4068526327610016,0.6175845265388489,-0.03976016864180565,0.4007253050804138,0.5891628265380859,-0.08193503320217133,0.42320311069488525,0.635284960269928,-0.08331073820590973,0.438206285238266,0.6691972017288208,-0.07258611917495728
0.4827309548854828,0.793526291847229,8.074692345871881e-07,0.518220841884613,0.740921676158905,-0.04776583984494209,0.5173177123069763,0.6588934659957886,-0.06892571598291397,0.45742398500442505,0.6091775894165039,-0.08652614802122116,0.4044663906097412,0.5780878663063049,-0.10127722471952438,0.5160974264144897,0.5339016914367676,-0.034163881093263626,0.5368986129760742,0.43240422010421753,-0.065426766872406,0.5489166975021362,0.36417239904403687,-0.08621044456958771,0.5574313402175903,0.3064248263835907,-0.09834888577461243,0.4697645306587219,0.5375063419342041,-0.03134647011756897,0.4477449059486389,0.41824138164520264,-0.06802819669246674,0.43464547395706177,0.34366992115974426,-0.09217530488967896,0.4233820140361786,0.2787274122238159,-0.10250255465507507,0.43345779180526733,0.5712649822235107,-0.033617667853832245,0.4194425940513611,0.5382842421531677,-0.08813416212797165,0.44428345561027527,0.6009355783462524,-0.10186542570590973,0.45870622992515564,0.6429908871650696,-0.0937468633055687,0.4068373739719391,0.6181706786155701,-0.03868430480360985,0.4003444314002991,0.5878177881240845,-0.08034765720367432,0.42301684617996216,0.6333461403846741,-0.08188442140817642,0.4379877746105194,0.6679095029830933,-0.07154422253370285
0.48353227972984314,0.7913456559181213,8.125314252538374e-07,0.5180659890174866,0.7399271726608276,-0.04880242049694061,0.516878604888916,0.6591847538948059,-0.07079422473907471,0.457380086183548,0.6095303893089294,-0.08906414359807968,0.4047766327857971,0.5769346952438354,-0.10448847711086273,0.5164863467216492,0.5336917638778687,-0.03603942692279816,0.5367336273193359,0.4323037266731262,-0.06812003254890442,0.5490090847015381,0.3643423914909363,-0.08917713910341263,0.5579352974891663,0.3068191409111023,-0.1012972891330719,0.4702128469944,0.5373172760009766,-0.032975539565086365,0.44782358407974243,0.41750043630599976,-0.07025749236345291,0.4342326521873474,0.34338468313217163,-0.09434990584850311,0.4226090908050537,0.27911120653152466,-0.10447519272565842,0.43400079011917114,0.5710048675537109,-0.03510909155011177,0.41887253522872925,0.5396528840065002,-0.09035326540470123,0.443611204624176,0.6023485660552979,-0.10430323332548141,0.45854389667510986,0.6441951990127563,-0.09617356956005096,0.40736493468284607,0.6178643107414246,-0.04011475294828415,0.4005490839481354,0.5888533592224121,-0.08223330974578857,0.42335665225982666,0.634570300579071,-0.084054134786129,0.4388250708580017,0.6684933304786682,-0.07388462126255035
0.4824693202972412,0.7926645278930664,8.136025257954316e-07,0.5177515745162964,0.7408937215805054,-0.047193076461553574,0.5177968740463257,0.6598540544509888,-0.06872044503688812,0.459232896566391,0.6094518899917603,-0.08697555959224701,0.40620487928390503,0.5770680904388428,-0.10246389359235764,0.5167633295059204,0.5350274443626404,-0.03417227417230606,0.5365231037139893,0.4335728883743286,-0.06646649539470673,0.5491678714752197,0.3657509982585907,-0.08752425760030746,0.5585988163948059,0.3082103431224823,-0.09937265515327454,0.4703116714954376,0.5373920202255249,-0.03192589059472084,0.44795310497283936,0.4171064794063568,-0.06935203075408936,0.43438974022865295,0.34256240725517273,-0.0933811217546463,0.4227674603462219,0.2780302166938782,-0.10307116061449051,0.43402203917503357,0.5702388286590576,-0.034788526594638824,0.41857269406318665,0.5415686964988708,-0.09010381251573563,0.443193256855011,0.6048660278320312,-0.1038149744272232,0.4580577611923218,0.6466785669326782,-0.09516994655132294,0.4072345793247223,0.6167916655540466,-0.04038197547197342,0.40015000104904175,0.5896182656288147,-0.08194968849420547,0.4231231212615967,0.6355573534965515,-0.08306683599948883,0.439052015542984,0.6692265272140503,-0.07219205051660538
0.48201292753219604,0.7937344908714294,7.970363071763131e-07,0.5178237557411194,0.7407789826393127,-0.047504473477602005,0.5178170204162598,0.6588794589042664,-0.06887821108102798,0.4582023620605469,0.6074501872062683,-0.08691688627004623,0.40589916706085205,0.573244035243988,-0.10215722024440765,0.517207145690918,0.534980058670044,-0.03416714817285538,0.5375339984893799,0.4333289563655853,-0.06609765440225601,0.5499049425125122,0.36542409658432007,-0.08698456734418869,0.558805525302887,0.3079336881637573,-0.09889232367277145,0.4708816707134247,0.5385435223579407,-0.03188914433121681,0.448468416929245,0.41792595386505127,-0.0695149376988411,0.43491461873054504,0.34376123547554016,-0.09394420683383942,0.42315882444381714,0.2793448567390442,-0.10404426604509354,0.4344218075275421,0.5723929405212402,-0.03470083326101303,0.4196157157421112,0.5416848659515381,-0.09096162766218185,0.44449254870414734,0.6057847738265991,-0.10508576035499573,0.4591543674468994,0.6478836536407471,-0.09658164530992508,0.40722209215164185,0.6197801232337952,-0.04011915251612663,0.3998960852622986,0.5883541107177734,-0.08264260739088058,0.4231066405773163,0.6349800229072571,-0.08379685133695602,0.4389336109161377,0.6699744462966919,-0.07286565750837326
0.48213374614715576,0.7919356822967529,8.042002832553408e-07,0.5177867412567139,0.740530252456665,-0.04745200648903847,0.517949104309082,0.6595283150672913,-0.06892281770706177,0.45869237184524536,0.6093453168869019,-0.08708947896957397,0.4069681167602539,0.5762678384780884,-0.1024765893816948,0.5168784856796265,0.5356329083442688,-0.03458007425069809,0.5373663306236267,0.43402767181396484,-0.06666016578674316,0.5503709316253662,0.36632484197616577,-0.08752989768981934,0.5597813129425049,0.3089466691017151,-0.0994187593460083,0.4708561897277832,0.5384842157363892,-0.032452408224344254,0.44902729988098145,0.41759026050567627,-0.06974922865629196,0.4358203411102295,0.3435281217098236,-0.09369728714227676,0.42430824041366577,0.2792186737060547,-0.10349596291780472,0.4347206950187683,0.571561336517334,-0.03547130897641182,0.41890382766723633,0.5409564971923828,-0.0914415642619133,0.4436032474040985,0.6053287386894226,-0.10537248849868774,0.4585908353328705,0.647482693195343,-0.09684671461582184,0.4076523184776306,0.6184769868850708,-0.041172247380018234,0.40031301975250244,0.5890061259269714,-0.08395200222730637,0.4235557019710541,0.6359241008758545,-0.08547671139240265,0.4396299123764038,0.6704315543174744,-0.07481537759304047
0.48273417353630066,0.794349730014801,7.98202279383986e-07,0.5176279544830322,0.7420288324356079,-0.04778675362467766,0.5166121125221252,0.6593540906906128,-0.06893256306648254,0.4584340751171112,0.6073190569877625,-0.08665522933006287,0.4064258337020874,0.5736715793609619,-0.10154358297586441,0.5174260139465332,0.5348122715950012,-0.03341495990753174,0.5376042127609253,0.4330432415008545,-0.06511750817298889,0.550273060798645,0.36526042222976685,-0.08600173145532608,0.559390664100647,0.30772215127944946,-0.09795469790697098,0.47106197476387024,0.5381994247436523,-0.030897265300154686,0.4483838975429535,0.41753292083740234,-0.06826280057430267,0.4345923960208893,0.3435150980949402,-0.0924718976020813,0.4225974380970001,0.2795155942440033,-0.10229676961898804,0.43465450406074524,0.5715858936309814,-0.03360022231936455,0.41842591762542725,0.5402070879936218,-0.09003309905529022,0.4432208240032196,0.6054133176803589,-0.10425615310668945,0.4582318365573883,0.6485258936882019,-0.09560653567314148,0.40805232524871826,0.6185049414634705,-0.038984816521406174,0.4000595808029175,0.5884026885032654,-0.0823495164513588,0.4229147136211395,0.6363558769226074,-0.08414717018604279,0.43866047263145447,0.6719920635223389,-0.07340770214796066
0.4824446141719818,0.7929506301879883,8.120298957692285e-07,0.5187010169029236,0.7397669553756714,-0.0475488156080246,0.5186932682991028,0.6585760712623596,-0.06916537135839462,0.4595985412597656,0.6077402830123901,-0.08746723085641861,0.4074897766113281,0.5740281939506531,-0.102837473154068,0.5175712704658508,0.5332674980163574,-0.03366612643003464,0.5387967824935913,0.4308484196662903,-0.06542128324508667,0.5520111322402954,0.3628380298614502,-0.08606156706809998,0.5612869262695312,0.3058710992336273,-0.09777948260307312,0.4713004231452942,0.5366424918174744,-0.031412627547979355,0.44884660840034485,0.4154431223869324,-0.06860173493623734,0.43543362617492676,0.34152111411094666,-0.09223493188619614,0.42351657152175903,0.278116911649704,-0.10164131224155426,0.43530142307281494,0.5703799724578857,-0.03441418707370758,0.4194414019584656,0.5388819575309753,-0.09046344459056854,0.4444144368171692,0.602942168712616,-0.10427134484052658,0.45950183272361755,0.6448933482170105,-0.09552469104528427,0.40851637721061707,0.6176084876060486,-0.04010918363928795,0.40077918767929077,0.5883374214172363,-0.08312700688838959,0.42379292845726013,0.6350576281547546,-0.08484276384115219,0.4400109350681305,0.6689987182617188,-0.0741662010550499
0.48332396149635315,0.7925916314125061,8.014737318262632e-07,0.5192656517028809,0.7386884689331055,-0.0473480261862278,0.5192973613739014,0.6560547351837158,-0.06819204241037369,0.4591518044471741,0.6058272123336792,-0.08563418686389923,0.407141774892807,0.5742543339729309,-0.10012173652648926,0.5188305377960205,0.5329906344413757,-0.03295767307281494,0.5391724109649658,0.4307147264480591,-0.0648486539721489,0.5524788498878479,0.3628816604614258,-0.08541151881217957,0.562114417552948,0.3057127296924591,-0.09681454300880432,0.4722125828266144,0.5360691547393799,-0.03052603453397751,0.4496169984340668,0.4152950644493103,-0.06737586855888367,0.4360158443450928,0.3419210910797119,-0.09043405205011368,0.4242521822452545,0.278912216424942,-0.09919310361146927,0.43607014417648315,0.5691681504249573,-0.03347383439540863,0.42021238803863525,0.5411376953125,-0.08901479840278625,0.44500502943992615,0.6050050258636475,-0.10261017084121704,0.4602929651737213,0.6457623243331909,-0.0935005322098732,0.4091142416000366,0.6156609654426575,-0.039166245609521866,0.40156808495521545,0.5880460739135742,-0.08103291690349579,0.42477357387542725,0.6345804333686829,-0.08214074373245239,0.4412136375904083,0.6679113507270813,-0.07101103663444519
0.4835035502910614,0.7920354604721069,8.117988272715593e-07,0.5194882154464722,0.7383569478988647,-0.04842488095164299,0.5190189480781555,0.656004011631012,-0.06947706639766693,0.4588545858860016,0.6055683493614197,-0.08680721372365952,0.40689074993133545,0.5737792253494263,-0.10113561153411865,0.5190155506134033,0.5319335460662842,-0.03354475274682045,0.5400100946426392,0.42973870038986206,-0.06503437459468842,0.5532980561256409,0.36165565252304077,-0.08546502888202667,0.5628491044044495,0.30441439151763916,-0.09696478396654129,0.4724150002002716,0.5353184938430786,-0.030348733067512512,0.4499402940273285,0.4146506190299988,-0.06700863689184189,0.43620315194129944,0.3410705327987671,-0.09022918343544006,0.4241546094417572,0.2779902219772339,-0.09923988580703735,0.43615448474884033,0.5686711668968201,-0.03257453441619873,0.41990673542022705,0.5386815071105957,-0.08813801407814026,0.44481122493743896,0.6027992963790894,-0.10226298868656158,0.4601024389266968,0.6441952586174011,-0.09360013902187347,0.40925133228302,0.6152408719062805,-0.03758156672120094,0.4017084836959839,0.5881069898605347,-0.08014987409114838,0.4246327877044678,0.635202169418335,-0.08218830823898315,0.44062522053718567,0.6686077117919922,-0.07170914858579636
0.48466116189956665,0.7916657328605652,8.056039746406896e-07,0.5200091600418091,0.7388666272163391,-0.048723023384809494,0.5193774700164795,0.6563993692398071,-0.06993988901376724,0.45964178442955017,0.6051285266876221,-0.0873967856168747,0.4076088070869446,0.5719576478004456,-0.10176773369312286,0.5194893479347229,0.5320348143577576,-0.03405168280005455,0.5401787161827087,0.4295623004436493,-0.06574355810880661,0.5534798502922058,0.36149054765701294,-0.08629482239484787,0.5632709264755249,0.3042565584182739,-0.09786509722471237,0.47294729948043823,0.5353626012802124,-0.030876919627189636,0.45025449991226196,0.4146728515625,-0.06790166348218918,0.43666166067123413,0.34110498428344727,-0.09141058474779129,0.42496728897094727,0.27762454748153687,-0.10070487856864929,0.4364745318889618,0.5685326457023621,-0.03311436250805855,0.42089176177978516,0.5380959510803223,-0.08902201801538467,0.4457353353500366,0.6031169295310974,-0.10285001248121262,0.46075958013534546,0.6447675824165344,-0.0940137505531311,0.40947604179382324,0.614803671836853,-0.038169413805007935,0.4015882611274719,0.5857735872268677,-0.08068417012691498,0.4246464967727661,0.6328849792480469,-0.08224721997976303,0.4406163990497589,0.6666747331619263,-0.07150377333164215
0.4828532338142395,0.7917451858520508,8.095036605482164e-07,0.5195178985595703,0.7387896180152893,-0.04823992773890495,0.5194545388221741,0.6565337777137756,-0.06927180290222168,0.4597683846950531,0.6049672961235046,-0.08667732775211334,0.40774109959602356,0.5718093514442444,-0.10107526928186417,0.5192457437515259,0.5312915444374084,-0.033450279384851456,0.5401981472969055,0.429401159286499,-0.06524517387151718,0.5534515976905823,0.36147621273994446,-0.08596939593553543,0.5633094310760498,0.30402684211730957,-0.09775985777378082,0.4725492000579834,0.5338180065155029,-0.030627833679318428,0.45001158118247986,0.41370758414268494,-0.06786984950304031,0.43628406524658203,0.3396669030189514,-0.09171232581138611,0.42480096220970154,0.2756483554840088,-0.10125324130058289,0.4360763728618622,0.5670312643051147,-0.03314594179391861,0.4201512932777405,0.5356965065002441,-0.08931972831487656,0.4450829327106476,0.6007076501846313,-0.10322839021682739,0.4604830741882324,0.6430596709251404,-0.09444969892501831,0.4092200994491577,0.6139734387397766,-0.038421936333179474,0.4016949236392975,0.5858215093612671,-0.08189578354358673,0.4247205853462219,0.63361656665802,-0.0838911160826683,0.4405496418476105,0.6679055690765381,-0.07324177771806717
0.483980268239975,0.7904127836227417,7.989801247276773e-07,0.5200113654136658,0.7368863821029663,-0.04762636125087738,0.5195037722587585,0.6551424860954285,-0.06829138100147247,0.46031245589256287,0.6050428152084351,-0.08561639487743378,0.4089038372039795,0.5723913311958313,-0.0999772921204567,0.5194113254547119,0.530087947845459,-0.0319352000951767,0.5407285690307617,0.42833274602890015,-0.06317977607250214,0.5543150305747986,0.3602515161037445,-0.08382038027048111,0.5639767050743103,0.3029961884021759,-0.09562372416257858,0.4731222987174988,0.5332215428352356,-0.0294874906539917,0.4504778981208801,0.4127701222896576,-0.06559070944786072,0.43686583638191223,0.33927685022354126,-0.0890156552195549,0.4251461625099182,0.2756717801094055,-0.0984734296798706,0.43706074357032776,0.5668502449989319,-0.03249295800924301,0.4218122065067291,0.5353124737739563,-0.08765437453985214,0.44659796357154846,0.599516749382019,-0.10169942677021027,0.4615687131881714,0.6408549547195435,-0.09327762573957443,0.4105693995952606,0.6141694188117981,-0.038287632167339325,0.40252768993377686,0.584578812122345,-0.08070117980241776,0.42547696828842163,0.6310959458351135,-0.08249890059232712,0.4419071674346924,0.6650550365447998,-0.07199540734291077
0.48426488041877747,0.7901567220687866,8.134668405546108e-07,0.5203837752342224,0.7367246747016907,-0.04811806231737137,0.5201938152313232,0.6546905040740967,-0.06935036927461624,0.4609035551548004,0.6034318208694458,-0.08703629672527313,0.40952223539352417,0.5700938105583191,-0.1017027422785759,0.5199584364891052,0.5298694968223572,-0.033647578209638596,0.5412020087242126,0.4271971583366394,-0.06535330414772034,0.5550293922424316,0.35887807607650757,-0.08577336370944977,0.5649958848953247,0.30149179697036743,-0.09721565246582031,0.4735746681690216,0.5331933498382568,-0.030904551967978477,0.4509578049182892,0.4120781421661377,-0.06818868964910507,0.4373301863670349,0.33851882815361023,-0.09167959541082382,0.42557641863822937,0.2754485309123993,-0.10074209421873093,0.4373159408569336,0.5666295886039734,-0.033501818776130676,0.42217981815338135,0.5361584424972534,-0.09005745500326157,0.4471191167831421,0.6021329760551453,-0.10395245999097824,0.46210741996765137,0.6445342302322388,-0.09485816955566406,0.4104158878326416,0.6131693124771118,-0.0387999564409256,0.4032666087150574,0.584449827671051,-0.08232669532299042,0.4261830747127533,0.6328617334365845,-0.08409480005502701,0.44195184111595154,0.6673724055290222,-0.0731511041522026
0.4867628514766693,0.7956576347351074,8.185081696865382e-07,0.5228603482246399,0.7442435622215271,-0.046133678406476974,0.5245620608329773,0.6655052900314331,-0.06826860457658768,0.4663853943347931,0.6160023212432861,-0.08752472698688507,0.4130813479423523,0.5845168232917786,-0.10407311469316483,0.5226627588272095,0.5371703505516052,-0.03430275246500969,0.5454468727111816,0.43673038482666016,-0.06719601899385452,0.5597949624061584,0.36887818574905396,-0.0886521264910698,0.570594847202301,0.3112834095954895,-0.10078329592943192,0.4757504463195801,0.5385604500770569,-0.03273620828986168,0.45381081104278564,0.41903603076934814,-0.07059415429830551,0.44017383456230164,0.3448728621006012,-0.09449087083339691,0.4284226894378662,0.28093382716178894,-0.10409177839756012,0.43904951214790344,0.5713275671005249,-0.03611750528216362,0.4234156906604767,0.5432183742523193,-0.09140396118164062,0.44776275753974915,0.6069046258926392,-0.10443233698606491,0.46262726187705994,0.649375855922699,-0.09542213380336761,0.4118863046169281,0.6184259653091431,-0.042195577174425125,0.4046373665332794,0.5933591723442078,-0.08363104611635208,0.4269879460334778,0.639742374420166,-0.08436808735132217,0.44328737258911133,0.6737474203109741,-0.07316502928733826
0.48683154582977295,0.796886682510376,8.243397360274685e-07,0.5238721966743469,0.7446074485778809,-0.04679519310593605,0.525184154510498,0.6638073325157166,-0.06893374025821686,0.46600157022476196,0.6130600571632385,-0.08798827975988388,0.41265982389450073,0.5796212553977966,-0.10421844571828842,0.5235801935195923,0.5376654267311096,-0.03443055972456932,0.5461568236351013,0.43601149320602417,-0.06729187816381454,0.5606876015663147,0.36798176169395447,-0.0887332409620285,0.5715798735618591,0.3104046881198883,-0.10086655616760254,0.47644874453544617,0.5395630598068237,-0.03261727839708328,0.45425426959991455,0.4186834692955017,-0.07082237303256989,0.44077739119529724,0.3439786434173584,-0.09521365910768509,0.42874979972839355,0.2792171239852905,-0.10510404407978058,0.43945741653442383,0.5726253390312195,-0.035782087594270706,0.4242009222507477,0.5428324937820435,-0.09195632487535477,0.4491318464279175,0.6074395179748535,-0.10515987873077393,0.463779479265213,0.6499992609024048,-0.09601644426584244,0.4118979573249817,0.6197165250778198,-0.04159759730100632,0.4046967327594757,0.5917761325836182,-0.08376189321279526,0.4272052049636841,0.6386356949806213,-0.08434636890888214,0.44281306862831116,0.672806978225708,-0.0729142352938652
0.48802822828292847,0.7956965565681458,8.245775120485632e-07,0.524967610836029,0.7421972155570984,-0.046995822340250015,0.5256438851356506,0.660918653011322,-0.06904835999011993,0.4660146236419678,0.6115028858184814,-0.08799070119857788,0.4134150445461273,0.5786961317062378,-0.10409913212060928,0.5244035720825195,0.5355852842330933,-0.03445162996649742,0.5473653078079224,0.43392032384872437,-0.06713099032640457,0.5620940327644348,0.36622488498687744,-0.0885147824883461,0.5731343626976013,0.30901187658309937,-0.10075059533119202,0.47732362151145935,0.5386633276939392,-0.032845448702573776,0.4549176096916199,0.4170915484428406,-0.07095330953598022,0.44128158688545227,0.3429166078567505,-0.0954972431063652,0.4292670488357544,0.2786237597465515,-0.10565092414617538,0.44043871760368347,0.5725289583206177,-0.0363193117082119,0.4250558614730835,0.5416505932807922,-0.09301605820655823,0.4505535662174225,0.6068347692489624,-0.10681223124265671,0.4657783806324005,0.649329662322998,-0.0980754867196083,0.4131685495376587,0.6204065680503845,-0.04242580384016037,0.4057771563529968,0.590463399887085,-0.08527439087629318,0.4290982186794281,0.6378272175788879,-0.0862995833158493,0.44564035534858704,0.6723257899284363,-0.07524368166923523
0.4889843761920929,0.7957473993301392,8.235432460423908e-07,0.5251814126968384,0.7440860867500305,-0.04877471923828125,0.5255911946296692,0.662592887878418,-0.0710989385843277,0.4661933183670044,0.6120606660842896,-0.08997072279453278,0.4127480089664459,0.5789566040039062,-0.10594932734966278,0.5250768661499023,0.5347973108291626,-0.03500901907682419,0.5476832985877991,0.4340277314186096,-0.06798724830150604,0.5622009634971619,0.3660881519317627,-0.0897802859544754,0.5731546878814697,0.3084070384502411,-0.1023293063044548,0.478241503238678,0.5375075936317444,-0.03264939785003662,0.4558955430984497,0.41635799407958984,-0.07103511691093445,0.4421800673007965,0.3423977792263031,-0.09597108513116837,0.4301638901233673,0.2775987386703491,-0.10633638501167297,0.44136303663253784,0.5716373324394226,-0.03557262569665909,0.42545777559280396,0.5407007336616516,-0.09281444549560547,0.45066285133361816,0.6062533259391785,-0.10704907029867172,0.4658958613872528,0.6486280560493469,-0.09843405336141586,0.4142070412635803,0.6199058890342712,-0.041277606040239334,0.4064256250858307,0.5904476642608643,-0.08464296907186508,0.42966338992118835,0.6377980709075928,-0.08608561009168625,0.44604572653770447,0.6720957159996033,-0.07522672414779663
0.4885519742965698,0.7945877909660339,8.255748298324761e-07,0.5247355103492737,0.7432171106338501,-0.04786786809563637,0.5255638957023621,0.6618413925170898,-0.0698111280798912,0.466081440448761,0.6108814477920532,-0.08849194645881653,0.41278427839279175,0.5771518349647522,-0.1042737290263176,0.5254773497581482,0.5343016386032104,-0.03400519862771034,0.5483770370483398,0.43287336826324463,-0.06663916260004044,0.5630329251289368,0.3651556968688965,-0.08800162374973297,0.5740150213241577,0.3075504004955292,-0.10032044351100922,0.4783264398574829,0.5361973643302917,-0.03204294666647911,0.4562931954860687,0.4149271249771118,-0.07010578364133835,0.44260266423225403,0.34112846851348877,-0.09459763765335083,0.43051576614379883,0.2766408920288086,-0.10468386858701706,0.44127801060676575,0.5699042081832886,-0.035319603979587555,0.4254370629787445,0.5377121567726135,-0.09228784590959549,0.4506523311138153,0.6038958430290222,-0.10599363595247269,0.465850293636322,0.6469517946243286,-0.09710533171892166,0.414010226726532,0.6180891394615173,-0.04132742062211037,0.4069814085960388,0.5898864269256592,-0.08488744497299194,0.4302174746990204,0.6376669406890869,-0.08640121668577194,0.44641047716140747,0.6717694401741028,-0.07552894949913025
0.48843294382095337,0.7935758233070374,8.284669661406951e-07,0.5251091718673706,0.7416617274284363,-0.04712788015604019,0.5260838866233826,0.6599760055541992,-0.06853724271059036,0.46650049090385437,0.6087687015533447,-0.08679372817277908,0.4137446880340576,0.57523512840271,-0.10215596109628677,0.5258603096008301,0.5335227847099304,-0.03343205899000168,0.549525797367096,0.43086278438568115,-0.06585408747196198,0.564781665802002,0.3626140356063843,-0.08679969608783722,0.5761350989341736,0.30490466952323914,-0.09866166859865189,0.4786600172519684,0.5353856086730957,-0.0316852405667305,0.45671752095222473,0.41325390338897705,-0.06950550526380539,0.4432688057422638,0.33916759490966797,-0.09355972707271576,0.4315260350704193,0.27480989694595337,-0.10315118730068207,0.4415692389011383,0.5687411427497864,-0.03513054922223091,0.42619752883911133,0.5370025038719177,-0.09210524708032608,0.45174238085746765,0.6037732362747192,-0.10579263418912888,0.46712279319763184,0.6470102071762085,-0.09668421000242233,0.41422605514526367,0.6164222955703735,-0.04119841754436493,0.4077301621437073,0.5885017514228821,-0.08482218533754349,0.43120765686035156,0.6369161009788513,-0.08623792976140976,0.4474509358406067,0.6713142395019531,-0.075124092400074
0.48733463883399963,0.7898807525634766,8.195199256988417e-07,0.5251625180244446,0.7370173931121826,-0.04705139622092247,0.5263484120368958,0.655047595500946,-0.06825120747089386,0.4667070806026459,0.6023995876312256,-0.08627691119909286,0.41529616713523865,0.5663419961929321,-0.10145905613899231,0.5275137424468994,0.529686689376831,-0.03360997140407562,0.5514491200447083,0.4275788366794586,-0.06595427542924881,0.5671551823616028,0.3597754240036011,-0.08706513792276382,0.5789991021156311,0.3021687865257263,-0.09907835721969604,0.4798184037208557,0.5312508344650269,-0.031843043863773346,0.4575951099395752,0.4087759554386139,-0.06948249787092209,0.4443623125553131,0.3340163230895996,-0.09356295317411423,0.4332176744937897,0.26901596784591675,-0.10332437604665756,0.442657470703125,0.5649522542953491,-0.035217273980379105,0.4269576370716095,0.5316055417060852,-0.09216397255659103,0.45204320549964905,0.5970140099525452,-0.10585249215364456,0.46736153960227966,0.6395322680473328,-0.09682908654212952,0.4151512384414673,0.6131225824356079,-0.04116709530353546,0.4075855016708374,0.580689013004303,-0.08495793491601944,0.4303908944129944,0.6283757090568542,-0.0861353799700737,0.4467402994632721,0.6630041599273682,-0.07488072663545609
0.488301545381546,0.7886632680892944,8.15707153378753e-07,0.5256698131561279,0.7361596822738647,-0.04705282673239708,0.5262401103973389,0.653571367263794,-0.06826861947774887,0.4664960205554962,0.6022498607635498,-0.08636452257633209,0.41403576731681824,0.5686314105987549,-0.1016334518790245,0.5272709727287292,0.5272232294082642,-0.03284073993563652,0.5515856146812439,0.4268264174461365,-0.06552233546972275,0.5673729777336121,0.3592063784599304,-0.0871184766292572,0.5793582797050476,0.30159792304039,-0.09954357147216797,0.479732483625412,0.5291367769241333,-0.03134756535291672,0.45839738845825195,0.40704184770584106,-0.06919402629137039,0.4454675316810608,0.33341848850250244,-0.09367780387401581,0.43411725759506226,0.2684066593647003,-0.10373232513666153,0.4423598051071167,0.5629372596740723,-0.035092394798994064,0.4265967309474945,0.5302198529243469,-0.09231673926115036,0.451931893825531,0.5972179770469666,-0.10623227059841156,0.4672349691390991,0.6400675773620605,-0.09730693697929382,0.4146823585033417,0.6112930774688721,-0.04144119843840599,0.4071144163608551,0.5808061361312866,-0.08516477793455124,0.4301775097846985,0.6292981505393982,-0.08634078502655029,0.4461674392223358,0.6638286709785461,-0.07515466958284378
0.4882642328739166,0.7875941395759583,8.119679364426702e-07,0.5257522463798523,0.7346288561820984,-0.04691121727228165,0.5265451669692993,0.6526854038238525,-0.0680338516831398,0.467202365398407,0.6007441282272339,-0.08607230335474014,0.4149340093135834,0.5669558048248291,-0.10126294940710068,0.5271475315093994,0.5264430642127991,-0.032851915806531906,0.5514121055603027,0.4265543222427368,-0.0653974637389183,0.5669677257537842,0.35883283615112305,-0.086947001516819,0.578478217124939,0.3009288012981415,-0.09935968369245529,0.47952911257743835,0.5274693965911865,-0.0315222293138504,0.45832470059394836,0.40539997816085815,-0.0689961388707161,0.44510966539382935,0.33158135414123535,-0.09319213777780533,0.43353426456451416,0.26681989431381226,-0.10311680287122726,0.442137748003006,0.560979425907135,-0.03541687875986099,0.42645126581192017,0.5290563106536865,-0.09211248904466629,0.45178377628326416,0.5952391624450684,-0.10594945400953293,0.467123806476593,0.6379584074020386,-0.09711208939552307,0.414397656917572,0.6094934344291687,-0.041957028210163116,0.40702390670776367,0.5789832472801208,-0.08515474200248718,0.4306217133998871,0.6267487406730652,-0.08627988398075104,0.4472435414791107,0.6610651016235352,-0.07517201453447342
0.4893876612186432,0.7873429656028748,8.072812534010154e-07,0.5260328054428101,0.7343079447746277,-0.04794961214065552,0.5263188481330872,0.652280330657959,-0.06952793151140213,0.4670086205005646,0.5999767184257507,-0.08778252452611923,0.4141668975353241,0.5663586854934692,-0.10321877896785736,0.5266959071159363,0.5250738859176636,-0.03388039395213127,0.5509263277053833,0.4252367615699768,-0.06662534177303314,0.5663588643074036,0.35783982276916504,-0.08839637041091919,0.5782346725463867,0.3005431592464447,-0.10092943906784058,0.47954338788986206,0.5269395709037781,-0.031858667731285095,0.4581238031387329,0.40521180629730225,-0.06967542320489883,0.4453500807285309,0.3316801190376282,-0.09426075220108032,0.434547483921051,0.26685893535614014,-0.10447283834218979,0.4424373209476471,0.5609718561172485,-0.03510766103863716,0.42623648047447205,0.5289607048034668,-0.09210506826639175,0.4507949650287628,0.5947272181510925,-0.10649242252111435,0.46592476963996887,0.6373833417892456,-0.09800246357917786,0.4150763750076294,0.6096699833869934,-0.04102367162704468,0.4065650701522827,0.5780566334724426,-0.08421307057142258,0.4295097887516022,0.6256449222564697,-0.08552426844835281,0.4460681676864624,0.6603725552558899,-0.07460355758666992
0.48963841795921326,0.7872345447540283,8.131779622999602e-07,0.5264502763748169,0.7339543700218201,-0.04760247468948364,0.5269219875335693,0.6508753299713135,-0.06918837875127792,0.4666999578475952,0.5980054140090942,-0.08753170073032379,0.4136945307254791,0.5629838705062866,-0.10308881103992462,0.5269366502761841,0.5246360301971436,-0.03368145972490311,0.5510152578353882,0.42397379875183105,-0.066436767578125,0.5662179589271545,0.3560571074485779,-0.08813495934009552,0.5778747797012329,0.298395037651062,-0.10065934807062149,0.4795287251472473,0.5270553827285767,-0.031990911811590195,0.4581124782562256,0.4039807915687561,-0.07006200402975082,0.44515928626060486,0.329750657081604,-0.09460160881280899,0.4340636432170868,0.2642350196838379,-0.1047377958893776,0.442311555147171,0.5615787506103516,-0.035492390394210815,0.4268049895763397,0.5261694192886353,-0.0930386409163475,0.4518522620201111,0.5931440591812134,-0.10654676705598831,0.4668038785457611,0.6364412307739258,-0.09733526408672333,0.41451480984687805,0.6108375787734985,-0.0415879487991333,0.40642157196998596,0.5761507153511047,-0.08567137271165848,0.4297136068344116,0.6247594356536865,-0.0863911435008049,0.4460464119911194,0.6598077416419983,-0.07481922954320908
0.4889684021472931,0.7857597470283508,8.126636998895265e-07,0.5262109041213989,0.7329195141792297,-0.04655655473470688,0.5268672704696655,0.6507724523544312,-0.06766238808631897,0.4681786894798279,0.598484218120575,-0.08580552041530609,0.41574546694755554,0.5647937059402466,-0.10123280435800552,0.5262565612792969,0.5250581502914429,-0.03376685827970505,0.5513381958007812,0.4237489104270935,-0.06639930605888367,0.5670545101165771,0.3559380769729614,-0.08774540573358536,0.5788922905921936,0.29827815294265747,-0.0999469980597496,0.4790903329849243,0.5259262919425964,-0.032445378601551056,0.4586406946182251,0.4031846225261688,-0.07018817216157913,0.44554027915000916,0.3283928632736206,-0.09457527101039886,0.43435484170913696,0.262630432844162,-0.10474081337451935,0.44188451766967773,0.559407114982605,-0.036160677671432495,0.4260195195674896,0.52607262134552,-0.09291315823793411,0.45083898305892944,0.5924238562583923,-0.10670510679483414,0.46607670187950134,0.6359556913375854,-0.09787995368242264,0.41426602005958557,0.6082086563110352,-0.04241987317800522,0.40601062774658203,0.5748612880706787,-0.08553444594144821,0.42957180738449097,0.6224237680435181,-0.08634030073881149,0.44680213928222656,0.6577702164649963,-0.07501135021448135
0.4879467785358429,0.7856909036636353,8.12412338291324e-07,0.52543044090271,0.7329277992248535,-0.04697010666131973,0.527060866355896,0.6502966284751892,-0.06819525361061096,0.46802428364753723,0.596418023109436,-0.0864696353673935,0.4158058166503906,0.5599783658981323,-0.10200990736484528,0.5274259448051453,0.5241504907608032,-0.03248276561498642,0.5522623062133789,0.4226455092430115,-0.06515766680240631,0.568316638469696,0.3544916808605194,-0.08662603795528412,0.5806055665016174,0.29702502489089966,-0.0988246500492096,0.47983652353286743,0.5257747769355774,-0.03103482723236084,0.4587680697441101,0.4028329849243164,-0.06919240206480026,0.44614988565444946,0.3281038999557495,-0.09367541968822479,0.4352535009384155,0.26284289360046387,-0.10353781282901764,0.44249701499938965,0.5599053502082825,-0.03479476645588875,0.42657768726348877,0.5268176198005676,-0.09270711988210678,0.45155030488967896,0.5940077304840088,-0.10643891245126724,0.4666578471660614,0.6375765800476074,-0.09707111865282059,0.41475510597229004,0.6089215278625488,-0.04103653505444527,0.4064956605434418,0.5753031373023987,-0.08528678119182587,0.42966780066490173,0.6240746378898621,-0.08597436547279358,0.44620180130004883,0.6595492362976074,-0.0741780549287796
0.48856446146965027,0.7892410159111023,8.313867851938994e-07,0.5267112851142883,0.7353275418281555,-0.04750695824623108,0.5296003818511963,0.6524532437324524,-0.06901174038648605,0.4711972773075104,0.6013205051422119,-0.08738986402750015,0.4177784323692322,0.5686823725700378,-0.10296423733234406,0.5300977826118469,0.5236378312110901,-0.0321812704205513,0.5555102825164795,0.42107707262039185,-0.06372930109500885,0.5720006227493286,0.35335347056388855,-0.0847562626004219,0.5844385027885437,0.296441912651062,-0.09695218503475189,0.4823538064956665,0.5260900259017944,-0.030101491138339043,0.46115249395370483,0.40301692485809326,-0.06730008125305176,0.4482693076133728,0.3282046318054199,-0.09216009080410004,0.43701836466789246,0.263410359621048,-0.10262177884578705,0.4445369243621826,0.5596372485160828,-0.033252280205488205,0.4299115538597107,0.5270609259605408,-0.08970658481121063,0.4545401930809021,0.5933048725128174,-0.10479557514190674,0.46908244490623474,0.6368882060050964,-0.09689781814813614,0.41638803482055664,0.6072732210159302,-0.039033349603414536,0.41012871265411377,0.5779300928115845,-0.08267795294523239,0.4330647587776184,0.6268066167831421,-0.08486506342887878,0.44932979345321655,0.6624653935432434,-0.07440969347953796
0.49030232429504395,0.7894137501716614,8.249409688687592e-07,0.5278213620185852,0.7362949848175049,-0.04734703525900841,0.5295579433441162,0.6536532640457153,-0.0688859149813652,0.4702678918838501,0.603064775466919,-0.08731053024530411,0.41696929931640625,0.569428026676178,-0.10288115590810776,0.5282112956047058,0.5236533880233765,-0.03347637504339218,0.5542713403701782,0.4216454327106476,-0.06470214575529099,0.5712971091270447,0.35421597957611084,-0.08571279793977737,0.5846970081329346,0.2978951334953308,-0.09812178462743759,0.48052099347114563,0.5265562534332275,-0.03160705789923668,0.4599483013153076,0.40383419394493103,-0.0679081603884697,0.44854649901390076,0.32964766025543213,-0.09284930676221848,0.4387846291065216,0.2648288607597351,-0.10412955284118652,0.4430209696292877,0.5611268877983093,-0.034811217337846756,0.43017417192459106,0.5268653631210327,-0.08975683897733688,0.4550560414791107,0.5920038223266602,-0.10474471002817154,0.46895331144332886,0.635846734046936,-0.09766106307506561,0.41573581099510193,0.60994952917099,-0.04069063812494278,0.4099959135055542,0.5771064162254333,-0.08277095854282379,0.4330999553203583,0.6241334080696106,-0.0847247913479805,0.44860851764678955,0.6601501107215881,-0.07485175132751465
0.48926979303359985,0.7874453067779541,8.248146627920505e-07,0.527977466583252,0.7340008020401001,-0.04595570266246796,0.5307642817497253,0.6518073081970215,-0.06705612689256668,0.4717061519622803,0.6012647747993469,-0.08550180494785309,0.41865795850753784,0.5687927007675171,-0.10133407264947891,0.5294948220252991,0.5227356553077698,-0.03127837926149368,0.5553640127182007,0.42093417048454285,-0.06284856796264648,0.5721849799156189,0.35337620973587036,-0.08413314819335938,0.5855103135108948,0.29702135920524597,-0.09659656137228012,0.4818724989891052,0.5257376432418823,-0.029953721910715103,0.46139663457870483,0.4040287137031555,-0.0667189210653305,0.4493141770362854,0.3292030692100525,-0.09183719754219055,0.4387582242488861,0.264080673456192,-0.10302224010229111,0.44460397958755493,0.5608637928962708,-0.03365889936685562,0.43012672662734985,0.5262890458106995,-0.08941084146499634,0.4551641047000885,0.5908839106559753,-0.10443654656410217,0.470003604888916,0.6355671286582947,-0.09706058353185654,0.4173193871974945,0.6105730533599854,-0.03983993083238602,0.4109889566898346,0.5788540840148926,-0.08308126777410507,0.43354254961013794,0.6267779469490051,-0.08511874824762344,0.44892609119415283,0.6636433005332947,-0.07491578906774521
0.48967093229293823,0.78514164686203,8.340887802660291e-07,0.5285713076591492,0.7320561408996582,-0.04506558179855347,0.5313401222229004,0.6501268148422241,-0.06577566266059875,0.4723043143749237,0.6022552251815796,-0.08382630348205566,0.419584184885025,0.5718224048614502,-0.09912905842065811,0.5285890102386475,0.5227727890014648,-0.03256506845355034,0.5548089742660522,0.420737087726593,-0.06378457695245743,0.5719686150550842,0.35353535413742065,-0.08437000960111618,0.5854325890541077,0.29740461707115173,-0.09640084207057953,0.48128265142440796,0.5252959728240967,-0.0314272865653038,0.46134254336357117,0.4042736887931824,-0.06750418990850449,0.45026400685310364,0.3294050991535187,-0.091633640229702,0.44084176421165466,0.26452359557151794,-0.10243124514818192,0.4442726671695709,0.5591221451759338,-0.035179730504751205,0.43051639199256897,0.5253991484642029,-0.08908349275588989,0.4558316767215729,0.5890259742736816,-0.10332713276147842,0.47089073061943054,0.6328451633453369,-0.09609219431877136,0.417154461145401,0.6071445345878601,-0.04152661934494972,0.4121125340461731,0.579394519329071,-0.08328335732221603,0.43483588099479675,0.6260217428207397,-0.08558980375528336,0.45016157627105713,0.661000669002533,-0.07607006281614304
0.49051836133003235,0.7854312658309937,8.431941864728287e-07,0.5289229154586792,0.731006383895874,-0.04483742639422417,0.5319868922233582,0.649070143699646,-0.06535890698432922,0.4742310643196106,0.6010826230049133,-0.08324392884969711,0.4214070439338684,0.5711393356323242,-0.0983954668045044,0.5303610563278198,0.5212595462799072,-0.030903412029147148,0.5562578439712524,0.42016127705574036,-0.061726316809654236,0.5733362436294556,0.3533196747303009,-0.08217129856348038,0.5866676568984985,0.29759106040000916,-0.09390738606452942,0.4831930994987488,0.5235223770141602,-0.029368050396442413,0.4633045196533203,0.40349408984184265,-0.06503058969974518,0.451687216758728,0.3284001052379608,-0.08882781118154526,0.4415976405143738,0.2640305757522583,-0.09899918735027313,0.4461323618888855,0.5568567514419556,-0.03280380740761757,0.43209564685821533,0.5254339575767517,-0.08622162789106369,0.45673128962516785,0.5884061455726624,-0.10054270178079605,0.47136759757995605,0.6317964196205139,-0.09305880963802338,0.4185653328895569,0.6039503812789917,-0.03883294761180878,0.4136548340320587,0.5793192386627197,-0.08006566017866135,0.4357055127620697,0.6259623765945435,-0.08233901113271713,0.4507569372653961,0.6605445146560669,-0.0725347176194191
0.4909098148345947,0.7842877507209778,8.331923027071753e-07,0.5297102332115173,0.729619562625885,-0.044052112847566605,0.533042311668396,0.6467095613479614,-0.06409051269292831,0.47443312406539917,0.5974001884460449,-0.08162268996238708,0.4220125079154968,0.5668757557868958,-0.09640922397375107,0.5309544205665588,0.5209956765174866,-0.030242091044783592,0.5567811727523804,0.4193996787071228,-0.06077608838677406,0.5739426612854004,0.35231417417526245,-0.08088965713977814,0.5872253179550171,0.296339213848114,-0.09249066561460495,0.4837118089199066,0.5232182741165161,-0.029125558212399483,0.4638882875442505,0.40223246812820435,-0.064635269343853,0.4527549147605896,0.3275373578071594,-0.08798186480998993,0.4431312084197998,0.2636100947856903,-0.09787546098232269,0.4467105269432068,0.556585431098938,-0.03290293365716934,0.4326607286930084,0.5226912498474121,-0.08636797219514847,0.4574699103832245,0.5865568518638611,-0.09994591027498245,0.4721418023109436,0.630510687828064,-0.09200127422809601,0.4192744195461273,0.6039430499076843,-0.03919333964586258,0.41443198919296265,0.5769530534744263,-0.08084464818239212,0.4369624853134155,0.6244966387748718,-0.0827188789844513,0.4520670175552368,0.6596118211746216,-0.0725584328174591
0.49188581109046936,0.7833830714225769,8.175903758456116e-07,0.5302310585975647,0.7283453941345215,-0.043222587555646896,0.53410404920578,0.6465172171592712,-0.06324679404497147,0.4771031439304352,0.5968738198280334,-0.08116665482521057,0.42516690492630005,0.5657863020896912,-0.09648597240447998,0.5315122008323669,0.520252525806427,-0.029351593926548958,0.5570991039276123,0.418658971786499,-0.06024984270334244,0.5738791227340698,0.35139501094818115,-0.08078499138355255,0.5872964859008789,0.2952914237976074,-0.09259454905986786,0.48481741547584534,0.5234289765357971,-0.02922814153134823,0.4652194678783417,0.40214115381240845,-0.0652276799082756,0.45386403799057007,0.3274555802345276,-0.0891471728682518,0.4442635178565979,0.2634177803993225,-0.09939698874950409,0.4479229748249054,0.5577207207679749,-0.033944595605134964,0.43362200260162354,0.5232053995132446,-0.0886063426733017,0.45812514424324036,0.5881521701812744,-0.10219471156597137,0.47276735305786133,0.63237464427948,-0.09391586482524872,0.42030566930770874,0.6065290570259094,-0.04101227596402168,0.41340431571006775,0.5745913982391357,-0.08315698057413101,0.43598437309265137,0.6229469776153564,-0.08406906574964523,0.4515337347984314,0.6596230268478394,-0.07307391613721848
0.49241647124290466,0.7833219170570374,8.131118534038251e-07,0.5310012102127075,0.7288362979888916,-0.0435204915702343,0.5343753099441528,0.6462212204933167,-0.06307331472635269,0.47684067487716675,0.5963274836540222,-0.08050232380628586,0.4252660274505615,0.5635339617729187,-0.09530941396951675,0.5324620604515076,0.5194604396820068,-0.028472064062952995,0.5572106242179871,0.4181969463825226,-0.059189192950725555,0.5741516947746277,0.35100483894348145,-0.07983104139566422,0.5875434875488281,0.29496002197265625,-0.0918741524219513,0.4856942892074585,0.5220693945884705,-0.028271237388253212,0.4663102924823761,0.4013013541698456,-0.06368611752986908,0.4548037052154541,0.32630324363708496,-0.08751028776168823,0.44516703486442566,0.2620469033718109,-0.0979200005531311,0.4489576816558838,0.5564383268356323,-0.03313053399324417,0.43446192145347595,0.5203326940536499,-0.08720064908266068,0.4592630863189697,0.5843486189842224,-0.10101982951164246,0.4743765592575073,0.6277862191200256,-0.0932447612285614,0.42143726348876953,0.6059797406196594,-0.040463902056217194,0.4149230122566223,0.5734847187995911,-0.0829087644815445,0.4381558299064636,0.6208627223968506,-0.08461102098226547,0.45471855998039246,0.6566999554634094,-0.07430867105722427
0.49268409609794617,0.7834210395812988,8.132974471664056e-07,0.5311846137046814,0.7276753783226013,-0.04331493750214577,0.5345925688743591,0.6439579725265503,-0.062267057597637177,0.47749969363212585,0.5925459265708923,-0.07899916917085648,0.4266667068004608,0.5589339733123779,-0.09297316521406174,0.5327929258346558,0.5195314884185791,-0.027785222977399826,0.5579710602760315,0.41724494099617004,-0.05802689120173454,0.5750821828842163,0.35007160902023315,-0.07796133309602737,0.588075578212738,0.2943934500217438,-0.08926621079444885,0.48631352186203003,0.5221056938171387,-0.027455246075987816,0.46650853753089905,0.3997494578361511,-0.06289511919021606,0.455293208360672,0.32477065920829773,-0.08625209331512451,0.4456702768802643,0.261033833026886,-0.09580808877944946,0.44964832067489624,0.5560399889945984,-0.03217453509569168,0.4352722465991974,0.5219953656196594,-0.08674308657646179,0.4599199593067169,0.5872527360916138,-0.10033488273620605,0.47466105222702026,0.6303637027740479,-0.09175878763198853,0.42215779423713684,0.6044521927833557,-0.039259690791368484,0.41541749238967896,0.5726864337921143,-0.081627756357193,0.43864312767982483,0.6211704015731812,-0.08272980898618698,0.4548317790031433,0.6568328142166138,-0.07164166122674942
0.49205103516578674,0.7839978933334351,8.042094918891962e-07,0.53182452917099,0.7269468307495117,-0.04142008721828461,0.5360754132270813,0.6424875259399414,-0.059633418917655945,0.4790691137313843,0.5917707085609436,-0.07619048655033112,0.42797642946243286,0.5591625571250916,-0.09014850854873657,0.5329658389091492,0.5193259119987488,-0.025668153539299965,0.5582117438316345,0.417080819606781,-0.05578859895467758,0.5749713778495789,0.3495054244995117,-0.0756002813577652,0.5879785418510437,0.2934496998786926,-0.08685183525085449,0.48650169372558594,0.5222032070159912,-0.026410235092043877,0.46718043088912964,0.40046796202659607,-0.062181197106838226,0.4560205042362213,0.3249243497848511,-0.08578714728355408,0.4467018246650696,0.2603282034397125,-0.09552233666181564,0.4499457776546478,0.5561025738716125,-0.03210749849677086,0.4350576400756836,0.522047221660614,-0.08738980442285538,0.4604484438896179,0.5882632732391357,-0.10116156190633774,0.47622963786125183,0.6319867372512817,-0.0925738736987114,0.4223096966743469,0.6046562790870667,-0.03996214643120766,0.41500604152679443,0.5727060437202454,-0.0831211730837822,0.43857717514038086,0.6220440864562988,-0.08438797295093536,0.4554882347583771,0.6582311987876892,-0.0733100026845932
0.49291273951530457,0.7826317548751831,8.046371817727049e-07,0.5324611663818359,0.7257241606712341,-0.040802937000989914,0.5369371771812439,0.6414169073104858,-0.059036120772361755,0.47979697585105896,0.5927756428718567,-0.07590018957853317,0.4286114573478699,0.5610672235488892,-0.09022535383701324,0.533257246017456,0.5185650587081909,-0.025027992203831673,0.5582008361816406,0.41659843921661377,-0.0549723282456398,0.5750119686126709,0.3488733470439911,-0.07485605776309967,0.5876169204711914,0.2926384508609772,-0.08625303953886032,0.4871160387992859,0.5221056938171387,-0.026280883699655533,0.4677029550075531,0.3999592661857605,-0.061356320977211,0.456455260515213,0.32501888275146484,-0.08479198813438416,0.4466042220592499,0.2609610855579376,-0.0946352556347847,0.45085465908050537,0.5561894774436951,-0.03253527358174324,0.437104731798172,0.5224381685256958,-0.08686131983995438,0.46270889043807983,0.5872606635093689,-0.10080114006996155,0.4781925678253174,0.630005955696106,-0.09274592995643616,0.42334067821502686,0.6049543619155884,-0.04099820926785469,0.41746047139167786,0.5731853246688843,-0.08309274911880493,0.44184476137161255,0.6210975050926208,-0.08440195024013519,0.4596477746963501,0.6563644409179688,-0.07377097755670547
0.4916425049304962,0.7815867066383362,7.941724788906868e-07,0.5318533182144165,0.7236367464065552,-0.040305525064468384,0.5374391078948975,0.6386200189590454,-0.05761829391121864,0.48069730401039124,0.5883455872535706,-0.07354114204645157,0.43032488226890564,0.5569975972175598,-0.08691384643316269,0.5337260365486145,0.5178317427635193,-0.02325449511408806,0.5587170124053955,0.4151846170425415,-0.05256650969386101,0.575513482093811,0.3474831283092499,-0.07186129689216614,0.5885086059570312,0.2916364073753357,-0.08266175538301468,0.48774459958076477,0.5216551423072815,-0.024321619421243668,0.46800893545150757,0.39978888630867004,-0.05932188034057617,0.45698654651641846,0.3241215944290161,-0.08257455378770828,0.4480012059211731,0.26070109009742737,-0.09195269644260406,0.45175647735595703,0.5555871725082397,-0.030400553718209267,0.43833690881729126,0.5239047408103943,-0.0854167714715004,0.4629342555999756,0.589556872844696,-0.09968212991952896,0.47809654474258423,0.6335238218307495,-0.09120922535657883,0.42446738481521606,0.6037790775299072,-0.03851083666086197,0.4175381660461426,0.572350025177002,-0.08142905682325363,0.44068706035614014,0.6218522787094116,-0.08274777978658676,0.4573056399822235,0.6592787504196167,-0.07158319652080536
0.4921067953109741,0.7809118032455444,7.979145948411315e-07,0.5336931943893433,0.7238115072250366,-0.03886605426669121,0.5393812656402588,0.6364984512329102,-0.05536847934126854,0.48096218705177307,0.5885682106018066,-0.07083621621131897,0.4306375980377197,0.5589286088943481,-0.08391650021076202,0.5352566242218018,0.5171699523925781,-0.021568408235907555,0.559757649898529,0.4152277112007141,-0.05031261965632439,0.5760313272476196,0.3476825952529907,-0.06918343156576157,0.588599681854248,0.2913496792316437,-0.07992460578680038,0.4893924295902252,0.5223918557167053,-0.023599987849593163,0.46988633275032043,0.40028631687164307,-0.05863611400127411,0.45882177352905273,0.3241044878959656,-0.08225416392087936,0.4498153328895569,0.2600856423377991,-0.09202158451080322,0.4534228444099426,0.5569687485694885,-0.030566157773137093,0.44031766057014465,0.5252302289009094,-0.08631888031959534,0.46493107080459595,0.5915737748146057,-0.10147460550069809,0.48009157180786133,0.6366931796073914,-0.09350661933422089,0.4262542724609375,0.6052348017692566,-0.039402224123477936,0.4214572310447693,0.5762485265731812,-0.08385946601629257,0.44505348801612854,0.6275808811187744,-0.08640783280134201,0.46154701709747314,0.6665956377983093,-0.07594534754753113
0.49325844645500183,0.7806054353713989,8.01047463028226e-07,0.5343598127365112,0.7232238054275513,-0.03698093816637993,0.540725827217102,0.6377719044685364,-0.053119681775569916,0.48481887578964233,0.5910113453865051,-0.06872633844614029,0.4349302649497986,0.5623876452445984,-0.0820763036608696,0.5346497893333435,0.5172266960144043,-0.020804569125175476,0.559331476688385,0.4149726629257202,-0.049425024539232254,0.5758814811706543,0.3476424515247345,-0.0680408924818039,0.5886166095733643,0.29192808270454407,-0.07841526716947556,0.48910000920295715,0.5227134227752686,-0.02367357909679413,0.47075891494750977,0.4010123014450073,-0.058025751262903214,0.4615303874015808,0.3254411816596985,-0.0811910480260849,0.4541206955909729,0.2619493007659912,-0.09072595089673996,0.4534364938735962,0.5577180981636047,-0.031295157968997955,0.441677451133728,0.527359127998352,-0.0856444388628006,0.46654024720191956,0.5926239490509033,-0.10048491507768631,0.48159971833229065,0.6371892690658569,-0.09265125542879105,0.42653191089630127,0.6068052649497986,-0.0406920500099659,0.4231066107749939,0.5774391293525696,-0.08307689428329468,0.44676268100738525,0.6272357702255249,-0.08478610217571259,0.46321648359298706,0.6654933094978333,-0.07412750273942947
0.4914945960044861,0.7805253267288208,8.083573561634694e-07,0.5344210267066956,0.7223677039146423,-0.036035582423210144,0.5430509448051453,0.6365647912025452,-0.05135557800531387,0.4871627986431122,0.5900497436523438,-0.06625930964946747,0.43713173270225525,0.5627740621566772,-0.07894235104322433,0.5354421734809875,0.5164304375648499,-0.018754158169031143,0.5601471066474915,0.4144306778907776,-0.046987369656562805,0.5766514539718628,0.34727200865745544,-0.06497567892074585,0.5895068645477295,0.2919934093952179,-0.07460491359233856,0.4896125793457031,0.5226736068725586,-0.02165568806231022,0.47103258967399597,0.4021635353565216,-0.055891361087560654,0.4619855582714081,0.3264910578727722,-0.07824426144361496,0.45502355694770813,0.26423555612564087,-0.08672778308391571,0.45371606945991516,0.5581662654876709,-0.029343239963054657,0.4428636431694031,0.530913233757019,-0.08442483842372894,0.4680120348930359,0.5967729091644287,-0.09912554919719696,0.48371368646621704,0.6419327259063721,-0.09056127071380615,0.4261178970336914,0.6070953607559204,-0.03864569216966629,0.42384031414985657,0.5834800004959106,-0.08268342167139053,0.44787871837615967,0.6351804733276367,-0.084991954267025,0.4643914997577667,0.6740176677703857,-0.07402484863996506
0.4929046630859375,0.7804397940635681,8.115363812066789e-07,0.5358003973960876,0.7230113744735718,-0.03631463274359703,0.5433617234230042,0.63603276014328,-0.05116565153002739,0.48674577474594116,0.5916534066200256,-0.06538863480091095,0.4365673363208771,0.5663752555847168,-0.07733029127120972,0.5353619456291199,0.5164187550544739,-0.018880663439631462,0.560248613357544,0.41404658555984497,-0.04570019990205765,0.5762096047401428,0.3470088839530945,-0.062530018389225,0.5882753729820251,0.29163649678230286,-0.07158927619457245,0.48954692482948303,0.5231016278266907,-0.021420415490865707,0.47084614634513855,0.40283918380737305,-0.054409198462963104,0.46170613169670105,0.3276284635066986,-0.07603223621845245,0.45455607771873474,0.2657560408115387,-0.08419068902730942,0.45385247468948364,0.5585939288139343,-0.02877897210419178,0.4435425102710724,0.5320423245429993,-0.08295542746782303,0.4682897925376892,0.5975757241249084,-0.09797435998916626,0.483487993478775,0.642479419708252,-0.08983954042196274,0.4264068007469177,0.6067615151405334,-0.03779992088675499,0.424648255109787,0.5844203233718872,-0.08126089721918106,0.4485706686973572,0.6353050470352173,-0.0841500461101532,0.4651631712913513,0.6734217405319214,-0.07383762300014496
0.4926474988460541,0.7815610766410828,8.140451654981007e-07,0.535953164100647,0.7243539094924927,-0.03580012544989586,0.5435982346534729,0.6365293264389038,-0.050272054970264435,0.4865383803844452,0.5898899435997009,-0.06417244672775269,0.43645477294921875,0.5637163519859314,-0.07583889365196228,0.5353601574897766,0.5167968273162842,-0.01808752678334713,0.5603424310684204,0.41391173005104065,-0.0449986532330513,0.576383650302887,0.3464936912059784,-0.06180237606167793,0.588431715965271,0.29085126519203186,-0.0707274004817009,0.4895133376121521,0.5237734913825989,-0.020717278122901917,0.4704492390155792,0.4033237099647522,-0.05429939180612564,0.46120211482048035,0.327506422996521,-0.07594899088144302,0.45403409004211426,0.2653530538082123,-0.08385660499334335,0.4538114666938782,0.5597003698348999,-0.02806345745921135,0.4431639313697815,0.5322860479354858,-0.08323310315608978,0.4673144221305847,0.5987920761108398,-0.09787333756685257,0.48240038752555847,0.6446979641914368,-0.08908253908157349,0.4262516498565674,0.6085101366043091,-0.03693723306059837,0.4244464635848999,0.5866420865058899,-0.08204105496406555,0.4481111764907837,0.6402599215507507,-0.08486095815896988,0.46449750661849976,0.6805753111839294,-0.0739210695028305
0.492384135723114,0.7832616567611694,8.106368909466255e-07,0.5358219742774963,0.7257643938064575,-0.036128781735897064,0.5435008406639099,0.6378947496414185,-0.05067606270313263,0.48690199851989746,0.5921407341957092,-0.06462528556585312,0.43670713901519775,0.5663875341415405,-0.07634083926677704,0.5349008440971375,0.5173214077949524,-0.018024196848273277,0.559948205947876,0.4150609076023102,-0.044764481484889984,0.575812578201294,0.3475772440433502,-0.06165628135204315,0.5876666903495789,0.2918122410774231,-0.0707763135433197,0.4890625476837158,0.5242041349411011,-0.02074410766363144,0.4695255756378174,0.4034808874130249,-0.05389326065778732,0.4602779746055603,0.3280915915966034,-0.07561317086219788,0.45298701524734497,0.26611486077308655,-0.08367826789617538,0.4535962641239166,0.5603476762771606,-0.0282759852707386,0.4430813789367676,0.533297598361969,-0.08318059146404266,0.46808022260665894,0.599515974521637,-0.09827076643705368,0.4834141135215759,0.6446971893310547,-0.08989444375038147,0.42638254165649414,0.6092114448547363,-0.03738411143422127,0.4241735339164734,0.5866458415985107,-0.08200529962778091,0.44823482632637024,0.6390251517295837,-0.08500926941633224,0.46497878432273865,0.6781536936759949,-0.07442283630371094
0.49340763688087463,0.7843858003616333,8.17386819562671e-07,0.5351411700248718,0.7269003391265869,-0.03633608669042587,0.5425644516944885,0.6400741338729858,-0.051198363304138184,0.4861602783203125,0.5953225493431091,-0.06536843627691269,0.43592920899391174,0.5702711939811707,-0.0772186741232872,0.534146249294281,0.5185880064964294,-0.018837952986359596,0.5589110851287842,0.41563332080841064,-0.0455053485929966,0.5749045610427856,0.34798112511634827,-0.06209313124418259,0.5867834687232971,0.2925216853618622,-0.07081829011440277,0.48843464255332947,0.5254188776016235,-0.021107668057084084,0.46800246834754944,0.40426790714263916,-0.054014477878808975,0.4587958753108978,0.32892024517059326,-0.07526537775993347,0.4515615999698639,0.2675691246986389,-0.08286824822425842,0.4530068337917328,0.5611265301704407,-0.0281660333275795,0.44330328702926636,0.5365318655967712,-0.08199003338813782,0.4682452976703644,0.6012616157531738,-0.09692318737506866,0.48316532373428345,0.6453055143356323,-0.08863212913274765,0.42587125301361084,0.6087441444396973,-0.036892518401145935,0.4248775839805603,0.589543879032135,-0.0801074430346489,0.4491691589355469,0.641014814376831,-0.08297814428806305,0.4658752381801605,0.6788621544837952,-0.07249672710895538
0.49304911494255066,0.7838139533996582,8.139497253978334e-07,0.53500896692276,0.7259654402732849,-0.036323294043540955,0.5428629517555237,0.639602541923523,-0.05149412155151367,0.4848639667034149,0.594823956489563,-0.06599462032318115,0.4343647360801697,0.570626974105835,-0.07820732891559601,0.5340308547019958,0.519125759601593,-0.019188957288861275,0.5587851405143738,0.41662901639938354,-0.046788960695266724,0.5747716426849365,0.3487355709075928,-0.06391222029924393,0.5865738391876221,0.292995423078537,-0.0728054940700531,0.4877110719680786,0.5261043906211853,-0.021511565893888474,0.46646252274513245,0.40500372648239136,-0.0553489550948143,0.4570563733577728,0.32979893684387207,-0.07690316438674927,0.449709415435791,0.2682759165763855,-0.08448119461536407,0.4522937536239624,0.5622028112411499,-0.028585804626345634,0.44180530309677124,0.5392448306083679,-0.08309566974639893,0.467239111661911,0.6032092571258545,-0.09789827466011047,0.48259153962135315,0.6468266248703003,-0.08922889083623886,0.4254518151283264,0.6103578209877014,-0.03726335987448692,0.4240471124649048,0.5901247262954712,-0.08015202730894089,0.4482617676258087,0.6408287882804871,-0.08222030103206635,0.4648270606994629,0.6785869002342224,-0.07111477851867676
0.4921891987323761,0.783249020576477,8.15448231605842e-07,0.5331663489341736,0.7260516881942749,-0.03596987575292587,0.541678786277771,0.6408905982971191,-0.05140811949968338,0.4851780831813812,0.5954208970069885,-0.06618445366621017,0.43477779626846313,0.570292055606842,-0.07874712347984314,0.5323336124420166,0.5197244882583618,-0.020248012617230415,0.5579018592834473,0.41668760776519775,-0.04805416986346245,0.5740636587142944,0.3489196300506592,-0.06547148525714874,0.5857388377189636,0.2928756773471832,-0.0745077133178711,0.4855659604072571,0.5267364978790283,-0.022812707349658012,0.46415042877197266,0.40478432178497314,-0.056142304092645645,0.454978883266449,0.3294210433959961,-0.07723856717348099,0.4476192593574524,0.26760134100914,-0.08461447805166245,0.45016470551490784,0.5629462003707886,-0.029973741620779037,0.44050732254981995,0.5402437448501587,-0.08342570066452026,0.46476808190345764,0.6028466820716858,-0.09735157340765,0.47870072722435,0.6458144187927246,-0.0884183794260025,0.42354246973991394,0.611569344997406,-0.03880580887198448,0.422483891248703,0.5913608074188232,-0.08086704462766647,0.4463319778442383,0.6415313482284546,-0.08206737786531448,0.4622282385826111,0.6796662211418152,-0.07040571421384811
0.4923001229763031,0.783877968788147,8.150980761456594e-07,0.532395601272583,0.7263718843460083,-0.03737914189696312,0.5398669242858887,0.6404447555541992,-0.05295008420944214,0.4831194579601288,0.5950345993041992,-0.06752144545316696,0.43257370591163635,0.5706736445426941,-0.07978526502847672,0.532237708568573,0.5200980305671692,-0.019730979576706886,0.5565351247787476,0.4167264699935913,-0.0474044568836689,0.5728062987327576,0.3490449786186218,-0.06493967771530151,0.5848829746246338,0.2935766279697418,-0.07399813830852509,0.4855424761772156,0.52716463804245,-0.021478241309523582,0.46299365162849426,0.4042709767818451,-0.05486411973834038,0.4529212415218353,0.32932567596435547,-0.07643739134073257,0.444612979888916,0.26754656434059143,-0.0839267298579216,0.45014792680740356,0.5636114478111267,-0.028031695634126663,0.4391002953052521,0.5407019853591919,-0.08214614540338516,0.46445563435554504,0.6042818427085876,-0.09677794575691223,0.4792701005935669,0.6470957398414612,-0.08790986984968185,0.42376524209976196,0.6121706366539001,-0.03626416623592377,0.4212968349456787,0.5894849300384521,-0.07849924266338348,0.4455259144306183,0.6397051811218262,-0.0796600952744484,0.4619082510471344,0.6774327754974365,-0.06787774711847305
0.48559510707855225,0.7977274656295776,8.072619834820216e-07,0.5261643528938293,0.7393419146537781,-0.036126963794231415,0.5314937233924866,0.6547327041625977,-0.052030522376298904,0.4753235876560211,0.6109432578086853,-0.06732156872749329,0.42462268471717834,0.5871728658676147,-0.08033917099237442,0.5230424404144287,0.5365954637527466,-0.020294152200222015,0.5483068227767944,0.4361776113510132,-0.048855289816856384,0.5648282766342163,0.3697209656238556,-0.06733261793851852,0.577761709690094,0.31369560956954956,-0.07737309485673904,0.47644954919815063,0.5421416163444519,-0.02308480814099312,0.4520702362060547,0.4214046597480774,-0.05794990435242653,0.43865716457366943,0.34654587507247925,-0.08071815222501755,0.42804357409477234,0.2837451994419098,-0.0893324539065361,0.44139397144317627,0.5777234435081482,-0.03033767081797123,0.42735540866851807,0.5539427399635315,-0.08543160557746887,0.45373570919036865,0.6182919144630432,-0.09968779981136322,0.47046515345573425,0.661987841129303,-0.0907597690820694,0.41599413752555847,0.6266780495643616,-0.03921922668814659,0.4118805527687073,0.6065204739570618,-0.08234207332134247,0.4372155964374542,0.656693696975708,-0.08374739438295364,0.45546457171440125,0.6936514973640442,-0.0722338855266571
0.4854651391506195,0.7971404790878296,8.048872359722736e-07,0.5261235237121582,0.739203691482544,-0.0359870046377182,0.5319295525550842,0.6554553508758545,-0.05222281441092491,0.47508853673934937,0.6111339330673218,-0.06789165735244751,0.4242488443851471,0.5868165493011475,-0.08135152608156204,0.5229914784431458,0.537291944026947,-0.02118288166821003,0.5482587814331055,0.43658244609832764,-0.05006462708115578,0.5648332834243774,0.3700343370437622,-0.06870496273040771,0.5777083039283752,0.31390631198883057,-0.07889255881309509,0.4763977527618408,0.5430930852890015,-0.024129508063197136,0.45215511322021484,0.4220736622810364,-0.05924355238676071,0.4389230012893677,0.3474382758140564,-0.08214318752288818,0.4282415807247162,0.284447580575943,-0.09094761312007904,0.44130223989486694,0.5787460207939148,-0.031422700732946396,0.42779770493507385,0.5536697506904602,-0.08654917031526566,0.45457369089126587,0.6176713109016418,-0.10062797367572784,0.4712678790092468,0.660923421382904,-0.09173458814620972,0.41556960344314575,0.6278493404388428,-0.04030052572488785,0.411772757768631,0.6062031984329224,-0.08353184908628464,0.4373464286327362,0.656008243560791,-0.08480905741453171,0.4556373357772827,0.6928080320358276,-0.07324609905481339
0.4852387607097626,0.7975810170173645,8.120822485579993e-07,0.5257591009140015,0.7404130697250366,-0.036069635301828384,0.5317425727844238,0.6553499698638916,-0.05225571244955063,0.47439470887184143,0.6106469035148621,-0.06772538274526596,0.423319548368454,0.586270272731781,-0.08089461922645569,0.5222572684288025,0.53785240650177,-0.02159528248012066,0.548046886920929,0.43694937229156494,-0.0503435879945755,0.5647439360618591,0.370429128408432,-0.06855417788028717,0.5773903131484985,0.31446561217308044,-0.07832489162683487,0.47561731934547424,0.5431903004646301,-0.024213150143623352,0.4517834186553955,0.422416090965271,-0.05929410457611084,0.4393174350261688,0.3478519916534424,-0.0815829485654831,0.4290749430656433,0.28530022501945496,-0.08975585550069809,0.4404502213001251,0.5780937671661377,-0.03117600455880165,0.42881062626838684,0.554165244102478,-0.08593074232339859,0.4553658664226532,0.6181398630142212,-0.09948944300413132,0.47113701701164246,0.6615741848945618,-0.09019923210144043,0.4144757390022278,0.625996470451355,-0.03975484520196915,0.412967324256897,0.6060853600502014,-0.08251957595348358,0.4384862184524536,0.6562459468841553,-0.08354227989912033,0.4558641016483307,0.6931381821632385,-0.07175108045339584
0.4860731065273285,0.798666775226593,8.059359402068367e-07,0.5260658860206604,0.7405952215194702,-0.036027487367391586,0.531204342842102,0.6543099284172058,-0.05181431025266647,0.47353771328926086,0.6085205078125,-0.06696157157421112,0.422550231218338,0.5842701196670532,-0.07996230572462082,0.5226694345474243,0.5371772050857544,-0.02031327225267887,0.5476511716842651,0.43614378571510315,-0.04884599149227142,0.5640495419502258,0.3695049285888672,-0.06715512275695801,0.57645183801651,0.31376519799232483,-0.07688082754611969,0.47654247283935547,0.5437272191047668,-0.02302451618015766,0.4531327784061432,0.42153847217559814,-0.05772026628255844,0.44068121910095215,0.3472006916999817,-0.08004558086395264,0.4303520917892456,0.28520652651786804,-0.0881485864520073,0.4415324628353119,0.5795467495918274,-0.030193736776709557,0.42987456917762756,0.5545603632926941,-0.08510369062423706,0.45574960112571716,0.6186496615409851,-0.09889422357082367,0.4711168110370636,0.6621363162994385,-0.0895175114274025,0.4154587984085083,0.6281965374946594,-0.038925640285015106,0.41287878155708313,0.6039228439331055,-0.08160540461540222,0.4378611147403717,0.6543715596199036,-0.08206336200237274,0.45524272322654724,0.6925255060195923,-0.06975272297859192
0.4858078062534332,0.7978262305259705,7.986004106896871e-07,0.5265517830848694,0.7400726079940796,-0.036566488444805145,0.5329827070236206,0.6551804542541504,-0.05288778245449066,0.4758722186088562,0.6074039936065674,-0.0685531422495842,0.4254535734653473,0.5799596905708313,-0.08201523870229721,0.5239132642745972,0.5372395515441895,-0.021202296018600464,0.5479961037635803,0.4360085725784302,-0.05031302571296692,0.5644216537475586,0.36960655450820923,-0.06874887645244598,0.5773530602455139,0.3139895796775818,-0.07846495509147644,0.4779711365699768,0.5433787107467651,-0.023841949179768562,0.45508885383605957,0.4215482175350189,-0.05937758833169937,0.44336095452308655,0.347878634929657,-0.08176085352897644,0.4339652359485626,0.286589652299881,-0.08974738419055939,0.4426731765270233,0.578680694103241,-0.030994968488812447,0.43191081285476685,0.553879976272583,-0.08717279881238937,0.458149254322052,0.6195517182350159,-0.10087142139673233,0.4738664925098419,0.6633428931236267,-0.09116946905851364,0.4158534109592438,0.6269910335540771,-0.03968466818332672,0.41443371772766113,0.6018438935279846,-0.08325446397066116,0.43941643834114075,0.6535105109214783,-0.0837325006723404,0.45661690831184387,0.6915708184242249,-0.07132377475500107
0.4853645861148834,0.7965488433837891,8.039386898417433e-07,0.5262969732284546,0.7381386160850525,-0.035445284098386765,0.5331903696060181,0.6526364684104919,-0.05063868686556816,0.4764566123485565,0.6045913696289062,-0.06532525271177292,0.4265682101249695,0.5791162848472595,-0.0778711661696434,0.5248281955718994,0.5359174609184265,-0.019902534782886505,0.5487517714500427,0.4340187609195709,-0.048277005553245544,0.5648651719093323,0.36753758788108826,-0.06601308286190033,0.577308714389801,0.31193187832832336,-0.0750049501657486,0.47939303517341614,0.5419396162033081,-0.02241978794336319,0.45833608508110046,0.4209992289543152,-0.05680210515856743,0.44766226410865784,0.34546416997909546,-0.07861573249101639,0.43924710154533386,0.28338152170181274,-0.08620914071798325,0.444180428981781,0.5766714215278625,-0.0294162780046463,0.4331739544868469,0.5570011734962463,-0.08388179540634155,0.45769473910331726,0.620629608631134,-0.09818907827138901,0.4730207026004791,0.6646497845649719,-0.08906944841146469,0.4174359440803528,0.6241931915283203,-0.037962209433317184,0.41609838604927063,0.6045728921890259,-0.08007294684648514,0.4403766393661499,0.6551661491394043,-0.08112963289022446,0.4578913152217865,0.6937598586082458,-0.0692388042807579
0.48516470193862915,0.7941442728042603,8.098353418972692e-07,0.5266977548599243,0.7367258071899414,-0.03625104948878288,0.5347126722335815,0.651735246181488,-0.05217057839035988,0.47808006405830383,0.6029414534568787,-0.06748540699481964,0.4278055727481842,0.5775517225265503,-0.08058998733758926,0.526479959487915,0.5336422324180603,-0.020990494638681412,0.5502046346664429,0.43296244740486145,-0.04989466443657875,0.5660179853439331,0.3666345477104187,-0.06809703260660172,0.5782097578048706,0.31106001138687134,-0.07761862874031067,0.48102080821990967,0.5400263667106628,-0.023515896871685982,0.46101534366607666,0.4203293025493622,-0.05864508077502251,0.451095849275589,0.3447202444076538,-0.08109413832426071,0.4433511793613434,0.2821533679962158,-0.08936984091997147,0.4453371465206146,0.5751469731330872,-0.03055398538708687,0.4362105131149292,0.5538263320922852,-0.085433229804039,0.4609512388706207,0.6169620752334595,-0.09985707700252533,0.47617432475090027,0.6609765887260437,-0.09105371683835983,0.417722225189209,0.6230791211128235,-0.03927288204431534,0.4179895520210266,0.6043508648872375,-0.08193723112344742,0.44225701689720154,0.6537941694259644,-0.08367807418107986,0.4589727222919464,0.691288411617279,-0.07243745028972626
0.4863537847995758,0.7945132255554199,8.016250490072707e-07,0.5286632776260376,0.7366397976875305,-0.035236701369285583,0.5364440679550171,0.6502485275268555,-0.05032937973737717,0.47999387979507446,0.6029385924339294,-0.06505139172077179,0.4300333857536316,0.577568531036377,-0.07768906652927399,0.5279577374458313,0.532814621925354,-0.019043682143092155,0.5520578622817993,0.4327540397644043,-0.04706278815865517,0.5675956606864929,0.3663232922554016,-0.0649246945977211,0.5793673396110535,0.3108154535293579,-0.07435295730829239,0.4827026128768921,0.5398893356323242,-0.02225995995104313,0.4631657004356384,0.4201059341430664,-0.05681079626083374,0.45320308208465576,0.3443300724029541,-0.07928573340177536,0.44520965218544006,0.28159335255622864,-0.08762180805206299,0.4470410943031311,0.5755374431610107,-0.029988199472427368,0.43821460008621216,0.5521005392074585,-0.08533686399459839,0.4633640944957733,0.6168344616889954,-0.09981129318475723,0.4785420894622803,0.661378026008606,-0.09078001976013184,0.4190806746482849,0.6239051222801208,-0.03922921046614647,0.41840818524360657,0.6006839871406555,-0.08253360539674759,0.44270166754722595,0.6512507796287537,-0.08391319215297699,0.45937201380729675,0.690237283706665,-0.07223618775606155
0.485409140586853,0.7920547127723694,7.936191082080768e-07,0.5288230180740356,0.7355440855026245,-0.03427419066429138,0.5379690527915955,0.6491189002990723,-0.04889535531401634,0.4812032878398895,0.6011496782302856,-0.06316718459129333,0.4317597448825836,0.575697124004364,-0.07526790350675583,0.5283758044242859,0.5330950021743774,-0.019245879724621773,0.5530400276184082,0.43168824911117554,-0.04690450057387352,0.5688045620918274,0.3655322194099426,-0.0638655424118042,0.5809553861618042,0.31046581268310547,-0.07263503223657608,0.48334407806396484,0.5400072932243347,-0.022661658003926277,0.4643787443637848,0.4193911552429199,-0.05683421716094017,0.45525553822517395,0.3436351418495178,-0.07828868180513382,0.44826558232307434,0.28145477175712585,-0.08600800484418869,0.4479709565639496,0.5749204158782959,-0.030461078509688377,0.4393341839313507,0.5496659278869629,-0.08525734394788742,0.46419888734817505,0.6141144633293152,-0.09902383387088776,0.4794903099536896,0.6593148112297058,-0.08979491889476776,0.41989457607269287,0.6225361824035645,-0.03971703723073006,0.4203746020793915,0.6020795702934265,-0.08324551582336426,0.4446049928665161,0.6532028913497925,-0.08505371958017349,0.4607655704021454,0.6921920776367188,-0.07374102622270584
0.4860696494579315,0.7911062240600586,7.962810286699096e-07,0.5295400023460388,0.7345396876335144,-0.03477153554558754,0.5390112996101379,0.646683931350708,-0.049180589616298676,0.48197948932647705,0.5976734757423401,-0.06311848759651184,0.4320466220378876,0.5722366571426392,-0.07486352324485779,0.5291836261749268,0.5315147042274475,-0.01842918060719967,0.5544891953468323,0.4302093982696533,-0.04535147547721863,0.5701719522476196,0.36408716440200806,-0.06205333396792412,0.5821203589439392,0.3091258108615875,-0.07077892869710922,0.4838528633117676,0.5383263826370239,-0.021538179367780685,0.46486616134643555,0.41799455881118774,-0.0550944060087204,0.4562402069568634,0.3425295948982239,-0.07656407356262207,0.44956570863723755,0.2805001735687256,-0.08431150764226913,0.44846415519714355,0.5732463002204895,-0.029116647318005562,0.4402402639389038,0.548658549785614,-0.08352991938591003,0.4647739827632904,0.6127007007598877,-0.09765547513961792,0.47936075925827026,0.6574718952178955,-0.08872410655021667,0.4205268323421478,0.620589554309845,-0.03818221762776375,0.42084771394729614,0.6001111268997192,-0.0816132128238678,0.44496938586235046,0.650824248790741,-0.08362305164337158,0.46076470613479614,0.689612865447998,-0.07246747612953186
0.4859667718410492,0.7903666496276855,7.991923780537036e-07,0.5288233160972595,0.7339832782745361,-0.03454108163714409,0.537946879863739,0.6464106440544128,-0.04844602942466736,0.4805314838886261,0.5980947017669678,-0.061903443187475204,0.4310358762741089,0.5732355713844299,-0.07317099720239639,0.5290800333023071,0.5305554866790771,-0.017357565462589264,0.5542924404144287,0.42967545986175537,-0.04397476091980934,0.5702753067016602,0.36334002017974854,-0.06053602695465088,0.5820435881614685,0.30835437774658203,-0.06917349994182587,0.48365309834480286,0.5373203158378601,-0.020312052220106125,0.4649333357810974,0.41697758436203003,-0.05335872620344162,0.45660707354545593,0.34192776679992676,-0.07462573051452637,0.4497031271457672,0.280011385679245,-0.08223128318786621,0.44813692569732666,0.5724666714668274,-0.027798479422926903,0.43970149755477905,0.5485971570014954,-0.08172564953565598,0.46450719237327576,0.6117085218429565,-0.09628681093454361,0.4790555536746979,0.6557667255401611,-0.08769145607948303,0.4197849631309509,0.6200132966041565,-0.03675393387675285,0.4208449721336365,0.600600004196167,-0.07984089851379395,0.44544968008995056,0.6504364013671875,-0.08223486691713333,0.4614512324333191,0.6884176731109619,-0.07140446454286575
0.48570361733436584,0.7901853322982788,7.990932999746292e-07,0.5279789566993713,0.7331075668334961,-0.034477170556783676,0.5375773310661316,0.647057294845581,-0.048741552978754044,0.48180270195007324,0.6000041365623474,-0.06268547475337982,0.4322721064090729,0.5758971571922302,-0.0745256096124649,0.5285219550132751,0.5307736992835999,-0.01736018992960453,0.5533696413040161,0.4302240014076233,-0.04450979828834534,0.5694019794464111,0.3637300133705139,-0.06171194836497307,0.5816830396652222,0.3086808919906616,-0.07072029262781143,0.48310574889183044,0.5374794006347656,-0.02057793363928795,0.46381524205207825,0.4169132113456726,-0.05383191257715225,0.45551416277885437,0.3415338397026062,-0.0754888504743576,0.4490594267845154,0.2794319689273834,-0.08335995674133301,0.447787880897522,0.5728414058685303,-0.028326716274023056,0.4387862980365753,0.5491280555725098,-0.08232702314853668,0.46375277638435364,0.6122757792472839,-0.09674885123968124,0.47862789034843445,0.6560724973678589,-0.08799055218696594,0.4200191795825958,0.62091064453125,-0.03755354508757591,0.4194752275943756,0.6001270413398743,-0.0802009329199791,0.4437873959541321,0.6499257683753967,-0.08187402784824371,0.45987334847450256,0.6880265474319458,-0.07054657489061356
0.4859960675239563,0.7889558672904968,7.921040605651797e-07,0.5277180671691895,0.7314946055412292,-0.03418269380927086,0.5361675024032593,0.6436226963996887,-0.04880392178893089,0.4781365692615509,0.5973820090293884,-0.06312426924705505,0.4275742471218109,0.5748594999313354,-0.07532002031803131,0.5259626507759094,0.5289362072944641,-0.018308233469724655,0.5523931980133057,0.4277912676334381,-0.04510143771767616,0.5695857405662537,0.36235520243644714,-0.06207543984055519,0.5820842981338501,0.30702731013298035,-0.07124201208353043,0.4796178340911865,0.5357251763343811,-0.02163858711719513,0.4556964635848999,0.4153395891189575,-0.055237095803022385,0.44368717074394226,0.34086066484451294,-0.07756578177213669,0.4331154525279999,0.2775963842868805,-0.08613736182451248,0.44452935457229614,0.5715873837471008,-0.029141485691070557,0.43299150466918945,0.5476490259170532,-0.08330710232257843,0.4597291052341461,0.6113694906234741,-0.097636878490448,0.47561994194984436,0.6547719240188599,-0.08900518715381622,0.4180036783218384,0.6198954582214355,-0.03798719868063927,0.4166809916496277,0.5987286567687988,-0.08077068626880646,0.4424276351928711,0.6492509245872498,-0.08210678398609161,0.45976635813713074,0.6873800158500671,-0.07059789448976517
0.4867331385612488,0.7911262512207031,7.956600143188552e-07,0.5282012224197388,0.7322686314582825,-0.03561849892139435,0.5352525115013123,0.6445491313934326,-0.050689879804849625,0.47835856676101685,0.5993911027908325,-0.065158911049366,0.4279176890850067,0.5766705870628357,-0.07735814899206161,0.5263626575469971,0.5295230150222778,-0.019140662625432014,0.5525627136230469,0.42915207147598267,-0.04665001854300499,0.5701771378517151,0.3637892007827759,-0.06440946459770203,0.5833403468132019,0.3088447153568268,-0.0741262286901474,0.479311466217041,0.5352636575698853,-0.021661199629306793,0.4537014067173004,0.41559356451034546,-0.056250717490911484,0.4402683973312378,0.3410799503326416,-0.0793752521276474,0.4289643168449402,0.27831438183784485,-0.0883340835571289,0.44377365708351135,0.5711665749549866,-0.028467556461691856,0.43188363313674927,0.5471068024635315,-0.08321819454431534,0.4595429003238678,0.6107631325721741,-0.09783907979726791,0.47618964314460754,0.6541544795036316,-0.08923445641994476,0.41752368211746216,0.6197127103805542,-0.036753181368112564,0.416136234998703,0.5984611511230469,-0.07980390638113022,0.4423042833805084,0.6482612490653992,-0.08138743788003922,0.46029701828956604,0.6853768825531006,-0.06999609619379044
0.48801541328430176,0.7888901233673096,7.707614599894441e-07,0.5296155214309692,0.7292309403419495,-0.033684201538562775,0.5368008613586426,0.642497718334198,-0.04854176938533783,0.479711651802063,0.5963962078094482,-0.06318993121385574,0.42988747358322144,0.573518693447113,-0.07564901560544968,0.5270848274230957,0.5286754369735718,-0.019445354118943214,0.5547453761100769,0.42901527881622314,-0.04682380333542824,0.5735989809036255,0.3647254705429077,-0.06450903415679932,0.5881120562553406,0.31045809388160706,-0.07442407310009003,0.4802713394165039,0.5344638824462891,-0.02292274683713913,0.45351728796958923,0.4153689444065094,-0.05727212503552437,0.43870654702186584,0.34162595868110657,-0.08032175898551941,0.42646098136901855,0.27881795167922974,-0.08990001678466797,0.44487234950065613,0.5705101490020752,-0.030315320938825607,0.4323400855064392,0.5427311062812805,-0.08424879610538483,0.4598611295223236,0.6051826477050781,-0.09803982079029083,0.476701021194458,0.6486868858337402,-0.08967731893062592,0.41818034648895264,0.6197527647018433,-0.03905417397618294,0.41655561327934265,0.5961058735847473,-0.08146815747022629,0.4429742991924286,0.6438669562339783,-0.08269021660089493,0.4613480865955353,0.680263876914978,-0.07156176120042801
0.4892140030860901,0.7885831594467163,7.74396085034823e-07,0.5297807455062866,0.7294784784317017,-0.035542506724596024,0.536924421787262,0.6412118077278137,-0.05094523727893829,0.47905731201171875,0.5956532955169678,-0.06558968126773834,0.42827725410461426,0.5747726559638977,-0.07781253010034561,0.5276176333427429,0.527425229549408,-0.020176684483885765,0.5552756786346436,0.42666390538215637,-0.047289375215768814,0.5748705267906189,0.3631656765937805,-0.06457042694091797,0.589626669883728,0.3107861876487732,-0.07412619888782501,0.4799450635910034,0.5336737036705017,-0.022467100992798805,0.45013314485549927,0.4140717387199402,-0.056615810841321945,0.4346576929092407,0.34195226430892944,-0.07935526967048645,0.42145493626594543,0.2814944088459015,-0.08832819014787674,0.44450825452804565,0.5703544020652771,-0.02886258438229561,0.43275439739227295,0.5444515347480774,-0.08266320079565048,0.4613974690437317,0.6057990193367004,-0.09671362489461899,0.4780571758747101,0.6484920382499695,-0.08823103457689285,0.41899991035461426,0.6192267537117004,-0.036714714020490646,0.4187488853931427,0.5963021516799927,-0.07891564816236496,0.44569921493530273,0.6436962485313416,-0.08014807850122452,0.46358564496040344,0.6799511313438416,-0.06880982965230942
0.49017757177352905,0.7872153520584106,7.816124139026215e-07,0.5303699970245361,0.7283022403717041,-0.03725339472293854,0.5373717546463013,0.6407544016838074,-0.053341057151556015,0.47966498136520386,0.596271276473999,-0.06843746453523636,0.4288221299648285,0.5750688314437866,-0.08095790445804596,0.5270344018936157,0.5262323617935181,-0.02095276489853859,0.5546480417251587,0.42532700300216675,-0.04857514426112175,0.5746005773544312,0.36276936531066895,-0.06620065867900848,0.5902394652366638,0.3116239309310913,-0.07589587569236755,0.4788670837879181,0.5331016778945923,-0.022609572857618332,0.4472588896751404,0.41426408290863037,-0.05736207589507103,0.4304425120353699,0.3426560163497925,-0.08043679594993591,0.41630029678344727,0.283084511756897,-0.08945383876562119,0.44320666790008545,0.570319652557373,-0.028635069727897644,0.431229829788208,0.5456891059875488,-0.08376781642436981,0.46111780405044556,0.6081827878952026,-0.09825166314840317,0.4787319600582123,0.6510080099105835,-0.08961345255374908,0.41779932379722595,0.6194105744361877,-0.03617709502577782,0.41735267639160156,0.5966275930404663,-0.07961124926805496,0.44451695680618286,0.6458578109741211,-0.08101458847522736,0.46225693821907043,0.6829581260681152,-0.06946306675672531
0.49086013436317444,0.7866381406784058,7.794544671924086e-07,0.5310757160186768,0.7275810241699219,-0.0370354950428009,0.5376824736595154,0.6407452821731567,-0.05312514305114746,0.479964941740036,0.5970221757888794,-0.06837713718414307,0.4292464852333069,0.5764569640159607,-0.08120904117822647,0.5272478461265564,0.5258187055587769,-0.020565135404467583,0.5556963682174683,0.4263070225715637,-0.04846638813614845,0.5753495693206787,0.36261186003685,-0.0663728266954422,0.5904875993728638,0.3105194568634033,-0.07627171277999878,0.47912704944610596,0.5333136916160583,-0.02264421433210373,0.4463150203227997,0.41455554962158203,-0.05819106101989746,0.4282958507537842,0.34375375509262085,-0.08169595152139664,0.4131087362766266,0.28513103723526,-0.0907241478562355,0.44392144680023193,0.571459949016571,-0.02905711904168129,0.43003395199775696,0.5468679666519165,-0.08547192811965942,0.46026238799095154,0.6095220446586609,-0.1000799685716629,0.478422075510025,0.6520550847053528,-0.09106961637735367,0.4191516041755676,0.6215261816978455,-0.03684458136558533,0.417125940322876,0.5955367684364319,-0.0809813141822815,0.444211483001709,0.6448074579238892,-0.0819200947880745,0.46248576045036316,0.6820850372314453,-0.06978429108858109
0.49187591671943665,0.7897866368293762,7.871081493249221e-07,0.5314379334449768,0.7299719452857971,-0.03765859454870224,0.537286102771759,0.6422272324562073,-0.053575482219457626,0.48008713126182556,0.5986675024032593,-0.06834825128316879,0.42926308512687683,0.5768970251083374,-0.08047529309988022,0.5273563265800476,0.5259543657302856,-0.020652756094932556,0.555850625038147,0.425923228263855,-0.04804234206676483,0.5755806565284729,0.3626396059989929,-0.06519423425197601,0.5901527404785156,0.3113434910774231,-0.0744543969631195,0.4790200889110565,0.5329780578613281,-0.02182913012802601,0.44506821036338806,0.41521233320236206,-0.05715165287256241,0.4263654053211212,0.34470951557159424,-0.08029957860708237,0.41020429134368896,0.28660935163497925,-0.08882372081279755,0.4433456361293793,0.5709437727928162,-0.02743077650666237,0.43038198351860046,0.5505759119987488,-0.083237424492836,0.46090060472488403,0.6124524474143982,-0.0985061302781105,0.47895118594169617,0.6538318395614624,-0.08992184698581696,0.4182339310646057,0.6200054287910461,-0.03450433164834976,0.417915940284729,0.6009604334831238,-0.07832962274551392,0.4455656111240387,0.6497938632965088,-0.08051176369190216,0.4644013047218323,0.6853128671646118,-0.0692407563328743
0.49199143052101135,0.7879652976989746,7.836636086722137e-07,0.5319012403488159,0.7279027700424194,-0.03707818314433098,0.537821888923645,0.6422057151794434,-0.05305643379688263,0.4799509346485138,0.6008126139640808,-0.06822901219129562,0.42906397581100464,0.5783089995384216,-0.08078662306070328,0.5265248417854309,0.524985671043396,-0.019668931141495705,0.5557923913002014,0.4260609447956085,-0.04736699163913727,0.5753734111785889,0.3630504012107849,-0.0647638589143753,0.5899803638458252,0.31182393431663513,-0.07420589029788971,0.47807013988494873,0.5327686071395874,-0.021329211071133614,0.4439166486263275,0.4169359803199768,-0.056880779564380646,0.4246440827846527,0.34777623414993286,-0.08013363927602768,0.40807512402534485,0.29062360525131226,-0.08882144838571548,0.4427955746650696,0.5712212920188904,-0.027494244277477264,0.4294494390487671,0.5518043041229248,-0.08366143703460693,0.4604957699775696,0.6137696504592896,-0.09889638423919678,0.4791610836982727,0.6547324657440186,-0.09034112095832825,0.4186047911643982,0.6208086609840393,-0.03510119393467903,0.41749149560928345,0.603107213973999,-0.0792730525135994,0.4453521966934204,0.6520520448684692,-0.08160226047039032,0.4647693634033203,0.6873682141304016,-0.07043640315532684
0.49231886863708496,0.7886871099472046,8.000490652193548e-07,0.5319337844848633,0.7297535538673401,-0.03864741697907448,0.5371970534324646,0.643252432346344,-0.054803211241960526,0.47874295711517334,0.600448489189148,-0.06962141394615173,0.4279060959815979,0.577766478061676,-0.08170891553163528,0.5266360640525818,0.5271395444869995,-0.02123931236565113,0.5557052493095398,0.42775312066078186,-0.0494704507291317,0.5758093595504761,0.36433351039886475,-0.06685716658830643,0.590519368648529,0.3133089244365692,-0.07604241371154785,0.4779409170150757,0.5348125100135803,-0.022017307579517365,0.4433344900608063,0.4182913303375244,-0.058337751775979996,0.42425549030303955,0.3484918475151062,-0.08164359629154205,0.4075494408607483,0.2908255457878113,-0.08996478468179703,0.44229060411453247,0.5736812949180603,-0.027373449876904488,0.4288651943206787,0.5567198395729065,-0.08426366001367569,0.4602251350879669,0.6181694269180298,-0.09938459098339081,0.47926947474479675,0.6581171154975891,-0.09033162891864777,0.41724565625190735,0.623123049736023,-0.034221600741147995,0.4159814119338989,0.6066552400588989,-0.07858102768659592,0.44360774755477905,0.6555710434913635,-0.08049127459526062,0.46254056692123413,0.6898744702339172,-0.0688309445977211
0.49220162630081177,0.7954304218292236,7.985523780007497e-07,0.5318455100059509,0.7346887588500977,-0.03767510876059532,0.536462664604187,0.6473051905632019,-0.05373971164226532,0.4785347580909729,0.6058315634727478,-0.06881718337535858,0.42729029059410095,0.5847329497337341,-0.08125471323728561,0.5271371006965637,0.5320057272911072,-0.019725369289517403,0.5567293763160706,0.4317094683647156,-0.04771703481674194,0.5772342681884766,0.3680884838104248,-0.06516973674297333,0.5923698544502258,0.31693628430366516,-0.07449283450841904,0.4780542552471161,0.5396934151649475,-0.021080264821648598,0.4419862926006317,0.4222150146961212,-0.05732047185301781,0.4219156801700592,0.35241296887397766,-0.0810636505484581,0.40422749519348145,0.29467734694480896,-0.08964984863996506,0.44229555130004883,0.5785437822341919,-0.026946410536766052,0.42813000082969666,0.561670184135437,-0.08399176597595215,0.46007099747657776,0.6232457756996155,-0.09960481524467468,0.4791770875453949,0.6632463932037354,-0.09072280675172806,0.41768938302993774,0.6279774308204651,-0.0341857448220253,0.41546526551246643,0.6112750768661499,-0.07851340621709824,0.4424643814563751,0.6605741381645203,-0.08039059489965439,0.4609604477882385,0.6957717537879944,-0.0686207115650177
0.4926173985004425,0.7934199571609497,7.923979978841089e-07,0.5326231122016907,0.7349037528038025,-0.03881596401333809,0.5372224450111389,0.6476746797561646,-0.05518307536840439,0.4773704707622528,0.6054628491401672,-0.07035297900438309,0.42568594217300415,0.5837112665176392,-0.08289826661348343,0.5286980271339417,0.5323693156242371,-0.02054446004331112,0.5587025880813599,0.4328750967979431,-0.04881032183766365,0.5794501900672913,0.3694581985473633,-0.06657645851373672,0.5949992537498474,0.3184145987033844,-0.0762619599699974,0.47928231954574585,0.5394282341003418,-0.02143779769539833,0.44332748651504517,0.421840101480484,-0.05802294611930847,0.42256951332092285,0.35215747356414795,-0.08198662102222443,0.4047839045524597,0.29429662227630615,-0.09086722880601883,0.4433828294277191,0.5777875185012817,-0.026928726583719254,0.4281865954399109,0.5579119920730591,-0.08469875156879425,0.45973461866378784,0.6210477948188782,-0.10023032873868942,0.47927457094192505,0.6625471115112305,-0.09128818660974503,0.4188249707221985,0.626986026763916,-0.03384844586253166,0.4158100485801697,0.6085737347602844,-0.07947101444005966,0.44358688592910767,0.6589581966400146,-0.08165859431028366,0.4633651375770569,0.6953633427619934,-0.06993594020605087
0.48939552903175354,0.7975564002990723,8.110222893265018e-07,0.5277383923530579,0.7375574111938477,-0.034483689814805984,0.5336761474609375,0.6502110958099365,-0.04917580261826515,0.4751990735530853,0.61458820104599,-0.063734270632267,0.4233468770980835,0.5981748700141907,-0.07581841200590134,0.5218026041984558,0.5354858040809631,-0.016321174800395966,0.5575714707374573,0.4393441081047058,-0.04401564598083496,0.5825116634368896,0.37844765186309814,-0.061884235590696335,0.6018282771110535,0.3306419551372528,-0.07142879068851471,0.47257348895072937,0.5419683456420898,-0.019069882109761238,0.44003546237945557,0.4277661442756653,-0.05289655551314354,0.42041856050491333,0.35815495252609253,-0.0757177397608757,0.40232908725738525,0.3013647794723511,-0.08450589329004288,0.43652957677841187,0.5801913738250732,-0.026503190398216248,0.422902911901474,0.5662051439285278,-0.07893578708171844,0.45343300700187683,0.6246129274368286,-0.0942140445113182,0.4715398848056793,0.66282057762146,-0.0867566168308258,0.41195446252822876,0.6291828751564026,-0.035413555800914764,0.4091424345970154,0.6196001172065735,-0.07444567233324051,0.4362364709377289,0.6637287139892578,-0.07588277757167816,0.45623722672462463,0.694730281829834,-0.06527625769376755
0.4906632602214813,0.808321475982666,8.436896905550384e-07,0.5271493196487427,0.7496102452278137,-0.03737561032176018,0.530124843120575,0.6655113101005554,-0.053776372224092484,0.46958664059638977,0.6347723603248596,-0.06916813552379608,0.41737741231918335,0.6195077300071716,-0.08213931322097778,0.5190187096595764,0.5475116968154907,-0.021866580471396446,0.5544793605804443,0.4509371519088745,-0.05063090845942497,0.5784006118774414,0.38842132687568665,-0.06852051615715027,0.596285879611969,0.33963191509246826,-0.07801166921854019,0.46875542402267456,0.554640531539917,-0.022866712883114815,0.43203219771385193,0.44161245226860046,-0.058449938893318176,0.4099477529525757,0.3723885416984558,-0.08136729896068573,0.39044177532196045,0.3155612647533417,-0.08983337134122849,0.43286243081092834,0.5932581424713135,-0.028421662747859955,0.4178853929042816,0.5811780691146851,-0.08234505355358124,0.44933366775512695,0.641080915927887,-0.09749956429004669,0.468294233083725,0.6801807880401611,-0.08951085805892944,0.4093244969844818,0.6412357091903687,-0.035597991198301315,0.40762174129486084,0.6378859877586365,-0.07645715028047562,0.4347281754016876,0.6838326454162598,-0.07876765727996826,0.4541870653629303,0.7137112617492676,-0.06828079372644424
0.4908706843852997,0.8101197481155396,8.42985002691421e-07,0.5275179147720337,0.7506585121154785,-0.037926338613033295,0.5295850038528442,0.6668483018875122,-0.054363444447517395,0.46837082505226135,0.6364187598228455,-0.06967435032129288,0.4157523810863495,0.6216889023780823,-0.08263988047838211,0.518662691116333,0.5483804941177368,-0.02079882100224495,0.5533437728881836,0.45198750495910645,-0.04907960817217827,0.5770843029022217,0.389584481716156,-0.06734605878591537,0.5950710773468018,0.34126779437065125,-0.07728535681962967,0.4682716429233551,0.5564064383506775,-0.02163200080394745,0.431000292301178,0.44301605224609375,-0.056309230625629425,0.4089142978191376,0.37420982122421265,-0.0794174000620842,0.38940244913101196,0.3181762099266052,-0.08826690912246704,0.4328218400478363,0.596470057964325,-0.027138082310557365,0.41690611839294434,0.5807096362113953,-0.08117489516735077,0.4482801556587219,0.6400563716888428,-0.09690526872873306,0.467183917760849,0.6796293258666992,-0.08925946056842804,0.40989604592323303,0.6461743116378784,-0.034190256148576736,0.4056510627269745,0.637518584728241,-0.07587634027004242,0.43247678875923157,0.6829734444618225,-0.07830625772476196,0.4521365463733673,0.7139037847518921,-0.06774315237998962
0.4904266595840454,0.8100583553314209,8.578931556257885e-07,0.5274240970611572,0.7512975931167603,-0.03951110690832138,0.5290183424949646,0.6685839295387268,-0.057123199105262756,0.46663856506347656,0.6366987228393555,-0.07321415841579437,0.41377967596054077,0.6202659606933594,-0.08684194087982178,0.519417941570282,0.5501468777656555,-0.023945851251482964,0.5533156991004944,0.45168253779411316,-0.053193822503089905,0.5771905183792114,0.3888499140739441,-0.07159144431352615,0.5952029228210449,0.3401077091693878,-0.08139102905988693,0.46873781085014343,0.5580243468284607,-0.024017389863729477,0.4308481514453888,0.44308871030807495,-0.05948641151189804,0.4090053141117096,0.3743748366832733,-0.08208540827035904,0.3900327682495117,0.3185919523239136,-0.09030997008085251,0.4328431189060211,0.5974067449569702,-0.02882573753595352,0.41740477085113525,0.5824966430664062,-0.08330821990966797,0.44869914650917053,0.6420152187347412,-0.09838686138391495,0.467525839805603,0.6815645694732666,-0.09012430161237717,0.40941911935806274,0.6457890868186951,-0.03534507378935814,0.4056379795074463,0.6381180286407471,-0.07723116129636765,0.43255239725112915,0.6844114661216736,-0.07936425507068634,0.45186564326286316,0.7156476974487305,-0.0684419497847557
0.4900592267513275,0.8100094795227051,8.540001772416872e-07,0.5270937085151672,0.7513970136642456,-0.03863624855875969,0.5295336246490479,0.6682924628257751,-0.05598144233226776,0.4683147966861725,0.6381551027297974,-0.07210665941238403,0.41531136631965637,0.6225839853286743,-0.08583954721689224,0.5196183323860168,0.550423264503479,-0.023647073656320572,0.5543149709701538,0.4523366093635559,-0.05328378081321716,0.5786174535751343,0.3893636465072632,-0.07189705967903137,0.5969772934913635,0.3400379717350006,-0.0818876326084137,0.4689791798591614,0.5576457381248474,-0.0242189671844244,0.4313269853591919,0.4434915781021118,-0.06027303636074066,0.40962836146354675,0.3749484419822693,-0.08334388583898544,0.3907208740711212,0.31838202476501465,-0.09194894880056381,0.4329158365726471,0.5962313413619995,-0.029424486681818962,0.4172613322734833,0.5827938318252563,-0.08402328938245773,0.44916003942489624,0.6429560780525208,-0.09906886518001556,0.46849068999290466,0.6819864511489868,-0.0908767357468605,0.4091675579547882,0.6439840197563171,-0.036321431398391724,0.40614795684814453,0.6383205652236938,-0.07773251831531525,0.43304362893104553,0.6843611598014832,-0.07984866201877594,0.4524063467979431,0.7143362164497375,-0.0691492035984993
0.49075064063072205,0.8101122379302979,8.598374847679224e-07,0.5278539061546326,0.751370906829834,-0.03867903724312782,0.5301167368888855,0.6691022515296936,-0.05624232068657875,0.4685048460960388,0.6383561491966248,-0.07241121679544449,0.41562989354133606,0.6221145987510681,-0.08610059320926666,0.5195366740226746,0.5499661564826965,-0.024474097415804863,0.5547666549682617,0.4522683024406433,-0.053857408463954926,0.5787720680236816,0.389688640832901,-0.07198681682348251,0.596541702747345,0.3408252000808716,-0.08157280087471008,0.4687245190143585,0.5569920539855957,-0.024699397385120392,0.43185096979141235,0.4435708820819855,-0.060612570494413376,0.40968456864356995,0.37490588426589966,-0.0832449272274971,0.3899413049221039,0.3186405301094055,-0.09139858186244965,0.43263405561447144,0.5951371788978577,-0.029488924890756607,0.41757676005363464,0.582930862903595,-0.0834139883518219,0.4489631652832031,0.6424136757850647,-0.0984509065747261,0.46771472692489624,0.6817132234573364,-0.09038200229406357,0.4091445505619049,0.6424729824066162,-0.03601161390542984,0.40744972229003906,0.6407568454742432,-0.07705484330654144,0.43411338329315186,0.686753511428833,-0.079731784760952,0.4528295397758484,0.7164620161056519,-0.069412462413311
0.4920007288455963,0.8112098574638367,8.577285370847676e-07,0.5290253162384033,0.7523741126060486,-0.03944213315844536,0.531132698059082,0.6694868803024292,-0.05700609087944031,0.4697491228580475,0.6392276883125305,-0.07303336262702942,0.4168201684951782,0.6240755915641785,-0.08657636493444443,0.5196184515953064,0.5494651794433594,-0.02385813556611538,0.5543023943901062,0.4524080157279968,-0.05322664976119995,0.5780386328697205,0.3898733854293823,-0.07177235186100006,0.5958113074302673,0.3411863446235657,-0.08171860873699188,0.468810111284256,0.557093620300293,-0.02407090738415718,0.4316907823085785,0.444057822227478,-0.05965482443571091,0.4099069833755493,0.37552782893180847,-0.08259961754083633,0.3904726505279541,0.3190676271915436,-0.09100709110498428,0.4329834282398224,0.5963523387908936,-0.029026716947555542,0.4177364110946655,0.583799421787262,-0.08341996371746063,0.4499055743217468,0.6436519622802734,-0.09881309419870377,0.46915462613105774,0.6825461387634277,-0.09080351144075394,0.40967288613319397,0.6451546549797058,-0.03572050854563713,0.40698760747909546,0.6411241292953491,-0.07735256105661392,0.43366512656211853,0.6873853206634521,-0.07985801994800568,0.4524582326412201,0.7172982692718506,-0.06930456310510635
0.49103644490242004,0.8116525411605835,8.5530137994283e-07,0.5275017619132996,0.7523441314697266,-0.038900598883628845,0.5294675230979919,0.6695822477340698,-0.056151505559682846,0.4678034782409668,0.6388992071151733,-0.0720580592751503,0.4147830009460449,0.6236761212348938,-0.08553379029035568,0.5193493962287903,0.55128014087677,-0.022995468229055405,0.5536491870880127,0.4521476626396179,-0.05170906335115433,0.5773399472236633,0.388811856508255,-0.0698142945766449,0.5950772166252136,0.34005245566368103,-0.07947700470685959,0.4688139259815216,0.5596345067024231,-0.023433072492480278,0.43119239807128906,0.44452792406082153,-0.05824965983629227,0.40934890508651733,0.37591826915740967,-0.08062931895256042,0.3900251090526581,0.3208177387714386,-0.08875574171543121,0.4334048330783844,0.5995398759841919,-0.028608957305550575,0.41765251755714417,0.5833741426467896,-0.08257424086332321,0.44905659556388855,0.6424102783203125,-0.09758775681257248,0.46781498193740845,0.6813341379165649,-0.08937743306159973,0.41061604022979736,0.6485791802406311,-0.035435277968645096,0.40591394901275635,0.6390960216522217,-0.07688943296670914,0.432684063911438,0.6845120191574097,-0.07880214601755142,0.4521533250808716,0.7152283191680908,-0.06780202686786652
0.49304893612861633,0.8111584782600403,8.575601668781019e-07,0.5298663377761841,0.7519844174385071,-0.03823446109890938,0.5314028263092041,0.669635534286499,-0.05599759891629219,0.4707707464694977,0.638029932975769,-0.07273637503385544,0.4180944561958313,0.6207781434059143,-0.08706051111221313,0.5211703181266785,0.5496271848678589,-0.023638324812054634,0.5536659955978394,0.45084381103515625,-0.05371192842721939,0.576524555683136,0.38607722520828247,-0.0725780725479126,0.5936527252197266,0.33463919162750244,-0.0827362984418869,0.47109514474868774,0.5574866533279419,-0.024774357676506042,0.4332534074783325,0.44321081042289734,-0.06169399246573448,0.41073036193847656,0.37343406677246094,-0.0852457731962204,0.3908134400844574,0.3153465986251831,-0.09402633458375931,0.435418963432312,0.5968548655509949,-0.030466634780168533,0.4185134768486023,0.5820730924606323,-0.08594837039709091,0.45099079608917236,0.6424346566200256,-0.10095275193452835,0.47092658281326294,0.6817770600318909,-0.09256061166524887,0.41178956627845764,0.6459714770317078,-0.037798669189214706,0.4087640047073364,0.6386775374412537,-0.0799708142876625,0.43590688705444336,0.6856667399406433,-0.0820310115814209,0.4550890028476715,0.7163628339767456,-0.07114653289318085
0.4966421127319336,0.8147373795509338,8.815780461191025e-07,0.5335241556167603,0.7581244111061096,-0.04232342541217804,0.5349841117858887,0.6758058071136475,-0.06149265915155411,0.4757036566734314,0.6422948837280273,-0.0785713642835617,0.42206159234046936,0.6240023374557495,-0.0931563749909401,0.5265225768089294,0.5514240264892578,-0.028000246733427048,0.560154139995575,0.44891855120658875,-0.057778581976890564,0.5834723711013794,0.382171630859375,-0.07656621932983398,0.6008025407791138,0.3295114040374756,-0.08672432601451874,0.47680339217185974,0.559360921382904,-0.02725069969892502,0.442084401845932,0.43986231088638306,-0.06321804970502853,0.4220597743988037,0.3692828416824341,-0.08619844913482666,0.404371976852417,0.31175363063812256,-0.09466280788183212,0.44135138392448425,0.5984382629394531,-0.031217386946082115,0.42693179845809937,0.5762102603912354,-0.08654642105102539,0.4570688307285309,0.6386718153953552,-0.1010790765285492,0.47437217831611633,0.680243968963623,-0.09220907837152481,0.41871899366378784,0.6470209360122681,-0.03714980185031891,0.4150300621986389,0.6295710802078247,-0.07971154898405075,0.44111353158950806,0.6768389940261841,-0.08125039935112,0.45941615104675293,0.7097552418708801,-0.06979106366634369
0.49880746006965637,0.8116779327392578,8.645906746096443e-07,0.5360798835754395,0.7567206025123596,-0.043439000844955444,0.5381203293800354,0.6751884818077087,-0.063395194709301,0.4778014123439789,0.641038179397583,-0.08099131286144257,0.4244401454925537,0.6215649247169495,-0.0959484726190567,0.528844952583313,0.5505422353744507,-0.030296869575977325,0.5614710450172424,0.45000433921813965,-0.06127094849944115,0.5840136408805847,0.3845874071121216,-0.08054903894662857,0.6008191108703613,0.33290451765060425,-0.09095364809036255,0.4787922501564026,0.5569584965705872,-0.029254810884594917,0.4436604678630829,0.4379655718803406,-0.06617962568998337,0.42394518852233887,0.36791592836380005,-0.08917218446731567,0.40682727098464966,0.31014999747276306,-0.09766523540019989,0.442891925573349,0.5948330760002136,-0.0331047959625721,0.4299844205379486,0.5769858956336975,-0.08845815062522888,0.4595452547073364,0.6389091610908508,-0.10309658944606781,0.4763083755970001,0.6797612905502319,-0.09459269791841507,0.41976848244667053,0.6425589919090271,-0.03913640230894089,0.41783198714256287,0.6311167478561401,-0.08099931478500366,0.4435533881187439,0.6778307557106018,-0.083061583340168,0.46073219180107117,0.7093409299850464,-0.07240505516529083
0.4997083246707916,0.8069891929626465,8.628197747384547e-07,0.5371404886245728,0.7521839141845703,-0.042582616209983826,0.5404331088066101,0.6722293496131897,-0.062659353017807,0.4808681905269623,0.6375315189361572,-0.08070100098848343,0.4278358817100525,0.6186779141426086,-0.09613873809576035,0.5309026837348938,0.5470505356788635,-0.029726244509220123,0.5638464093208313,0.4470738470554352,-0.06077172979712486,0.5865856409072876,0.3819482624530792,-0.0802057683467865,0.6034248471260071,0.3307141363620758,-0.09065859764814377,0.48109889030456543,0.553682267665863,-0.029257001355290413,0.4468000531196594,0.4351998567581177,-0.06620091944932938,0.4277188777923584,0.365074098110199,-0.08935901522636414,0.4109418988227844,0.30715224146842957,-0.09810882806777954,0.44508183002471924,0.5921239256858826,-0.03353968635201454,0.43325376510620117,0.5746949911117554,-0.08835596591234207,0.4629789888858795,0.6352747678756714,-0.1022896021604538,0.4796755313873291,0.6754523515701294,-0.09347625076770782,0.42128467559814453,0.6404122114181519,-0.03999151289463043,0.41977110505104065,0.6260982751846313,-0.0805693045258522,0.44486162066459656,0.6713727712631226,-0.08135008066892624,0.461320161819458,0.7029387354850769,-0.07000014930963516
0.49975350499153137,0.8058179616928101,8.604896493125125e-07,0.5379271507263184,0.7504206299781799,-0.04175602272152901,0.5421180129051208,0.6690946221351624,-0.06125623360276222,0.48258674144744873,0.633761465549469,-0.07878124713897705,0.4293835759162903,0.6146855354309082,-0.09364404529333115,0.532578706741333,0.544805109500885,-0.02847755141556263,0.564794659614563,0.4448793828487396,-0.05918196216225624,0.5869009494781494,0.37991130352020264,-0.07817599177360535,0.6033890843391418,0.32837486267089844,-0.08831068128347397,0.48223090171813965,0.5515761375427246,-0.028326457366347313,0.4483044147491455,0.4336976408958435,-0.06557182222604752,0.4291914999485016,0.36271044611930847,-0.08866550028324127,0.4124792218208313,0.30437228083610535,-0.097075454890728,0.44591569900512695,0.5900498032569885,-0.03283264860510826,0.4337111711502075,0.5728135704994202,-0.08848017454147339,0.4637424349784851,0.6345420479774475,-0.10217957198619843,0.4808790385723114,0.6753666400909424,-0.0927976593375206,0.4218534231185913,0.6384459733963013,-0.03937382623553276,0.4207655191421509,0.6261579394340515,-0.0813063383102417,0.44629502296447754,0.6732465624809265,-0.08231908828020096,0.4628494083881378,0.7055109739303589,-0.07065834850072861
0.5008429288864136,0.8021646738052368,8.506126505380962e-07,0.538604736328125,0.7483577728271484,-0.04096762463450432,0.5431298613548279,0.667978823184967,-0.06056104600429535,0.48473432660102844,0.6333160400390625,-0.07844288647174835,0.43166542053222656,0.6147085428237915,-0.09380824863910675,0.5333342552185059,0.5432208776473999,-0.028541991487145424,0.5658015012741089,0.44291818141937256,-0.05914805084466934,0.5882012844085693,0.3784032464027405,-0.07818903774023056,0.604956865310669,0.3271867334842682,-0.08846937865018845,0.483471155166626,0.5496771335601807,-0.02886265330016613,0.44902682304382324,0.43087178468704224,-0.0658082589507103,0.4300636053085327,0.3608769476413727,-0.08906831592321396,0.4136134088039398,0.3029802739620209,-0.09784706681966782,0.44741296768188477,0.5878335237503052,-0.03366079926490784,0.434979110956192,0.5681439638137817,-0.08881287276744843,0.46473929286003113,0.6299504637718201,-0.10243231803178787,0.48165106773376465,0.6713099479675293,-0.09329959005117416,0.423703134059906,0.6362601518630981,-0.04041271284222603,0.4223708212375641,0.621426522731781,-0.08178184926509857,0.44751009345054626,0.6683359742164612,-0.08239957690238953,0.4639873802661896,0.7012401223182678,-0.07066516578197479
0.502023458480835,0.799362063407898,8.649477081235091e-07,0.5409372448921204,0.7442300319671631,-0.04050786793231964,0.5454718470573425,0.663051426410675,-0.05941086634993553,0.4869743585586548,0.6296302676200867,-0.07659441977739334,0.4341718554496765,0.6124515533447266,-0.09126295149326324,0.5362874865531921,0.5392409563064575,-0.027335159480571747,0.5692472457885742,0.4391699731349945,-0.057672347873449326,0.5921082496643066,0.37440934777259827,-0.07650122046470642,0.6091728210449219,0.3226194381713867,-0.08659661561250687,0.48632219433784485,0.5447051525115967,-0.02759859897196293,0.45233556628227234,0.4260728359222412,-0.06420943140983582,0.43321898579597473,0.3556215763092041,-0.08712033927440643,0.41662922501564026,0.29750093817710876,-0.09540464729070663,0.4503418803215027,0.5820459127426147,-0.032387055456638336,0.4384002387523651,0.5623626112937927,-0.08724219352006912,0.4676828682422638,0.6247982382774353,-0.10094410926103592,0.4841751158237457,0.6664952635765076,-0.09165552258491516,0.42677047848701477,0.629865288734436,-0.03910905495285988,0.4265585243701935,0.6187735199928284,-0.08056701719760895,0.451473593711853,0.666210949420929,-0.08161965757608414,0.4674261808395386,0.6984411478042603,-0.06997602432966232
0.5080427527427673,0.7983373403549194,8.713328725207248e-07,0.5487605333328247,0.7424271702766418,-0.03790920600295067,0.5542720556259155,0.6606232523918152,-0.055885665118694305,0.49566560983657837,0.6282594799995422,-0.07266918569803238,0.4428328275680542,0.6111223697662354,-0.08713716268539429,0.5445716381072998,0.537895143032074,-0.026711221784353256,0.578071117401123,0.43722862005233765,-0.056926336139440536,0.6011608242988586,0.37171584367752075,-0.0757414922118187,0.6183465123176575,0.31785231828689575,-0.08615238219499588,0.49490904808044434,0.5417500734329224,-0.02845308929681778,0.4643322825431824,0.4225383400917053,-0.06437497586011887,0.44684332609176636,0.35070836544036865,-0.08696288615465164,0.43131011724472046,0.29008564352989197,-0.09562552720308304,0.45873722434043884,0.5778887271881104,-0.0343921035528183,0.44630131125450134,0.5557152628898621,-0.08823420852422714,0.4749320149421692,0.6187585592269897,-0.10109861940145493,0.49124956130981445,0.660433828830719,-0.0920480489730835,0.4344416558742523,0.6258009076118469,-0.04223920777440071,0.4350348114967346,0.6166622638702393,-0.08385159075260162,0.4615718722343445,0.6638704538345337,-0.08511897176504135,0.4797416031360626,0.6953784227371216,-0.07394920289516449
0.5191918015480042,0.8000844120979309,8.587331308262947e-07,0.5621492266654968,0.7442148923873901,-0.03906423598527908,0.5691842436790466,0.6584142446517944,-0.05752476677298546,0.5103908181190491,0.6250478029251099,-0.07466018944978714,0.4558965265750885,0.6090831756591797,-0.08943518996238708,0.556881844997406,0.5332029461860657,-0.027945654466748238,0.5907377600669861,0.4305369257926941,-0.05826813355088234,0.6131654381752014,0.3653973937034607,-0.07671752572059631,0.6291940212249756,0.312205970287323,-0.08681809157133102,0.5057401657104492,0.5381766557693481,-0.02942243404686451,0.474789559841156,0.4165126085281372,-0.06646756827831268,0.45818591117858887,0.3444150686264038,-0.08987495303153992,0.44291266798973083,0.2828790545463562,-0.09898559004068375,0.4682456851005554,0.5750662088394165,-0.0351225845515728,0.45881783962249756,0.5536054372787476,-0.09046164155006409,0.4882800281047821,0.6187063455581665,-0.10449877381324768,0.5039294958114624,0.6622316241264343,-0.09576905518770218,0.44280990958213806,0.6235592365264893,-0.04264817014336586,0.4456549882888794,0.6121999621391296,-0.084387868642807,0.4710652530193329,0.6615623235702515,-0.08574160188436508,0.48664146661758423,0.6959493160247803,-0.07466211915016174
0.5084532499313354,0.828769326210022,8.60457589624275e-07,0.5509042143821716,0.7709956169128418,-0.03635794669389725,0.5564206838607788,0.6869164705276489,-0.05431680381298065,0.49727410078048706,0.6573197245597839,-0.0719340443611145,0.4428670406341553,0.6418716311454773,-0.08763816207647324,0.5399790406227112,0.5638103485107422,-0.025381648913025856,0.5689003467559814,0.46134722232818604,-0.05683498457074165,0.5878635048866272,0.3946053385734558,-0.07669825106859207,0.6018438935279846,0.33868885040283203,-0.08762914687395096,0.49005332589149475,0.570893406867981,-0.029334161430597305,0.4612051248550415,0.44896838068962097,-0.06668221205472946,0.4449094831943512,0.3741832673549652,-0.09106037020683289,0.43012502789497375,0.3085746765136719,-0.10110057145357132,0.45343929529190063,0.6091262102127075,-0.037492815405130386,0.44289377331733704,0.5863220691680908,-0.09468943625688553,0.47204169631004333,0.6531378030776978,-0.10913925617933273,0.4882705807685852,0.6965777277946472,-0.10025098919868469,0.4275650978088379,0.6604943871498108,-0.04716799408197403,0.42578473687171936,0.642360508441925,-0.09049754589796066,0.4523841440677643,0.6920421719551086,-0.09105843305587769,0.47046324610710144,0.7276698350906372,-0.079173743724823
0.508764922618866,0.8284468650817871,8.689908668202406e-07,0.5506250858306885,0.7715975046157837,-0.03793841227889061,0.5553174614906311,0.6882269382476807,-0.05643356218934059,0.4966062307357788,0.656550943851471,-0.07427764683961868,0.441946804523468,0.6404677629470825,-0.09023207426071167,0.5412989854812622,0.5651347041130066,-0.027158305048942566,0.5704704523086548,0.46402567625045776,-0.059039730578660965,0.5892893075942993,0.39612552523612976,-0.07937667518854141,0.6025635600090027,0.33881860971450806,-0.09070069342851639,0.4918721616268158,0.5703200697898865,-0.03044702857732773,0.46427977085113525,0.4485766291618347,-0.06853034347295761,0.4469769597053528,0.37370750308036804,-0.0933021679520607,0.4312286972999573,0.30796870589256287,-0.10332037508487701,0.45553866028785706,0.6070149540901184,-0.03796187788248062,0.4435652792453766,0.5870715379714966,-0.09539606422185898,0.4716222584247589,0.6540387868881226,-0.11007509380578995,0.4877365827560425,0.6966245770454407,-0.10124549269676208,0.42981576919555664,0.6571673154830933,-0.047187790274620056,0.427534818649292,0.6420438289642334,-0.09056126326322556,0.4546574354171753,0.6919830441474915,-0.09133239090442657,0.4744957983493805,0.7268833518028259,-0.07952416688203812
0.510256290435791,0.8262113332748413,8.575248102715705e-07,0.5525931715965271,0.7690626382827759,-0.036490846425294876,0.5583530068397522,0.6857756972312927,-0.05444681644439697,0.4994569420814514,0.653324544429779,-0.07199741899967194,0.44577303528785706,0.6366632580757141,-0.0877099484205246,0.5446308255195618,0.5649534463882446,-0.02616959996521473,0.5744357109069824,0.4629722237586975,-0.057611554861068726,0.5932021737098694,0.39567112922668457,-0.0772867277264595,0.6067771315574646,0.33912110328674316,-0.08792328089475632,0.49574539065361023,0.5701315999031067,-0.029830394312739372,0.4690389931201935,0.4475058913230896,-0.06752537190914154,0.45255687832832336,0.37260228395462036,-0.09155019372701645,0.43771904706954956,0.30758482217788696,-0.10083480924367905,0.45931848883628845,0.606174886226654,-0.03755279257893562,0.4472663402557373,0.5857748985290527,-0.0949278324842453,0.47486716508865356,0.6531187891960144,-0.10878364741802216,0.4909215569496155,0.6963435411453247,-0.09908163547515869,0.43284815549850464,0.6553248167037964,-0.0468083955347538,0.429545521736145,0.6376493573188782,-0.09032269567251205,0.4560747444629669,0.6888694167137146,-0.09022358059883118,0.47586458921432495,0.7257017493247986,-0.07741671800613403
0.5110127329826355,0.8251426815986633,8.608721486780269e-07,0.5538294911384583,0.7681713104248047,-0.03605320304632187,0.5600396990776062,0.6849902868270874,-0.05377747491002083,0.5008663535118103,0.6519849300384521,-0.07115062326192856,0.44756561517715454,0.6338874697685242,-0.08661852031946182,0.5470784306526184,0.5645139813423157,-0.02551496960222721,0.5761250853538513,0.46269476413726807,-0.05688779801130295,0.5948511362075806,0.39549511671066284,-0.0763908177614212,0.6083465814590454,0.33878108859062195,-0.08674628287553787,0.4984395205974579,0.5690330862998962,-0.02916436269879341,0.47209879755973816,0.44653597474098206,-0.06637831777334213,0.4558917284011841,0.3716835379600525,-0.08967472612857819,0.4415135681629181,0.30726751685142517,-0.09826783090829849,0.46212559938430786,0.604303240776062,-0.0369267500936985,0.4499150812625885,0.584834635257721,-0.09334772825241089,0.4766344130039215,0.6516523957252502,-0.10659676790237427,0.49238574504852295,0.6948434710502625,-0.09657217562198639,0.4353863298892975,0.6526384949684143,-0.046295639127492905,0.43262729048728943,0.6380994915962219,-0.08894967287778854,0.4587506651878357,0.6894553899765015,-0.08866892009973526,0.4781794250011444,0.7259577512741089,-0.07573346048593521
0.5129373669624329,0.8247219324111938,8.698344799995539e-07,0.5560927391052246,0.7678242325782776,-0.03617235645651817,0.562997579574585,0.684188723564148,-0.053810711950063705,0.5034922361373901,0.6519012451171875,-0.07101862132549286,0.4501723647117615,0.6337119936943054,-0.08623681962490082,0.5487504005432129,0.5644783973693848,-0.02588929608464241,0.5775873064994812,0.4621102213859558,-0.05748167634010315,0.5960312485694885,0.39437538385391235,-0.07692202925682068,0.6094980835914612,0.3373079001903534,-0.08711840212345123,0.5002199411392212,0.569350004196167,-0.029550105333328247,0.4760395586490631,0.44686010479927063,-0.06654651463031769,0.4614378809928894,0.3717653751373291,-0.08942508697509766,0.4484179615974426,0.3068349361419678,-0.09774265438318253,0.4638046324253082,0.6044650673866272,-0.03744914382696152,0.4530981481075287,0.5859448909759521,-0.0937417522072792,0.4805585443973541,0.6536064147949219,-0.10690077394247055,0.4967653751373291,0.6964356303215027,-0.09680315107107162,0.43642085790634155,0.6524398326873779,-0.046982623636722565,0.43442294001579285,0.6383408308029175,-0.08938033133745193,0.4609474539756775,0.6896674633026123,-0.08915948122739792,0.48029476404190063,0.7251228094100952,-0.07637227326631546
0.5137943029403687,0.8257327079772949,8.86956229351199e-07,0.5576887726783752,0.7684245705604553,-0.03486119583249092,0.5663791298866272,0.6852471232414246,-0.05223672464489937,0.508204996585846,0.6518547534942627,-0.06951029598712921,0.454666405916214,0.6331642866134644,-0.08478377014398575,0.5498026013374329,0.5645239949226379,-0.02494446560740471,0.5772455930709839,0.4610532522201538,-0.05630193650722504,0.5945473313331604,0.39381980895996094,-0.07520132511854172,0.6076918244361877,0.33764562010765076,-0.08477970212697983,0.5016023516654968,0.5701538324356079,-0.029427243396639824,0.48086848855018616,0.44672632217407227,-0.06587951630353928,0.46955767273902893,0.36974596977233887,-0.08781914412975311,0.46022510528564453,0.30465370416641235,-0.09542495012283325,0.4651864767074585,0.6053946018218994,-0.03822728618979454,0.45528364181518555,0.5844902992248535,-0.09407692402601242,0.48158758878707886,0.6519927382469177,-0.10700486600399017,0.4976526200771332,0.6958825588226318,-0.09677380323410034,0.43745899200439453,0.6542302370071411,-0.04856529459357262,0.43663668632507324,0.6391758322715759,-0.09070529043674469,0.4631015360355377,0.6902650594711304,-0.09051982313394547,0.48215627670288086,0.7259125709533691,-0.07776812463998795
0.514374315738678,0.8275578618049622,8.855723194756138e-07,0.559630274772644,0.7683297395706177,-0.033177562057971954,0.5682196617126465,0.6832456588745117,-0.049407847225666046,0.5093787312507629,0.6494722366333008,-0.06598087400197983,0.4561734199523926,0.6316586136817932,-0.08079106360673904,0.5511224269866943,0.5646747350692749,-0.021958110854029655,0.5774529576301575,0.461270272731781,-0.0525229386985302,0.5941925048828125,0.3941269516944885,-0.07151394337415695,0.6073524951934814,0.3379064202308655,-0.08141322433948517,0.5046519637107849,0.570347785949707,-0.02704664133489132,0.4891678988933563,0.4485262632369995,-0.062035318464040756,0.4800819456577301,0.37034231424331665,-0.08412982523441315,0.4721584618091583,0.30345088243484497,-0.09264855086803436,0.46862703561782837,0.6053109765052795,-0.0364668108522892,0.45851758122444153,0.5808604955673218,-0.09066503494977951,0.4833967685699463,0.6474890112876892,-0.10369401425123215,0.49856898188591003,0.6919875741004944,-0.09434322267770767,0.4404073655605316,0.6549139022827148,-0.047385863959789276,0.4383399486541748,0.6353126168251038,-0.08880811184644699,0.4645388424396515,0.6857463121414185,-0.08867776393890381,0.48342758417129517,0.7228051424026489,-0.07643748074769974
0.5166550874710083,0.8247554898262024,8.508220048497606e-07,0.56236332654953,0.767192542552948,-0.03443107381463051,0.5726019144058228,0.6831851005554199,-0.051797278225421906,0.5162622928619385,0.645318865776062,-0.0691927894949913,0.4632388651371002,0.628340482711792,-0.08480849117040634,0.5565872192382812,0.5643745064735413,-0.025921382009983063,0.5834347605705261,0.4636319875717163,-0.05710626766085625,0.600941002368927,0.39709776639938354,-0.07639987021684647,0.6145021319389343,0.3408210575580597,-0.08680054545402527,0.5092809200286865,0.5694621801376343,-0.030906004831194878,0.4888959527015686,0.44963282346725464,-0.0680697038769722,0.47589677572250366,0.3719657063484192,-0.09129365533590317,0.46474432945251465,0.30635643005371094,-0.10067799687385559,0.4722467064857483,0.6046918034553528,-0.03981439769268036,0.46271684765815735,0.5796176791191101,-0.09580248594284058,0.4905867874622345,0.6478571891784668,-0.10856954008340836,0.5081903338432312,0.6945627331733704,-0.09894444048404694,0.44259756803512573,0.6541245579719543,-0.05028814449906349,0.442161500453949,0.634427547454834,-0.09314045310020447,0.468851774930954,0.6853998303413391,-0.09336045384407043,0.487566202878952,0.7231154441833496,-0.08134739845991135
0.5159525275230408,0.8243374228477478,8.340461477018835e-07,0.5617215037345886,0.7668747305870056,-0.033702388405799866,0.5722615122795105,0.6802109479904175,-0.050082702189683914,0.5155678987503052,0.6392737627029419,-0.06649381667375565,0.4633355736732483,0.6197679042816162,-0.08108271658420563,0.5557628273963928,0.5629482269287109,-0.023766333237290382,0.5835383534431458,0.4634808897972107,-0.05413765832781792,0.6015956997871399,0.3971940875053406,-0.07309675961732864,0.6153988242149353,0.3407828211784363,-0.08332962542772293,0.5090727806091309,0.5680956244468689,-0.028772957623004913,0.48875948786735535,0.44859954714775085,-0.06522269546985626,0.47587570548057556,0.3718927502632141,-0.08824349194765091,0.46446481347084045,0.30661505460739136,-0.09742677956819534,0.47292718291282654,0.6032752394676208,-0.03770458325743675,0.4635777175426483,0.5782963633537292,-0.09331031888723373,0.4905157685279846,0.6459711194038391,-0.10581833869218826,0.5068202018737793,0.6917291283607483,-0.09600485861301422,0.4439603388309479,0.6524306535720825,-0.04810139909386635,0.4431995451450348,0.6308884620666504,-0.09061574935913086,0.4690697491168976,0.682481586933136,-0.09032690525054932,0.4867118299007416,0.7202135324478149,-0.07791358977556229
0.516987144947052,0.823078453540802,8.264324264928291e-07,0.5630313158035278,0.7660826444625854,-0.03340178728103638,0.5747563242912292,0.6781163811683655,-0.049421798437833786,0.5172185897827148,0.6350485682487488,-0.0655331015586853,0.4639323651790619,0.6141273379325867,-0.07969531416893005,0.557670533657074,0.5608839988708496,-0.022953012958168983,0.5852057933807373,0.46128350496292114,-0.05291494354605675,0.6026832461357117,0.3955007493495941,-0.07148490846157074,0.6157848834991455,0.3394416272640228,-0.08147262036800385,0.5103433132171631,0.5659712553024292,-0.02775876596570015,0.49007582664489746,0.4467127323150635,-0.06394504755735397,0.4775615632534027,0.3708268702030182,-0.08671236038208008,0.46613815426826477,0.30669066309928894,-0.09568557888269424,0.4736380875110626,0.600583016872406,-0.036471176892519,0.4656429886817932,0.5762581825256348,-0.09168346226215363,0.4933062493801117,0.6428735256195068,-0.10444151610136032,0.5096394419670105,0.6888443231582642,-0.09491348266601562,0.44395071268081665,0.6488032341003418,-0.04665812849998474,0.4463992714881897,0.630711019039154,-0.08916515111923218,0.47307026386260986,0.6817010641098022,-0.08974849432706833,0.4908786714076996,0.7192796468734741,-0.07796205580234528
0.5176883339881897,0.8203644156455994,8.117178253996826e-07,0.5641932487487793,0.7644482254981995,-0.034797124564647675,0.5753591656684875,0.676482081413269,-0.05147542804479599,0.5178536176681519,0.6302664875984192,-0.06796938925981522,0.46439865231513977,0.6056110262870789,-0.08249986171722412,0.558580756187439,0.5597100853919983,-0.02393116056919098,0.5861658453941345,0.4600210189819336,-0.05395802855491638,0.6038573384284973,0.3947221636772156,-0.07254164665937424,0.6174404621124268,0.33888909220695496,-0.08247093856334686,0.5118606686592102,0.5649693012237549,-0.028249096125364304,0.49193480610847473,0.44533801078796387,-0.06490042805671692,0.479216605424881,0.37005895376205444,-0.0878736600279808,0.4676181972026825,0.30653512477874756,-0.09681203216314316,0.47525691986083984,0.5995896458625793,-0.03657660260796547,0.46679413318634033,0.5756461024284363,-0.09299269318580627,0.4937238097190857,0.6433974504470825,-0.10581499338150024,0.5095016956329346,0.6893445253372192,-0.09593206644058228,0.4458378851413727,0.647729754447937,-0.046366892755031586,0.44644248485565186,0.6251183748245239,-0.08960255980491638,0.47267499566078186,0.6770062446594238,-0.08967006206512451,0.49049264192581177,0.7160019874572754,-0.0773053839802742
0.5184407234191895,0.8183568120002747,8.025787678889174e-07,0.5650380253791809,0.7625076770782471,-0.0340263769030571,0.5771877765655518,0.6744951605796814,-0.05060955137014389,0.5212163925170898,0.626794159412384,-0.06703345477581024,0.4677858054637909,0.6020751595497131,-0.08156472444534302,0.5601535439491272,0.5586972832679749,-0.02504277415573597,0.5877140164375305,0.4583091735839844,-0.055498700588941574,0.6055030226707458,0.3929417133331299,-0.07416757941246033,0.6192145943641663,0.33717969059944153,-0.08397018909454346,0.5130980610847473,0.5635257959365845,-0.02953590825200081,0.49275436997413635,0.4436649680137634,-0.066450335085392,0.4798423945903778,0.3682519793510437,-0.0893193930387497,0.468214750289917,0.3051972985267639,-0.09804952144622803,0.4763365387916565,0.5981239676475525,-0.03775525838136673,0.46960651874542236,0.574791669845581,-0.09389540553092957,0.4963524341583252,0.6422713994979858,-0.10589142143726349,0.5120400190353394,0.6887654066085815,-0.09540607035160065,0.44687575101852417,0.646346926689148,-0.04738573729991913,0.4485408067703247,0.6238685250282288,-0.0900813564658165,0.4742453694343567,0.6752382516860962,-0.08929726481437683,0.49169471859931946,0.7147059440612793,-0.07623175531625748
0.518669843673706,0.8160220980644226,8.034438110371411e-07,0.5641288757324219,0.759139895439148,-0.03444959223270416,0.5769975185394287,0.6727337837219238,-0.05125164985656738,0.521545946598053,0.624971330165863,-0.06783778965473175,0.46935147047042847,0.6000187993049622,-0.0824681967496872,0.5610633492469788,0.5566791296005249,-0.024797145277261734,0.5890470147132874,0.45758330821990967,-0.055436909198760986,0.6069613099098206,0.3920789659023285,-0.07439667731523514,0.6205902099609375,0.3365362584590912,-0.0842139720916748,0.5139361619949341,0.5618758797645569,-0.029099149629473686,0.4933711290359497,0.4425000548362732,-0.0660720244050026,0.4808422029018402,0.36717623472213745,-0.08901678770780563,0.469730019569397,0.30452239513397217,-0.09759440273046494,0.47714483737945557,0.5970110297203064,-0.03720702975988388,0.47126054763793945,0.5769636631011963,-0.0931205302476883,0.4975678026676178,0.6429829001426697,-0.10513069480657578,0.5126446485519409,0.6881623864173889,-0.09452392160892487,0.4474335014820099,0.6454078555107117,-0.04678807780146599,0.4490177631378174,0.6229715943336487,-0.08861367404460907,0.4740259647369385,0.6735833883285522,-0.08713161945343018,0.4906872808933258,0.7127005457878113,-0.07358395308256149
0.5194814205169678,0.803067684173584,8.262871915576397e-07,0.5609995126724243,0.7469661831855774,-0.038256239145994186,0.5676956176757812,0.6632252931594849,-0.05665653198957443,0.509459376335144,0.6181520819664001,-0.07361505925655365,0.4580387771129608,0.5921987891197205,-0.08800329267978668,0.5564728379249573,0.5436820387840271,-0.02917170152068138,0.5841237902641296,0.44041013717651367,-0.05921419709920883,0.6019203662872314,0.3742372989654541,-0.07698439806699753,0.6142343878746033,0.31955087184906006,-0.08590926229953766,0.5095823407173157,0.5475964546203613,-0.030318057164549828,0.489449679851532,0.4267812967300415,-0.06563567370176315,0.47958606481552124,0.3547581434249878,-0.08668014407157898,0.4703456163406372,0.29379236698150635,-0.09390640258789062,0.4738853871822357,0.5808823108673096,-0.03566392883658409,0.469809889793396,0.5608079433441162,-0.08827834576368332,0.49523741006851196,0.6228061318397522,-0.10028590261936188,0.5077592730522156,0.6640589833259583,-0.09048440307378769,0.4467912018299103,0.6262689232826233,-0.04298295080661774,0.45151668787002563,0.6028023958206177,-0.08112119138240814,0.4774880111217499,0.6466038823127747,-0.08019814640283585,0.49410244822502136,0.6799268126487732,-0.0678403377532959
0.4983142912387848,0.8309856057167053,8.631227501609828e-07,0.5409217476844788,0.7728452086448669,-0.03598780930042267,0.5483617782592773,0.6893818378448486,-0.05236414447426796,0.49307382106781006,0.656633198261261,-0.06815794110298157,0.4420822858810425,0.6451243162155151,-0.08182237297296524,0.5343514680862427,0.5687317848205566,-0.02346167340874672,0.5624735355377197,0.46874070167541504,-0.052551914006471634,0.5795413255691528,0.40163153409957886,-0.07148488610982895,0.592490017414093,0.34625813364982605,-0.08210118114948273,0.48654672503471375,0.5747403502464294,-0.027238860726356506,0.4657614827156067,0.4560832679271698,-0.06092729791998863,0.4546322822570801,0.3799508213996887,-0.08392016589641571,0.44476449489593506,0.3145682215690613,-0.09397129714488983,0.44953060150146484,0.6111090183258057,-0.03542464226484299,0.4432474970817566,0.5825914144515991,-0.0877031460404396,0.47001561522483826,0.6452003717422485,-0.10123512148857117,0.4838314652442932,0.6883219480514526,-0.0932483896613121,0.42120254039764404,0.661203145980835,-0.045510657131671906,0.4209282398223877,0.6353734731674194,-0.08390242606401443,0.44480380415916443,0.6782572865486145,-0.08353225886821747,0.4591730535030365,0.7110202312469482,-0.07246887683868408
0.4956132769584656,0.8355770111083984,8.69393772973126e-07,0.5366947054862976,0.7777570486068726,-0.03764200210571289,0.5431252121925354,0.6960418820381165,-0.05528421327471733,0.48802968859672546,0.6612552404403687,-0.07197408378124237,0.4363395869731903,0.645789623260498,-0.0863749235868454,0.533722996711731,0.5717906355857849,-0.025407088920474052,0.5612025856971741,0.4717809557914734,-0.05532729998230934,0.5784858465194702,0.4042866826057434,-0.07466577738523483,0.591190755367279,0.34823042154312134,-0.08539903908967972,0.48570355772972107,0.5760812759399414,-0.028012791648507118,0.4655439555644989,0.4572908878326416,-0.06264881044626236,0.45416903495788574,0.3809305429458618,-0.08555083721876144,0.44394999742507935,0.31546255946159363,-0.09509897977113724,0.4481363892555237,0.6111960411071777,-0.035144537687301636,0.4407179355621338,0.5849628448486328,-0.08754794299602509,0.4668158292770386,0.64817875623703,-0.10104721039533615,0.48074498772621155,0.690987765789032,-0.09284698218107224,0.41969072818756104,0.6599233150482178,-0.04437076672911644,0.4198962450027466,0.6389031410217285,-0.08306968957185745,0.4435100853443146,0.6834269762039185,-0.0834132507443428,0.4583399295806885,0.7158417701721191,-0.07255782186985016
0.4987586438655853,0.831649124622345,8.770147701397946e-07,0.5401249527931213,0.7755696177482605,-0.03764858841896057,0.5468231439590454,0.694995105266571,-0.05607994645833969,0.49110013246536255,0.6598770022392273,-0.07368481904268265,0.43888652324676514,0.6433955430984497,-0.0890093743801117,0.5353036522865295,0.5695525407791138,-0.02707967534661293,0.5610487461090088,0.46920260787010193,-0.05770311877131462,0.5775395631790161,0.40131431818008423,-0.07723454385995865,0.5897364616394043,0.34459394216537476,-0.08813837915658951,0.48813214898109436,0.5744243860244751,-0.03033265471458435,0.46868088841438293,0.454964280128479,-0.06567615270614624,0.4576786160469055,0.37762773036956787,-0.08839984238147736,0.447856605052948,0.3112518787384033,-0.09799236804246902,0.4510616660118103,0.6102492809295654,-0.03804831579327583,0.44315794110298157,0.580909252166748,-0.09126637130975723,0.47001203894615173,0.6450794339179993,-0.10377375036478043,0.48485660552978516,0.688568115234375,-0.09499771147966385,0.4226733148097992,0.6603466272354126,-0.04786963015794754,0.4230875074863434,0.6370670795440674,-0.08787298947572708,0.44862645864486694,0.6829134225845337,-0.08795777708292007,0.46487516164779663,0.7166082859039307,-0.07678495347499847
0.49914422631263733,0.8270910978317261,8.367274517695478e-07,0.5416932702064514,0.7696114182472229,-0.035839639604091644,0.546660304069519,0.68276047706604,-0.05162247270345688,0.48654666543006897,0.6416051983833313,-0.06694407761096954,0.43451154232025146,0.6191641688346863,-0.08004401624202728,0.534141480922699,0.5655732750892639,-0.021010687574744225,0.5576640367507935,0.4630873501300812,-0.049667708575725555,0.5712997317314148,0.3948844373226166,-0.06731580942869186,0.5802150368690491,0.33803656697273254,-0.07663190364837646,0.48768651485443115,0.5724225044250488,-0.02398187294602394,0.46704065799713135,0.4513280391693115,-0.05884790048003197,0.45699742436408997,0.37587523460388184,-0.08082281053066254,0.4476988911628723,0.31216976046562195,-0.08873926848173141,0.4522644877433777,0.6076778769493103,-0.031550563871860504,0.44347846508026123,0.5835630893707275,-0.08625645935535431,0.47068727016448975,0.6466595530509949,-0.10087797045707703,0.48583754897117615,0.6897553205490112,-0.09218908846378326,0.42516517639160156,0.6550290584564209,-0.040730856359004974,0.4277072846889496,0.634475588798523,-0.08254465460777283,0.4543673098087311,0.6820959448814392,-0.08435863256454468,0.4717429578304291,0.7174758911132812,-0.07346155494451523
0.5118622183799744,0.8213040828704834,8.222500582633074e-07,0.5544622540473938,0.7637757658958435,-0.03505609557032585,0.5600136518478394,0.6770356297492981,-0.05148952081799507,0.49926963448524475,0.6329855918884277,-0.06751769036054611,0.4468040466308594,0.6096932291984558,-0.08115225285291672,0.5468005537986755,0.5608016848564148,-0.02429533749818802,0.5692461729049683,0.4560076594352722,-0.05370446667075157,0.5823005437850952,0.3879333734512329,-0.07085204124450684,0.5905483961105347,0.33087414503097534,-0.07949381321668625,0.5007296800613403,0.5662704110145569,-0.027527503669261932,0.48062440752983093,0.4445423483848572,-0.06308387219905853,0.46971410512924194,0.3686732351779938,-0.08417495340108871,0.4595254957675934,0.30491456389427185,-0.0913473442196846,0.4651395082473755,0.5997911095619202,-0.03500198945403099,0.45664674043655396,0.5767502784729004,-0.0889047309756279,0.48372894525527954,0.6403378248214722,-0.10171723365783691,0.4990903437137604,0.6839229464530945,-0.09202369302511215,0.4370201528072357,0.6456016898155212,-0.04414653405547142,0.44012588262557983,0.6251658201217651,-0.08411265909671783,0.4676284193992615,0.6709368824958801,-0.08463320136070251,0.48633360862731934,0.7052240967750549,-0.07306727021932602
0.5513613820075989,0.9351420998573303,7.990813628566684e-07,0.5973392724990845,0.8905348181724548,-0.03824393078684807,0.6089447140693665,0.8192715048789978,-0.05763145908713341,0.5542048215866089,0.790926456451416,-0.0763915479183197,0.5015783905982971,0.7707277536392212,-0.09289494901895523,0.5856416821479797,0.6896175742149353,-0.02899806946516037,0.6064815521240234,0.5891901254653931,-0.060792822390794754,0.6183946132659912,0.5231486558914185,-0.07961960136890411,0.626581609249115,0.4673597812652588,-0.09007645398378372,0.5379332900047302,0.6909394264221191,-0.031442537903785706,0.5166856646537781,0.580734133720398,-0.06886833161115646,0.5022531151771545,0.5102519989013672,-0.09142326563596725,0.4902630150318146,0.44841527938842773,-0.10039343684911728,0.501915454864502,0.7216576933860779,-0.03838984668254852,0.49227210879325867,0.6913606524467468,-0.09228727221488953,0.5182745456695557,0.7614808082580566,-0.10404887795448303,0.5355216860771179,0.8069202899932861,-0.09506434947252274,0.4756706953048706,0.7685552835464478,-0.04753442853689194,0.4750332236289978,0.7619963884353638,-0.08946779370307922,0.5018895864486694,0.8085927963256836,-0.09280312806367874,0.5227607488632202,0.8377032279968262,-0.08370790630578995
